regionCNC;fauteuils;entrees_2022;entrees_2021;latitude;longitude;geolocalisation;num_auto;region_administrative;code_INSEE;population_de_la_commune;departement;num_UU;unite_urbaine;population_unite_urbaine;situation_geographique;ecrans;semaines_d_activite;seances;evolution_entrees;tranche_d_entrees;categorie_Art_et_Essai;label_Art_et_Essai;zone_de_la_commune;nombre_de_films_programmes;nombre_de_films_inedits;nombre_de_films_en_semaine_1;PdM_en_entrees_des_films_francais;PdM_en_entrees_des_films_americains;PdM_en_entrees_des_films_europeens;PdM_en_entrees_des_autres_films;films_Art_et_Essai;PdM_en_entrees_des_films_Art_et_Essai
1;589;101443;55067;48.872431;2.299525;48.872431, 2.299525;35;ILE-DE-FRANCE;75108;36218;75;851;Paris;10949158;01-Paris;3;51;4602;84,21740788;De 100 à 150 000 entrées;A;RD;C;203;80;59;70,18649803;2,681664384;15,67006364;11,46177395;145;89,68319504
1;591;75994;59346;48.871363;2.344886;48.871363, 2.344886;301;ILE-DE-FRANCE;75109;60784;75;851;Paris;10949158;01-Paris;1;53;1568;28,05243824;De 50 à 80 000 entrées;A;;C;130;32;18;20,39299799;40,96588943;29,4457898;9,19532277;81;55,16916903
1;268;50500;29174;48.83393;2.31652;48.83393, 2.31652;483;ILE-DE-FRANCE;75114;134926;75;851;Paris;10949158;01-Paris;3;53;4324;73,09933502;De 50 à 80 000 entrées;A;RDJPPR;C;376;172;14;62,23226656;10,35500943;19,6084221;7,804301906;302;89,05217253
1;1142;177435;62847;48.878512;2.282965;48.878512, 2.282965;612;ILE-DE-FRANCE;75117;167765;75;851;Paris;10949158;01-Paris;12;53;15137;182,3285121;De 150 à 200 000 entrées;NON;;C;278;191;153;59,91891175;23,96282137;10,86842358;5,249843301;148;36,87652111
1;510;48614;24299;48.853361;2.34211;48.853361, 2.34211;751;ILE-DE-FRANCE;75106;40452;75;851;Paris;10949158;01-Paris;3;53;4905;100,0658463;De 40 à 50 000 entrées;A;RDPR;C;267;122;61;73,87181094;7,770408935;12,52079238;5,836987751;181;81,03086993
1;250;60473;36575;48.842813;2.330525;48.842813, 2.330525;801;ILE-DE-FRANCE;75106;40452;75;851;Paris;10949158;01-Paris;3;53;6175;65,33971292;De 50 à 80 000 entrées;A;RDJPPR;C;202;134;6;66,19428417;9,216519891;13,01076357;11,57843236;160;81,24304079
1;234;61236;29425;48.854455;2.340132;48.854455, 2.340132;883;ILE-DE-FRANCE;75106;40452;75;851;Paris;10949158;01-Paris;2;53;3114;108,1087511;De 50 à 80 000 entrées;A;PR;C;385;11;1;18,41559311;48,45240087;24,13083487;9,001171156;320;91,29496403
1;208;313;1568;48.85467;2.333052;48.85467, 2.333052;891;ILE-DE-FRANCE;75106;40452;75;851;Paris;10949158;01-Paris;1;2;4;-80,03826531;Moins de 2000 entrées;NON;;C;4;2;0;92,97124601;0;7,028753994;0;4;100
1;172;42082;24213;48.886142;2.335342;48.886142, 2.335342;3741;ILE-DE-FRANCE;75118;191911;75;851;Paris;10949158;01-Paris;1;49;1326;73,79919878;De 40 à 50 000 entrées;NON;;C;176;142;1;61,13406795;13,81236609;15,01122334;10,04234262;129;79,24446485
1;992;319039;198514;48.885073;2.371493;48.885073, 2.371493;4731;ILE-DE-FRANCE;75119;184156;75;851;Paris;10949158;01-Paris;6;53;12424;60,71360206;De 300 à 450 000 entrées;A;RDJP;C;230;162;126;70,79251216;8,255949164;10,55831245;10,39322622;177;92,00510981
1;1140;277974;190956;48.864763;2.399555;48.864763, 2.399555;5691;ILE-DE-FRANCE;75120;193044;75;851;Paris;10949158;01-Paris;6;53;11911;45,56966003;De 200 à 300 000 entrées;NON;;C;252;141;107;56,15803174;23,42245259;13,57089193;6,848623749;167;70,61606879
1;612;155081;99447;48.852138;2.338995;48.852138, 2.338995;8331;ILE-DE-FRANCE;75106;40452;75;851;Paris;10949158;01-Paris;4;53;8451;55,94336682;De 150 à 200 000 entrées;NON;;C;124;117;61;69,19238165;13,46226798;12,54136853;4,803981844;71;58,73677188
1;641;172541;107689;48.852353;2.339834;48.852353, 2.339834;8353;ILE-DE-FRANCE;75106;40452;75;851;Paris;10949158;01-Paris;5;53;10610;60,22156395;De 150 à 200 000 entrées;NON;;C;177;135;91;63,23311976;17,21972574;13,0814948;6,465659699;108;55,58461137
1;645;104284;75716;48.833574;2.353775;48.833574, 2.353775;8621;ILE-DE-FRANCE;75113;179013;75;851;Paris;10949158;01-Paris;5;53;9471;37,73046648;De 100 à 150 000 entrées;NON;;C;283;83;52;40,01842441;41,65738697;13,27164868;5,052539936;164;42,35994412
1;1151;136069;93497;48.893315;2.311503;48.893315, 2.311503;9803;ILE-DE-FRANCE;75117;167765;75;851;Paris;10949158;01-Paris;7;53;13310;45,53301175;De 100 à 150 000 entrées;NON;;C;242;138;117;39,80983974;39,65176221;14,76194926;5,776448784;125;32,12555872
2;257;60322;37686;48.960956;2.067774;48.960956, 2.067774;10992;ILE-DE-FRANCE;78005;21812;78;851;Paris;10949158;03-Grande couronne;3;50;4503;60,06474553;De 50 à 80 000 entrées;C;RDJP;B;265;186;79;71,89876642;10,29438521;12,04650486;5,76034351;209;74,91721553
2;781;151742;102911;48.810228;2.328168;48.810228, 2.328168;22636;ILE-DE-FRANCE;94003;21962;94;851;Paris;10949158;02-Petite Couronne;6;53;9960;47,44973812;De 150 à 200 000 entrées;NON;;B;169;131;122;21,98342093;60,6171317;11,463561;5,93588636;16;2,09975138
2;127;27642;13653;48.910534;2.384966;48.910534, 2.384966;28264;ILE-DE-FRANCE;93001;89559;93;851;Paris;10949158;02-Petite Couronne;1;49;1246;102,4609976;De 20 à 30 000 entrées;C;JPPR;B;295;190;6;62,48897513;20,0432175;8,863997178;8,603810196;212;73,98130182
2;789;22231;11153;48.940586;2.496291;48.940586, 2.496291;30164;ILE-DE-FRANCE;93005;86873;93;851;Paris;10949158;02-Petite Couronne;2;48;1156;99,32753519;De 20 à 30 000 entrées;C;JP;B;323;253;10;58,82499502;24,81064381;9,861470999;6,502890173;198;56,21387283
2;288;31919;17239;48.869237;2.417029;48.869237, 2.417029;36013;ILE-DE-FRANCE;93006;38571;93;851;Paris;10949158;02-Petite Couronne;2;49;2064;85,15575149;De 30 à 40 000 entrées;C;RDJPPR;B;249;166;26;64,83696245;16,79450362;7,706568759;10,66196518;199;83,0491839
2;189;5652;5624;48.528643;2.388787;48.528643, 2.388787;37350;ILE-DE-FRANCE;91045;7812;91;91402;Ballancourt-sur-Essonne;35751;03-Grande couronne;1;44;475;0,497866287;De 5 à 10 000 entrées;NON;;C;103;91;24;55,86307356;39,53022578;4,38820102;0,218499636;27;20,97596504
2;324;28191;18071;48.901598;2.480089;48.901598, 2.480089;61504;ILE-DE-FRANCE;93010;53509;93;851;Paris;10949158;02-Petite Couronne;1;49;1337;56,00132809;De 20 à 30 000 entrées;C;JP;B;253;169;7;50,81356204;34,13353639;8,388105162;6,664796409;145;45,48332799
2;177;1059;383;48.778884;2.317531;48.778884, 2.317531;68212;ILE-DE-FRANCE;92014;21291;92;851;Paris;10949158;02-Petite Couronne;1;21;30;176,5013055;Moins de 2000 entrées;NON;;B;29;9;0;69,95121951;17,65853659;6,829268293;5,56097561;18;63,80487805
2;168;20328;10261;48.696652;2.607228;48.696652, 2.607228;74662;ILE-DE-FRANCE;77053;19447;77;77306;Brie-Comte-Robert;19447;03-Grande couronne;1;51;922;98,10934607;De 20 à 30 000 entrées;E;JPPR;I;271;208;2;63,11787072;18,95079076;11,42337576;6,507962749;149;41,37322973
2;551;40372;24420;48.765842;2.259825;48.765842, 2.259825;105652;ILE-DE-FRANCE;92019;34748;92;851;Paris;10949158;02-Petite Couronne;2;49;2596;65,32350532;De 40 à 50 000 entrées;C;RDJP;B;247;169;87;53,75320787;27,56094953;13,43830197;5,247540633;166;49,20605218
2;216;48738;28990;48.856412;2.773682;48.856412, 2.773682;110372;ILE-DE-FRANCE;77111;6780;77;851;Paris;10949158;03-Grande couronne;2;51;3478;68,12004139;De 40 à 50 000 entrées;C;;B;219;146;35;16,10951859;63,09754658;13,94064581;6,852289014;92;12,57482506
2;409;41110;24560;48.703333;2.314917;48.703333, 2.314917;111583;ILE-DE-FRANCE;91161;20050;91;851;Paris;10949158;03-Grande couronne;2;53;2951;67,38599349;De 40 à 50 000 entrées;C;RDJPPR;B;453;272;39;57,2699779;20,23671048;15,14190997;7,351401652;331;58,79667326
2;176;21872;9894;48.802513;2.263801;48.802513, 2.263801;113523;ILE-DE-FRANCE;92023;53740;92;851;Paris;10949158;02-Petite Couronne;1;47;1004;121,0632707;De 20 à 30 000 entrées;C;;B;187;135;23;74,46348841;11,77204859;7,215900907;6,548562101;139;68,33261318
2;313;42417;24414;48.821274;1.987156;48.821274, 1.987156;114032;ILE-DE-FRANCE;78165;17624;78;851;Paris;10949158;03-Grande couronne;2;53;2129;73,74047678;De 40 à 50 000 entrées;C;JP;B;246;162;14;59,81355566;25,33096274;11,28516854;3,570313063;129;35,64787007
2;549;17172;;48.90196;2.309342;48.90196, 2.309342;115104;ILE-DE-FRANCE;92024;63166;92;851;Paris;10949158;02-Petite Couronne;1;48;1084;;De 10 à 20 000 entrées;C;;B;221;171;7;60,29967263;20,5049106;9,267187107;9,928229665;146;59,97859481
2;236;11160;5536;48.659579;2.566711;48.659579, 2.566711;117921;ILE-DE-FRANCE;77122;21801;77;851;Paris;10949158;03-Grande couronne;1;41;450;101,5895954;De 10 à 20 000 entrées;NON;;B;136;98;2;56,14362578;26,56198529;13,59393873;3,700450203;57;49,61018996
2;307;8623;3323;48.959824;2.189151;48.959824, 2.189151;120963;ILE-DE-FRANCE;95176;26297;95;851;Paris;10949158;03-Grande couronne;1;40;196;159,4944327;De 5 à 10 000 entrées;NON;;B;171;120;1;49,20597298;28,99976298;9,208343209;12,58592083;83;42,91301256
2;490;5746;36917;48.786063;2.444158;48.786063, 2.444158;128541;ILE-DE-FRANCE;94028;92984;94;851;Paris;10949158;02-Petite Couronne;3;6;430;-84,43535499;De 5 à 10 000 entrées;C;RDJPPR;B;48;15;9;77,90546803;9,52734013;10,65801668;1,909175162;42;93,56811863
2;320;14469;5818;48.971934;2.305204;48.971934, 2.305204;147084;ILE-DE-FRANCE;95210;11574;95;851;Paris;10949158;03-Grande couronne;1;46;389;148,6937092;De 10 à 20 000 entrées;C;JPPR;B;138;49;3;41,32247431;34,50649602;8,580570099;15,59045957;109;80,71553229
2;180;3654;2006;48.95411;2.312115;48.95411, 2.312115;148321;ILE-DE-FRANCE;93031;54569;93;851;Paris;10949158;02-Petite Couronne;1;22;69;82,15353938;De 2 à 5 000 entrées;NON;;B;14;0;0;47,63296318;46,52250146;3,039158387;2,805376973;14;100
2;190;29770;16404;48.852329;2.461111;48.852329, 2.461111;164112;ILE-DE-FRANCE;94033;51807;94;851;Paris;10949158;02-Petite Couronne;1;51;1021;81,4801268;De 20 à 30 000 entrées;C;JP;B;194;130;5;63,64300447;15,89034032;11,97146786;8,49518735;163;80,59900309
2;518;39193;15542;48.988437;2.232576;48.988437, 2.232576;168193;ILE-DE-FRANCE;95252;37494;95;851;Paris;10949158;03-Grande couronne;2;53;3181;152,1747523;De 30 à 40 000 entrées;C;RDJPPR;B;324;227;39;52,01935867;27,80969632;14,70862933;5,462315682;199;37,91356522
2;158;11779;5850;48.752796;2.313077;48.752796, 2.313077;169572;ILE-DE-FRANCE;94034;28679;94;851;Paris;10949158;02-Petite Couronne;1;41;285;101,3504274;De 10 à 20 000 entrées;NON;;B;46;17;2;30,50383352;36,88389923;28,10788609;4,504381161;25;57,91347207
2;225;12659;5324;48.971945;2.399817;48.971945, 2.399817;173332;ILE-DE-FRANCE;95268;43294;95;851;Paris;10949158;03-Grande couronne;1;44;742;137,7723516;De 10 à 20 000 entrées;C;JP;B;153;107;2;42,86441368;26,00773616;12,53053746;18,5973127;72;60,55578176
2;223;24033;13633;48.999982;2.428131;48.999982, 2.428131;179852;ILE-DE-FRANCE;95277;25950;95;851;Paris;10949158;03-Grande couronne;1;50;1350;76,28548375;De 20 à 30 000 entrées;C;JPPR;B;318;219;5;55,2128745;20,38308135;9,289490771;15,11455338;208;61,55736945
2;300;11347;5086;48.816711;2.468136;48.816711, 2.468136;204534;ILE-DE-FRANCE;94042;19278;94;851;Paris;10949158;02-Petite Couronne;1;44;223;123,1026347;De 10 à 20 000 entrées;NON;;B;140;113;0;67,63032733;11,76909447;17,35521776;3,24536044;62;37,53613728
2;300;7936;3058;49.000101;1.683456;49.000101, 1.683456;244715;ILE-DE-FRANCE;78361;44114;78;851;Paris;10949158;03-Grande couronne;1;35;129;159,5160235;De 5 à 10 000 entrées;NON;;B;45;16;2;70,45542511;6,889433621;14,46264998;8,192491291;41;97,25196749
2;102;22048;12608;48.916554;1.821165;48.916554, 1.821165;252712;ILE-DE-FRANCE;78380;6182;78;78301;Maule;10771;03-Grande couronne;1;50;1405;74,87309645;De 20 à 30 000 entrées;E;RDJPPR;C;246;213;1;67,92212874;16,30307181;10,0714146;5,703384856;149;45,0107611
2;324;70123;41885;48.564849;2.441479;48.564849, 2.441479;256983;ILE-DE-FRANCE;91386;15914;91;851;Paris;10949158;03-Grande couronne;3;53;4382;67,41793005;De 50 à 80 000 entrées;C;;B;169;127;96;42,09974606;43,69869486;10,58288549;3,618673596;59;10,30975019
2;268;10627;4487;48.7873;2.23254;48.7873, 2.23254;260904;ILE-DE-FRANCE;92048;46517;92;851;Paris;10949158;02-Petite Couronne;1;48;473;136,8397593;De 10 à 20 000 entrées;NON;;B;187;137;0;72,78794403;16,62002153;6,275565124;4,316469322;108;51,09795479
2;48;2125;1539;48.490092;3.148397;48.490092, 3.148397;267481;ILE-DE-FRANCE;77298;455;77;0;Zone rurale;14908533;03-Grande couronne;1;36;421;38,07667316;De 2 à 5 000 entrées;E;RDJPPR;R;193;130;2;62,25882353;10,25882353;17,83529412;9,647058824;173;82,72941176
2;329;32749;16417;48.703763;2.46109;48.703763, 2.46109;272392;ILE-DE-FRANCE;91421;24217;91;851;Paris;10949158;03-Grande couronne;1;49;1201;99,48224402;De 30 à 40 000 entrées;C;RDJP;B;216;162;3;64,3660697;15,45225318;13,71629922;6,465377901;167;75,85827892
2;416;97234;60006;48.849023;2.552482;48.849023, 2.552482;292377;ILE-DE-FRANCE;93051;69352;93;851;Paris;10949158;02-Petite Couronne;3;53;5052;62,04046262;De 80 à 100 000 entrées;C;RDJPPR;B;247;136;77;58,41499117;25,33812393;8,272241175;7,97464373;195;68,57322591
2;545;118104;76354;48.71031;2.243459;48.71031, 2.243459;302485;ILE-DE-FRANCE;91477;35056;91;851;Paris;10949158;03-Grande couronne;4;53;5501;54,67951908;De 100 à 150 000 entrées;C;JP;B;260;169;80;40,13548354;42,58214663;11,79727649;5,48509335;158;26,45822158
2;314;4923;2567;48.712693;2.363281;48.712693, 2.363281;303445;ILE-DE-FRANCE;91479;7885;91;851;Paris;10949158;03-Grande couronne;1;41;164;91,78028827;De 2 à 5 000 entrées;NON;;B;107;85;2;48,58729775;30,28254045;17,67688964;3,453272156;49;37,8893987
2;1279;250552;142657;48.827362;1.966638;48.827362, 1.966638;313013;ILE-DE-FRANCE;78490;31243;78;851;Paris;10949158;03-Grande couronne;9;53;15277;75,63246108;De 200 à 300 000 entrées;NON;;B;201;138;133;25,19683152;59,1397334;12,44941899;3,214016082;49;1,410076655
2;340;4359;3241;48.80535;2.578145;48.80535, 2.578145;314451;ILE-DE-FRANCE;94059;19733;94;851;Paris;10949158;02-Petite Couronne;1;46;261;34,49552607;De 2 à 5 000 entrées;NON;;B;54;45;1;77,17366368;4,198210599;11,67699014;6,951135582;16;24,56985547
2;973;93001;61212;48.92287;2.029616;48.92287, 2.029616;317291;ILE-DE-FRANCE;78498;40049;78;851;Paris;10949158;03-Grande couronne;5;53;7519;51,93262759;De 80 à 100 000 entrées;NON;;B;197;132;102;35,12106365;48,86499403;12,40779104;3,606151283;70;6,054826653
2;706;53396;31580;48.65291;2.418053;48.65291, 2.418053;338332;ILE-DE-FRANCE;91521;29829;91;851;Paris;10949158;03-Grande couronne;3;53;4172;69,08169728;De 50 à 80 000 entrées;C;RDJPPR;B;303;211;88;55,39350632;23,83880982;15,36343935;5,404244519;211;64,50731174
2;192;12511;6912;48.793178;2.648662;48.793178, 2.648662;341321;ILE-DE-FRANCE;77390;22747;77;851;Paris;10949158;03-Grande couronne;1;53;676;81,00405093;De 10 à 20 000 entrées;NON;;B;157;129;1;35,42830099;42,83009938;18,28679602;3,454803597;44;12,97681022
2;270;49976;29483;48.777656;2.292628;48.777656, 2.292628;356871;ILE-DE-FRANCE;92071;20721;92;851;Paris;10949158;02-Petite Couronne;1;48;1166;69,50785198;De 40 à 50 000 entrées;C;JPPR;B;242;158;8;63,3368984;14,70160428;13,67486631;8,286631016;190;75,45240642
2;699;9528;5474;48.951678;2.381372;48.951678, 2.381372;368403;ILE-DE-FRANCE;93072;39277;93;851;Paris;10949158;02-Petite Couronne;1;29;167;74,05918889;De 5 à 10 000 entrées;NON;;B;80;60;1;32,24494166;36,92324162;25,37201584;5,459800878;20;22,12825179
2;205;18300;7840;48.772452;2.512597;48.772452, 2.512597;370073;ILE-DE-FRANCE;94071;27318;94;851;Paris;10949158;02-Petite Couronne;1;46;374;133,4183673;De 10 à 20 000 entrées;NON;;B;150;122;1;69,74296206;17,26438188;10,94859241;2,044063647;73;43,54345165
2;466;17044;19156;48.852362;2.216385;48.852362, 2.216385;379671;ILE-DE-FRANCE;92064;30115;92;851;Paris;10949158;02-Petite Couronne;2;30;844;-11,02526624;De 10 à 20 000 entrées;C;;B;142;99;37;58,36175396;12,91108404;19,73812424;8,989037759;90;55,11571255
2;731;50349;8766;48.647173;2.327732;48.647173, 2.327732;386873;ILE-DE-FRANCE;91549;36190;91;851;Paris;10949158;03-Grande couronne;4;53;4686;474,366872;De 50 à 80 000 entrées;NON;;B;231;182;103;40,72826306;45,51543272;9,152713335;4,603590882;87;8,367964495
2;496;48190;32429;48.637713;2.320768;48.637713, 2.320768;406812;ILE-DE-FRANCE;91570;21441;91;851;Paris;10949158;03-Grande couronne;3;50;2841;48,60156033;De 40 à 50 000 entrées;C;RDJPPR;B;302;206;41;65,56178132;19,61340264;10,57854587;4,246270168;222;69,89356196
2;210;12771;8973;48.682507;2.169714;48.682507, 2.169714;437561;ILE-DE-FRANCE;91692;25299;91;851;Paris;10949158;03-Grande couronne;1;49;681;42,32698094;De 10 à 20 000 entrées;NON;;B;195;143;0;53,33731225;22,69969163;14,14503133;9,817964787;115;52,72058092
2;1603;212250;126521;48.367677;2.957289;48.367677, 2.957289;442370;ILE-DE-FRANCE;77482;3732;77;77403;Montereau-Fault-Yonne;31257;03-Grande couronne;9;53;14437;67,75871199;De 200 à 300 000 entrées;NON;;B;276;200;189;33,71144526;49,63329043;12,52314361;4,132120696;97;6,459159606
2;204;848;67;48.849453;2.437319;48.849453, 2.437319;462304;ILE-DE-FRANCE;94080;50168;94;851;Paris;10949158;02-Petite Couronne;1;9;15;1165,671642;Moins de 2000 entrées;NON;;B;8;0;0;26,5917603;73,4082397;0;0;8;100
2;1508;781856;463313;48.57924680000001;2.2996356999999534;48.57924680000001, 2.2996356999999534;718750;ILE-DE-FRANCE;91103;27361;91;851;Paris;10949158;03-Grande couronne;10;53;28461;68,753305;De 700 000 à 1 million d'entrées;NON;;B;252;180;172;26,49646215;55,80054344;12,80494086;4,898053552;28;2,076928536
2;1606;207537;123206;48.7946166;2.5525718999999754;48.7946166, 2.5525718999999754;724000;ILE-DE-FRANCE;94019;18115;94;851;Paris;10949158;02-Petite Couronne;8;53;13410;68,44715355;De 200 à 300 000 entrées;NON;;B;174;156;149;34,52311406;49,7902233;11,90585395;3,78080869;32;5,181412191
2;2199;442606;269519;48.827796;2.116072;48.827796, 2.116072;724320;ILE-DE-FRANCE;78158;31707;78;851;Paris;10949158;03-Grande couronne;12;53;17295;64,22070429;De 300 à 450 000 entrées;NON;;B;258;181;180;43,47778728;40,17418891;12,0611522;4,286871612;111;16,89809404
3;407;62695;40620;49.246748;1.416469;49.246748, 1.416469;18291;NORMANDIE;27016;8193;27;27207;Les Andelys;8427;06-autres communes et unités urbaines;3;53;3546;54,34515017;De 50 à 80 000 entrées;E;JP;C;288;203;70;37,25240243;47,55180754;11,65424593;3,541544094;160;10,873047
3;250;5553;3330;48.857505;1.439036;48.857505, 1.439036;18701;CENTRE-VAL DE LOIRE;28007;2793;28;361;Ézy-sur-Eure;17898;06-autres communes et unités urbaines;1;45;197;66,75675676;De 5 à 10 000 entrées;NON;;C;99;83;0;57,62647394;27,1395968;11,31608977;3,917839483;21;17,63027767
3;811;254816;149023;47.472132;-0.553522;47.472132, -0.553522;18861;PAYS DE LA LOIRE;49007;159103;49;49701;Angers;238801;04-Unités urbaines de 100 000 hbts ou plus;7;53;12175;70,99105507;De 200 à 300 000 entrées;A;RDJPPR;C;461;281;237;68,4705921;9,97675622;11,95001355;9,602638128;390;83,47309717
3;126;6260;5145;47.558659;2.446881;47.558659, 2.446881;23561;CENTRE-VAL DE LOIRE;18011;2108;18;18101;Argent-sur-Sauldre;2108;06-autres communes et unités urbaines;1;50;357;21,67152575;De 5 à 10 000 entrées;NON;;I;123;105;4;65,77203446;24,45328032;9,294234592;0,48045063;32;9,857521537
3;100;22008;10035;48.083036;1.87847;48.083036, 1.87847;25722;CENTRE-VAL DE LOIRE;45008;1998;45;0;Zone rurale;14908533;04-Unités urbaines de 100 000 hbts ou plus;1;46;1042;119,3124066;De 20 à 30 000 entrées;E;JPPR;R;106;57;0;64,72562681;25,68784011;4,516096221;5,070436861;54;42,26720236
3;516;12702;12513;48.022078;-4.5389;48.022078, -4.5389;29373;BRETAGNE;29003;3756;29;29213;Plouhinec - Audierne;7775;06-autres communes et unités urbaines;1;38;725;1,510429154;De 10 à 20 000 entrées;E;JPPR;B;155;125;2;62,02167844;23,59993431;9,23797011;5,140417146;92;45,58219741
3;199;18152;12027;49.020149;-0.629742;49.020149, -0.629742;30761;NORMANDIE;14027;4659;14;14113;Aunay-sur-Odon;4659;06-autres communes et unités urbaines;1;52;597;50,92708074;De 10 à 20 000 entrées;E;JP;C;184;131;0;56,2150404;30,40397763;10,64014916;2,740832815;97;34,57426973
3;617;57016;39055;48.684271;-1.35894;48.684271, -1.35894;34182;NORMANDIE;50025;10785;50;50301;Avranches;16266;06-autres communes et unités urbaines;3;51;2327;45,98898989;De 50 à 80 000 entrées;E;;C;164;120;57;39,81520666;42,77754267;13,18239526;4,22485541;69;17,32966568
3;1850;521373;311582;47.215304;-1.465696;47.215304, -1.465696;40708;PAYS DE LA LOIRE;44009;9659;44;44701;Nantes;688577;04-Unités urbaines de 100 000 hbts ou plus;10;53;19387;67,33091128;De 450 à 700 000 entrées;NON;;B;199;171;167;35,93394515;49,44909457;11,70986288;2,907097399;26;1,365253951
3;203;5601;3561;47.542333;-0.107495;47.542333, -0.107495;42011;PAYS DE LA LOIRE;49018;11978;49;49201;Baugé;11978;06-autres communes et unités urbaines;1;50;287;57,28727885;De 5 à 10 000 entrées;E;;I;189;156;1;73,39572193;12,41405653;8,919022154;5,271199389;98;43,83116883
3;804;96355;69615;47.283747;-2.391924;47.283747, -2.391924;42075;PAYS DE LA LOIRE;44055;16706;44;44601;Saint-Nazaire;160970;04-Unités urbaines de 100 000 hbts ou plus;5;53;8485;38,41126194;De 80 à 100 000 entrées;NON;;B;246;196;179;62,16141544;27,73603953;6,879549439;3,22299559;90;19,62701238
3;205;12005;5837;49.437982;2.099627;49.437982, 2.099627;45876;HAUTS DE FRANCE;60057;58306;60;60501;Beauvais;62875;05-Unités urbaines de 20 000 à 100 000 hbts;1;50;665;105,6707213;De 10 à 20 000 entrées;D;JPPR;C;181;100;3;56,77388836;17,01040681;15,70482498;10,51087985;131;76,49006623
3;541;25163;;49.083411;0.598278;49.083411, 0.598278;50834;NORMANDIE;27056;9935;27;27301;Bernay;11566;06-autres communes et unités urbaines;4;50;866;;De 20 à 30 000 entrées;E;;C;202;138;24;42,95927121;40,04657053;12,64349034;4,350667919;92;21,71657339
3;218;7852;5387;47.079739;-2.03865;47.079739, -2.03865;50901;PAYS DE LA LOIRE;44012;3246;44;44304;Pornic;22413;05-Unités urbaines de 20 000 à 100 000 hbts;1;53;246;45,75830704;De 5 à 10 000 entrées;NON;;B;149;133;4;71,54217182;15,63029592;6,009646721;6,817885543;51;24,91200626
3;142;5577;3558;49.983958;3.455918;49.983958, 3.455918;59351;HAUTS DE FRANCE;2095;5778;2;2202;Bohain-en-Vermandois;5778;06-autres communes et unités urbaines;1;45;358;56,74536256;De 5 à 10 000 entrées;NON;;I;124;98;2;45,37972316;34,51178451;17,32136177;2,787130565;23;21,73587729
3;495;19397;13214;49.571514;0.475348;49.571514, 0.475348;61082;NORMANDIE;76114;11684;76;76302;Bolbec;18413;06-autres communes et unités urbaines;2;53;2027;46,79128197;De 10 à 20 000 entrées;NON;;C;100;87;43;35,25473376;49,96861596;13,27021655;1,506433727;17;4,890678941
3;298;41037;26149;48.0505921;-1.8653428000000076;48.0505921, -1.8653428000000076;71942;BRETAGNE;35037;6589;35;35130;Bréal-sous-Montfort;6589;06-autres communes et unités urbaines;2;50;1104;56,93525565;De 40 à 50 000 entrées;E;JP;I;291;239;40;62,3468426;23,94753377;9,969630328;3,735993298;162;30,06597549
3;892;108345;63836;48.398083;-4.473843;48.398083, -4.473843;73021;BRETAGNE;29019;142110;29;29701;Brest;207101;04-Unités urbaines de 100 000 hbts ou plus;8;53;15346;69,7239802;De 100 à 150 000 entrées;NON;;C;160;132;128;28,48253862;52,29510933;14,12210909;5,100242957;9;1,083106141
3;203;8382;5547;49.471445;-1.631851;49.471445, -1.631851;74471;NORMANDIE;50082;5936;50;50110;Bricquebec;5936;06-autres communes et unités urbaines;1;50;368;51,10870741;De 5 à 10 000 entrées;E;;I;128;102;2;60,3229681;25,03670092;11,91778994;2,722541038;43;24,75643934
3;477;133029;82232;49.168683;-0.337953;49.168683, -0.337953;81451;NORMANDIE;14118;109401;14;14601;Caen;206642;04-Unités urbaines de 100 000 hbts ou plus;3;53;6526;61,77278918;De 100 à 150 000 entrées;B;RDJPPR;C;374;217;162;65,62553926;13,17145322;12,91014421;8,292863306;290;81,19561198
3;768;3416;1015;47.279819;-1.508095;47.279819, -1.508095;86832;PAYS DE LA LOIRE;44026;20963;44;44701;Nantes;688577;04-Unités urbaines de 100 000 hbts ou plus;1;19;56;236,5517241;De 2 à 5 000 entrées;NON;;B;54;43;0;65,25175644;29,88875878;2,488290398;2,371194379;21;40,33957845
3;293;36578;20966;48.118209;-1.610628;48.118209, -1.610628;93201;BRETAGNE;35051;17799;35;35701;Rennes;351058;04-Unités urbaines de 100 000 hbts ou plus;1;49;642;74,46341696;De 30 à 40 000 entrées;C;;B;257;186;17;64,24672021;15,837311;14,33103724;5,584931546;158;49,82136222
3;393;7332;4844;47.803369;5.431466;47.803369, 5.431466;94711;GRAND EST;52093;2461;52;52104;Chalindrey;3561;06-autres communes et unités urbaines;1;48;191;51,36251032;De 5 à 10 000 entrées;NON;;C;87;68;3;57,5833211;26,78020849;14,60872119;1,027749229;12;15,60710615
3;1314;233307;142911;49.155627;2.248819;49.155627, 2.248819;95562;HAUTS DE FRANCE;60139;10266;60;459;Persan - Beaumont-sur-Oise;39344;05-Unités urbaines de 20 000 à 100 000 hbts;7;53;12032;63,25335349;De 200 à 300 000 entrées;NON;;C;176;140;133;25,14405876;59,20771983;11,93150544;3,716715976;24;1,829761249
3;520;62917;43500;49.191375;2.464237;49.191375, 2.464237;99031;HAUTS DE FRANCE;60141;10821;60;60402;Chantilly;37945;05-Unités urbaines de 20 000 à 100 000 hbts;4;53;4328;44,63678161;De 50 à 80 000 entrées;D;;C;210;159;113;50,86036217;33,44386318;12,33802817;3,357746479;97;23,55734406
3;2062;249460;155283;49.773265;4.716286;49.773265, 4.716286;102246;GRAND EST;8105;47433;8;8501;Charleville-Mézières;59204;05-Unités urbaines de 20 000 à 100 000 hbts;10;53;16728;60,64862219;De 200 à 300 000 entrées;D;JPPR;C;379;269;181;36,85679965;45,25268841;13,1138871;4,776624835;199;10,94101682
3;2020;324847;207490;48.442342;1.489294;48.442342, 1.489294;103166;CENTRE-VAL DE LOIRE;28085;39511;28;28501;Chartres;91292;05-Unités urbaines de 20 000 à 100 000 hbts;11;53;14680;56,56031616;De 300 à 450 000 entrées;D;JPPR;C;367;268;243;35,53501655;48,17549861;11,68798155;4,601503287;185;12,8005398
3;127;13704;7353;47.696864;0.415325;47.696864, 0.415325;104164;PAYS DE LA LOIRE;72071;6120;72;72204;Château-du-Loir;7381;06-autres communes et unités urbaines;1;50;487;86,37290902;De 10 à 20 000 entrées;E;JPPR;C;180;132;0;67,22338205;24,04849847;6,351373053;2,376746427;113;58,68797174
3;1078;142123;94732;46.808819;1.690195;46.808819, 1.690195;104881;CENTRE-VAL DE LOIRE;36044;44890;36;36501;Châteauroux;62482;05-Unités urbaines de 20 000 à 100 000 hbts;8;53;13634;50,02639024;De 100 à 150 000 entrées;D;;C;296;203;181;37,59664536;46,56134755;11,68501089;4,156996198;121;5,597243383
3;1460;252434;162419;47.061739;-0.881773;47.061739, -0.881773;112095;PAYS DE LA LOIRE;49099;56286;49;49501;Cholet;60614;05-Unités urbaines de 20 000 à 100 000 hbts;10;53;19178;55,42147163;De 200 à 300 000 entrées;D;JPPR;C;386;259;207;42,7768595;43,39528321;10,54545455;3,282402741;204;10,35879863
3;110;16726;11897;49.377974;2.414916;49.377974, 2.414916;114523;HAUTS DE FRANCE;60157;10481;60;60401;Clermont;22225;05-Unités urbaines de 20 000 à 100 000 hbts;1;44;606;40,59006472;De 10 à 20 000 entrées;D;;C;183;141;2;52,94044588;29,23678818;14,76122462;3,061541328;85;36,03055331
3;432;53503;31452;47.083295;-1.287262;47.083295, -1.287262;115334;PAYS DE LA LOIRE;44043;7752;44;365;Clisson;20614;05-Unités urbaines de 20 000 à 100 000 hbts;2;53;1344;70,1100089;De 50 à 80 000 entrées;E;JP;C;302;234;105;55,66961837;29,98785362;10,83183136;3,510696654;158;29,33155709
3;100;40048;16096;49.412798;1.840232;49.412798, 1.840232;122720;HAUTS DE FRANCE;60164;869;60;0;Zone rurale;14908533;04-Unités urbaines de 100 000 hbts ou plus;1;50;1083;148,8071571;De 40 à 50 000 entrées;E;JPPR;R;130;72;0;58,22310888;29,49278531;9,545802361;2,738303454;43;25,82804985
3;270;11669;6030;50.253278;1.884465;50.253278, 1.884465;127571;HAUTS DE FRANCE;80222;1392;80;0;Zone rurale;14908533;04-Unités urbaines de 100 000 hbts ou plus;1;53;491;93,51575456;De 10 à 20 000 entrées;E;JP;R;147;115;1;52,20737857;31,66415996;13,83703442;2,291427055;45;25,10837831
3;247;22001;16504;47.292765;-2.509877;47.292765, -2.509877;129441;PAYS DE LA LOIRE;44049;4170;44;44601;Saint-Nazaire;160970;04-Unités urbaines de 100 000 hbts ou plus;1;53;955;33,30707707;De 20 à 30 000 entrées;C;;B;257;202;39;75,38142776;14,83330194;5,561310981;4,223959314;134;35,84008288
3;189;5901;4564;47.766235;2.572005;47.766235, 2.572005;133381;CENTRE-VAL DE LOIRE;45122;1461;45;0;Zone rurale;14908533;04-Unités urbaines de 100 000 hbts ou plus;1;46;362;29,29447853;De 5 à 10 000 entrées;NON;;R;130;112;27;53,94875395;34,46823447;7,87995788;3,703053703;32;18,16426816
3;274;3657;1479;47.319099;-2.074953;47.319099, -2.074953;141031;PAYS DE LA LOIRE;44052;8191;44;44601;Saint-Nazaire;160970;04-Unités urbaines de 100 000 hbts ou plus;1;46;246;147,2616633;De 2 à 5 000 entrées;NON;;B;137;119;0;51,20066243;35,46784433;10,04692244;3,284570798;29;10,54374827
3;256;30059;20628;48.091511;-4.330601;48.091511, -4.330601;141711;BRETAGNE;29046;14379;29;29307;Douarnenez;14379;06-autres communes et unités urbaines;1;53;1255;45,71941051;De 30 à 40 000 entrées;E;RDJPPR;I;282;177;29;75,34282503;5,511427501;9,089546647;10,05620082;240;88,08542525
3;364;19853;1013;48.088483;-4.329101;48.088483, -4.329101;141712;BRETAGNE;29046;14379;29;29307;Douarnenez;14379;06-autres communes et unités urbaines;2;52;2499;1859,82231;De 10 à 20 000 entrées;NON;;I;179;142;70;45,33788257;38,78902073;11,28481947;4,588277232;52;11,24917248
3;98;11130;6760;50.159213;2.335821;50.159213, 2.335821;142082;HAUTS DE FRANCE;80253;6042;80;80204;Doullens;6454;06-autres communes et unités urbaines;1;53;542;64,64497041;De 10 à 20 000 entrées;E;;C;160;137;1;49,35989903;34,4572665;12,59466282;3,588171655;47;17,49008294
3;957;87059;58059;49.287936;1.008591;49.287936, 1.008591;146393;NORMANDIE;76231;16225;76;755;Rouen;481277;04-Unités urbaines de 100 000 hbts ou plus;5;53;6591;49,94918962;De 80 à 100 000 entrées;C;JP;B;398;266;126;43,20491211;39,3655189;12,43077294;4,998796051;231;18,28678064
3;544;18764;9568;48.605997;1.675422;48.605997, 1.675422;148024;CENTRE-VAL DE LOIRE;28140;5669;28;355;Épernon;12557;06-autres communes et unités urbaines;1;46;280;96,11204013;De 10 à 20 000 entrées;NON;;C;133;110;1;61,63449974;20,36538572;14,50088769;3,499226848;42;23,49808144
3;254;8767;6454;48.298541;-0.935976;48.298541, -0.935976;149362;PAYS DE LA LOIRE;53096;5746;53;53202;Ernée;5746;06-autres communes et unités urbaines;1;50;509;35,83823985;De 5 à 10 000 entrées;E;;I;209;153;2;56,80104031;20;18,28348505;4,915474642;117;41,84655397
3;2395;342460;212683;49.028048;1.145355;49.028048, 1.145355;154393;NORMANDIE;27229;48096;27;27501;Évreux;59631;05-Unités urbaines de 20 000 à 100 000 hbts;10;53;16841;61,0189813;De 300 à 450 000 entrées;D;PR;C;402;291;234;38,5819706;46,0806423;11,45315544;3,884231655;208;13,51880276
3;198;26390;16353;48.895422;-0.199598;48.895422, -0.199598;155414;NORMANDIE;14258;8083;14;14205;Falaise;8083;06-autres communes et unités urbaines;1;53;901;61,37711735;De 20 à 30 000 entrées;E;JPPR;I;243;165;14;55,69178305;22,7955505;14,97239363;6,540272816;137;37,06966548
3;298;12705;6719;49.65116;0.591603;49.65116, 0.591603;156393;NORMANDIE;76258;4317;76;76102;Fauville-en-Caux;4317;06-autres communes et unités urbaines;1;50;387;89,09063849;De 10 à 20 000 entrées;E;;I;121;87;0;64,34671562;25,5247825;7,869742198;2,258759678;26;11,49333546
3;232;31399;21563;48.187045;0.653774;48.187045, 0.653774;158701;PAYS DE LA LOIRE;72132;9198;72;72301;La Ferté-Bernard;12001;06-autres communes et unités urbaines;2;53;2125;45,61517414;De 30 à 40 000 entrées;E;JPPR;C;288;228;94;54,62193158;35,0695015;7,446354047;2,862212875;144;20,45282771
3;182;15769;9966;48.5905665;-0.3580058000000008;48.5905665, -0.3580058000000008;158783;NORMANDIE;61168;5489;61;61202;La Ferté-Macé;5489;06-autres communes et unités urbaines;1;53;1035;58,22797512;De 10 à 20 000 entrées;E;RDJPPR;I;326;228;16;51,8814709;27,52588361;15,1231703;5,469475187;196;45,00535523
3;426;67124;42536;47.699791;-0.080579;47.699791, -0.080579;160742;PAYS DE LA LOIRE;72154;16165;72;72303;La Flèche;16165;06-autres communes et unités urbaines;3;51;3108;57,80515328;De 50 à 80 000 entrées;E;JP;I;287;222;82;50,79557509;35,84330959;10,10001515;3,261100167;120;14,95226549
3;267;11238;7690;50.339949;1.569107;50.339949, 1.569107;165801;HAUTS DE FRANCE;80333;1311;80;0;Zone rurale;14908533;04-Unités urbaines de 100 000 hbts ou plus;1;53;1056;46,13784135;De 10 à 20 000 entrées;NON;;R;179;159;21;58,15091653;30,34347749;8,213205197;3,292400783;62;9,334401139
3;282;31628;22779;48.977726;-1.557167;48.977726, -1.557167;192961;NORMANDIE;50231;712;50;0;Zone rurale;14908533;04-Unités urbaines de 100 000 hbts ou plus;2;53;1698;38,84718381;De 30 à 40 000 entrées;E;RDJPPR;R;339;252;56;65,74731022;21,37503747;8,880450351;3,997201959;201;32,90030312
3;86;19469;9244;49.492799;0.120219;49.492799, 0.120219;193185;NORMANDIE;76351;167658;76;76701;Le Havre;233828;04-Unités urbaines de 100 000 hbts ou plus;1;48;1330;110,6122891;De 10 à 20 000 entrées;A;JPPR;C;142;7;1;40,00406064;21,03410937;17,43367623;21,52815376;117;88,88738495
3;97;6489;3391;48.363571;-3.746066;48.363571, -3.746066;199121;BRETAGNE;29081;1431;29;0;Zone rurale;14908533;04-Unités urbaines de 100 000 hbts ou plus;1;53;571;91,35948098;De 5 à 10 000 entrées;E;JPPR;R;258;202;1;52,11538462;25,8041958;15,8041958;6,276223776;161;51,06643357
3;394;31183;17909;48.510619;-4.069393;48.510619, -4.069393;214841;BRETAGNE;29105;9522;29;29301;Landivisiau;11594;06-autres communes et unités urbaines;2;49;1379;74,11915797;De 30 à 40 000 entrées;E;;C;187;159;51;40,9955497;45,84143728;10,87852316;2,284489863;75;10,05439262
3;344;35042;25771;47.861736;5.332835;47.861736, 5.332835;215723;GRAND EST;52269;8081;52;52202;Langres;9649;06-autres communes et unités urbaines;2;52;2746;35,97454503;De 30 à 40 000 entrées;E;JPPR;C;222;164;62;44,645621;39,53508746;12,00537336;3,813918173;100;16,50848349
3;263;9380;796;46.88534;-1.59841;46.88534, -1.59841;221971;PAYS DE LA LOIRE;44081;4742;44;44114;Legé;4742;06-autres communes et unités urbaines;1;53;428;1078,39196;De 5 à 10 000 entrées;E;;I;208;170;0;60,28300755;17,85585802;12,19570692;9,665427509;93;31,38265979
3;377;3191;1779;49.518115;0.53231;49.518115, 0.53231;227982;NORMANDIE;76384;8904;76;76402;Lillebonne;22369;05-Unités urbaines de 20 000 à 100 000 hbts;1;24;105;79,37043283;De 2 à 5 000 entrées;NON;;C;68;51;1;32,77449047;39,64497041;13,4122288;14,16831032;25;38,06706114
3;111;4553;2215;49.301809;-0.316265;49.301809, -0.316265;229082;NORMANDIE;14365;2539;14;14201;Hermanville-sur-Mer;5726;06-autres communes et unités urbaines;1;53;191;105,5530474;De 2 à 5 000 entrées;E;;B;159;122;0;72,64329702;15,34817622;7,200378967;4,808147797;81;49,14732354
3;409;28944;20959;48.172681;-2.751236;48.172681, -2.751236;233722;BRETAGNE;22136;10031;22;22205;Loudéac;10031;06-autres communes et unités urbaines;2;52;2098;38,09819171;De 20 à 30 000 entrées;E;RDJPPR;I;345;241;49;50,21958635;32,14969408;14,48143838;3,149281183;212;27,5102286
3;271;35401;23125;48.347714;0.363927;48.347714, 0.363927;243552;PAYS DE LA LOIRE;72180;5252;72;72202;Mamers;5761;06-autres communes et unités urbaines;2;53;2614;53,08540541;De 30 à 40 000 entrées;E;JPPR;C;355;260;100;58,3819749;29,98941479;8,156661122;3,471949191;186;28,31997581
3;99;205;90;48.007214;0.195479;48.007214, 0.195479;244455;PAYS DE LA LOIRE;72181;147983;72;72701;Le Mans;217388;04-Unités urbaines de 100 000 hbts ou plus;1;8;12;127,7777778;Moins de 2000 entrées;NON;;C;12;0;0;53,65853659;35,6097561;10,73170732;0;12;100
3;161;37013;24372;50.066803;1.384364;50.066803, 1.384364;258652;HAUTS DE FRANCE;80533;2632;80;453;Eu;19251;06-autres communes et unités urbaines;1;53;1449;51,86689644;De 30 à 40 000 entrées;NON;;B;177;151;79;56,32629808;30,82849547;10,14866258;2,696543866;74;14,76045792
3;172;46984;24704;47.808314;-3.635534;47.808314, -3.635534;264151;BRETAGNE;29150;6906;29;29206;Moëlan-sur-Mer;6906;06-autres communes et unités urbaines;1;53;1147;90,18782383;De 40 à 50 000 entrées;E;JPPR;I;324;244;40;70,32211189;16,7328651;8,493581981;4,451441027;182;45,27488496
3;1499;211750;128308;48.001962;2.729169;48.001962, 2.729169;268583;CENTRE-VAL DE LOIRE;45208;15220;45;45501;Montargis;58722;05-Unités urbaines de 20 000 à 100 000 hbts;9;53;12728;65,03257786;De 200 à 300 000 entrées;D;PR;C;394;303;217;35,23262648;48,99656046;11,35577544;4,415037623;211;10,84466197
3;881;214152;133924;47.213603;-1.562528;47.213603, -1.562528;284631;PAYS DE LA LOIRE;44109;325857;44;44701;Nantes;688577;04-Unités urbaines de 100 000 hbts ou plus;6;53;9070;59,90561811;De 200 à 300 000 entrées;A;RDJPPR;C;334;193;179;66,31256003;9,399834655;13,60945049;10,67815482;273;91,84168901
3;227;18206;11160;49.730796;1.442643;49.730796, 1.442643;287472;NORMANDIE;76462;4855;76;76203;Neufchâtel-en-Bray;5284;06-autres communes et unités urbaines;1;53;579;63,13620072;De 10 à 20 000 entrées;E;JP;C;173;134;1;50,41792043;34,64838961;12,4038783;2,529811657;76;22,87975036
3;198;10006;6168;49.339471;1.08919;49.339471, 1.08919;296615;NORMANDIE;76484;12341;76;755;Rouen;481277;04-Unités urbaines de 100 000 hbts ou plus;1;45;318;62,22438392;De 10 à 20 000 entrées;C;;B;169;132;0;54,64559387;21,5158046;14,22413793;9,614463602;100;45,59386973
3;2309;420120;257003;47.89856839999999;1.9088173000000097;47.89856839999999, 1.9088173000000097;298834;CENTRE-VAL DE LOIRE;45234;119380;45;45701;Orléans;291555;04-Unités urbaines de 100 000 hbts ou plus;12;53;19662;63,46890892;De 300 à 450 000 entrées;NON;;C;290;242;181;39,70568841;42,61547426;12,22349841;5,455338924;124;15,11122408
3;154;11154;7315;49.166275;-1.5704;49.166275, -1.5704;312221;NORMANDIE;50403;1466;50;0;Zone rurale;14908533;04-Unités urbaines de 100 000 hbts ou plus;1;52;717;52,48120301;De 10 à 20 000 entrées;E;JP;R;173;149;13;57,18252499;29,80377638;10,35727508;2,656423547;60;21,33469086
3;192;14536;6986;47.998597;-2.096562;47.998597, -2.096562;313842;BRETAGNE;35223;4116;35;35116;Plélan-le-Grand;4116;06-autres communes et unités urbaines;1;53;526;108,0732894;De 10 à 20 000 entrées;E;JP;I;369;293;0;52,93074137;31,36225885;10,96902949;4,737970286;220;34,74018774
3;225;13362;6853;48.657353;-4.170827;48.657353, -4.170827;315251;BRETAGNE;29185;3612;29;29118;Plouescat;3612;06-autres communes et unités urbaines;1;53;422;94,9803006;De 10 à 20 000 entrées;E;;I;200;168;4;61,40639699;26,66980245;8,788021323;3,135779241;107;35,83411728
3;177;5006;2400;48.28043;-2.706503;48.28043, -2.706503;315411;BRETAGNE;22219;2486;22;0;Zone rurale;14908533;04-Unités urbaines de 100 000 hbts ou plus;1;53;263;108,5833333;De 5 à 10 000 entrées;E;;R;137;117;1;68,18915802;9,688581315;17,09342561;5,028835063;44;35,80161476
3;220;18172;8474;49.776307;1.980512;49.776307, 1.980512;317442;HAUTS DE FRANCE;80630;2370;80;80106;Poix-de-Picardie;2370;06-autres communes et unités urbaines;1;53;514;114,4441822;De 10 à 20 000 entrées;E;;I;206;162;0;52,0253309;32,26837061;14,09173893;1,614559562;67;20,07644911
3;806;96495;63229;48.068322;-2.948573;48.068322, -2.948573;320311;BRETAGNE;56178;16030;56;56303;Pontivy;18197;06-autres communes et unités urbaines;5;53;5491;52,6119344;De 80 à 100 000 entrées;E;JPPR;C;327;212;135;46,29155735;39,78323513;10,40815449;3,51705303;165;12,13603716
3;610;92728;57398;47.863407;-4.229693;47.863407, -4.229693;320333;BRETAGNE;29220;8786;29;29306;Pont-l'Abbé;15344;06-autres communes et unités urbaines;4;53;5295;61,55266734;De 80 à 100 000 entrées;E;;C;224;143;95;45,58200591;42,4723117;9,254070511;2,691611878;95;8,349512421
3;322;21364;12485;49.302107;2.60337;49.302107, 2.60337;320771;HAUTS DE FRANCE;60509;12637;60;60305;Pont-Sainte-Maxence;17109;06-autres communes et unités urbaines;2;53;1880;71,11734081;De 20 à 30 000 entrées;E;JP;C;261;221;71;45,90749071;36,34363387;13,60747115;4,141404264;116;18,91746528
3;1499;280939;163648;47.434019;-0.500603;47.434019, -0.500603;320873;PAYS DE LA LOIRE;49246;13123;49;49701;Angers;238801;04-Unités urbaines de 100 000 hbts ou plus;8;53;10335;71,67273661;De 200 à 300 000 entrées;NON;;B;172;117;109;46,12029789;42,45991687;9,396139518;2,023645724;29;1,952514559
3;100;2744;1581;47.750682;0.192681;47.750682, 0.192681;320971;PAYS DE LA LOIRE;72243;1660;72;0;Zone rurale;14908533;04-Unités urbaines de 100 000 hbts ou plus;1;27;62;73,56103732;De 2 à 5 000 entrées;NON;;R;37;25;1;79,5987888;17,97880394;0;2,422407267;9;22,74791824
3;479;90765;52816;47.119337;-2.101111;47.119337, -2.101111;321132;PAYS DE LA LOIRE;44131;17340;44;44304;Pornic;22413;05-Unités urbaines de 20 000 à 100 000 hbts;3;53;3448;71,85133293;De 80 à 100 000 entrées;E;JP;C;308;227;76;50,93841409;37,77102469;8,32223626;2,968324968;185;20,09993057
3;248;29735;17151;47.874513;-3.545043;47.874513, -3.545043;330052;BRETAGNE;29233;12553;29;29304;Quimperlé;14930;06-autres communes et unités urbaines;1;53;755;73,37181505;De 20 à 30 000 entrées;E;JPPR;C;322;246;11;58,1686818;25,77410793;12,23459157;3,822618697;192;40,66278384
3;200;5266;3758;48.401006;-2.912056;48.401006, -2.912056;330431;BRETAGNE;22262;3029;22;22101;Quintin;3029;06-autres communes et unités urbaines;1;53;258;40,12772751;De 5 à 10 000 entrées;E;;I;134;113;2;64,05815694;18,10989951;16,46354501;1,368398546;49;49,94654693
3;1065;168577;100875;47.643971;-2.08863;47.643971, -2.08863;333304;BRETAGNE;35236;10060;35;452;Redon;21862;05-Unités urbaines de 20 000 à 100 000 hbts;7;53;10362;67,11474597;De 150 à 200 000 entrées;D;RDJPPR;C;487;330;151;50,59274692;34,42848627;10,61290461;4,365862202;312;23,50338317
3;767;168765;104726;48.102357;-1.6744;48.102357, -1.6744;335121;BRETAGNE;35238;226654;35;35701;Rennes;351058;04-Unités urbaines de 100 000 hbts ou plus;5;53;7340;61,14909383;De 150 à 200 000 entrées;NON;;C;444;220;185;68,09279023;11,54221496;8,45666619;11,90832862;365;91,04855202
3;3021;597637;394832;49.444934;1.067208;49.444934, 1.067208;344590;NORMANDIE;76540;115792;76;755;Rouen;481277;04-Unités urbaines de 100 000 hbts ou plus;14;53;25665;51,36488431;De 450 à 700 000 entrées;NON;;C;297;226;214;37,06634124;46,57687142;13,22387121;3,132916127;117;12,30726044
3;326;18733;11871;49.69929;2.790104;49.69929, 2.790104;346622;HAUTS DE FRANCE;80685;5758;80;80203;Roye;5758;06-autres communes et unités urbaines;1;51;836;57,80473423;De 10 à 20 000 entrées;NON;;I;155;135;33;41,11727589;42,33572672;14,14273281;2,404264578;39;13,42471715
3;1469;216509;140642;47.262131;-0.078279;47.262131, -0.078279;354782;PAYS DE LA LOIRE;49328;27112;49;49401;Saumur;28859;05-Unités urbaines de 20 000 à 100 000 hbts;9;53;13291;53,94334552;De 200 à 300 000 entrées;D;;C;290;224;173;44,78364746;42,11876918;10,22126593;2,87631742;112;8,899538467
3;375;47238;30486;47.68565;-0.868807;47.68565, -0.868807;357904;PAYS DE LA LOIRE;49331;18478;49;49212;Segré;18478;06-autres communes et unités urbaines;3;53;2453;54,94981303;De 40 à 50 000 entrées;E;JPPR;C;233;176;59;49,17614496;39,93426459;8,115296458;2,774293993;110;15,08454785
3;300;30679;16514;47.3292625;-0.6707131000000572;47.3292625, -0.6707131000000572;374431;PAYS DE LA LOIRE;49292;3503;49;0;Zone rurale;14908533;04-Unités urbaines de 100 000 hbts ou plus;1;47;633;85,77570546;De 30 à 40 000 entrées;NON;;R;135;102;2;76,00775194;17,04369274;2,928118393;4,020436927;47;26,3777308
3;293;17066;10452;48.256952;-1.391536;48.256952, -1.391536;374582;BRETAGNE;35253;4240;35;35121;Saint-Aubin-du-Cormier;4240;06-autres communes et unités urbaines;2;52;702;63,27975507;De 10 à 20 000 entrées;E;;I;219;188;20;55,12400272;31,82633434;9,716123446;3,333539489;78;15,1833756
3;465;92669;56761;47.246308;-2.135768;47.246308, -2.135768;377083;PAYS DE LA LOIRE;44154;14809;44;44401;Saint-Brevin-les-Pins;25983;05-Unités urbaines de 20 000 à 100 000 hbts;3;53;4484;63,26174662;De 80 à 100 000 entrées;D;JP;C;315;236;109;47,20125402;39,2113484;9,778657269;3,808740314;164;17,06706985
3;286;11237;8595;46.996042;2.252694;46.996042, 2.252694;385392;CENTRE-VAL DE LOIRE;18207;6527;18;18202;Saint-Florent-sur-Cher;6527;06-autres communes et unités urbaines;1;50;845;30,73880163;De 10 à 20 000 entrées;E;JPPR;I;227;174;9;56,31139749;21,12601669;19,04510405;3,517481779;113;42,7907468
3;152;14160;7691;47.815917;3.799085;47.815917, 3.799085;385401;BOURGOGNE-FRANCHE-COMTE;89068;2210;89;0;Zone rurale;14908533;04-Unités urbaines de 100 000 hbts ou plus;1;53;510;84,11129892;De 10 à 20 000 entrées;E;JPPR;R;201;149;0;82,67099012;9,260236785;5,580272981;2,488500113;112;35,8947289
3;200;23838;15422;49.505347;2.430243;49.505347, 2.430243;396151;HAUTS DE FRANCE;60581;6105;60;60201;Saint-Just-en-Chaussée;6105;06-autres communes et unités urbaines;1;53;941;54,57139152;De 20 à 30 000 entrées;NON;;I;206;171;15;34,61810155;49,80573951;12,10154525;3,474613687;70;12,71523179
3;220;6658;3277;47.52339;-1.186562;47.52339, -1.186562;401371;PAYS DE LA LOIRE;44180;6607;44;44101;Saint-Mars-la-Jaille;6607;06-autres communes et unités urbaines;1;44;431;103,1736344;De 5 à 10 000 entrées;NON;;I;152;124;9;52,46588089;35,70099256;9,801488834;2,031637717;35;13,27543424
3;95;7597;4342;47.180946;-2.149737;47.180946, -2.149737;406352;PAYS DE LA LOIRE;44182;5385;44;44401;Saint-Brevin-les-Pins;25983;05-Unités urbaines de 20 000 à 100 000 hbts;1;53;507;74,96545371;De 5 à 10 000 entrées;D;;B;277;223;8;71,49744339;17,80861943;6,281957633;4,411979547;165;41,9138057
3;189;10859;7294;49.863;0.706604;49.863, 0.706604;418992;NORMANDIE;76655;4068;76;76119;Saint-Valery-en-Caux;4068;06-autres communes et unités urbaines;1;53;783;48,87578832;De 10 à 20 000 entrées;NON;;I;188;155;12;50,88101554;34,76695718;12,0784388;2,27358848;65;27,44410762
3;221;7146;3845;48.265259;0.690629;48.265259, 0.690629;424781;NORMANDIE;61484;3482;61;61102;Le Theil;3482;06-autres communes et unités urbaines;1;44;342;85,85175553;De 5 à 10 000 entrées;E;JP;C;147;117;2;52,50159337;20,33142129;20,42702358;6,739961759;55;50,23900574
3;2609;493393;313851;49.254024;3.962365;49.254024, 3.962365;426120;GRAND EST;51569;575;51;0;Zone rurale;14908533;04-Unités urbaines de 100 000 hbts ou plus;13;53;21018;57,20612647;De 450 à 700 000 entrées;NON;;R;298;237;189;32,62703627;51,88040082;12,63518035;2,857382561;102;4,250469103
3;2574;608771;374886;47.365422;0.680755;47.365422, 0.680755;431771;CENTRE-VAL DE LOIRE;37261;140474;37;37701;Tours;366772;04-Unités urbaines de 100 000 hbts ou plus;13;53;26338;62,38829938;De 450 à 700 000 entrées;NON;;C;237;202;201;33,18934295;50,85709477;12,31695264;3,636609637;44;3,396699001
3;1898;149425;105177;47.366664;0.706536;47.366664, 0.706536;431801;CENTRE-VAL DE LOIRE;37261;140474;37;37701;Tours;366772;04-Unités urbaines de 100 000 hbts ou plus;8;53;15488;42,07003432;De 100 à 150 000 entrées;NON;;C;383;226;194;38,90336437;39,05956493;14,94341096;7,093659739;175;10,36781191
3;332;17069;11742;50.061473;1.367587;50.061473, 1.367587;434402;NORMANDIE;76711;4533;76;453;Eu;19251;06-autres communes et unités urbaines;1;53;1584;45,36705842;De 10 à 20 000 entrées;NON;;C;129;103;61;37,65961273;47,53312152;11,88777651;2,919489239;22;8,944307895
3;1979;395299;244559;47.670076;-2.792332;47.670076, -2.792332;441876;BRETAGNE;56260;56018;56;56501;Vannes;83769;05-Unités urbaines de 20 000 à 100 000 hbts;9;53;14452;61,63747807;De 300 à 450 000 entrées;NON;;C;238;175;156;40,23936292;46,9033344;10,28441827;2,572884407;43;3,347114372
3;900;102625;63458;47.802972;1.06936;47.802972, 1.06936;446494;CENTRE-VAL DE LOIRE;41269;16307;41;41401;Vendôme;23236;05-Unités urbaines de 20 000 à 100 000 hbts;5;53;6063;61,72113839;De 100 à 150 000 entrées;D;;C;195;150;98;48,27582767;39,60858246;10,13057226;1,985017606;82;10,32308905
3;204;14841;8808;47.14704;-0.536932;47.14704, -0.536932;454032;PAYS DE LA LOIRE;49373;7917;49;49125;Vihiers;7917;06-autres communes et unités urbaines;1;50;395;68,49455041;De 10 à 20 000 entrées;E;;I;170;124;0;63,32122313;27,5431426;6,236754466;2,898879806;92;25,79473206
3;120;2981;1300;49.714863;3.584145;49.714863, 3.584145;465920;HAUTS DE FRANCE;2517;300;2;0;Zone rurale;14908533;04-Unités urbaines de 100 000 hbts ou plus;1;33;123;129,3076923;De 2 à 5 000 entrées;NON;;R;50;34;1;72,81695287;22,43332115;4,567044209;0,182681768;16;39,86116186
3;150;5865;2207;47.476235;-2.158292;47.476235, -2.158292;466201;PAYS DE LA LOIRE;44098;5502;44;44119;Missillac;5502;06-autres communes et unités urbaines;1;37;136;165,7453557;De 5 à 10 000 entrées;NON;;I;74;45;0;80,89569161;10,35525321;5,196523054;3,552532124;24;24,31972789
3;1814;187946;113060;47.416279;0.702126;47.416279, 0.702126;724048;CENTRE-VAL DE LOIRE;37261;140474;37;37701;Tours;366772;04-Unités urbaines de 100 000 hbts ou plus;9;53;12679;66,2356271;De 150 à 200 000 entrées;NON;;C;179;139;130;29,44005385;54,63383126;13,47757176;2,448543141;21;1,669091146
4;467;34282;19847;43.92676;2.149209;43.92676, 2.149209;14102;OCCITANIE;81004;50783;81;81502;Albi;77115;05-Unités urbaines de 20 000 à 100 000 hbts;3;53;4119;72,73139517;De 30 à 40 000 entrées;D;RDJPPR;C;244;167;128;69,68995121;7,396084244;15,12568711;7,788277438;201;92,90037675
4;142;21125;11173;43.923796;2.144604;43.923796, 2.144604;14114;OCCITANIE;81004;50783;81;81502;Albi;77115;05-Unités urbaines de 20 000 à 100 000 hbts;1;46;800;89,07186969;De 20 à 30 000 entrées;D;RDJPPR;C;219;116;4;67,80198987;6,738692547;17,94543124;7,513886346;181;84,82573399
4;1876;171785;114475;45.650367;0.164018;45.650367, 0.164018;19491;NOUVELLE AQUITAINE;16015;43079;16;16601;Angoulême;113368;04-Unités urbaines de 100 000 hbts ou plus;11;53;21142;50,06333261;De 150 à 200 000 entrées;NON;;C;309;250;237;40,84030851;42,06062242;11,55747039;5,541598676;106;12,07987509
4;920;12964;3995;44.174083;2.607518;44.174083, 2.607518;26180;OCCITANIE;12011;791;12;0;Zone rurale;14908533;04-Unités urbaines de 100 000 hbts ou plus;1;43;268;224,505632;De 10 à 20 000 entrées;E;JP;R;99;58;1;67,53882353;11,02117647;10,49411765;10,94588235;48;48,86588235
4;116;13400;6840;43.062858;0.15111;43.062858, 0.15111;35861;OCCITANIE;65059;7318;65;65301;Bagnères-de-Bigorre;12761;06-autres communes et unités urbaines;1;53;630;95,90643275;De 10 à 20 000 entrées;E;JP;C;267;228;53;63,06782334;18,42271293;14,53470032;3,974763407;160;40,78864353
4;239;28607;18309;45.471503;-0.152462;45.471503, -0.152462;38772;NOUVELLE AQUITAINE;16028;4924;16;16107;Barbezieux-Saint-Hilaire;4924;06-autres communes et unités urbaines;2;53;1708;56,24556229;De 20 à 30 000 entrées;E;JP;I;275;202;41;52,99142055;29,92559411;11,38486068;5,698124668;144;30,31280844
4;136;2119;827;42.8964384;0.06247450000000754;42.8964384, 0.06247450000000754;39131;OCCITANIE;65481;162;65;0;Zone rurale;14908533;04-Unités urbaines de 100 000 hbts ou plus;1;43;127;156,2273277;De 2 à 5 000 entrées;NON;;R;97;87;16;71,40160453;23,83199622;2,406795658;2,359603587;27;14,91269467
4;154;11990;8316;44.432356;-0.21416;44.432356, -0.21416;42841;NOUVELLE AQUITAINE;33036;5064;33;33122;Bazas;5064;06-autres communes et unités urbaines;1;51;717;44,17989418;De 10 à 20 000 entrées;E;JPPR;I;292;215;2;66,08897127;14,15199259;15,11584801;4,643188137;189;61,39017609
4;1082;120428;70793;44.853174;0.486443;44.853174, 0.486443;50151;NOUVELLE AQUITAINE;24037;27101;24;553;Bergerac;65896;05-Unités urbaines de 20 000 à 100 000 hbts;9;53;10711;70,11286427;De 100 à 150 000 entrées;D;;C;358;251;196;39,27188552;46,52188552;10,29882155;3,907407407;177;14,55892256
4;298;7192;3789;44.637692;-0.974856;44.637692, -0.974856;55532;NOUVELLE AQUITAINE;33051;11186;33;33304;Biganos;20453;05-Unités urbaines de 20 000 à 100 000 hbts;1;51;610;89,81261547;De 5 à 10 000 entrées;E;;C;168;148;0;55,73908175;33,60862262;7,712765957;2,939529675;65;21,64053751
4;339;28858;17583;44.910625;-0.633757;44.910625, -0.633757;57821;NOUVELLE AQUITAINE;33056;15862;33;33701;Bordeaux;975671;04-Unités urbaines de 100 000 hbts ou plus;2;53;2732;64,12443838;De 20 à 30 000 entrées;C;JP;B;296;214;24;73,07634731;14,21407186;8,738772455;3,970808383;189;52,66092814
4;2878;315862;214797;44.841593;-0.562257;44.841593, -0.562257;62871;NOUVELLE AQUITAINE;33063;263247;33;33701;Bordeaux;975671;04-Unités urbaines de 100 000 hbts ou plus;17;53;28875;47,05140202;De 300 à 450 000 entrées;NON;;C;318;217;212;28,25242998;53,45702206;12,45667321;5,833874752;83;6,324511683
4;553;240681;141672;44.838942;-0.572524;44.838942, -0.572524;63411;NOUVELLE AQUITAINE;33063;263247;33;33701;Bordeaux;975671;04-Unités urbaines de 100 000 hbts ou plus;5;53;8243;69,88607488;De 200 à 300 000 entrées;A;RDJPPR;C;554;230;173;65,07289702;10,61263256;14,239757;10,07471342;438;93,79926731
4;1504;240567;142119;45.165031;1.542022;45.165031, 1.542022;75694;NOUVELLE AQUITAINE;19031;47175;19;554;Brive-la-Gaillarde;76370;05-Unités urbaines de 20 000 à 100 000 hbts;9;53;16545;69,27152597;De 200 à 300 000 entrées;NON;;C;192;160;157;34,95142388;49,92130126;11,4081855;3,719089349;17;2,717924524
4;281;30377;20026;44.845348;0.909131;44.845348, 0.909131;78542;NOUVELLE AQUITAINE;24068;1985;24;0;Zone rurale;14908533;04-Unités urbaines de 100 000 hbts ou plus;2;53;1854;51,68780585;De 30 à 40 000 entrées;E;RDJPPR;R;296;193;36;52,76772917;32,67353764;10,05733397;4,501399222;174;30,89208928
4;150;9553;5064;44.530413;1.555391;44.530413, 1.555391;80991;OCCITANIE;46040;233;46;0;Zone rurale;14908533;04-Unités urbaines de 100 000 hbts ou plus;1;52;380;88,64533965;De 5 à 10 000 entrées;E;;R;147;71;0;72,83323716;13,41027121;4,812463935;8,944027698;87;67,14368148
4;383;6363;2620;44.761134;-0.654322;44.761134, -0.654322;84441;NOUVELLE AQUITAINE;33090;6074;33;33701;Bordeaux;975671;04-Unités urbaines de 100 000 hbts ou plus;1;44;178;142,8625954;De 5 à 10 000 entrées;NON;;B;101;73;0;75,84588304;12,94738901;8,449051438;2,757676511;42;37,43399179
4;248;2735;3126;45.069909;-1.142214;45.069909, -1.142214;86031;NOUVELLE AQUITAINE;33097;2455;33;0;Zone rurale;14908533;04-Unités urbaines de 100 000 hbts ou plus;1;46;189;-12,50799744;De 2 à 5 000 entrées;NON;;R;95;91;4;32,7219369;53,19148936;8,730741012;5,355832722;20;6,566397652
4;184;7651;4465;44.037315;1.109842;44.037315, 1.109842;88512;OCCITANIE;82033;14404;82;82401;Castelsarrasin;28478;05-Unités urbaines de 20 000 à 100 000 hbts;1;49;323;71,3549832;De 5 à 10 000 entrées;D;;C;177;149;0;72,81777521;6,737844467;10,47467898;9,969701342;92;53,41220603
4;237;7335;3812;43.203101;1.083573;43.203101, 1.083573;90932;OCCITANIE;31135;4824;31;31203;Cazères;6072;06-autres communes et unités urbaines;1;50;513;92,41867786;De 5 à 10 000 entrées;E;;C;343;283;1;59,44546009;19,45460085;11,94393662;9,156002438;195;47,05971968
4;177;7492;3849;46.821515;-0.668137;46.821515, -0.668137;92441;NOUVELLE AQUITAINE;79062;4874;79;79204;Cerizay;5844;06-autres communes et unités urbaines;1;47;653;94,64796051;De 5 à 10 000 entrées;E;;C;160;139;7;70,60806067;15,33492487;12,82123297;1,235781491;43;14,00084258
4;780;152964;93238;46.84884;-1.872212;46.84884, -1.872212;94745;PAYS DE LA LOIRE;85047;22690;85;85402;Challans;30386;05-Unités urbaines de 20 000 à 100 000 hbts;5;53;6364;64,05757309;De 150 à 200 000 entrées;D;JPPR;C;378;242;142;42,75724075;43,0898335;10,06410943;4,088816318;196;11,42325606
4;210;4169;2604;45.714496;1.608216;45.714496, 1.608216;104642;NOUVELLE AQUITAINE;87040;1542;87;0;Zone rurale;14908533;04-Unités urbaines de 100 000 hbts ou plus;1;47;303;60,09984639;De 2 à 5 000 entrées;E;;R;170;138;0;59,41664571;25,42117174;11,41563993;3,74654262;81;37,23912497
4;273;14994;8585;43.955916;0.372655;43.955916, 0.372655;119181;OCCITANIE;32107;6670;32;32203;Condom;6670;06-autres communes et unités urbaines;2;52;789;74,65346535;De 10 à 20 000 entrées;E;JPPR;I;309;236;49;57,60233918;22,3893066;10,8535227;9,154831523;196;46,05263158
4;149;13780;9079;46.012696;0.670482;46.012696, 0.670482;119331;NOUVELLE AQUITAINE;16106;2873;16;16102;Confolens;2873;06-autres communes et unités urbaines;1;50;952;51,77883027;De 10 à 20 000 entrées;E;JPPR;I;275;209;2;52,20992275;28,31886597;12,87727961;6,593931672;140;33,12893207
4;135;6426;4530;45.738722;1.741383;45.738722, 1.741383;154813;NOUVELLE AQUITAINE;87064;2107;87;0;Zone rurale;14908533;04-Unités urbaines de 100 000 hbts ou plus;1;53;446;41,85430464;De 5 à 10 000 entrées;E;;R;260;210;0;60,89076723;17,06762029;14,4343303;7,607282185;188;57,8023407
4;153;8767;4101;46.712066;-1.314796;46.712066, -1.314796;158201;PAYS DE LA LOIRE;85089;5520;85;85129;La Ferrière;5520;06-autres communes et unités urbaines;1;45;404;113,7771275;De 5 à 10 000 entrées;E;;I;198;152;1;61,4322692;14,28571429;21,06495748;3,217059041;108;48,25588562
4;157;10203;7392;43.850759;0.663578;43.850759, 0.663578;161061;OCCITANIE;32132;6001;32;32201;Fleurance;6001;06-autres communes et unités urbaines;2;52;736;38,0275974;De 10 à 20 000 entrées;E;JPPR;I;354;298;52;47,6322833;27,81552399;14,618077;9,934115709;208;43,28803788
4;1501;137525;92609;46.529206;0.279764;46.529206, 0.279764;163150;NOUVELLE AQUITAINE;86100;4046;86;86114;Fontaine-le-Comte;4948;06-autres communes et unités urbaines;8;53;15619;48,50068568;De 100 à 150 000 entrées;NON;;C;162;139;138;38,81321822;47,08627428;11,43688386;2,663623636;16;2,611124074
4;520;60547;37260;46.466465;-0.803028;46.466465, -0.803028;164003;PAYS DE LA LOIRE;85092;13828;85;85304;Fontenay-le-Comte;17216;06-autres communes et unités urbaines;3;53;3873;62,49865808;De 50 à 80 000 entrées;E;JPPR;C;306;212;145;50,88286287;34,7792422;10,79971048;3,53818445;167;21,51020889
4;324;14842;9566;43.355543;-1.773311;43.355543, -1.773311;194541;NOUVELLE AQUITAINE;64260;18071;64;751;Bayonne (partie française);257726;04-Unités urbaines de 100 000 hbts ou plus;1;53;868;55,15366925;De 10 à 20 000 entrées;C;;B;290;241;7;52,38896109;26,36648574;14,98356395;6,260989221;170;50,08791377
4;1052;51200;29750;43.242508;-0.005686;43.242508, -0.005686;199951;OCCITANIE;65226;3043;65;0;Zone rurale;14908533;04-Unités urbaines de 100 000 hbts ou plus;4;53;4044;72,10084034;De 50 à 80 000 entrées;E;RDJPPR;R;507;226;63;64,35322361;10,59108506;16,40461103;8,651080304;389;84,18366243
4;252;3504;2349;43.310067;0.33742;43.310067, 0.33742;212871;OCCITANIE;65250;120;65;0;Zone rurale;14908533;04-Unités urbaines de 100 000 hbts ou plus;1;47;259;49,16985951;De 2 à 5 000 entrées;E;;R;198;170;0;70,13162335;14,14107324;11,60985488;4,117448532;99;40,4319946
4;155;3569;1928;42.988146;-0.425403;42.988146, -0.425403;218381;NOUVELLE AQUITAINE;64320;1205;64;0;Zone rurale;14908533;04-Unités urbaines de 100 000 hbts ou plus;1;53;327;85,11410788;De 2 à 5 000 entrées;E;;R;192;168;30;55,50859397;32,6007326;8,875739645;3,014933784;93;27,58523528
4;222;11300;7536;43.875113;-1.302436;43.875113, -1.302436;222841;NOUVELLE AQUITAINE;40150;1985;40;0;Zone rurale;14908533;04-Unités urbaines de 100 000 hbts ou plus;1;53;710;49,94692144;De 10 à 20 000 entrées;E;;R;256;220;12;60,17534042;25,78809924;9,074799478;4,961760866;130;37,92202947
4;249;1032;932;43.098225;-0.045524;43.098225, -0.045524;234297;OCCITANIE;65286;13546;65;65302;Lourdes;16846;06-autres communes et unités urbaines;1;50;290;10,72961373;Moins de 2000 entrées;NON;;C;9;4;1;39,0503876;0;60,9496124;0;2;23,8372093
4;250;2669;;43.816722;-1.375306;43.816722, -1.375306;260340;NOUVELLE AQUITAINE;40181;1019;40;0;Zone rurale;14908533;04-Unités urbaines de 100 000 hbts ou plus;1;7;30;;De 2 à 5 000 entrées;NON;;R;6;5;0;4,271262645;95,72873735;0;0;1;1,835893593
4;280;24191;20967;46.98002;-1.316083;46.98002, -1.316083;268122;PAYS DE LA LOIRE;85146;21206;85;85302;Montaigu;21206;05-Unités urbaines de 20 000 à 100 000 hbts;2;37;990;15,37654409;De 20 à 30 000 entrées;E;JPPR;C;190;131;30;62,38702818;22,68297005;9,90164806;5,028353713;89;26,22718412
4;238;15911;10322;43.369451;-0.629102;43.369451, -0.629102;280894;NOUVELLE AQUITAINE;64410;6075;64;64302;Mourenx;14244;06-autres communes et unités urbaines;2;53;3024;54,14648324;De 10 à 20 000 entrées;E;RDJPPR;C;322;270;117;61,74836136;22,45654032;10,75805073;5,037047592;220;45,88914221
4;141;10393;4920;45.034377;0.364624;45.034377, 0.364624;283412;NOUVELLE AQUITAINE;24299;2836;24;24204;Mussidan;7330;06-autres communes et unités urbaines;1;53;780;111,2398374;De 10 à 20 000 entrées;E;JP;C;204;165;0;54,59943744;30,65944369;9,751015731;4,990103136;86;32,92009584
4;296;8466;6010;43.758956;-0.034329;43.758956, -0.034329;291731;OCCITANIE;32296;2238;32;0;Zone rurale;14908533;04-Unités urbaines de 100 000 hbts ou plus;1;51;325;40,86522463;De 5 à 10 000 entrées;E;;R;252;211;22;50,05063291;28,84810127;8,594936709;12,50632911;124;51,60759494
4;169;17337;11176;45.523215;0.659963;45.523215, 0.659963;292782;NOUVELLE AQUITAINE;24311;3151;24;24109;Nontron;3970;06-autres communes et unités urbaines;1;53;960;55,12705798;De 10 à 20 000 entrées;E;JPPR;C;280;220;1;54,25449373;30,62200957;10,5133842;4,610112505;161;41,94361826
4;299;42533;26673;43.487215;-0.777436;43.487215, -0.777436;299685;NOUVELLE AQUITAINE;64430;11106;64;64301;Orthez;13426;06-autres communes et unités urbaines;2;51;1746;59,46087804;De 40 à 50 000 entrées;E;RDJPPR;C;240;183;21;42,60424573;40,19490218;12,75189148;4,448960603;155;30,5354913
4;1148;51075;41894;43.295774;-0.370121;43.295774, -0.370121;305031;NOUVELLE AQUITAINE;64445;77061;64;64601;Pau;205404;04-Unités urbaines de 100 000 hbts ou plus;7;53;10594;21,91483267;De 50 à 80 000 entrées;NON;;C;229;200;180;43,20152211;33,47455965;18,44572594;4,878192303;122;26,73492605
4;2474;273693;159992;43.302981;-0.369831;43.302981, -0.369831;305041;NOUVELLE AQUITAINE;64445;77061;64;64601;Pau;205404;04-Unités urbaines de 100 000 hbts ou plus;12;53;23681;71,06667833;De 200 à 300 000 entrées;NON;;C;220;186;182;32,99580941;51,57909041;11,42512956;3,999970618;29;4,319498158
4;200;2053;1650;45.813639;1.772698;45.813639, 1.772698;309331;NOUVELLE AQUITAINE;87117;1044;87;0;Zone rurale;14908533;04-Unités urbaines de 100 000 hbts ou plus;1;33;147;24,42424242;De 2 à 5 000 entrées;NON;;R;140;99;0;53,93313668;20,25565388;21,38643068;4,424778761;75;48,86922321
4;199;18843;12423;43.545174;-1.102823;43.545174, -1.102823;309443;NOUVELLE AQUITAINE;40224;3821;40;40204;Peyrehorade;7969;06-autres communes et unités urbaines;1;53;818;51,67833857;De 10 à 20 000 entrées;E;JPPR;C;294;222;16;47,66530135;38,51960211;10,52662376;3,288472791;150;17,01579871
4;249;10919;6325;44.582404;-0.036426;44.582404, -0.036426;335303;NOUVELLE AQUITAINE;33352;4435;33;33206;La Réole;7047;06-autres communes et unités urbaines;1;53;1005;72,63241107;De 10 à 20 000 entrées;E;JPPR;C;350;272;33;58,86462023;22,86501377;12,00314837;6,267217631;201;43,56552538
4;193;28485;15821;43.457554;2.006074;43.457554, 2.006074;336023;OCCITANIE;31451;9947;31;31209;Revel;9947;06-autres communes et unités urbaines;1;53;1146;80,04550913;De 20 à 30 000 entrées;E;;I;256;201;36;58,02881679;26,29441989;11,15662391;4,520139413;142;26,97351874
4;239;9277;5927;44.3078;2.237623;44.3078, 2.237623;337353;OCCITANIE;12198;2015;12;0;Zone rurale;14908533;04-Unités urbaines de 100 000 hbts ou plus;1;53;399;56,52100557;De 5 à 10 000 entrées;E;;R;322;271;0;62,8823462;7,377706496;15,43132088;14,30862642;228;75,95371749
4;1024;110200;64514;46.157744;-1.153595;46.157744, -1.153595;339871;NOUVELLE AQUITAINE;17300;79323;17;17601;La Rochelle;136511;04-Unités urbaines de 100 000 hbts ou plus;6;53;10223;70,81563692;De 100 à 150 000 entrées;B;JP;C;406;306;277;72,90625375;10,38350317;10,62278846;6,087454614;317;72,13481278
4;187;9992;5662;43.490681;0.929457;43.490681, 0.929457;351333;OCCITANIE;32410;2484;32;0;Zone rurale;14908533;04-Unités urbaines de 100 000 hbts ou plus;1;53;418;76,47474391;De 5 à 10 000 entrées;E;JPPR;R;286;235;40;50,32554168;28,22072793;9,168534529;12,28519586;145;47,77457573
4;515;49908;29173;44.842499;0.219805;44.842499, 0.219805;385793;NOUVELLE AQUITAINE;33402;2697;33;553;Bergerac;65896;05-Unités urbaines de 20 000 à 100 000 hbts;3;53;3586;71,07599493;De 40 à 50 000 entrées;D;JP;B;327;255;118;52,42636283;32,14234112;9,732284765;5,699011291;190;25,48558218
4;463;62255;13907;45.944226;-0.527289;45.944226, -0.527289;392685;NOUVELLE AQUITAINE;17347;7172;17;17207;Saint-Jean-d'Angély;8431;06-autres communes et unités urbaines;3;53;4173;347,6522615;De 50 à 80 000 entrées;NON;;C;393;291;76;51,46228835;34,69438422;9,967063341;3,876264089;231;20,07646601
4;300;16385;10072;43.16402;-1.237591;43.16402, -1.237591;394201;NOUVELLE AQUITAINE;64485;1810;64;64106;Saint-Jean-Pied-de-Port;4703;06-autres communes et unités urbaines;1;53;702;62,67871326;De 10 à 20 000 entrées;E;JP;C;263;215;9;56,1654476;24,99838177;14,39575377;4,440416855;135;40,94763415
4;200;9058;6188;43.758985;-0.574071;43.758985, -0.574071;416622;NOUVELLE AQUITAINE;40282;5046;40;40108;Saint-Sever;5046;06-autres communes et unités urbaines;1;53;649;46,3800905;De 5 à 10 000 entrées;E;;I;249;203;57;54,76161592;31,32354725;9,972097537;3,942739294;114;23,5108577
4;200;11429;5866;42.846422;1.603935;42.846422, 1.603935;421923;OCCITANIE;9306;3044;9;9201;Tarascon-sur-Ariège;5329;06-autres communes et unités urbaines;1;52;954;94,8346403;De 10 à 20 000 entrées;E;JP;C;247;198;1;40,29605263;30,89364035;16,24634503;12,56396199;117;39,00767544
4;228;17790;10788;45.131093;1.301938;45.131093, 1.301938;423865;NOUVELLE AQUITAINE;24547;6370;24;265;Terrasson-Lavilledieu;8134;06-autres communes et unités urbaines;1;53;1195;64,9054505;De 10 à 20 000 entrées;E;RDJPPR;C;356;271;4;59,4999689;26,65588656;8,806517818;5,037626718;212;40,23882082
4;299;60811;31897;43.642205;1.45598;43.642205, 1.45598;430455;OCCITANIE;31555;503020;31;31701;Toulouse;1024959;04-Unités urbaines de 100 000 hbts ou plus;3;53;4755;90,64802333;De 50 à 80 000 entrées;A;RDJPPR;C;339;178;15;66,75188637;8,640923213;15,00577008;9,601420328;279;83,52063915
4;708;91865;59529;45.272941;1.776816;45.272941, 1.776816;436927;NOUVELLE AQUITAINE;19272;14973;19;19401;Tulle;22299;05-Unités urbaines de 20 000 à 100 000 hbts;5;53;6837;54,31974332;De 80 à 100 000 entrées;D;RDJPPR;C;405;264;149;47,09947969;38,65474434;10,650218;3,595557972;222;18,55578606
4;229;13415;9200;43.36278;-1.696856;43.36278, -1.696856;438001;NOUVELLE AQUITAINE;64545;10656;64;751;Bayonne (partie française);257726;04-Unités urbaines de 100 000 hbts ou plus;1;50;1488;45,81521739;De 10 à 20 000 entrées;C;RDJPPR;B;204;152;13;65,17035775;8,95229983;19,65076661;6,226575809;179;89,69335605
4;490;9192;4501;45.355735;-1.060588;45.355735, -1.060588;446204;NOUVELLE AQUITAINE;33540;2583;33;0;Zone rurale;14908533;04-Unités urbaines de 100 000 hbts ou plus;1;10;32;104,2212842;De 5 à 10 000 entrées;NON;;R;26;20;0;61,83637946;34,71496954;2,306353351;1,14229765;9;26,39251523
4;112;7770;4291;43.757919;0.302664;43.757919, 0.302664;451631;OCCITANIE;32462;3640;32;32104;Vic-Fezensac;4087;06-autres communes et unités urbaines;1;51;367;81,0766721;De 5 à 10 000 entrées;E;PR;C;232;196;25;49,13934426;31,8989071;8,825136612;10,13661202;110;44,65846995
4;162;13019;7964;43.398281;1.715623;43.398281, 1.715623;456362;OCCITANIE;31582;4916;31;31114;Villefranche-de-Lauragais;5472;06-autres communes et unités urbaines;1;53;777;63,47312908;De 10 à 20 000 entrées;E;JP;C;405;323;2;58,47678227;18,68334873;14,89629692;7,943572088;257;54,92484675
4;305;32809;17669;44.351282;2.034728;44.351282, 2.034728;456402;OCCITANIE;12300;12195;12;12301;Villefranche-de-Rouergue;12963;06-autres communes et unités urbaines;2;52;2129;85,68679608;De 30 à 40 000 entrées;E;;C;174;130;60;47,33035658;39,66731652;8,169297528;4,833029369;81;18,42965851
4;288;50477;30220;44.204672;0.62747;44.204672, 0.62747;721602;NOUVELLE AQUITAINE;47001;33046;47;47501;Agen;82191;05-Unités urbaines de 20 000 à 100 000 hbts;2;51;2567;67,03176704;De 50 à 80 000 entrées;D;RDJPPR;C;403;219;69;66,91637434;7,821658934;13,41179133;11,8501754;340;91,72117234
4;266;10195;5435;43.961546;1.342434;43.961546, 1.342434;722000;OCCITANIE;82025;3804;82;82501;Montauban;82406;05-Unités urbaines de 20 000 à 100 000 hbts;1;53;826;87,58049678;De 10 à 20 000 entrées;D;JP;B;251;180;3;63,78968254;15,74900794;10,77628968;9,685019841;188;64,52132937
4;118;12112;5385;45.182708;0.762663;45.182708, 0.762663;722720;NOUVELLE AQUITAINE;24053;11090;24;24501;Périgueux;76927;05-Unités urbaines de 20 000 à 100 000 hbts;1;53;589;124,9210771;De 10 à 20 000 entrées;D;;B;244;184;0;53,77840056;28,42558302;12,99169252;4,804323892;109;30,16715044
4;1161;194525;114218;43.690447;1.403453;43.690447, 1.403453;723480;OCCITANIE;31182;5509;31;31701;Toulouse;1024959;04-Unités urbaines de 100 000 hbts ou plus;8;53;12456;70,31028384;De 150 à 200 000 entrées;NON;;B;172;132;125;24,59727643;58,93516981;12,94527942;3,52227435;10;0,421406626
5;193;13572;5931;50.408702;2.824662;50.408702, 2.824662;33912;HAUTS DE FRANCE;62065;17812;62;756;Douai - Lens;510310;04-Unités urbaines de 100 000 hbts ou plus;1;51;505;128,831563;De 10 à 20 000 entrées;NON;;B;92;50;1;47,49065458;30,36665871;13,89485405;8,247832657;37;30,17577348
5;497;36437;20757;50.479971;2.545868;50.479971, 2.545868;76821;HAUTS DE FRANCE;62178;22306;62;752;Béthune;358847;04-Unités urbaines de 100 000 hbts ou plus;4;53;4642;75,54078142;De 30 à 40 000 entrées;C;JPPR;C;286;202;78;57,16466099;20,11153507;16,00528324;6,718520693;188;54,09744643
5;2404;233910;151106;50.49234;2.569387;50.49234, 2.569387;76825;HAUTS DE FRANCE;62178;22306;62;752;Béthune;358847;04-Unités urbaines de 100 000 hbts ou plus;12;53;23349;54,79861819;De 200 à 300 000 entrées;NON;;C;220;184;181;30,9199447;52,02022595;13,01162475;4,048204603;28;1,177980592
5;498;44713;28509;50.9517558;1.8543260999999802;50.9517558, 1.8543260999999802;82133;HAUTS DE FRANCE;62193;68193;62;62504;Calais;93524;05-Unités urbaines de 20 000 à 100 000 hbts;4;53;5435;56,83819145;De 40 à 50 000 entrées;B;RDJPPR;C;376;233;59;52,22493769;22,99949186;16,49768916;8,277881288;279;60,23180971
5;111;5784;4166;50.668276;1.837675;50.668276, 1.837675;137663;HAUTS DE FRANCE;62268;4898;62;62203;Desvres;6419;06-autres communes et unités urbaines;1;48;370;38,83821411;De 5 à 10 000 entrées;NON;;C;124;104;2;49,27985415;34,42114859;14,45761167;1,841385597;31;10,59252507
5;456;25452;;50.015313;4.046893;50.015313, 4.046893;167043;HAUTS DE FRANCE;59249;11574;59;59305;Fourmies;14437;06-autres communes et unités urbaines;3;50;2393;;De 20 à 30 000 entrées;NON;;C;194;172;60;28,6970297;52,65742574;12,97029703;5,675247525;65;7,013861386
5;580;12468;6071;50.296328;4.097609;50.296328, 4.097609;204312;HAUTS DE FRANCE;59324;10544;59;59601;Maubeuge (partie française);111761;04-Unités urbaines de 100 000 hbts ou plus;1;51;708;105,3697908;De 10 à 20 000 entrées;NON;;B;132;106;16;44,82525747;38,99206483;12,22353537;3,959142327;29;16,25021104
5;426;154286;65083;50.6668;3.075466;50.6668, 3.075466;246522;HAUTS DE FRANCE;59378;39319;59;59702;Lille (partie française);1062604;04-Unités urbaines de 100 000 hbts ou plus;3;53;5813;137,0603691;De 150 à 200 000 entrées;NON;;B;224;134;109;61,65985864;24,30329741;9,903657521;4,133186423;142;35,1851603
5;192;10204;8318;50.174295;4.093165;50.174295, 4.093165;364991;HAUTS DE FRANCE;59572;1798;59;0;Zone rurale;14908533;04-Unités urbaines de 100 000 hbts ou plus;1;51;489;22,67371964;De 10 à 20 000 entrées;NON;;R;119;96;14;45,84896097;37,27318804;13,18803852;3,689812468;25;19,66548403
5;1133;229509;144058;50.437378;3.449925;50.437378, 3.449925;372146;HAUTS DE FRANCE;59526;16177;59;59402;Saint-Amand-les-Eaux;34155;05-Unités urbaines de 20 000 à 100 000 hbts;7;53;8979;59,31708062;De 200 à 300 000 entrées;NON;;C;241;172;113;28,71778747;53,79038985;13,15271173;4,339110954;88;2,171302301
5;126;20233;11355;50.526289;3.170036;50.526289, 3.170036;423383;HAUTS DE FRANCE;59586;6559;59;59211;Templeuve;10829;06-autres communes et unités urbaines;1;53;1123;78,18582122;De 20 à 30 000 entrées;E;JP;C;154;115;24;66,8765472;19,35206113;9,170164675;4,601226994;67;30,84705629
5;316;9351;3102;50.608989;3.134086;50.608989, 3.134086;457562;HAUTS DE FRANCE;59009;61902;59;59702;Lille (partie française);1062604;04-Unités urbaines de 100 000 hbts ou plus;1;50;759;201,450677;De 5 à 10 000 entrées;C;PR;B;196;101;3;47,98707753;25,2360835;13,94135189;12,83548708;161;76,81411531
5;1744;196949;127431;50.273088;3.97037;50.273088, 3.97037;720700;HAUTS DE FRANCE;59392;29913;59;59601;Maubeuge (partie française);111761;04-Unités urbaines de 100 000 hbts ou plus;9;53;14036;54,55344461;De 150 à 200 000 entrées;C;PR;C;362;259;174;33,98396275;48,74599069;12,82721159;4,442834972;174;6,953440248
6;347;12669;8671;45.928236;2.829038;45.928236, 2.829038;17961;AUVERGNE-RHONE-ALPES;63004;1736;63;63112;Saint-Georges-de-Mons;3698;06-autres communes et unités urbaines;1;51;746;46,10771537;De 10 à 20 000 entrées;E;JP;B;203;154;1;42,26009998;43,56305826;8,817503892;5,359337868;89;22,29779562
6;2648;402961;223580;46.1393558;6.124697400000059;46.1393558, 6.124697400000059;22231;AUVERGNE-RHONE-ALPES;74016;2657;74;652;Genève (SUI) - Annemasse (partie française);195045;04-Unités urbaines de 100 000 hbts ou plus;12;53;19125;80,23123714;De 300 à 450 000 entrées;NON;;B;364;263;212;29,949282;53,85919717;12,57132219;3,620198646;143;6,707807956
6;192;15485;6812;47.193943;5.404892;47.193943, 5.404892;32771;BOURGOGNE-FRANCHE-COMTE;21038;7709;21;21206;Auxonne;7709;06-autres communes et unités urbaines;1;45;821;127,3194363;De 10 à 20 000 entrées;E;;I;184;148;5;47,58223038;37,4852575;12,2067881;2,72572402;78;22,26444765
6;247;3224;1621;45.57230759999999;6.741789599999947;45.57230759999999, 6.741789599999947;48241;AUVERGNE-RHONE-ALPES;73150;3959;73;73201;Aime;8496;06-autres communes et unités urbaines;1;29;277;98,88957434;De 2 à 5 000 entrées;NON;;B;95;80;9;52,85622593;34,78818999;8,761232349;3,594351733;20;10,39794608
6;426;20723;8027;47.21818;5.973484;47.21818, 5.973484;52162;BOURGOGNE-FRANCHE-COMTE;25056;121519;25;25602;Besançon;140997;04-Unités urbaines de 100 000 hbts ou plus;1;43;356;158,1661891;De 20 à 30 000 entrées;B;PR;C;107;20;0;43,18962228;26,76459367;20,34210861;9,703675442;102;97,50731273
6;150;17369;7692;47.9228694;6.6550746000000345;47.9228694, 6.6550746000000345;58121;AUVERGNE-RHONE-ALPES;43165;1557;43;0;Zone rurale;14908533;04-Unités urbaines de 100 000 hbts ou plus;1;50;929;125,8060322;De 10 à 20 000 entrées;E;JP;R;122;93;1;71,96472663;11,61904762;9,918871252;6,497354497;55;33,70017637
6;183;8903;4509;45.7445112;4.006010699999933;45.7445112, 4.006010699999933;59211;AUVERGNE-RHONE-ALPES;42019;3092;42;42201;Boën;7283;06-autres communes et unités urbaines;1;45;483;97,44954535;De 5 à 10 000 entrées;E;;C;202;164;4;63,21796303;21,92035728;9,304056569;5,557623124;91;31,63379233
6;152;14139;9046;46.618744;3.759124;46.618744, 3.759124;67304;BOURGOGNE-FRANCHE-COMTE;71047;4756;71;71201;Bourbon-Lancy;4756;06-autres communes et unités urbaines;1;52;1144;56,30112757;De 10 à 20 000 entrées;E;JP;I;256;180;11;58,39448521;25,83944852;11,58550145;4,180564821;110;20,53961901
6;2010;355120;214843;45.590599;5.277321;45.590599, 5.277321;68423;AUVERGNE-RHONE-ALPES;38053;30011;38;38501;Bourgoin-Jallieu;62489;05-Unités urbaines de 20 000 à 100 000 hbts;12;53;19158;65,2927952;De 300 à 450 000 entrées;D;;C;387;281;216;32,67965501;51,63661053;11,60627031;4,077464149;173;7,625110793
6;388;43879;27852;45.622605;6.777587;45.622605, 6.777587;68517;AUVERGNE-RHONE-ALPES;73054;7561;73;73204;Bourg-Saint-Maurice;9977;06-autres communes et unités urbaines;3;53;3611;57,54344392;De 40 à 50 000 entrées;E;JP;C;264;220;147;45,92069119;39,5839692;9,694081187;4,801258423;133;19,87885333
6;358;15863;10692;45.452663;6.567576;45.452663, 6.567576;74553;AUVERGNE-RHONE-ALPES;73057;504;73;0;Zone rurale;14908533;04-Unités urbaines de 100 000 hbts ou plus;2;48;1143;48,36326225;De 10 à 20 000 entrées;E;;R;222;186;13;75,95432091;9,546416886;8,80862257;5,690639636;113;35,46545198
6;301;12732;7933;47.176632;3.0219310999999607;47.176632, 3.0219310999999607;102173;BOURGOGNE-FRANCHE-COMTE;58059;4726;58;254;La Charité-sur-Loire;5202;06-autres communes et unités urbaines;2;52;1663;60,49413841;De 10 à 20 000 entrées;E;RDJPPR;C;262;196;11;60,74713111;19,72816798;11,76853585;7,756165052;153;45,47082282
6;210;23768;14785;46.158309;4.170764;46.158309, 4.170764;102284;AUVERGNE-RHONE-ALPES;42052;3810;42;42204;Charlieu;9670;06-autres communes et unités urbaines;2;53;1727;60,75752452;De 20 à 30 000 entrées;E;RDJPPR;C;308;216;28;62,19440553;20,05513128;12,04302047;5,707442722;198;41,47950653
6;212;9548;4040;47.246351;6.672576;47.246351, 6.672576;102531;BOURGOGNE-FRANCHE-COMTE;25125;328;25;0;Zone rurale;14908533;04-Unités urbaines de 100 000 hbts ou plus;1;48;278;136,3366337;De 5 à 10 000 entrées;E;;R;179;133;1;66,86006826;18,91922639;6,166097838;8,054607509;72;33,10580205
6;195;5907;2010;45.877437;4.7121;45.877437, 4.7121;108298;AUVERGNE-RHONE-ALPES;69052;4270;69;758;Lyon;1720030;04-Unités urbaines de 100 000 hbts ou plus;1;38;96;193,880597;De 5 à 10 000 entrées;NON;;B;85;70;0;78,10805758;9,814918676;9,085810432;2,991213311;25;30,06169377
6;193;7914;4765;46.290173;4.304916;46.290173, 4.304916;114062;BOURGOGNE-FRANCHE-COMTE;71133;1699;71;71110;La Clayette;2878;06-autres communes et unités urbaines;1;53;542;66,08604407;De 5 à 10 000 entrées;E;JP;C;211;175;2;70,1995685;16,80151025;10,5987055;2,40021575;94;31,2162891
6;159;25378;15410;45.803623;3.108544;45.803623, 3.108544;114664;AUVERGNE-RHONE-ALPES;63113;149898;63;63701;Clermont-Ferrand;278692;04-Unités urbaines de 100 000 hbts ou plus;1;49;1642;64,68526931;De 20 à 30 000 entrées;A;RDJPPR;C;229;110;42;63,69536997;16,1996971;11,26135872;8,84357421;182;87,25118996
6;768;97404;67428;45.77645;3.08216;45.77645, 3.08216;114701;AUVERGNE-RHONE-ALPES;63113;149898;63;63701;Clermont-Ferrand;278692;04-Unités urbaines de 100 000 hbts ou plus;7;53;9775;44,45630895;De 80 à 100 000 entrées;NON;;C;167;129;121;37,91922848;43,58331106;14,87631346;3,621147005;22;2,402788345
6;269;43354;26637;45.778539;3.081053;45.778539, 3.081053;114717;AUVERGNE-RHONE-ALPES;63113;149898;63;63701;Clermont-Ferrand;278692;04-Unités urbaines de 100 000 hbts ou plus;3;53;5586;62,75856891;De 40 à 50 000 entrées;A;RDJPPR;C;292;162;142;62,38079501;12,68529884;8,884902276;16,04900387;251;92,342555
6;2218;234163;147887;45.807582;3.109175;45.807582, 3.109175;114727;AUVERGNE-RHONE-ALPES;63113;149898;63;63701;Clermont-Ferrand;278692;04-Unités urbaines de 100 000 hbts ou plus;12;53;23689;58,33913731;De 200 à 300 000 entrées;NON;;C;217;177;176;31,57375432;52,06666524;12,3763969;3,983183544;31;2,811608503
6;150;15351;7056;46.4211271;4.821967699999959;46.4211271, 4.821967699999959;114971;BOURGOGNE-FRANCHE-COMTE;71135;894;71;0;Zone rurale;14908533;04-Unités urbaines de 100 000 hbts ou plus;1;47;489;117,5595238;De 10 à 20 000 entrées;E;JPPR;R;72;17;0;78,49645583;6,175027263;12,64312977;2,685387132;58;69,66330425
6;655;63646;31444;46.063557;6.58368;46.063557, 6.58368;115566;AUVERGNE-RHONE-ALPES;74081;17372;74;74502;Cluses;93895;05-Unités urbaines de 20 000 à 100 000 hbts;3;53;4017;102,4106348;De 50 à 80 000 entrées;D;JP;C;337;250;84;38,46500257;45,37602934;10,83215389;5,326814205;216;20,71378024
6;600;16310;4467;46.287439;2.74393;46.287439, 2.74393;118073;AUVERGNE-RHONE-ALPES;3082;6285;3;3203;Commentry;7075;06-autres communes et unités urbaines;1;45;445;265,1220058;De 10 à 20 000 entrées;NON;;C;66;43;0;79,4959748;6,447322366;2,338116906;11,71858593;27;30,89254463
6;320;44675;28257;47.409738;2.924065;47.409738, 2.924065;121951;BOURGOGNE-FRANCHE-COMTE;58086;9658;58;58301;Cosne-Cours-sur-Loire;10733;06-autres communes et unités urbaines;2;53;1823;58,1024171;De 40 à 50 000 entrées;E;;C;233;176;35;45,38430164;39,76026466;11,85987492;2,995558778;92;11,54491072
6;189;2371;1393;46.100564;4.328791;46.100564, 4.328791;125424;AUVERGNE-RHONE-ALPES;69066;4457;69;69106;Cours-la-Ville;4457;06-autres communes et unités urbaines;1;46;148;70,20818378;De 2 à 5 000 entrées;NON;;I;120;98;0;71,12369338;15,76655052;8,710801394;4,398954704;35;25,6097561
6;345;18028;12701;46.831224;3.459781;46.831224, 3.459781;136773;BOURGOGNE-FRANCHE-COMTE;58095;5375;58;58201;Decize;7213;06-autres communes et unités urbaines;2;53;1504;41,9415794;De 10 à 20 000 entrées;E;;C;175;145;5;45,15367759;40,63044333;10,08035062;4,13552846;54;13,33370793
6;403;80932;51692;47.314412;5.048804;47.314412, 5.048804;138741;BOURGOGNE-FRANCHE-COMTE;21231;162454;21;21701;Dijon;253465;04-Unités urbaines de 100 000 hbts ou plus;3;53;5858;56,56581289;De 80 à 100 000 entrées;A;RDJPPR;C;329;192;165;66,0487393;10,69124302;11,80747054;11,45254714;292;95,48759087
6;1215;89975;;47.316794;5.030016;47.316794, 5.030016;138804;BOURGOGNE-FRANCHE-COMTE;21231;162454;21;21701;Dijon;253465;04-Unités urbaines de 100 000 hbts ou plus;9;35;10867;;De 80 à 100 000 entrées;NON;;C;174;155;107;33,84717893;54,46989204;6,664182139;5,018746894;72;11,14762615
6;435;63204;28909;46.253781;6.118753;46.253781, 6.118753;157971;AUVERGNE-RHONE-ALPES;1160;10784;1;652;Genève (SUI) - Annemasse (partie française);195045;04-Unités urbaines de 100 000 hbts ou plus;3;53;3600;118,6308762;De 50 à 80 000 entrées;C;JP;B;197;164;110;37,16435834;41,49547674;15,09887119;6,241293731;82;14,98198703
6;150;174;;46.656698;6.0275;46.656698, 6.0275;162501;BOURGOGNE-FRANCHE-COMTE;39228;1128;39;0;Zone rurale;14908533;04-Unités urbaines de 100 000 hbts ou plus;1;6;9;;Moins de 2000 entrées;NON;;R;6;6;0;40,8045977;45,97701149;13,2183908;0;1;7,471264368
6;177;8134;5584;45.977393;5.601461;45.977393, 5.601461;192631;AUVERGNE-RHONE-ALPES;1185;4981;1;1120;Hauteville-Lompnes;4981;06-autres communes et unités urbaines;1;50;639;45,66618911;De 5 à 10 000 entrées;NON;;I;178;160;5;61,78017026;28,31747621;8,475212819;1,427140711;64;25,86379569
6;995;135471;88611;46.673143;5.558777;46.673143, 5.558777;232586;BOURGOGNE-FRANCHE-COMTE;39300;17921;39;39401;Lons-le-Saunier;27869;05-Unités urbaines de 20 000 à 100 000 hbts;7;53;11584;52,88282493;De 100 à 150 000 entrées;NON;;C;200;164;153;35,87487708;50,17134003;10,37724604;3,576536846;24;2,406209959
6;469;17086;11430;46.630199;5.222983;46.630199, 5.222983;233941;BOURGOGNE-FRANCHE-COMTE;71263;6675;71;71301;Louhans;12262;06-autres communes et unités urbaines;3;53;3290;49,48381452;De 10 à 20 000 entrées;E;;C;161;126;47;42,04072053;39,82280115;16,07698175;2,059496568;56;24,52033093
6;898;132339;82712;45.769811;4.855776;45.769811, 4.855776;238032;AUVERGNE-RHONE-ALPES;69123;528633;69;758;Lyon;1720030;04-Unités urbaines de 100 000 hbts ou plus;5;53;7411;59,9997582;De 100 à 150 000 entrées;NON;;C;151;103;91;72,66187594;7,431671692;13,33167094;6,574781433;96;58,13856837
6;2528;491329;330017;45.787335;4.812112;45.787335, 4.812112;238886;AUVERGNE-RHONE-ALPES;69123;528633;69;758;Lyon;1720030;04-Unités urbaines de 100 000 hbts ou plus;14;53;22068;48,87990619;De 450 à 700 000 entrées;NON;;C;363;263;216;35,35285012;47,63193978;13,17886826;3,836341846;127;7,574215803
6;300;10370;3951;45.871817;4.913437;45.871817, 4.913437;263612;AUVERGNE-RHONE-ALPES;1249;10355;1;758;Lyon;1720030;04-Unités urbaines de 100 000 hbts ou plus;1;48;283;162,4651987;De 10 à 20 000 entrées;C;JP;B;161;115;0;77,44972187;8,568677792;7,402652974;6,578947368;82;38,28626444
6;220;3581;1775;45.14954;6.634433;45.14954, 6.634433;264123;AUVERGNE-RHONE-ALPES;73157;3154;73;73109;Modane;3862;06-autres communes et unités urbaines;1;28;146;101,7464789;De 2 à 5 000 entrées;NON;;C;76;64;8;51,46726862;43,03047404;3,35778781;2,144469526;12;6,630925508
6;348;45606;25862;45.284509;4.176668;45.284509, 4.176668;266962;AUVERGNE-RHONE-ALPES;43137;9393;43;43301;Monistrol-sur-Loire;13923;06-autres communes et unités urbaines;2;52;1796;76,34367025;De 40 à 50 000 entrées;E;JP;C;271;230;27;46,70312903;39,24790498;9,783807892;4,265158095;135;15,96206662
6;640;21148;11085;46.674118;4.364044;46.674118, 4.364044;269843;BOURGOGNE-FRANCHE-COMTE;71306;17488;71;71402;Montceau-les-Mines;37692;05-Unités urbaines de 20 000 à 100 000 hbts;3;50;2174;90,78033378;De 20 à 30 000 entrées;D;;C;224;165;50;40,42268976;41,16215829;14,36954344;4,045608511;112;22,22222222
6;627;84228;55342;44.560981;4.749382;44.560981, 4.749382;271071;AUVERGNE-RHONE-ALPES;26198;40969;26;551;Montélimar;59460;05-Unités urbaines de 20 000 à 100 000 hbts;7;53;9273;52,19543927;De 80 à 100 000 entrées;NON;;C;151;128;119;35,18390832;49,54706484;9,758910102;5,510116741;42;6,325637795
6;165;14076;6786;44.495224;4.20018;44.495224, 4.20018;275460;AUVERGNE-RHONE-ALPES;7189;332;7;0;Zone rurale;14908533;04-Unités urbaines de 100 000 hbts ou plus;1;51;309;107,4270557;De 10 à 20 000 entrées;E;JP;R;167;107;2;78,84270335;10,99730861;9,427332536;0,732655502;114;63,30741627
6;291;4956;2672;45.62746;6.848058;45.62746, 6.848058;277331;AUVERGNE-RHONE-ALPES;73176;728;73;0;Zone rurale;14908533;04-Unités urbaines de 100 000 hbts ou plus;2;32;597;85,47904192;De 2 à 5 000 entrées;NON;;R;142;116;16;45,40053268;42,24544151;7,21163696;5,142388855;48;13,50133169
6;308;10844;7347;46.523212;6.020616;46.523212, 6.020616;277940;BOURGOGNE-FRANCHE-COMTE;39368;5496;39;39202;Morez;7854;06-autres communes et unités urbaines;2;51;1229;47,59765891;De 10 à 20 000 entrées;E;;C;183;152;54;43,31561141;40,11599807;11,50314161;5,065248913;60;20,92798453
6;1118;153798;103710;46.56427;3.339458;46.56427, 3.339458;280653;AUVERGNE-RHONE-ALPES;3190;19997;3;3401;Moulins;39082;05-Unités urbaines de 20 000 à 100 000 hbts;9;53;16592;48,29621059;De 150 à 200 000 entrées;D;RDJPPR;C;363;279;178;45,41095707;38,7424206;11,53671501;4,309907311;193;14,48433368
6;263;12944;7399;45.483587;6.527476;45.483587, 6.527476;281723;AUVERGNE-RHONE-ALPES;73181;3932;73;73110;Moûtiers;4946;06-autres communes et unités urbaines;2;52;1214;74,94255981;De 10 à 20 000 entrées;E;JP;C;234;185;13;43,56697072;41,2305969;10,49767963;4,70475276;111;29,69275084
6;284;45362;27906;44.360368;5.13899;44.360368, 5.13899;295254;AUVERGNE-RHONE-ALPES;26220;6921;26;26202;Nyons;6921;06-autres communes et unités urbaines;2;51;2189;62,55285602;De 40 à 50 000 entrées;E;RDJPPR;I;384;302;25;60,28408824;21,10672123;11,39410188;7,21508866;262;50,65613094
6;100;1163;509;44.807704;4.628561;44.807704, 4.628561;296921;AUVERGNE-RHONE-ALPES;7167;1034;7;0;Zone rurale;14908533;04-Unités urbaines de 100 000 hbts ou plus;1;46;81;128,4872299;Moins de 2000 entrées;NON;;R;35;26;0;76,97368421;19,32565789;0,657894737;3,042763158;15;39,30921053
6;153;15713;8661;47.106949;6.144394;47.106949, 6.144394;299281;BOURGOGNE-FRANCHE-COMTE;25434;4528;25;25110;Ornans;4528;06-autres communes et unités urbaines;1;53;1233;81,42246854;De 10 à 20 000 entrées;E;JP;I;171;132;17;56,71014183;25,67885397;10,64072411;6,970280094;59;28,33012615
6;164;14091;7586;46.255796;5.651795;46.255796, 5.651795;301624;AUVERGNE-RHONE-ALPES;1283;22724;1;1401;Oyonnax;33958;05-Unités urbaines de 20 000 à 100 000 hbts;2;49;1384;85,75006591;De 10 à 20 000 entrées;D;JP;C;242;174;49;66,48444409;11,73727792;14,71179355;7,066484444;185;69,29013586
6;479;47223;29272;46.258908;5.655149;46.258908, 5.655149;301633;AUVERGNE-RHONE-ALPES;1283;22724;1;1401;Oyonnax;33958;05-Unités urbaines de 20 000 à 100 000 hbts;3;52;2507;61,32481552;De 40 à 50 000 entrées;NON;;C;177;143;106;32,79391986;50,27433232;12,19017527;4,741572554;38;6,396105976
6;88;9924;4245;45.703741;4.823295;45.703741, 4.823295;310542;AUVERGNE-RHONE-ALPES;69152;10555;69;758;Lyon;1720030;04-Unités urbaines de 100 000 hbts ou plus;1;47;696;133,7809187;De 5 à 10 000 entrées;C;JP;B;255;179;0;70,41756024;13,72524284;5,979563517;9,877633405;153;66,94840419
6;100;14764;5937;45.640438;4.467393;45.640438, 4.467393;317831;AUVERGNE-RHONE-ALPES;69155;1160;69;0;Zone rurale;14908533;04-Unités urbaines de 100 000 hbts ou plus;1;46;597;148,6777834;De 10 à 20 000 entrées;NON;;R;70;40;0;72,15660055;18,22301463;5,727657678;3,892727138;28;33,28876012
6;964;170782;99626;46.901894;6.357637;46.901894, 6.357637;318711;BOURGOGNE-FRANCHE-COMTE;25462;18618;25;25401;Pontarlier;23904;05-Unités urbaines de 20 000 à 100 000 hbts;6;53;7806;71,42312248;De 150 à 200 000 entrées;D;;C;287;208;164;44,08010058;40,55137148;11,02561623;4,342911715;107;12,18553934
6;189;26291;15139;45.53638;5.670755;45.53638, 5.670755;319161;AUVERGNE-RHONE-ALPES;38315;3689;38;360;Le Pont-de-Beauvoisin;16933;06-autres communes et unités urbaines;2;49;1324;73,6640465;De 20 à 30 000 entrées;NON;;C;212;175;18;51,08632508;35,19228535;9,325742613;4,395646954;77;19,34859223
6;552;8986;3978;44.874731;4.88233;44.874731, 4.88233;321594;AUVERGNE-RHONE-ALPES;26252;10685;26;651;Valence;135081;04-Unités urbaines de 100 000 hbts ou plus;2;45;530;125,8924082;De 5 à 10 000 entrées;C;;B;120;85;5;77,04719156;16,82639816;4,512920053;1,613490234;73;53,91241053
6;100;8466;3918;45.186514;4.029204;45.186514, 4.029204;335751;AUVERGNE-RHONE-ALPES;43162;3043;43;0;Zone rurale;14908533;04-Unités urbaines de 100 000 hbts ou plus;1;53;327;116,0796325;De 5 à 10 000 entrées;E;;R;121;95;0;64,77423639;24,86719788;3,735059761;6,623505976;51;44,12350598
6;384;41593;26293;45.528846;4.614829;45.528846, 4.614829;338461;AUVERGNE-RHONE-ALPES;42186;15208;42;753;Saint-Étienne;380055;04-Unités urbaines de 100 000 hbts ou plus;2;53;2919;58,19039288;De 40 à 50 000 entrées;C;JPPR;B;343;230;39;55,07202881;27,88660919;11,62010259;5,421259413;201;43,87482266
6;434;28265;14346;45.046219;5.050587;45.046219, 5.050587;341771;AUVERGNE-RHONE-ALPES;26281;33486;26;26501;Romans-sur-Isère;58225;05-Unités urbaines de 20 000 à 100 000 hbts;3;48;2335;97,02356057;De 20 à 30 000 entrées;D;JPPR;C;167;109;92;67,90449866;16,59656291;8,196130273;7,302808156;138;89,82093498
6;291;17686;11068;46.484074;6.058293;46.484074, 6.058293;345631;BOURGOGNE-FRANCHE-COMTE;39470;3738;39;0;Zone rurale;14908533;04-Unités urbaines de 100 000 hbts ou plus;2;53;1743;59,79400072;De 10 à 20 000 entrées;E;;R;208;177;54;47,93593895;39,089963;10,70189639;2,272201665;85;19,16628122
6;516;73544;41836;45.85878;5.957306;45.85878, 5.957306;347732;AUVERGNE-RHONE-ALPES;74225;16362;74;74302;Rumilly;18566;06-autres communes et unités urbaines;3;53;3563;75,79118463;De 50 à 80 000 entrées;E;JP;C;293;231;98;44,46793821;39,84206438;10,9720664;4,717931015;144;16,89105607
6;124;14268;8773;47.49215;4.334794;47.49215, 4.334794;359082;BOURGOGNE-FRANCHE-COMTE;21603;4466;21;21109;Semur-en-Auxois;4466;06-autres communes et unités urbaines;1;53;752;62,63535849;De 10 à 20 000 entrées;E;RDJPPR;I;244;188;2;62,29645412;18,92406026;12,83670674;5,942778877;153;54,83944605
6;432;55986;32035;45.230283;5.681963;45.230283, 5.681963;382760;AUVERGNE-RHONE-ALPES;38382;16221;38;38701;Grenoble;523867;04-Unités urbaines de 100 000 hbts ou plus;2;49;1756;74,76510067;De 50 à 80 000 entrées;C;JP;B;304;239;47;57,57581552;26,50770584;10,83024207;5,086236567;165;37,06833913
6;1733;222948;139481;45.441579;4.383999;45.441579, 4.383999;383245;AUVERGNE-RHONE-ALPES;42218;176016;42;753;Saint-Étienne;380055;04-Unités urbaines de 100 000 hbts ou plus;10;53;17593;59,84112531;De 200 à 300 000 entrées;NON;;C;213;178;166;29,26227697;54,72839835;11,05479829;4,954526394;40;4,845407774
6;630;109696;71215;45.441646;4.387294;45.441646, 4.387294;383585;AUVERGNE-RHONE-ALPES;42218;176016;42;753;Saint-Étienne;380055;04-Unités urbaines de 100 000 hbts ou plus;4;53;6547;54,03496454;De 100 à 150 000 entrées;A;RDJPPR;C;321;241;194;69,38959297;8,064652302;12,14622752;10,39952721;289;89,31342107
6;147;8236;5065;45.599999;5.633175;45.599999, 5.633175;387191;AUVERGNE-RHONE-ALPES;73236;2962;73;167;Aoste;5894;06-autres communes et unités urbaines;1;49;620;62,60612043;De 5 à 10 000 entrées;E;JP;B;202;169;0;73,31117021;15,7712766;6,848404255;4,069148936;114;46,56914894
6;187;11194;6753;45.388247;5.73148;45.388247, 5.73148;397231;AUVERGNE-RHONE-ALPES;38412;4601;38;38124;Saint-Laurent-du-Pont;4601;06-autres communes et unités urbaines;1;51;524;65,76336443;De 10 à 20 000 entrées;E;;I;183;152;0;44,77444662;36,11655926;10,46978612;8,639207995;70;24,18978239
6;330;35577;20905;45.155481;5.318377;45.155481, 5.318377;400305;AUVERGNE-RHONE-ALPES;38416;7914;38;38401;Saint-Marcellin;21466;05-Unités urbaines de 20 000 à 100 000 hbts;2;53;1739;70,18416647;De 30 à 40 000 entrées;D;;C;274;228;98;54,43525055;31,72954519;9,660340238;4,17486402;127;23,78775605
6;159;25218;12533;44.353475;4.739599;44.353475, 4.739599;409903;AUVERGNE-RHONE-ALPES;26324;9162;26;26203;Saint-Paul-Trois-Châteaux;10672;06-autres communes et unités urbaines;1;53;1086;101,2127982;De 20 à 30 000 entrées;E;PR;C;267;202;14;47,02098996;37,67763244;10,71661379;4,584763809;135;29,16431272
6;354;54282;30066;45.176008;4.816127;45.176008, 4.816127;419082;AUVERGNE-RHONE-ALPES;26333;4172;26;269;Saint-Vallier;9700;06-autres communes et unités urbaines;2;53;2284;80,54280583;De 50 à 80 000 entrées;E;JPPR;C;279;208;41;46,42207164;41,85672798;9,405614714;2,315585673;151;22,2768635
6;277;7373;3831;45.482487;4.429981;45.482487, 4.429981;421204;AUVERGNE-RHONE-ALPES;42305;7143;42;753;Saint-Étienne;380055;04-Unités urbaines de 100 000 hbts ou plus;1;44;220;92,45627773;De 5 à 10 000 entrées;NON;;B;157;130;0;75,77447336;10,88909542;9,464064436;3,872366791;78;54,18215613
6;189;24772;14518;44.550873;4.681776;44.550873, 4.681776;423061;AUVERGNE-RHONE-ALPES;7319;9051;7;551;Montélimar;59460;05-Unités urbaines de 20 000 à 100 000 hbts;2;52;2217;70,6295633;De 20 à 30 000 entrées;D;RDJP;B;376;261;20;53,77836434;21,32061816;17,84665162;7,054365873;222;41,5981949
6;114;11260;4103;45.99595;6.239124;45.99595, 6.239124;427042;AUVERGNE-RHONE-ALPES;74282;9781;74;0;Zone rurale;14908533;04-Unités urbaines de 100 000 hbts ou plus;1;53;377;174,4333415;De 10 à 20 000 entrées;E;JPPR;R;146;93;1;70,74089577;13,54123064;9,794893261;5,922980326;98;60,621599
6;219;16977;9550;46.562498;4.912313;46.562498, 4.912313;431604;BOURGOGNE-FRANCHE-COMTE;71543;5832;71;71202;Tournus;5832;06-autres communes et unités urbaines;1;51;769;77,76963351;De 10 à 20 000 entrées;E;RDJPPR;I;256;146;1;66,6060454;15,67791296;12,22250094;5,4935407;162;57,75743133
6;280;10349;4459;44.995012;6.117879;44.995012, 6.117879;446901;AUVERGNE-RHONE-ALPES;38253;1979;38;0;Zone rurale;14908533;04-Unités urbaines de 100 000 hbts ou plus;2;40;676;132,0923974;De 10 à 20 000 entrées;NON;;R;172;152;38;46,50266746;39,50800237;11,23295791;2,756372258;56;10,99585062
6;528;70714;43105;45.238286;5.888231;45.238286, 5.888231;454504;AUVERGNE-RHONE-ALPES;38547;7431;38;38701;Grenoble;523867;04-Unités urbaines de 100 000 hbts ou plus;2;52;2044;64,05057418;De 50 à 80 000 entrées;C;JP;B;283;203;48;62,3566879;23,22026366;9,123092875;5,299955562;174;38,2832173
6;204;2878;1421;45.244201;6.263395;45.244201, 6.263395;454712;AUVERGNE-RHONE-ALPES;73318;259;73;0;Zone rurale;14908533;04-Unités urbaines de 100 000 hbts ou plus;1;27;202;102,5334272;De 2 à 5 000 entrées;NON;;R;81;72;33;49,80667838;36,13356766;9,806678383;4,253075571;14;6,818980668
6;392;53076;31238;45.989404;4.716509;45.989404, 4.716509;456493;AUVERGNE-RHONE-ALPES;69264;36419;69;758;Lyon;1720030;04-Unités urbaines de 100 000 hbts ou plus;3;50;2810;69,90844484;De 50 à 80 000 entrées;C;RDJPPR;B;272;146;60;77,7632386;7,548558577;7,716213453;6,971989368;226;85,31997547
6;252;31491;20035;45.143821;4.124759;45.143821, 4.124759;469500;AUVERGNE-RHONE-ALPES;43268;7743;43;43201;Yssingeaux;7743;06-autres communes et unités urbaines;2;53;1656;57,17993511;De 30 à 40 000 entrées;E;JP;I;240;187;29;56,24087107;29,13623689;11,06758731;3,55530474;121;20,98990838
6;3457;435129;307521;45.738623;4.82112;45.738623, 4.82112;721000;AUVERGNE-RHONE-ALPES;69123;528633;69;758;Lyon;1720030;04-Unités urbaines de 100 000 hbts ou plus;14;53;25764;41,49570273;De 300 à 450 000 entrées;NON;;C;291;208;178;37,37865195;44,66160704;14,13969532;3,820045684;145;17,48609218
7;168;10082;3554;43.566091;4.189267;43.566091, 4.189267;12454;OCCITANIE;30003;8742;30;30210;Aigues-Mortes;8742;06-autres communes et unités urbaines;1;52;1057;183,6803602;De 10 à 20 000 entrées;E;;I;262;216;23;48,68810618;32,28177642;12,59826442;6,431852986;121;27,61613068
7;431;117882;60916;43.526562;5.448932;43.526562, 5.448932;13405;PROVENCE-ALPES-COTE D'AZUR;13001;150358;13;759;Marseille - Aix-en-Provence;1630325;04-Unités urbaines de 100 000 hbts ou plus;3;53;4292;93,51566091;De 100 à 150 000 entrées;C;RD;B;145;113;97;66,70717922;11,87329486;8,267960802;13,15156512;132;91,04105933
7;1539;368683;251687;43.525387;5.446893;43.525387, 5.446893;13413;PROVENCE-ALPES-COTE D'AZUR;13001;150358;13;759;Marseille - Aix-en-Provence;1630325;04-Unités urbaines de 100 000 hbts ou plus;9;53;13291;46,4847211;De 300 à 450 000 entrées;NON;;B;194;160;157;42,08201668;40,7495742;12,65108408;4,517325038;32;6,657557353
7;432;1169;631;41.921426;8.739468;41.921426, 8.739468;13684;CORSE;2A004;73483;2A;2A501;Ajaccio;73483;05-Unités urbaines de 20 000 à 100 000 hbts;1;3;18;85,2614897;Moins de 2000 entrées;NON;;I;14;12;0;74,15929204;10,17699115;13,27433628;2,389380531;10;60,7079646
7;432;1364;336;41.921426;8.739468;41.921426, 8.739468;13692;CORSE;2A004;73483;2A;2A501;Ajaccio;73483;05-Unités urbaines de 20 000 à 100 000 hbts;1;2;22;305,952381;Moins de 2000 entrées;NON;;I;10;4;1;4,144687265;0;95,85531274;0;5;36,39788998
7;1309;210060;113036;44.125939;4.077527;44.125939, 4.077527;14533;OCCITANIE;30007;43492;30;30501;Alès;101194;04-Unités urbaines de 100 000 hbts ou plus;8;53;12539;85,83460137;De 200 à 300 000 entrées;D;JP;C;441;305;240;38,73131802;45,85634825;10,82466747;4,587666264;236;15,14437727
7;197;6083;2033;42.577018;2.075079;42.577018, 2.075079;19242;OCCITANIE;66004;554;66;0;Zone rurale;14908533;04-Unités urbaines de 100 000 hbts ou plus;1;35;315;199,2129857;De 5 à 10 000 entrées;NON;;R;145;114;1;49,05370844;41,26172208;6,121057118;3,563512361;60;21,14236999
7;159;8470;5664;44.792274;6.558372;44.792274, 6.558372;23392;PROVENCE-ALPES-COTE D'AZUR;5006;2324;5;5101;L'Argentière-la-Bessée;2324;06-autres communes et unités urbaines;1;53;660;49,54096045;De 5 à 10 000 entrées;E;PR;I;291;245;4;64,6944982;20,16864805;11,19712469;3,939729057;145;49,69588056
7;139;19902;12092;43.947217;4.806805;43.947217, 4.806805;33772;PROVENCE-ALPES-COTE D'AZUR;84007;92277;84;754;Avignon;470065;04-Unités urbaines de 100 000 hbts ou plus;1;49;1346;64,58815746;De 10 à 20 000 entrées;B;RDJPPR;C;328;223;127;65,7378153;9,809913503;13,92759103;10,52468017;293;90,25224012
7;2604;398668;237519;43.929048;4.837198;43.929048, 4.837198;33801;PROVENCE-ALPES-COTE D'AZUR;84007;92277;84;754;Avignon;470065;04-Unités urbaines de 100 000 hbts ou plus;14;53;22381;67,84678278;De 300 à 450 000 entrées;NON;;C;314;249;200;28,83606644;55,02564582;12,0271196;4,11116813;110;4,716606713
7;84;8053;5868;43.349529;6.177013;43.349529, 6.177013;52619;PROVENCE-ALPES-COTE D'AZUR;83018;3122;83;83206;Carnoules;11450;06-autres communes et unités urbaines;1;51;402;37,23585549;De 5 à 10 000 entrées;NON;;C;91;81;0;53,48317397;34,64547374;8,170868;3,700484292;7;2,918167143
7;370;12652;8595;43.550134;7.029043;43.550134, 7.029043;84781;PROVENCE-ALPES-COTE D'AZUR;6029;73159;6;6701;Nice;966577;04-Unités urbaines de 100 000 hbts ou plus;1;34;111;47,20186155;De 10 à 20 000 entrées;NON;;B;85;23;1;73,61392833;5,992224476;13,48039216;6,913455037;43;38,91142664
7;263;44715;21075;43.216587;2.352707;43.216587, 2.352707;86072;OCCITANIE;11069;47854;11;11501;Carcassonne;50504;05-Unités urbaines de 20 000 à 100 000 hbts;3;53;4541;112,1708185;De 40 à 50 000 entrées;D;RDJPPR;C;324;221;133;69,98018494;11,66021891;11,76637101;6,593225137;273;90,02877901
7;277;6176;3350;43.772944;7.193186;43.772944, 7.193186;86930;PROVENCE-ALPES-COTE D'AZUR;6033;13010;6;6701;Nice;966577;04-Unités urbaines de 100 000 hbts ou plus;1;24;130;84,35820896;De 5 à 10 000 entrées;NON;;B;114;92;0;59,64570128;22,37932716;15,08207379;2,892897773;51;50,17064846
7;111;10207;6336;43.215622;5.538828;43.215622, 5.538828;87646;PROVENCE-ALPES-COTE D'AZUR;13022;6889;13;13211;Cassis;6889;06-autres communes et unités urbaines;1;52;980;61,09532828;De 10 à 20 000 entrées;E;;I;168;146;5;66,84507591;21,3312573;7,746204749;4,077462047;104;45,24133904
7;447;61517;32897;43.320632;1.951331;43.320632, 1.951331;88236;OCCITANIE;11076;12978;11;11302;Castelnaudary;14399;06-autres communes et unités urbaines;3;53;4165;86,99881448;De 50 à 80 000 entrées;E;JP;C;337;245;101;48,48773356;35,71465003;11,29396964;4,503646781;167;23,34789779
7;329;34002;16660;43.885453;4.855476;43.885453, 4.855476;104824;PROVENCE-ALPES-COTE D'AZUR;13027;16454;13;754;Avignon;470065;04-Unités urbaines de 100 000 hbts ou plus;3;50;2961;104,0936375;De 30 à 40 000 entrées;C;;B;283;205;68;49,57540002;38,29444891;7,246506362;4,883644707;143;19,72229671
7;232;26166;14876;42.301162;9.151626;42.301162, 9.151626;121792;CORSE;2B096;7665;2B;2B203;Corte;7665;06-autres communes et unités urbaines;2;52;2549;75,89405754;De 20 à 30 000 entrées;NON;;I;222;134;43;31,13929067;46,47909649;17,18248464;5,199128195;95;11,43253418
7;767;70764;42599;44.087669;6.231264;44.087669, 6.231264;138595;PROVENCE-ALPES-COTE D'AZUR;4070;17804;4;4301;Digne-les-Bains;18681;06-autres communes et unités urbaines;4;53;5810;66,11657551;De 50 à 80 000 entrées;E;RDJP;C;293;219;184;45,70927693;40,00603518;9,67927348;4,605414415;153;21,54845385
7;150;19823;9039;43.158478;2.727734;43.158478, 2.727734;155143;OCCITANIE;11140;1277;11;0;Zone rurale;14908533;04-Unités urbaines de 100 000 hbts ou plus;1;53;1089;119,3052329;De 10 à 20 000 entrées;E;JPPR;R;270;173;5;72,23311547;17,41285403;7,34204793;3,011982571;162;34,6459695
7;254;2814;1388;43.620961;6.698294;43.620961, 6.698294;157011;PROVENCE-ALPES-COTE D'AZUR;83055;5857;83;83301;Fayence;11492;06-autres communes et unités urbaines;1;51;136;102,7377522;De 2 à 5 000 entrées;NON;;C;130;116;3;46,80170576;36,92253021;14,78322672;1,492537313;40;37,38450604
7;135;24007;13874;43.959829;5.781061;43.959829, 5.781061;164831;PROVENCE-ALPES-COTE D'AZUR;4088;5210;4;4202;Forcalquier;6590;06-autres communes et unités urbaines;1;49;1086;73,03589448;De 20 à 30 000 entrées;E;RDJPPR;C;255;178;3;68,48910874;12,73539877;9,806474009;8,969018485;215;83,08166276
7;166;15135;9454;43.936455;3.709731;43.936455, 3.709731;172662;OCCITANIE;34111;4216;34;34209;Ganges;8369;06-autres communes et unités urbaines;1;53;1146;60,09096679;De 10 à 20 000 entrées;E;;C;284;204;41;55,61445111;24,90584461;12,95159715;6,528107128;155;34,95606082
7;230;10700;5344;43.659584;6.922053;43.659584, 6.922053;184053;PROVENCE-ALPES-COTE D'AZUR;6069;49607;6;6701;Nice;966577;04-Unités urbaines de 100 000 hbts ou plus;2;47;1682;100,2245509;De 10 à 20 000 entrées;C;;B;353;286;13;57,47978437;16,2206392;17,78975741;8,509819022;215;60,62764729
7;2436;592641;381211;43.289155;5.481134;43.289155, 5.481134;249831;PROVENCE-ALPES-COTE D'AZUR;13055;876602;13;759;Marseille - Aix-en-Provence;1630325;04-Unités urbaines de 100 000 hbts ou plus;11;53;16674;55,46272274;De 450 à 700 000 entrées;NON;;C;171;131;127;27,5839058;56,04548596;12,33046082;4,040147419;31;1,858664282
7;345;22433;9941;43.294553;5.498707;43.294553, 5.498707;250410;PROVENCE-ALPES-COTE D'AZUR;13055;876602;13;759;Marseille - Aix-en-Provence;1630325;04-Unités urbaines de 100 000 hbts ou plus;1;52;1276;125,6614023;De 20 à 30 000 entrées;NON;;C;106;77;6;54,99613502;26,51893842;14,38804432;4,096882247;42;21,70059263
7;230;23431;5622;43.312724;5.384422;43.312724, 5.384422;250412;PROVENCE-ALPES-COTE D'AZUR;13055;876602;13;759;Marseille - Aix-en-Provence;1630325;04-Unités urbaines de 100 000 hbts ou plus;1;46;884;316,7733903;De 20 à 30 000 entrées;A;RDJPPR;C;169;74;11;52,39376277;20,69944702;20,50017436;6,406615852;120;70,3880835
7;177;15095;6705;44.551614;3.291609;44.551614, 3.291609;251251;OCCITANIE;48092;4956;48;48201;Marvejols;6201;06-autres communes et unités urbaines;1;39;918;125,1304996;De 10 à 20 000 entrées;E;;C;189;160;12;49,26935824;32,96173546;14,08556794;3,683338355;106;37,07442001
7;260;12992;8178;42.814211;2.600537;42.814211, 2.600537;253313;OCCITANIE;66107;801;66;0;Zone rurale;14908533;04-Unités urbaines de 100 000 hbts ou plus;1;49;327;58,86524823;De 10 à 20 000 entrées;E;;R;121;94;21;66,29162093;24,26820344;6,90633004;2,533845591;43;20,20673253
7;165;20299;7304;43.581558;5.001721;43.581558, 5.001721;263261;PROVENCE-ALPES-COTE D'AZUR;13063;26807;13;759;Marseille - Aix-en-Provence;1630325;04-Unités urbaines de 100 000 hbts ou plus;1;50;1396;177,9162103;De 20 à 30 000 entrées;C;JP;B;262;178;3;55,61702128;20,81458967;14,12765957;9,440729483;171;54,75379939
7;1067;274892;168217;43.607742;3.880324;43.607742, 3.880324;275201;OCCITANIE;34172;302425;34;34701;Montpellier;472000;04-Unités urbaines de 100 000 hbts ou plus;6;53;11883;63,41511262;De 200 à 300 000 entrées;A;RDJPPR;C;418;303;287;65,69885012;8,314440812;14,14286085;11,84384821;360;89,57355468
7;1366;176341;112274;43.702059;7.266941;43.702059, 7.266941;290044;PROVENCE-ALPES-COTE D'AZUR;6088;346376;6;6701;Nice;966577;04-Unités urbaines de 100 000 hbts ou plus;7;53;12324;57,06307783;De 150 à 200 000 entrées;NON;;C;296;216;159;60,10630308;22,25374083;12,14166041;5,498295684;161;53,92397019
7;2928;436925;251942;43.814338;4.367462;43.814338, 4.367462;291014;OCCITANIE;30189;149761;30;30601;Nîmes;185561;04-Unités urbaines de 100 000 hbts ou plus;12;53;18927;73,42285129;De 300 à 450 000 entrées;NON;;C;279;198;197;27,79937864;55,5578415;12,95573699;3,687042876;43;2,332430258
7;161;3826;1914;43.875599;4.9035;43.875599, 4.9035;294314;PROVENCE-ALPES-COTE D'AZUR;13066;5893;13;754;Avignon;470065;04-Unités urbaines de 100 000 hbts ou plus;1;44;175;99,89550679;De 2 à 5 000 entrées;NON;;B;161;125;1;72,03389831;13,55932203;10,2788409;4,127938764;78;35,40185894
7;283;30580;18781;44.137785;4.809487;44.137785, 4.809487;297871;PROVENCE-ALPES-COTE D'AZUR;84087;29103;84;754;Avignon;470065;04-Unités urbaines de 100 000 hbts ou plus;3;53;3029;62,82413077;De 30 à 40 000 entrées;C;;B;160;127;68;51,27969851;36,11338686;9,847615927;2,759298706;59;15,90693102
7;255;7139;3952;44.493107;6.556982;44.493107, 6.556982;299451;PROVENCE-ALPES-COTE D'AZUR;5098;543;5;0;Zone rurale;14908533;04-Unités urbaines de 100 000 hbts ou plus;1;31;263;80,64271255;De 5 à 10 000 entrées;NON;;R;78;68;27;39,0688543;51,38129295;6,240358996;3,30949376;6;2,341887533
7;216;9453;3735;42.4151068;1.9811399999999821;42.4151068, 1.9811399999999821;300171;OCCITANIE;66130;1441;66;0;Zone rurale;14908533;04-Unités urbaines de 100 000 hbts ou plus;1;53;371;153,0923695;De 5 à 10 000 entrées;E;;R;194;163;0;46,64515411;37,99933237;10,89351285;4,462000668;73;23,42272171
7;251;5836;3280;44.0967176;6.928323500000033;44.0967176, 6.928323500000033;306601;PROVENCE-ALPES-COTE D'AZUR;6094;886;6;0;Zone rurale;14908533;04-Unités urbaines de 100 000 hbts ou plus;1;25;306;77,92682927;De 5 à 10 000 entrées;NON;;R;92;78;7;42,32822456;47,90769761;5,751679008;4,012398829;28;11,69278457
7;200;5034;2046;42.003231;9.362695;42.003231, 9.362695;326741;CORSE;2B251;3762;2B;2B101;Prunelli-di-Fiumorbo;3762;06-autres communes et unités urbaines;1;34;144;146,0410557;De 5 à 10 000 entrées;NON;;I;51;36;2;58,13903282;16,29965458;24,30915371;1,252158895;22;45,48791019
7;210;6347;3569;42.875502;2.184954;42.875502, 2.184954;329941;OCCITANIE;11304;3237;11;11109;Quillan;3549;06-autres communes et unités urbaines;1;53;411;77,83692911;De 5 à 10 000 entrées;E;;C;252;188;5;52,19504293;26,55110967;15,11420703;6,139640369;156;60,84561801
7;308;9447;4940;44.647615;6.629737;44.647615, 6.629737;338342;PROVENCE-ALPES-COTE D'AZUR;5119;676;5;0;Zone rurale;14908533;04-Unités urbaines de 100 000 hbts ou plus;2;28;867;91,23481781;De 5 à 10 000 entrées;NON;;R;73;61;18;41,7690678;47,83898305;8,125;2,266949153;10;1,483050847
7;2082;231138;133969;42.765685;2.868611;42.765685, 2.868611;338590;OCCITANIE;66164;9160;66;66601;Perpignan;205745;04-Unités urbaines de 100 000 hbts ou plus;12;53;23339;72,53095865;De 200 à 300 000 entrées;NON;;B;211;181;178;28,70226092;54,59323851;12,34325696;4,361243614;25;1,590760136
7;234;47049;24990;43.117504;5.799215;43.117504, 5.799215;351621;PROVENCE-ALPES-COTE D'AZUR;83123;17440;83;757;Toulon;598427;04-Unités urbaines de 100 000 hbts ou plus;1;53;2108;88,27130852;De 40 à 50 000 entrées;NON;;B;155;143;119;67,39167447;23,61241168;5,322635567;3,673278284;53;23,79118073
7;481;55022;29581;43.404513;3.695345;43.404513, 3.695345;362034;OCCITANIE;34301;45175;34;34502;Sète;94539;05-Unités urbaines de 20 000 à 100 000 hbts;3;53;4286;86,00452993;De 50 à 80 000 entrées;D;RDJPPR;C;342;200;132;55,85171912;15,00914623;12,97084407;16,16829059;257;68,46231381
7;206;9511;5069;43.028712;2.979248;43.028712, 2.979248;363131;OCCITANIE;11379;5640;11;11201;Sigean;5640;06-autres communes et unités urbaines;1;48;541;87,63069639;De 5 à 10 000 entrées;NON;;I;88;73;0;66,49319012;23,89547115;7,529620197;2,081718525;24;31,62440483
7;110;14039;10186;43.19174;5.713725;43.19174, 5.713725;381260;PROVENCE-ALPES-COTE D'AZUR;83112;12303;83;757;Toulon;598427;04-Unités urbaines de 100 000 hbts ou plus;1;53;1104;37,82642843;De 10 à 20 000 entrées;NON;;B;207;158;47;56,90083248;29,56039141;11,13626406;2,402512049;97;27,3112312
7;218;4533;2571;43.786667;5.762877;43.786667, 5.762877;418651;PROVENCE-ALPES-COTE D'AZUR;4197;3559;4;4401;Manosque;32595;05-Unités urbaines de 20 000 à 100 000 hbts;1;46;332;76,31271879;De 2 à 5 000 entrées;D;;B;222;193;0;64,67025572;19,35845671;8,793180799;7,178106774;113;45,98474652
7;100;4121;1972;42.666461;2.836131;42.666461, 2.836131;430102;OCCITANIE;66213;7385;66;66601;Perpignan;205745;04-Unités urbaines de 100 000 hbts ou plus;1;19;42;108,9756592;De 2 à 5 000 entrées;NON;;B;14;10;0;84,59111866;11,2351371;4,173744237;0;3;4,901722883
7;109;14749;5274;43.131815;5.988887;43.131815, 5.988887;440286;PROVENCE-ALPES-COTE D'AZUR;83144;24377;83;757;Toulon;598427;04-Unités urbaines de 100 000 hbts ou plus;1;53;981;179,6549109;De 10 à 20 000 entrées;C;;B;223;184;1;64,87116131;20,28238616;9,290504765;5,555947759;115;41,36957289
7;393;21128;10806;43.447301;5.250042;43.447301, 5.250042;463723;PROVENCE-ALPES-COTE D'AZUR;13117;34814;13;759;Marseille - Aix-en-Provence;1630325;04-Unités urbaines de 100 000 hbts ou plus;3;53;2274;95,52100685;De 20 à 30 000 entrées;C;RDJPPR;B;370;232;5;67,18406416;13,51700944;13,02548183;6,273444574;256;67,73379899
7;380;4163;1917;43.450397;4.427827;43.450397, 4.427827;703300;PROVENCE-ALPES-COTE D'AZUR;13096;2145;13;13101;Saintes-Maries-de-la-Mer;2145;06-autres communes et unités urbaines;1;49;116;117,1622327;De 2 à 5 000 entrées;NON;;I;56;50;0;57,49506903;28,62426036;11,16863905;2,712031558;10;11,78500986
7;2236;504557;286265;43.980769;4.874683;43.980769, 4.874683;721200;PROVENCE-ALPES-COTE D'AZUR;84092;17146;84;754;Avignon;470065;04-Unités urbaines de 100 000 hbts ou plus;11;53;18030;76,25521807;De 450 à 700 000 entrées;NON;;B;247;195;188;28,87258246;54,33003204;13,21218221;3,585203279;39;3,071013838
7;3271;967608;541196;43.137099;6.003711;43.137099, 6.003711;722760;PROVENCE-ALPES-COTE D'AZUR;83144;24377;83;757;Toulon;598427;04-Unités urbaines de 100 000 hbts ou plus;16;53;30098;78,79067842;De 700 000 à 1 million d'entrées;NON;;B;262;204;199;30,90693389;52,37636167;12,74176558;3,974938864;58;4,599493458
7;619;106081;59711;41.672626;9.302129;41.672626, 9.302129;723120;CORSE;2A139;1920;2A;0;Zone rurale;14908533;04-Unités urbaines de 100 000 hbts ou plus;4;53;7468;77,65738306;De 100 à 150 000 entrées;E;RDJP;R;365;273;141;40,43828879;43,35894307;11,45765814;4,745110001;185;12,94658177
7;1073;217854;78043;43.638856;5.094533;43.638856, 5.094533;723440;PROVENCE-ALPES-COTE D'AZUR;13103;45595;13;13501;Salon-de-Provence;62587;05-Unités urbaines de 20 000 à 100 000 hbts;9;53;13048;179,1461118;De 200 à 300 000 entrées;NON;;C;413;278;243;34,19372279;49,11444205;11,8389776;4,852857556;204;14,12418319
7;824;104378;18533;43.298607;5.383105;43.298607, 5.383105;723920;PROVENCE-ALPES-COTE D'AZUR;13055;876602;13;759;Marseille - Aix-en-Provence;1630325;04-Unités urbaines de 100 000 hbts ou plus;7;53;12787;463,200777;De 100 à 150 000 entrées;NON;;C;245;185;133;38,68538205;41,98967648;14,45772729;4,867214184;96;21,17089458
8;976;134761;12064;47.806562;7.170393;47.806562, 7.170393;92543;GRAND EST;68063;11769;68;68402;Thann - Cernay;32184;05-Unités urbaines de 20 000 à 100 000 hbts;7;53;9672;1017,050729;De 100 à 150 000 entrées;NON;;C;271;209;162;33,14452863;51,76920672;11,78007354;3,306191107;99;4,582669664
8;2041;407832;258745;48.521892;7.500139;48.521892, 7.500139;141410;GRAND EST;67101;2637;67;67401;Molsheim;27503;05-Unités urbaines de 20 000 à 100 000 hbts;13;53;22276;57,61927767;De 300 à 450 000 entrées;NON;;B;334;233;194;34,0743776;48,90097473;13,25833489;3,766312783;116;4,596510834
8;1650;192583;44229;48.80003;7.834416;48.80003, 7.834416;189741;GRAND EST;67180;36009;67;67501;Haguenau;61305;05-Unités urbaines de 20 000 à 100 000 hbts;10;53;10982;335,4224604;De 150 à 200 000 entrées;NON;;C;188;150;140;28,55714814;54,1773615;13,8860109;3,379479463;33;2,565197245
8;244;3981;2351;47.668953;7.496743;47.668953, 7.496743;207170;GRAND EST;68163;5721;68;68205;Kembs;9870;06-autres communes et unités urbaines;1;44;92;69,33219906;De 2 à 5 000 entrées;NON;;C;79;64;0;54,62735463;22,35872236;17,14441714;5,86950587;14;13,75921376
8;146;19321;10291;49.06744;6.148929;49.06744, 6.148929;248151;GRAND EST;57447;10187;57;57701;Metz;294649;04-Unités urbaines de 100 000 hbts ou plus;1;53;719;87,74657468;De 10 à 20 000 entrées;C;;B;248;191;15;72,3657215;11,23678258;10,98953127;5,407964648;112;31,97432795
8;854;83249;54759;47.755602;7.334726;47.755602, 7.334726;282651;GRAND EST;68224;109285;68;68701;Mulhouse;249916;04-Unités urbaines de 100 000 hbts ou plus;8;53;15001;52,02797714;De 80 à 100 000 entrées;NON;;C;337;236;225;56,17646701;25,28500687;12,97100656;5,567519558;205;44,11796912
8;226;5195;2346;48.536154;7.453136;48.536154, 7.453136;283523;GRAND EST;67313;6136;67;67401;Molsheim;27503;05-Unités urbaines de 20 000 à 100 000 hbts;1;53;284;121,4407502;De 5 à 10 000 entrées;D;;C;175;135;1;66,79389313;9,584393554;18,68108567;4,940627651;129;64,16454623
8;145;3722;1344;48.459054;7.210973;48.459054, 7.210973;344002;GRAND EST;67414;1551;67;67304;La Broque;13246;06-autres communes et unités urbaines;1;41;132;176,9345238;De 2 à 5 000 entrées;NON;;C;91;68;1;49,77621483;14,99360614;33,98337596;1,246803069;20;31,13810742
8;411;41642;28447;48.739119;7.36694;48.739119, 7.36694;356024;GRAND EST;67437;11602;67;67307;Saverne;19139;06-autres communes et unités urbaines;2;53;2431;46,38450452;De 40 à 50 000 entrées;E;JP;C;296;196;98;40,30234471;33,19107363;21,71174414;4,794837515;148;28,13656931
8;594;73035;46818;48.257586;7.452058;48.257586, 7.452058;358333;GRAND EST;67462;19530;67;67306;Sélestat;19530;06-autres communes et unités urbaines;3;53;4444;55,99769319;De 50 à 80 000 entrées;E;JP;I;277;191;101;37,19010613;43,41710827;15,48013127;3,912654325;133;14,05089008
8;1052;186798;123870;48.581785;7.746387;48.581785, 7.746387;368764;GRAND EST;67482;293538;67;67701;Strasbourg (partie française);489338;04-Unités urbaines de 100 000 hbts ou plus;7;53;12894;50,80164689;De 150 à 200 000 entrées;NON;;C;251;152;131;25,55201785;50,36002939;17,83002694;6,257925817;60;4,135303562
8;160;11953;4416;49.106153;6.700789;49.106153, 6.700789;375325;GRAND EST;57606;15494;57;57402;Saint-Avold (partie française);34103;05-Unités urbaines de 20 000 à 100 000 hbts;1;48;353;170,6748188;De 10 à 20 000 entrées;D;;C;139;102;1;61,10780732;21,40854643;12,08903237;5,394613882;89;62,17823464
9;274;3303;2195;48.589226;6.84543;48.589226, 6.84543;57451;GRAND EST;54077;1065;54;0;Zone rurale;14908533;04-Unités urbaines de 100 000 hbts ou plus;1;46;105;50,47835991;De 2 à 5 000 entrées;NON;;R;89;73;0;65;23,7345679;9,104938272;2,160493827;13;19,78395062
9;234;10862;6050;49.229366;6.019184;49.229366, 6.019184;204451;GRAND EST;54280;6636;54;454;Joeuf;23314;05-Unités urbaines de 20 000 à 100 000 hbts;1;51;481;79,53719008;De 10 à 20 000 entrées;D;;C;128;101;0;58,58927397;21,63989856;14,60505307;5,165774397;71;46,64224664
9;490;20408;11478;47.820086;6.375487;47.820086, 6.375487;237554;BOURGOGNE-FRANCHE-COMTE;70311;6903;70;70304;Luxeuil-les-Bains;12456;06-autres communes et unités urbaines;2;53;1213;77,80101063;De 20 à 30 000 entrées;E;JP;C;210;166;38;50,50819332;35,36610662;10,7913296;3,334370463;111;21,32337689
9;98;4312;3499;49.519626;5.363556;49.519626, 5.363556;274502;GRAND EST;55351;2124;55;55103;Montmédy;2124;06-autres communes et unités urbaines;1;49;455;23,23521006;De 2 à 5 000 entrées;E;;I;159;132;6;56,76616915;13,05970149;20,7960199;9,378109453;72;40,62189055
9;1062;98691;62357;48.689045;6.178729;48.689045, 6.178729;284113;GRAND EST;54395;105885;54;54701;Nancy;290016;04-Unités urbaines de 100 000 hbts ou plus;4;51;5682;58,26771654;De 80 à 100 000 entrées;A;RDJPPR;C;226;171;121;73,68883196;8,993522928;9,074098943;8,243546171;197;80,9355082
9;385;73913;50956;48.353974;5.695801;48.353974, 5.695801;287452;GRAND EST;88321;6925;88;88204;Neufchâteau;6925;06-autres communes et unités urbaines;3;53;5407;45,0525944;De 50 à 80 000 entrées;E;JP;I;211;153;117;48,0517076;37,25741024;11,70826951;2,982612647;81;9,898840282
9;123;142;1501;49.301154;5.786676;49.301154, 5.786676;310485;GRAND EST;54425;2496;54;54111;Piennes;4719;06-autres communes et unités urbaines;1;5;10;-90,53964024;Moins de 2000 entrées;NON;;C;6;0;0;18,30985915;81,69014085;0;0;1;4,225352113
9;283;45674;32594;48.902416;6.055412;48.902416, 6.055412;318661;GRAND EST;54431;14550;54;54404;Pont-à-Mousson;24101;05-Unités urbaines de 20 000 à 100 000 hbts;2;53;3893;40,13008529;De 40 à 50 000 entrées;D;JPPR;C;306;208;121;47,77844996;35,28937286;12,11489772;4,817279469;140;17,64020524
9;127;8156;5195;49.469111;5.928509;49.469111, 5.928509;460135;GRAND EST;54580;10206;54;366;Esch-sur-Alzette (LUX) - Villerupt (partie française);21670;05-Unités urbaines de 20 000 à 100 000 hbts;1;8;89;56,99711261;De 5 à 10 000 entrées;NON;;C;35;14;1;73,3938205;7,14811182;19,45806768;0;20;47,64590486
9;1961;221525;141891;47.634045;6.139787;47.634045, 6.139787;720551;BOURGOGNE-FRANCHE-COMTE;70550;15626;70;70401;Vesoul;29433;05-Unités urbaines de 20 000 à 100 000 hbts;10;53;16957;56,1233623;De 200 à 300 000 entrées;D;;C;463;309;202;42,76508441;40,69508064;10,75070913;5,789125825;252;14,090254
1;1533;148007;119434;48.872265;2.300938;48.872265, 2.300938;31;ILE-DE-FRANCE;75108;36218;75;851;Paris;10949158;01-Paris;4;53;6966;23,92367333;De 100 à 150 000 entrées;NON;;C;125;79;77;44,70344051;36,50531204;12,451277;6,33997045;54;23,97523394
1;722;110063;81837;48.871332;2.335302;48.871332, 2.335302;204;ILE-DE-FRANCE;75109;60784;75;851;Paris;10949158;01-Paris;4;53;6840;34,49051163;De 100 à 150 000 entrées;NON;;C;111;71;71;55,64449452;27,05359658;12,6227706;4,679138312;55;23,24759456
1;97;13643;8084;48.851619;2.347076;48.851619, 2.347076;733;ILE-DE-FRANCE;75105;58050;75;851;Paris;10949158;01-Paris;1;53;996;68,76546264;De 10 à 20 000 entrées;A;;C;155;110;4;25,68362246;4,697147898;53,33725375;16,28197589;115;87,83446045
1;842;216828;95714;48.842443;2.327625;48.842443, 2.327625;821;ILE-DE-FRANCE;75114;134926;75;851;Paris;10949158;01-Paris;7;53;13507;126,5373926;De 200 à 300 000 entrées;A;RD;C;248;153;134;63,36217679;5,584635766;15,32115361;15,73203383;201;94,58166186
1;609;46020;35847;48.872794;2.296984;48.872794, 2.296984;1031;ILE-DE-FRANCE;75108;36218;75;851;Paris;10949158;01-Paris;2;50;3164;28,37894384;De 40 à 50 000 entrées;NON;;C;165;86;48;38,38598234;20,32424865;16,80628627;24,48348274;68;42,59715041
1;139;65331;37547;48.871771;2.355398;48.871771, 2.355398;1393;ILE-DE-FRANCE;75110;83873;75;851;Paris;10949158;01-Paris;2;53;4825;73,9979226;De 50 à 80 000 entrées;A;RDJPPR;C;410;120;4;53,41733423;15,25504581;19,38874541;11,93887454;325;82,93060056
1;617;116744;73590;48.858204;2.282104;48.858204, 2.282104;2251;ILE-DE-FRANCE;75116;165118;75;851;Paris;10949158;01-Paris;3;51;5456;58,64111972;De 100 à 150 000 entrées;NON;;C;192;93;60;62,30163342;18,6015324;13,61185863;5,484975548;102;28,8455177
1;469;200406;121331;48.854674;2.369381;48.854674, 2.369381;5861;ILE-DE-FRANCE;75111;145124;75;851;Paris;10949158;01-Paris;4;53;8259;65,17295662;De 200 à 300 000 entrées;A;;C;131;96;65;62,58056044;18,35767824;12,32195891;6,739802412;111;83,88185143
1;554;304684;195764;48.848213;2.39311;48.848213, 2.39311;6212;ILE-DE-FRANCE;75112;141275;75;851;Paris;10949158;01-Paris;8;53;14123;55,63842177;De 300 à 450 000 entrées;NON;;C;194;108;86;63,44531242;20,09499306;11,755308;4,704386523;127;50,22783024
1;200;16990;7675;48.847502;2.342301;48.847502, 2.342301;8391;ILE-DE-FRANCE;75105;58050;75;851;Paris;10949158;01-Paris;1;53;1527;121,3680782;De 10 à 20 000 entrées;A;;C;64;16;5;88,62455726;5,047225502;4,203069658;2,12514758;54;93,97284534
1;140;39819;23338;48.841535;2.34958;48.841535, 2.34958;8514;ILE-DE-FRANCE;75105;58050;75;851;Paris;10949158;01-Paris;2;53;3470;70,6187334;De 30 à 40 000 entrées;A;;C;202;99;13;68,67555196;3,548215776;18,65152626;9,124706001;145;73,08616373
1;363;73786;27606;48.847537;2.352122;48.847537, 2.352122;8531;ILE-DE-FRANCE;75105;58050;75;851;Paris;10949158;01-Paris;3;53;4605;167,2824748;De 50 à 80 000 entrées;A;RDPR;C;364;30;23;29,89629378;43,39085345;17,18803128;9,524821489;258;81,82732631
1;556;195136;109882;48.883487;2.349853;48.883487, 2.349853;9452;ILE-DE-FRANCE;75110;83873;75;851;Paris;10949158;01-Paris;3;53;6115;77,58686591;De 150 à 200 000 entrées;A;RDJPPR;C;302;96;61;63,29906797;10,82844824;9,427342752;16,44514103;237;91,27042117
1;161;6346;3022;48.876113;2.295345;48.876113, 2.295345;9802;ILE-DE-FRANCE;75117;167765;75;851;Paris;10949158;01-Paris;1;37;103;109,9933819;De 5 à 10 000 entrées;NON;;C;59;15;1;34,84908658;40,52819698;13,20492454;11,4177919;25;45,41302621
1;2901;400696;282502;48.897016;2.385181;48.897016, 2.385181;9920;ILE-DE-FRANCE;75119;184156;75;851;Paris;10949158;01-Paris;16;53;24999;41,83828787;De 300 à 450 000 entrées;NON;;C;339;231;180;14,35451047;64,36030345;13,30320982;7,981976264;96;4,268925427
2;665;164014;103115;48.753029;2.304782;48.753029, 2.304782;20931;ILE-DE-FRANCE;92002;63639;92;851;Paris;10949158;02-Petite Couronne;4;49;6035;59,05930272;De 150 à 200 000 entrées;C;RDJPPR;B;432;322;190;67,6733079;13,09380522;11,92668186;7,306205024;319;59,7326436
2;128;8196;4030;48.946909;2.249331;48.946909, 2.249331;23301;ILE-DE-FRANCE;95018;109058;95;851;Paris;10949158;03-Grande couronne;1;48;795;103,3746898;De 5 à 10 000 entrées;C;RDJP;B;145;101;2;56,42372881;19,76271186;13,16949153;10,6440678;109;66,93220339
2;2590;499614;312659;48.960325;2.473606;48.960325, 2.473606;30184;ILE-DE-FRANCE;93005;86873;93;851;Paris;10949158;02-Petite Couronne;14;53;25668;59,79517621;De 450 à 700 000 entrées;NON;;B;289;160;159;21,41022433;62,79302095;11,31983303;4,476921691;80;1,55497052
2;353;19019;11229;49.141412;2.283076;49.141412, 2.283076;45132;ILE-DE-FRANCE;95052;9671;95;459;Persan - Beaumont-sur-Oise;39344;03-Grande couronne;1;50;1029;69,37394247;De 10 à 20 000 entrées;D;JPPR;C;265;197;2;67,68092634;12,02959151;8,086201351;12,2032808;150;68,69089739
2;105;5343;2511;48.415251;3.237856;48.415251, 3.237856;71901;ILE-DE-FRANCE;77051;2355;77;77116;Bray-sur-Seine;3391;03-Grande couronne;1;53;349;112,7837515;De 5 à 10 000 entrées;E;;C;171;132;2;52,03879215;26,73572845;16,53074719;4,694732202;91;41,08441702
2;319;10344;4456;48.847416;2.136047;48.847416, 2.136047;91492;ILE-DE-FRANCE;78126;20889;78;851;Paris;10949158;03-Grande couronne;1;44;253;132,1364452;De 10 à 20 000 entrées;NON;;B;191;140;1;57,02462239;13,46989448;25,65694186;3,848541279;112;66,35630043
2;387;128450;63696;48.947319;2.673824;48.947319, 2.673824;114042;ILE-DE-FRANCE;77118;12435;77;77302;Claye-Souilly;12435;03-Grande couronne;3;53;3687;101,6610148;De 100 à 150 000 entrées;NON;;I;90;78;50;21,21028037;63,95560748;12,02336449;2,810747664;11;0,35046729
2;3105;756769;472752;49.004829;2.077668;49.004829, 2.077668;119305;ILE-DE-FRANCE;78172;36372;78;851;Paris;10949158;03-Grande couronne;13;53;21079;60,07737672;De 700 000 à 1 million d'entrées;NON;;B;313;246;193;24,92005248;58,02145697;13,7974574;3,261033158;106;4,141554731
2;195;18940;9703;48.926821;2.391627;48.926821, 2.391627;125135;ILE-DE-FRANCE;93027;46951;93;851;Paris;10949158;02-Petite Couronne;1;47;1086;95,19736164;De 10 à 20 000 entrées;C;JPPR;B;250;128;3;34,81685703;34,48207956;14,99277931;15,7082841;168;50,98463962
2;92;17349;7312;48.777428;2.466468;48.777428, 2.466468;128535;ILE-DE-FRANCE;94028;92984;94;851;Paris;10949158;02-Petite Couronne;1;48;1310;137,2675055;De 10 à 20 000 entrées;C;JP;B;252;148;0;53,31074838;16,26116415;18,02433015;12,40375731;192;75,57745611
2;2052;151794;94643;48.627929;2.429517;48.627929, 2.429517;154488;ILE-DE-FRANCE;91228;66543;91;851;Paris;10949158;03-Grande couronne;10;45;14637;60,38587112;De 150 à 200 000 entrées;NON;;B;213;141;132;15,06212615;59,7447612;9,922358813;15,27075383;22;1,889532964
2;1080;129550;86459;48.400175;2.71613;48.400175, 2.71613;162853;ILE-DE-FRANCE;77186;16368;77;77406;Fontainebleau;38052;03-Grande couronne;6;53;8815;49,83980846;De 100 à 150 000 entrées;D;JPPR;C;213;156;147;32,44535519;50,29784598;13,34508832;3,91171051;70;9,722486974
2;346;3497;7612;48.811271;2.045243;48.811271, 2.045243;164022;ILE-DE-FRANCE;78242;13682;78;851;Paris;10949158;03-Grande couronne;1;16;196;-54,05937993;De 2 à 5 000 entrées;C;JP;B;53;33;3;64,28794992;21,53364632;10,04694836;4,131455399;30;39,24882629
2;434;18909;12182;48.844239;2.188722;48.844239, 2.188722;172914;ILE-DE-FRANCE;92033;17960;92;851;Paris;10949158;02-Petite Couronne;2;47;1123;55,2208176;De 10 à 20 000 entrées;NON;;B;204;175;30;61,02993585;21,23425992;12,88904728;4,846756949;103;40,87075315
2;290;39509;23631;48.928469;2.293206;48.928469, 2.293206;175513;ILE-DE-FRANCE;92036;50096;92;851;Paris;10949158;02-Petite Couronne;2;49;1987;67,19140113;De 30 à 40 000 entrées;C;RDJPPR;B;321;214;13;48,64239168;26,4547845;12,97587744;11,92694638;218;63,3217103
2;90;130;22;48.815668;2.346427;48.815668, 2.346427;175794;ILE-DE-FRANCE;94037;18950;94;851;Paris;10949158;02-Petite Couronne;1;20;30;490,9090909;Moins de 2000 entrées;NON;;B;30;2;0;62,30769231;24,61538462;10,76923077;2,307692308;25;91,53846154
2;155;13485;7246;48.701701;2.13387;48.701701, 2.13387;177201;ILE-DE-FRANCE;91272;21996;91;851;Paris;10949158;03-Grande couronne;1;49;1043;86,10267734;De 10 à 20 000 entrées;C;;B;84;66;34;77,7882132;4,946388041;10,5502074;6,715191359;54;61,3837364
2;562;1111;;49.03242;2.471796;49.03242, 2.471796;181553;ILE-DE-FRANCE;95280;31052;95;851;Paris;10949158;03-Grande couronne;1;6;11;;Moins de 2000 entrées;NON;;B;4;0;0;37,56756757;0;0;62,43243243;4;100
2;274;29984;16925;48.779749;2.339014;48.779749, 2.339014;193442;ILE-DE-FRANCE;94038;31847;94;851;Paris;10949158;02-Petite Couronne;1;49;1128;77,15805022;De 20 à 30 000 entrées;C;JP;B;253;188;4;59,88354621;18,70398197;15,90909091;5,503380917;148;46,13824192
2;3830;433480;315119;48.824074;2.387803;48.824074, 2.387803;202562;ILE-DE-FRANCE;94041;64248;94;851;Paris;10949158;02-Petite Couronne;14;53;20258;37,56073103;De 300 à 450 000 entrées;NON;;B;229;177;173;15,87104932;64,73378043;14,8039479;4,59122235;38;2,459335285
2;492;96046;59826;48.879604;2.706124;48.879604, 2.706124;211844;ILE-DE-FRANCE;77243;21332;77;851;Paris;10949158;03-Grande couronne;3;53;6237;60,54223916;De 80 à 100 000 entrées;C;;B;261;191;79;48,08444435;38,25169083;10,11473887;3,549125953;132;17,48525249
2;165;2910;2098;48.744182;2.503331;48.744182, 2.503331;228122;ILE-DE-FRANCE;94044;28391;94;851;Paris;10949158;02-Petite Couronne;1;46;152;38,70352717;De 2 à 5 000 entrées;NON;;B;131;114;1;69,50215602;16,58173265;7,212857703;6,703253626;47;25,71540572
2;264;27941;14100;48.92579;2.545121;48.92579, 2.545121;229833;ILE-DE-FRANCE;93046;45818;93;851;Paris;10949158;02-Petite Couronne;1;50;1075;98,16312057;De 20 à 30 000 entrées;C;JP;B;189;150;0;60,21403467;25,60913004;8,865458279;5,311377009;83;29,41989496
2;2053;323667;196138;48.989664;1.715981;48.989664, 1.715981;244700;ILE-DE-FRANCE;78361;44114;78;851;Paris;10949158;03-Grande couronne;9;53;17812;65,02003691;De 300 à 450 000 entrées;NON;;B;228;166;162;26,01956498;57,73312869;11,11173124;5,13557509;33;2,412911027
2;349;17062;10240;48.628281;2.589982;48.628281, 2.589982;264672;ILE-DE-FRANCE;77296;18117;77;851;Paris;10949158;03-Grande couronne;1;49;688;66,62109375;De 10 à 20 000 entrées;C;JP;B;183;131;1;55,39310988;25,4918734;13,17365269;5,941364025;98;54,25771833
2;304;5593;3883;48.997001;2.200873;48.997001, 2.200873;273182;ILE-DE-FRANCE;95424;22305;95;851;Paris;10949158;03-Grande couronne;1;36;99;44,03811486;De 5 à 10 000 entrées;NON;;B;43;15;0;51,35069947;29,61890979;4,389773275;14,64061746;21;60,66087795
2;222;28001;17342;48.988818;2.318091;48.988818, 2.318091;274702;ILE-DE-FRANCE;95428;21942;95;851;Paris;10949158;03-Grande couronne;2;52;2161;61,46349902;De 20 à 30 000 entrées;C;JPPR;B;288;203;67;67,9849196;15,02654459;9,998461183;6,990074633;182;60,2677541
2;146;19011;11310;48.87311;2.510505;48.87311, 2.510505;288024;ILE-DE-FRANCE;93049;21059;93;851;Paris;10949158;02-Petite Couronne;1;50;1266;68,09018568;De 10 à 20 000 entrées;C;JP;B;240;173;1;63,7592551;16,63675118;11,30805475;8,295938972;142;53,2533094
2;815;160839;104989;48.838331;2.489437;48.838331, 2.489437;291891;ILE-DE-FRANCE;94052;33820;94;851;Paris;10949158;02-Petite Couronne;6;53;9566;53,19604911;De 150 à 200 000 entrées;C;JP;B;346;237;168;47,47178956;36,02605205;11,91654255;4,585615833;201;24,93310277
2;339;52423;32868;48.698781;2.189727;48.698781, 2.189727;299572;ILE-DE-FRANCE;91471;15890;91;851;Paris;10949158;03-Grande couronne;3;53;3637;59,49555799;De 50 à 80 000 entrées;C;RDJPPR;B;388;248;64;57,68216156;17,25088932;15,24641273;9,820536392;291;73,93181182
2;329;41827;24493;48.903037;2.507379;48.903037, 2.507379;305402;ILE-DE-FRANCE;93057;24003;93;851;Paris;10949158;02-Petite Couronne;1;51;1215;70,77124076;De 40 à 50 000 entrées;C;;B;244;194;1;56,64523044;26,68006431;9,17738478;7,497320472;121;36,20310825
2;198;38710;20962;48.84694;2.509968;48.84694, 2.509968;307692;ILE-DE-FRANCE;94058;33981;94;851;Paris;10949158;02-Petite Couronne;1;47;1084;84,66749356;De 30 à 40 000 entrées;C;;B;218;156;30;69,17460229;16,7217302;9,964185569;4,13948194;132;51,90593853
2;3645;907557;570610;48.876233;2.242749;48.876233, 2.242749;327945;ILE-DE-FRANCE;92062;44275;92;851;Paris;10949158;02-Petite Couronne;16;53;29433;59,05031458;De 700 000 à 1 million d'entrées;NON;;B;468;280;253;29,79487842;51,01435266;13,33086159;5,859907332;233;15,23388319
2;480;37805;25296;48.885137;2.239127;48.885137, 2.239127;327961;ILE-DE-FRANCE;92062;44275;92;851;Paris;10949158;02-Petite Couronne;2;48;2512;49,45050601;De 30 à 40 000 entrées;NON;;B;152;105;30;39,4384721;44,92795059;11,95105215;3,68252516;66;20,17955169
2;436;97327;61613;48.937892;2.159419;48.937892, 2.159419;353531;ILE-DE-FRANCE;78586;52158;78;851;Paris;10949158;03-Grande couronne;5;53;7210;57,96503985;De 80 à 100 000 entrées;NON;;B;193;125;99;46,07164655;39,60318199;11,17110966;3,154061799;78;15,19928829
2;380;19643;10657;48.82472689999999;2.21509930000002;48.82472689999999, 2.21509930000002;362414;ILE-DE-FRANCE;92072;23472;92;851;Paris;10949158;02-Petite Couronne;1;48;395;84,32016515;De 10 à 20 000 entrées;C;;B;152;116;1;71,81986221;9,830280625;10,61446256;7,735394612;103;73,74670924
2;644;103316;69033;48.871363;2.229109;48.871363, 2.229109;370411;ILE-DE-FRANCE;92073;49992;92;851;Paris;10949158;02-Petite Couronne;4;53;7479;49,66175597;De 100 à 150 000 entrées;C;JPPR;B;251;157;136;55,69316289;29,47385631;10,67921482;4,153765979;154;37,19281036
2;1513;190269;114951;48.925395;2.363117;48.925395, 2.363117;381941;ILE-DE-FRANCE;93066;114027;93;851;Paris;10949158;02-Petite Couronne;9;53;12507;65,52183104;De 150 à 200 000 entrées;NON;;B;207;98;84;7,109595089;48,64031031;8,479796493;35,77029811;14;0,587604592
2;371;51038;29894;48.971269;2.274468;48.971269, 2.274468;390452;ILE-DE-FRANCE;95555;21060;95;851;Paris;10949158;03-Grande couronne;3;50;3599;70,72991236;De 50 à 80 000 entrées;C;RDJPPR;B;237;136;81;62,84353493;16,12962035;7,848320496;13,17852422;213;91,6685657
2;425;40466;22365;48.798427;2.485821;48.798427, 2.485821;404603;ILE-DE-FRANCE;94068;75449;94;851;Paris;10949158;02-Petite Couronne;1;52;1535;80,93449586;De 40 à 50 000 entrées;C;RDJPPR;B;276;163;75;70,85007484;9,587961869;9,215052916;10,34691037;235;85,81895533
2;329;25578;14308;49.026312;2.224754;49.026312, 2.224754;422871;ILE-DE-FRANCE;95607;26773;95;851;Paris;10949158;03-Grande couronne;2;53;3027;78,76712329;De 20 à 30 000 entrées;NON;;B;243;186;21;59,74893963;23,37089242;7,85313397;9,027033975;117;33,02771946
2;218;15583;9568;48.780183;1.992423;48.780183, 1.992423;432832;ILE-DE-FRANCE;78621;33527;78;851;Paris;10949158;03-Grande couronne;1;47;894;62,86580268;De 10 à 20 000 entrées;C;JP;B;199;145;2;58,94708129;18,92389525;13,7547736;8,374249864;136;64,98908893
2;649;39904;28615;48.675884;2.175597;48.675884, 2.175597;437562;ILE-DE-FRANCE;91692;25299;91;851;Paris;10949158;03-Grande couronne;4;53;5239;39,45133671;De 30 à 40 000 entrées;NON;;B;95;87;85;32,00431034;52,84182037;11,18434242;3,969526864;2;0,498696872
2;311;9572;4203;48.874168;2.632366;48.874168, 2.632366;439271;ILE-DE-FRANCE;77479;13450;77;851;Paris;10949158;03-Grande couronne;1;47;380;127,742089;De 5 à 10 000 entrées;NON;;B;109;92;1;77,92579544;14,7858637;5,956181878;1,332158978;36;24,76054167
2;312;20692;9479;48.979213;1.97461;48.979213, 1.97461;448802;ILE-DE-FRANCE;78642;16283;78;851;Paris;10949158;03-Grande couronne;1;49;810;118,2930689;De 20 à 30 000 entrées;NON;;B;214;177;1;63,51052632;16,47368421;15,62631579;4,389473684;98;27,31052632
2;616;19424;8847;48.793428;2.363199;48.793428, 2.363199;456762;ILE-DE-FRANCE;94076;56585;94;851;Paris;10949158;02-Petite Couronne;1;47;314;119,5546513;De 10 à 20 000 entrées;NON;;B;119;104;0;66,05873441;20,55121781;10,3193101;3,070737676;72;55,52383172
2;448;1409;1420;48.735355;2.416829;48.735355, 2.416829;457983;ILE-DE-FRANCE;94077;21493;94;851;Paris;10949158;02-Petite Couronne;1;12;15;-0,774647887;Moins de 2000 entrées;NON;;B;15;11;0;80,05677786;5,819730305;14,12349184;0;1;4,897090135
2;214;25315;13657;48.714932;2.489765;48.714932, 2.489765;469245;ILE-DE-FRANCE;91691;29325;91;851;Paris;10949158;03-Grande couronne;1;53;1139;85,3628176;De 20 à 30 000 entrées;C;;B;225;152;7;65,90827158;20,9172842;9,693570999;3,480873223;130;38,61806529
2;3710;626495;348354;48.797186;2.469391;48.797186, 2.469391;720300;ILE-DE-FRANCE;94028;92984;94;851;Paris;10949158;02-Petite Couronne;18;53;36383;79,84435373;De 450 à 700 000 entrées;NON;;B;494;299;278;31,39055185;51,99426919;11,75982424;4,855354722;238;11,65860772
2;1817;306705;171721;48.984111;2.372423;48.984111, 2.372423;723680;ILE-DE-FRANCE;95585;58715;95;851;Paris;10949158;03-Grande couronne;10;53;20527;78,60657695;De 300 à 450 000 entrées;NON;;B;250;169;163;19,79071258;58,18275194;10,06529192;11,96124356;24;1,192329835
2;527;14254;;48.590692;2.250123;48.590692, 2.250123;724920;ILE-DE-FRANCE;91021;11266;91;851;Paris;10949158;03-Grande couronne;5;12;1331;;De 10 à 20 000 entrées;NON;;B;75;63;28;44,10987074;54,81051704;0,212984724;0,866627497;36;19,6827262
3;360;39160;23043;50.004652;2.648257;50.004652, 2.648257;14033;HAUTS DE FRANCE;80016;9983;80;80301;Albert;9983;06-autres communes et unités urbaines;2;51;2413;69,94314976;De 30 à 40 000 entrées;NON;;I;186;141;60;43,16114468;39,50932873;14,15576655;3,173760042;56;13,02370361
3;600;28654;9610;47.983405;0.148339;47.983405, 0.148339;15682;PAYS DE LA LOIRE;72003;11207;72;72701;Le Mans;217388;04-Unités urbaines de 100 000 hbts ou plus;1;50;886;198,1685744;De 20 à 30 000 entrées;NON;;B;156;104;4;72,01825989;24,5966962;2,553290263;0,831753646;71;35,29730357
3;354;31748;20698;47.41057;0.980035;47.41057, 0.980035;16803;CENTRE-VAL DE LOIRE;37003;12936;37;37701;Tours;366772;04-Unités urbaines de 100 000 hbts ou plus;2;53;1879;53,38680066;De 30 à 40 000 entrées;NON;;B;140;96;56;50,36082301;38,2371698;8,230121169;3,171886013;53;20,20273219
3;534;39810;28303;48.745411;-0.019397;48.745411, -0.019397;23241;NORMANDIE;61006;13765;61;61302;Argentan;15072;06-autres communes et unités urbaines;3;52;2369;40,65646751;De 30 à 40 000 entrées;E;JP;C;199;161;93;49,65108348;35,52914634;11,48801091;3,331759274;77;13,74153943
3;187;20571;13931;46.588805;1.51986;46.588805, 1.51986;23513;CENTRE-VAL DE LOIRE;36006;5077;36;36203;Argenton-sur-Creuse;8498;06-autres communes et unités urbaines;1;53;745;47,66348432;De 20 à 30 000 entrées;E;JP;C;207;164;0;60,83813515;24,88213724;8,569931902;5,709795705;102;34,53116815
3;330;33212;4162;47.490254;3.909327;47.490254, 3.909327;33122;BOURGOGNE-FRANCHE-COMTE;89025;6635;89;89203;Avallon;6635;06-autres communes et unités urbaines;2;53;2183;697,9817395;De 30 à 40 000 entrées;E;JP;I;349;264;34;50,24532304;34,83587098;10,73406983;4,184736159;191;32,24019499
3;270;17304;12403;49.380918;-1.77881;49.380918, -1.77881;39662;NORMANDIE;50031;2268;50;0;Zone rurale;14908533;04-Unités urbaines de 100 000 hbts ou plus;1;47;572;39,51463356;De 10 à 20 000 entrées;E;;R;155;136;17;64,04781246;24,91006151;8,187304166;2,854821864;71;23,55228038
3;160;12612;5445;47.20201;-0.995912;47.20201, -0.995912;45372;PAYS DE LA LOIRE;49023;24167;49;49206;Beaupréau;24167;05-Unités urbaines de 20 000 à 100 000 hbts;1;53;483;131,6253444;De 10 à 20 000 entrées;D;;I;233;180;2;55,29973208;28,14802411;13,02746149;3,524782317;106;30,85231078
3;326;33415;21173;47.874121;-4.110036;47.874121, -4.110036;49632;BRETAGNE;29006;3775;29;29402;Fouesnant;26245;05-Unités urbaines de 20 000 à 100 000 hbts;2;53;2433;57,81892032;De 30 à 40 000 entrées;D;;B;219;195;128;73,32686712;18,76515519;5,48314743;2,424830262;112;32,52000485
3;285;18968;12484;47.476369;-1.763766;47.476369, -1.763766;57221;PAYS DE LA LOIRE;44015;10261;44;44213;Blain;10261;06-autres communes et unités urbaines;1;48;590;51,93848126;De 10 à 20 000 entrées;E;;I;199;151;19;51,77131416;33,38523998;12,50208553;2,341360325;72;22,07329959
3;380;2859;1519;47.281285;0.171088;47.281285, 0.171088;68562;CENTRE-VAL DE LOIRE;37031;3897;37;37201;Bourgueil;5998;06-autres communes et unités urbaines;1;50;181;88,21593153;De 2 à 5 000 entrées;NON;;C;63;51;2;67,75096187;20,21685904;8,114725428;3,917453655;19;15,84470094
3;2440;477564;308988;48.39126;-4.488243;48.39126, -4.488243;73083;BRETAGNE;29019;142110;29;29701;Brest;207101;04-Unités urbaines de 100 000 hbts ou plus;15;53;23390;54,55745854;De 450 à 700 000 entrées;NON;;C;349;261;213;31,42925035;51,77622004;13,29767598;3,496853638;131;5,345845232
3;228;12944;7711;48.676977;-1.85005;48.676977, -1.85005;84292;BRETAGNE;35049;5405;35;35203;Cancale;5405;06-autres communes et unités urbaines;1;53;398;67,86409026;De 10 à 20 000 entrées;E;;I;207;178;6;71,46755876;12,81802976;10,46747073;5,246940752;116;51,8355489
3;170;3913;1415;49.452077;1.037664;49.452077, 1.037664;84981;NORMANDIE;76157;14157;76;755;Rouen;481277;04-Unités urbaines de 100 000 hbts ou plus;1;52;131;176,5371025;De 2 à 5 000 entrées;NON;;B;62;40;0;47,24660814;37,48337324;3,990422985;11,27959564;20;42,32508646
3;316;24902;15578;49.302896;-1.247604;49.302896, -1.247604;86313;NORMANDIE;50099;10389;50;50204;Carentan;10389;06-autres communes et unités urbaines;2;53;2177;59,85363975;De 20 à 30 000 entrées;E;;C;267;200;50;50,32875812;36,08942221;10,53258815;3,049231528;141;14,98315115
3;215;24567;17014;48.283143;-3.572343;48.283143, -3.572343;86353;BRETAGNE;29024;7773;29;271;Carhaix-Plouguer;9523;06-autres communes et unités urbaines;1;53;1001;44,39285294;De 20 à 30 000 entrées;E;JPPR;C;318;243;37;47,35055546;35,91518251;10,65067889;6,083583142;165;27,44665844
3;422;29482;16837;47.572383;-3.075775;47.572383, -3.075775;86561;BRETAGNE;56034;4337;56;56215;Carnac;8360;06-autres communes et unités urbaines;2;49;1483;75,10245293;De 20 à 30 000 entrées;E;;C;150;135;51;62,9967538;27,08696395;7,712284299;2,20399795;70;24,74286691
3;386;11665;6325;49.525593;0.72697;49.525593, 0.72697;89481;NORMANDIE;76164;4158;76;76105;Caudebec-en-Caux;4158;06-autres communes et unités urbaines;1;53;831;84,42687747;De 10 à 20 000 entrées;E;;I;211;184;24;51,39539071;34,38062658;12,45048614;1,773496579;113;25,31508822
3;274;11962;7414;47.353192;-0.764716;47.353192, -0.764716;94922;PAYS DE LA LOIRE;49063;6649;49;49203;Chalonnes-sur-Loire;6649;06-autres communes et unités urbaines;1;50;433;61,34340437;De 10 à 20 000 entrées;E;;I;246;211;0;69,56948035;14,52892415;10,74962118;5,151974329;141;37,11560745
3;189;7559;4289;47.270881;-1.337067;47.270881, -1.337067;99631;PAYS DE LA LOIRE;44029;7162;44;44120;La Chapelle-Basse-Mer;7162;06-autres communes et unités urbaines;1;49;316;76,24154815;De 5 à 10 000 entrées;E;;I;181;152;1;74,93782004;14,55742502;7,256766642;3,247988296;107;37,99561083
3;194;18017;11111;48.194912;-4.094078;48.194912, -4.094078;104391;BRETAGNE;29026;5578;29;29204;Châteaulin;5983;06-autres communes et unités urbaines;1;53;796;62,15462155;De 10 à 20 000 entrées;E;;C;262;222;7;55,91340132;28,30560029;11,29599809;4,485000298;133;36,41677104
3;328;28743;13062;46.810828;1.697689;46.810828, 1.697689;104863;CENTRE-VAL DE LOIRE;36044;44890;36;36501;Châteauroux;62482;05-Unités urbaines de 20 000 à 100 000 hbts;1;49;1548;120,0505282;De 20 à 30 000 entrées;D;RDJPPR;C;198;105;17;70,42625424;9,665115889;9,774089442;10,13454042;182;96,52961147
3;193;9161;5685;48.7407435;2.764804799999979;48.7407435, 2.764804799999979;106291;CENTRE-VAL DE LOIRE;36046;4165;36;36202;La Châtre;6807;06-autres communes et unités urbaines;1;48;408;61,14335972;De 5 à 10 000 entrées;E;;C;102;82;5;64,98054475;20,55390249;6,923781186;7,541771572;37;35,15678645
3;177;19762;11648;48.242699;-4.494348;48.242699, -4.494348;130633;BRETAGNE;29042;7575;29;29212;Crozon;7575;06-autres communes et unités urbaines;1;53;779;69,66002747;De 10 à 20 000 entrées;E;;I;213;174;53;52,46256064;32,37713563;10,25627505;4,904028686;98;30,17295929
3;151;10685;7096;47.520393;-2.585183;47.520393, -2.585183;133141;BRETAGNE;56052;1937;56;0;Zone rurale;14908533;04-Unités urbaines de 100 000 hbts ou plus;1;53;404;50,5777903;De 10 à 20 000 entrées;E;;R;186;157;3;61,47845115;32,03310817;3,177623442;3,310817239;80;17,46741509
3;578;25652;14028;49.923374;1.081518;49.923374, 1.081518;138345;NORMANDIE;76217;28535;76;76404;Dieppe;35913;05-Unités urbaines de 20 000 à 100 000 hbts;1;53;976;82,86284574;De 20 à 30 000 entrées;D;RDJPPR;C;219;114;13;69,18558634;10,13538846;12,50156217;8,177463029;180;84,38658613
3;499;38906;26364;48.635211;-2.055645;48.635211, -2.055645;138922;BRETAGNE;35093;10755;35;458;Dinard;35626;05-Unités urbaines de 20 000 à 100 000 hbts;2;52;1963;47,57244728;De 30 à 40 000 entrées;D;;C;225;170;121;70,04176188;7,044362146;16,87022299;6,043652982;157;72,02479447
3;290;21996;12794;49.286704;-0.099295;49.286704, -0.099295;139232;NORMANDIE;14225;5403;14;14402;Dives-sur-Mer;33981;05-Unités urbaines de 20 000 à 100 000 hbts;1;52;967;71,92433953;De 20 à 30 000 entrées;D;JP;C;183;135;9;65,32882972;19,07411087;8,429366183;7,167693225;108;42,171667
3;1544;231300;149620;48.731866;1.361178;48.731866, 1.361178;142995;CENTRE-VAL DE LOIRE;28134;31239;28;28401;Dreux;49488;05-Unités urbaines de 20 000 à 100 000 hbts;9;53;14920;54,59163213;De 200 à 300 000 entrées;D;JPPR;C;422;274;223;32,25738304;50,88024295;13,05708376;3,80529026;195;10,53782844
3;447;32961;23525;48.155173;-0.401505;48.155173, -0.401505;154444;PAYS DE LA LOIRE;53097;8896;53;53203;Évron;8896;06-autres communes et unités urbaines;3;53;2931;40,11052072;De 30 à 40 000 entrées;E;JPPR;I;324;236;25;51,5885366;33,43059068;11,46988264;3,51099008;176;21,7532257
3;710;89355;65655;49.757837;0.37728;49.757837, 0.37728;157231;NORMANDIE;76259;18334;76;76403;Fécamp;20070;05-Unités urbaines de 20 000 à 100 000 hbts;4;53;5418;36,09778387;De 80 à 100 000 entrées;D;JP;C;350;238;109;43,84864195;42,02605983;10,51913195;3,606166269;197;13,05170674
3;119;4488;2582;49.174952;3.127739;49.174952, 3.127739;158801;HAUTS DE FRANCE;2307;2190;2;2107;La Ferté-Milon;2190;06-autres communes et unités urbaines;1;49;437;73,81874516;De 2 à 5 000 entrées;NON;;I;161;133;1;60,73496099;24,54064938;10,82305563;3,901334005;53;38,50994211
3;699;1221;581;49.615296;1.54519;49.615296, 1.54519;165383;NORMANDIE;76276;3922;76;76201;Forges-les-Eaux;4902;06-autres communes et unités urbaines;1;8;19;110,1549053;Moins de 2000 entrées;NON;;C;18;3;0;54,38165438;40,04914005;1,638001638;3,931203931;15;86,65028665
3;465;21890;10637;50.135351;4.82068;50.135351, 4.82068;178423;GRAND EST;8190;6487;8;8206;Givet;8296;06-autres communes et unités urbaines;2;53;1350;105,7911065;De 20 à 30 000 entrées;E;;C;176;140;31;26,18787677;55,82190155;14,87634689;3,11387478;54;12,21341434
3;3828;513664;330809;49.413966;1.041562;49.413966, 1.041562;183301;NORMANDIE;76322;26269;76;755;Rouen;481277;04-Unités urbaines de 100 000 hbts ou plus;16;53;25383;55,27509832;De 450 à 700 000 entrées;NON;;B;331;239;188;31,23956382;50,88565471;13,78614937;4,088632105;120;3,428359765
3;514;85523;58938;48.837706;-1.594566;48.837706, -1.594566;183951;NORMANDIE;50218;13230;50;50402;Granville;26939;05-Unités urbaines de 20 000 à 100 000 hbts;3;53;4430;45,10672232;De 80 à 100 000 entrées;D;JP;C;314;218;115;53,00800783;33,1495471;10,14165861;3,700786462;169;24,87677968
3;165;5626;3295;47.630162;-1.8325;47.630162, -1.8325;187191;PAYS DE LA LOIRE;44067;5322;44;44122;Guémené-Penfao;5322;06-autres communes et unités urbaines;1;52;286;70,74355083;De 5 à 10 000 entrées;E;;I;138;104;1;62,63955343;24,14274322;10,92503987;2,292663477;33;14,87240829
3;184;11772;7113;47.907692;-2.118355;47.907692, -2.118355;187365;BRETAGNE;56075;6378;56;56211;Guer;6944;06-autres communes et unités urbaines;1;51;616;65,49978912;De 10 à 20 000 entrées;E;;C;236;190;3;43,58565737;35,87428066;15,68835768;4,851704294;112;25,66622399
3;284;25950;14299;47.990181;-1.796621;47.990181, -1.796621;188041;BRETAGNE;35126;8968;35;35213;Guichen;8968;06-autres communes et unités urbaines;2;53;840;81,48122246;De 20 à 30 000 entrées;E;JPPR;I;290;232;17;62,33524703;23,76890111;10,70995391;3,185897954;162;40,65254306
3;185;11479;7058;47.8255858;-1.8447579999999562;47.8255858, -1.8447579999999562;188681;BRETAGNE;35176;7323;35;35207;Guipry;7323;06-autres communes et unités urbaines;1;53;643;62,63814112;De 10 à 20 000 entrées;E;JP;B;260;209;10;56,46556109;30,30827144;7,467697629;5,758469834;115;28,67026147
3;2412;342856;220714;49.48976;0.131344;49.48976, 0.131344;193373;NORMANDIE;76351;167658;76;76701;Le Havre;233828;04-Unités urbaines de 100 000 hbts ou plus;12;53;18049;55,33948911;De 300 à 450 000 entrées;NON;;C;293;230;179;28,23296441;54,54767144;12,89953902;4,319825127;101;3,125798784
3;250;12937;9212;49.288956;-1.544392;49.288956, -1.544392;193591;NORMANDIE;50236;4078;50;50102;La Haye-du-Puits;4078;06-autres communes et unités urbaines;1;53;795;40,43638732;De 10 à 20 000 entrées;E;JP;C;298;251;3;57,69196705;20,5561952;17,57151714;4,180320609;174;35,64786113
3;670;1002;396;47.351751;0.6454439999999977;47.351751, 0.6454439999999977;205213;CENTRE-VAL DE LOIRE;37122;39143;37;37701;Tours;366772;04-Unités urbaines de 100 000 hbts ou plus;1;8;8;153,030303;Moins de 2000 entrées;NON;;B;8;8;0;100;0;0;0;1;9,481037924
3;210;14955;8234;48.46778;-2.510319;48.46778, -2.510319;213462;BRETAGNE;22093;17169;22;22301;Lamballe;17169;06-autres communes et unités urbaines;1;53;371;81,62496964;De 10 à 20 000 entrées;NON;;I;139;102;1;57,06334274;23,7456883;14,98902477;4,201944183;46;46,20570712
3;168;9734;6579;47.60131;2.026127;47.60131, 2.026127;213933;CENTRE-VAL DE LOIRE;41106;4666;41;41110;Lamotte-Beuvron;4666;06-autres communes et unités urbaines;1;50;448;47,95561636;De 5 à 10 000 entrées;NON;;I;138;101;14;61,6616509;25,77386071;10,98452279;1,579965606;50;18,1749785
3;189;11207;6156;47.326633;0.408328;47.326633, 0.408328;215502;CENTRE-VAL DE LOIRE;37123;4411;37;37108;Langeais;4411;06-autres communes et unités urbaines;1;50;435;82,05003249;De 10 à 20 000 entrées;E;JPPR;I;168;129;0;78,68046307;9,773588772;8,482737424;3,063210737;107;62,08380289
3;536;46624;31034;49.143794;0.227798;49.143794, 0.227798;229261;NORMANDIE;14366;20366;14;14401;Lisieux;28443;05-Unités urbaines de 20 000 à 100 000 hbts;3;53;2388;50,23522588;De 40 à 50 000 entrées;NON;;C;85;75;67;30,57460852;53,4511022;12,65044649;3,323842802;4;0,791596566
3;503;19409;13353;47.129518;0.993278;47.129518, 0.993278;230152;CENTRE-VAL DE LOIRE;37132;6691;37;37301;Loches;10678;06-autres communes et unités urbaines;2;50;767;45,35310417;De 10 à 20 000 entrées;E;;C;138;120;24;67,89716546;20,91298616;7,481872116;3,707976269;49;25,0109866
3;561;57199;40728;49.216151;1.170764;49.216151, 1.170764;234801;NORMANDIE;27375;19022;27;27402;Louviers;44878;05-Unités urbaines de 20 000 à 100 000 hbts;4;53;4450;40,44146533;De 50 à 80 000 entrées;NON;;C;167;123;78;34,19068971;49,31593906;13,27166487;3,221706357;73;8,591805391
3;340;2596;2112;49.310786;-0.361997;49.310786, -0.361997;235831;NORMANDIE;14384;3301;14;14302;Douvres-la-Délivrande - Luc-sur-Mer;15136;06-autres communes et unités urbaines;1;20;121;22,91666667;De 2 à 5 000 entrées;NON;;C;37;36;0;60,92600606;31,32842925;6,750324535;0,995240156;8;18,26049329
3;245;4576;1686;49.479355;1.042864;49.479355, 1.042864;248763;NORMANDIE;76410;10971;76;755;Rouen;481277;04-Unités urbaines de 100 000 hbts ou plus;1;36;81;171,4116251;De 2 à 5 000 entrées;NON;;B;46;26;1;63,3363269;26,44813651;8,913336327;1,302200269;16;35,47373148
3;374;69367;47506;48.302362;-0.620404;48.302362, -0.620404;253763;PAYS DE LA LOIRE;53147;13495;53;53301;Mayenne;15715;06-autres communes et unités urbaines;3;53;4478;46,01734518;De 50 à 80 000 entrées;E;RDJPPR;C;387;241;119;53,3933076;31,52144181;11,4108136;3,674436981;241;26,42008328
3;143;5458;2956;47.826282;1.696401;47.826282, 1.696401;261032;CENTRE-VAL DE LOIRE;45203;6660;45;45209;Meung-sur-Loire;9776;06-autres communes et unités urbaines;1;45;110;84,64140731;De 5 à 10 000 entrées;NON;;C;95;70;0;54,96027704;27,15420656;11,34650642;6,539009982;34;33,28580159
3;2452;399377;247394;49.166065;-0.30018;49.166065, -0.30018;266361;NORMANDIE;14437;10285;14;14601;Caen;206642;04-Unités urbaines de 100 000 hbts ou plus;12;53;19755;61,43358368;De 300 à 450 000 entrées;NON;;B;307;154;150;38,69166344;47,99963826;10,49643537;2,812262923;94;3,090851542
3;178;20972;13481;49.647736;2.570756;49.647736, 2.570756;270633;HAUTS DE FRANCE;80561;6152;80;80202;Montdidier;6313;06-autres communes et unités urbaines;1;53;774;55,56709443;De 20 à 30 000 entrées;NON;;C;147;111;6;43,06709265;41,82845908;12,0324404;3,072007864;32;16,36274269
3;264;26714;14143;48.134411;-1.950548;48.134411, -1.950548;272101;BRETAGNE;35188;6917;35;35208;Montfort-sur-Meu;6917;06-autres communes et unités urbaines;1;49;581;88,88496076;De 20 à 30 000 entrées;E;JP;I;239;185;17;62,22151114;24,98300068;9,855605776;2,939882405;107;27,50689972
3;288;14361;9239;48.873643;3.534231;48.873643, 3.534231;274603;GRAND EST;51380;3609;51;51111;Montmirail;3609;06-autres communes et unités urbaines;2;53;1344;55,43890031;De 10 à 20 000 entrées;E;;I;190;168;33;46,41749151;37,97459004;12,68281873;2,925099719;68;9,750332398
3;195;24259;12300;47.343448;1.182804;47.343448, 1.182804;276351;CENTRE-VAL DE LOIRE;41151;3716;41;41204;Montrichard;6739;06-autres communes et unités urbaines;1;53;858;97,22764228;De 20 à 30 000 entrées;E;JPPR;C;273;206;18;56,71477603;26,02745754;12,43069612;4,827070316;152;30,7357212
3;697;55628;38596;48.575673;-3.827938;48.575673, -3.827938;278231;BRETAGNE;29151;15172;29;29403;Morlaix;26478;05-Unités urbaines de 20 000 à 100 000 hbts;3;53;3498;44,12892528;De 50 à 80 000 entrées;NON;;C;99;88;74;35,52804656;52,47671045;10,04018235;1,955060634;9;1,573058003
3;186;9769;5984;47.555803;-2.484734;47.555803, -2.484734;283551;BRETAGNE;56143;5181;56;56116;Muzillac;5181;06-autres communes et unités urbaines;1;53;424;63,25200535;De 5 à 10 000 entrées;E;;I;197;166;3;60,47998323;24,10396143;11,44414169;3,971913645;75;26,0637183
3;100;27875;12030;47.940501;2.182716;47.940501, 2.182716;288291;CENTRE-VAL DE LOIRE;45142;3860;45;45202;Fay-aux-Loges;6777;06-autres communes et unités urbaines;1;46;1111;131,7123857;De 20 à 30 000 entrées;E;JPPR;C;106;59;1;64,4077566;23,12569476;8,897031578;3,569517065;54;41,17090041
3;230;17093;8841;47.441735;-1.502661;47.441735, -1.502661;293121;PAYS DE LA LOIRE;44110;9396;44;44209;Nort-sur-Erdre;9396;06-autres communes et unités urbaines;1;53;462;93,33785771;De 10 à 20 000 entrées;E;JP;I;219;169;2;58,53152655;28,02820796;10,86836283;2,571902655;91;48,49280973
3;200;5284;2255;47.535458;2.042446;47.535458, 2.042446;293801;CENTRE-VAL DE LOIRE;41161;2369;41;41104;Nouan-le-Fuzelier;2369;06-autres communes et unités urbaines;1;27;176;134,3237251;De 5 à 10 000 entrées;NON;;I;15;9;0;94,57722434;5,422775658;0;0;7;29,38341032
3;643;91976;61302;49.579959;3.008971;49.579959, 3.008971;294861;HAUTS DE FRANCE;60471;13409;60;60304;Noyon;15427;06-autres communes et unités urbaines;4;53;6181;50,03751917;De 80 à 100 000 entrées;E;JP;C;282;230;165;37,82968769;45,61691371;13,22298473;3,330413863;114;6,762824422
3;517;145200;79339;47.901533;1.900955;47.901533, 1.900955;298831;CENTRE-VAL DE LOIRE;45234;119380;45;45701;Orléans;291555;04-Unités urbaines de 100 000 hbts ou plus;4;53;9457;83,01213779;De 100 à 150 000 entrées;A;RDJPPR;C;561;307;252;65,65798351;15,38151333;8,762514832;10,19798832;481;91,46858787
3;186;6430;2708;49.130553;2.511848;49.130553, 2.511848;299511;HAUTS DE FRANCE;60482;3473;60;60204;Orry-la-Ville;6704;06-autres communes et unités urbaines;1;45;162;137,4446086;De 5 à 10 000 entrées;NON;;C;66;54;0;66,18670118;23,11923637;7,733376476;2,960685973;18;26,12845818
3;794;110173;65617;47.936453;-2.401708;47.936453, -2.401708;314823;BRETAGNE;56165;10348;56;56216;Ploërmel;10348;06-autres communes et unités urbaines;5;53;8108;67,90313486;De 100 à 150 000 entrées;E;JPPR;I;303;223;137;43,55986159;42,2449827;10,69065744;3,50449827;117;7,918800461
3;230;36717;21522;47.276193;-2.429727;47.276193, -2.429727;322952;PAYS DE LA LOIRE;44135;4116;44;44601;Saint-Nazaire;160970;04-Unités urbaines de 100 000 hbts ou plus;1;53;1478;70,60217452;De 30 à 40 000 entrées;C;RDJP;B;263;182;124;67,89217777;11,42767778;12,31766613;8,362478319;206;75,49262134
3;334;40707;24911;47.662952;-2.454678;47.662952, -2.454678;329501;BRETAGNE;56184;8219;56;56208;Questembert;8219;06-autres communes et unités urbaines;2;53;1690;63,40973867;De 40 à 50 000 entrées;E;RDJPPR;I;328;238;24;57,94908412;29,94260292;8,29923379;3,809079175;205;37,4893582
3;785;74363;42512;47.994608;-4.102191;47.994608, -4.102191;330021;BRETAGNE;29232;65875;29;29501;Quimper;83222;05-Unités urbaines de 20 000 à 100 000 hbts;6;53;7981;74,92237486;De 50 à 80 000 entrées;D;RDJPPR;C;392;258;214;75,33704679;6,781657674;8,998094795;8,883200745;353;94,79631757
3;218;9242;6334;47.794318;-1.057793;47.794318, -1.057793;334921;PAYS DE LA LOIRE;53188;2580;53;53104;Renazé;2580;06-autres communes et unités urbaines;1;49;236;45,91095674;De 5 à 10 000 entrées;E;;I;96;60;2;55,88338602;22,91300784;15,43144831;5,772157827;33;33,20454279
3;2800;612619;413875;48.106343;-1.675345;48.106343, -1.675345;335108;BRETAGNE;35238;226654;35;35701;Rennes;351058;04-Unités urbaines de 100 000 hbts ou plus;13;53;18850;48,02029598;De 450 à 700 000 entrées;NON;;C;336;272;222;38,17122155;43,06877574;14,37735594;4,382646763;145;17,09809118
3;169;9771;5537;47.914523;-1.380231;47.914523, -1.380231;335711;BRETAGNE;35239;4599;35;35201;Retiers;6350;06-autres communes et unités urbaines;1;53;419;76,46740112;De 5 à 10 000 entrées;E;;C;212;173;2;58,21464618;28,70920713;7,883817427;5,192329259;93;25,47942133
3;285;17179;5689;49.615851;-1.26046;49.615851, -1.26046;336191;NORMANDIE;50433;1037;50;0;Zone rurale;14908533;04-Unités urbaines de 100 000 hbts ou plus;2;49;1280;201,9687115;De 10 à 20 000 entrées;E;JPPR;R;214;180;50;57,39135669;28,46996509;10,94859757;3,190080655;104;23,052847
3;260;31216;20936;47.517686;-2.300226;47.517686, -2.300226;339311;BRETAGNE;56195;707;56;0;Zone rurale;14908533;04-Unités urbaines de 100 000 hbts ou plus;2;53;1530;49,10202522;De 30 à 40 000 entrées;E;RDJPPR;R;273;206;82;52,84203458;36,19271445;8,034245426;2,93100554;121;14,75910693
3;698;48786;30334;48.516527;3.723266;48.516527, 3.723266;342071;GRAND EST;10323;14959;10;10301;Romilly-sur-Seine;17331;06-autres communes et unités urbaines;3;53;3359;60,82943232;De 40 à 50 000 entrées;E;JP;C;221;176;59;39,13748447;42,32769694;14,35700899;4,177809598;113;15,8162943
3;227;11187;5078;48.237305;-3.316257;48.237305, -3.316257;343951;BRETAGNE;22266;3428;22;22110;Rostrenen;3428;06-autres communes et unités urbaines;1;53;589;120,303269;De 10 à 20 000 entrées;E;JP;I;256;203;4;56,42913231;24,24420887;15,46917943;3,857479388;129;33,29407146
3;2436;475828;290868;47.94652;1.895679;47.94652, 1.895679;352610;CENTRE-VAL DE LOIRE;45302;16787;45;45701;Orléans;291555;04-Unités urbaines de 100 000 hbts ou plus;10;53;16341;63,58898194;De 450 à 700 000 entrées;NON;;B;186;138;126;31,88394468;53,45427887;12,36505073;2,296725724;22;1,097340945
3;212;16462;10431;48.607433;0.170941;48.607433, 0.170941;357751;NORMANDIE;61464;4634;61;61107;Sées;4634;06-autres communes et unités urbaines;1;52;809;57,81804237;De 10 à 20 000 entrées;E;JP;I;202;151;5;57,66840842;19,7924022;15,92289225;6,616297133;93;36,88038413
3;1340;204403;126827;48.176509;3.284553;48.176509, 3.284553;359772;BOURGOGNE-FRANCHE-COMTE;89387;27367;89;89401;Sens;39612;05-Unités urbaines de 20 000 à 100 000 hbts;7;53;11220;61,16678625;De 200 à 300 000 entrées;D;JP;C;329;247;210;39,72487493;45,0065351;11,2739182;3,994671768;154;12,29850118
3;982;87697;60943;49.382084;3.326393;49.382084, 3.326393;364503;HAUTS DE FRANCE;2722;29543;2;2404;Soissons;44485;05-Unités urbaines de 20 000 à 100 000 hbts;6;53;7460;43,90003774;De 80 à 100 000 entrées;D;;C;254;158;102;37,0280033;46,21183084;12,21529205;4,544873805;118;11,80993531
3;204;12807;6317;47.765104;2.374435;47.765104, 2.374435;370251;CENTRE-VAL DE LOIRE;45315;5203;45;45302;Sully-sur-Loire;11925;06-autres communes et unités urbaines;1;50;637;102,7386418;De 10 à 20 000 entrées;NON;;C;165;139;2;54,31505715;34,34652973;8,315388438;3,023024681;71;25,69985092
3;226;19890;14739;46.722722;2.503052;46.722722, 2.503052;372181;CENTRE-VAL DE LOIRE;18197;9785;18;18301;Saint-Amand-Montrond;12127;06-autres communes et unités urbaines;2;53;1717;34,94809689;De 10 à 20 000 entrées;E;JP;C;229;199;67;55,18223535;30,59760536;11,30333878;2,916820507;104;19,31009019
3;179;5749;3398;49.329525;-0.385911;49.329525, -0.385911;374903;NORMANDIE;14562;2198;14;14302;Douvres-la-Délivrande - Luc-sur-Mer;15136;06-autres communes et unités urbaines;1;53;474;69,1877575;De 5 à 10 000 entrées;NON;;B;179;155;0;56,61157025;31,22529644;9,180740208;2,982393101;51;16,87028387
3;1150;87658;48633;48.508095;-2.760537;48.508095, -2.760537;377271;BRETAGNE;22278;45602;22;22501;Saint-Brieuc;97495;05-Unités urbaines de 20 000 à 100 000 hbts;6;53;6793;80,24386733;De 80 à 100 000 entrées;D;RDJPPR;C;346;213;158;72,90290835;7,225545801;10,93284645;8,938699402;292;91,21927848
3;1122;123846;87256;48.640036;4.95025;48.640036, 4.95025;382552;GRAND EST;52448;23566;52;460;Saint-Dizier;30217;05-Unités urbaines de 20 000 à 100 000 hbts;7;53;9178;41,93407903;De 100 à 150 000 entrées;D;;C;302;234;182;36,08527899;46,22988392;14,31869147;3,366145627;122;8,739777074
3;241;13749;8109;47.275577;-1.779561;47.275577, -1.779561;383961;PAYS DE LA LOIRE;44158;7758;44;44205;Saint-Étienne-de-Montluc;7758;06-autres communes et unités urbaines;1;47;440;69,55234924;De 10 à 20 000 entrées;E;JP;I;242;185;0;71,07977082;15,2842662;10,01322168;3,622741296;131;41,32216836
3;395;14288;12529;48.576008;-1.09371;48.576008, -1.09371;391331;NORMANDIE;50484;6077;50;50202;Saint-Hilaire-du-Harcouët;8786;06-autres communes et unités urbaines;1;46;493;14,03942853;De 10 à 20 000 entrées;NON;;C;92;76;13;57,22121978;30,31396608;11,26669073;1,198123421;24;17,20678455
3;203;7013;4755;48.634794;-2.105848;48.634794, -2.105848;399341;BRETAGNE;35287;2589;35;458;Dinard;35626;05-Unités urbaines de 20 000 à 100 000 hbts;1;52;233;47,48685594;De 5 à 10 000 entrées;D;;B;187;154;0;58,88122605;20,56704981;12,7816092;7,770114943;102;47,40229885
3;1458;174578;122837;48.657589;-1.970525;48.657589, -1.970525;399689;BRETAGNE;35288;48328;35;35402;Saint-Malo;48328;05-Unités urbaines de 20 000 à 100 000 hbts;8;53;10093;42,12167344;De 150 à 200 000 entrées;NON;;I;221;174;166;41,22185347;43,81640508;11,63831847;3,323422987;38;4,788656111
3;200;7405;2723;47.135691;2.548784;47.135691, 2.548784;416921;CENTRE-VAL DE LOIRE;18235;1141;18;0;Zone rurale;14908533;04-Unités urbaines de 100 000 hbts ou plus;1;39;240;171,9427102;De 5 à 10 000 entrées;E;;R;47;30;0;79,1521197;4,272651704;12,85120532;3,724023275;20;45,27015794
3;280;2245;;48.763163;-0.732609;48.763163, -0.732609;428483;NORMANDIE;61486;4982;61;61104;Tinchebray;4982;06-autres communes et unités urbaines;1;11;57;;De 2 à 5 000 entrées;E;;I;45;41;0;59,20925747;33,41369335;5,448408872;1,928640309;16;21,93828351
3;74;7928;2805;47.734838;3.292272;47.734838, 3.292272;429621;BOURGOGNE-FRANCHE-COMTE;89419;2732;89;89101;Toucy;2732;06-autres communes et unités urbaines;1;51;417;182,6381462;De 5 à 10 000 entrées;NON;;I;137;103;1;61,23413449;22,69781258;9,532811234;6,535241696;63;47,56953821
3;340;20808;14084;49.508042;-1.47082;49.508042, -1.47082;441261;NORMANDIE;50615;7064;50;50205;Valognes;8276;06-autres communes et unités urbaines;1;53;735;47,74211872;De 20 à 30 000 entrées;E;JP;C;176;142;41;52,82935238;28,37232209;14,48411721;4,314208323;81;29,59369613
3;813;89471;51026;47.654885;-2.756096;47.654885, -2.756096;441861;BRETAGNE;56260;56018;56;56501;Vannes;83769;05-Unités urbaines de 20 000 à 100 000 hbts;5;53;6807;75,3439423;De 80 à 100 000 entrées;D;RDJPPR;C;418;239;149;71,53040374;6,860511544;12,30593983;9,30314489;358;91,80073749
3;97;12266;7358;49.873882;0.796808;49.873882, 0.796808;450742;NORMANDIE;76735;536;76;0;Zone rurale;14908533;04-Unités urbaines de 100 000 hbts ou plus;1;53;947;66,7029084;De 10 à 20 000 entrées;E;;R;200;134;8;63,09341501;15,65624718;14,35005855;6,900279254;158;73,93928475
3;515;86480;55442;48.123858;-1.200713;48.123858, -1.200713;463643;BRETAGNE;35360;19171;35;35302;Vitré;19171;06-autres communes et unités urbaines;3;53;3026;55,9828289;De 80 à 100 000 entrées;E;JP;I;270;200;66;46,10018948;40,3315964;9,407863572;4,160350545;127;13,83112269
3;2985;482439;318917;47.222987;-1.628379;47.222987, -1.628379;576000;PAYS DE LA LOIRE;44162;49801;44;44701;Nantes;688577;04-Unités urbaines de 100 000 hbts ou plus;14;53;22146;51,27415597;De 450 à 700 000 entrées;NON;;B;326;238;188;27,88477418;53,92012375;13,63247729;4,562624774;104;3,188778443
3;178;4045;3149;48.032408;3.296723;48.032408, 3.296723;719400;BOURGOGNE-FRANCHE-COMTE;89348;2273;89;89102;Saint-Julien-du-Sault;2755;06-autres communes et unités urbaines;1;53;349;28,45347729;De 2 à 5 000 entrées;E;;C;175;131;9;60,81116671;27,70608375;8,743745062;2,739004477;86;35,26468264
3;166;3455;821;47.345608;0.608054;47.345608, 0.608054;723840;CENTRE-VAL DE LOIRE;37018;8225;37;37701;Tours;366772;04-Unités urbaines de 100 000 hbts ou plus;1;27;51;320,8282582;De 2 à 5 000 entrées;NON;;B;24;11;0;78,17845585;11,00323625;9,893666204;0,924641701;16;69,71798428
3;299;1028;;48.317134;4.105569;48.317134, 4.105569;724360;GRAND EST;10297;5237;10;10601;Troyes;143855;04-Unités urbaines de 100 000 hbts ou plus;4;2;134;;Moins de 2000 entrées;NON;;B;17;16;0;68,76332623;7,995735608;7,356076759;15,88486141;16;85,71428571
4;240;20912;11184;46.744249;-1.6164029999999912;46.744249, -1.6164029999999912;13622;PAYS DE LA LOIRE;85003;10270;85;85206;Aizenay;10270;06-autres communes et unités urbaines;2;53;1350;86,981402;De 20 à 30 000 entrées;E;JP;I;298;253;4;55,29769445;29,88092222;11,87737522;2,944008107;146;31,58348112
4;288;9128;4412;43.005826;-0.095968;43.005826, -0.095968;23131;OCCITANIE;65025;3069;65;65204;Argelès-Gazost;7092;06-autres communes et unités urbaines;1;53;545;106,8902992;De 5 à 10 000 entrées;E;;C;254;218;52;57,41230592;24,63484761;13,93904543;4,013801035;150;39,27544566
4;223;3071;1892;46.983737;-0.446514;46.983737, -0.446514;23491;NOUVELLE AQUITAINE;79013;3283;79;0;Zone rurale;14908533;04-Unités urbaines de 100 000 hbts ou plus;1;48;335;62,31501057;De 2 à 5 000 entrées;E;;R;152;119;2;69,4828842;16,78805535;8,266569556;5,462490896;55;35,90677349
4;379;17076;10860;45.956961;2.170097;45.956961, 2.170097;28991;NOUVELLE AQUITAINE;23008;3335;23;23102;Aubusson;3335;06-autres communes et unités urbaines;2;53;1667;57,23756906;De 10 à 20 000 entrées;E;RDJP;I;314;253;6;57,23796842;25,16010399;12,15522161;5,446705979;184;42,12161562
4;451;66258;42109;43.481231;-1.559098;43.481231, -1.559098;54891;NOUVELLE AQUITAINE;64122;26583;64;751;Bayonne (partie française);257726;04-Unités urbaines de 100 000 hbts ou plus;3;53;4866;57,3487853;De 50 à 80 000 entrées;C;RDJPPR;C;295;191;138;65,25719888;13,92495137;11,59411123;9,223738516;218;76,14604912
4;536;82663;53693;44.39654;-1.166475;44.39654, -1.166475;56475;NOUVELLE AQUITAINE;40046;14393;40;40302;Biscarrosse;14393;06-autres communes et unités urbaines;4;53;5463;53,9548917;De 80 à 100 000 entrées;E;RDJPPR;I;360;253;109;38,3193716;45,63126103;11,74774416;4,301623207;192;14,80151135
4;2174;335711;204708;46.610272;0.367025;46.610272, 0.367025;80391;NOUVELLE AQUITAINE;86041;10127;86;86601;Poitiers;137075;04-Unités urbaines de 100 000 hbts ou plus;12;53;23546;63,99505637;De 300 à 450 000 entrées;NON;;B;226;185;184;34,73339023;49,91060599;11,87427938;3,481724391;37;3,396073851
4;360;4649;;44.447834;1.439163;44.447834, 1.439163;81673;OCCITANIE;46042;21081;46;46401;Cahors;24762;05-Unités urbaines de 20 000 à 100 000 hbts;1;19;53;;De 2 à 5 000 entrées;NON;;C;17;4;0;46,12513721;27,35455543;4,654226125;21,86608123;15;97,34357849
4;206;9389;5381;43.286407;1.200892;43.286407, 1.200892;85993;OCCITANIE;31107;5954;31;31204;Carbonne;6946;06-autres communes et unités urbaines;1;53;531;74,4842966;De 5 à 10 000 entrées;E;JP;C;369;284;0;67,67898524;13,94072448;11,26966703;7,110623247;246;56,47030126
4;150;4204;2091;43.4817151;-0.2803853000000345;43.4817151, -0.2803853000000345;86860;NOUVELLE AQUITAINE;64167;219;64;0;Zone rurale;14908533;04-Unités urbaines de 100 000 hbts ou plus;1;28;100;101,0521282;De 2 à 5 000 entrées;NON;;R;30;17;0;79,50946911;20,49053089;0;0;13;35,1443651
4;190;22817;12275;43.693325;1.429742;43.693325, 1.429742;87941;OCCITANIE;31116;10901;31;31701;Toulouse;1024959;04-Unités urbaines de 100 000 hbts ou plus;1;53;1253;85,88187373;De 20 à 30 000 entrées;C;;B;246;173;14;56,1388518;26,88384513;8,069425901;8,90787717;132;37,25500668
4;80;8562;3990;43.001442;1.33357;43.001442, 1.33357;88371;OCCITANIE;9082;462;9;0;Zone rurale;14908533;04-Unités urbaines de 100 000 hbts ou plus;1;49;444;114,5864662;De 5 à 10 000 entrées;E;;R;116;68;1;56,67045311;21,69632715;15,76423072;5,868989019;83;77,15511801
4;205;12889;7589;44.651621;0.591622;44.651621, 0.591622;88991;NOUVELLE AQUITAINE;47057;1386;47;0;Zone rurale;14908533;04-Unités urbaines de 100 000 hbts ou plus;1;53;587;69,83792331;De 10 à 20 000 entrées;E;;R;263;213;0;43,5432492;28,93898554;19,09662664;8,42113861;138;37,5479866
4;544;35526;23267;44.742006;-0.685394;44.742006, -0.685394;93261;NOUVELLE AQUITAINE;33122;17219;33;33701;Bordeaux;975671;04-Unités urbaines de 100 000 hbts ou plus;2;53;2609;52,6883569;De 30 à 40 000 entrées;C;JP;B;213;174;59;48,83923642;38,69599326;9,411046866;3,053723451;91;12,97905105
4;146;5328;3546;46.108833;-0.068552;46.108833, -0.068552;108592;NOUVELLE AQUITAINE;79083;2514;79;79101;Chef-Boutonne;2514;06-autres communes et unités urbaines;1;49;379;50,25380711;De 5 à 10 000 entrées;E;;I;192;156;1;70,33305921;12,84950658;12,95230263;3,865131579;90;45,25082237
4;116;2546;1217;43.257218;0.483469;43.257218, 0.483469;113271;OCCITANIE;65148;135;65;0;Zone rurale;14908533;04-Unités urbaines de 100 000 hbts ou plus;1;51;195;109,2029581;De 2 à 5 000 entrées;E;;R;171;149;18;57,0461278;13,66906475;22,76766822;6,51713923;84;45,91620821
4;460;64545;37273;44.557817;2.274123;44.557817, 2.274123;136686;OCCITANIE;12089;5408;12;12302;Decazeville;14375;06-autres communes et unités urbaines;3;53;3881;73,16824511;De 50 à 80 000 entrées;E;JPPR;C;301;216;89;48,15672589;39,17988579;9,035532995;3,62785533;169;12,50317259
4;150;4116;2783;44.644532;2.564434;44.644532, 2.564434;147471;OCCITANIE;12094;999;12;0;Zone rurale;14908533;04-Unités urbaines de 100 000 hbts ou plus;1;53;164;47,89795185;De 2 à 5 000 entrées;E;;R;132;109;1;71,16233448;10,37273173;13,90387445;4,561059343;73;48,16086317
4;169;11140;5179;44.879016;-0.6384;44.879016, -0.6384;154921;NOUVELLE AQUITAINE;33162;24483;33;33701;Bordeaux;975671;04-Unités urbaines de 100 000 hbts ou plus;1;50;490;115,09944;De 10 à 20 000 entrées;C;;B;243;205;10;73,78086105;11,68128953;8,814527647;5,723321771;136;55,53968578
4;141;24424;15138;42.965028;1.607346;42.965028, 1.607346;162212;OCCITANIE;9122;9841;9;9301;Foix;14988;06-autres communes et unités urbaines;1;53;1360;61,34231735;De 20 à 30 000 entrées;E;;C;129;106;48;48,81633335;36,66652749;10,69266419;3,82447497;67;26,44565989
4;415;6982;3644;43.656112;-0.592314;43.656112, -0.592314;189661;NOUVELLE AQUITAINE;40119;4739;40;40201;Hagetmau;5456;06-autres communes et unités urbaines;1;50;596;91,60263447;De 5 à 10 000 entrées;E;;C;225;197;4;59,92008606;27,47810051;8,805901337;3,795912095;91;19,02566467
4;354;28984;17962;45.445545;-0.433778;45.445545, -0.433778;204891;NOUVELLE AQUITAINE;17197;3766;17;17201;Jonzac;5745;06-autres communes et unités urbaines;2;53;1430;61,36287719;De 20 à 30 000 entrées;E;JP;C;231;173;41;55,77269777;29,52332877;9,958895219;4,745078243;114;23,07636836
4;1367;189641;107903;44.913546;-0.237461;44.913546, -0.237461;225444;NOUVELLE AQUITAINE;33243;24941;33;33401;Libourne;36490;05-Unités urbaines de 20 000 à 100 000 hbts;10;53;12878;75,75136929;De 150 à 200 000 entrées;D;RDJP;C;380;272;223;38,91066727;45,94558655;11,80553709;3,33820909;183;14,85651977
4;487;4341;414;43.085637;-0.04492;43.085637, -0.04492;234273;OCCITANIE;65286;13546;65;65302;Lourdes;16846;06-autres communes et unités urbaines;1;36;96;948,5507246;De 2 à 5 000 entrées;E;;C;68;45;1;69,40613566;14,12890515;13,42527442;3,039684773;57;81,36785815
4;281;4566;1637;43.095917;-0.055559;43.095917, -0.055559;234295;OCCITANIE;65286;13546;65;65302;Lourdes;16846;06-autres communes et unités urbaines;1;30;369;178,9248626;De 2 à 5 000 entrées;NON;;C;4;0;0;91,80902322;1,927288655;6,26368813;0;1;6,26368813
4;416;16204;10173;43.221421;-0.889467;43.221421, -0.889467;252742;NOUVELLE AQUITAINE;64371;3189;64;64204;Mauléon-Licharre;6789;06-autres communes et unités urbaines;2;53;1313;59,28438022;De 10 à 20 000 entrées;E;JP;C;380;329;71;53,48852901;29,19703104;13,30634278;4,008097166;215;33,04318489
4;88;4851;3214;43.731827;0.878411;43.731827, 0.878411;253442;OCCITANIE;32249;2287;32;0;Zone rurale;14908533;04-Unités urbaines de 100 000 hbts ou plus;1;53;266;50,9334163;De 2 à 5 000 entrées;E;;R;190;156;27;55,66644489;26,74650699;8,205810601;9,381237525;84;64,87025948
4;585;25151;19506;43.493101;2.374957;43.493101, 2.374957;254005;OCCITANIE;81163;10361;81;81401;Mazamet;25228;05-Unités urbaines de 20 000 à 100 000 hbts;4;49;1386;28,93981339;De 20 à 30 000 entrées;D;;C;188;150;25;43,73807201;39,89566988;14,30934306;2,056915052;96;18,10933458
4;159;8341;4760;43.320215;-0.579262;43.320215, -0.579262;266571;NOUVELLE AQUITAINE;64393;4520;64;64302;Mourenx;14244;06-autres communes et unités urbaines;1;51;789;75,23109244;De 5 à 10 000 entrées;E;JP;C;297;245;5;64,92994746;21,17629889;8,800350263;5,093403386;160;51,37186223
4;179;12124;6223;45.008093;0.159645;45.008093, 0.159645;267243;NOUVELLE AQUITAINE;24294;5878;24;354;Montpon-Ménestérol;12136;06-autres communes et unités urbaines;1;53;601;94,82564679;De 10 à 20 000 entrées;E;JP;C;230;182;1;57,26526892;26,98268004;8,915223336;6,836827712;100;25,51504102
4;189;13213;7682;44.650724;0.079158;44.650724, 0.079158;267391;NOUVELLE AQUITAINE;33289;1668;33;0;Zone rurale;14908533;04-Unités urbaines de 100 000 hbts ou plus;1;53;936;71,9994793;De 10 à 20 000 entrées;E;JPPR;R;339;264;3;58,27841845;20,96375618;13,22075783;7,537067545;202;45,60131796
4;133;7675;5514;45.217551;-0.186333;45.217551, -0.186333;272481;NOUVELLE AQUITAINE;17241;1583;17;0;Zone rurale;14908533;04-Unités urbaines de 100 000 hbts ou plus;1;53;450;39,1911498;De 5 à 10 000 entrées;E;JP;R;200;162;0;50,49664037;27,73882559;12,86882851;8,895705521;81;38,8694128
4;275;28465;12131;43.116608;1.612993;43.116608, 1.612993;302933;OCCITANIE;9225;16421;9;9401;Pamiers;27866;05-Unités urbaines de 20 000 à 100 000 hbts;2;53;2060;134,6467727;De 20 à 30 000 entrées;NON;;C;174;149;66;35,43422893;48,70681924;10,22706891;5,631882914;77;18,90447322
4;1079;197388;122506;44.952219;-0.629792;44.952219, -0.629792;310180;NOUVELLE AQUITAINE;33322;7138;33;33701;Bordeaux;975671;04-Unités urbaines de 100 000 hbts ou plus;6;53;9772;61,12516938;De 150 à 200 000 entrées;NON;;B;142;119;107;24,70601371;59,95848411;12,24566443;3,089837743;10;1,021656271
4;181;9816;6159;43.604768;0.0448;43.604768, 0.0448;312973;OCCITANIE;32319;1446;32;0;Zone rurale;14908533;04-Unités urbaines de 100 000 hbts ou plus;1;53;432;59,37652216;De 5 à 10 000 entrées;E;;R;283;234;39;53,48910641;24,09220082;15,40890433;7,009788443;159;38,19597937
4;459;65153;36421;46.580669;0.339687;46.580669, 0.339687;317345;NOUVELLE AQUITAINE;86194;92296;86;86601;Poitiers;137075;04-Unités urbaines de 100 000 hbts ou plus;3;51;4526;78,88855331;De 50 à 80 000 entrées;B;RDJPPR;C;302;160;119;74,73314417;5,565126334;8,284353466;11,41737603;274;96,35184435
4;220;8832;5546;43.787182;-0.923978;43.787182, -0.923978;320561;NOUVELLE AQUITAINE;40230;2997;40;0;Zone rurale;14908533;04-Unités urbaines de 100 000 hbts ou plus;1;53;605;59,24990984;De 5 à 10 000 entrées;E;;R;203;179;70;52,33316608;35,41144004;9,671349724;2,584044155;76;19,20471651
4;288;8265;3676;43.608168;-0.998487;43.608168, -0.998487;322592;NOUVELLE AQUITAINE;40233;3169;40;40202;Pouillon;5839;06-autres communes et unités urbaines;1;44;323;124,8367791;De 5 à 10 000 entrées;E;;C;176;134;0;68,47377725;11,62345315;13,53859753;6,364172068;89;48,7625221
4;201;28040;16402;43.545097;1.484818;43.545097, 1.484818;331401;OCCITANIE;31446;15017;31;31701;Toulouse;1024959;04-Unités urbaines de 100 000 hbts ou plus;1;53;1095;70,95476161;De 20 à 30 000 entrées;C;JP;B;300;212;1;69,73631321;8,927566525;10,82080553;10,51531474;213;71,33210065
4;88;4234;2126;44.032421;2.535913;44.032421, 2.535913;335473;OCCITANIE;12197;2056;12;0;Zone rurale;14908533;04-Unités urbaines de 100 000 hbts ou plus;1;52;363;99,1533396;De 2 à 5 000 entrées;NON;;R;107;90;0;72,14285714;17,33990148;3,522167488;6,995073892;42;41,25615764
4;1280;47685;24973;46.156657;-1.154697;46.156657, -1.154697;339852;NOUVELLE AQUITAINE;17300;79323;17;17601;La Rochelle;136511;04-Unités urbaines de 100 000 hbts ou plus;2;47;1571;90,94622192;De 40 à 50 000 entrées;B;RDJPPR;C;151;73;56;65,00786367;5,462313091;12,61003263;16,91979062;135;95,70432619
4;1293;195892;128384;46.501653;-1.786349;46.501653, -1.786349;348296;PAYS DE LA LOIRE;85194;48401;85;85403;Les Sables-d'Olonne;48401;05-Unités urbaines de 20 000 à 100 000 hbts;7;53;6870;52,58287637;De 150 à 200 000 entrées;NON;;C;244;189;147;52,09936658;35,81251161;8,906575608;3,181546207;92;14,534116
4;103;3957;2135;44.152438;-0.737033;44.152438, -0.737033;348442;NOUVELLE AQUITAINE;40246;1312;40;0;Zone rurale;14908533;04-Unités urbaines de 100 000 hbts ou plus;1;51;465;85,33957845;De 2 à 5 000 entrées;E;JP;R;193;161;0;62,59567388;19,53410982;13,77703827;4,093178037;80;37,87021631
4;189;3183;1680;43.236313;1.574721;43.236313, 1.574721;355993;OCCITANIE;9282;4966;9;9105;Saverdun;4966;06-autres communes et unités urbaines;1;50;285;89,46428571;De 2 à 5 000 entrées;E;;I;205;168;0;47,95417349;25,63011457;17,47954173;8,936170213;121;44,02618658
4;190;10057;6441;46.236572;1.486137;46.236572, 1.486137;367911;NOUVELLE AQUITAINE;23176;5182;23;23201;La Souterraine;5182;06-autres communes et unités urbaines;1;49;810;56,14035088;De 10 à 20 000 entrées;E;JP;I;237;167;0;56,96813285;26,62701975;10,28949731;6,11535009;135;44,07540395
4;284;6379;4867;44.85779;1.896668;44.85779, 1.896668;377892;OCCITANIE;46251;3582;46;46106;Saint-Céré;4678;06-autres communes et unités urbaines;1;36;396;31,06636532;De 5 à 10 000 entrées;E;;C;156;115;0;62,24114896;17,63527054;11,23914496;8,884435538;76;51,11890448
4;282;5242;3292;45.485115;-0.566824;45.485115, -0.566824;387092;NOUVELLE AQUITAINE;17331;1293;17;0;Zone rurale;14908533;04-Unités urbaines de 100 000 hbts ou plus;1;51;217;59,2345079;De 5 à 10 000 entrées;NON;;R;182;163;0;55,68181818;25,4784689;14,65311005;4,186602871;69;28,20972887
4;162;5475;3086;46.556503;-1.061779;46.556503, -1.061779;390821;PAYS DE LA LOIRE;85223;3008;85;0;Zone rurale;14908533;04-Unités urbaines de 100 000 hbts ou plus;1;47;279;77,41412832;De 5 à 10 000 entrées;E;;R;125;101;1;43,77336219;28,78221523;27,40507574;0,039346842;59;65,8666142
4;290;8614;9722;44.079661;-1.257781;44.079661, -1.257781;395463;NOUVELLE AQUITAINE;40266;1722;40;0;Zone rurale;14908533;04-Unités urbaines de 100 000 hbts ou plus;1;38;701;-11,39683193;De 5 à 10 000 entrées;E;RDJP;R;195;150;4;47,52404703;22,87139295;15,200095;14,40446503;135;54,62534141
4;326;3795;2181;43.08008;0.480895;43.08008, 0.480895;396961;OCCITANIE;65389;990;65;0;Zone rurale;14908533;04-Unités urbaines de 100 000 hbts ou plus;1;51;213;74,00275103;De 2 à 5 000 entrées;NON;;R;190;151;28;69,31407942;8,002406739;19,25391095;3,429602888;105;47,35258724
4;50;6088;3267;44.397257;0.588996;44.397257, 0.588996;398525;NOUVELLE AQUITAINE;47252;6660;47;47401;Villeneuve-sur-Lot;49674;05-Unités urbaines de 20 000 à 100 000 hbts;1;50;704;86,3483318;De 5 à 10 000 entrées;D;RDJPPR;B;245;177;1;68,37168142;13,57522124;11,07964602;6,973451327;186;63,66371681
4;388;63025;39700;43.885758;-0.521675;43.885758, -0.521675;411540;NOUVELLE AQUITAINE;40281;10087;40;40401;Mont-de-Marsan;41453;05-Unités urbaines de 20 000 à 100 000 hbts;4;53;7069;58,75314861;De 50 à 80 000 entrées;NON;;B;144;97;91;30,93669482;53,7751541;12,34630312;2,94184795;38;5,683115358
4;309;7008;4051;46.465494;-1.62086;46.465494, -1.62086;421441;PAYS DE LA LOIRE;85288;8119;85;85204;Talmont-Saint-Hilaire;8119;06-autres communes et unités urbaines;1;53;596;72,99432239;De 5 à 10 000 entrées;E;;I;231;178;0;59,76845152;26,38205499;9,8552822;3,994211288;115;29,37771346
4;530;77715;34822;46.979451;-0.21706;46.979451, -0.21706;427365;NOUVELLE AQUITAINE;79329;14225;79;79302;Thouars;17467;06-autres communes et unités urbaines;4;53;5391;123,1778761;De 50 à 80 000 entrées;NON;;C;288;221;121;55,09168432;33,24962725;8,995788537;2,662899893;146;14,07439378
4;79;22637;10663;43.588909;1.445984;43.588909, 1.445984;430261;OCCITANIE;31555;503020;31;31701;Toulouse;1024959;04-Unités urbaines de 100 000 hbts ou plus;1;46;1378;112,2948514;De 20 à 30 000 entrées;A;RDJP;C;379;204;2;58,72356702;8,567837823;18,41975848;14,28883668;326;88,88585323
4;130;4442;609;43.563857;1.404136;43.563857, 1.404136;430404;OCCITANIE;31555;503020;31;31701;Toulouse;1024959;04-Unités urbaines de 100 000 hbts ou plus;1;25;126;629,3924466;De 2 à 5 000 entrées;NON;;C;47;29;0;44,75683891;31,80091185;2,507598784;20,93465046;29;72,34042553
4;259;7727;7237;45.796268;-1.166123;45.796268, -1.166123;433913;NOUVELLE AQUITAINE;17452;4391;17;17301;La Tremblade;12508;06-autres communes et unités urbaines;1;51;864;6,770761365;De 5 à 10 000 entrées;E;JP;C;221;187;12;65,30113555;19,60615208;8,782521202;6,310191174;137;60,21273537
4;98;4996;3063;43.851122;1.234903;43.851122, 1.234903;447605;OCCITANIE;82190;4900;82;82104;Verdun-sur-Garonne;4900;06-autres communes et unités urbaines;1;49;374;63,10806399;De 2 à 5 000 entrées;E;;I;242;202;0;52,37569061;25,83425414;14,40883978;7,38121547;118;29,12707182
4;436;6527;5606;43.78629;-1.402582;43.78629, -1.402582;452961;NOUVELLE AQUITAINE;40328;1670;40;0;Zone rurale;14908533;04-Unités urbaines de 100 000 hbts ou plus;1;43;298;16,42882626;De 5 à 10 000 entrées;NON;;R;128;106;23;38,85150994;43,87419809;12,5958379;4,678454076;58;25,50461587
4;676;68293;41690;44.408808;0.704017;44.408808, 0.704017;458401;NOUVELLE AQUITAINE;47323;22385;47;47401;Villeneuve-sur-Lot;49674;05-Unités urbaines de 20 000 à 100 000 hbts;6;53;6996;63,81146558;De 50 à 80 000 entrées;NON;;C;174;155;123;34,1841399;51,09705388;10,7419859;3,976820313;38;5,494116606
4;120;36465;15505;46.716996;0.536753;46.716996, 0.536753;465651;NOUVELLE AQUITAINE;86298;2329;86;0;Zone rurale;14908533;04-Unités urbaines de 100 000 hbts ou plus;1;53;926;135,1821993;De 30 à 40 000 entrées;E;JPPR;R;133;76;0;78,59183379;11,83379022;5,243110662;4,33126533;56;33,97778098
4;201;3400;2376;43.795535;1.6077;43.795535, 1.6077;706850;OCCITANIE;31066;4258;31;31109;Bessières;4258;06-autres communes et unités urbaines;1;30;151;43,0976431;De 2 à 5 000 entrées;NON;;I;94;74;2;65,39440204;14,28571429;11,30498001;9,014903671;45;48,3824064
4;2014;342830;217755;46.697805;-1.426619;46.697805, -1.426619;718200;PAYS DE LA LOIRE;85191;58168;85;85501;La Roche-sur-Yon;58168;05-Unités urbaines de 20 000 à 100 000 hbts;9;51;12455;57,43840555;De 300 à 450 000 entrées;NON;;I;247;158;138;36,6845657;49,97039738;10,64015293;2,70488399;72;2,516369806
4;2082;311971;169502;43.973656;1.38232;43.973656, 1.38232;720750;OCCITANIE;82121;63158;82;82501;Montauban;82406;05-Unités urbaines de 20 000 à 100 000 hbts;11;53;21579;84,05151562;De 300 à 450 000 entrées;NON;;C;211;177;175;31,26117564;52,65557292;12,3962176;3,687033845;27;2,255263624
4;1327;152061;93919;43.887186;-0.501779;43.887186, -0.501779;721850;NOUVELLE AQUITAINE;40192;31366;40;40401;Mont-de-Marsan;41453;05-Unités urbaines de 20 000 à 100 000 hbts;8;53;10241;61,90653648;De 150 à 200 000 entrées;D;JP;C;300;232;201;34,58919503;50,3471733;11,84816954;3,215462126;138;13,18587692
4;182;4181;3071;43.578553;1.262865;43.578553, 1.262865;724760;OCCITANIE;31526;8694;31;31701;Toulouse;1024959;04-Unités urbaines de 100 000 hbts ou plus;1;46;410;36,14457831;De 2 à 5 000 entrées;NON;;B;133;112;1;63,95498392;20,77170418;4,98392283;10,28938907;58;32,76527331
4;98;3063;1503;44.182478;2.786721;44.182478, 2.786721;724840;OCCITANIE;12307;308;12;0;Zone rurale;14908533;04-Unités urbaines de 100 000 hbts ou plus;1;53;234;103,7924152;De 2 à 5 000 entrées;NON;;R;81;71;0;78,77564749;13,28624285;3,195425496;4,742684157;21;21,82980155
5;268;7660;2614;50.639733;2.390569;50.639733, 2.390569;13161;HAUTS DE FRANCE;62014;9869;62;752;Béthune;358847;04-Unités urbaines de 100 000 hbts ou plus;1;20;109;193,0374904;De 5 à 10 000 entrées;NON;;B;56;30;1;66,08203287;17,82902914;6,07650877;10,01242922;24;34,88468444
5;145;16075;8740;50.740146;2.736651;50.740146, 2.736651;36352;HAUTS DE FRANCE;59043;15250;59;59501;Armentières (partie française);80740;05-Unités urbaines de 20 000 à 100 000 hbts;1;53;795;83,92448513;De 10 à 20 000 entrées;D;JP;C;174;132;3;64,05238061;24,09792897;8,156003131;3,693687282;91;43,2780585
5;566;104723;70702;50.408345;1.593105;50.408345, 1.593105;50033;HAUTS DE FRANCE;62108;13778;62;62401;Berck;44883;05-Unités urbaines de 20 000 à 100 000 hbts;3;51;4332;48,1188651;De 100 à 150 000 entrées;D;JP;C;270;207;89;44,40121786;40,58976094;11,46256202;3,546459179;121;9,101075026
5;156;12706;6264;51.070372;2.519444;51.070372, 2.519444;71791;HAUTS DE FRANCE;59107;4521;59;59134;Bray-Dunes;4521;06-autres communes et unités urbaines;1;52;618;102,8416347;De 10 à 20 000 entrées;E;JP;I;151;122;4;51,28291411;30,03280895;15,68099605;3,003280895;49;18,1879364
5;598;32623;20779;50.127719;3.415275;50.127719, 3.415275;89644;HAUTS DE FRANCE;59139;14170;59;59307;Caudry;18128;06-autres communes et unités urbaines;2;53;1259;56,99985562;De 30 à 40 000 entrées;E;JP;C;196;159;23;37,29499131;39,66503397;18,3220098;4,717964923;76;13,67988624
5;2371;332954;218858;50.931939;1.8108;50.931939, 1.8108;120181;HAUTS DE FRANCE;62239;2635;62;62504;Calais;93524;05-Unités urbaines de 20 000 à 100 000 hbts;12;50;18667;52,1324329;De 300 à 450 000 entrées;NON;;B;262;216;165;33,92322978;49,73973378;13,00968172;3,327354721;82;2,356762839
5;986;121737;68309;50.326793;3.393394;50.326793, 3.393394;137112;HAUTS DE FRANCE;59172;20532;59;59701;Valenciennes (partie française);336069;04-Unités urbaines de 100 000 hbts ou plus;7;53;11989;78,2151693;De 100 à 150 000 entrées;NON;;B;208;156;139;30,1871119;54,75428712;10,39766419;4,660936793;40;3,517703664
5;369;22032;15397;51.003064;2.131258;51.003064, 2.131258;184364;HAUTS DE FRANCE;59273;11175;59;59602;Dunkerque;172821;04-Unités urbaines de 100 000 hbts ou plus;2;52;1674;43,09281029;De 20 à 30 000 entrées;C;JP;B;237;178;42;37,93661695;40,13441915;17,08693093;4,842032967;104;15,11479592
5;237;17481;9681;50.780027;3.127664;50.780027, 3.127664;190194;HAUTS DE FRANCE;59279;20934;59;59702;Lille (partie française);1062604;04-Unités urbaines de 100 000 hbts ou plus;1;49;533;80,57018903;De 10 à 20 000 entrées;NON;;B;183;147;0;47,87445133;39,93746618;9,067404245;3,120678251;64;15,23660634
5;560;3349;2106;50.257558;3.913904;50.257558, 3.913904;192833;HAUTS DE FRANCE;59291;14413;59;59601;Maubeuge (partie française);111761;04-Unités urbaines de 100 000 hbts ou plus;1;42;105;59,02184236;De 2 à 5 000 entrées;NON;;B;70;52;0;25,38071066;27,53060615;30,0089579;17,07972529;10;38,93699612
5;181;17005;807;50.651234;3.02797;50.651234, 3.02797;213491;HAUTS DE FRANCE;59328;27868;59;59702;Lille (partie française);1062604;04-Unités urbaines de 100 000 hbts ou plus;1;48;561;2007,187113;De 10 à 20 000 entrées;NON;;B;148;122;0;73,92358647;14,93967353;8,676366217;2,460373788;54;28,63733144
5;3391;353040;237947;50.42314;2.777484;50.42314, 2.777484;226125;HAUTS DE FRANCE;62510;30432;62;756;Douai - Lens;510310;04-Unités urbaines de 100 000 hbts ou plus;15;53;22151;48,36917465;De 300 à 450 000 entrées;NON;;C;309;245;193;32,42028375;50,80253762;13,07624609;3,700932543;106;3,405947293
5;587;154623;90909;50.633401;3.06284;50.633401, 3.06284;227281;HAUTS DE FRANCE;59350;238104;59;59702;Lille (partie française);1062604;04-Unités urbaines de 100 000 hbts ou plus;6;53;8901;70,08547009;De 150 à 200 000 entrées;A;;C;277;147;134;62,38994126;12,6704508;9,973599102;14,96600884;237;94,72246056
5;198;11924;9694;50.632496;1.578876;50.632496, 1.578876;287462;HAUTS DE FRANCE;62604;3818;62;62207;Neufchâtel-Hardelot;7463;06-autres communes et unités urbaines;1;50;992;23,00391995;De 10 à 20 000 entrées;NON;;C;100;88;22;65,21117281;24,46575803;6,991418476;3,331650681;20;9,069493522
5;170;24781;17336;50.527126;3.168609;50.527126, 3.168609;423382;HAUTS DE FRANCE;59586;6559;59;59211;Templeuve;10829;06-autres communes et unités urbaines;1;53;1072;42,94531611;De 20 à 30 000 entrées;NON;;C;92;77;41;50,34499653;36,19809742;13,12211652;0,334789532;14;4,625811456
5;270;13020;7143;50.471998;3.073172;50.471998, 3.073172;427703;HAUTS DE FRANCE;59592;4001;59;756;Douai - Lens;510310;04-Unités urbaines de 100 000 hbts ou plus;1;44;276;82,27635447;De 10 à 20 000 entrées;NON;;B;126;101;1;44,99512512;36,39096523;13,87715307;4,736756581;24;18,28891778
5;445;82072;60561;50.524614;1.585193;50.524614, 1.585193;430620;HAUTS DE FRANCE;62826;4527;62;62401;Berck;44883;05-Unités urbaines de 20 000 à 100 000 hbts;5;53;8659;35,51955879;De 80 à 100 000 entrées;D;PR;B;400;274;198;55,90306955;30,83139736;9,712816964;3,552716129;230;20,59339627
6;365;38173;25039;45.676502;6.391967;45.676502, 6.391967;14073;AUVERGNE-RHONE-ALPES;73011;20414;73;73401;Albertville;42745;05-Unités urbaines de 20 000 à 100 000 hbts;2;50;2439;52,45417149;De 30 à 40 000 entrées;D;JP;C;261;184;57;76,87997899;5,558959993;9,530479442;8,030581575;186;60,82173393
6;1188;4260;2207;45.902197;6.128472;45.902197, 6.128472;19951;AUVERGNE-RHONE-ALPES;74010;134942;74;74601;Annecy;182687;04-Unités urbaines de 100 000 hbts ou plus;2;3;28;93,02220208;De 2 à 5 000 entrées;NON;;C;23;5;0;38,33293528;0;61,66706472;0;7;22,92811082
6;111;21010;7501;46.191752;6.231982;46.191752, 6.231982;19983;AUVERGNE-RHONE-ALPES;74012;37859;74;652;Genève (SUI) - Annemasse (partie française);195045;04-Unités urbaines de 100 000 hbts ou plus;1;49;973;180,0959872;De 20 à 30 000 entrées;C;JP;C;170;102;0;49,13658645;17,59692513;19,29032977;13,97615865;149;84,75935829
6;2479;432598;282515;45.756523;3.143499;45.756523, 3.143499;28462;AUVERGNE-RHONE-ALPES;63014;10756;63;63701;Clermont-Ferrand;278692;04-Unités urbaines de 100 000 hbts ou plus;14;53;22594;53,12390493;De 300 à 450 000 entrées;NON;;B;315;234;187;31,95423135;51,48104752;13,85527882;2,709442309;106;3,995951921
6;1073;146235;97378;44.92393;2.442797;44.92393, 2.442797;31236;AUVERGNE-RHONE-ALPES;15014;26973;15;15401;Aurillac;33482;05-Unités urbaines de 20 000 à 100 000 hbts;7;53;12794;50,17252357;De 100 à 150 000 entrées;D;JP;C;409;298;184;49,07794737;36,57135626;11,01682403;3,33387234;210;19,52726787
6;194;14038;7998;47.353131;6.359659;47.353131, 6.359659;42201;BOURGOGNE-FRANCHE-COMTE;25047;5144;25;25201;Baume-les-Dames;5144;06-autres communes et unités urbaines;2;53;1130;75,51887972;De 10 à 20 000 entrées;NON;;I;282;245;0;55,46439862;25,62848111;10,31913292;8,587987355;133;31,51437603
6;100;2171;2654;44.368236;4.268552;44.368236, 4.268552;44239;AUVERGNE-RHONE-ALPES;7028;534;7;0;Zone rurale;14908533;04-Unités urbaines de 100 000 hbts ou plus;1;10;23;-18,19894499;De 2 à 5 000 entrées;NON;;R;11;6;0;4,652233994;95,34776601;0;0;2;10,31782589
6;374;25558;29080;45.338891;5.057286;45.338891, 5.057286;45602;AUVERGNE-RHONE-ALPES;38034;5088;38;38202;Beaurepaire;6063;06-autres communes et unités urbaines;2;32;1025;-12,11141678;De 20 à 30 000 entrées;E;JP;C;170;129;21;61,24706264;23,78251357;12,5313994;2,43902439;79;28,57142857
6;336;4559;3989;45.512152;2.93212;45.512152, 2.93212;52532;AUVERGNE-RHONE-ALPES;63038;1543;63;0;Zone rurale;14908533;04-Unités urbaines de 100 000 hbts ou plus;1;44;557;14,28929556;De 2 à 5 000 entrées;NON;;R;177;153;3;58,01645541;26,32866355;7,471647765;8,183233267;103;28,28552368
6;632;85986;43701;46.068578;6.412198;46.068578, 6.412198;62264;AUVERGNE-RHONE-ALPES;74042;12902;74;74502;Cluses;93895;05-Unités urbaines de 20 000 à 100 000 hbts;3;53;4003;96,75979955;De 80 à 100 000 entrées;NON;;C;239;199;104;38,21814268;47,43970381;10,52507068;3,817082836;108;10,21043044
6;213;16046;8541;45.295097;4.558306;45.295097, 4.558306;67734;AUVERGNE-RHONE-ALPES;42023;3010;42;42102;Bourg-Argental;3010;06-autres communes et unités urbaines;1;52;445;87,8702728;De 10 à 20 000 entrées;E;;I;194;147;0;65,3931187;20,08428907;8,366726544;6,15586569;87;32,33383999
6;106;6060;3339;45.055549;6.028706;45.055549, 6.028706;67904;AUVERGNE-RHONE-ALPES;38052;3386;38;38116;Le Bourg-d'Oisans;3386;06-autres communes et unités urbaines;1;50;319;81,49146451;De 5 à 10 000 entrées;E;;I;156;131;10;67,72426818;20,35882908;7,799811143;4,117091596;65;42,43626062
6;313;3275;2572;45.292071;3.387558;45.292071, 3.387558;75492;AUVERGNE-RHONE-ALPES;43040;6851;43;43202;Brioude;7515;06-autres communes et unités urbaines;1;44;219;27,33281493;De 2 à 5 000 entrées;E;JP;C;92;79;0;72,34567901;17,90123457;7,345679012;2,407407407;24;18,51851852
6;345;48799;30999;45.731192;4.914994;45.731192, 4.914994;76073;AUVERGNE-RHONE-ALPES;69029;42819;69;758;Lyon;1720030;04-Unités urbaines de 100 000 hbts ou plus;2;49;2652;57,42120714;De 40 à 50 000 entrées;C;JP;B;289;208;81;73,31619073;11,90057292;8,490097893;6,293138449;190;57,23823702
6;1637;420900;254702;46.775786;4.864432;46.775786, 4.864432;95076;BOURGOGNE-FRANCHE-COMTE;71076;46567;71;71501;Chalon-sur-Saône;77070;05-Unités urbaines de 20 000 à 100 000 hbts;12;53;20912;65,25194148;De 300 à 450 000 entrées;NON;;C;447;331;258;41,03424424;43,54359908;11,56517646;3,856980224;238;14,30582042
6;584;90735;54980;45.566066;5.923359;45.566066, 5.923359;95413;AUVERGNE-RHONE-ALPES;73065;60749;73;73601;Chambéry;202124;04-Unités urbaines de 100 000 hbts ou plus;4;53;6144;65,03273918;De 80 à 100 000 entrées;B;RDJPPR;C;318;181;155;70,80533038;6,398531144;12,56841959;10,22771888;265;86,90385459
6;508;36623;30162;45.923063;6.86902;45.923063, 6.86902;96184;AUVERGNE-RHONE-ALPES;74056;9019;74;74301;Chamonix-Mont-Blanc;12270;06-autres communes et unités urbaines;3;41;2461;21,4209933;De 30 à 40 000 entrées;E;;C;198;163;62;41,10163607;42,32382434;12,86353157;3,711008028;107;19,58556707
6;300;26111;13028;45.780835;4.739883;45.780835, 4.739883;101692;AUVERGNE-RHONE-ALPES;69044;5385;69;758;Lyon;1720030;04-Unités urbaines de 100 000 hbts ou plus;1;49;770;100,4221676;De 20 à 30 000 entrées;C;;B;218;175;11;74,44620575;13,98203471;7,763280901;3,808478641;127;39,95041255
6;289;12238;5630;46.43482;4.657216;46.43482, 4.657216;115511;BOURGOGNE-FRANCHE-COMTE;71137;5176;71;71112;Cluny;5176;06-autres communes et unités urbaines;1;48;452;117,3712256;De 10 à 20 000 entrées;E;JPPR;I;164;112;0;77,19114828;7,553580763;12,38020561;2,875065342;106;64,79351803
6;476;50319;26734;45.731555;3.199146;45.731555, 3.199146;125201;AUVERGNE-RHONE-ALPES;63124;20712;63;63701;Clermont-Ferrand;278692;04-Unités urbaines de 100 000 hbts ou plus;3;53;4487;88,220992;De 50 à 80 000 entrées;C;;B;167;133;58;65,84092792;24,78458989;6,172328086;3,202154101;95;37,3902237
6;183;40713;20886;45.904817;6.100656;45.904817, 6.100656;127103;AUVERGNE-RHONE-ALPES;74010;134942;74;74601;Annecy;182687;04-Unités urbaines de 100 000 hbts ou plus;1;53;1339;94,92961793;De 40 à 50 000 entrées;NON;;C;350;246;9;62,09213316;13,93837597;15,03428147;8,935209406;246;65,90026709
6;349;10251;6548;45.745756;4.718034;45.745756, 4.718034;127232;AUVERGNE-RHONE-ALPES;69069;11657;69;758;Lyon;1720030;04-Unités urbaines de 100 000 hbts ou plus;1;43;278;56,55161881;De 10 à 20 000 entrées;C;;B;144;122;0;67,29384437;13,40301974;11,13821138;8,164924506;76;48,62950058
6;207;27887;15866;44.750763;5.3764;44.750763, 5.3764;138172;AUVERGNE-RHONE-ALPES;26113;5014;26;26110;Die;5014;06-autres communes et unités urbaines;1;50;926;75,76578848;De 20 à 30 000 entrées;E;RDJPPR;I;222;166;2;64,19618323;17,21684797;12,26709828;6,319870516;168;68,57003049
6;1634;182059;140325;47.323594;5.030088;47.323594, 5.030088;138712;BOURGOGNE-FRANCHE-COMTE;21231;162454;21;21701;Dijon;253465;04-Unités urbaines de 100 000 hbts ou plus;10;51;15321;29,74095849;De 150 à 200 000 entrées;NON;;C;174;134;120;27,76697948;53,00827045;14,9575339;4,267216173;40;7,007323661
6;130;12399;8663;46.512529;3.675133;46.512529, 3.675133;140713;AUVERGNE-RHONE-ALPES;3102;3062;3;3105;Dompierre-sur-Besbre;3062;06-autres communes et unités urbaines;1;53;1083;43,1259379;De 10 à 20 000 entrées;E;JPPR;I;265;186;8;53,62503411;23,03283908;12,34421905;10,99790776;125;32,42063131
6;220;5461;2836;46.152434;6.657281;46.152434, 6.657281;176722;AUVERGNE-RHONE-ALPES;74134;1250;74;0;Zone rurale;14908533;04-Unités urbaines de 100 000 hbts ou plus;1;26;303;92,55994358;De 5 à 10 000 entrées;NON;;R;85;74;49;51,29097235;41,76890679;5,475187695;1,464933162;16;6,372459257
6;110;8971;6834;46.332254;6.05905;46.332254, 6.05905;176873;AUVERGNE-RHONE-ALPES;1173;13467;1;1301;Gex;18635;06-autres communes et unités urbaines;1;53;1038;31,27011999;De 5 à 10 000 entrées;E;RDJPPR;C;311;198;3;58,04178203;11,86760634;15,00125849;15,08935313;224;63,74276365
6;294;1097;545;45.1800066;5.791162699999973;45.1800066, 5.791162699999973;177140;AUVERGNE-RHONE-ALPES;38179;7227;38;38701;Grenoble;523867;04-Unités urbaines de 100 000 hbts ou plus;1;14;18;101,2844037;Moins de 2000 entrées;NON;;B;18;16;0;85,32360985;6,472196901;8,204193254;0;6;35,5515041
6;150;5772;2781;45.969321;6.446761;45.969321, 6.446761;182462;AUVERGNE-RHONE-ALPES;74136;2135;74;74101;Le Grand-Bornand;2135;06-autres communes et unités urbaines;1;28;338;107,5512406;De 5 à 10 000 entrées;NON;;I;111;96;43;54,0311174;37,92432815;5,90523338;2,139321075;32;10,04243281
6;154;2922;1549;44.900658;5.555056;44.900658, 5.555056;185241;AUVERGNE-RHONE-ALPES;38186;380;38;0;Zone rurale;14908533;04-Unités urbaines de 100 000 hbts ou plus;1;51;102;88,63783086;De 2 à 5 000 entrées;NON;;R;82;66;0;63,26158336;25,13681138;7,479022255;4,122582999;20;20,79533017
6;180;13199;7896;46.600458;4.067349;46.600458, 4.067349;187852;BOURGOGNE-FRANCHE-COMTE;71230;6862;71;71204;Gueugnon;6862;06-autres communes et unités urbaines;1;53;1217;67,16058764;De 10 à 20 000 entrées;E;JPPR;I;234;176;14;58,46372688;27,57230915;12,19377272;1,770191244;117;36,41536273
6;66;2385;1689;47.842504;4.365197;47.842504, 4.365197;212450;BOURGOGNE-FRANCHE-COMTE;21336;675;21;0;Zone rurale;14908533;04-Unités urbaines de 100 000 hbts ou plus;1;48;150;41,20781528;De 2 à 5 000 entrées;E;;R;144;117;0;76,63113006;12,28144989;7,76119403;3,326226013;84;52,40938166
6;92;1025;256;45.126881;5.59068;45.126881, 5.59068;216372;AUVERGNE-RHONE-ALPES;38205;2794;38;0;Zone rurale;14908533;04-Unités urbaines de 100 000 hbts ou plus;1;2;23;300,390625;Moins de 2000 entrées;NON;;R;15;13;1;54,34146341;23,02439024;19,51219512;3,12195122;8;35,41463415
6;180;2846;1220;45.285761;6.879713;45.285761, 6.879713;216451;AUVERGNE-RHONE-ALPES;73290;2106;73;0;Zone rurale;14908533;04-Unités urbaines de 100 000 hbts ou plus;1;46;215;133,2786885;De 2 à 5 000 entrées;NON;;R;115;103;4;63,26366559;27,49196141;3,45659164;5,78778135;33;23,27170418
6;445;17242;14129;46.673494;5.556147;46.673494, 5.556147;232572;BOURGOGNE-FRANCHE-COMTE;39300;17921;39;39401;Lons-le-Saunier;27869;05-Unités urbaines de 20 000 à 100 000 hbts;3;49;2476;22,0326987;De 10 à 20 000 entrées;D;;C;149;103;57;81,35288836;7,674348997;8,434600419;2,538162227;91;55,79766537
6;2104;482527;319352;45.758734;4.834873;45.758734, 4.834873;237903;AUVERGNE-RHONE-ALPES;69123;528633;69;758;Lyon;1720030;04-Unités urbaines de 100 000 hbts ou plus;10;53;15711;51,0956562;De 450 à 700 000 entrées;NON;;C;221;157;138;33,75624808;44,52667206;15,47454045;6,242539412;94;17,31609062
6;46;2423;1250;45.768607;4.834444;45.768607, 4.834444;237945;AUVERGNE-RHONE-ALPES;69123;528633;69;758;Lyon;1720030;04-Unités urbaines de 100 000 hbts ou plus;1;47;943;93,84;De 2 à 5 000 entrées;NON;;C;134;111;7;61,36645963;4,223602484;17,76397516;16,64596273;126;97,47412008
6;97;9862;4280;45.76732;4.835049;45.76732, 4.835049;238421;AUVERGNE-RHONE-ALPES;69123;528633;69;758;Lyon;1720030;04-Unités urbaines de 100 000 hbts ou plus;1;50;1234;130,4205607;De 5 à 10 000 entrées;A;RD;C;170;110;36;39,11232746;4,259876249;47,72727273;8,90052356;134;60,41170871
6;2086;326530;214419;46.316471;4.838508;46.316471, 4.838508;239353;BOURGOGNE-FRANCHE-COMTE;71270;35137;71;464;Mâcon;51272;05-Unités urbaines de 20 000 à 100 000 hbts;11;53;16924;52,28594481;De 300 à 450 000 entrées;D;JPPR;C;471;312;241;47,2211687;38,49678877;10,85548071;3,426561809;266;17,26414178
6;320;12959;6078;47.252947;6.800494;47.252947, 6.800494;240661;BOURGOGNE-FRANCHE-COMTE;25356;4362;25;25109;Maîche;4362;06-autres communes et unités urbaines;1;50;393;113,2115828;De 10 à 20 000 entrées;E;;I;137;115;2;58,93006408;19,47617721;6,53849726;15,05526145;42;27,26850562
6;408;50770;28034;45.765107;5.00317;45.765107, 5.00317;261603;AUVERGNE-RHONE-ALPES;69282;35468;69;758;Lyon;1720030;04-Unités urbaines de 100 000 hbts ou plus;3;53;3079;81,10151958;De 50 à 80 000 entrées;C;JP;B;256;188;88;51,94498129;35,12068753;9,77219458;3,162136601;126;21,49348246
6;613;66356;36683;44.561459;4.748988;44.561459, 4.748988;271052;AUVERGNE-RHONE-ALPES;26198;40969;26;551;Montélimar;59460;05-Unités urbaines de 20 000 à 100 000 hbts;5;53;4348;80,89033067;De 50 à 80 000 entrées;NON;;C;110;100;93;38,56471156;49,87642414;9,720296582;1,838567726;24;8,406172765
6;429;11931;10021;44.794674;4.937598;44.794674, 4.937598;274900;AUVERGNE-RHONE-ALPES;26208;1976;26;0;Zone rurale;14908533;04-Unités urbaines de 100 000 hbts ou plus;1;10;53;19,05997405;De 10 à 20 000 entrées;NON;;R;30;26;1;84,67018691;2,145670941;6,721984746;6,462157405;18;50,57413461
6;340;11036;5013;47.05651;6.604743;47.05651, 6.604743;278805;BOURGOGNE-FRANCHE-COMTE;25411;7187;25;25204;Morteau;10469;06-autres communes et unités urbaines;1;47;395;120,1476162;De 10 à 20 000 entrées;E;JP;C;116;80;1;66,74737692;3,440274415;13,56941082;16,24293785;93;69,00726392
6;269;33409;21212;45.87473;4.841744;45.87473, 4.841744;289344;AUVERGNE-RHONE-ALPES;69143;7700;69;758;Lyon;1720030;04-Unités urbaines de 100 000 hbts ou plus;2;50;1752;57,50047143;De 30 à 40 000 entrées;C;JP;B;153;111;36;64,21186625;26,65714552;6,71861902;2,412369214;68;28,80561334
6;150;33000;13617;46.174778;6.496059;46.174778, 6.496059;297601;AUVERGNE-RHONE-ALPES;74205;1309;74;0;Zone rurale;14908533;04-Unités urbaines de 100 000 hbts ou plus;1;53;933;142,3441287;De 30 à 40 000 entrées;E;JP;R;359;212;1;65,58989744;14,47708086;11,05490825;8,878113444;238;59,1048629
6;291;33131;18692;44.376008;4.701762;44.376008, 4.701762;310925;AUVERGNE-RHONE-ALPES;26235;13979;26;26301;Pierrelatte;13979;06-autres communes et unités urbaines;2;53;1845;77,24695057;De 30 à 40 000 entrées;E;JP;I;218;182;90;35,79135582;47,56766755;13,37936987;3,261606758;80;12,15241384
6;212;19790;13663;46.836349;5.702889;46.836349, 5.702889;317613;BOURGOGNE-FRANCHE-COMTE;39434;4384;39;39107;Poligny;4384;06-autres communes et unités urbaines;1;53;1081;44,84373856;De 10 à 20 000 entrées;E;;I;199;165;36;54,31025228;31,20772947;10,14492754;4,337090714;80;27,68115942
6;288;43841;25907;45.432083;6.020106;45.432083, 6.020106;318981;AUVERGNE-RHONE-ALPES;38314;7519;38;270;Pontcharra;9707;06-autres communes et unités urbaines;1;53;984;69,22453391;De 40 à 50 000 entrées;E;JP;C;206;158;59;45,31426954;37,17676482;11,6600604;5,848905247;108;28,86466591
6;100;4263;1383;47.383873;6.769949;47.383873, 6.769949;319582;BOURGOGNE-FRANCHE-COMTE;25463;4162;25;25203;Pont-de-Roide;5599;06-autres communes et unités urbaines;1;53;327;208,2429501;De 2 à 5 000 entrées;E;;C;90;76;3;61,21786198;5,169147497;25,89986468;7,713125846;29;40,37889039
6;429;46444;24894;46.038163;4.069538;46.038163, 4.069538;338953;AUVERGNE-RHONE-ALPES;42187;35152;42;42502;Roanne;82222;05-Unités urbaines de 20 000 à 100 000 hbts;2;49;2611;86,56704427;De 40 à 50 000 entrées;D;RDJPPR;C;253;172;66;72,19508472;7,039637714;9,596499262;11,1687783;238;96,87070676
6;1069;122019;76789;45.045939;5.054595;45.045939, 5.054595;341752;AUVERGNE-RHONE-ALPES;26281;33486;26;26501;Romans-sur-Isère;58225;05-Unités urbaines de 20 000 à 100 000 hbts;8;53;7890;58,9016656;De 100 à 150 000 entrées;NON;;C;217;193;180;42,46701543;42,91530945;10,91616491;3,701510216;58;9,838614155
6;149;809;470;47.620428;4.88235;47.620428, 4.88235;350390;BOURGOGNE-FRANCHE-COMTE;21579;213;21;0;Zone rurale;14908533;04-Unités urbaines de 100 000 hbts ou plus;1;34;39;72,12765957;Moins de 2000 entrées;NON;;R;35;30;0;82,49027237;2,723735409;13,74837873;1,037613489;4;6,744487678
6;145;12839;7817;45.421496;4.064272;45.421496, 4.064272;376842;AUVERGNE-RHONE-ALPES;42204;1532;42;0;Zone rurale;14908533;04-Unités urbaines de 100 000 hbts ou plus;1;53;1157;64,24459511;De 10 à 20 000 entrées;E;JPPR;R;293;222;8;62,87990302;21,20529916;8,736687159;7,178110659;179;42,41925708
6;419;28172;18019;46.387715;5.86346;46.387715, 5.86346;379403;BOURGOGNE-FRANCHE-COMTE;39478;9139;39;39302;Saint-Claude;9757;06-autres communes et unités urbaines;3;50;2846;56,34607914;De 20 à 30 000 entrées;E;RDJPPR;C;407;281;49;47,50252554;34,39218768;11,25453661;6,850750178;258;35,29015602
6;232;8464;4494;45.122686;4.98172;45.122686, 4.98172;382660;AUVERGNE-RHONE-ALPES;26301;4388;26;26104;Saint-Donat-sur-l'Herbasse;4388;06-autres communes et unités urbaines;1;51;344;88,3400089;De 5 à 10 000 entrées;E;;I;221;181;1;65,7623081;24,73530969;5,809952356;3,692429857;126;55,78348332
6;160;4152;1712;45.415068;6.357553;45.415068, 6.357553;385941;AUVERGNE-RHONE-ALPES;73235;551;73;0;Zone rurale;14908533;04-Unités urbaines de 100 000 hbts ou plus;1;29;207;142,5233645;De 2 à 5 000 entrées;NON;;R;82;71;41;42,4249758;48,33010649;5,058083253;4,186834463;13;9,922555663
6;202;19775;13375;45.591253;4.316478;45.591253, 4.316478;386192;AUVERGNE-RHONE-ALPES;42222;5966;42;42501;Saint-Just-Saint-Rambert;64098;05-Unités urbaines de 20 000 à 100 000 hbts;1;50;1088;47,85046729;De 10 à 20 000 entrées;D;JPPR;B;258;182;25;59,22163953;23,68755175;10,88600607;6,20480265;129;40,57410985
6;265;28038;15688;45.277364;6.348249;45.277364, 6.348249;393293;AUVERGNE-RHONE-ALPES;73248;7894;73;73301;Saint-Jean-de-Maurienne;9571;06-autres communes et unités urbaines;1;53;1226;78,72259052;De 20 à 30 000 entrées;NON;;C;200;164;117;44,32489605;42,0125465;9,325990225;4,336567219;82;21,41658764
6;92;8607;3564;45.832006;6.161597;45.832006, 6.161597;394522;AUVERGNE-RHONE-ALPES;74242;6358;74;74601;Annecy;182687;04-Unités urbaines de 100 000 hbts ou plus;1;53;258;141,4983165;De 5 à 10 000 entrées;NON;;B;182;146;0;70,36472057;14,74136736;10,52558591;4,368326168;108;62,1134378
6;200;2518;843;45.319731;4.616216;45.319731, 4.616216;395720;AUVERGNE-RHONE-ALPES;42246;1164;42;0;Zone rurale;14908533;04-Unités urbaines de 100 000 hbts ou plus;1;41;94;198,6951364;De 2 à 5 000 entrées;NON;;R;74;50;0;81,33854421;2,149487054;10,50317538;6,008793356;52;63,26331216
6;1277;253161;157839;45.51246;4.263395;45.51246, 4.263395;396275;AUVERGNE-RHONE-ALPES;42279;15488;42;42501;Saint-Just-Saint-Rambert;64098;05-Unités urbaines de 20 000 à 100 000 hbts;7;53;10125;60,39191835;De 200 à 300 000 entrées;D;JPPR;C;346;236;176;47,60434576;39,48672624;9,836872735;3,072055274;155;11,01855663
6;180;3882;1646;45.295246;6.58263;45.295246, 6.58263;402242;AUVERGNE-RHONE-ALPES;73257;3592;73;0;Zone rurale;14908533;04-Unités urbaines de 100 000 hbts ou plus;1;34;359;135,8444714;De 2 à 5 000 entrées;NON;;R;134;107;18;37,37696196;45,38441075;13,70045225;3,538175047;41;10,58792232
6;290;4891;2190;45.323346;6.538468;45.323346, 6.538468;402249;AUVERGNE-RHONE-ALPES;73257;3592;73;0;Zone rurale;14908533;04-Unités urbaines de 100 000 hbts ou plus;1;29;335;123,3333333;De 2 à 5 000 entrées;NON;;R;124;97;18;43,34642234;45,17888307;7,046247818;4,428446771;44;14,31064572
6;25;11425;5533;44.833366;5.59397;44.833366, 5.59397;402431;AUVERGNE-RHONE-ALPES;38419;185;38;0;Zone rurale;14908533;04-Unités urbaines de 100 000 hbts ou plus;1;50;458;106,4883427;De 10 à 20 000 entrées;E;JP;R;95;68;0;62,02681748;20,37763386;11,27428624;6,321262428;62;61,55249476
6;299;50982;34754;45.660214;4.558851;45.660214, 4.558851;403681;AUVERGNE-RHONE-ALPES;69227;4042;69;69105;Saint-Martin-en-Haut;4042;06-autres communes et unités urbaines;2;53;3417;46,69390574;De 50 à 80 000 entrées;E;RDJPPR;I;417;337;102;57,07798536;29,98942501;8,54500591;4,387583719;226;21,85290397
6;247;18474;9717;45.629307;4.452451;45.629307, 4.452451;418121;AUVERGNE-RHONE-ALPES;69238;3797;69;69103;Saint-Symphorien-sur-Coise;3797;06-autres communes et unités urbaines;2;53;1189;90,12040753;De 10 à 20 000 entrées;E;JP;I;266;220;10;59,00340997;24,18875811;11,90188098;4,90595094;126;25,7397426
6;341;16286;9511;45.855676;3.547437;45.855676, 3.547437;425783;AUVERGNE-RHONE-ALPES;63430;11841;63;63303;Thiers;13998;06-autres communes et unités urbaines;3;51;1752;71,2333088;De 10 à 20 000 entrées;E;;C;156;118;13;54,1561058;30,46727757;9,280561513;6,096055111;82;36,86228635
6;333;7191;4258;46.030249;4.313447;46.030249, 4.313447;426533;AUVERGNE-RHONE-ALPES;69248;6061;69;69203;Thizy;6061;06-autres communes et unités urbaines;2;50;881;68,88210427;De 5 à 10 000 entrées;E;;I;185;148;11;61,74178762;25,08785332;7,532467532;5,63789152;76;29,79373568
6;208;25470;14729;45.562468;5.444145;45.562468, 5.444145;431023;AUVERGNE-RHONE-ALPES;38509;8353;38;38304;La Tour-du-Pin;23216;05-Unités urbaines de 20 000 à 100 000 hbts;1;53;1109;72,92416322;De 20 à 30 000 entrées;D;;C;238;191;36;56,42131869;28,09517584;10,75086068;4,73264479;116;34,10903386
6;285;28576;15437;45.065738;4.834751;45.065738, 4.834751;431551;AUVERGNE-RHONE-ALPES;7324;11421;7;457;Tournon-sur-Rhône;32205;05-Unités urbaines de 20 000 à 100 000 hbts;2;52;1171;85,11368789;De 20 à 30 000 entrées;D;JP;C;150;102;16;52,98189947;34,643398;9,612749694;2,761952838;65;32,40066345
6;106;12098;6448;45.297176;5.483039;45.297176, 5.483039;436962;AUVERGNE-RHONE-ALPES;38517;7883;38;38206;Tullins;9088;06-autres communes et unités urbaines;1;47;632;87,62406948;De 10 à 20 000 entrées;E;;C;152;130;0;64,65517241;22,94496691;7,244862417;5,154998258;58;40,13409962
6;377;19099;11262;45.396194;4.281269;45.396194, 4.281269;437674;AUVERGNE-RHONE-ALPES;42316;8525;42;753;Saint-Étienne;380055;04-Unités urbaines de 100 000 hbts ou plus;1;45;1210;69,58799503;De 10 à 20 000 entrées;NON;;B;177;135;14;61,10893087;26,45624264;9,883949095;2,55087739;62;26,13668218
6;377;26902;14541;44.930191;4.893946;44.930191, 4.893946;439942;AUVERGNE-RHONE-ALPES;26362;65709;26;651;Valence;135081;04-Unités urbaines de 100 000 hbts ou plus;2;48;1535;85,00790867;De 20 à 30 000 entrées;B;RDJPPR;C;163;60;42;63,81589775;12,4197707;16,14460475;7,619726809;133;88,45795162
6;1437;254143;151667;45.520383;4.86896;45.520383, 4.86896;452571;AUVERGNE-RHONE-ALPES;38544;30401;38;556;Vienne;98266;05-Unités urbaines de 20 000 à 100 000 hbts;8;53;11214;67,56644491;De 200 à 300 000 entrées;D;;C;307;218;161;42,82123051;43,59466547;10,54939583;3,034708195;140;13,17289042
6;584;58125;34246;45.612006;5.156182;45.612006, 5.156182;456251;AUVERGNE-RHONE-ALPES;38553;19131;38;38403;Villefontaine;36918;05-Unités urbaines de 20 000 à 100 000 hbts;4;53;4002;69,72785143;De 50 à 80 000 entrées;D;RDJP;C;430;297;92;44,22238241;37,16705713;12,93746621;5,673094251;278;35,08379888
6;195;11645;7022;44.89487;4.642625;44.89487, 4.642625;702550;AUVERGNE-RHONE-ALPES;7338;2003;7;0;Zone rurale;14908533;04-Unités urbaines de 100 000 hbts ou plus;1;53;515;65,83594418;De 10 à 20 000 entrées;E;RDJPPR;R;211;156;1;54,21297956;23,10864109;13,6787379;8,999641449;152;63,61599139
6;145;10262;6026;45.390497;3.946964;45.390497, 3.946964;710250;AUVERGNE-RHONE-ALPES;42318;1512;42;0;Zone rurale;14908533;04-Unités urbaines de 100 000 hbts ou plus;1;53;960;70,29538666;De 10 à 20 000 entrées;E;JP;R;296;244;0;69,98520397;18,0300148;8,106108645;3,878672585;181;34,62270133
6;196;26710;16013;45.736994;4.657674;45.736994, 4.657674;715100;AUVERGNE-RHONE-ALPES;69255;6193;69;758;Lyon;1720030;04-Unités urbaines de 100 000 hbts ou plus;1;53;694;66,8019734;De 20 à 30 000 entrées;C;;B;244;196;0;62,39116022;23,33259669;9,339226519;4,937016575;133;37,5160221
6;524;145481;87548;45.182643;5.723905;45.182643, 5.723905;719456;AUVERGNE-RHONE-ALPES;38185;160483;38;38701;Grenoble;523867;04-Unités urbaines de 100 000 hbts ou plus;3;53;5812;66,17284233;De 100 à 150 000 entrées;A;RDJPPR;C;284;127;112;55,81865059;9,954938069;14,55523338;19,67117796;229;94,58262247
7;319;1364;;41.915976;8.731036;41.915976, 8.731036;13683;CORSE;2A004;73483;2A;2A501;Ajaccio;73483;05-Unités urbaines de 20 000 à 100 000 hbts;1;2;28;;Moins de 2000 entrées;NON;;I;14;3;0;0;2,639296188;80,49853372;16,86217009;7;64,00293255
7;284;12011;;41.920833;8.737221;41.920833, 8.737221;13693;CORSE;2A004;73483;2A;2A501;Ajaccio;73483;05-Unités urbaines de 20 000 à 100 000 hbts;3;13;1060;;De 10 à 20 000 entrées;NON;;I;101;80;46;59,07217399;27,36122073;7,752345874;5,814259405;66;44,27782163
7;456;90205;54740;43.57983;7.122516;43.57983, 7.122516;20672;PROVENCE-ALPES-COTE D'AZUR;6004;75779;6;6701;Nice;966577;04-Unités urbaines de 100 000 hbts ou plus;3;53;3947;64,78808915;De 80 à 100 000 entrées;C;;B;201;155;100;45,38452093;39,62759129;10,63195615;4,355931636;97;16,17454984
7;678;52070;30772;44.16605;4.620681;44.16605, 4.620681;36122;OCCITANIE;30028;18405;30;30401;Bagnols-sur-Cèze;22748;05-Unités urbaines de 20 000 à 100 000 hbts;4;48;2852;69,2122709;De 50 à 80 000 entrées;NON;;C;118;96;67;45,34189545;42,43941715;8,764384745;3,454302659;26;9,677546051
7;200;16174;9705;43.662182;4.013467;43.662182, 4.013467;36282;OCCITANIE;34022;7702;34;34212;Baillargues;11036;06-autres communes et unités urbaines;1;44;293;66,6563627;De 10 à 20 000 entrées;NON;;C;65;46;1;59,64351881;29,67482272;4,280329649;6,401328819;25;25,03034562
7;402;37952;21397;43.611508;3.171558;43.611508, 3.171558;46613;OCCITANIE;34028;5952;34;34302;Bédarieux;13194;06-autres communes et unités urbaines;3;53;3682;77,37065944;De 30 à 40 000 entrées;E;;C;396;314;137;51,41667786;34,38431583;9,961058144;4,237948167;216;22,89512555
7;97;16066;8016;43.974273;7.312365;43.974273, 7.312365;61132;PROVENCE-ALPES-COTE D'AZUR;84019;14043;84;84301;Bollène;14043;06-autres communes et unités urbaines;1;53;1236;100,4241517;De 10 à 20 000 entrées;E;JP;I;288;235;6;57,24752475;25,7029703;9,696369637;7,353135314;154;31,76237624
7;476;65314;37728;44.900658;6.632743;44.900658, 6.632743;74339;PROVENCE-ALPES-COTE D'AZUR;5023;11095;5;5301;Briançon;16122;06-autres communes et unités urbaines;4;53;5533;73,11810857;De 50 à 80 000 entrées;NON;;C;132;111;100;36,67910043;50,50379978;10,75082419;2,066275596;16;3,884907675
7;1728;381281;231660;43.661565;7.1357;43.661565, 7.1357;81545;PROVENCE-ALPES-COTE D'AZUR;6027;52575;6;6701;Nice;966577;04-Unités urbaines de 100 000 hbts ou plus;10;53;19500;64,58646292;De 300 à 450 000 entrées;NON;;B;206;177;174;28,6064878;53,82092904;12,62791347;4,944669679;21;2,232719489
7;120;9711;3934;44.162816;4.889682;44.162816, 4.889682;82752;PROVENCE-ALPES-COTE D'AZUR;84029;4636;84;84111;Camaret-sur-Aigues;5361;06-autres communes et unités urbaines;1;51;351;146,8479919;De 5 à 10 000 entrées;E;JP;C;137;101;0;62,81446541;15,34141959;10,37735849;11,46675651;77;49,15768194
7;300;1819;1039;43.550716;7.001343;43.550716, 7.001343;84734;PROVENCE-ALPES-COTE D'AZUR;6029;73159;6;6701;Nice;966577;04-Unités urbaines de 100 000 hbts ou plus;2;34;213;75,07218479;Moins de 2000 entrées;C;;B;61;32;0;73,63737486;2,169076752;13,79310345;10,40044494;43;76,41824249
7;176;3201;1992;43.546541;7.036474;43.546541, 7.036474;84782;PROVENCE-ALPES-COTE D'AZUR;6029;73159;6;6701;Nice;966577;04-Unités urbaines de 100 000 hbts ou plus;1;24;32;60,69277108;De 2 à 5 000 entrées;NON;;B;24;3;0;81,15147361;1,850582591;11,34338588;5,654557916;11;31,45990404
7;80;7723;4842;43.576083;7.017663;43.576083, 7.017663;84830;PROVENCE-ALPES-COTE D'AZUR;6030;42524;6;6701;Nice;966577;04-Unités urbaines de 100 000 hbts ou plus;1;42;472;59,50020653;De 5 à 10 000 entrées;C;;B;166;130;0;64,72644173;15,21709907;14,65250706;5,403952144;96;56,87592418
7;88;12453;4407;43.56912;7.005225;43.56912, 7.005225;84831;PROVENCE-ALPES-COTE D'AZUR;6030;42524;6;6701;Nice;966577;04-Unités urbaines de 100 000 hbts ou plus;1;53;755;182,573179;De 10 à 20 000 entrées;C;;B;235;196;0;60,58965603;20,88781544;11,99300408;6,529524444;121;44,71558258
7;150;448;293;43.392145;3.103753;43.392145, 3.103753;91033;OCCITANIE;34069;5220;34;34129;Cazouls-lès-Béziers;5220;06-autres communes et unités urbaines;1;10;13;52,90102389;Moins de 2000 entrées;NON;;I;13;11;0;99,33035714;0,669642857;0;0;3;35,9375
7;170;5344;3109;42.486293;2.749588;42.486293, 2.749588;92302;OCCITANIE;66049;7968;66;66302;Céret;14264;06-autres communes et unités urbaines;1;32;70;71,8880669;De 5 à 10 000 entrées;NON;;C;44;27;0;68,69386228;16,61676647;10,64745509;4,041916168;23;64,65194611
7;120;9908;5649;43.383798;5.16491;43.383798, 5.16491;104661;PROVENCE-ALPES-COTE D'AZUR;13026;17883;13;759;Marseille - Aix-en-Provence;1630325;04-Unités urbaines de 100 000 hbts ou plus;1;44;1027;75,39387502;De 5 à 10 000 entrées;NON;;B;118;91;1;41,55149354;30,57289345;25,39010254;2,485510477;38;18,73606777
7;1305;165255;27965;43.196379;5.59634;43.196379, 5.59634;112826;PROVENCE-ALPES-COTE D'AZUR;13028;36812;13;757;Toulon;598427;04-Unités urbaines de 100 000 hbts ou plus;8;53;16140;490,9350974;De 150 à 200 000 entrées;NON;;B;189;142;135;32,78402635;51,08980319;11,39143592;4,734734552;18;2,285335813
7;246;4174;1703;44.089715;6.239647;44.089715, 6.239647;138594;PROVENCE-ALPES-COTE D'AZUR;4070;17804;4;4301;Digne-les-Bains;18681;06-autres communes et unités urbaines;1;34;81;145,0968878;De 2 à 5 000 entrées;NON;;C;69;22;0;55,83715287;21,40738744;14,64006471;8,115394985;61;87,11242923
7;392;22750;13397;43.453954;4.943629;43.453954, 4.943629;165884;PROVENCE-ALPES-COTE D'AZUR;13039;15685;13;759;Marseille - Aix-en-Provence;1630325;04-Unités urbaines de 100 000 hbts ou plus;2;53;2297;69,81413749;De 20 à 30 000 entrées;C;JPPR;B;352;270;18;52,49232568;30,57545193;11,62598061;5,306241778;201;23,56380646
7;163;21821;15846;43.454749;5.470731;43.454749, 5.470731;172961;PROVENCE-ALPES-COTE D'AZUR;13041;21850;13;759;Marseille - Aix-en-Provence;1630325;04-Unités urbaines de 100 000 hbts ou plus;2;44;2534;37,70667676;De 20 à 30 000 entrées;C;;B;238;180;22;69,45540647;15,27229676;9,826361484;5,44593528;149;55,10556433
7;141;7557;2724;43.124317;6.009199;43.124317, 6.009199;173083;PROVENCE-ALPES-COTE D'AZUR;83062;25876;83;757;Toulon;598427;04-Unités urbaines de 100 000 hbts ou plus;1;42;361;177,4229075;De 5 à 10 000 entrées;C;;B;77;48;1;67,98812175;11,01707498;13,437268;7,557535264;61;75,88715664
7;185;9810;6103;44.662223;6.649662;44.662223, 6.649662;188341;PROVENCE-ALPES-COTE D'AZUR;5065;2374;5;5102;Guillestre;3361;06-autres communes et unités urbaines;1;51;858;60,74061937;De 5 à 10 000 entrées;E;JP;C;169;132;18;52,90409725;31,92255741;9,612787033;5,560558307;79;31,74245835
7;435;72429;46410;43.514195;4.987268;43.514195, 4.987268;202292;PROVENCE-ALPES-COTE D'AZUR;13047;45119;13;759;Marseille - Aix-en-Provence;1630325;04-Unités urbaines de 100 000 hbts ou plus;4;53;6006;56,06334842;De 50 à 80 000 entrées;C;JPPR;B;321;246;104;36,41549521;43,0542216;14,40525044;6,125032743;182;16,99991269
7;199;9655;5237;43.200704;2.758263;43.200704, 2.758263;225081;OCCITANIE;11203;11338;11;11206;Lézignan-Corbières;11338;06-autres communes et unités urbaines;1;52;486;84,36127554;De 5 à 10 000 entrées;E;PR;I;266;179;5;65,62081286;21,68378741;8,552925413;4,142474319;167;74,9776686
7;259;5571;1973;43.535959;6.929182;43.535959, 6.929182;243839;PROVENCE-ALPES-COTE D'AZUR;6079;22067;6;6701;Nice;966577;04-Unités urbaines de 100 000 hbts ou plus;1;41;158;182,3618855;De 5 à 10 000 entrées;NON;;B;93;72;1;67,6180219;24,77113624;6,982588404;0,628253455;28;22,45557351
7;256;34536;20583;43.360713;5.330247;43.360713, 5.330247;249942;PROVENCE-ALPES-COTE D'AZUR;13055;876602;13;759;Marseille - Aix-en-Provence;1630325;04-Unités urbaines de 100 000 hbts ou plus;1;50;1428;67,78895205;De 30 à 40 000 entrées;A;RDJPPR;C;257;157;26;59,85047126;13,09262278;14,74736022;12,30954574;175;79,26794699
7;402;42166;23655;44.519155;3.499538;44.519155, 3.499538;256211;OCCITANIE;48095;13143;48;48301;Mende;13143;06-autres communes et unités urbaines;3;49;2621;78,25406891;De 40 à 50 000 entrées;E;JP;I;215;173;54;46,39783313;37,01650466;13,41130012;3,17436209;100;18,97782503
7;847;170258;112743;43.617882;6.97286;43.617882, 6.97286;279663;PROVENCE-ALPES-COTE D'AZUR;6084;10397;6;6701;Nice;966577;04-Unités urbaines de 100 000 hbts ou plus;5;53;7833;51,01425366;De 150 à 200 000 entrées;C;;B;276;226;130;40,7132973;43,88712138;11,59773391;3,801847406;132;10,11342267
7;1258;256573;148166;43.163076;2.984491;43.163076, 2.984491;285966;OCCITANIE;11262;57320;11;11502;Narbonne;57320;05-Unités urbaines de 20 000 à 100 000 hbts;9;53;17393;73,16590851;De 200 à 300 000 entrées;NON;;I;199;168;161;35,55923149;49,53640157;11,3007739;3,603593034;25;2,560252154
7;1108;111907;66499;43.699902;7.26609;43.699902, 7.26609;290032;PROVENCE-ALPES-COTE D'AZUR;6088;346376;6;6701;Nice;966577;04-Unités urbaines de 100 000 hbts ou plus;7;53;12507;68,28373359;De 100 à 150 000 entrées;NON;;C;158;130;127;49,11774228;34,66256565;11,67260235;4,547089719;23;8,173249874
7;2816;507552;303791;43.671643;7.203332;43.671643, 7.203332;290191;PROVENCE-ALPES-COTE D'AZUR;6088;346376;6;6701;Nice;966577;04-Unités urbaines de 100 000 hbts ou plus;13;53;20927;67,07275726;De 450 à 700 000 entrées;NON;;C;274;193;178;28,9188301;54,14995506;13,12690789;3,804306942;63;3,070646041
7;1537;428809;295956;43.709724;7.261413;43.709724, 7.261413;290388;PROVENCE-ALPES-COTE D'AZUR;6088;346376;6;6701;Nice;966577;04-Unités urbaines de 100 000 hbts ou plus;9;53;17370;44,88944303;De 300 à 450 000 entrées;NON;;C;304;196;131;33,87726036;47,08498047;13,49915156;5,538607616;119;6,41807251
7;571;168145;95475;43.833909;4.357425;43.833909, 4.357425;290975;OCCITANIE;30189;149761;30;30601;Nîmes;185561;04-Unités urbaines de 100 000 hbts ou plus;6;53;11282;76,11416601;De 150 à 200 000 entrées;B;RDJPPR;C;494;263;238;68,13427747;8,870674765;14,11608742;8,87896035;432;88,70356089
7;1604;215104;121500;43.856426;4.403645;43.856426, 4.403645;291027;OCCITANIE;30189;149761;30;30601;Nîmes;185561;04-Unités urbaines de 100 000 hbts ou plus;10;53;19646;77,04032922;De 200 à 300 000 entrées;NON;;C;211;174;168;30,63746859;52,45443822;11,94187114;4,966222044;23;1,824802204
7;219;8900;5150;43.460841;3.42083;43.460841, 3.42083;309891;OCCITANIE;34199;8110;34;34215;Pézenas;9704;06-autres communes et unités urbaines;1;37;372;72,81553398;De 5 à 10 000 entrées;E;;C;141;94;0;75,32354405;8,25037332;10,68939771;5,736684918;87;67,80736685
7;241;6515;4118;42.515622;3.105129;42.515622, 3.105129;321912;OCCITANIE;66148;4070;66;66401;Saint-Cyprien;56371;05-Unités urbaines de 20 000 à 100 000 hbts;1;53;474;58,2078679;De 5 à 10 000 entrées;D;;B;216;182;41;63,90186916;19,10881175;12,51668892;4,472630174;99;37,71695594
7;400;9356;3509;41.671492;8.91212;41.671492, 8.91212;326263;CORSE;2A249;3747;2A;2A104;Propriano;4619;06-autres communes et unités urbaines;1;50;378;166,6286691;De 5 à 10 000 entrées;NON;;C;132;118;2;50,53441642;36,93886276;9,491235571;3,03548525;35;12,80461736
7;195;3340;1822;44.82571;6.498622;44.82571, 6.498622;328621;PROVENCE-ALPES-COTE D'AZUR;5110;292;5;0;Zone rurale;14908533;04-Unités urbaines de 100 000 hbts ou plus;1;28;297;83,31503842;De 2 à 5 000 entrées;NON;;R;101;88;39;53,80239521;35,92814371;6,25748503;4,011976048;14;7,215568862
7;372;32795;19010;43.665141;7.049995;43.665141, 7.049995;342900;PROVENCE-ALPES-COTE D'AZUR;6105;7476;6;6701;Nice;966577;04-Unités urbaines de 100 000 hbts ou plus;2;53;2111;72,51446607;De 30 à 40 000 entrées;C;;B;293;233;41;53,30940864;30,9658293;9,845529724;5,87923233;154;34,16757685
7;112;15991;7657;43.839788;6.151962;43.839788, 6.151962;345421;PROVENCE-ALPES-COTE D'AZUR;4172;745;4;0;Zone rurale;14908533;04-Unités urbaines de 100 000 hbts ou plus;1;48;585;108,8415829;De 10 à 20 000 entrées;NON;;R;130;102;7;45,48774126;40,98852374;10,13954095;3,384194053;38;32,7856025
7;568;160921;86245;43.093086;5.83938;43.093086, 5.83938;364205;PROVENCE-ALPES-COTE D'AZUR;83129;35890;83;757;Toulon;598427;04-Unités urbaines de 100 000 hbts ou plus;4;53;6000;86,58588904;De 150 à 200 000 entrées;C;JP;B;344;227;120;44,40604399;40,35413439;10,711844;4,52797762;181;14,54735905
7;212;3947;2134;44.682199;6.075234;44.682199, 6.075234;376802;PROVENCE-ALPES-COTE D'AZUR;5132;2146;5;0;Zone rurale;14908533;04-Unités urbaines de 100 000 hbts ou plus;1;46;132;84,95782568;De 2 à 5 000 entrées;NON;;R;69;39;0;74,31322572;3,511753044;13,93372982;8,241291419;54;78,70291702
7;150;4711;2186;43.074223;5.927991;43.074223, 5.927991;399893;PROVENCE-ALPES-COTE D'AZUR;83153;6170;83;757;Toulon;598427;04-Unités urbaines de 100 000 hbts ou plus;1;53;291;115,5077768;De 2 à 5 000 entrées;C;;B;164;141;0;67,26152539;16,59230933;9,963883578;6,182281708;79;49,01210962
7;120;5377;3284;44.073396;7.263839;44.073396, 7.263839;404350;PROVENCE-ALPES-COTE D'AZUR;6127;1443;6;0;Zone rurale;14908533;04-Unités urbaines de 100 000 hbts ou plus;1;49;293;63,73325213;De 5 à 10 000 entrées;NON;;R;78;67;3;74,90978158;19,98100665;4,368471035;0,740740741;21;15,9354226
7;450;104821;60917;43.32495;6.62431;43.32495, 6.62431;405462;PROVENCE-ALPES-COTE D'AZUR;83115;14954;83;83310;Sainte-Maxime;19625;06-autres communes et unités urbaines;3;53;4391;72,07183545;De 100 à 150 000 entrées;NON;;C;201;158;94;39,797124;45,6326907;11,35990317;3,210282124;70;7,339846114
7;99;405;;43.687155;5.708539;43.687155, 5.708539;409303;PROVENCE-ALPES-COTE D'AZUR;13099;904;13;0;Zone rurale;14908533;04-Unités urbaines de 100 000 hbts ou plus;1;17;34;;Moins de 2000 entrées;NON;;R;15;12;0;24,69135802;45,92592593;29,38271605;0;0;0
7;157;2479;1161;44.08886;7.593211;44.08886, 7.593211;423501;PROVENCE-ALPES-COTE D'AZUR;6163;2193;6;0;Zone rurale;14908533;04-Unités urbaines de 100 000 hbts ou plus;1;52;117;113,5228252;De 2 à 5 000 entrées;NON;;R;117;107;0;54,78015329;28,03549818;11,98063735;5,203711174;32;17,95078661
7;119;5596;3864;43.726077;5.547136;43.726077, 5.547136;430923;PROVENCE-ALPES-COTE D'AZUR;84133;4466;84;84108;La Tour-d'Aigues;4466;06-autres communes et unités urbaines;1;46;181;44,82401656;De 5 à 10 000 entrées;E;;I;63;36;0;62,00838491;27,73008585;2,196047115;8,065482132;37;55,46017169
7;220;5574;2754;43.447455;5.684694;43.447455, 5.684694;434682;PROVENCE-ALPES-COTE D'AZUR;13110;10680;13;759;Marseille - Aix-en-Provence;1630325;04-Unités urbaines de 100 000 hbts ou plus;1;50;288;102,3965142;De 5 à 10 000 entrées;NON;;B;100;78;8;52,9960531;30,62432723;10,27987083;6,099748834;45;25,56512379
7;158;18005;11053;43.991372;3.607058;43.991372, 3.607058;453462;OCCITANIE;30350;3824;30;30209;Le Vigan;7139;06-autres communes et unités urbaines;1;53;1073;62,89695105;De 10 à 20 000 entrées;E;;C;266;211;29;59,69472657;23,75050209;10,47799392;6,076777414;132;35,74912492
7;1480;255635;153380;43.682089;3.806546;43.682089, 3.806546;707900;OCCITANIE;34255;10670;34;34701;Montpellier;472000;04-Unités urbaines de 100 000 hbts ou plus;8;53;13776;66,66775329;De 200 à 300 000 entrées;NON;;B;174;143;140;37,54184863;47,62903491;11,90186839;2,927248065;27;6,352367437
7;263;299;174;43.297725;5.360374;43.297725, 5.360374;722240;PROVENCE-ALPES-COTE D'AZUR;13055;876602;13;759;Marseille - Aix-en-Provence;1630325;04-Unités urbaines de 100 000 hbts ou plus;1;12;13;71,83908046;Moins de 2000 entrées;NON;;C;12;0;0;29,85611511;56,11510791;8,273381295;5,755395683;5;43,52517986
8;194;10820;5633;49.076026;6.07804;49.076026, 6.07804;25571;GRAND EST;57032;4743;57;57701;Metz;294649;04-Unités urbaines de 100 000 hbts ou plus;1;48;234;92,08237174;De 10 à 20 000 entrées;C;;B;82;70;2;74,61933676;14,07753386;7,062120504;4,241008874;22;17,19757123
8;214;7676;4640;48.766357;7.85143;48.766357, 7.85143;56558;GRAND EST;67046;12759;67;67501;Haguenau;61305;05-Unités urbaines de 20 000 à 100 000 hbts;1;45;151;65,43103448;De 5 à 10 000 entrées;NON;;B;103;67;0;45,53528945;10,24583664;38,90563045;5,313243458;66;70,34099921
8;432;4181;6991;47.806567;7.173935;47.806567, 7.173935;92542;GRAND EST;68063;11769;68;68402;Thann - Cernay;32184;05-Unités urbaines de 20 000 à 100 000 hbts;1;38;210;-40,19453583;De 2 à 5 000 entrées;D;;C;74;58;2;36,95244055;24,28035044;13,07884856;25,68836045;41;56,53942428
8;2474;172703;112769;49.141819;6.81071;49.141819, 6.81071;170435;GRAND EST;57240;12952;57;57501;Sarrebruck (ALL) - Forbach (partie française);82563;05-Unités urbaines de 20 000 à 100 000 hbts;10;53;17906;53,14758489;De 150 à 200 000 entrées;NON;;C;272;198;166;28,97871521;52,88806663;12,70142346;5,431794704;83;3,856591749
8;972;114317;67003;49.118892;6.175464;49.118892, 6.175464;260731;GRAND EST;57463;122036;57;57701;Metz;294649;04-Unités urbaines de 100 000 hbts ou plus;7;53;10769;70,61474859;De 100 à 150 000 entrées;A;RDJPPR;C;525;321;272;65,0794378;10,05662348;15,13166334;9,732275384;435;82,99737956
8;126;29251;14267;47.733763;7.30706;47.733763, 7.30706;282583;GRAND EST;68224;109285;68;68701;Mulhouse;249916;04-Unités urbaines de 100 000 hbts ou plus;1;50;1573;105,0255835;De 20 à 30 000 entrées;A;RDJPPR;C;228;114;53;47,72521725;11,15960835;23,87243915;17,24273524;181;79,56824348
8;304;16258;19791;48.582601;7.745895;48.582601, 7.745895;368723;GRAND EST;67482;293538;67;67701;Strasbourg (partie française);489338;04-Unités urbaines de 100 000 hbts ou plus;2;15;1360;-17,85154868;De 10 à 20 000 entrées;A;RDJPPR;C;190;9;1;25,74495771;20,64411191;50,84580351;2,765126871;167;80,81327261
8;691;160961;97550;48.582805;7.74237;48.582805, 7.74237;369781;GRAND EST;67482;293538;67;67701;Strasbourg (partie française);489338;04-Unités urbaines de 100 000 hbts ou plus;5;53;9186;65,0035879;De 150 à 200 000 entrées;A;RDJPPR;C;428;216;120;57,10228358;13,97277023;18,77746221;10,14748398;285;73,38983914
8;5407;845034;542741;48.572723;7.764957;48.572723, 7.764957;369792;GRAND EST;67482;293538;67;67701;Strasbourg (partie française);489338;04-Unités urbaines de 100 000 hbts ou plus;22;53;39703;55,69746896;De 700 000 à 1 million d'entrées;NON;;C;565;312;274;36,72534614;43,75596869;14,09659751;5,422087667;283;18,83216026
8;4058;471045;305720;49.133075;6.200124;49.133075, 6.200124;395671;GRAND EST;57616;3531;57;57701;Metz;294649;04-Unités urbaines de 100 000 hbts ou plus;14;53;22153;54,07726024;De 450 à 700 000 entrées;NON;;B;327;238;236;30,88377693;50,80014225;13,86913229;4,446948534;71;5,060712266
8;299;31304;15897;49.357979;6.167955;49.357979, 6.167955;426273;GRAND EST;57672;42117;57;57601;Thionville;138442;04-Unités urbaines de 100 000 hbts ou plus;2;48;3102;96,91765742;De 30 à 40 000 entrées;C;RDJPPR;C;215;161;84;69,69276578;6,787575286;18,10922379;5,410435136;186;87,61588956
8;121;3174;1599;48.666901;7.711243;48.666901, 7.711243;446302;GRAND EST;67506;6080;67;67701;Strasbourg (partie française);489338;04-Unités urbaines de 100 000 hbts ou plus;1;31;107;98,49906191;De 2 à 5 000 entrées;NON;;B;41;23;0;56,90849435;9,588042289;22,56653299;10,93693037;21;52,97119942
8;411;3628;1686;49.036084;7.946947;49.036084, 7.946947;468473;GRAND EST;67544;7709;67;67212;Wissembourg (partie française);7709;06-autres communes et unités urbaines;1;32;88;115,1838671;De 2 à 5 000 entrées;NON;;I;61;31;0;34,31658879;30,43224299;26,1682243;9,082943925;23;29,61448598
8;100;18051;8716;49.150597;6.146816;49.150597, 6.146816;468741;GRAND EST;57751;14649;57;57701;Metz;294649;04-Unités urbaines de 100 000 hbts ou plus;1;53;421;107,1018816;De 10 à 20 000 entrées;C;JP;B;142;92;2;64,1025641;17,471091;13,49296129;4,93338361;62;44,62669683
8;882;157441;90698;49.103472;6.103766;49.103472, 6.103766;724960;GRAND EST;57487;5079;57;57701;Metz;294649;04-Unités urbaines de 100 000 hbts ou plus;6;53;8988;73,58817173;De 150 à 200 000 entrées;NON;;B;108;90;88;26,6138014;56,22704911;14,01078095;3,148368538;3;0,214473458
9;218;3075;1832;48.883026;6.051403;48.883026, 6.051403;58272;GRAND EST;54079;4669;54;54404;Pont-à-Mousson;24101;05-Unités urbaines de 20 000 à 100 000 hbts;1;32;230;67,84934498;De 2 à 5 000 entrées;D;;B;90;77;4;75,35422928;9,274366681;12,45169601;2,919708029;38;49,46328897
9;217;5633;3618;48.004696;6.873744;48.004696, 6.873744;72881;GRAND EST;88075;4289;88;88402;La Bresse;24255;05-Unités urbaines de 20 000 à 100 000 hbts;1;53;441;55,69375345;De 5 à 10 000 entrées;D;;C;140;115;0;79,8587247;10,97747232;6,33829706;2,825505918;71;42,78350515
9;900;47333;33857;48.284403;6.952124;48.284403, 6.952124;382412;GRAND EST;88413;19936;88;88403;Saint-Dié-des-Vosges;41650;05-Unités urbaines de 20 000 à 100 000 hbts;4;53;4334;39,80269959;De 40 à 50 000 entrées;D;;C;190;159;117;39,99022088;45,22417568;11,23960969;3,54599375;58;7,585195264
9;332;9394;7004;47.881078;6.765526;47.881078, 6.765526;426151;GRAND EST;88468;3372;88;88303;Le Thillot;15261;06-autres communes et unités urbaines;2;51;925;34,12335808;De 5 à 10 000 entrées;NON;;C;142;132;37;51,36224935;38,56800349;7,617698344;2,452048823;28;8,195292066
1;448;38400;23042;48.870512;2.303157;48.870512, 2.303157;55;ILE-DE-FRANCE;75108;36218;75;851;Paris;10949158;01-Paris;3;51;4424;66,65220033;De 30 à 40 000 entrées;A;RD;C;157;104;85;64,79548585;4,975098018;19,07915651;11,15025962;120;88,4894564
1;4274;619648;473518;48.86872;2.347608;48.86872, 2.347608;311;ILE-DE-FRANCE;75102;21277;75;851;Paris;10949158;01-Paris;7;53;10059;30,86049527;De 450 à 700 000 entrées;NON;;C;212;116;102;9,11686986;65,37369411;13,33288108;12,17655496;34;2,436538549
1;1490;268644;190458;48.84351;2.325646;48.84351, 2.325646;451;ILE-DE-FRANCE;75106;40452;75;851;Paris;10949158;01-Paris;7;53;11996;41,05157042;De 200 à 300 000 entrées;NON;;C;140;115;113;47,74611331;33,88023093;14,31249037;4,061165388;36;15,88294288
1;557;226812;158940;48.861555;2.352217;48.861555, 2.352217;531;ILE-DE-FRANCE;75103;33651;75;851;Paris;10949158;01-Paris;6;53;13857;42,70290676;De 200 à 300 000 entrées;A;RDPR;C;262;125;110;54,52473288;9,285016972;14,92794641;21,26230374;183;94,91997528
1;510;106817;76108;48.852188;2.342788;48.852188, 2.342788;721;ILE-DE-FRANCE;75106;40452;75;851;Paris;10949158;01-Paris;4;53;8295;40,34924055;De 100 à 150 000 entrées;A;RD;C;189;150;73;60,63843783;10,99364757;13,35231544;15,01559916;150;86,73883627
1;678;207423;143364;48.852437;2.338266;48.852437, 2.338266;731;ILE-DE-FRANCE;75106;40452;75;851;Paris;10949158;01-Paris;5;53;9877;44,68276555;De 200 à 300 000 entrées;NON;;C;126;114;105;59,64864044;20,45738487;13,57345798;6,320516717;88;63,21047325
1;204;34016;16679;48.870455;2.35466;48.870455, 2.35466;1392;ILE-DE-FRANCE;75110;83873;75;851;Paris;10949158;01-Paris;2;50;3292;103,9450806;De 30 à 40 000 entrées;A;RDJPPR;C;328;113;1;52,5831493;13,8225256;18,02516228;15,56916282;279;92,69557652
1;238;74147;37359;48.858689;2.353591;48.858689, 2.353591;1791;ILE-DE-FRANCE;75104;29326;75;851;Paris;10949158;01-Paris;2;53;3746;98,4715865;De 50 à 80 000 entrées;A;RDJPPR;C;283;144;38;55,90093281;8,630003542;19,58908962;15,87997402;213;84,99970481
1;287;9690;;48.888947;2.392436;48.888947, 2.392436;4713;ILE-DE-FRANCE;75119;184156;75;851;Paris;10949158;01-Paris;1;5;25;;De 5 à 10 000 entrées;NON;;C;24;0;0;35,65127141;45,96782564;18,38090296;0;23;96,29475869
1;423;137679;85778;48.853157;2.370719;48.853157, 2.370719;5841;ILE-DE-FRANCE;75111;145124;75;851;Paris;10949158;01-Paris;3;53;5964;60,5061904;De 100 à 150 000 entrées;A;RD;C;98;77;58;64,32353518;9,279556069;8,367289129;18,02961962;86;94,73194895
1;356;83619;53823;48.860238;2.37214;48.860238, 2.37214;5852;ILE-DE-FRANCE;75111;145124;75;851;Paris;10949158;01-Paris;2;53;3980;55,35923304;De 80 à 100 000 entrées;A;RDJP;C;179;111;56;61,94239959;12,96267597;13,98940979;11,10551466;137;88,9706832
1;1273;200980;136006;48.847502;2.371855;48.847502, 2.371855;6531;ILE-DE-FRANCE;75112;141275;75;851;Paris;10949158;01-Paris;7;53;12127;47,77289237;De 200 à 300 000 entrées;NON;;C;175;126;117;45,27515176;40,98367997;11,65737884;2,083789432;52;6,62055926
1;363;67653;41308;48.843204;2.298558;48.843204, 2.298558;7231;ILE-DE-FRANCE;75115;231186;75;851;Paris;10949158;01-Paris;3;52;5329;63,77699235;De 50 à 80 000 entrées;A;JPPR;C;395;242;3;62,23570667;12,96627359;15,5241173;9,273902431;302;67,33764225
1;133;29406;17940;48.833879;2.330976;48.833879, 2.330976;8161;ILE-DE-FRANCE;75114;134926;75;851;Paris;10949158;01-Paris;1;53;1840;63,91304348;De 20 à 30 000 entrées;A;JP;C;247;126;2;64,12760963;14,39171627;14,43783013;7,042843967;189;70,28590593
1;119;30787;18313;48.850764;2.341747;48.850764, 2.341747;8341;ILE-DE-FRANCE;75106;40452;75;851;Paris;10949158;01-Paris;1;53;1597;68,11554633;De 30 à 40 000 entrées;A;RDPR;C;180;49;1;62,32582538;9,80295728;17,33713649;10,53408085;171;94,45591948
1;240;95673;50555;48.849983;2.343211;48.849983, 2.343211;8422;ILE-DE-FRANCE;75105;58050;75;851;Paris;10949158;01-Paris;2;53;4172;89,24537632;De 80 à 100 000 entrées;A;PR;C;254;12;1;37,02070794;17,74169788;25,03682815;20,20076603;221;82,11730292
1;2952;803575;593144;48.833718;2.373922;48.833718, 2.373922;9600;ILE-DE-FRANCE;75113;179013;75;851;Paris;10949158;01-Paris;16;53;34289;35,4772197;De 700 000 à 1 million d'entrées;NON;;C;426;316;294;28,85326587;45,84872188;16,88986308;8,408149171;217;28,86577688
1;1394;203607;134186;48.852605;2.406733;48.852605, 2.406733;9950;ILE-DE-FRANCE;75120;193044;75;851;Paris;10949158;01-Paris;7;53;13561;51,73490528;De 200 à 300 000 entrées;NON;;C;212;129;121;22,93100579;55,61740814;11,7768668;9,674719268;41;5,280328357
2;826;46061;29726;48.943679;2.24855;48.943679, 2.24855;23323;ILE-DE-FRANCE;95018;109058;95;851;Paris;10949158;03-Grande couronne;3;50;3159;54,95189396;De 40 à 50 000 entrées;C;JPPR;B;244;174;44;48,13883065;29,54111344;11,86116935;10,45888656;152;41,66783135
2;114;5728;2036;48.754035;2.502015;48.754035, 2.502015;60942;ILE-DE-FRANCE;94004;17345;94;851;Paris;10949158;02-Petite Couronne;1;42;219;181,3359528;De 5 à 10 000 entrées;NON;;B;123;95;0;43,48739496;21,19514472;24,46311858;10,85434174;63;65,33613445
2;154;41099;23607;48.83591;2.239289;48.83591, 2.239289;66835;ILE-DE-FRANCE;92012;122162;92;851;Paris;10949158;02-Petite Couronne;1;48;1697;74,09666624;De 40 à 50 000 entrées;C;RDJPPR;B;188;105;80;57,12281706;7,729745205;15,75722874;19,39020899;170;93,7102777
2;83;6622;863;48.932361;2.424858;48.932361, 2.424858;68114;ILE-DE-FRANCE;93013;15695;93;851;Paris;10949158;02-Petite Couronne;1;49;1112;667,3232908;De 5 à 10 000 entrées;NON;;B;198;169;1;61,87910423;23,2193972;11,48341472;3,418083853;78;54,63882809
2;459;48282;28945;48.886917;2.156299;48.886917, 2.156299;106262;ILE-DE-FRANCE;78146;30190;78;851;Paris;10949158;03-Grande couronne;2;51;1984;66,8060114;De 40 à 50 000 entrées;NON;;B;250;183;67;64,05316895;19,00083478;12,0229457;4,923050579;150;39,35015732
2;645;63326;36307;48.877872;2.586341;48.877872, 2.586341;108774;ILE-DE-FRANCE;77108;54691;77;851;Paris;10949158;03-Grande couronne;2;52;3538;74,41815628;De 50 à 80 000 entrées;C;JP;B;274;152;32;41,10551728;44,97156309;10,72011547;3,202804172;145;22,09831784
2;405;14074;8303;48.770432;2.350955;48.770432, 2.350955;110761;ILE-DE-FRANCE;94021;20447;94;851;Paris;10949158;02-Petite Couronne;1;48;507;69,50499819;De 10 à 20 000 entrées;C;;B;180;126;1;52,92555807;22,26374275;14,15085062;10,65984856;110;66,33887305
2;181;32206;13833;48.766383;2.414699;48.766383, 2.414699;112014;ILE-DE-FRANCE;94022;46466;94;851;Paris;10949158;02-Petite Couronne;1;49;1080;132,820068;De 30 à 40 000 entrées;C;JP;B;207;140;1;57,28928102;24,1712033;14,54852638;3,9909893;123;52,50985545
2;477;115506;64655;48.923159;2.255372;48.923159, 2.255372;117051;ILE-DE-FRANCE;92025;87328;92;851;Paris;10949158;02-Petite Couronne;4;53;6560;78,6497564;De 100 à 150 000 entrées;C;JPPR;B;244;155;121;46,84972171;38,11502783;10,3729128;4,662337662;153;33,01855288
2;282;25848;15730;49.02987;2.333691;49.02987, 2.333691;140521;ILE-DE-FRANCE;95199;15874;95;851;Paris;10949158;03-Grande couronne;1;53;1552;64,32294978;De 20 à 30 000 entrées;NON;;B;176;138;14;47,38120159;30,931547;16,54594934;5,141302072;74;24,74356291
2;329;12626;3153;48.927466;2.438309;48.927466, 2.438309;142752;ILE-DE-FRANCE;93029;71535;93;851;Paris;10949158;02-Petite Couronne;1;45;307;300,4440216;De 10 à 20 000 entrées;NON;;B;75;60;1;39,70410106;47,79373594;8,634711888;3,867451116;20;13,37601661
2;348;73827;40570;48.766594;1.949214;48.766594, 1.949214;146371;ILE-DE-FRANCE;78208;26117;78;851;Paris;10949158;03-Grande couronne;3;53;3890;81,97436529;De 50 à 80 000 entrées;C;JP;B;299;222;98;55,30427746;29,14841374;11,50422724;4,043081559;179;35,80178018
2;1222;110456;78783;48.970841;2.307185;48.970841, 2.307185;147071;ILE-DE-FRANCE;95210;11574;95;851;Paris;10949158;03-Grande couronne;5;53;5472;40,20283564;De 100 à 150 000 entrées;NON;;B;161;116;85;42,34391318;42,1868047;12,18362621;3,285655905;73;12,10370976
2;400;8627;2957;48.988575;2.259906;48.988575, 2.259906;149335;ILE-DE-FRANCE;95219;29453;95;851;Paris;10949158;03-Grande couronne;1;35;154;191,7483936;De 5 à 10 000 entrées;NON;;B;125;83;0;60,60978944;19,82499316;7,027618266;12,53759912;55;40,67541701
2;146;7208;3938;48.434287;2.157598;48.434287, 2.157598;152884;ILE-DE-FRANCE;91223;26454;91;91401;Étampes;32227;03-Grande couronne;1;50;790;83,03707466;De 5 à 10 000 entrées;D;JPPR;C;220;159;5;65,61807709;14,59164082;12,59784375;7,19243834;191;88,39167036
2;198;22341;13746;48.791543;2.289748;48.791543, 2.289748;163962;ILE-DE-FRANCE;92032;25389;92;851;Paris;10949158;02-Petite Couronne;1;48;876;62,52728066;De 20 à 30 000 entrées;C;;B;180;123;0;59,48926014;19,74224344;10,8973747;9,871121718;118;61,69451074
2;340;5629;2774;48.515193;2.341767;48.515193, 2.341767;202370;ILE-DE-FRANCE;91315;6701;91;91402;Ballancourt-sur-Essonne;35751;03-Grande couronne;1;39;120;102,9199712;De 5 à 10 000 entrées;NON;;C;65;29;0;54,68546638;22,0824295;20,17353579;3,05856833;32;46,70281996
2;507;64768;37388;48.81362;2.389338;48.81362, 2.389338;202551;ILE-DE-FRANCE;94041;64248;94;851;Paris;10949158;02-Petite Couronne;2;52;2671;73,23205307;De 50 à 80 000 entrées;C;RDJPPR;B;346;183;82;63,65823645;12,92633203;10,12911639;13,28631513;309;88,53747681
2;308;7633;8200;48.881921;2.419546;48.881921, 2.419546;226883;ILE-DE-FRANCE;93045;23396;93;851;Paris;10949158;02-Petite Couronne;1;24;345;-6,914634146;De 5 à 10 000 entrées;C;;B;128;83;2;68,78101737;17,81947891;9,212158809;4,187344913;110;87,77915633
2;198;26502;16303;48.820911;2.302756;48.820911, 2.302756;242422;ILE-DE-FRANCE;92046;31412;92;851;Paris;10949158;02-Petite Couronne;1;43;649;62,55903821;De 20 à 30 000 entrées;C;;B;165;118;1;64,13864674;16,73723537;10,94229971;8,181818182;131;74,89414695
2;231;17040;10114;48.642026;2.222592;48.642026, 2.222592;246432;ILE-DE-FRANCE;91363;8398;91;851;Paris;10949158;03-Grande couronne;1;52;775;68,47933557;De 10 à 20 000 entrées;C;;B;209;164;0;55,15313563;28,00194458;14,20150705;2,643412737;130;50,53475936
2;228;4680;2846;49.060326;2.170288;49.060326, 2.170288;258952;ILE-DE-FRANCE;95394;10083;95;851;Paris;10949158;03-Grande couronne;1;41;310;64,44132115;De 2 à 5 000 entrées;NON;;B;146;118;0;51,6889238;26,47289866;11,62608013;10,21209741;44;26,10631055
2;210;28101;13065;48.956929;2.603083;48.956929, 2.603083;263912;ILE-DE-FRANCE;77294;20713;77;851;Paris;10949158;03-Grande couronne;1;51;1445;115,0861079;De 20 à 30 000 entrées;C;JPPR;B;351;239;4;58,95602137;25,96383066;9,44512947;5,635018496;226;48,2244143
2;282;11435;5245;48.77004;2.03446;48.77004, 2.03446;273071;ILE-DE-FRANCE;78423;32335;78;851;Paris;10949158;03-Grande couronne;1;52;340;118,0171592;De 10 à 20 000 entrées;NON;;B;118;80;0;60,7819008;18,19386596;17,04846649;3,975766755;47;54,20295343
2;154;20612;9429;48.813222;2.311441;48.813222, 2.311441;276554;ILE-DE-FRANCE;92049;48174;92;851;Paris;10949158;02-Petite Couronne;1;48;703;118,6021847;De 20 à 30 000 entrées;C;;B;163;129;1;71,05293309;15,20394134;7,475939505;6,267186068;79;50,0515582
2;660;86859;52547;48.892601;2.195729;48.892601, 2.195729;284490;ILE-DE-FRANCE;92050;96402;92;851;Paris;10949158;02-Petite Couronne;4;53;6943;65,29773346;De 80 à 100 000 entrées;C;RDJPPR;B;320;205;140;49,05004786;31,32940853;12,47590701;7,144636606;220;49,96394247
2;386;43407;25307;48.84468;2.624254;48.84468, 2.624254;292341;ILE-DE-FRANCE;77337;15853;77;851;Paris;10949158;03-Grande couronne;2;50;2525;71,52171336;De 40 à 50 000 entrées;C;RDJPPR;B;247;171;24;67,96998006;13,56670515;10,03201428;8,431300514;199;78,71575522
2;358;2619;1299;48.786098;2.544935;48.786098, 2.544935;299122;ILE-DE-FRANCE;94055;10611;94;851;Paris;10949158;02-Petite Couronne;1;17;39;101,6166282;De 2 à 5 000 entrées;NON;;B;14;1;0;0;42,04431017;50,70493454;7,250755287;10;93,80664653
2;400;43461;23166;48.777607;2.254424;48.777607, 2.254424;314413;ILE-DE-FRANCE;92060;29719;92;851;Paris;10949158;02-Petite Couronne;2;53;2081;87,60683761;De 40 à 50 000 entrées;C;;B;155;124;22;55,31344704;26,49585494;11,66879555;6,521902472;53;21,57938237
2;272;9188;6672;49.049188;2.099047;49.049188, 2.099047;320532;ILE-DE-FRANCE;95500;32453;95;851;Paris;10949158;03-Grande couronne;1;33;148;37,70983213;De 5 à 10 000 entrées;C;;B;77;50;33;56,58934819;27,64027472;3,369184916;12,40119217;63;65,21964494
2;436;54192;35814;48.883869;2.44086;48.883869, 2.44086;341652;ILE-DE-FRANCE;93063;31554;93;851;Paris;10949158;02-Petite Couronne;1;47;1419;51,31512816;De 50 à 80 000 entrées;C;JPPR;B;297;184;13;67,32519811;15,05599336;8,020258028;9,598550503;209;59,84631841
2;3344;648027;400334;48.880702;2.480345;48.880702, 2.480345;343750;ILE-DE-FRANCE;93064;45622;93;851;Paris;10949158;02-Petite Couronne;15;53;27798;61,87158722;De 450 à 700 000 entrées;NON;;B;297;185;185;24,58873897;59,29137274;11,60639985;4,513488435;99;3,915529185
2;398;67089;36247;48.93659;2.358747;48.93659, 2.358747;381912;ILE-DE-FRANCE;93066;114027;93;851;Paris;10949158;02-Petite Couronne;2;50;2838;85,08842111;De 50 à 80 000 entrées;C;RDJPPR;B;372;205;91;59,1153839;18,48415404;15,97264919;6,427812867;306;78,84783783
2;222;7820;4657;48.535934;2.547053;48.535934, 2.547053;384792;ILE-DE-FRANCE;77407;14429;77;851;Paris;10949158;03-Grande couronne;1;44;548;67,91926133;De 5 à 10 000 entrées;C;;B;170;115;0;64,12702934;20,23639989;11,17915124;4,457419539;98;56,36570778
2;886;86591;54665;48.793451;2.514771;48.793451, 2.514771;404612;ILE-DE-FRANCE;94068;75449;94;851;Paris;10949158;02-Petite Couronne;4;52;5855;58,40300009;De 80 à 100 000 entrées;C;JP;B;209;153;93;54,79224641;31,56254106;9,835301986;3,809910545;103;20,28807223
2;513;109254;66499;49.044334;2.106823;49.044334, 2.106823;408323;ILE-DE-FRANCE;95572;24849;95;851;Paris;10949158;03-Grande couronne;5;50;7478;64,29419991;De 100 à 150 000 entrées;C;RDJPPR;B;387;243;165;69,11318576;11,5710567;11,56812088;7,747636663;303;77,35991232
2;2891;618151;356362;48.840592;2.654959;48.840592, 2.654959;429132;ILE-DE-FRANCE;77468;22604;77;851;Paris;10949158;03-Grande couronne;16;53;31382;73,4615363;De 450 à 700 000 entrées;NON;;B;357;259;254;22,41486762;55,81295707;11,92859624;9,843579082;93;3,388092015
2;192;16081;10015;48.821779;2.287439;48.821779, 2.287439;442002;ILE-DE-FRANCE;92075;28157;92;851;Paris;10949158;02-Petite Couronne;1;42;523;60,56914628;De 10 à 20 000 entrées;C;;B;180;145;0;69,55869891;15,27931686;6,251222215;8,91076201;141;71,32520696
2;3612;529755;335385;48.784168;2.039775;48.784168, 2.039775;720400;ILE-DE-FRANCE;78423;32335;78;851;Paris;10949158;03-Grande couronne;16;53;25831;57,95429134;De 450 à 700 000 entrées;NON;;B;383;241;236;33,94711957;48,58399213;12,60657412;4,862314181;168;12,58879601
2;1861;391476;239758;48.994228;2.194982;48.994228, 2.194982;723600;ILE-DE-FRANCE;95424;22305;95;851;Paris;10949158;03-Grande couronne;8;53;13817;63,2796403;De 300 à 450 000 entrées;NON;;B;178;141;139;22,02560915;61,23354666;12,37127642;4,369567775;17;1,608629148
2;3801;823930;499571;48.781030;2.189542;48.78103, 2.189542;724120;ILE-DE-FRANCE;78640;23020;78;851;Paris;10949158;03-Grande couronne;18;53;30930;64,9275078;De 700 000 à 1 million d'entrées;NON;;B;505;307;284;33,90928358;49,34910897;12,39281444;4,348793008;245;13,49529453
2;400;4834;;49.00436;2.515858;49.00436, 2.515858;725200;ILE-DE-FRANCE;95527;2817;95;851;Paris;10949158;03-Grande couronne;1;17;77;;De 2 à 5 000 entrées;NON;;B;9;0;0;72,06349206;20,23809524;0;7,698412698;8;98,57142857
3;1209;177155;114397;50.115049;1.824393;50.115049, 1.824393;10192;HAUTS DE FRANCE;80001;23318;80;80401;Abbeville;26214;05-Unités urbaines de 20 000 à 100 000 hbts;8;53;15820;54,85983024;De 150 à 200 000 entrées;NON;;C;167;145;139;39,84663046;46,2153177;10,58918144;3,3488704;12;1,0902377
3;490;26836;19670;48.762976;0.62734;48.762976, 0.62734;12101;NORMANDIE;61214;8144;61;61301;L'Aigle;11260;06-autres communes et unités urbaines;1;53;1030;36,43111337;De 20 à 30 000 entrées;E;JP;C;243;188;32;35,68953569;44,45214445;13,85616386;6,002156002;139;19,16916917
3;1199;175035;116532;48.433552;0.063775;48.433552, 0.063775;14445;NORMANDIE;61001;26464;61;461;Alençon;42492;05-Unités urbaines de 20 000 à 100 000 hbts;7;53;9302;50,20337761;De 150 à 200 000 entrées;D;JP;C;331;257;173;45,76271186;40,18371296;10,65616767;3,397407502;153;11,77231716
3;254;45321;24522;49.896685;2.302146;49.896685, 2.302146;17325;HAUTS DE FRANCE;80021;136808;80;80601;Amiens;167863;04-Unités urbaines de 100 000 hbts ou plus;1;53;1531;84,81771471;De 40 à 50 000 entrées;B;RDJPPR;C;185;104;45;64,91344364;10,34087143;14,5705326;10,17515233;167;95,61226831
3;158;6688;4001;48.058076;-1.148927;48.058076, -1.148927;23541;BRETAGNE;35006;4662;35;35126;Argentré-du-Plessis;4662;06-autres communes et unités urbaines;1;49;416;67,15821045;De 5 à 10 000 entrées;E;;I;160;136;1;60,49245433;28,27640985;10,19857029;1,032565528;59;15,21842732
3;1593;214633;141045;47.793473;3.56576;47.793473, 3.56576;32651;BOURGOGNE-FRANCHE-COMTE;89024;35244;89;89402;Auxerre;42807;05-Unités urbaines de 20 000 à 100 000 hbts;8;53;15746;52,17341983;De 200 à 300 000 entrées;D;JP;C;345;268;180;40,33176258;44,52282355;11,17425865;3,971155219;172;14,01304203
3;345;6305;3240;49.544612;0.95126;49.544612, 0.95126;39174;NORMANDIE;76057;12478;76;76401;Barentin;20466;05-Unités urbaines de 20 000 à 100 000 hbts;1;33;80;94,59876543;De 5 à 10 000 entrées;NON;;C;61;33;0;72,47974068;20,03241491;4,683954619;2,803889789;26;41,94489465
3;255;20421;13221;47.877156;-3.017589;47.877156, -3.017589;41781;BRETAGNE;56010;6427;56;56204;Baud;6427;06-autres communes et unités urbaines;1;53;1115;54,45881552;De 20 à 30 000 entrées;E;;I;189;149;19;51,88704425;31,6019858;13,61234186;2,898628089;71;24,19793947
3;144;7773;3781;47.440442;-0.217892;47.440442, -0.217892;44042;PAYS DE LA LOIRE;49021;7242;49;49204;Beaufort-en-Vallée;7242;06-autres communes et unités urbaines;1;47;414;105,5805343;De 5 à 10 000 entrées;E;;C;253;216;0;72,70383937;16,21218288;8,831908832;2,252068919;137;37,07773708
3;253;22993;14098;46.631877;1.067624;46.631877, 1.067624;57473;CENTRE-VAL DE LOIRE;36018;6449;36;36201;Le Blanc;6449;06-autres communes et unités urbaines;2;53;1370;63,09405589;De 20 à 30 000 entrées;E;RDJPPR;I;209;164;14;58,07091152;26,69555996;8,916962516;6,316566001;121;36,77440177
3;2148;280549;173017;47.612706;1.336917;47.612706, 1.336917;58773;CENTRE-VAL DE LOIRE;41018;48127;41;41501;Blois;70156;05-Unités urbaines de 20 000 à 100 000 hbts;11;53;18386;62,1511181;De 200 à 300 000 entrées;NON;;C;240;187;182;37,57237245;47,25405913;11,44694718;3,726621233;43;2,35822169
3;283;52600;21501;47.077563;2.399947;47.077563, 2.399947;68061;CENTRE-VAL DE LOIRE;18033;66385;18;18501;Bourges;83365;05-Unités urbaines de 20 000 à 100 000 hbts;2;53;2911;144,6397842;De 50 à 80 000 entrées;NON;;C;323;209;66;69,47074611;7,935587762;13,75201288;8,841653247;311;98,19216318
3;244;8709;6409;48.162712;-0.971524;48.162712, -0.971524;68371;PAYS DE LA LOIRE;53039;1765;53;0;Zone rurale;14908533;04-Unités urbaines de 100 000 hbts ou plus;1;48;234;35,88703386;De 5 à 10 000 entrées;E;;R;175;129;1;68,65752681;10,91353332;14,619248;5,809691869;104;54,28261165
3;224;9127;5159;47.28271;0.171969;47.28271, 0.171969;68561;CENTRE-VAL DE LOIRE;37031;3897;37;37201;Bourgueil;5998;06-autres communes et unités urbaines;1;53;402;76,91413065;De 5 à 10 000 entrées;E;;C;189;145;1;55,24146054;26,7844523;12,76796231;5,206124853;122;44,11071849
3;757;124107;75769;48.396163;-4.477034;48.396163, -4.477034;73099;BRETAGNE;29019;142110;29;29701;Brest;207101;04-Unités urbaines de 100 000 hbts ou plus;7;53;12120;63,79653948;De 100 à 150 000 entrées;A;RDJPPR;C;464;301;269;73,05801544;6,468895134;12,30440061;8,168688815;383;85,19005935
3;190;3750;1468;49.044986;-0.326254;49.044986, -0.326254;73582;NORMANDIE;14100;1937;14;0;Zone rurale;14908533;04-Unités urbaines de 100 000 hbts ou plus;1;44;87;155,4495913;De 2 à 5 000 entrées;NON;;R;75;58;1;56,05720695;28,49130679;13,71284352;1,738642737;25;46,35445878
3;322;2218;;48.02352;-1.744768;48.02352, -1.744768;77732;BRETAGNE;35047;19561;35;35701;Rennes;351058;04-Unités urbaines de 100 000 hbts ou plus;1;2;31;;De 2 à 5 000 entrées;NON;;B;14;4;1;3,47705146;0;82,75382476;13,76912378;6;36,90310617
3;210;5244;2976;46.888094;1.419282;46.888094, 1.419282;80572;CENTRE-VAL DE LOIRE;36031;4579;36;36109;Buzançais;4579;06-autres communes et unités urbaines;1;49;330;76,20967742;De 5 à 10 000 entrées;E;;I;139;112;0;77,84431138;12,5106929;4,875962361;4,769033362;80;44,28999145
3;238;36160;24371;49.290634;-0.113862;49.290634, -0.113862;80981;NORMANDIE;14117;3541;14;14402;Dives-sur-Mer;33981;05-Unités urbaines de 20 000 à 100 000 hbts;2;53;2479;48,37306635;De 30 à 40 000 entrées;D;;C;308;247;71;60,79133671;26,72580239;8,34429303;4,138567871;181;19,77222486
3;1870;500832;317981;49.177395;-0.349774;49.177395, -0.349774;81456;NORMANDIE;14118;109401;14;14601;Caen;206642;04-Unités urbaines de 100 000 hbts ou plus;10;53;17469;57,50375022;De 450 à 700 000 entrées;NON;;C;293;204;155;32,65600132;49,98078467;13,62336745;3,739846559;107;7,45474337
3;200;10915;7438;48.27416;-4.599116;48.27416, -4.599116;82762;BRETAGNE;29022;2516;29;29104;Camaret-sur-Mer;2516;06-autres communes et unités urbaines;1;53;529;46,74643721;De 10 à 20 000 entrées;E;;I;184;157;30;53,24614227;33,43996989;8,449378999;4,864508845;77;21,91381257
3;142;3229;1984;47.551609;-1.038715;47.551609, -1.038715;84382;PAYS DE LA LOIRE;49054;2870;49;49109;Candé;2870;06-autres communes et unités urbaines;1;51;326;62,75201613;De 2 à 5 000 entrées;NON;;I;159;138;0;62,00831468;28,74960026;6,012152223;3,229932843;45;16,18164375
3;1601;163669;106360;48.940758;4.397745;48.940758, 4.397745;94997;GRAND EST;51108;45481;51;51501;Châlons-en-Champagne;58194;05-Unités urbaines de 20 000 à 100 000 hbts;9;53;17747;53,88209853;De 150 à 200 000 entrées;NON;;C;203;171;164;35,32520525;48,86559166;11,92419252;3,88501057;28;1,992896121
3;748;67584;41717;47.721188;-1.376037;47.721188, -1.376037;104051;PAYS DE LA LOIRE;44036;12474;44;44302;Châteaubriant;12474;06-autres communes et unités urbaines;4;52;3440;62,00589688;De 50 à 80 000 entrées;E;JP;I;232;158;81;47,24692176;40,84695875;9,619207594;2,286911898;110;9,836495046
3;62;9738;6315;47.931476;2.928439;47.931476, 2.928439;104801;CENTRE-VAL DE LOIRE;45083;2139;45;0;Zone rurale;14908533;04-Unités urbaines de 100 000 hbts ou plus;1;51;753;54,20427553;De 5 à 10 000 entrées;E;JPPR;R;212;141;0;52,92017049;33,11830434;8,293975348;5,667549821;126;60,02764658
3;576;69667;45017;49.046046;3.402936;49.046046, 3.402936;104994;HAUTS DE FRANCE;2168;15618;2;2401;Château-Thierry;23011;05-Unités urbaines de 20 000 à 100 000 hbts;4;53;3592;54,75709177;De 50 à 80 000 entrées;D;;C;213;152;64;36,81350156;48,33213378;11,85646509;2,997899561;113;13,55884902
3;380;37250;25050;49.622785;3.220456;49.622785, 3.220456;107251;HAUTS DE FRANCE;2173;11843;2;2303;Chauny;17586;06-autres communes et unités urbaines;3;53;3825;48,70259481;De 30 à 40 000 entrées;E;JP;C;257;216;130;43,13520359;42,6754398;11,32615698;2,863199626;98;12,28973378
3;296;28507;17229;48.412765;-1.750635;48.412765, -1.750635;117742;BRETAGNE;35085;6206;35;35205;Combourg;6206;06-autres communes et unités urbaines;2;53;1667;65,45939985;De 20 à 30 000 entrées;E;JP;I;371;293;58;59,44995456;26,52625756;8,795985301;5,227802584;211;39,56612795
3;381;15891;9603;48.8506;-0.551002;48.8506, -0.551002;119054;NORMANDIE;14174;6605;14;262;Condé-sur-Noireau;8018;06-autres communes et unités urbaines;1;53;651;65,47953764;De 10 à 20 000 entrées;E;;C;197;149;6;49,79890552;32,9201556;11,54480121;5,736137667;95;24,3159491
3;240;14373;9171;49.334767;-0.457474;49.334767, -0.457474;125513;NORMANDIE;14191;4237;14;14118;Courseulles-sur-Mer;4237;06-autres communes et unités urbaines;1;53;592;56,72227674;De 10 à 20 000 entrées;E;;I;166;142;1;59,81126639;28,1443596;9,343034145;2,701339865;71;23,17389425
3;548;87671;56597;49.231725;2.890294;49.231725, 2.890294;128114;HAUTS DE FRANCE;60176;14645;60;60303;Crépy-en-Valois;14645;06-autres communes et unités urbaines;4;53;4903;54,90397018;De 80 à 100 000 entrées;E;JP;I;239;204;95;35,4846927;49,75452735;10,96984855;3,790931407;109;5,728081145
3;1070;119311;77679;49.04567;3.958674;49.04567, 3.958674;147971;GRAND EST;51230;22836;51;51401;Épernay;30128;05-Unités urbaines de 20 000 à 100 000 hbts;7;53;7473;53,59492269;De 100 à 150 000 entrées;D;JPPR;C;312;212;146;40,49175656;41,70948881;13,68264688;4,116107748;147;15,5316999
3;245;11968;9689;48.63121;-2.463964;48.63121, -2.463964;149552;BRETAGNE;22054;4007;22;22114;Erquy;4007;06-autres communes et unités urbaines;1;53;376;23,52151925;De 10 à 20 000 entrées;E;JP;I;234;186;2;68,60486546;12,40324364;13,38923701;5,602653889;136;52,54330999
3;187;7772;3999;47.718454;1.941702;47.718454, 1.941702;158812;CENTRE-VAL DE LOIRE;45146;7530;45;45205;La Ferté-Saint-Aubin;7530;06-autres communes et unités urbaines;1;49;282;94,34858715;De 5 à 10 000 entrées;NON;;I;159;131;1;60,6796779;28,75665347;5,623038078;4,940630545;63;40,61689641
3;849;58521;42764;48.749639;-0.563195;48.749639, -0.563195;160923;NORMANDIE;61169;14928;61;61401;Flers;22126;05-Unités urbaines de 20 000 à 100 000 hbts;4;53;3624;36,84641287;De 50 à 80 000 entrées;D;JP;C;218;175;102;42,20508103;43,09319935;11,44469606;3,257023565;79;12,57165098
3;350;5680;3257;48.794527;0.298902;48.794527, 0.298902;171881;NORMANDIE;61181;1855;61;61101;Gacé;2033;06-autres communes et unités urbaines;1;53;283;74,39361375;De 5 à 10 000 entrées;NON;;C;198;166;2;47,09236032;29,30444698;17,36982136;6,233371342;66;28,4872672
3;505;36194;23956;49.15552;1.344766;49.15552, 1.344766;172213;NORMANDIE;27275;6935;27;27302;Gaillon;17560;06-autres communes et unités urbaines;3;53;2598;51,08532309;De 30 à 40 000 entrées;NON;;C;86;66;57;28,64041295;56,12077818;13,22676435;2,012044515;14;5,553242861
3;188;17666;9041;47.733433;2.650054;47.733433, 2.650054;177112;CENTRE-VAL DE LOIRE;45155;13716;45;45303;Gien;14902;06-autres communes et unités urbaines;1;50;759;95,39873908;De 10 à 20 000 entrées;E;;C;194;159;30;48,95104895;38,37412587;7,392607393;5,282217782;85;31,66833167
3;207;12588;5544;49.279682;1.774186;49.279682, 1.774186;178231;NORMANDIE;27284;12046;27;359;Gisors;14305;06-autres communes et unités urbaines;1;53;1176;127,0562771;De 10 à 20 000 entrées;E;JP;C;227;190;3;60,20347605;24,45103858;12,93768546;2,407799915;108;27,34209411
3;337;5880;3925;49.504857;0.228509;49.504857, 0.228509;179902;NORMANDIE;76305;9101;76;76701;Le Havre;233828;04-Unités urbaines de 100 000 hbts ou plus;1;21;183;49,8089172;De 5 à 10 000 entrées;NON;;B;63;33;0;47,38178976;40,38686987;11,6451739;0,586166471;26;33,54826104
3;201;10546;6606;48.064952;-3.208011;48.064952, -3.208011;187201;BRETAGNE;56073;1074;56;0;Zone rurale;14908533;04-Unités urbaines de 100 000 hbts ou plus;1;53;619;59,64274902;De 10 à 20 000 entrées;E;JPPR;R;320;244;2;53,20176359;19,9874029;18,36027714;8,450556372;187;42,01133739
3;270;7602;4311;47.941328;-1.226507;47.941328, -1.226507;187441;BRETAGNE;35125;4392;35;35204;La Guerche-de-Bretagne;5511;06-autres communes et unités urbaines;1;50;313;76,33959638;De 5 à 10 000 entrées;E;;C;221;191;1;67,83601596;21,92873848;6,809739992;3,425505572;113;28,50460861
3;492;103289;63802;49.501072;0.145711;49.501072, 0.145711;193111;NORMANDIE;76351;167658;76;76701;Le Havre;233828;04-Unités urbaines de 100 000 hbts ou plus;5;53;7614;61,88990941;De 100 à 150 000 entrées;A;RDJP;C;255;192;154;71,7518189;9,797742334;11,99866242;6,451776341;206;71,71837951
3;621;62321;34775;47.414702;-1.655686;47.414702, -1.655686;195211;PAYS DE LA LOIRE;44073;6523;44;44121;Héric;6523;06-autres communes et unités urbaines;3;53;2718;79,21207764;De 50 à 80 000 entrées;E;JPPR;I;376;295;107;51,53460722;34,75329087;9,569426752;4,142675159;233;21,53205945
3;1009;86161;58983;49.202885;-0.332513;49.202885, -0.332513;195741;NORMANDIE;14327;22388;14;14601;Caen;206642;04-Unités urbaines de 100 000 hbts ou plus;4;49;5566;46,0776834;De 80 à 100 000 entrées;C;RDJPPR;B;378;198;145;63,70179285;14,9941958;12,83890107;8,46511028;297;84,85747453
3;199;13326;9947;49.419105;0.234146;49.419105, 0.234146;197622;NORMANDIE;14333;6933;14;363;Honfleur;16719;06-autres communes et unités urbaines;1;50;722;33,97004122;De 10 à 20 000 entrées;NON;;C;162;131;9;52,78389431;33,86284995;10,18402013;3,169235609;62;22,56999056
3;262;16541;12045;49.304867;-0.074371;49.304867, -0.074371;198581;NORMANDIE;14338;1728;14;14402;Dives-sur-Mer;33981;05-Unités urbaines de 20 000 à 100 000 hbts;1;51;900;37,32669157;De 10 à 20 000 entrées;D;;B;231;195;28;61,14850525;21,73913043;14,395731;2,716633315;137;39,83991268
3;1844;293306;188908;48.072111;-0.771727;48.072111, -0.771727;220074;PAYS DE LA LOIRE;53130;52169;53;53501;Laval;70859;05-Unités urbaines de 20 000 à 100 000 hbts;9;53;14305;55,263938;De 200 à 300 000 entrées;D;JP;C;395;236;169;45,04081633;41,50639917;10,50363196;2,949152542;206;13,9349706
3;340;25303;13171;48.572208;-4.327487;48.572208, -4.327487;223593;BRETAGNE;29124;7506;29;29303;Lesneven;13424;06-autres communes et unités urbaines;1;53;537;92,11145699;De 20 à 30 000 entrées;E;JPPR;C;291;220;2;57,19642468;28,16655766;9,404839765;5,232177894;152;44,970569
3;300;22754;12708;48.213038;-1.504786;48.213038, -1.504786;226211;BRETAGNE;35152;8265;35;35210;Liffré;8265;06-autres communes et unités urbaines;1;48;375;79,05256531;De 20 à 30 000 entrées;E;;I;157;124;4;63,49667385;18,42499766;9,603672819;8,474655673;65;29,101471
3;2160;255575;159679;47.751879;-3.366695;47.751879, -3.366695;233001;BRETAGNE;56121;58881;56;56601;Lorient;119060;04-Unités urbaines de 100 000 hbts ou plus;11;53;16781;60,05548632;De 200 à 300 000 entrées;NON;;C;437;303;245;55,86728215;28,65770324;10,50091717;4,974097442;253;34,41190107
3;198;8661;6323;47.236043;-1.348969;47.236043, -1.348969;233181;PAYS DE LA LOIRE;44084;8654;44;44303;Saint-Julien-de-Concelles;16268;06-autres communes et unités urbaines;1;48;376;36,97611893;De 5 à 10 000 entrées;E;;C;193;149;2;70,56306928;17,43030638;8,694452112;3,312172233;97;43,18244549
3;327;31636;17070;46.993184;-1.823515;46.993184, -1.823515;239121;PAYS DE LA LOIRE;44087;7859;44;44202;Machecoul;7859;06-autres communes et unités urbaines;2;53;1133;85,33099004;De 30 à 40 000 entrées;E;JP;I;231;161;16;58,37744839;28,89425622;9,217840127;3,510455267;99;20,80796718
3;1811;374114;236932;48.007113;0.199047;48.007113, 0.199047;244496;PAYS DE LA LOIRE;72181;147983;72;72701;Le Mans;217388;04-Unités urbaines de 100 000 hbts ou plus;11;53;18843;57,89931288;De 300 à 450 000 entrées;NON;;C;328;243;195;43,05760011;42,34533054;11,28583969;3,311229658;122;10,94199473
3;150;8983;4707;48.200293;-2.049655;48.200293, -2.049655;268841;BRETAGNE;35184;6487;35;35129;Montauban-de-Bretagne;6487;06-autres communes et unités urbaines;1;48;281;90,84342469;De 5 à 10 000 entrées;E;;I;176;142;1;57,91916676;22,80086041;9,453186913;9,826785916;69;39,59017321
3;861;167982;104757;49.534592;0.181289;49.534592, 0.181289;273565;NORMANDIE;76447;15719;76;76701;Le Havre;233828;04-Unités urbaines de 100 000 hbts ou plus;4;53;5975;60,35396203;De 150 à 200 000 entrées;NON;;B;249;141;80;31,25174055;54,27236073;11,64925111;2,826647617;112;2,599619804
3;290;5336;3702;48.136733;-0.555009;48.136733, -0.555009;277201;PAYS DE LA LOIRE;53161;3250;53;53101;Montsûrs;3250;06-autres communes et unités urbaines;1;49;263;44,13830362;De 5 à 10 000 entrées;NON;;I;126;99;3;61,7532214;26,33736822;10,52323311;1,386177275;35;24,34595861
3;146;25837;17690;48.520588;0.545946;48.520588, 0.545946;278721;NORMANDIE;61293;4055;61;61201;Mortagne-au-Perche;4956;06-autres communes et unités urbaines;1;49;945;46,05426795;De 20 à 30 000 entrées;E;JPPR;C;216;174;12;51,003276;30,03685504;13,68959869;5,27027027;116;34,41441441
3;252;9963;2753;47.913307;0.246735;47.913307, 0.246735;282731;PAYS DE LA LOIRE;72213;5295;72;72117;Mulsanne;5295;06-autres communes et unités urbaines;1;50;446;261,8961133;De 5 à 10 000 entrées;NON;;I;140;107;2;70,58699101;23,58540455;3,828662084;1,998942359;46;32,79746166
3;1875;440788;283128;47.213357;-1.558244;47.213357, -1.558244;284613;PAYS DE LA LOIRE;44109;325857;44;44701;Nantes;688577;04-Unités urbaines de 100 000 hbts ou plus;12;53;17819;55,68506117;De 300 à 450 000 entrées;NON;;C;296;195;182;41,33298612;39,42764335;14,24404195;4,995328587;124;21,78020828
3;287;92785;52504;47.21118;-1.586751;47.21118, -1.586751;284662;PAYS DE LA LOIRE;44109;325857;44;44701;Nantes;688577;04-Unités urbaines de 100 000 hbts ou plus;4;50;6046;76,71986896;De 80 à 100 000 entrées;A;RDJP;C;390;296;110;71,27493873;11,04061204;12,73564377;4,948805461;311;71,72274778
3;341;19085;11425;47.195308;-1.538372;47.195308, -1.538372;284694;PAYS DE LA LOIRE;44109;325857;44;44701;Nantes;688577;04-Unités urbaines de 100 000 hbts ou plus;1;40;538;67,04595186;De 10 à 20 000 entrées;A;RDJPPR;C;271;160;0;66,75794817;16,27037136;10,34597916;6,625701309;199;75,68127171
3;352;15970;23997;49.276964;-0.256313;49.276964, -0.256313;300801;NORMANDIE;14488;9558;14;14206;Ouistreham;9558;06-autres communes et unités urbaines;1;18;381;-33,45001459;De 10 à 20 000 entrées;E;JP;I;88;56;10;78,52539314;10,62129415;10,49883991;0,354472802;48;36,40757927
3;235;31654;19123;47.799654;-4.356964;47.799654, -4.356964;306414;BRETAGNE;29158;5241;29;29401;Penmarch;23161;05-Unités urbaines de 20 000 à 100 000 hbts;1;53;988;65,52842127;De 30 à 40 000 entrées;D;RDJPPR;C;352;273;26;71,55750034;11,92738958;10,68303022;5,832079858;264;71,36606044
3;196;11829;6542;48.578076;-2.061657;48.578076, -2.061657;314601;BRETAGNE;35228;7085;35;458;Dinard;35626;05-Unités urbaines de 20 000 à 100 000 hbts;1;53;417;80,81626414;De 10 à 20 000 entrées;D;;C;190;160;11;71,85751585;14,1458411;11,12458038;2,872062663;86;32,66505035
3;237;30723;15938;48.373269;-4.370987;48.373269, -4.370987;315312;BRETAGNE;29189;13637;29;29701;Brest;207101;04-Unités urbaines de 100 000 hbts ou plus;2;53;1723;92,76571715;De 30 à 40 000 entrées;C;JP;B;262;190;59;59,41369901;26,21213181;9,312250752;5,061918422;151;38,62380186
3;134;11228;6917;47.359284;-0.860039;47.359284, -0.860039;317911;PAYS DE LA LOIRE;49244;18559;49;49208;La Pommeraye;18559;06-autres communes et unités urbaines;1;53;501;62,32470724;De 10 à 20 000 entrées;D;;C;216;181;2;56,64898655;31,42640652;9,348361432;2,576245501;101;18,06213298
3;268;8579;5215;47.12792959999999;-2.215288200000032;47.12792959999999, -2.215288200000032;324731;PAYS DE LA LOIRE;44136;1254;44;44401;Saint-Brevin-les-Pins;25983;05-Unités urbaines de 20 000 à 100 000 hbts;1;53;337;64,50623202;De 5 à 10 000 entrées;D;;B;238;205;2;63,09023486;18,44252163;11,76761434;6,699629172;147;41,96538937
3;1533;261102;152028;49.256421;4.026693;49.256421, 4.026693;333901;GRAND EST;51454;183287;51;51701;Reims;213432;04-Unités urbaines de 100 000 hbts ou plus;11;53;16925;71,74599416;De 200 à 300 000 entrées;NON;;C;423;294;251;46,65618436;31,64187046;14,83881471;6,863130477;269;34,91362025
3;1246;112606;44997;49.438455;1.096887;49.438455, 1.096887;344532;NORMANDIE;76540;115792;76;755;Rouen;481277;04-Unités urbaines de 100 000 hbts ou plus;8;42;7226;150,252239;De 100 à 150 000 entrées;A;RDJPPR;C;384;273;225;76,18310625;8,687320933;9,192162065;5,937410755;342;87,50886696
3;360;70830;41855;47.839358;-0.342854;47.839358, -0.342854;348315;PAYS DE LA LOIRE;72264;12594;72;72302;Sablé-sur-Sarthe;15008;06-autres communes et unités urbaines;3;53;4548;69,22709354;De 50 à 80 000 entrées;NON;;C;193;140;93;49,57548537;36,7965807;10,75630252;2,871631411;78;12,65140539
3;417;3468;;47.527723;-2.768594;47.527723, -2.768594;353572;BRETAGNE;56240;9045;56;56213;Sarzeau;9045;06-autres communes et unités urbaines;1;34;166;;De 2 à 5 000 entrées;NON;;I;79;66;3;74,02680281;10,91257179;8,455647735;6,604977664;42;53,70134014
3;662;121854;75449;47.363726;-1.942308;47.363726, -1.942308;355933;PAYS DE LA LOIRE;44195;9476;44;44215;Savenay;12713;06-autres communes et unités urbaines;5;53;6368;61,50512267;De 100 à 150 000 entrées;E;JPPR;C;282;194;129;37,14722166;47,90611708;11,97083249;2,975828776;123;9,133414354
3;306;23215;17052;48.561662;1.032664;48.561662, 1.032664;359622;CENTRE-VAL DE LOIRE;28373;3049;28;28107;Senonches;3049;06-autres communes et unités urbaines;1;53;1049;36,14238799;De 20 à 30 000 entrées;E;JP;I;227;183;29;42,96868108;40,11468902;14,65372739;2,262902514;129;19,47066608
3;157;3450;2190;48.506874;-1.241635;48.506874, -1.241635;387661;BRETAGNE;35271;1512;35;0;Zone rurale;14908533;04-Unités urbaines de 100 000 hbts ou plus;1;53;318;57,53424658;De 2 à 5 000 entrées;E;;R;172;152;2;66,61676647;18,41317365;7,904191617;7,065868263;71;24,4011976
3;1344;226003;148687;49.118217;-1.098287;49.118217, -1.098287;398574;NORMANDIE;50502;20112;50;50401;Saint-Lô;25773;05-Unités urbaines de 20 000 à 100 000 hbts;9;53;14076;51,99916603;De 200 à 300 000 entrées;D;JPPR;C;429;307;198;45,261899;41,22479328;10,17854103;3,334766678;239;11,66339685
3;184;6703;3134;47.434568;-0.703599;47.434568, -0.703599;403400;PAYS DE LA LOIRE;49306;1704;49;0;Zone rurale;14908533;04-Unités urbaines de 100 000 hbts ou plus;1;42;184;113,8800255;De 5 à 10 000 entrées;NON;;R;150;115;0;61,87153053;18,09674861;15,13084853;4,900872324;69;48,99286281
3;154;38658;19393;47.280291;-2.216623;47.280291, -2.216623;407211;PAYS DE LA LOIRE;44184;73643;44;44601;Saint-Nazaire;160970;04-Unités urbaines de 100 000 hbts ou plus;1;50;1610;99,33996803;De 30 à 40 000 entrées;B;RDJPPR;C;260;106;41;64,81583447;13,26397543;8,522908395;13,39728171;230;96,27032196
3;228;28318;8707;47.037392;-1.641091;47.037392, -1.641091;410232;PAYS DE LA LOIRE;44188;9409;44;44211;Saint-Philbert-de-Grand-Lieu;9409;06-autres communes et unités urbaines;1;53;677;225,2325715;De 20 à 30 000 entrées;E;;I;268;220;1;62,66429409;22,50980709;11,00012132;3,82577749;121;33,74853399
3;144;11616;7469;49.016764;-0.043436;49.016764, -0.043436;412061;NORMANDIE;14654;7665;14;14119;Saint-Pierre-sur-Dives;7665;06-autres communes et unités urbaines;1;52;552;55,52282769;De 10 à 20 000 entrées;E;JP;C;157;118;1;62,27055068;23,88268156;10,55466879;3,292098962;82;40,5027933
3;1927;236481;152731;49.84044;3.292065;49.84044, 3.292065;413157;HAUTS DE FRANCE;2691;54347;2;2501;Saint-Quentin;63673;05-Unités urbaines de 20 000 à 100 000 hbts;11;53;21042;54,83497129;De 200 à 300 000 entrées;D;JP;C;400;263;203;35,36901987;48,41506448;12,4215659;3,794349751;199;7,416326269
3;170;4675;1856;47.267642;-0.502889;47.267642, -0.502889;427312;PAYS DE LA LOIRE;49345;5897;49;0;Zone rurale;14908533;04-Unités urbaines de 100 000 hbts ou plus;1;46;225;151,8857759;De 2 à 5 000 entrées;E;;R;152;127;0;81,280077;10,25024062;2,911453321;5,558229066;73;47,42540905
3;220;3803;2150;49.482001;2.884056;49.482001, 2.884056;427442;HAUTS DE FRANCE;60636;4530;60;60502;Compiègne;72962;05-Unités urbaines de 20 000 à 100 000 hbts;1;41;81;76,88372093;De 2 à 5 000 entrées;NON;;B;60;27;0;42,35099338;27,41721854;25,46357616;4,768211921;47;89,2384106
3;160;30288;22015;47.348261;-2.512088;47.348261, -2.512088;437012;PAYS DE LA LOIRE;44211;4982;44;44206;La Turballe;7400;06-autres communes et unités urbaines;1;46;1349;37,57892346;De 30 à 40 000 entrées;E;RDJPPR;C;250;191;114;64,47775142;16,59118683;10,46653727;8,464524477;188;71,47221623
3;836;49124;32470;49.091924;1.487671;49.091924, 1.487671;448981;NORMANDIE;27681;24678;27;27401;Vernon;32649;05-Unités urbaines de 20 000 à 100 000 hbts;4;53;2936;51,29042193;De 40 à 50 000 entrées;D;;C;192;140;79;41,7730103;42,31346197;11,69677167;4,216756057;95;13,69418244
3;195;22996;14082;47.167104;-1.467908;47.167104, -1.467908;450171;PAYS DE LA LOIRE;44215;26449;44;44701;Nantes;688577;04-Unités urbaines de 100 000 hbts ou plus;1;48;587;63,30066752;De 20 à 30 000 entrées;C;;B;249;194;0;77,14489505;11,74852252;7,713470552;3,393111881;169;61,53963725
3;217;20280;13518;49.254713;3.092158;49.254713, 3.092158;459221;HAUTS DE FRANCE;2810;10803;2;2301;Villers-Cotterêts;10803;06-autres communes et unités urbaines;2;53;2177;50,02219263;De 20 à 30 000 entrées;E;JP;I;322;253;71;44,82092037;34,36073672;14,73983783;6,078505074;170;25,92493154
3;345;46332;32863;48.838655;-0.892968;48.838655, -0.892968;462953;NORMANDIE;14762;17784;14;14301;Vire;17784;06-autres communes et unités urbaines;2;53;2021;40,98530262;De 40 à 50 000 entrées;E;RDJPPR;C;290;204;51;41,54051136;33,3670258;19,31956537;5,772897475;175;25,46461143
3;465;35542;24731;48.727309;4.586264;48.727309, 4.586264;463842;GRAND EST;51649;11678;51;51301;Vitry-le-François;14370;06-autres communes et unités urbaines;3;53;2894;43,71436658;De 30 à 40 000 entrées;E;;C;161;128;77;40,76667049;42,02341329;13,64914496;3,560771261;37;12,14277516
3;353;19730;15428;49.395324;4.700053;49.395324, 4.700053;465872;GRAND EST;8490;4305;8;8106;Vouziers;4305;06-autres communes et unités urbaines;2;53;1784;27,88436609;De 10 à 20 000 entrées;E;;I;207;165;44;56,25712805;29,27941939;11,93882841;2,524624158;75;17,76049767
3;1792;339538;205350;47.189868;-1.4869;47.189868, -1.4869;720950;PAYS DE LA LOIRE;44190;28639;44;44701;Nantes;688577;04-Unités urbaines de 100 000 hbts ou plus;9;53;14659;65,34599464;De 300 à 450 000 entrées;NON;;B;210;157;149;41,21273953;45,45126567;10,34628578;2,989709013;51;8,304648687
3;1987;299320;188131;48.00072;-4.109877;48.00072, -4.109877;721500;BRETAGNE;29232;65875;29;29501;Quimper;83222;05-Unités urbaines de 20 000 à 100 000 hbts;10;53;14874;59,1019024;De 200 à 300 000 entrées;D;;C;253;186;178;34,9661088;50,04363238;11,39616847;3,594090349;50;4,086899463
4;1595;216354;130200;44.204567;0.624721;44.204567, 0.624721;11592;NOUVELLE AQUITAINE;47001;33046;47;47501;Agen;82191;05-Unités urbaines de 20 000 à 100 000 hbts;10;53;19203;66,17050691;De 200 à 300 000 entrées;D;;C;262;228;201;33,77675898;51,02432719;11,75023713;3,448676698;84;4,629698514
4;172;27171;13128;45.650091;0.162338;45.650091, 0.162338;19507;NOUVELLE AQUITAINE;16015;43079;16;16601;Angoulême;113368;04-Unités urbaines de 100 000 hbts ou plus;1;53;1344;106,9698355;De 20 à 30 000 entrées;NON;;C;46;28;26;1,494240183;80,4607854;14,20264252;3,842331898;15;1,063634022
4;187;8355;4779;45.091845;1.943901;45.091845, 1.943901;23262;NOUVELLE AQUITAINE;19010;3000;19;19102;Argentat;3000;06-autres communes et unités urbaines;1;50;368;74,82736974;De 5 à 10 000 entrées;E;;I;148;121;0;71,64717591;13,39885544;8,7335158;6,220452849;73;45,33466036
4;75;1316;878;42.955828;-0.213947;42.955828, -0.213947;25179;OCCITANIE;65032;707;65;65204;Argelès-Gazost;7092;06-autres communes et unités urbaines;1;52;90;49,88610478;Moins de 2000 entrées;NON;;B;76;69;1;65,80125336;20,94897046;11,54879141;1,700984781;19;27,66338406
4;126;8917;5411;43.10327;-0.430803;43.10327, -0.430803;26132;NOUVELLE AQUITAINE;64062;2300;64;64105;Arudy;3830;06-autres communes et unités urbaines;1;53;606;64,79393827;De 5 à 10 000 entrées;E;JP;C;238;200;2;60,83943011;20,99858811;14,5167501;3,645231678;118;40,99602105
4;238;5680;2902;46.623209;-1.427738;46.623209, -1.427738;28661;PAYS DE LA LOIRE;85008;7146;85;85108;Aubigny;7146;06-autres communes et unités urbaines;1;48;268;95,72708477;De 5 à 10 000 entrées;E;;I;162;119;0;66,51112706;21,2132089;10,64249821;1,633165829;58;37,88585786
4;188;16737;10374;43.671301;1.43582;43.671301, 1.43582;29062;OCCITANIE;31022;9340;31;31701;Toulouse;1024959;04-Unités urbaines de 100 000 hbts ou plus;1;50;793;61,33603239;De 10 à 20 000 entrées;C;JP;B;267;210;1;60,7139992;17,29643;10,1403931;11,8491777;174;57,98636181
4;400;123648;71060;43.495508;-1.471382;43.495508, -1.471382;42717;NOUVELLE AQUITAINE;64102;53296;64;751;Bayonne (partie française);257726;04-Unités urbaines de 100 000 hbts ou plus;3;51;4614;74,00506614;De 100 à 150 000 entrées;C;RDJPPR;C;330;212;140;68,55879425;7,562344195;16,10246382;7,776397734;285;94,73146411
4;186;14949;9673;44.92068;1.841345;44.92068, 1.841345;54931;OCCITANIE;46029;2050;46;46104;Biars-sur-Cère;4522;06-autres communes et unités urbaines;1;51;594;54,5435749;De 10 à 20 000 entrées;E;JPPR;C;211;162;1;50,65035506;32,03262322;10,54629825;6,770723476;136;36,39879069
4;2857;523719;322724;43.643857;1.370839;43.643857, 1.370839;57141;OCCITANIE;31069;26600;31;31701;Toulouse;1024959;04-Unités urbaines de 100 000 hbts ou plus;15;53;29964;62,28077242;De 450 à 700 000 entrées;NON;;B;292;218;214;26,95579912;54,63820379;13,43970767;4,966289418;50;2,848846471
4;213;29803;16678;43.636005;1.384463;43.636005, 1.384463;57172;OCCITANIE;31069;26600;31;31701;Toulouse;1024959;04-Unités urbaines de 100 000 hbts ou plus;1;50;908;78,69648639;De 20 à 30 000 entrées;C;JP;B;309;221;4;65,10268626;11,18139237;13,55938989;10,15653149;208;59,53801193
4;408;37624;24907;45.12999;-0.661334;45.12999, -0.661334;58143;NOUVELLE AQUITAINE;33058;5014;33;33301;Blaye;10914;06-autres communes et unités urbaines;2;53;2522;51,05793552;De 30 à 40 000 entrées;E;RDJPPR;C;329;251;86;45,93975739;38,54436418;11,30162192;4,214256508;190;21,81818182
4;221;3682;2008;43.290386;0.651246;43.290386, 0.651246;66714;OCCITANIE;31080;1688;31;0;Zone rurale;14908533;04-Unités urbaines de 100 000 hbts ou plus;1;52;348;83,36653386;De 2 à 5 000 entrées;E;;R;112;96;0;77,47722096;13,61047836;5,751708428;3,160592255;50;44,24829157
4;290;5681;4089;46.629207;-1.852443;46.629207, -1.852443;73371;PAYS DE LA LOIRE;85035;5180;85;85203;Bretignolles-sur-Mer;8083;06-autres communes et unités urbaines;1;40;571;38,93372463;De 5 à 10 000 entrées;NON;;C;195;183;2;64,75817923;25,39118065;5,672119488;4,178520626;85;19,66571835
4;172;1958;1040;43.824209;2.878911;43.824209, 2.878911;82741;OCCITANIE;12044;1055;12;0;Zone rurale;14908533;04-Unités urbaines de 100 000 hbts ou plus;1;47;146;88,26923077;Moins de 2000 entrées;NON;;R;48;41;0;83,78378378;11,63816878;1,820187534;2,757859901;17;30,22614451
4;110;9381;6322;43.35874;-1.397218;43.35874, -1.397218;82961;NOUVELLE AQUITAINE;64160;6731;64;64203;Cambo-les-Bains;6731;06-autres communes et unités urbaines;1;52;560;48,38658652;De 5 à 10 000 entrées;E;JP;I;224;189;2;68,41868823;18,58715184;10,41105121;2,583108715;94;47,94474394
4;172;18494;11770;43.641276;-1.432502;43.641276, -1.432502;85211;NOUVELLE AQUITAINE;40065;9494;40;40301;Capbreton;13078;06-autres communes et unités urbaines;1;53;840;57,12829227;De 10 à 20 000 entrées;E;;C;225;204;101;55,39918957;33,24937028;7,260979082;4,090461067;98;27,19307852
4;185;12840;6857;44.313986;0.084494;44.313986, 0.084494;87966;NOUVELLE AQUITAINE;47052;4575;47;47102;Casteljaloux;4575;06-autres communes et unités urbaines;1;52;648;87,25390112;De 10 à 20 000 entrées;E;JP;I;291;235;1;60,94218027;23,07343197;13,39747663;2,586911137;185;35,39075973
4;240;18550;11535;44.162933;1.538724;44.162933, 1.538724;90112;OCCITANIE;82037;7022;82;82203;Caussade;8492;06-autres communes et unités urbaines;1;53;802;60,81491114;De 10 à 20 000 entrées;E;JPPR;C;268;178;10;62,75692452;17,56748843;10,56391638;9,111670668;163;45,46466007
4;122;11785;5327;42.88755;-0.114879;42.88755, -0.114879;90191;OCCITANIE;65138;889;65;0;Zone rurale;14908533;04-Unités urbaines de 100 000 hbts ou plus;1;46;530;121,2314624;De 10 à 20 000 entrées;E;;R;166;138;35;67,88076626;24,90335882;5,04252212;2,173352805;75;21,14079546
4;186;11657;6856;43.947931;-0.041716;43.947931, -0.041716;90763;OCCITANIE;32096;1705;32;0;Zone rurale;14908533;04-Unités urbaines de 100 000 hbts ou plus;1;53;339;70,02625438;De 10 à 20 000 entrées;E;;R;216;182;21;79,18736693;11,61284599;4,196238467;5,003548616;109;29,29382541
4;129;23678;13803;46.810802;0.542436;46.810802, 0.542436;105375;NOUVELLE AQUITAINE;86066;32345;86;86401;Châtellerault;41330;05-Unités urbaines de 20 000 à 100 000 hbts;1;50;1215;71,54241831;De 20 à 30 000 entrées;D;JPPR;C;173;114;38;71,8662535;4,983006797;13,04978009;10,10095962;154;92,83786485
4;200;12757;4351;46.300709;1.673061;46.300709, 1.673061;143772;NOUVELLE AQUITAINE;23075;1114;23;0;Zone rurale;14908533;04-Unités urbaines de 100 000 hbts ou plus;1;48;512;193,1969662;De 10 à 20 000 entrées;E;JPPR;R;88;47;0;81,57091797;10,80115073;5,805945428;1,821985877;39;33,86801499
4;323;7923;5186;43.859667;0.100888;43.859667, 0.100888;144331;OCCITANIE;32119;4069;32;32103;Eauze;4069;06-autres communes et unités urbaines;1;52;319;52,77670652;De 5 à 10 000 entrées;E;;I;235;196;35;49,24866066;31,24264994;10,33581602;9,172873383;114;41,47393179
4;18;18;;45.401735;2.033358;45.401735, 2.033358;146014;NOUVELLE AQUITAINE;19073;5008;19;19106;Égletons;5008;06-autres communes et unités urbaines;1;1;1;;Moins de 2000 entrées;NON;;I;1;1;0;0;100;0;0;0;0
4;217;14036;8657;44.523418;2.763821;44.523418, 2.763821;150801;OCCITANIE;12096;4798;12;12201;Espalion;6262;06-autres communes et unités urbaines;1;53;927;62,13468869;De 10 à 20 000 entrées;E;RDJPPR;C;233;181;0;60,22099448;23,74197402;12,3488129;3,688218605;121;28,75167986
4;317;26072;13174;44.608696;2.025755;44.608696, 2.025755;159674;OCCITANIE;46102;10380;46;364;Figeac;17218;06-autres communes et unités urbaines;1;51;832;97,90496432;De 20 à 30 000 entrées;E;RDJP;C;248;173;4;59,85145118;25,57623219;6,147822226;8,424494409;158;48,19359787
4;166;9777;5369;43.560669;-0.272312;43.560669, -0.272312;173432;NOUVELLE AQUITAINE;64233;1375;64;0;Zone rurale;14908533;04-Unités urbaines de 100 000 hbts ou plus;1;52;681;82,1009499;De 5 à 10 000 entrées;E;JPPR;R;261;212;1;61,18168744;26,58197507;7,454458293;4,781879195;142;48,44199425
4;104;21718;12754;46.374596;0.404662;46.374596, 0.404662;174961;NOUVELLE AQUITAINE;86103;1807;86;86105;Gençay;3148;06-autres communes et unités urbaines;1;53;1041;70,28383252;De 20 à 30 000 entrées;E;RDJPPR;C;239;167;2;68,49926545;13,63430896;8,746751045;9,119674539;163;65,99615776
4;290;21334;13990;44.737405;1.38428;44.737405, 1.38428;181262;OCCITANIE;46127;4086;46;46105;Gourdon;4086;06-autres communes et unités urbaines;2;52;2021;52,49463903;De 20 à 30 000 entrées;E;RDJPPR;I;386;276;16;52,89018748;31,86754322;8,239590942;7,002678354;220;32,35451668
4;182;26089;11922;44.638602;-1.111896;44.638602, -1.111896;188933;NOUVELLE AQUITAINE;33199;22485;33;33501;La Teste-de-Buch - Arcachon;69504;05-Unités urbaines de 20 000 à 100 000 hbts;1;53;780;118,8307331;De 20 à 30 000 entrées;D;;C;298;238;22;63,34916374;15,63493702;12,9836878;8,032211439;174;52,08341937
4;210;11889;7621;45.184656;-1.059343;45.184656, -1.059343;198721;NOUVELLE AQUITAINE;33203;4037;33;33103;Hourtin;4037;06-autres communes et unités urbaines;1;53;631;56,00314919;De 10 à 20 000 entrées;E;;I;269;229;14;58,63100325;27,24320629;8,878824133;5,246966331;125;27,75593916
4;191;30745;19495;43.614931;1.089434;43.614931, 1.089434;201661;OCCITANIE;32160;9454;32;32202;L'Isle-Jourdain;9454;06-autres communes et unités urbaines;2;53;1801;57,70710439;De 30 à 40 000 entrées;E;RDJPPR;I;351;269;54;52,4170873;29,74694265;9,820793387;8,015176666;224;43,92763983
4;191;13833;9735;46.414996;-1.574373;46.414996, -1.574373;203343;PAYS DE LA LOIRE;85114;2701;85;85121;Jard-sur-Mer;4046;06-autres communes et unités urbaines;1;49;1101;42,09553159;De 10 à 20 000 entrées;E;JPPR;C;260;211;20;57,40727193;29,54129783;7,42556149;5,625868754;140;27,19291828
4;252;8935;5255;43.600031;1.239756;43.600031, 1.239756;222030;OCCITANIE;31291;9615;31;31701;Toulouse;1024959;04-Unités urbaines de 100 000 hbts ou plus;1;51;440;70,02854424;De 5 à 10 000 entrées;C;;B;265;213;1;66,83835182;17,97411516;8,663497095;6,524035922;123;42,82884311
4;289;9527;5469;46.815557;0.327879;46.815557, 0.327879;222481;NOUVELLE AQUITAINE;86128;2513;86;86102;Lencloître;2513;06-autres communes et unités urbaines;1;53;590;74,20003657;De 5 à 10 000 entrées;E;JP;I;189;153;6;51,65474603;24,83937447;16,00193963;7,503939871;59;30,87646988
4;349;15786;9088;44.730648;-0.600381;44.730648, -0.600381;222821;NOUVELLE AQUITAINE;33238;10804;33;33701;Bordeaux;975671;04-Unités urbaines de 100 000 hbts ou plus;1;48;731;73,70158451;De 10 à 20 000 entrées;C;;B;258;206;1;64,8291447;15,85975484;15,57214271;3,738957748;145;50,28418818
4;2252;213264;138870;45.83291;1.255375;45.83291, 1.255375;228311;NOUVELLE AQUITAINE;87085;132768;87;87601;Limoges;184269;04-Unités urbaines de 100 000 hbts ou plus;14;53;18017;53,57096565;De 200 à 300 000 entrées;NON;;C;313;274;240;46,48388477;36,89935088;11,58924366;5,027520693;168;23,27954538
4;150;4840;2890;45.611664;0.44206;45.611664, 0.44206;250751;NOUVELLE AQUITAINE;16211;566;16;0;Zone rurale;14908533;04-Unités urbaines de 100 000 hbts ou plus;1;53;307;67,47404844;De 2 à 5 000 entrées;E;;R;274;233;0;59,06803763;14,5044848;16,9109604;9,516517173;213;63,44344782
4;434;22385;15020;46.222661;-0.144659;46.222661, -0.144659;255911;NOUVELLE AQUITAINE;79174;6319;79;79203;Melle;6319;06-autres communes et unités urbaines;2;50;911;49,03462051;De 20 à 30 000 entrées;E;RDJPPR;C;229;170;3;64,51758567;20,53584868;9,959359791;4,98720586;171;56,72570368
4;1036;170988;107020;44.842142;-0.647041;44.842142, -0.647041;258161;NOUVELLE AQUITAINE;33281;74775;33;33701;Bordeaux;975671;04-Unités urbaines de 100 000 hbts ou plus;4;53;6920;59,77200523;De 150 à 200 000 entrées;C;JP;B;222;150;109;40,39525358;43,21487389;12,57910199;3,810770539;87;7,150397848
4;133;8682;5444;45.564042;-0.95352;45.564042, -0.95352;259022;NOUVELLE AQUITAINE;17230;3201;17;17402;Royan;37242;05-Unités urbaines de 20 000 à 100 000 hbts;1;53;971;59,47832476;De 5 à 10 000 entrées;D;;B;233;177;4;58,01674179;26,03992273;8,564069543;7,379265937;132;35,94333548
4;552;63800;41818;44.100489;3.076198;44.100489, 3.076198;262622;OCCITANIE;12145;22178;12;12401;Millau;23791;05-Unités urbaines de 20 000 à 100 000 hbts;4;53;5153;52,56588072;De 50 à 80 000 entrées;D;RDJP;C;366;268;96;52,02853178;33,00681019;10,15718297;4,807475067;210;25,83190782
4;737;25594;19029;44.132684;1.066545;44.132684, 1.066545;264591;OCCITANIE;82112;14074;82;82401;Castelsarrasin;28478;05-Unités urbaines de 20 000 à 100 000 hbts;6;49;2616;34,49997372;De 20 à 30 000 entrées;NON;;B;126;105;43;33,1645669;53,45186232;9,863024452;3,520546332;31;8,830801837
4;153;2755;1484;43.966813;1.584453;43.966813, 1.584453;266213;OCCITANIE;82115;2051;82;0;Zone rurale;14908533;04-Unités urbaines de 100 000 hbts ou plus;1;53;222;85,64690027;De 2 à 5 000 entrées;E;;R;199;166;0;57,77862305;16,66032712;17,61125903;7,949790795;104;49,67668315
4;312;27997;16872;44.481887;0.946365;44.481887, 0.946365;267433;NOUVELLE AQUITAINE;47179;2088;47;47302;Fumel;11682;06-autres communes et unités urbaines;2;53;1671;65,93764817;De 20 à 30 000 entrées;E;RDJPPR;B;346;237;13;50,381592;32,96191712;14,17614287;2,480348012;230;33,80905136
4;200;3632;352;43.084724;0.571254;43.084724, 0.571254;275771;OCCITANIE;31390;2758;31;252;Montréjeau;5568;06-autres communes et unités urbaines;1;49;434;931,8181818;De 2 à 5 000 entrées;E;JP;C;198;159;0;75,61826252;5,897273304;14,36271401;4,121750159;124;54,34369055
4;94;2815;1304;44.844783;2.659612;44.844783, 2.659612;282999;OCCITANIE;12164;710;12;0;Zone rurale;14908533;04-Unités urbaines de 100 000 hbts ou plus;1;53;204;115,8742331;De 2 à 5 000 entrées;E;;R;167;141;0;74,98116051;10,70082894;5,65184627;8,66616428;70;41,07008289
4;144;5856;3810;45.38274;2.272379;45.38274, 2.272379;288571;NOUVELLE AQUITAINE;19148;1916;19;0;Zone rurale;14908533;04-Unités urbaines de 100 000 hbts ou plus;1;52;306;53,7007874;De 5 à 10 000 entrées;E;;R;207;167;0;53,55153203;24,79108635;14,6413649;7,016016713;84;38,89275766
4;134;9539;4667;46.68787;0.246293;46.68787, 0.246293;288922;NOUVELLE AQUITAINE;86177;5459;86;86115;Neuville-de-Poitou;5459;06-autres communes et unités urbaines;1;45;280;104,3925434;De 5 à 10 000 entrées;E;;I;108;83;1;67,63060974;8,266266539;9,684899741;14,41822398;57;62,8836448
4;2021;313612;196815;46.337524;-0.481854;46.337524, -0.481854;291144;NOUVELLE AQUITAINE;79191;60845;79;79501;Niort;75558;05-Unités urbaines de 20 000 à 100 000 hbts;12;53;23261;59,34354597;De 300 à 450 000 entrées;NON;;C;275;211;206;36,71434166;48,40380801;11,45387316;3,427977172;76;5,275810935
4;500;40287;29721;47.004998;-2.240623;47.004998, -2.240623;292231;PAYS DE LA LOIRE;85163;4588;85;85131;Noirmoutier-en-l'Île;4588;06-autres communes et unités urbaines;2;51;1270;35,55062077;De 40 à 50 000 entrées;E;;I;188;166;40;59,93632791;28,28682286;7,322290205;4,454559021;79;30,10247227
4;356;31308;19672;46.644644;-0.244668;46.644644, -0.244668;304442;NOUVELLE AQUITAINE;79202;10494;79;79303;Parthenay;18454;06-autres communes et unités urbaines;2;49;1607;59,150061;De 30 à 40 000 entrées;E;JPPR;C;261;177;28;58,1591392;30,04249195;8,107737646;3,690631211;127;26,93098485
4;500;90616;;43.303087;-0.369939;43.303087, -0.369939;305056;NOUVELLE AQUITAINE;64445;77061;64;64601;Pau;205404;04-Unités urbaines de 100 000 hbts ou plus;3;52;3792;;De 80 à 100 000 entrées;B;RDJPPR;C;317;178;99;67,50344691;10,50716087;12,6858534;9,303538823;262;90,52380538
4;141;28082;16509;46.589505;0.346095;46.589505, 0.346095;317384;NOUVELLE AQUITAINE;86194;92296;86;86601;Poitiers;137075;04-Unités urbaines de 100 000 hbts ou plus;1;53;1554;70,10115694;De 20 à 30 000 entrées;B;RDJPPR;C;189;70;34;48,07778731;18,98925522;17,91886261;15,01409486;156;88,80581771
4;719;72929;53056;46.580197;0.338977;46.580197, 0.338977;317394;NOUVELLE AQUITAINE;86194;92296;86;86601;Poitiers;137075;04-Unités urbaines de 100 000 hbts ou plus;5;53;7175;37,45664958;De 50 à 80 000 entrées;NON;;C;199;142;130;36,24572347;40,15196274;16,44110413;7,161209656;98;19,85133483
4;154;16703;10708;46.773329;-0.84843;46.773329, -0.84843;323493;PAYS DE LA LOIRE;85182;5764;85;85201;Pouzauges;5764;06-autres communes et unités urbaines;1;51;1122;55,98617856;De 10 à 20 000 entrées;E;;I;193;154;25;61,66156593;27,83728641;8,51185922;1,989288447;73;21,59525631
4;233;5730;3633;46.785295;0.811448;46.785295, 0.811448;340043;NOUVELLE AQUITAINE;86207;1601;86;0;Zone rurale;14908533;04-Unités urbaines de 100 000 hbts ou plus;1;48;382;57,72089182;De 5 à 10 000 entrées;E;;R;174;143;1;73,24314168;11,06726794;11,1048478;4,584742578;98;49,53025179
4;1603;210171;124313;44.34873;2.57572;44.34873, 2.57572;340874;OCCITANIE;12202;26266;12;12402;Rodez;54141;05-Unités urbaines de 20 000 à 100 000 hbts;10;53;19937;69,06598666;De 200 à 300 000 entrées;D;JPPR;C;353;261;222;47,06711665;39,27731669;10,0194576;3,636109059;174;13,87669771
4;1076;217912;136321;45.62416;-1.025656;45.62416, -1.025656;346502;NOUVELLE AQUITAINE;17306;19174;17;17402;Royan;37242;05-Unités urbaines de 20 000 à 100 000 hbts;6;53;9304;59,85211376;De 200 à 300 000 entrées;NON;;C;229;175;148;47,91776392;40,48463848;8,544236544;3,053361053;50;7,572649573
4;520;32975;21645;45.747157;-0.634183;45.747157, -0.634183;349492;NOUVELLE AQUITAINE;17415;26814;17;17401;Saintes;31066;05-Unités urbaines de 20 000 à 100 000 hbts;2;49;1734;52,34465234;De 30 à 40 000 entrées;D;RDJPPR;C;225;130;58;66,36803794;5,33249893;20,51974573;7,779717401;192;92,41790455
4;1256;227564;144537;45.74154;-0.691811;45.74154, -0.691811;349524;NOUVELLE AQUITAINE;17415;26814;17;17401;Saintes;31066;05-Unités urbaines de 20 000 à 100 000 hbts;8;53;10718;57,44342279;De 200 à 300 000 entrées;NON;;C;201;173;158;38,84306697;46,74501548;11,04167499;3,370242553;32;3,444860469
4;390;30714;20465;43.664191;-1.395;43.664191, -1.395;365721;NOUVELLE AQUITAINE;40304;3584;40;40301;Capbreton;13078;06-autres communes et unités urbaines;1;53;947;50,08062546;De 30 à 40 000 entrées;E;;B;228;204;105;55,25430437;32,72973151;7,352068078;4,663896035;110;25,57886404
4;206;20201;12375;43.753649;-1.327299;43.753649, -1.327299;367871;NOUVELLE AQUITAINE;40310;8522;40;40205;Soustons;8522;06-autres communes et unités urbaines;1;53;1134;63,24040404;De 20 à 30 000 entrées;E;JP;I;328;237;98;51,71247137;32,20903602;10,56631272;5,512179888;199;35,99833437
4;341;18280;10995;45.145584;0.526425;45.145584, 0.526425;374082;NOUVELLE AQUITAINE;24372;5429;24;24203;Saint-Astier;6647;06-autres communes et unités urbaines;1;53;956;66,25738972;De 10 à 20 000 entrées;E;JP;C;210;155;5;54,72048536;30,66922553;8,933325079;5,676964031;109;37,02098681
4;1301;182881;104296;44.906415;-0.484312;44.906415, -0.484312;384532;NOUVELLE AQUITAINE;33397;5017;33;33701;Bordeaux;975671;04-Unités urbaines de 100 000 hbts ou plus;8;53;11506;75,34804786;De 150 à 200 000 entrées;NON;;B;219;180;158;30,89905606;54,34971991;11,784328;2,966896035;55;3,733845
4;1020;142194;84855;43.108339;0.718892;43.108339, 0.718892;386254;OCCITANIE;31483;12204;31;31302;Saint-Gaudens;16720;06-autres communes et unités urbaines;7;53;10291;67,57291851;De 100 à 150 000 entrées;E;RDJPPR;C;429;302;226;43,99401894;40,33748203;10,70306349;4,965435541;228;19,2253516
4;127;6733;3561;43.682793;1.486048;43.682793, 1.486048;386961;OCCITANIE;31484;2571;31;31701;Toulouse;1024959;04-Unités urbaines de 100 000 hbts ou plus;1;49;443;89,07610222;De 5 à 10 000 entrées;C;;B;228;186;36;71,53895686;15,84030908;9,546039923;3,07469414;110;33,85383129
4;192;21083;14366;45.59922;-0.993953;45.59922, -0.993953;387501;NOUVELLE AQUITAINE;17333;5356;17;17402;Royan;37242;05-Unités urbaines de 20 000 à 100 000 hbts;1;52;1055;46,75622999;De 20 à 30 000 entrées;D;JP;B;251;180;52;71,90721649;5,822638334;11,06669472;11,20345045;194;85,961498
4;763;125359;78578;46.699163;-1.927816;46.699163, -1.927816;390024;PAYS DE LA LOIRE;85222;8170;85;85401;Saint-Hilaire-de-Riez;27784;05-Unités urbaines de 20 000 à 100 000 hbts;4;53;4011;59,5344753;De 100 à 150 000 entrées;D;;C;228;190;103;50,35504192;38,1417603;8,891275426;2,611922356;112;13,87147964
4;775;186997;127909;43.388314;-1.659851;43.388314, -1.659851;393253;NOUVELLE AQUITAINE;64483;14702;64;751;Bayonne (partie française);257726;04-Unités urbaines de 100 000 hbts ou plus;5;53;6510;46,195342;De 150 à 200 000 entrées;C;RDJP;B;410;298;244;55,04402377;28,65782523;12,06196346;4,236187541;220;31,53642967
4;364;7970;4035;42.815993;0.320259;42.815993, 0.320259;396502;OCCITANIE;65388;855;65;0;Zone rurale;14908533;04-Unités urbaines de 100 000 hbts ou plus;2;44;684;97,52168525;De 5 à 10 000 entrées;NON;;R;207;173;40;63,79042691;26,26131953;7,697283312;2,250970246;116;22,94954722
4;150;5759;3091;44.203862;1.018776;44.203862, 1.018776;407140;OCCITANIE;82168;322;82;0;Zone rurale;14908533;04-Unités urbaines de 100 000 hbts ou plus;1;52;287;86,31510838;De 5 à 10 000 entrées;E;JP;R;59;24;0;67,62248386;6,057728826;14,39422712;11,9255602;44;72,00911508
4;630;72284;52004;45.943128;-1.308557;45.943128, -1.308557;411461;NOUVELLE AQUITAINE;17385;6682;17;17204;Saint-Pierre-d'Oléron;6682;06-autres communes et unités urbaines;3;53;3700;38,99700023;De 50 à 80 000 entrées;E;RDJPPR;I;338;241;93;56,27292737;28,37598723;9,422697913;5,928387496;220;34,22093709
4;167;8177;3617;43.77186;1.688125;43.77186, 1.688125;417332;OCCITANIE;81271;9751;81;81204;Saint-Sulpice;9751;06-autres communes et unités urbaines;1;47;539;126,0713298;De 5 à 10 000 entrées;E;JP;I;182;148;1;54,75472732;25,76048232;15,78514662;3,699643738;93;52,42532201
4;200;17841;9276;45.252655;0.493333;45.252655, 0.493333;428711;NOUVELLE AQUITAINE;24553;1774;24;0;Zone rurale;14908533;04-Unités urbaines de 100 000 hbts ou plus;1;53;508;92,33505821;De 10 à 20 000 entrées;E;JP;R;118;83;0;65,0515592;20,95912536;10,31805193;3,671263511;55;37,65685178
4;441;162239;104073;43.604016;1.446784;43.604016, 1.446784;430243;OCCITANIE;31555;503020;31;31701;Toulouse;1024959;04-Unités urbaines de 100 000 hbts ou plus;3;53;5669;55,88961594;De 150 à 200 000 entrées;A;RDJPPR;C;305;153;131;60,93238558;12,21617504;11,29231147;15,55912791;231;89,60766465
4;3529;856740;563473;43.60456;1.44782;43.60456, 1.44782;430446;OCCITANIE;31555;503020;31;31701;Toulouse;1024959;04-Unités urbaines de 100 000 hbts ou plus;15;53;26071;52,04632698;De 700 000 à 1 million d'entrées;NON;;C;375;257;249;35,52799281;43,28268885;15,28658301;5,902735319;151;18,45117718
4;300;27524;11709;43.216817;0.882662;43.216817, 0.882662;431351;OCCITANIE;31028;1312;31;0;Zone rurale;14908533;04-Unités urbaines de 100 000 hbts ou plus;1;52;903;135,0670424;De 20 à 30 000 entrées;E;JP;R;209;132;0;61,59553854;18,04433102;15,93175481;4,428375632;131;62,15794697
4;200;21296;10717;43.654225;1.491185;43.654225, 1.491185;437682;OCCITANIE;31561;12511;31;31701;Toulouse;1024959;04-Unités urbaines de 100 000 hbts ou plus;1;50;650;98,71232621;De 20 à 30 000 entrées;C;;B;287;229;36;65,84608911;18,28941139;10,62016727;5,244332229;154;33,50165694
4;148;10871;6394;44.107657;0.889685;44.107657, 0.889685;439901;OCCITANIE;82186;5381;82;82202;Valence;7932;06-autres communes et unités urbaines;1;51;522;70,01876759;De 10 à 20 000 entrées;E;JP;C;261;205;0;51,84358626;27,58587231;13,42907044;7,141470988;130;34,84378032
4;200;7457;3925;44.954501;1.70171;44.954501, 1.70171;445201;OCCITANIE;46330;1329;46;155;Vayrac;2684;06-autres communes et unités urbaines;1;53;397;89,98726115;De 5 à 10 000 entrées;E;;C;260;210;0;68,71903751;13,47487615;11,63481953;6,171266808;154;49,79476292
4;3167;561655;331546;44.788343;-0.532977;44.788343, -0.532977;457411;NOUVELLE AQUITAINE;33550;38696;33;33701;Bordeaux;975671;04-Unités urbaines de 100 000 hbts ou plus;15;53;30265;69,4048488;De 450 à 700 000 entrées;NON;;B;257;213;208;25,54676435;56,99294376;13,60290629;3,857385594;50;2,561444407
4;769;138570;46610;43.609645;1.330951;43.609645, 1.330951;706900;OCCITANIE;31149;40342;31;31701;Toulouse;1024959;04-Unités urbaines de 100 000 hbts ou plus;5;53;8456;197,2967174;De 100 à 150 000 entrées;NON;;B;376;251;173;47,93993509;37,12383245;9,6778863;5,258346158;191;20,20372092
4;634;142853;89660;44.744571;-1.093117;44.744571, -1.093117;707300;NOUVELLE AQUITAINE;33005;12569;33;33305;Andernos-les-Bains;19982;06-autres communes et unités urbaines;4;53;5384;59,32745929;De 100 à 150 000 entrées;E;JP;C;304;226;118;51,18062749;34,70079891;9,703991713;4,414581885;174;21,2477473
4;1533;173506;106241;43.923796;2.144604;43.923796, 2.144604;721750;OCCITANIE;81004;50783;81;81502;Albi;77115;05-Unités urbaines de 20 000 à 100 000 hbts;8;53;15370;63,31359833;De 150 à 200 000 entrées;NON;;C;197;160;156;36,96893565;48,01230819;11,46805115;3,550705013;23;3,168667131
4;771;168646;36583;46.879542;-1.017191;46.879542, -1.017191;724680;PAYS DE LA LOIRE;85109;16801;85;85303;Les Herbiers;16801;06-autres communes et unités urbaines;5;53;6913;360,9955444;De 150 à 200 000 entrées;NON;;I;284;215;143;53,58876591;36,1725816;7,898218038;2,340434447;122;10,74085824
4;1076;155427;90858;44.97498;5.575891;44.97498, 5.575891;724800;AUVERGNE-RHONE-ALPES;38090;273;38;0;Zone rurale;14908533;04-Unités urbaines de 100 000 hbts ou plus;6;53;8793;71,065839;De 150 à 200 000 entrées;NON;;R;203;165;136;39,9912707;46,39492919;10,54681902;3,066981095;48;5,698148607
5;206;12586;4727;50.33114;3.252155;50.33114, 3.252155;19702;HAUTS DE FRANCE;59008;10025;59;59701;Valenciennes (partie française);336069;04-Unités urbaines de 100 000 hbts ou plus;1;52;544;166,2576687;De 10 à 20 000 entrées;NON;;B;137;100;1;43,97344637;33,44797249;13,53275214;9,045829001;36;25,97776534
5;679;185129;117820;50.29185;2.780997;50.29185, 2.780997;25032;HAUTS DE FRANCE;62041;43133;62;62502;Arras;90336;05-Unités urbaines de 20 000 à 100 000 hbts;6;53;10196;57,12867085;De 150 à 200 000 entrées;D;JPPR;C;386;239;188;43,06446988;39,65846181;12,71366814;4,563400163;181;17,06533007
5;930;15520;14669;50.290037;2.776981;50.290037, 2.776981;25038;HAUTS DE FRANCE;62041;43133;62;62502;Arras;90336;05-Unités urbaines de 20 000 à 100 000 hbts;1;3;53;5,801349785;De 10 à 20 000 entrées;NON;;C;46;20;1;87,3883206;1,178298589;9,640036255;1,793344555;14;27,5540593
5;514;8340;3747;50.506306;2.472945;50.506306, 2.472945;29144;HAUTS DE FRANCE;62048;10263;62;752;Béthune;358847;04-Unités urbaines de 100 000 hbts ou plus;1;53;436;122,5780624;De 5 à 10 000 entrées;NON;;B;120;95;3;39,1320567;37,04302412;17,52051728;6,30440189;30;18,66451132
5;234;21761;12568;50.124842;3.926833;50.124842, 3.926833;33621;HAUTS DE FRANCE;59036;4295;59;59209;Avesnes-sur-Helpe;7748;06-autres communes et unités urbaines;2;53;1958;73,1460853;De 20 à 30 000 entrées;NON;;C;312;237;45;42,73108636;36,15892762;15,28521144;5,824774579;154;28,37648874
5;1464;175136;121066;50.521692;2.641202;50.521692, 2.641202;53122;HAUTS DE FRANCE;62119;25314;62;752;Béthune;358847;04-Unités urbaines de 100 000 hbts ou plus;9;53;14115;44,66158955;De 150 à 200 000 entrées;NON;;C;273;200;155;35,65546638;48,33447543;11,80211152;4,207946666;92;5,800880382
5;944;134096;93556;50.722562;1.605722;50.722562, 1.605722;66761;HAUTS DE FRANCE;62160;40985;62;62503;Boulogne-sur-Mer;84915;05-Unités urbaines de 20 000 à 100 000 hbts;7;53;10399;43,33233571;De 100 à 150 000 entrées;D;JP;C;312;237;192;40,99547511;42,72938135;12,40503441;3,87010913;140;14,77546675
5;356;10392;4500;50.770801;3.08126;50.770801, 3.08126;69231;HAUTS DE FRANCE;59098;4845;59;59702;Lille (partie française);1062604;04-Unités urbaines de 100 000 hbts ou plus;1;50;261;130,9333333;De 10 à 20 000 entrées;C;;B;136;107;2;64,92544987;18,45758355;12,76092545;3,856041131;84;36,70951157
5;178;6878;2972;50.106254;3.54484;50.106254, 3.54484;89152;HAUTS DE FRANCE;59136;7153;59;59208;Le Cateau-Cambrésis;7430;06-autres communes et unités urbaines;1;49;284;131,4266487;De 5 à 10 000 entrées;NON;;C;110;85;1;46,7939159;27,25917089;20,6233224;5,323590814;16;11,07963018
5;2737;360564;231283;51.033536;2.372294;51.033536, 2.372294;143720;HAUTS DE FRANCE;59183;87805;59;59602;Dunkerque;172821;04-Unités urbaines de 100 000 hbts ou plus;15;53;21767;55,8973206;De 300 à 450 000 entrées;NON;;C;266;217;212;34,65255561;48,38327055;12,81884221;4,145331629;56;3,02825274
5;456;53659;27055;51.033536;2.372294;51.033536, 2.372294;143731;HAUTS DE FRANCE;59183;87805;59;59602;Dunkerque;172821;04-Unités urbaines de 100 000 hbts ou plus;2;53;3248;98,33302532;De 50 à 80 000 entrées;B;RDJPPR;C;394;220;94;67,42531107;13,76929069;12,25130008;6,554098154;317;84,73798345
5;227;23405;13380;51.018143;2.300028;51.018143, 2.300028;182931;HAUTS DE FRANCE;59271;20840;59;59602;Dunkerque;172821;04-Unités urbaines de 100 000 hbts ou plus;1;53;826;74,92526158;De 20 à 30 000 entrées;NON;;B;144;106;4;42,6247537;38,52357604;13,37121386;5,480456399;39;27,60390414
5;2401;400299;246095;50.409044;2.9707;50.409044, 2.9707;194671;HAUTS DE FRANCE;62427;26258;62;756;Douai - Lens;510310;04-Unités urbaines de 100 000 hbts ou plus;12;53;17600;62,66035474;De 300 à 450 000 entrées;NON;;C;321;242;184;28,3221362;55,4225391;12,50206967;3,753255029;107;2,622336396
5;305;23306;14444;50.641083;2.637315;50.641083, 2.637315;258812;HAUTS DE FRANCE;59400;9780;59;752;Béthune;358847;04-Unités urbaines de 100 000 hbts ou plus;1;53;707;61,35419551;De 20 à 30 000 entrées;NON;;B;194;159;6;49,32630892;26,5140566;17,93090587;6,228728612;79;35,40491398
5;299;18657;10228;50.699907;3.155883;50.699907, 3.155883;430771;HAUTS DE FRANCE;59599;99826;59;59702;Lille (partie française);1062604;04-Unités urbaines de 100 000 hbts ou plus;2;50;1106;82,41102855;De 10 à 20 000 entrées;C;JP;B;197;116;8;65,80776292;12,81799108;13,98505114;7,38919486;171;91,91581432
5;2835;534633;344409;50.615793;3.126269;50.615793, 3.126269;457576;HAUTS DE FRANCE;59009;61902;59;59702;Lille (partie française);1062604;04-Unités urbaines de 100 000 hbts ou plus;12;53;18679;55,23200613;De 450 à 700 000 entrées;NON;;B;302;178;156;37,16805876;48,31806457;11,74228668;2,771589986;109;5,251719374
6;345;7736;4504;45.46071;6.441929;45.46071, 6.441929;12401;AUVERGNE-RHONE-ALPES;73024;790;73;0;Zone rurale;14908533;04-Unités urbaines de 100 000 hbts ou plus;2;28;740;71,75843694;De 5 à 10 000 entrées;NON;;R;139;115;29;44,27352637;45,23009307;7,225956567;3,270423992;47;10,00517063
6;247;20694;12758;45.677069;6.392496;45.677069, 6.392496;14071;AUVERGNE-RHONE-ALPES;73011;20414;73;73401;Albertville;42745;05-Unités urbaines de 20 000 à 100 000 hbts;1;50;945;62,20410723;De 20 à 30 000 entrées;NON;;C;75;71;42;27,95979511;58,35991109;10,84372282;2,836570987;1;0,376920847
6;214;2927;1038;45.217522;6.343043;45.217522, 6.343043;14222;AUVERGNE-RHONE-ALPES;73013;374;73;0;Zone rurale;14908533;04-Unités urbaines de 100 000 hbts ou plus;1;28;220;181,9845857;De 2 à 5 000 entrées;NON;;R;103;87;20;63,87141859;29,90915444;4,786862334;1,43256464;37;22,08245982
6;307;17145;9803;45.547184;3.745498;45.547184, 3.745498;16573;AUVERGNE-RHONE-ALPES;63003;6877;63;63203;Ambert;7442;06-autres communes et unités urbaines;2;53;1131;74,89544017;De 10 à 20 000 entrées;E;;C;165;137;5;53,86805598;36,18464894;8,238928939;1,708366148;72;20,17931787
6;1839;442339;290748;45.912917;6.125425;45.912917, 6.125425;19901;AUVERGNE-RHONE-ALPES;74010;134942;74;74601;Annecy;182687;04-Unités urbaines de 100 000 hbts ou plus;10;53;16320;52,13827782;De 300 à 450 000 entrées;NON;;C;285;189;176;36,26581961;47,6454584;11,9117064;4,177015591;77;5,474941552
6;448;95514;54782;45.898226;6.123792;45.898226, 6.123792;19941;AUVERGNE-RHONE-ALPES;74010;134942;74;74601;Annecy;182687;04-Unités urbaines de 100 000 hbts ou plus;4;51;5539;74,35288964;De 80 à 100 000 entrées;A;RD;C;245;166;135;77,37860617;5,634644415;7,767946998;9,218802415;216;94,02465616
6;150;8922;4879;45.71712;3.633074;45.71712, 3.633074;29741;AUVERGNE-RHONE-ALPES;63016;899;63;0;Zone rurale;14908533;04-Unités urbaines de 100 000 hbts ou plus;1;46;291;82,86534126;De 5 à 10 000 entrées;E;JP;R;64;37;0;65,35864979;26,72292546;4,613220816;3,305203938;35;67,20112518
6;160;8458;5509;45.1750733;5.540751;45.1750733, 5.540751;32092;AUVERGNE-RHONE-ALPES;38225;3172;38;0;Zone rurale;14908533;04-Unités urbaines de 100 000 hbts ou plus;1;53;507;53,53058631;De 5 à 10 000 entrées;E;;R;245;220;54;60,15578191;23,66686639;8,064709407;8,112642301;122;39,24505692
6;390;30224;15869;46.107207;5.825389;46.107207, 5.825389;47950;AUVERGNE-RHONE-ALPES;1033;16770;1;357;Bellegarde-sur-Valserine;17721;06-autres communes et unités urbaines;2;52;1297;90,45938622;De 30 à 40 000 entrées;NON;;C;144;117;46;41,26952209;44,0981299;11,66633152;2,966016489;59;16,11368054
6;267;21738;10644;45.797955;4.866922;45.797955, 4.866922;82603;AUVERGNE-RHONE-ALPES;69034;43929;69;758;Lyon;1720030;04-Unités urbaines de 100 000 hbts ou plus;1;49;669;104,2277339;De 20 à 30 000 entrées;C;;B;208;145;1;81,2742436;6,405159038;6,405159038;5,915438324;134;54,14565555
6;157;16260;7869;45.563024;5.924935;45.563024, 5.924935;95405;AUVERGNE-RHONE-ALPES;73065;60749;73;73601;Chambéry;202124;04-Unités urbaines de 100 000 hbts ou plus;1;42;539;106,6336256;De 10 à 20 000 entrées;B;JP;C;186;66;12;45,53800347;29,02985692;15,19311885;10,23902076;112;68,869407
6;196;10003;6875;45.061194;4.302941;45.061194, 4.302941;95732;AUVERGNE-RHONE-ALPES;43051;2465;43;0;Zone rurale;14908533;04-Unités urbaines de 100 000 hbts ou plus;2;51;1027;45,49818182;De 10 à 20 000 entrées;E;RDJP;R;255;195;1;67,48331943;15,49207673;10,56088407;6,463719766;188;65,66930776
6;185;3769;2775;47.064474;3.93279;47.064474, 3.93279;104091;BOURGOGNE-FRANCHE-COMTE;58062;2317;58;58101;Château-Chinon (Ville);2317;06-autres communes et unités urbaines;1;51;426;35,81981982;De 2 à 5 000 entrées;E;;I;180;149;2;64,52231043;15,71311251;17,60197098;2,162606077;105;40,76101834
6;245;15166;9168;46.119679;4.956909;46.119679, 4.956909;106072;AUVERGNE-RHONE-ALPES;1093;5171;1;1124;Châtillon-sur-Chalaronne;5171;06-autres communes et unités urbaines;1;50;627;65,42321117;De 10 à 20 000 entrées;E;JPPR;I;213;161;1;61,73008486;27,55269641;8,951546674;1,76567205;110;24,5825349
6;159;6042;1772;44.907088;4.421455;44.907088, 4.421455;111071;AUVERGNE-RHONE-ALPES;7064;3004;7;7114;Le Cheylard;3956;06-autres communes et unités urbaines;1;44;198;240,9706546;De 5 à 10 000 entrées;NON;;C;102;82;1;44,63132858;34,04689093;17,17635066;4,145429834;24;22,08630649
6;400;1358;464;44.7543898;4.69809029999999;44.7543898, 4.69809029999999;112151;AUVERGNE-RHONE-ALPES;7066;3178;7;7104;Chomérac;3178;06-autres communes et unités urbaines;1;5;6;192,6724138;Moins de 2000 entrées;NON;;I;6;6;0;100;0;0;0;0;0
6;647;76174;44787;45.776195;3.081674;45.776195, 3.081674;114621;AUVERGNE-RHONE-ALPES;63113;149898;63;63701;Clermont-Ferrand;278692;04-Unités urbaines de 100 000 hbts ou plus;5;53;7597;70,08060375;De 50 à 80 000 entrées;A;RDJPPR;C;235;126;118;69,44199128;11,85853453;11,75255771;6,946916482;196;96,93754161
6;139;8494;4210;44.527384;5.066722;44.527384, 5.066722;138462;AUVERGNE-RHONE-ALPES;26114;3371;26;26109;Dieulefit;4376;06-autres communes et unités urbaines;1;52;212;101,7577197;De 5 à 10 000 entrées;E;;C;66;51;0;69,65401249;13,92359443;12,98654493;3,43584815;51;80,71840461
6;131;5732;4052;46.350634;6.137102;46.350634, 6.137102;139283;AUVERGNE-RHONE-ALPES;1143;10239;1;1203;Divonne-les-Bains (partie française);10239;06-autres communes et unités urbaines;1;36;512;41,46100691;De 5 à 10 000 entrées;NON;;I;162;126;1;61,9047619;21,65955935;12,70433547;3,731343284;87;34,55934613
6;1037;97351;64657;47.095429;5.494926;47.095429, 5.494926;139541;BOURGOGNE-FRANCHE-COMTE;39198;24483;39;39402;Dole;31417;05-Unités urbaines de 20 000 à 100 000 hbts;6;53;9910;50,56529069;De 80 à 100 000 entrées;D;RDJP;C;291;218;112;43,92033543;42,01428999;10,99559321;3,069781372;140;16,55221837
6;200;7476;3909;44.379202;4.696224000000029;44.379202, 4.696224000000029;141262;AUVERGNE-RHONE-ALPES;26116;6062;26;26111;Donzère;6062;06-autres communes et unités urbaines;1;49;271;91,25095932;De 5 à 10 000 entrées;E;JP;I;113;71;0;61,23130536;24,72774793;6,1710469;7,869899811;63;46,1449107
6;182;5253;2456;45.217931;4.34228;45.217931, 4.34228;143691;AUVERGNE-RHONE-ALPES;43087;2727;43;43101;Dunières;2727;06-autres communes et unités urbaines;1;51;265;113,8843648;De 5 à 10 000 entrées;E;;I;131;105;0;66,5873488;18,34225659;10,27166369;4,798730914;52;24,90581003
6;2925;455461;284336;45.147822;5.718011;45.147822, 5.718011;144981;AUVERGNE-RHONE-ALPES;38151;37181;38;38701;Grenoble;523867;04-Unités urbaines de 100 000 hbts ou plus;12;53;19627;60,18407799;De 450 à 700 000 entrées;NON;;B;284;221;173;32,5542571;51,91567074;12,07347343;3,45659874;95;3,734840254
6;1973;324198;205643;47.278354;5.995713;47.278354, 5.995713;145241;BOURGOGNE-FRANCHE-COMTE;25212;2754;25;25602;Besançon;140997;04-Unités urbaines de 100 000 hbts ou plus;13;53;21270;57,65088041;De 300 à 450 000 entrées;NON;;B;250;193;187;36,44006418;47,75790913;12,26094666;3,541080025;61;5,218121539
6;171;20958;10905;45.779053;4.778383;45.779053, 4.778383;145792;AUVERGNE-RHONE-ALPES;69081;19142;69;758;Lyon;1720030;04-Unités urbaines de 100 000 hbts ou plus;1;49;762;92,18707015;De 20 à 30 000 entrées;C;;B;198;137;2;76,16896081;11,29557634;8,216875066;4,31858779;112;45,12451403
6;222;7502;4189;45.432581;5.756014;45.432581, 5.756014;147521;AUVERGNE-RHONE-ALPES;38155;1908;38;161;Entre-deux-Guiers;3498;06-autres communes et unités urbaines;1;53;494;79,08808785;De 5 à 10 000 entrées;E;;C;204;165;0;52,75871927;30,50314465;11,84962836;4,888507719;75;26,00057176
6;162;9554;5367;46.400244;6.59546;46.400244, 6.59546;154251;AUVERGNE-RHONE-ALPES;74119;9369;74;74501;Thonon-les-Bains;82816;05-Unités urbaines de 20 000 à 100 000 hbts;1;53;726;78,01378796;De 5 à 10 000 entrées;NON;;B;108;86;59;51,93653756;26,83154456;13,82407839;7,407839477;25;36,02426505
6;837;43063;13011;45.389679;4.28977;45.389679, 4.28977;159923;AUVERGNE-RHONE-ALPES;42095;17126;42;753;Saint-Étienne;380055;04-Unités urbaines de 100 000 hbts ou plus;2;53;2356;230,9737914;De 40 à 50 000 entrées;NON;;B;178;141;60;49,90401672;37,81984302;8,15979394;4,116346317;70;18,67664569
6;250;6643;3435;45.247083;6.304557;45.247083, 6.304557;163811;AUVERGNE-RHONE-ALPES;73116;493;73;0;Zone rurale;14908533;04-Unités urbaines de 100 000 hbts ou plus;1;30;247;93,3915575;De 5 à 10 000 entrées;NON;;R;90;74;41;54,19708029;33,68309002;8,409367397;3,710462287;19;7,208029197
6;174;5575;3787;45.191425;6.648346;45.191425, 6.648346;167151;AUVERGNE-RHONE-ALPES;73117;708;73;73109;Modane;3862;06-autres communes et unités urbaines;1;47;333;47,21415368;De 5 à 10 000 entrées;E;JP;B;160;138;4;61,94926569;23,55521648;9,021552546;5,473965287;62;38,01258821
6;193;4897;1587;45.73125;4.765987;45.73125, 4.765987;168071;AUVERGNE-RHONE-ALPES;69089;15046;69;758;Lyon;1720030;04-Unités urbaines de 100 000 hbts ou plus;1;40;91;208,5696282;De 2 à 5 000 entrées;NON;;B;63;43;0;66,91900076;17,41105223;12,21296997;3,456977038;32;64,72369417
6;266;5224;2675;47.241889;5.217949;47.241889, 5.217949;175404;BOURGOGNE-FRANCHE-COMTE;21292;5234;21;21202;Genlis;5234;06-autres communes et unités urbaines;1;48;223;95,28971963;De 5 à 10 000 entrées;E;;I;155;120;1;65,4822335;23,95939086;8,791878173;1,766497462;63;28,18274112
6;199;7486;3738;45.935346;6.473902;45.935346, 6.473902;182461;AUVERGNE-RHONE-ALPES;74136;2135;74;74101;Le Grand-Bornand;2135;06-autres communes et unités urbaines;1;30;365;100,2675227;De 5 à 10 000 entrées;NON;;I;126;108;46;59,94731734;33,19007348;5,254401775;1,608207403;43;16,59503674
6;1009;74606;49420;45.189425;5.728332;45.189425, 5.728332;185002;AUVERGNE-RHONE-ALPES;38185;160483;38;38701;Grenoble;523867;04-Unités urbaines de 100 000 hbts ou plus;6;53;10602;50,9631728;De 50 à 80 000 entrées;NON;;C;103;89;89;22,20464842;62,55260971;12,89038415;2,352357719;1;0,080422486
6;479;109281;62090;45.187177;5.722453;45.187177, 5.722453;185023;AUVERGNE-RHONE-ALPES;38185;160483;38;38701;Grenoble;523867;04-Unités urbaines de 100 000 hbts ou plus;5;53;8862;76,00418747;De 100 à 150 000 entrées;A;RD;C;285;191;173;78,04422442;7,459994663;9,640849153;4,854931768;244;93,85311899
6;408;62553;37317;45.543752;3.244977;45.543752, 3.244977;202085;AUVERGNE-RHONE-ALPES;63178;15681;63;63304;Issoire;16591;06-autres communes et unités urbaines;3;53;3686;67,62601495;De 50 à 80 000 entrées;E;;C;165;128;61;40,48301862;45,40987304;11,67268158;2,434426758;67;12,66353032
6;400;2599;1356;45.120045;4.534213;45.120045, 4.534213;213122;AUVERGNE-RHONE-ALPES;7128;380;7;0;Zone rurale;14908533;04-Unités urbaines de 100 000 hbts ou plus;1;10;40;91,66666667;De 2 à 5 000 entrées;NON;;R;27;24;0;72,48941901;9,92689496;8,6186995;8,964986533;10;30,43478261
6;160;3619;1825;45.557325;6.763374;45.557325, 6.763374;215092;AUVERGNE-RHONE-ALPES;73142;822;73;0;Zone rurale;14908533;04-Unités urbaines de 100 000 hbts ou plus;1;35;382;98,30136986;De 2 à 5 000 entrées;NON;;R;131;107;9;61,536336;27,32799116;8,123791103;3,011881735;63;26,16744957
6;256;22385;11191;46.674335;5.555107;46.674335, 5.555107;232584;BOURGOGNE-FRANCHE-COMTE;39300;17921;39;39401;Lons-le-Saunier;27869;05-Unités urbaines de 20 000 à 100 000 hbts;2;53;2337;100,0268073;De 20 à 30 000 entrées;D;RDJPPR;C;187;129;101;66,09028309;6,054577914;17,58224943;10,27288957;173;94,94006631
6;91;18798;9402;45.787163;4.799719;45.787163, 4.799719;238013;AUVERGNE-RHONE-ALPES;69123;528633;69;758;Lyon;1720030;04-Unités urbaines de 100 000 hbts ou plus;1;49;926;99,93618379;De 10 à 20 000 entrées;A;JP;C;191;123;4;71,8707525;15,09946868;6,907203756;6,122575065;134;74,52736933
6;214;52287;31594;45.757455;4.835595;45.757455, 4.835595;238021;AUVERGNE-RHONE-ALPES;69123;528633;69;758;Lyon;1720030;04-Unités urbaines de 100 000 hbts ou plus;3;53;4545;65,49661328;De 50 à 80 000 entrées;A;RDPR;C;275;176;129;57,11566388;10,62836061;16,89430511;15,3616704;239;92,48793124
6;290;9586;4483;45.765819;4.865911;45.765819, 4.865911;238244;AUVERGNE-RHONE-ALPES;69123;528633;69;758;Lyon;1720030;04-Unités urbaines de 100 000 hbts ou plus;1;44;258;113,8300245;De 5 à 10 000 entrées;NON;;C;199;149;0;62,94769086;17,80160226;6,998114986;12,25259189;97;45,9472196
6;326;110256;69016;45.765294;4.834225;45.765294, 4.834225;238351;AUVERGNE-RHONE-ALPES;69123;528633;69;758;Lyon;1720030;04-Unités urbaines de 100 000 hbts ou plus;4;53;8027;59,75425988;De 100 à 150 000 entrées;A;RDPR;C;204;122;102;68,13380923;9,879994173;10,36803001;11,61816659;172;92,2915832
6;250;6984;2829;45.508685;6.679705;45.508685, 6.679705;239412;AUVERGNE-RHONE-ALPES;73150;3959;73;73201;Aime;8496;06-autres communes et unités urbaines;1;31;396;146,8716861;De 5 à 10 000 entrées;NON;;B;163;136;51;48,63852471;41,70868751;7,967151707;1,685636075;72;11,32401671
6;256;11581;7477;45.216795;2.333982;45.216795, 2.333982;253164;AUVERGNE-RHONE-ALPES;15120;3701;15;15105;Mauriac;4547;06-autres communes et unités urbaines;1;49;532;54,88832419;De 10 à 20 000 entrées;E;JP;C;156;125;1;66,24556939;22,00309007;9,597382532;2,153958011;78;34,69053894
6;315;4626;1923;45.861574;6.626043;45.861574, 6.626043;255072;AUVERGNE-RHONE-ALPES;74173;3123;74;462;Sallanches;47102;05-Unités urbaines de 20 000 à 100 000 hbts;1;27;322;140,5616225;De 2 à 5 000 entrées;NON;;B;98;81;50;52,24816256;34,30609598;11,37051448;2,075226978;22;13,33765672
6;100;7240;3017;46.245266;5.347704;46.245266, 5.347704;255421;AUVERGNE-RHONE-ALPES;1241;1414;1;0;Zone rurale;14908533;04-Unités urbaines de 100 000 hbts ou plus;1;43;271;139,9734836;De 5 à 10 000 entrées;NON;;R;18;11;0;84,22651934;13,2320442;2,541436464;0;5;19,97237569
6;212;13791;7992;46.773516;6.350469;46.773516, 6.350469;260602;BOURGOGNE-FRANCHE-COMTE;25380;1449;25;0;Zone rurale;14908533;04-Unités urbaines de 100 000 hbts ou plus;2;53;1323;72,56006006;De 10 à 20 000 entrées;E;;R;206;182;44;48,99238692;37,87132408;9,307359307;3,828929691;82;12,61382296
6;166;34085;20600;45.90391;5.192869;45.90391, 5.192869;261273;AUVERGNE-RHONE-ALPES;1244;8141;1;1206;Meximieux;10998;06-autres communes et unités urbaines;1;51;1068;65,46116505;De 30 à 40 000 entrées;E;JP;C;263;188;6;56,31557976;28,90158056;10,09430203;4,688537654;135;30,99349183
6;330;4847;2250;46.457868;5.758014;46.457868, 5.758014;264442;BOURGOGNE-FRANCHE-COMTE;39333;2241;39;39102;Moirans-en-Montagne;2241;06-autres communes et unités urbaines;1;50;392;115,4222222;De 2 à 5 000 entrées;E;JP;I;252;222;1;52,77455305;25,49338287;14,07011841;7,66194567;131;42,0246111
6;1053;27435;21418;47.50866;6.801618;47.50866, 6.801618;269255;BOURGOGNE-FRANCHE-COMTE;25388;26269;25;25601;Montbéliard;108506;04-Unités urbaines de 100 000 hbts ou plus;4;53;3930;28,09319264;De 20 à 30 000 entrées;C;RDJPPR;C;232;155;88;62,22054561;11,27347814;5,68637573;20,81960052;173;76,97256085
6;816;155261;98925;45.612675;4.067565;45.612675, 4.067565;269635;AUVERGNE-RHONE-ALPES;42147;16545;42;42401;Montbrison;24444;05-Unités urbaines de 20 000 à 100 000 hbts;5;53;6527;56,94819308;De 150 à 200 000 entrées;D;RDJPPR;C;373;264;176;49,38893689;37,36289828;9,722927563;3,525237269;193;14,88909848
6;118;24874;13056;44.557962;4.751413;44.557962, 4.751413;271055;AUVERGNE-RHONE-ALPES;26198;40969;26;551;Montélimar;59460;05-Unités urbaines de 20 000 à 100 000 hbts;1;48;1402;90,51776961;De 20 à 30 000 entrées;D;RDJP;C;271;167;44;69,50536631;8,520765282;12,83714419;9,136724218;227;77,50816612
6;158;9096;4341;45.500407;6.048642;45.500407, 6.048642;274543;AUVERGNE-RHONE-ALPES;73171;4137;73;73202;Montmélian;5987;06-autres communes et unités urbaines;1;50;317;109,536973;De 5 à 10 000 entrées;E;;C;187;155;0;69,54456892;12,9322942;12,1042377;5,418899172;117;57,72040916
6;298;25361;13801;45.616568;4.675055;45.616568, 4.675055;278432;AUVERGNE-RHONE-ALPES;69141;6413;69;69205;Mornant;6413;06-autres communes et unités urbaines;1;51;802;83,76204623;De 20 à 30 000 entrées;E;JPPR;C;222;151;0;74,05323705;12,68788311;7,305399278;5,953480561;138;54,16071878
6;120;12954;7387;47.056013;6.605836;47.056013, 6.605836;278802;BOURGOGNE-FRANCHE-COMTE;25411;7187;25;25204;Morteau;10469;06-autres communes et unités urbaines;1;46;754;75,36212265;De 10 à 20 000 entrées;NON;;C;99;81;4;46,22690833;35,21261764;14,38654583;4,173928198;20;25,96723597
6;288;6990;3998;46.179604;6.706652;46.179604, 6.706652;279184;AUVERGNE-RHONE-ALPES;74191;2764;74;74114;Morzine;4615;06-autres communes et unités urbaines;1;30;381;74,83741871;De 5 à 10 000 entrées;NON;;C;91;79;51;36,08783589;48,72869113;12,886449;2,297023982;16;6,674371569
6;508;26882;15049;44.901927;5.786028;44.901927, 5.786028;283051;AUVERGNE-RHONE-ALPES;38269;5109;38;38204;La Mure;6603;06-autres communes et unités urbaines;2;53;1784;78,62980929;De 20 à 30 000 entrées;E;JP;C;286;216;5;59,03944843;25,16942845;10,71022839;5,080894739;151;38,43381518
6;252;6863;1050;47.135748;4.94934;47.135748, 4.94934;295122;BOURGOGNE-FRANCHE-COMTE;21464;5421;21;21204;Nuits-Saint-Georges;5930;06-autres communes et unités urbaines;1;36;362;553,6190476;De 5 à 10 000 entrées;E;JP;C;124;87;1;66,62078458;22,83207158;5,918788713;4,628355127;58;42,77357192
6;50;26366;8799;47.306004;5.410506;47.306004, 5.410506;318612;BOURGOGNE-FRANCHE-COMTE;21496;1313;21;0;Zone rurale;14908533;04-Unités urbaines de 100 000 hbts ou plus;1;46;609;199,6476872;De 20 à 30 000 entrées;E;JP;R;72;43;1;73,09682805;14,25292154;10,52587646;2,124373957;28;43,30133556
6;300;11096;4110;47.184077;3.945032;47.184077, 3.945032;322721;BOURGOGNE-FRANCHE-COMTE;58205;608;58;0;Zone rurale;14908533;04-Unités urbaines de 100 000 hbts ou plus;1;45;566;169,9756691;De 10 à 20 000 entrées;E;JP;R;88;57;1;76,25434675;11,56482861;7,153502235;5,027322404;35;39,35419771
6;150;4330;2725;45.381523;6.722351;45.381523, 6.722351;324021;AUVERGNE-RHONE-ALPES;73206;734;73;0;Zone rurale;14908533;04-Unités urbaines de 100 000 hbts ou plus;1;32;311;58,89908257;De 2 à 5 000 entrées;NON;;R;116;103;29;52,12319179;38,91740551;6,182921139;2,776481568;32;10,21931871
6;350;42099;26258;44.734637;4.59441;44.734637, 4.59441;326085;AUVERGNE-RHONE-ALPES;7186;8826;7;7301;Privas;15563;06-autres communes et unités urbaines;3;50;2665;60,3282809;De 40 à 50 000 entrées;E;RDJPPR;C;377;285;54;52,95378172;30,77241514;12,33380412;3,939999026;237;35,83986753
6;2376;454382;315476;47.311707;5.092506;47.311707, 5.092506;329531;BOURGOGNE-FRANCHE-COMTE;21515;9287;21;21701;Dijon;253465;04-Unités urbaines de 100 000 hbts ou plus;12;53;18445;44,03060772;De 450 à 700 000 entrées;NON;;B;278;223;174;32,84120626;50,24584136;13,29054161;3,622410778;95;3,48843668
6;590;46991;27197;45.81862;4.904221;45.81862, 4.904221;337784;AUVERGNE-RHONE-ALPES;69286;31210;69;758;Lyon;1720030;04-Unités urbaines de 100 000 hbts ou plus;3;52;3926;72,78008604;De 40 à 50 000 entrées;C;JPPR;B;355;223;77;53,824;30,21714286;9,52;6,438857143;205;26,37257143
6;542;82358;49391;45.894648;3.119978;45.894648, 3.119978;338145;AUVERGNE-RHONE-ALPES;63300;19476;63;63401;Riom;34618;05-Unités urbaines de 20 000 à 100 000 hbts;3;53;5111;66,74697819;De 80 à 100 000 entrées;D;JPPR;C;226;146;75;50,25442602;36,08992622;9,103350461;4,552297299;123;23,11730968
6;184;8812;4979;45.281368;2.657031;45.281368, 2.657031;338212;AUVERGNE-RHONE-ALPES;15162;2494;15;15102;Riom-ès-Montagnes;2494;06-autres communes et unités urbaines;1;49;357;76,98332999;De 5 à 10 000 entrées;E;;I;143;120;1;67,66600304;24,05433892;7,155404614;1,124253425;67;20,86895421
6;199;12124;5180;45.809747;4.596802;45.809747, 4.596802;349322;AUVERGNE-RHONE-ALPES;69171;2465;69;69303;L'Arbresle;21411;05-Unités urbaines de 20 000 à 100 000 hbts;1;45;221;134,0540541;De 10 à 20 000 entrées;NON;;B;175;136;1;72,95321637;11,32553606;10,63352827;5,087719298;87;45,26315789
6;1554;218019;134374;45.944805;6.630005;45.944805, 6.630005;350414;AUVERGNE-RHONE-ALPES;74256;17450;74;462;Sallanches;47102;05-Unités urbaines de 20 000 à 100 000 hbts;10;53;15768;62,2479051;De 200 à 300 000 entrées;D;;C;378;307;227;39,74703022;45,8140408;10,80428445;3,634644531;192;13,04106008
6;151;10964;7606;47.280282;4.229497;47.280282, 4.229497;354301;BOURGOGNE-FRANCHE-COMTE;21584;2454;21;21104;Saulieu;2454;06-autres communes et unités urbaines;1;53;669;44,14935577;De 10 à 20 000 entrées;E;JPPR;I;241;187;1;55,77335674;29,812756;9,108640531;5,305246733;116;31,33411352
6;280;72263;43238;45.73594;4.79997;45.73594, 4.79997;385823;AUVERGNE-RHONE-ALPES;69202;22452;69;758;Lyon;1720030;04-Unités urbaines de 100 000 hbts ou plus;2;53;2609;67,12845182;De 50 à 80 000 entrées;C;RDJPPR;B;364;236;68;75,00335475;8,990740879;9,133877052;6,872027315;234;61,980945
6;204;1189;632;43.234582;3.107601;43.234582, 3.107601;386782;AUVERGNE-RHONE-ALPES;42223;6252;42;753;Saint-Étienne;380055;04-Unités urbaines de 100 000 hbts ou plus;1;25;64;88,13291139;Moins de 2000 entrées;NON;;B;64;54;0;77,54415475;17,15727502;5,298570227;0;16;21,2783852
6;221;10433;5448;45.339698;4.414174;45.339698, 4.414174;386792;AUVERGNE-RHONE-ALPES;42224;3089;42;0;Zone rurale;14908533;04-Unités urbaines de 100 000 hbts ou plus;1;51;281;91,50146843;De 10 à 20 000 entrées;E;;R;128;101;0;66,86249129;20,52175645;7,059643533;5,556108732;45;26,96405457
6;179;3478;1841;46.905158;3.842831;46.905158, 3.842831;391951;BOURGOGNE-FRANCHE-COMTE;58246;711;58;0;Zone rurale;14908533;04-Unités urbaines de 100 000 hbts ou plus;1;52;397;88,91906573;De 2 à 5 000 entrées;E;PR;R;204;164;3;71,99526347;7,874481942;13,94316163;6,187092954;135;56,24629959
6;140;25618;14337;45.185764;5.747373;45.185764, 5.747373;403281;AUVERGNE-RHONE-ALPES;38421;38455;38;38701;Grenoble;523867;04-Unités urbaines de 100 000 hbts ou plus;1;47;1115;78,68452256;De 20 à 30 000 entrées;C;RDJP;B;230;156;1;60,49829734;14,32389327;12,13414371;13,04366568;191;86,3614811
6;264;5938;2405;46.307498;3.289943;46.307498, 3.289943;412532;AUVERGNE-RHONE-ALPES;3254;5221;3;3201;Saint-Pourçain-sur-Sioule;5221;06-autres communes et unités urbaines;1;49;438;146,9022869;De 5 à 10 000 entrées;NON;;I;173;133;1;63,68392567;15,06404474;9,146671478;12,10535811;80;37,23615371
6;395;48257;29421;45.694405;4.936379;45.694405, 4.936379;412623;AUVERGNE-RHONE-ALPES;69290;48612;69;758;Lyon;1720030;04-Unités urbaines de 100 000 hbts ou plus;2;53;2763;64,022297;De 40 à 50 000 entrées;C;JP;B;242;169;69;40,66384279;43,02941925;10,02708145;6,279656505;130;21,48230447
6;357;37455;22061;45.898249;4.4318;45.898249, 4.4318;421911;AUVERGNE-RHONE-ALPES;69243;10833;69;69302;Tarare;17751;06-autres communes et unités urbaines;2;53;1821;69,77924845;De 30 à 40 000 entrées;E;JP;C;251;195;41;51,26505021;35,63224768;9,057870499;4,044831604;126;17,71625146
6;193;1632;1085;46.389621;6.718783;46.389621, 6.718783;426761;AUVERGNE-RHONE-ALPES;74279;849;74;0;Zone rurale;14908533;04-Unités urbaines de 100 000 hbts ou plus;1;25;217;50,41474654;Moins de 2000 entrées;NON;;R;69;55;0;45,57042702;45,06054812;7,265774379;2,103250478;19;15,80624602
6;412;34250;19954;46.369762;6.481305;46.369762, 6.481305;426921;AUVERGNE-RHONE-ALPES;74281;37732;74;74501;Thonon-les-Bains;82816;05-Unités urbaines de 20 000 à 100 000 hbts;3;49;3323;71,644783;De 30 à 40 000 entrées;D;;C;202;151;101;73,93320965;7,4509674;10,29021998;8,325602968;165;83,88881527
6;241;13335;5031;47.148814;6.343241;47.148814, 6.343241;439583;BOURGOGNE-FRANCHE-COMTE;25578;5841;25;25114;Valdahon;5841;06-autres communes et unités urbaines;1;53;362;165,0566488;De 10 à 20 000 entrées;E;;I;165;137;1;57,49593774;20,52510049;6,893012914;15,08594886;58;28,02531429
6;156;7183;4233;45.44673400000001;6.975815000000011;45.44673400000001, 6.975815000000011;439745;AUVERGNE-RHONE-ALPES;73304;1636;73;0;Zone rurale;14908533;04-Unités urbaines de 100 000 hbts ou plus;1;45;447;69,69052681;De 5 à 10 000 entrées;NON;;R;162;140;54;47,6845152;38,32127352;10,82489146;3,169319826;61;19,276411
6;334;10548;5502;45.164163;6.429287;45.164163, 6.429287;441063;AUVERGNE-RHONE-ALPES;73306;1096;73;0;Zone rurale;14908533;04-Unités urbaines de 100 000 hbts ou plus;1;53;438;91,71210469;De 10 à 20 000 entrées;E;;R;174;155;83;57,87509819;33,11076198;6,166535742;2,847604085;66;15,93676355
6;218;5822;2674;44.655637;4.36656;44.655637, 4.36656;441383;AUVERGNE-RHONE-ALPES;7331;3561;7;7402;Aubenas;43821;05-Unités urbaines de 20 000 à 100 000 hbts;2;47;552;117,7262528;De 5 à 10 000 entrées;D;;B;148;125;0;60,51878695;18,65344269;15,98321572;4,844554644;46;35,18977685
6;250;13864;6835;44.996549;4.552256;44.996549, 4.552256;449133;AUVERGNE-RHONE-ALPES;7129;2401;7;7102;Lamastre;2401;06-autres communes et unités urbaines;1;53;570;102,8383321;De 10 à 20 000 entrées;E;RDJPPR;I;224;160;1;66,25847197;20,31731362;9,619531731;3,804682686;162;63,80160197
6;137;7909;5396;45.999263;5.031235;45.999263, 5.031235;455071;AUVERGNE-RHONE-ALPES;1443;5040;1;1122;Villars-les-Dombes;5040;06-autres communes et unités urbaines;1;50;648;46,57153447;De 5 à 10 000 entrées;NON;;I;168;150;3;62,12041885;26,0078534;9,528795812;2,342931937;52;14,03141361
6;389;29799;13702;45.365575;5.589119;45.365575, 5.589119;464692;AUVERGNE-RHONE-ALPES;38563;20853;38;38701;Grenoble;523867;04-Unités urbaines de 100 000 hbts ou plus;3;47;2501;117,4792001;De 20 à 30 000 entrées;C;;B;117;95;43;87,18613262;1,245371929;7,317401548;4,251093908;71;57,63042747
6;182;2843;1292;45.348209;2.438915;45.348209, 2.438915;469181;AUVERGNE-RHONE-ALPES;15265;1657;15;15103;Ydes;2719;06-autres communes et unités urbaines;1;49;107;120,0464396;De 2 à 5 000 entrées;NON;;C;58;41;0;67,63341067;18,02010828;11,44624903;2,900232019;8;43,54215004
6;311;1747;1072;45.398217;6.56643;45.398217, 6.56643;715700;AUVERGNE-RHONE-ALPES;73015;1877;73;0;Zone rurale;14908533;04-Unités urbaines de 100 000 hbts ou plus;1;26;213;62,96641791;Moins de 2000 entrées;NON;;R;55;39;0;34,09230769;51,50769231;9,107692308;5,292307692;9;15,13846154
6;1012;194952;125699;46.129437;3.429201;46.129437, 3.429201;720350;AUVERGNE-RHONE-ALPES;3310;25680;3;3502;Vichy;67263;05-Unités urbaines de 20 000 à 100 000 hbts;7;53;10704;55,0943126;De 150 à 200 000 entrées;D;;C;363;229;148;44,42332132;41,38784141;10,37521615;3,813621117;165;11,83774662
6;1880;248594;147604;47.489082;6.838484;47.489082, 6.838484;720450;BOURGOGNE-FRANCHE-COMTE;25031;13763;25;25601;Montbéliard;108506;04-Unités urbaines de 100 000 hbts ou plus;10;53;16960;68,41955503;De 200 à 300 000 entrées;NON;;C;225;180;173;31,32628485;52,09413398;11,29975099;5,279830183;44;5,131648773
6;1938;287787;165692;46.209005;5.230481;46.209005, 5.230481;721100;AUVERGNE-RHONE-ALPES;1053;43363;1;1501;Bourg-en-Bresse;64032;05-Unités urbaines de 20 000 à 100 000 hbts;9;53;12578;73,687927;De 200 à 300 000 entrées;NON;;C;233;195;187;38,25365795;46,89201094;11,58928427;3,265046837;72;7,747949475
6;905;132629;75502;44.618656;4.384301;44.618656, 4.384301;722120;AUVERGNE-RHONE-ALPES;7019;13177;7;7402;Aubenas;43821;05-Unités urbaines de 20 000 à 100 000 hbts;6;53;6652;75,66289635;De 100 à 150 000 entrées;D;RDJPPR;C;321;236;138;48,87990762;33,65050038;13,65896844;3,810623557;190;33,68591224
6;87;4914;2326;45.370156;4.199354;45.370156, 4.199354;722200;AUVERGNE-RHONE-ALPES;43012;6249;43;753;Saint-Étienne;380055;04-Unités urbaines de 100 000 hbts ou plus;1;44;482;111,2639725;De 2 à 5 000 entrées;NON;;B;125;107;1;60,67093357;29,77267711;5,032001766;4,524387552;35;33,32597661
6;1745;302160;193795;45.989161;4.724226;45.989161, 4.724226;723800;AUVERGNE-RHONE-ALPES;69264;36419;69;758;Lyon;1720030;04-Unités urbaines de 100 000 hbts ou plus;10;53;19639;55,91733533;De 300 à 450 000 entrées;NON;;B;209;173;170;32,24985379;52,13860386;11,71513637;3,896405976;22;1,690015418
6;452;2782;;45.926109;6.070757;45.926109, 6.070757;725000;AUVERGNE-RHONE-ALPES;74213;8886;74;74601;Annecy;182687;04-Unités urbaines de 100 000 hbts ou plus;1;35;38;;De 2 à 5 000 entrées;NON;;B;36;34;0;80,21068473;13,46877351;4,176072235;2,144469526;12;17,79533484
7;438;97659;52452;43.526103;5.448686;43.526103, 5.448686;13423;PROVENCE-ALPES-COTE D'AZUR;13001;150358;13;759;Marseille - Aix-en-Provence;1630325;04-Unités urbaines de 100 000 hbts ou plus;3;53;4414;86,18737131;De 80 à 100 000 entrées;C;RDJPPR;B;208;152;130;64,11081284;3,410461793;23,83628044;8,642444925;196;98,03719121
7;1147;228057;137748;41.943558;8.753935;41.943558, 8.753935;13686;CORSE;2A004;73483;2A;2A501;Ajaccio;73483;05-Unités urbaines de 20 000 à 100 000 hbts;6;53;8855;65,56102448;De 200 à 300 000 entrées;D;RDJPPR;I;446;308;182;41,13574954;42,28355776;12,30655859;4,274134119;266;14,98090708
7;234;16342;9314;42.547269;3.023455;42.547269, 3.023455;23102;OCCITANIE;66008;10844;66;66401;Saint-Cyprien;56371;05-Unités urbaines de 20 000 à 100 000 hbts;1;53;950;75,45630234;De 10 à 20 000 entrées;D;;C;260;209;42;63,32061316;15,18659854;11,96559084;9,527197465;138;36,28484574
7;483;45040;27940;43.674097;4.627703;43.674097, 4.627703;23933;PROVENCE-ALPES-COTE D'AZUR;13004;51691;13;552;Arles;54491;05-Unités urbaines de 20 000 à 100 000 hbts;3;52;3344;61,20257695;De 40 à 50 000 entrées;NON;;C;134;109;90;31,68656512;49,4579388;13,22446366;5,631032432;23;6,111339829
7;330;1538;985;42.524735;2.832419;42.524735, 2.832419;67021;OCCITANIE;66024;5370;66;66201;Le Boulou;5370;06-autres communes et unités urbaines;1;26;28;56,14213198;Moins de 2000 entrées;NON;;I;23;17;0;94,86345904;3,836150845;1,300390117;0;6;12,67880364
7;88;17808;9742;44.889994;6.634449;44.889994, 6.634449;74322;PROVENCE-ALPES-COTE D'AZUR;5023;11095;5;5301;Briançon;16122;06-autres communes et unités urbaines;1;52;1013;82,79614042;De 10 à 20 000 entrées;E;RDJPPR;C;198;141;2;77,72811442;6,066023881;9,341676777;6,864184918;182;93,22520912
7;253;40169;21057;43.407348;6.063887;43.407348, 6.063887;75021;PROVENCE-ALPES-COTE D'AZUR;83023;17964;83;83401;Brignoles;23948;05-Unités urbaines de 20 000 à 100 000 hbts;2;52;2167;90,76316664;De 40 à 50 000 entrées;D;;C;165;127;61;43,04706601;45,01833741;8,333333333;3,601263244;71;14,65719234
7;290;12239;4289;43.662147;7.148711;43.662147, 7.148711;81541;PROVENCE-ALPES-COTE D'AZUR;6027;52575;6;6701;Nice;966577;04-Unités urbaines de 100 000 hbts ou plus;1;52;586;185,3578923;De 10 à 20 000 entrées;NON;;B;249;204;2;76,54362416;5,302013423;12,59228188;5,562080537;163;58,80872483
7;501;71251;45116;42.701936;3.019408;42.701936, 3.019408;84556;OCCITANIE;66037;12916;66;66301;Canet-en-Roussillon;12916;06-autres communes et unités urbaines;4;53;5693;57,9284511;De 50 à 80 000 entrées;E;JP;I;342;242;125;47,3297113;37,83631477;10,4196168;4,414357137;183;16,30494466
7;453;68012;36394;43.552517;7.015358;43.552517, 7.015358;84712;PROVENCE-ALPES-COTE D'AZUR;6029;73159;6;6701;Nice;966577;04-Unités urbaines de 100 000 hbts ou plus;3;52;4308;86,87695774;De 50 à 80 000 entrées;C;;B;241;163;129;65,63729618;8,330398836;14,31371048;11,7185945;187;80,76092781
7;432;6984;4459;43.54938;6.981931;43.54938, 6.981931;84774;PROVENCE-ALPES-COTE D'AZUR;6029;73159;6;6701;Nice;966577;04-Unités urbaines de 100 000 hbts ou plus;1;26;81;56,62704642;De 5 à 10 000 entrées;NON;;B;64;9;1;62,4023607;8,349244923;19,70144072;9,546953654;41;45,06162125
7;1830;222118;127585;43.235546;2.367714;43.235546, 2.367714;86103;OCCITANIE;11069;47854;11;11501;Carcassonne;50504;05-Unités urbaines de 20 000 à 100 000 hbts;9;53;17325;74,09413332;De 200 à 300 000 entrées;NON;;C;188;159;153;35,35745592;49,41802145;11,67300758;3,551515042;20;2,232574532
7;360;18016;14051;43.834515;5.041736;43.834515, 5.041736;90313;PROVENCE-ALPES-COTE D'AZUR;84035;26206;84;754;Avignon;470065;04-Unités urbaines de 100 000 hbts ou plus;1;53;659;28,21863213;De 10 à 20 000 entrées;NON;;B;127;59;35;33,6046382;48,40561936;14,72293455;3,266807894;57;13,01705876
7;465;57365;32334;44.068241;5.987231;44.068241, 5.987231;103985;PROVENCE-ALPES-COTE D'AZUR;4049;5172;4;4203;Château-Arnoux-Saint-Auban;7172;06-autres communes et unités urbaines;3;53;4187;77,41386776;De 50 à 80 000 entrées;E;RDJPPR;C;269;206;150;51,03088077;35,87355503;9,611205464;3,484358736;155;28,72039299
7;142;21415;12602;43.177341;5.610704;43.177341, 5.610704;112825;PROVENCE-ALPES-COTE D'AZUR;13028;36812;13;757;Toulon;598427;04-Unités urbaines de 100 000 hbts ou plus;1;49;1016;69,93334391;De 20 à 30 000 entrées;C;JPPR;B;304;199;3;67,42941893;12,34175539;12,09809842;8,130727263;218;63,76926744
7;54;6696;3993;43.527138;6.149835;43.527138, 6.149835;122243;PROVENCE-ALPES-COTE D'AZUR;83046;2145;83;83204;Carcès;7098;06-autres communes et unités urbaines;1;48;342;67,69346356;De 5 à 10 000 entrées;E;;C;195;164;0;73,98076042;9,421285692;12,09344938;4,504504505;121;57,99358681
7;93;18072;11172;43.774382;5.440971;43.774382, 5.440971;131031;PROVENCE-ALPES-COTE D'AZUR;84042;1810;84;0;Zone rurale;14908533;04-Unités urbaines de 100 000 hbts ou plus;1;53;1124;61,76154672;De 10 à 20 000 entrées;E;RDJPPR;R;263;168;5;69,1422841;10,48253893;12,67107126;7,70410571;192;67,74421897
7;237;1028;817;42.505205;2.040244;42.505205, 2.040244;164731;OCCITANIE;66124;1964;66;0;Zone rurale;14908533;04-Unités urbaines de 100 000 hbts ou plus;1;16;78;25,82619339;Moins de 2000 entrées;NON;;R;39;27;0;59,24124514;32,78210117;4,280155642;3,696498054;9;7,587548638
7;135;8846;5076;43.726491;4.708604;43.726491, 4.708604;164771;PROVENCE-ALPES-COTE D'AZUR;13038;3599;13;13106;Fontvieille;3599;06-autres communes et unités urbaines;1;51;533;74,27107959;De 5 à 10 000 entrées;E;;I;134;112;1;71,34530194;14,7936582;8,801585451;5,059454418;48;27,17416647
7;502;34054;18899;43.432981;6.732812;43.432981, 6.732812;168942;PROVENCE-ALPES-COTE D'AZUR;83061;56598;83;83502;Fréjus;101231;04-Unités urbaines de 100 000 hbts ou plus;3;53;4011;80,18942801;De 30 à 40 000 entrées;D;;C;237;163;107;61,54054298;16,67117645;11,34662217;10,4416584;187;80,56883437
7;152;44259;29131;43.447733;3.752698;43.447733, 3.752698;171242;OCCITANIE;34108;23705;34;34502;Sète;94539;05-Unités urbaines de 20 000 à 100 000 hbts;1;53;1551;51,93093268;De 40 à 50 000 entrées;D;JP;C;293;229;35;54,89247581;26,72063763;10,27369793;8,113188631;155;32,13193644
7;274;18965;10898;44.559365;6.078993;44.559365, 6.078993;172743;PROVENCE-ALPES-COTE D'AZUR;5061;41528;5;5401;Gap;42010;05-Unités urbaines de 20 000 à 100 000 hbts;1;53;1364;74,02275647;De 10 à 20 000 entrées;NON;;C;71;46;39;77,72355878;14,61643214;6,899682251;0,760326827;51;63,68588289
7;323;3001;1226;43.287544;5.6229;43.287544, 5.6229;174813;PROVENCE-ALPES-COTE D'AZUR;13042;6827;13;759;Marseille - Aix-en-Provence;1630325;04-Unités urbaines de 100 000 hbts ou plus;1;33;158;144,7797716;De 2 à 5 000 entrées;NON;;B;91;80;0;46,58447184;36,55448184;11,72942353;5,131622792;28;12,89570143
7;295;15731;8380;43.608373;5.064398;43.608373, 5.064398;183942;PROVENCE-ALPES-COTE D'AZUR;13044;5286;13;13501;Salon-de-Provence;62587;05-Unités urbaines de 20 000 à 100 000 hbts;1;50;985;87,72076372;De 10 à 20 000 entrées;D;RDJPPR;B;259;189;0;64,64988822;11,119925;12,33143434;11,89875243;186;58,41926877
7;107;5858;3740;43.593733;3.082206;43.593733, 3.082206;213233;OCCITANIE;34126;2501;34;34302;Bédarieux;13194;06-autres communes et unités urbaines;1;47;459;56,63101604;De 5 à 10 000 entrées;E;;B;153;135;0;78,41129744;6,6548985;6,12533098;8,80847308;80;45,41924095
7;191;10058;6213;44.726847;3.856667;44.726847, 3.856667;215581;OCCITANIE;48080;3069;48;48102;Langogne;3457;06-autres communes et unités urbaines;1;53;632;61,88636729;De 10 à 20 000 entrées;NON;;C;166;148;0;57,2320606;25,78564848;13,47118436;3,511106562;55;16,89016276
7;210;10199;4507;43.860403;7.223268;43.860403, 7.223268;224532;PROVENCE-ALPES-COTE D'AZUR;6075;5011;6;6108;Levens;5011;06-autres communes et unités urbaines;1;50;268;126,292434;De 10 à 20 000 entrées;NON;;I;104;84;1;58,03285256;27,06330128;12,01923077;2,884615385;27;27,81450321
7;270;30604;15942;43.732596;3.314911;43.732596, 3.314911;230475;OCCITANIE;34142;7618;34;34214;Lodève;10188;06-autres communes et unités urbaines;2;53;2053;91,97089449;De 30 à 40 000 entrées;E;RDJPPR;C;282;224;28;53,59583695;28,73200347;9,869904597;7,802254987;158;35,15351258
7;97;1586;911;42.235245;8.804724;42.235245, 8.804724;247550;CORSE;2A154;112;2A;0;Zone rurale;14908533;04-Unités urbaines de 100 000 hbts ou plus;1;48;290;74,09440176;Moins de 2000 entrées;E;PR;R;156;101;1;72,98335467;10,81946223;8,130601793;8,066581306;94;55,31370038
7;252;28220;15500;43.419763;5.213706;43.419763, 5.213706;247565;PROVENCE-ALPES-COTE D'AZUR;13054;32735;13;759;Marseille - Aix-en-Provence;1630325;04-Unités urbaines de 100 000 hbts ou plus;2;53;2884;82,06451613;De 20 à 30 000 entrées;C;;B;245;189;46;48,6726335;38,37226942;10,80476335;2,150333738;137;23,33131068
7;460;82114;56138;43.273044;5.391418;43.273044, 5.391418;249581;PROVENCE-ALPES-COTE D'AZUR;13055;876602;13;759;Marseille - Aix-en-Provence;1630325;04-Unités urbaines de 100 000 hbts ou plus;4;51;5620;46,27168763;De 80 à 100 000 entrées;NON;;C;100;70;62;55,26196291;19,77393503;17,16596507;7,798136989;44;48,48369559
7;377;60516;33307;43.775396;7.50197;43.775396, 7.50197;257302;PROVENCE-ALPES-COTE D'AZUR;6083;31163;6;6501;Menton - Monaco (partie française);71500;05-Unités urbaines de 20 000 à 100 000 hbts;3;53;4539;81,69153631;De 50 à 80 000 entrées;D;;C;215;174;98;44,75380765;38,48091616;11,01940702;5,745869173;93;14,64227117
7;144;21268;10467;43.421612;3.601996;43.421612, 3.601996;261623;OCCITANIE;34157;12549;34;34301;Mèze;12549;06-autres communes et unités urbaines;1;49;875;103,1909812;De 20 à 30 000 entrées;E;JPPR;I;261;206;5;55,30790904;26,65526263;11,59186959;6,444958744;137;27,54075267
7;265;64897;35982;43.628684;3.868881;43.628684, 3.868881;275205;OCCITANIE;34172;302425;34;34701;Montpellier;472000;04-Unités urbaines de 100 000 hbts ou plus;3;53;4982;80,35962426;De 50 à 80 000 entrées;A;RDJPPR;C;355;180;28;62,54800386;9,036981354;17,84681254;10,56820225;279;85,88890886
7;3919;910465;570231;43.603985;3.91557;43.603985, 3.91557;275311;OCCITANIE;34172;302425;34;34701;Montpellier;472000;04-Unités urbaines de 100 000 hbts ou plus;17;53;29338;59,66599501;De 700 000 à 1 million d'entrées;NON;;C;340;214;210;28,11187572;53,80952117;13,71440909;4,364194011;109;7,073947151
7;88;9836;4506;43.624323;3.817591;43.624323, 3.817591;275336;OCCITANIE;34172;302425;34;34701;Montpellier;472000;04-Unités urbaines de 100 000 hbts ou plus;1;52;808;118,2867288;De 5 à 10 000 entrées;NON;;C;138;99;0;43,6678995;27,91735748;10,08799898;18,32674404;36;46,44815712
7;260;28756;11278;43.180232;3.014167;43.180232, 3.014167;285975;OCCITANIE;11262;57320;11;11502;Narbonne;57320;05-Unités urbaines de 20 000 à 100 000 hbts;1;49;815;154,9742862;De 20 à 30 000 entrées;D;JP;I;203;124;34;73,12990206;8,233503727;12,7248605;5,911733718;185;94,950638
7;703;77541;43611;43.696032;7.258586;43.696032, 7.258586;290022;PROVENCE-ALPES-COTE D'AZUR;6088;346376;6;6701;Nice;966577;04-Unités urbaines de 100 000 hbts ou plus;5;53;9036;77,80147211;De 50 à 80 000 entrées;A;RD;C;203;162;156;66,06059021;6,000156969;14,63609251;13,30316032;187;97,02019674
7;3507;1124133;665249;43.413496;5.356466;43.413496, 5.356466;306521;PROVENCE-ALPES-COTE D'AZUR;13071;22174;13;759;Marseille - Aix-en-Provence;1630325;04-Unités urbaines de 100 000 hbts ou plus;16;53;29080;68,97928445;De 1 à 1,5 million d'entrées;NON;;B;255;200;199;25,35535396;56,91541771;13,42101544;4,308212887;55;3,972191909
7;626;119796;70473;42.701362;2.894282;42.701362, 2.894282;307502;OCCITANIE;66136;119447;66;66601;Perpignan;205745;04-Unités urbaines de 100 000 hbts ou plus;7;53;11073;69,98850624;De 100 à 150 000 entrées;A;RDJPPR;C;566;341;243;67,2423579;9,957025866;14,05713668;8,743479554;440;78,99853149
7;188;16568;7916;44.266447;4.644976;44.266447, 4.644976;320783;OCCITANIE;30202;10660;30;30304;Pont-Saint-Esprit;16099;06-autres communes et unités urbaines;2;50;1566;109,2976251;De 10 à 20 000 entrées;E;JPPR;C;179;140;31;57,11922636;28,63595877;9,32052424;4,924290622;89;34,71179539
7;200;2489;1271;43.697918;3.864705;43.697918, 3.864705;323840;OCCITANIE;34217;6111;34;34701;Montpellier;472000;04-Unités urbaines de 100 000 hbts ou plus;1;30;119;95,83005507;De 2 à 5 000 entrées;NON;;B;60;47;0;78,14383286;8,196062676;9,9638409;3,69626356;32;47,00683005
7;199;17378;7556;43.108927;6.020419;43.108927, 6.020419;323884;PROVENCE-ALPES-COTE D'AZUR;83098;10656;83;757;Toulon;598427;04-Unités urbaines de 100 000 hbts ou plus;1;47;537;129,9894124;De 10 à 20 000 entrées;C;;B;180;150;0;70,52170309;17,65855392;7,183040208;4,636702789;95;40,74732042
7;299;38384;25718;43.408726;3.698237;43.408726, 3.698237;362074;OCCITANIE;34301;45175;34;34502;Sète;94539;05-Unités urbaines de 20 000 à 100 000 hbts;3;52;3628;49,24955284;De 30 à 40 000 entrées;NON;;C;178;158;113;61,41938183;30,6678521;5,643010303;2,269755766;61;19,92835103
7;225;12058;7414;44.194031;5.94255;44.194031, 5.94255;364121;PROVENCE-ALPES-COTE D'AZUR;4209;7910;4;4204;Sisteron;7910;06-autres communes et unités urbaines;2;50;1200;62,63825196;De 10 à 20 000 entrées;NON;;I;141;121;19;58,55871132;28,97838067;7,554048326;4,908859686;36;18,38914794
7;150;635;103;43.19314;6.005894;43.19314, 6.005894;364961;PROVENCE-ALPES-COTE D'AZUR;83131;5975;83;757;Toulon;598427;04-Unités urbaines de 100 000 hbts ou plus;1;6;10;516,5048544;Moins de 2000 entrées;NON;;B;9;7;0;86,92913386;9,763779528;3,307086614;0;0;0
7;296;51461;28156;43.782561;4.087698;43.782561, 4.087698;365434;OCCITANIE;30321;5109;30;30208;Sommières;8147;06-autres communes et unités urbaines;3;52;3856;82,7709902;De 50 à 80 000 entrées;E;;C;208;170;94;54,53616352;31,93985849;10,08254717;3,441430818;103;25,56210692
7;152;19616;11718;44.803412;3.275679;44.803412, 3.275679;378233;OCCITANIE;48140;4814;48;48103;Saint-Chély-d'Apcher;4814;06-autres communes et unités urbaines;1;53;1274;67,4005803;De 10 à 20 000 entrées;E;JP;I;234;186;9;49,55319508;34,40678919;10,59967403;5,440341707;127;27,33659304
7;250;3821;2807;44.225131;6.93274;44.225131, 6.93274;384051;PROVENCE-ALPES-COTE D'AZUR;6120;1566;6;0;Zone rurale;14908533;04-Unités urbaines de 100 000 hbts ou plus;1;30;345;36,12397577;De 2 à 5 000 entrées;NON;;R;77;65;5;52,25603358;43,5204617;3,69884575;0,524658972;5;1,416579224
7;176;1531;925;42.38271;2.614735;42.38271, 2.614735;396771;OCCITANIE;66179;1050;66;0;Zone rurale;14908533;04-Unités urbaines de 100 000 hbts ou plus;1;49;70;65,51351351;Moins de 2000 entrées;NON;;R;63;54;1;62,50880902;24,94714588;10,21846371;2,325581395;11;17,26568006
7;134;14331;7061;43.638749;4.813461;43.638749, 4.813461;402493;PROVENCE-ALPES-COTE D'AZUR;13097;13661;13;13301;Saint-Martin-de-Crau;13661;06-autres communes et unités urbaines;1;51;810;102,9599207;De 10 à 20 000 entrées;E;;I;160;126;0;49,14523449;33,16187595;12,78366112;4,909228442;61;21,55068079
7;140;41095;21783;43.453509;5.860383;43.453509, 5.860383;405509;PROVENCE-ALPES-COTE D'AZUR;83116;18006;83;83309;Saint-Maximin-la-Sainte-Baume;18006;06-autres communes et unités urbaines;1;53;1342;88,6562916;De 40 à 50 000 entrées;NON;;I;140;107;50;33,31940929;49,14121434;13,344964;4,194412365;57;11,51681942
7;250;4309;2066;43.528827;3.517645;43.528827, 3.517645;409142;OCCITANIE;34281;2393;34;0;Zone rurale;14908533;04-Unités urbaines de 100 000 hbts ou plus;1;37;151;108,5672798;De 2 à 5 000 entrées;NON;;R;71;54;1;82,25255973;12,18167498;4,620635337;0,945129955;21;26,5949068
7;190;30031;17381;43.788778;4.829098;43.788778, 4.829098;414162;PROVENCE-ALPES-COTE D'AZUR;13100;9888;13;13302;Saint-Rémy-de-Provence;12949;06-autres communes et unités urbaines;1;53;1393;72,78062252;De 30 à 40 000 entrées;E;JPPR;C;314;244;49;55,61484603;24,25395962;10,96798314;9,163211203;160;31,59880362
7;200;4011;2430;44.369873;6.605179;44.369873, 6.605179;438461;PROVENCE-ALPES-COTE D'AZUR;4226;574;4;0;Zone rurale;14908533;04-Unités urbaines de 100 000 hbts ou plus;1;25;297;65,0617284;De 2 à 5 000 entrées;NON;;R;93;78;33;49,71328846;38,49414111;7,080528546;4,712041885;15;8,202443281
7;442;56984;33756;44.244391;5.067667;44.244391, 5.067667;439295;PROVENCE-ALPES-COTE D'AZUR;84137;6019;84;84203;Vaison-la-Romaine;7820;06-autres communes et unités urbaines;3;49;2901;68,81147055;De 50 à 80 000 entrées;E;RDJPPR;C;406;327;228;57,69154121;26,45433629;10,22881678;5,625305723;278;38,69413193
7;230;5100;1650;43.619739;7.039277;43.619739, 7.039277;439502;PROVENCE-ALPES-COTE D'AZUR;6152;13665;6;6701;Nice;966577;04-Unités urbaines de 100 000 hbts ou plus;1;40;110;209,0909091;De 5 à 10 000 entrées;NON;;B;55;24;0;45,39331248;31,12821746;14,50565312;8,972816935;32;76,9064229
7;230;16297;7552;43.641892;7.006394;43.641892, 7.006394;439503;PROVENCE-ALPES-COTE D'AZUR;6152;13665;6;6701;Nice;966577;04-Unités urbaines de 100 000 hbts ou plus;1;48;287;115,7971398;De 10 à 20 000 entrées;C;;B;180;132;3;55,38112351;11,68274384;22,05409495;10,8820377;161;91,53269025
7;388;1440;;43.577577;7.055416;43.577577, 7.055416;440617;PROVENCE-ALPES-COTE D'AZUR;6155;28168;6;6701;Nice;966577;04-Unités urbaines de 100 000 hbts ou plus;1;8;10;;Moins de 2000 entrées;NON;;B;10;0;0;36,80555556;26,80555556;20,69444444;15,69444444;10;100
7;400;7642;5988;43.701093;7.311425;43.701093, 7.311425;456305;PROVENCE-ALPES-COTE D'AZUR;6159;5037;6;6701;Nice;966577;04-Unités urbaines de 100 000 hbts ou plus;1;51;135;27,62191049;De 5 à 10 000 entrées;NON;;B;92;85;4;27,47971735;54,92017796;5,469772311;12,13033237;21;9,447788537
7;450;7750;3236;43.658327;7.12373;43.658327, 7.12373;720000;PROVENCE-ALPES-COTE D'AZUR;6161;16588;6;6701;Nice;966577;04-Unités urbaines de 100 000 hbts ou plus;1;44;115;139,4932015;De 5 à 10 000 entrées;NON;;B;109;86;1;64,72567288;15,8126294;15,73498965;3,726708075;59;53,0926501
7;1961;276977;161696;43.32208;3.271565;43.32208, 3.271565;720200;OCCITANIE;34336;4153;34;34501;Béziers;95454;05-Unités urbaines de 20 000 à 100 000 hbts;12;53;23239;71,29489907;De 200 à 300 000 entrées;NON;;B;224;185;182;32,43714603;51,91154396;11,4837671;4,167542912;29;1,720099493
7;1305;248669;144536;43.42402;6.769447;43.42402, 6.769447;721250;PROVENCE-ALPES-COTE D'AZUR;83118;36460;83;83502;Fréjus;101231;04-Unités urbaines de 100 000 hbts ou plus;7;53;10307;72,04641058;De 200 à 300 000 entrées;NON;;B;216;181;174;39,81347594;45,43787513;10,52540169;4,223247247;51;6,667689897
7;2446;274735;174695;43.437442;5.25529;43.437442, 5.25529;721900;PROVENCE-ALPES-COTE D'AZUR;13117;34814;13;759;Marseille - Aix-en-Provence;1630325;04-Unités urbaines de 100 000 hbts ou plus;12;53;23424;57,26551991;De 200 à 300 000 entrées;NON;;B;242;191;189;27,90209509;54,5271696;12,27834075;5,29239456;30;1,393678529
7;1214;140731;80938;43.836195;5.779884;43.836195, 5.779884;723960;PROVENCE-ALPES-COTE D'AZUR;4112;23689;4;4401;Manosque;32595;05-Unités urbaines de 20 000 à 100 000 hbts;8;53;15784;73,87506486;De 100 à 150 000 entrées;D;JP;C;282;206;162;34,55985498;49,10690521;11,74799117;4,585248649;122;10,44018099
7;1515;160108;7255;43.709927;7.288104;43.709927, 7.288104;725120;PROVENCE-ALPES-COTE D'AZUR;6088;346376;6;6701;Nice;966577;04-Unités urbaines de 100 000 hbts ou plus;10;53;17199;2106,864232;De 150 à 200 000 entrées;NON;;C;268;184;177;29,17788998;52,09035443;11,65699896;7,074756637;55;4,393690725
7;120;1019;;43.570504;6.696977;43.570504, 6.696977;725360;PROVENCE-ALPES-COTE D'AZUR;83117;1813;83;0;Zone rurale;14908533;04-Unités urbaines de 100 000 hbts ou plus;1;15;77;;Moins de 2000 entrées;NON;;R;33;32;0;46,0852329;42,91377602;3,468780971;7,532210109;10;44,69772052
8;134;1253;304;49.470467;5.957243;49.470467, 5.957243;29563;GRAND EST;57038;7172;57;366;Esch-sur-Alzette (LUX) - Villerupt (partie française);21670;05-Unités urbaines de 20 000 à 100 000 hbts;1;20;56;312,1710526;Moins de 2000 entrées;NON;;C;40;8;0;47,04198473;24,04580153;27,48091603;1,43129771;17;46,85114504
8;190;3206;1051;48.822643;6.507084;48.822643, 6.507084;104933;GRAND EST;57132;2542;57;57113;Château-Salins;2542;06-autres communes et unités urbaines;1;48;168;205,0428164;De 2 à 5 000 entrées;NON;;I;58;48;1;71,15319581;12,2421373;13,01995265;3,584714237;5;5,816706121
8;774;32461;18092;49.187501;6.899493;49.187501, 6.899493;164811;GRAND EST;57227;21797;57;57501;Sarrebruck (ALL) - Forbach (partie française);82563;05-Unités urbaines de 20 000 à 100 000 hbts;5;53;4648;79,42184391;De 30 à 40 000 entrées;NON;;C;172;140;77;22,75781298;54,90969611;18,40596684;3,926524071;60;9,4957776
8;1105;15319;;49.105987;6.181481;49.105987, 6.181481;260741;GRAND EST;57463;122036;57;57701;Metz;294649;04-Unités urbaines de 100 000 hbts ou plus;8;8;1726;;De 10 à 20 000 entrées;NON;;C;35;31;22;21,96543145;76,24067042;1,250491031;0,543407097;5;2,226004976
8;160;2801;1757;48.768553;7.258661;48.768553, 7.258661;310106;GRAND EST;57540;4939;57;57201;Phalsbourg;5296;06-autres communes et unités urbaines;1;49;149;59,419465;De 2 à 5 000 entrées;NON;;C;77;62;2;68,82970743;6,864216054;17,47936984;6,826706677;52;59,00225056
8;224;17119;12046;47.750793;7.411718;47.750793, 7.411718;338902;GRAND EST;68278;14245;68;68701;Mulhouse;249916;04-Unités urbaines de 100 000 hbts ou plus;1;50;954;42,11356467;De 10 à 20 000 entrées;C;JP;B;235;182;7;56,39923928;20,74381912;17,11629217;5,740649433;108;33,01401705
8;853;98500;63617;48.736261;7.05462;48.736261, 7.05462;353161;GRAND EST;57630;12582;57;57302;Sarrebourg;16227;06-autres communes et unités urbaines;5;53;5574;54,8328277;De 80 à 100 000 entrées;E;JP;C;220;158;129;39,18179288;45,25495532;12,32670563;3,236546172;84;9,028314625
8;1398;148038;95339;49.11063;7.070985;49.11063, 7.070985;353201;GRAND EST;57631;21017;57;57401;Sarreguemines (partie française);29248;05-Unités urbaines de 20 000 à 100 000 hbts;9;53;11209;55,27538573;De 100 à 150 000 entrées;D;;C;280;217;180;33,4084887;48,84167649;13,77659103;3,973243783;107;9,63578031
8;80;8303;4019;48.937213;7.087489;48.937213, 7.087489;353252;GRAND EST;67434;2836;67;67125;Sarre-Union;2836;06-autres communes et unités urbaines;1;49;316;106,59368;De 5 à 10 000 entrées;E;;I;141;89;1;47,27391874;17,88990826;26,26474443;8,571428571;52;31,84796855
8;225;4183;2587;48.935358;7.883424;48.935358, 7.883424;367453;GRAND EST;67474;3206;67;67115;Soultz-sous-Forêts;3206;06-autres communes et unités urbaines;1;38;79;61,69308079;De 2 à 5 000 entrées;NON;;I;44;27;0;28,72196704;24,77708727;45,52823561;0,972710078;3;2,134558228
8;2844;359896;214032;49.362347;6.111437;49.362347, 6.111437;426301;GRAND EST;57672;42117;57;57601;Thionville;138442;04-Unités urbaines de 100 000 hbts ou plus;10;53;15823;68,15055693;De 300 à 450 000 entrées;NON;;C;240;183;179;26,53337633;55,68189785;13,04628241;4,738443419;37;1,807271147
8;102;1816;1050;47.876905;7.309221;47.876905, 7.309221;437630;GRAND EST;68343;2455;68;68207;Ensisheim;10000;06-autres communes et unités urbaines;1;47;86;72,95238095;Moins de 2000 entrées;NON;;B;76;65;0;75,67567568;13,0977131;5,544005544;5,682605683;22;16,83991684
8;140;18585;9324;48.918237;7.370931;48.918237, 7.370931;468243;GRAND EST;67538;1605;67;0;Zone rurale;14908533;04-Unités urbaines de 100 000 hbts ou plus;1;48;649;99,32432432;De 10 à 20 000 entrées;E;JPPR;R;173;111;1;51,07899682;17,58797226;27,94374959;3,389281317;92;40,43159873
9;600;12875;5163;48.564457;6.411473;48.564457, 6.411473;57303;GRAND EST;54076;3991;54;54205;Blainville-sur-l'Eau;7156;06-autres communes et unités urbaines;1;48;303;149,370521;De 10 à 20 000 entrées;E;;C;127;82;5;57,17310298;20,93495935;16,57350949;5,318428184;49;25,98238482
9;215;16129;10478;48.763489;5.589497;48.763489, 5.589497;118135;GRAND EST;55122;5578;55;55203;Commercy;5578;06-autres communes et unités urbaines;1;49;425;53,9320481;De 10 à 20 000 entrées;E;;I;168;138;0;54,08716468;29,56417658;12,10307681;4,245581919;71;32,83813279
9;159;5987;3249;49.168276;5.857616;49.168276, 5.857616;119281;GRAND EST;54136;2410;54;54301;Jarny;12391;06-autres communes et unités urbaines;1;52;242;84,27208372;De 5 à 10 000 entrées;NON;;B;71;63;5;38,01878736;47,13919727;12,46797609;2,374039283;13;4,508966695
9;168;5158;2907;47.553711;5.676507;47.553711, 5.676507;133621;BOURGOGNE-FRANCHE-COMTE;70198;1258;70;0;Zone rurale;14908533;04-Unités urbaines de 100 000 hbts ou plus;1;44;183;77,43378053;De 5 à 10 000 entrées;NON;;R;88;70;0;61,49156675;24,28368218;9,144482829;5,080268238;13;11,54236944
9;390;16164;10716;48.069277;6.867186;48.069277, 6.867186;175923;GRAND EST;88196;8442;88;88301;Gérardmer;9974;06-autres communes et unités urbaines;1;53;886;50,83986562;De 10 à 20 000 entrées;NON;;C;72;65;42;49,98762683;40,98614204;7,677555061;1,34867607;3;1,453848057
9;252;30546;22983;47.448741;5.587904;47.448741, 5.587904;184581;BOURGOGNE-FRANCHE-COMTE;70279;5980;70;70301;Gray;10000;06-autres communes et unités urbaines;2;51;1639;32,90693121;De 30 à 40 000 entrées;E;JPPR;C;212;135;28;49,54839603;36,4120843;8,904038482;5,135481192;111;25,62895802
9;100;3278;1245;48.842059;6.241568;48.842059, 6.241568;204111;GRAND EST;54276;794;54;0;Zone rurale;14908533;04-Unités urbaines de 100 000 hbts ou plus;1;31;100;163,2931727;De 2 à 5 000 entrées;NON;;R;35;24;0;96,65413534;2,218045113;0,526315789;0,601503759;17;51,80451128
9;551;81837;48471;48.593047;6.489720;48.593047, 6.48972;236594;GRAND EST;54329;18160;54;54403;Lunéville;21872;05-Unités urbaines de 20 000 à 100 000 hbts;4;53;5324;68,83703658;De 80 à 100 000 entrées;D;;C;222;174;120;48,61680005;39,25263092;9,428445397;2,702123637;76;10,11279854
9;352;34855;19684;47.686072;6.497922;47.686072, 6.497922;236833;BOURGOGNE-FRANCHE-COMTE;70310;8143;70;70302;Lure;11050;06-autres communes et unités urbaines;2;53;1417;77,07274944;De 30 à 40 000 entrées;E;;C;212;154;13;48,55871886;33,14946619;13,14353499;5,148279953;78;20,6346382
9;2644;439433;277023;48.691512;6.195241;48.691512, 6.195241;284207;GRAND EST;54395;105885;54;54701;Nancy;290016;04-Unités urbaines de 100 000 hbts ou plus;10;53;15810;58,62690102;De 300 à 450 000 entrées;NON;;C;254;178;174;25,79049585;55,63616341;13,97953753;4,593803204;26;1,873460765
9;82;1938;903;47.763891;6.743534;47.763891, 6.743534;313151;BOURGOGNE-FRANCHE-COMTE;70414;969;70;70101;Plancher-les-Mines;2876;06-autres communes et unités urbaines;1;45;104;114,6179402;Moins de 2000 entrées;NON;;B;53;42;0;61,17196057;27,05366922;10,51478642;1,25958379;4;10,24096386
9;400;3726;1937;47.963557;6.457663;47.963557, 6.457663;314931;GRAND EST;88351;1599;88;0;Zone rurale;14908533;04-Unités urbaines de 100 000 hbts ou plus;1;53;191;92,35931853;De 2 à 5 000 entrées;NON;;R;80;58;5;89,74571587;6,661138751;1,271420674;2,32172471;24;29,60199005
9;403;16954;9936;48.406279;6.8448;48.406279, 6.8448;331964;GRAND EST;88372;6247;88;266;Raon-l'Étape;7954;06-autres communes et unités urbaines;1;53;597;70,63204509;De 10 à 20 000 entrées;NON;;C;123;103;20;46,56856759;42,15410917;8,719013311;2,558309928;31;10,09280742
9;210;10714;7580;49.487702;5.197037;49.487702, 5.197037;368614;GRAND EST;55502;2623;55;55105;Stenay;3075;06-autres communes et unités urbaines;1;48;656;41,34564644;De 10 à 20 000 entrées;NON;;C;133;104;11;35,46870408;45,41091194;14,54598883;4,574395142;22;13,54687041
9;96;12543;6245;48.284368;6.952934;48.284368, 6.952934;382423;GRAND EST;88413;19936;88;88403;Saint-Dié-des-Vosges;41650;05-Unités urbaines de 20 000 à 100 000 hbts;1;48;761;100,8486789;De 10 à 20 000 entrées;D;JPPR;C;149;88;3;68,72472365;9,670171655;14,60411611;7,000988586;134;86,82484048
9;246;27711;12918;48.676183;5.893159;48.676183, 5.893159;429814;GRAND EST;54528;16107;54;54402;Toul;23348;05-Unités urbaines de 20 000 à 100 000 hbts;1;50;1019;114,5146307;De 20 à 30 000 entrées;D;JP;C;304;238;2;64,20205561;21,32897777;9,700422277;4,768544339;178;46,98430404
9;370;5896;1973;47.636582;6.166288;47.636582, 6.166288;450575;BOURGOGNE-FRANCHE-COMTE;70550;15626;70;70401;Vesoul;29433;05-Unités urbaines de 20 000 à 100 000 hbts;1;23;90;198,8342625;De 5 à 10 000 entrées;NON;;C;47;21;0;30,18753781;17,76567856;28,55414398;23,49263965;23;72,917927
1;1597;206777;169651;48.869654;2.306873;48.869654, 2.306873;54;ILE-DE-FRANCE;75108;36218;75;851;Paris;10949158;01-Paris;6;53;7911;21,88374958;De 200 à 300 000 entrées;NON;;C;132;101;86;20,45010411;59,50490517;14,71304879;5,331941935;17;2,988388062
1;1138;269401;181402;48.870632;2.334338;48.870632, 2.334338;321;ILE-DE-FRANCE;75102;21277;75;851;Paris;10949158;01-Paris;6;53;9024;48,51049051;De 200 à 300 000 entrées;NON;;C;128;107;89;42,56332091;36,77731361;14,43227579;6,227089684;54;30,19269128
1;2876;463860;475104;48.843074;2.324424;48.843074, 2.324424;481;ILE-DE-FRANCE;75114;134926;75;851;Paris;10949158;01-Paris;15;53;20220;-2,366639725;De 450 à 700 000 entrées;NON;;C;259;222;189;45,45930084;31,57609144;18,5591311;4,405476621;122;32,41824788
1;736;20543;3804;48.843752;2.324925;48.843752, 2.324925;803;ILE-DE-FRANCE;75106;40452;75;851;Paris;10949158;01-Paris;2;51;2420;440,0368034;De 20 à 30 000 entrées;NON;;C;54;52;26;9,852504503;71,450129;10,69950835;7,997858151;7;3,17869834
1;148;38871;14232;48.844244;2.330407;48.844244, 2.330407;814;ILE-DE-FRANCE;75106;40452;75;851;Paris;10949158;01-Paris;3;53;5611;173,123946;De 30 à 40 000 entrées;A;RDJPPR;C;281;155;11;53,36213811;14,44464568;24,01748985;8,175726372;248;91,96398541
1;3896;2221205;1408789;48.861424;2.345829;48.861424, 2.345829;1681;ILE-DE-FRANCE;75101;16149;75;851;Paris;10949158;01-Paris;27;53;61489;57,6676848;Plus de 2 millions d'entrées;NON;;C;567;419;403;40,44665683;35,3489861;15,89579448;8,308562588;345;40,98046225
1;137;3503;;48.875715;2.294655;48.875715, 2.294655;2543;ILE-DE-FRANCE;75117;167765;75;851;Paris;10949158;01-Paris;1;17;258;;De 2 à 5 000 entrées;NON;;C;44;4;0;64,07599309;34,22567645;1,698330455;0;35;88,05411629
1;1263;377741;245633;48.837759;2.296259;48.837759, 2.296259;7394;ILE-DE-FRANCE;75115;231186;75;851;Paris;10949158;01-Paris;9;53;16389;53,78267578;De 300 à 450 000 entrées;NON;;C;233;200;175;58,8172907;19,64566929;13,7607799;7,77626011;149;56,29385613
1;1384;354276;236317;48.828166;2.327463;48.828166, 2.327463;8132;ILE-DE-FRANCE;75114;134926;75;851;Paris;10949158;01-Paris;8;53;15694;49,9155795;De 300 à 450 000 entrées;NON;;C;244;198;137;40,83157808;38,76175356;15,38031814;5,026350217;99;18,52866316
1;591;119071;56442;48.851278;2.330648;48.851278, 2.330648;8291;ILE-DE-FRANCE;75106;40452;75;851;Paris;10949158;01-Paris;3;53;5306;110,9616952;De 100 à 150 000 entrées;A;RDPR;C;281;113;65;45,08935849;16,35221745;21,98742203;16,57100203;162;89,94363079
1;210;37271;19574;48.853093;2.344228;48.853093, 2.344228;8361;ILE-DE-FRANCE;75105;58050;75;851;Paris;10949158;01-Paris;2;53;4194;90,41074895;De 30 à 40 000 entrées;A;RD;C;79;36;36;63,03023799;2,159856188;20,64607872;14,1638271;71;89,58171232
1;200;54897;28503;48.848384;2.348973;48.848384, 2.348973;8374;ILE-DE-FRANCE;75105;58050;75;851;Paris;10949158;01-Paris;2;53;3215;92,60077887;De 50 à 80 000 entrées;A;PR;C;400;6;1;36,18694963;46,03736045;11,31130025;6,464389669;336;86,84646844
1;164;112415;53849;48.849504;2.342788;48.849504, 2.342788;8425;ILE-DE-FRANCE;75105;58050;75;851;Paris;10949158;01-Paris;2;53;3609;108,7596798;De 100 à 150 000 entrées;A;;C;535;1;1;15,78496772;51,641815;14,66129205;17,91192523;479;95,91909535
1;329;76214;38331;48.836817;2.349632;48.836817, 2.349632;8661;ILE-DE-FRANCE;75113;179013;75;851;Paris;10949158;01-Paris;2;51;3529;98,83123321;De 50 à 80 000 entrées;A;RDJP;C;193;105;54;68,13268992;6,559713286;9,813466531;15,49413026;169;95,84744328
1;520;110360;67946;48.832993;2.378615;48.832993, 2.378615;9616;ILE-DE-FRANCE;75113;179013;75;851;Paris;10949158;01-Paris;4;53;9035;62,4231007;De 100 à 150 000 entrées;NON;;C;279;181;58;46,90956645;15,69010298;9,774415606;27,62591496;181;77,17638084
1;1962;632788;421618;48.848895;2.282585;48.848895, 2.282585;9700;ILE-DE-FRANCE;75115;231186;75;851;Paris;10949158;01-Paris;10;53;18824;50,08562253;De 450 à 700 000 entrées;NON;;C;237;192;139;32,93636684;46,63131225;15,55057377;4,881747142;91;12,87667039
1;2790;296834;204005;48.898991;2.376757;48.898991, 2.376757;9906;ILE-DE-FRANCE;75119;184156;75;851;Paris;10949158;01-Paris;14;53;24638;45,50329649;De 200 à 300 000 entrées;NON;;C;361;272;238;35,82944722;45,63562496;13,09818663;5,436741195;178;20,84095372
2;209;3039;1033;48.724181;2.420302;48.724181, 2.420302;10552;ILE-DE-FRANCE;94001;5938;94;851;Paris;10949158;02-Petite Couronne;1;43;131;194,1916747;De 2 à 5 000 entrées;NON;;B;103;86;2;41,04534973;40,54573405;13,10530361;5,303612606;53;34,35818601
2;328;20396;12479;48.801352;2.330702;48.801352, 2.330702;22634;ILE-DE-FRANCE;94003;21962;94;851;Paris;10949158;02-Petite Couronne;2;49;2123;63,44258354;De 20 à 30 000 entrées;C;RDJPPR;B;358;253;3;61,64399421;11,43849493;14,12445731;12,79305355;286;80,37626628
2;175;9731;4543;48.7102;2.388137;48.7102, 2.388137;27573;ILE-DE-FRANCE;91027;35927;91;851;Paris;10949158;03-Grande couronne;1;49;626;114,1976667;De 5 à 10 000 entrées;C;;B;209;165;2;49,27666112;27,12840865;19,93342722;3,661503009;124;64,34515427
2;292;7868;5420;48.855732;1.875104;48.855732, 1.875104;54292;ILE-DE-FRANCE;78062;7697;78;78205;Beynes;8220;03-Grande couronne;1;41;336;45,16605166;De 5 à 10 000 entrées;E;JP;C;138;110;1;71,76632302;14,63917526;12,24742268;1,347079038;68;49,56701031
2;598;27503;14373;48.931156;2.207081;48.931156, 2.207081;54692;ILE-DE-FRANCE;95063;31978;95;851;Paris;10949158;03-Grande couronne;2;53;1538;91,35184026;De 20 à 30 000 entrées;C;JP;B;283;223;9;48,34458245;28,0003195;12,40464875;11,2504493;146;44,21103079
2;447;49870;29623;48.941761;2.457313;48.941761, 2.457313;57582;ILE-DE-FRANCE;93007;58116;93;851;Paris;10949158;02-Petite Couronne;3;53;3534;68,34891807;De 40 à 50 000 entrées;C;JP;B;287;222;46;52,78206088;27,23467994;12,57984933;7,403409842;154;28,9418036
2;400;11279;5211;48.909510;2.436542;48.90951, 2.436542;59033;ILE-DE-FRANCE;93008;55066;93;851;Paris;10949158;02-Petite Couronne;1;42;671;116,4459797;De 10 à 20 000 entrées;C;RDJPPR;B;173;122;1;50,56145675;39,00859889;4,957005564;5,472938796;112;64,19828022
2;300;10647;6517;48.916548;2.266897;48.916548, 2.266897;59604;ILE-DE-FRANCE;92009;29817;92;851;Paris;10949158;02-Petite Couronne;1;47;377;63,37271751;De 10 à 20 000 entrées;NON;;B;107;69;0;61,14875766;21,38324191;10,16456922;7,303431214;54;47,90792729
2;338;10561;4607;48.800013;2.023763;48.800013, 2.023763;59690;ILE-DE-FRANCE;78073;15184;78;851;Paris;10949158;03-Grande couronne;1;40;599;129,2381159;De 10 à 20 000 entrées;NON;;B;184;148;1;62,21421215;27,06488157;6,426364573;4,29454171;80;40,29866117
2;245;8473;3070;48.774577;2.486664;48.774577, 2.486664;62121;ILE-DE-FRANCE;94011;18488;94;851;Paris;10949158;02-Petite Couronne;1;44;476;175,9934853;De 5 à 10 000 entrées;NON;;B;114;91;1;58,90080024;25,23025819;11,18828326;4,680658312;44;43,21304545
2;944;97939;64401;48.814397;2.508133;48.814397, 2.508133;97431;ILE-DE-FRANCE;94017;77751;94;851;Paris;10949158;02-Petite Couronne;5;53;8223;52,07683111;De 80 à 100 000 entrées;C;JP;B;270;192;118;28,07153142;53,71844825;11,20193122;7,008089107;140;16,89712858
2;380;37609;20876;48.603813;2.469302;48.603813, 2.469302;120293;ILE-DE-FRANCE;91174;52613;91;851;Paris;10949158;03-Grande couronne;3;53;3670;80,15424411;De 30 à 40 000 entrées;C;JPPR;B;354;251;91;45,14021011;37,02263766;13,53572118;4,301431053;197;35,37099843
2;139;39241;21984;48.901327;2.271867;48.901327, 2.271867;123914;ILE-DE-FRANCE;92026;82701;92;851;Paris;10949158;02-Petite Couronne;1;50;1518;78,49799854;De 30 à 40 000 entrées;C;JP;B;267;170;2;57,00246404;19,87565183;11,29734686;11,82453728;180;65,63234199
2;345;7498;3001;48.992968;2.278288;48.992968, 2.278288;144262;ILE-DE-FRANCE;95203;25782;95;851;Paris;10949158;03-Grande couronne;1;35;111;149,85005;De 5 à 10 000 entrées;NON;;B;68;48;0;55,22929128;15,26191771;7,377197752;22,13159326;57;82,59923872
2;944;61256;36613;48.404394;2.699594;48.404394, 2.699594;162844;ILE-DE-FRANCE;77186;16368;77;77406;Fontainebleau;38052;03-Grande couronne;5;53;6476;67,30669434;De 50 à 80 000 entrées;D;RDJPPR;C;306;199;158;75,03859661;6,921941537;11,32619649;6,713265358;241;75,55265256
2;450;10589;4664;48.884043;2.529952;48.884043, 2.529952;172043;ILE-DE-FRANCE;93032;39817;93;851;Paris;10949158;02-Petite Couronne;1;48;534;127,0368782;De 10 à 20 000 entrées;C;;B;220;171;0;62,12090372;20,92407897;11,00142479;5,95359251;132;67,54528801
2;739;74293;47512;49.110771;2.211976;49.110771, 2.211976;201524;ILE-DE-FRANCE;95313;11923;95;851;Paris;10949158;03-Grande couronne;5;53;6281;56,36681259;De 50 à 80 000 entrées;C;;B;312;225;129;49,11778929;35,35751295;10,81036269;4,71433506;131;12,83868739
2;376;18275;14057;48.825247;2.271161;48.825247, 2.271161;202214;ILE-DE-FRANCE;92040;68641;92;851;Paris;10949158;02-Petite Couronne;1;47;457;30,0064025;De 10 à 20 000 entrées;NON;;B;99;81;17;61,62141021;29,45580512;7,458933959;1,46385071;52;38,17744999
2;123;13353;6265;48.688996;2.376314;48.688996, 2.376314;206924;ILE-DE-FRANCE;91326;17773;91;851;Paris;10949158;03-Grande couronne;1;49;915;113,1364725;De 10 à 20 000 entrées;C;;B;243;176;3;55,8011497;24,3543033;16,04728362;3,797263379;149;67,12007125
2;1538;337870;239649;48.891726;2.296363;48.891726, 2.296363;224413;ILE-DE-FRANCE;92044;67809;92;851;Paris;10949158;02-Petite Couronne;8;53;11450;40,98535775;De 300 à 450 000 entrées;NON;;B;247;202;150;32,88522982;49,72522328;14,06755733;3,321989568;100;9,310308957
2;406;13968;7909;48.801474;2.430493;48.801474, 2.430493;241923;ILE-DE-FRANCE;94046;57944;94;851;Paris;10949158;02-Petite Couronne;1;41;173;76,60892654;De 10 à 20 000 entrées;NON;;B;90;83;0;82,93061405;9,199733984;5,85975024;2,009901722;55;52,36089559
2;336;46625;27639;48.871284;2.095564;48.871284, 2.095564;248192;ILE-DE-FRANCE;78372;16857;78;851;Paris;10949158;03-Grande couronne;2;53;2555;68,69278917;De 40 à 50 000 entrées;C;JPPR;B;305;214;69;72,96875;13,27678571;9,366071429;4,388392857;194;53,03125
2;566;36147;20537;48.533449;2.6548;48.533449, 2.6548;255991;ILE-DE-FRANCE;77288;41867;77;851;Paris;10949158;03-Grande couronne;3;53;3093;76,00915421;De 30 à 40 000 entrées;C;JP;B;332;223;76;51,77948973;31,14033803;12,49011395;4,590058291;173;39,36260582
2;458;19581;11563;48.81334;2.235774;48.81334, 2.235774;260903;ILE-DE-FRANCE;92048;46517;92;851;Paris;10949158;02-Petite Couronne;1;47;488;69,3418663;De 10 à 20 000 entrées;NON;;B;227;139;0;52,56644469;21,46266722;16,35335023;9,617537863;163;67,98279215
2;132;7492;2329;48.555127;3.0133;48.555127, 3.0133;284362;ILE-DE-FRANCE;77327;8990;77;77208;Nangis;8990;03-Grande couronne;1;42;591;221,6831258;De 5 à 10 000 entrées;E;JPPR;I;131;91;0;51,46189487;26,68157853;14,23550088;7,621025723;55;51,54177984
2;1491;130146;61109;48.900167;2.21295;48.900167, 2.21295;284502;ILE-DE-FRANCE;92050;96402;92;851;Paris;10949158;02-Petite Couronne;10;53;19005;112,9735391;De 100 à 150 000 entrées;NON;;B;225;165;161;18,43528024;59,33332819;11,56417989;10,66721169;19;1,537108878
2;507;25690;15102;48.265654;2.695374;48.265654, 2.695374;286831;ILE-DE-FRANCE;77333;13109;77;77401;Nemours;21148;03-Grande couronne;3;53;2390;70,10991922;De 20 à 30 000 entrées;NON;;C;134;92;47;31,96890763;50,38038535;15,24022162;2,410485405;55;15,60820309
2;388;13366;8942;48.742445;2.395558;48.742445, 2.395558;298964;ILE-DE-FRANCE;94054;24526;94;851;Paris;10949158;02-Petite Couronne;1;46;421;49,47439052;De 10 à 20 000 entrées;NON;;B;143;92;0;38,50970018;32,6984127;22,01058201;6,781305115;64;47,21340388
2;171;8165;5042;48.762604;2.664715;48.762604, 2.664715;301781;ILE-DE-FRANCE;77350;20921;77;851;Paris;10949158;03-Grande couronne;1;53;459;61,93970647;De 5 à 10 000 entrées;NON;;B;116;99;1;73,74114137;11,0282233;12,44560487;2,785030461;33;27,61407435
2;457;76341;50331;48.89218;2.408907;48.89218, 2.408907;303281;ILE-DE-FRANCE;93055;60597;93;851;Paris;10949158;02-Petite Couronne;3;48;3062;51,67789235;De 50 à 80 000 entrées;C;RDJPPR;B;281;165;73;65,07515082;17,05385194;6,63303686;11,23796038;218;83,61874419
2;295;43352;25235;48.803412;2.611316;48.803412, 2.611316;318801;ILE-DE-FRANCE;77373;37804;77;851;Paris;10949158;03-Grande couronne;2;50;2742;71,79314444;De 40 à 50 000 entrées;C;JP;B;271;203;16;46,11073101;32,08252197;14,97026472;6,83648229;142;38,46902795
2;570;74307;45341;48.559158;3.304398;48.559158, 3.304398;326550;ILE-DE-FRANCE;77379;12394;77;77303;Provins;13717;03-Grande couronne;4;53;6466;63,88478419;De 50 à 80 000 entrées;E;;C;217;153;86;34,03195797;49,86866586;13,40839444;2,690981723;106;11,26463828
2;688;96002;63062;48.862565;2.194794;48.862565, 2.194794;347175;ILE-DE-FRANCE;92063;79713;92;851;Paris;10949158;02-Petite Couronne;3;53;3882;52,23430909;De 80 à 100 000 entrées;NON;;B;128;99;67;25,72989423;59,35733381;11,66457094;3,248201021;41;5,835983812
2;168;14850;5149;48.799763;2.067533;48.799763, 2.067533;381152;ILE-DE-FRANCE;78545;21244;78;851;Paris;10949158;03-Grande couronne;1;47;731;188,4055156;De 10 à 20 000 entrées;C;JP;B;192;159;1;63,60706063;21,33537989;11,48887183;3,568687644;116;49,90023024
2;742;115221;73467;48.896605;2.090977;48.896605, 2.090977;388971;ILE-DE-FRANCE;78551;46171;78;851;Paris;10949158;03-Grande couronne;5;53;7003;56,83368043;De 100 à 150 000 entrées;C;;B;229;135;104;49,6713215;34,1347408;12,34631237;3,847625341;120;30,21755387
2;668;59887;34095;48.904144;2.339193;48.904144, 2.339193;408441;ILE-DE-FRANCE;93070;51656;93;851;Paris;10949158;02-Petite Couronne;2;50;2615;75,64745564;De 50 à 80 000 entrées;C;RDJPPR;B;258;182;37;63,57375206;19,92088671;9,875105417;6,630255813;208;75,16766395
2;524;64405;33776;48.99649;2.550261;48.99649, 2.550261;433972;ILE-DE-FRANCE;93073;36653;93;851;Paris;10949158;02-Petite Couronne;3;52;4139;90,6827333;De 50 à 80 000 entrées;C;PR;B;300;201;41;44,93042822;38,48560026;8,855571136;7,728400388;205;41,34577356
2;2380;582447;363971;48.991044;2.524032;48.991044, 2.524032;433975;ILE-DE-FRANCE;93073;36653;93;851;Paris;10949158;02-Petite Couronne;12;53;19971;60,02566139;De 450 à 700 000 entrées;NON;;B;181;122;116;15,02321925;67,63991023;13,40804176;3,928828764;21;1,41573669
2;295;30505;20029;48.837881;2.157499;48.837881, 2.157499;443601;ILE-DE-FRANCE;92076;8941;92;851;Paris;10949158;02-Petite Couronne;2;52;2334;52,30415897;De 30 à 40 000 entrées;C;;B;245;162;47;72,65983275;12,67197194;10,25424872;4,413946588;145;47,83180469
2;491;24994;16808;48.754993;2.269638;48.754993, 2.269638;449542;ILE-DE-FRANCE;91645;14931;91;851;Paris;10949158;03-Grande couronne;2;49;1724;48,70299857;De 20 à 30 000 entrées;C;JP;B;271;202;5;67,73118461;13,68967263;14,3477894;4,231353358;173;54,00354371
2;279;4860;2961;48.824654;2.18397;48.824654, 2.18397;455770;ILE-DE-FRANCE;92077;11170;92;851;Paris;10949158;02-Petite Couronne;1;48;323;64,1337386;De 2 à 5 000 entrées;C;;B;221;185;0;64,62434713;14,38328646;14,58417035;6,408196063;128;57,71394134
2;220;19197;10379;48.826124;2.542402;48.826124, 2.542402;461663;ILE-DE-FRANCE;94079;29820;94;851;Paris;10949158;02-Petite Couronne;1;51;1076;84,96001542;De 10 à 20 000 entrées;C;;B;270;202;3;56,3646436;18,20755878;11,41819525;14,00960236;161;51,79736551
2;551;64674;38867;48.681815;2.379391;48.681815, 2.379391;463353;ILE-DE-FRANCE;91687;31297;91;851;Paris;10949158;03-Grande couronne;3;53;3413;66,39822986;De 50 à 80 000 entrées;C;JP;B;346;228;41;44,71506836;37,05798242;14,64743023;3,579518982;214;28,98157222
2;509;58289;34208;48.790948;2.388152;48.790948, 2.388152;463931;ILE-DE-FRANCE;94081;96138;94;851;Paris;10949158;02-Petite Couronne;3;53;4702;70,39581384;De 50 à 80 000 entrées;C;RDJPPR;B;432;297;49;46,99683878;31,96542169;14,49478984;6,542949694;282;43,63852789
2;3728;354153;234993;48.930677;2.320895;48.930677, 2.320895;575001;ILE-DE-FRANCE;92078;24670;92;851;Paris;10949158;02-Petite Couronne;18;53;29616;50,70789343;De 300 à 450 000 entrées;NON;;B;277;206;204;22,61203013;59,49281956;11,55935096;6,335799343;57;2,798704638
2;1209;170882;99839;48.718766;2.589559;48.718766, 2.589559;724440;ILE-DE-FRANCE;77450;3359;77;851;Paris;10949158;03-Grande couronne;9;53;14250;71,15756368;De 150 à 200 000 entrées;NON;;B;229;165;158;27,9581621;56,25121605;11,20708461;4,583537236;19;1,070120927
3;79;8176;4729;49.048659;-1.595352;49.048659, -1.595352;11854;NORMANDIE;50003;2933;50;50203;Agon-Coutainville;8688;06-autres communes et unités urbaines;1;53;491;72,89067456;De 5 à 10 000 entrées;E;;C;190;162;1;67,88244555;20,27027027;7,294673314;4,552610863;102;38,55943322
3;286;6048;5854;46.431926;1.830697;46.431926, 1.830697;12612;CENTRE-VAL DE LOIRE;36001;1412;36;0;Zone rurale;14908533;04-Unités urbaines de 100 000 hbts ou plus;1;32;401;3,313973352;De 5 à 10 000 entrées;E;;R;97;81;1;75,92497869;20,17050298;3,665814152;0,238704177;47;35,61807332
3;2682;528274;337007;49.889445;2.304933;49.889445, 2.304933;17326;HAUTS DE FRANCE;80021;136808;80;80601;Amiens;167863;04-Unités urbaines de 100 000 hbts ou plus;12;53;19101;56,75460747;De 450 à 700 000 entrées;NON;;C;330;267;216;36,05619425;47,28166327;12,96925718;3,692885298;134;8,101102245
3;2522;527103;325142;47.478647;-0.549339;47.478647, -0.549339;18866;PAYS DE LA LOIRE;49007;159103;49;49701;Angers;238801;04-Unités urbaines de 100 000 hbts ou plus;12;53;18899;62,11470681;De 450 à 700 000 entrées;NON;;C;323;247;194;34,37255038;49,41631699;12,86811608;3,343016554;109;5,970742841
3;246;28525;20706;47.546509;-2.910816;47.546509, -2.910816;26402;BRETAGNE;56005;2305;56;56102;Arzon;2305;06-autres communes et unités urbaines;2;52;2172;37,76200135;De 20 à 30 000 entrées;E;JPPR;I;199;164;57;72,20731838;17,67357013;5,930536181;4,188575312;112;43,1519834
3;163;10588;7228;47.488316;2.43949;47.488316, 2.43949;28732;CENTRE-VAL DE LOIRE;18015;5623;18;18201;Aubigny-sur-Nère;5623;06-autres communes et unités urbaines;1;53;766;46,48588821;De 10 à 20 000 entrées;E;JP;I;263;207;1;45,93874834;36,04424869;14,13499949;3,882003483;135;26,90771279
3;439;10840;7949;48.230581;4.709869;48.230581, 4.709869;40293;GRAND EST;10033;4968;10;10201;Bar-sur-Aube;5210;06-autres communes et unités urbaines;2;36;811;36,36935464;De 10 à 20 000 entrées;E;RDJPPR;C;156;100;7;41,03935419;33,69323915;22,81533804;2,452068618;86;30,94853683
3;200;23640;12845;47.777284;1.628684;47.777284, 1.628684;44131;CENTRE-VAL DE LOIRE;45028;7571;45;45207;Beaugency;8952;06-autres communes et unités urbaines;1;48;695;84,04048268;De 20 à 30 000 entrées;E;JP;C;193;157;25;56,46643766;30,23860366;7,993686751;5,301271934;87;25,37368861
3;2108;324053;199633;49.426913;2.091861;49.426913, 2.091861;45877;HAUTS DE FRANCE;60057;58306;60;60501;Beauvais;62875;05-Unités urbaines de 20 000 à 100 000 hbts;12;53;23453;62,32436521;De 300 à 450 000 entrées;D;JPPR;C;402;303;265;33,90925228;49,63999875;12,31758587;4,133163091;191;7,031235402
3;683;57682;34345;47.590803;1.335364;47.590803, 1.335364;58735;CENTRE-VAL DE LOIRE;41018;48127;41;41501;Blois;70156;05-Unités urbaines de 20 000 à 100 000 hbts;3;53;4579;67,94875528;De 50 à 80 000 entrées;D;RDJPPR;C;376;238;141;71,39967337;11,00883379;9,134436939;8,457055898;315;89,94692302
3;150;7324;4400;47.950629;5.747761;47.950629, 5.747761;67324;GRAND EST;52060;2024;52;52101;Bourbonne-les-Bains;2024;06-autres communes et unités urbaines;1;53;964;66,45454545;De 5 à 10 000 entrées;NON;;I;94;78;1;64,05602401;18,76518508;14,3061312;2,872659711;18;18,75089324
3;2510;319353;202630;47.082905;2.387262;47.082905, 2.387262;68046;CENTRE-VAL DE LOIRE;18033;66385;18;18501;Bourges;83365;05-Unités urbaines de 20 000 à 100 000 hbts;12;53;23360;57,6040073;De 300 à 450 000 entrées;NON;;C;273;219;215;36,26938113;48,09981555;11,76748314;3,863320177;60;3,829955997
3;991;138693;80673;48.028980;-1.753490;48.02898, -1.75349;77733;BRETAGNE;35047;19561;35;35701;Rennes;351058;04-Unités urbaines de 100 000 hbts ou plus;6;53;8694;71,91997323;De 100 à 150 000 entrées;NON;;B;295;201;95;38,85987752;47,69226294;10,94229566;2,505563879;169;9,813519135
3;768;3854;2354;49.17442;-0.333727;49.17442, -0.333727;81414;NORMANDIE;14118;109401;14;14601;Caen;206642;04-Unités urbaines de 100 000 hbts ou plus;1;23;26;63,7213254;De 2 à 5 000 entrées;NON;;C;26;14;2;67,36760125;16,22533749;13,18795431;3,219106957;20;79,33541018
3;148;8152;5383;48.404288;-3.427185;48.404288, -3.427185;82392;BRETAGNE;22025;2263;22;0;Zone rurale;14908533;04-Unités urbaines de 100 000 hbts ou plus;1;52;619;51,43971763;De 5 à 10 000 entrées;E;JPPR;R;314;255;1;56,11078546;24,82415006;15,32825322;3,736811254;190;49,20867526
3;500;5767;3563;47.41167;-1.965724;47.41167, -1.965724;83601;PAYS DE LA LOIRE;44025;4016;44;0;Zone rurale;14908533;04-Unités urbaines de 100 000 hbts ou plus;1;53;312;61,85798484;De 5 à 10 000 entrées;E;;R;144;117;1;75,2653238;15,35629196;8,143816331;1,234567901;47;29,58631146
3;412;44058;29752;48.071336;1.331864;48.071336, 1.331864;104181;CENTRE-VAL DE LOIRE;28088;13259;28;28302;Châteaudun;17477;06-autres communes et unités urbaines;3;53;2883;48,08416241;De 40 à 50 000 entrées;E;JP;C;240;187;91;41,39115102;41,4630751;13,25491288;3,890861001;92;14,50546391
3;182;14575;8350;48.045827;-1.499092;48.045827, -1.499092;104282;BRETAGNE;35069;10808;35;35217;Châteaugiron;14631;06-autres communes et unités urbaines;1;49;362;74,5508982;De 10 à 20 000 entrées;E;;C;198;158;5;69,40507824;20,96250369;6,79067021;2,841747859;70;35,07528787
3;445;65921;50145;47.826896;-0.705609;47.826896, -0.705609;104301;PAYS DE LA LOIRE;53062;17535;53;53302;Château-Gontier;17535;06-autres communes et unités urbaines;3;53;2777;31,46076379;De 50 à 80 000 entrées;E;JP;C;296;224;98;56,95138143;31,1610925;9,548270848;2,339255232;132;15,58449769
3;216;18499;11901;47.592055;0.915712;47.592055, 0.915712;104851;CENTRE-VAL DE LOIRE;37063;4977;37;37203;Château-Renault;7250;06-autres communes et unités urbaines;1;49;1036;55,44071927;De 10 à 20 000 entrées;E;JPPR;C;235;178;7;62,7735504;25,61788474;9,443756267;2,164808588;115;38,84268271
3;199;7049;4091;48.22475;-1.179471;48.22475, -1.179471;105931;BRETAGNE;35072;1700;35;0;Zone rurale;14908533;04-Unités urbaines de 100 000 hbts ou plus;1;46;351;72,30505989;De 5 à 10 000 entrées;E;JP;R;180;153;2;71,95979899;16,50251256;9,185929648;2,351758794;88;47,49748744
3;1134;121854;90202;48.110117;5.13491;48.110117, 5.13491;107043;GRAND EST;52121;22966;52;52401;Chaumont;24186;05-Unités urbaines de 20 000 à 100 000 hbts;8;53;10652;35,09013104;De 100 à 150 000 entrées;D;RD;C;336;260;214;45,46149388;39,16041626;12,0637667;3,314323151;151;14,19632283
3;1025;44664;27526;49.638968;-1.621407;49.638968, -1.621407;109792;NORMANDIE;50129;80082;50;50501;Cherbourg-Octeville;83077;05-Unités urbaines de 20 000 à 100 000 hbts;5;53;7639;62,26113493;De 40 à 50 000 entrées;B;RDJPPR;C;473;310;266;66,08544028;10,77932771;14,38293132;8,752300688;408;84,95108011
3;2487;253186;171648;49.642211;-1.613365;49.642211, -1.613365;109836;NORMANDIE;50129;80082;50;50501;Cherbourg-Octeville;83077;05-Unités urbaines de 20 000 à 100 000 hbts;12;53;23312;47,50302946;De 200 à 300 000 entrées;NON;;C;216;183;181;32,82126737;50,66629551;12,76201459;3,750422524;22;1,765255602
3;340;10295;5146;49.06477;-1.036857;49.06477, -1.036857;119122;NORMANDIE;50139;4227;50;50106;Condé-sur-Vire;4227;06-autres communes et unités urbaines;1;49;253;100,0582977;De 10 à 20 000 entrées;E;JP;I;106;71;0;69,94899961;14,93723029;10,84739113;4,266378972;50;43,13456257
3;167;7755;5358;46.974658;0.698463;46.974658, 0.698463;137481;CENTRE-VAL DE LOIRE;37115;3386;37;255;Descartes;5466;06-autres communes et unités urbaines;1;53;505;44,73684211;De 5 à 10 000 entrées;E;;C;170;132;4;58,1908736;26,63884776;12,7473415;2,422937138;74;33,24808184
3;821;151845;95799;48.461416;-2.047138;48.461416, -2.047138;138901;BRETAGNE;22050;15256;22;22402;Dinan;29833;05-Unités urbaines de 20 000 à 100 000 hbts;5;53;5534;58,50374221;De 150 à 200 000 entrées;D;JPPR;C;340;238;171;47,69456438;37,5;12,14505148;2,660384147;167;20,49291487
3;271;34734;21317;48.546939;-1.753756;48.546939, -1.753756;139503;BRETAGNE;35095;6110;35;35131;Dol-de-Bretagne;6110;06-autres communes et unités urbaines;2;53;1626;62,94037623;De 30 à 40 000 entrées;NON;;I;230;194;59;52,53697647;35,13271006;9,797678659;2,532634809;101;16,92668384
3;200;12228;5175;49.3091816;-0.9051690000000008;49.3091816, -0.9051690000000008;142522;NORMANDIE;14711;928;14;0;Zone rurale;14908533;04-Unités urbaines de 100 000 hbts ou plus;1;48;310;136,2898551;De 10 à 20 000 entrées;E;JP;R;116;82;0;76,94470478;15,77915992;5,077958592;2,198176706;60;40,93891114
3;280;23514;14833;49.6480683;-1.6539331999999831;49.6480683, -1.6539331999999831;148811;NORMANDIE;50129;80082;50;50501;Cherbourg-Octeville;83077;05-Unités urbaines de 20 000 à 100 000 hbts;1;50;1211;58,52491067;De 20 à 30 000 entrées;B;JP;C;277;219;5;59,69111969;20,35714286;16,03281853;3,918918919;166;43,42664093
3;1042;146873;95284;48.348029;-1.19278;48.348029, -1.19278;166434;BRETAGNE;35115;21121;35;35401;Fougères;28076;05-Unités urbaines de 20 000 à 100 000 hbts;6;53;7878;54,14235339;De 100 à 150 000 entrées;D;JPPR;C;330;203;136;45,12819441;41,83156766;9,991572114;3,048665817;166;11,83108009
3;272;8833;6989;48.413307;-0.814298;48.413307, -0.814298;180261;PAYS DE LA LOIRE;53107;2596;53;53105;Gorron;2596;06-autres communes et unités urbaines;1;44;314;26,38431821;De 5 à 10 000 entrées;E;JP;I;151;109;2;55,75563559;24,60984394;15,44617847;4,188342003;64;48,68614112
3;227;13817;9060;48.141023;-3.606192;48.141023, -3.606192;181351;BRETAGNE;56066;3935;56;56115;Gourin;3935;06-autres communes et unités urbaines;1;53;1455;52,50551876;De 10 à 20 000 entrées;E;RDJPPR;I;418;307;9;52,76645768;30,82288401;12,59404389;3,81661442;227;24,05172414
3;198;11130;4870;49.747151;3.074474;49.747151, 3.074474;190281;HAUTS DE FRANCE;80410;4595;80;80207;Ham;7227;06-autres communes et unités urbaines;1;53;504;128,5420945;De 10 à 20 000 entrées;E;;C;194;169;3;48,46625767;34,58474499;13,54271587;3,406281476;65;23,70662027
3;122;5516;3360;47.403746;-0.921463;47.403746, -0.921463;201041;PAYS DE LA LOIRE;49160;2747;49;156;Ingrandes;2747;06-autres communes et unités urbaines;1;49;267;64,16666667;De 5 à 10 000 entrées;E;;C;171;134;0;54,76331947;14,57714399;21,29134482;9,368191721;107;45,77143989
3;308;4634;3776;49.320073;-1.104154;49.320073, -1.104154;201482;NORMANDIE;14342;3630;14;14109;Isigny-sur-Mer;3630;06-autres communes et unités urbaines;1;53;437;22,72245763;De 2 à 5 000 entrées;NON;;I;133;113;1;56,89121638;26,92216139;12,90169007;3,284932159;26;24,97024518
3;2466;339179;222119;49.402871;2.774688;49.402871, 2.774688;203910;HAUTS DE FRANCE;60325;2346;60;60502;Compiègne;72962;05-Unités urbaines de 20 000 à 100 000 hbts;14;53;21600;52,70147984;De 300 à 450 000 entrées;D;JPPR;B;478;338;304;36,43988677;46,77846083;13,28137351;3,500278889;220;9,424355498
3;118;17033;12671;47.983463;3.395496;47.983463, 3.395496;204507;BOURGOGNE-FRANCHE-COMTE;89206;9691;89;89301;Joigny;9691;06-autres communes et unités urbaines;1;46;918;34,42506511;De 10 à 20 000 entrées;E;JPPR;I;219;172;39;42,62371374;39,55737112;10,15564404;7,66327111;98;22,93293345
3;321;7490;6356;47.953858;-2.545992;47.953858, -2.545992;205001;BRETAGNE;56091;2613;56;56106;Josselin;2613;06-autres communes et unités urbaines;1;53;411;17,84140969;De 5 à 10 000 entrées;E;;I;211;166;3;67,87826338;21,14524737;7,543631905;3,432857349;121;36,21808741
3;2173;375067;226996;47.775894;-3.35298;47.775894, -3.35298;215183;BRETAGNE;56098;23421;56;56601;Lorient;119060;04-Unités urbaines de 100 000 hbts ou plus;12;53;23537;65,23066486;De 300 à 450 000 entrées;NON;;B;238;191;185;31,53712974;52,15853118;12,45406595;3,850273121;43;2,604785999
3;828;147418;94994;48.72808;-3.460577;48.72808, -3.460577;216171;BRETAGNE;22113;21356;22;22403;Lannion;51822;05-Unités urbaines de 20 000 à 100 000 hbts;5;53;6566;55,18664337;De 100 à 150 000 entrées;D;JP;C;321;253;134;43,07911965;41,65273715;11,74188606;3,526257139;168;15,84621814
3;234;10102;4587;47.808963;-2.386134;47.808963, -2.386134;242852;BRETAGNE;56124;2564;56;56112;Malestroit;3725;06-autres communes et unités urbaines;1;53;400;120,2310879;De 10 à 20 000 entrées;E;;C;200;154;1;66,20953237;26,60746403;5,935251799;1,247751799;86;35,9375
3;1126;35876;23932;48.002865;0.194124;48.002865, 0.194124;244481;PAYS DE LA LOIRE;72181;147983;72;72701;Le Mans;217388;04-Unités urbaines de 100 000 hbts ou plus;7;53;10151;49,90807287;De 30 à 40 000 entrées;NON;;C;151;119;114;36,33212189;43,95303327;13,13670674;6,578138105;29;7,098126922
3;383;97366;53545;48.004856;0.20079;48.004856, 0.20079;244492;PAYS DE LA LOIRE;72181;147983;72;72701;Le Mans;217388;04-Unités urbaines de 100 000 hbts ou plus;4;49;6382;81,83957419;De 80 à 100 000 entrées;A;RDJPPR;C;527;251;204;65,00594984;16,50688161;8,800152675;9,687015874;438;92,86018995
3;142;4662;2973;48.19242;-2.416156;48.19242, -2.416156;257772;BRETAGNE;22147;3186;22;22103;Merdrignac;3186;06-autres communes et unités urbaines;1;46;280;56,81130172;De 2 à 5 000 entrées;E;;I;124;100;0;50,52012664;28,51650837;19,99095432;0,972410674;23;37,33604704
3;237;21908;11894;49.234352;2.134691;49.234352, 2.134691;258732;HAUTS DE FRANCE;60395;14546;60;60302;Méru;14546;06-autres communes et unités urbaines;2;53;2624;84,19371111;De 20 à 30 000 entrées;E;JPPR;I;289;218;54;41,89587426;41,51277014;12,60805501;3,983300589;124;20,49607073
3;300;14309;6587;47.499906;0.752013;47.499906, 0.752013;267061;CENTRE-VAL DE LOIRE;37153;4732;37;37106;Monnaie;4732;06-autres communes et unités urbaines;1;47;320;117,2309094;De 10 à 20 000 entrées;E;JPPR;I;83;50;0;88,30799252;6,602162777;3,496219205;1,593625498;41;65,76144402
3;3450;376430;236603;49.261576;2.452904;49.261576, 2.452904;268733;HAUTS DE FRANCE;60414;13834;60;60601;Creil;125281;04-Unités urbaines de 100 000 hbts ou plus;14;53;22024;59,09772911;De 300 à 450 000 entrées;NON;;B;334;256;206;29,29585984;53,16393359;12,88296269;4,657243873;115;4,902136589
3;155;14046;9794;47.38864;-0.8621689999999944;47.38864, -0.8621689999999944;273631;PAYS DE LA LOIRE;49244;18559;49;49208;La Pommeraye;18559;06-autres communes et unités urbaines;1;53;582;43,41433531;De 10 à 20 000 entrées;NON;;C;133;117;12;48,25539308;40,12595917;9,179093673;2,439554076;25;6,64543217
3;200;29032;8539;49.582217;5.079352;49.582217, 5.079352;282092;GRAND EST;8311;2266;8;8102;Mouzon;2266;06-autres communes et unités urbaines;1;50;698;239,9929734;De 20 à 30 000 entrées;E;JPPR;I;132;62;1;58,8482625;16,32796076;18,21179768;6,611979059;83;53,30392844
3;162;43160;21969;47.216901;-1.551545;47.216901, -1.551545;284747;PAYS DE LA LOIRE;44109;325857;44;44701;Nantes;688577;04-Unités urbaines de 100 000 hbts ou plus;1;52;1251;96,45864627;De 40 à 50 000 entrées;A;RDJPPR;C;359;24;3;39,16431004;27,7341721;13,55976222;19,54175564;302;90,84376984
3;500;1857;772;47.448213;0.694335;47.448213, 0.694335;293630;CENTRE-VAL DE LOIRE;37172;4302;37;37701;Tours;366772;04-Unités urbaines de 100 000 hbts ou plus;1;19;24;140,5440415;Moins de 2000 entrées;NON;;B;23;15;0;100;0;0;0;12;80,07539041
3;900;1;392;47.904567;1.914337;47.904567, 1.914337;298847;CENTRE-VAL DE LOIRE;45234;119380;45;45701;Orléans;291555;04-Unités urbaines de 100 000 hbts ou plus;1;1;1;-99,74489796;Moins de 2000 entrées;NON;;C;1;1;0;100;0;0;0;0;0
3;187;35456;22703;48.173277;2.253059;48.173277, 2.253059;312443;CENTRE-VAL DE LOIRE;45252;9213;45;45301;Pithiviers;12099;06-autres communes et unités urbaines;1;53;1360;56,17319297;De 30 à 40 000 entrées;E;JPPR;C;241;176;44;38,87598284;46,72385037;9,649749821;4,750416964;129;17,42613772
3;600;11302;7669;48.590655;-2.553431;48.590655, -2.553431;313912;BRETAGNE;22186;4197;22;22115;Pléneuf-Val-André;4197;06-autres communes et unités urbaines;1;53;533;47,37253879;De 10 à 20 000 entrées;E;;I;198;167;5;58,19589977;30,7881549;8,246013667;2,769931663;87;27,60820046
3;129;12560;7930;47.435409;-2.088906;47.435409, -2.088906;319022;PAYS DE LA LOIRE;44129;11306;44;44214;Pontchâteau;11306;06-autres communes et unités urbaines;1;53;731;58,38587642;De 10 à 20 000 entrées;E;;I;248;206;0;59,37058872;28,43975754;7,215810014;4,973843727;126;26,07323757
3;185;12275;8064;47.114365;-2.127161;47.114365, -2.127161;321135;PAYS DE LA LOIRE;44131;17340;44;44304;Pornic;22413;05-Unités urbaines de 20 000 à 100 000 hbts;1;53;891;52,21974206;De 10 à 20 000 entrées;E;JP;C;319;245;8;72,96511628;13,06322674;10,21075581;3,760901163;201;52,08030523
3;208;13555;9641;50.323857;1.548679;50.323857, 1.548679;329162;HAUTS DE FRANCE;80649;1299;80;0;Zone rurale;14908533;04-Unités urbaines de 100 000 hbts ou plus;1;53;1394;40,5974484;De 10 à 20 000 entrées;E;JPPR;R;233;177;12;55,98619175;29,38961243;12,26267064;2,361525184;107;18,27239918
3;242;32777;23070;47.480187;-3.121863;47.480187, -3.121863;329792;BRETAGNE;56186;4756;56;56201;Quiberon;4756;06-autres communes et unités urbaines;2;53;1812;42,07628955;De 30 à 40 000 entrées;E;JPPR;I;243;190;58;61,86496799;23,74885686;8,031913216;6,354261928;129;36,08842358
3;209;15409;9576;48.213608;-1.892787;48.213608, -1.892787;342020;BRETAGNE;35245;4157;35;35112;Romillé;4157;06-autres communes et unités urbaines;1;49;641;60,91269841;De 10 à 20 000 entrées;E;JP;I;242;198;1;74,12572096;16,12761919;7,023435789;2,723224064;112;36,02978754
3;680;104038;62382;47.378367;1.736977;47.378367, 1.736977;342115;CENTRE-VAL DE LOIRE;41194;18685;41;41301;Romorantin-Lanthenay;18685;06-autres communes et unités urbaines;5;53;6155;66,77567247;De 100 à 150 000 entrées;NON;;I;318;230;122;45,77861895;40,27628729;10,45833252;3,486761234;164;10,80174045
3;2539;129951;88216;49.430638;1.085206;49.430638, 1.085206;344571;NORMANDIE;76540;115792;76;755;Rouen;481277;04-Unités urbaines de 100 000 hbts ou plus;14;53;21777;47,31001179;De 100 à 150 000 entrées;NON;;C;358;237;219;31,0637701;46,50682583;14,53762;7,891784067;85;14,67008478
3;450;34049;19387;49.698315;4.947865;49.698315, 4.947865;357672;GRAND EST;8409;16730;8;8401;Sedan;25587;05-Unités urbaines de 20 000 à 100 000 hbts;3;51;1912;75,62799814;De 30 à 40 000 entrées;NON;;C;178;134;42;33,71522095;46,8570043;17,3910408;2,036733952;58;14,63296357
3;123;7756;5379;47.274507;1.55439;47.274507, 1.55439;358561;CENTRE-VAL DE LOIRE;41242;4522;41;41111;Selles-sur-Cher;4522;06-autres communes et unités urbaines;1;53;651;44,19036996;De 5 à 10 000 entrées;NON;;I;185;151;2;62,31576152;25,1361041;7,303146992;5,244987385;70;29,94290267
3;319;33785;24030;48.721194;3.729236;48.721194, 3.729236;362773;GRAND EST;51535;4881;51;51202;Sézanne;4881;06-autres communes et unités urbaines;2;53;2628;40,59508947;De 30 à 40 000 entrées;E;JPPR;I;168;123;33;34,49750312;46,17665418;15,88327091;3,442571785;72;18,50811486
3;192;3134;1459;47.363746;-1.0164589999999407;47.363746, -1.0164589999999407;385421;PAYS DE LA LOIRE;49244;18559;49;49208;La Pommeraye;18559;06-autres communes et unités urbaines;1;44;224;114,8046607;De 2 à 5 000 entrées;D;;C;135;108;0;67,75997018;18,78494223;7,528885576;5,926202013;63;32,05367126
3;288;24805;12603;47.21395;-1.64939;47.21395, -1.64939;390791;PAYS DE LA LOIRE;44162;49801;44;44701;Nantes;688577;04-Unités urbaines de 100 000 hbts ou plus;1;50;633;96,81821788;De 20 à 30 000 entrées;C;JP;B;243;154;2;72,08554512;13,59228256;10,43282973;3,889342589;168;63,0920784
3;2458;277513;168718;47.224381;-1.625621;47.224381, -1.625621;390793;PAYS DE LA LOIRE;44162;49801;44;44701;Nantes;688577;04-Unités urbaines de 100 000 hbts ou plus;12;53;18839;64,48333906;De 200 à 300 000 entrées;NON;;B;293;168;166;47,19153503;40,33868537;10,0420285;2,427751096;123;16,56566095
3;150;11987;7125;47.339858;-2.175644;47.339858, -2.175644;399721;PAYS DE LA LOIRE;44176;3259;44;44207;Saint-Joachim - Saint-Malo-de-Guersac;7431;06-autres communes et unités urbaines;1;51;759;68,23859649;De 10 à 20 000 entrées;E;JP;B;267;193;12;54,77409914;34,48875069;9,164075361;1,573074813;105;29,1750503
3;307;19673;12380;48.188591;-2.192564;48.188591, -2.192564;405831;BRETAGNE;35297;4732;35;35202;Saint-Méen-le-Grand;5870;06-autres communes et unités urbaines;2;53;1146;58,9095315;De 10 à 20 000 entrées;E;JP;C;294;243;36;57,28900256;30,3313925;9,305109648;3,074495293;133;19,73662731
3;365;4833;1514;47.389603;0.719808;47.389603, 0.719808;411244;CENTRE-VAL DE LOIRE;37233;16151;37;37701;Tours;366772;04-Unités urbaines de 100 000 hbts ou plus;1;40;82;219,2206077;De 2 à 5 000 entrées;NON;;B;59;41;0;66,03042877;18,94882434;11,2033195;3,817427386;32;74,99308437
3;155;5544;3984;48.400769;-0.099188;48.400769, -0.099188;411333;PAYS DE LA LOIRE;53246;1820;53;0;Zone rurale;14908533;04-Unités urbaines de 100 000 hbts ou plus;1;50;215;39,15662651;De 5 à 10 000 entrées;E;;R;134;94;2;63,77227114;20,74544337;10,95637928;4,525906205;52;36,26868728
3;498;20418;15480;49.657142;3.298248;49.657142, 3.298248;423561;HAUTS DE FRANCE;2738;13694;2;2402;Tergnier;22703;05-Unités urbaines de 20 000 à 100 000 hbts;2;53;1811;31,89922481;De 20 à 30 000 entrées;NON;;C;173;149;70;33,16595921;51,53742623;12,07681955;3,21979501;43;4,570866549
3;141;11039;4566;47.856492;3.972991;47.856492, 3.972991;428961;BOURGOGNE-FRANCHE-COMTE;89418;4508;89;89202;Tonnerre;5057;06-autres communes et unités urbaines;1;53;846;141,7652212;De 10 à 20 000 entrées;E;JPPR;C;192;114;0;51,30920859;32,50956164;10,07158968;6,10964009;100;49,29881338
3;1067;264426;142448;47.394391;0.697155;47.394391, 0.697155;431732;CENTRE-VAL DE LOIRE;37261;140474;37;37701;Tours;366772;04-Unités urbaines de 100 000 hbts ou plus;7;53;11083;85,62984387;De 200 à 300 000 entrées;A;RDJPPR;C;520;309;223;73,02811425;8,016610417;11,36514859;7,590126743;406;88,10615596
3;2187;399359;257094;48.493105;-2.761907;48.493105, -2.761907;433570;BRETAGNE;22360;8639;22;22501;Saint-Brieuc;97495;05-Unités urbaines de 20 000 à 100 000 hbts;10;53;12594;55,33579158;De 300 à 450 000 entrées;NON;;B;199;169;167;37,61204904;48,3953874;11,17626369;2,816299869;24;1,830720531
3;242;15745;7741;49.271387;1.212255;49.271387, 1.212255;439721;NORMANDIE;27701;12988;27;27402;Louviers;44878;05-Unités urbaines de 20 000 à 100 000 hbts;2;53;1160;103,3974939;De 10 à 20 000 entrées;D;JP;C;252;193;2;65,32426052;22,54547979;9,776419942;2,353839744;140;34,5993612
3;188;12116;8839;49.324649;-0.001154;49.324649, -0.001154;460033;NORMANDIE;14754;2559;14;14402;Dives-sur-Mer;33981;05-Unités urbaines de 20 000 à 100 000 hbts;1;52;781;37,07432968;De 10 à 20 000 entrées;NON;;B;161;144;4;70,12630879;22,82699019;5,866710986;1,179990028;66;17,06830647
3;298;1608;654;47.38634;0.653023;47.38634, 0.653023;722080;CENTRE-VAL DE LOIRE;37195;10469;37;37701;Tours;366772;04-Unités urbaines de 100 000 hbts ou plus;1;17;23;145,8715596;Moins de 2000 entrées;NON;;B;20;11;0;88,37064677;2,798507463;3,047263682;5,78358209;13;68,59452736
3;934;119168;69447;48.612354;-2.049568;48.612354, -2.049568;724080;BRETAGNE;35241;2564;35;458;Dinard;35626;05-Unités urbaines de 20 000 à 100 000 hbts;7;53;7565;71,59560528;De 100 à 150 000 entrées;NON;;B;205;164;150;47,6062468;38,97593446;10,24150879;3,176309951;45;10,1271548
4;254;11168;5833;44.299994;0.336667;44.299994, 0.336667;12562;NOUVELLE AQUITAINE;47004;4368;47;47103;Aiguillon;4652;06-autres communes et unités urbaines;1;53;765;91,46236928;De 10 à 20 000 entrées;E;JPPR;C;308;227;4;55,43308724;14,97348445;24,10315067;5,490277633;179;53,74857024
4;1095;178802;123853;43.483711;-1.508634;43.483711, -1.508634;19325;NOUVELLE AQUITAINE;64024;41388;64;751;Bayonne (partie française);257726;04-Unités urbaines de 100 000 hbts ou plus;7;52;11403;44,36630522;De 150 à 200 000 entrées;NON;;C;180;152;143;35,98203761;48,84647769;12,82963795;2,341846758;30;4,785293292
4;519;49247;32699;44.660258;-1.168378;44.660258, -1.168378;22051;NOUVELLE AQUITAINE;33009;11391;33;33501;La Teste-de-Buch - Arcachon;69504;05-Unités urbaines de 20 000 à 100 000 hbts;3;53;4049;50,6070522;De 40 à 50 000 entrées;D;;B;225;139;101;59,4834825;21,41438139;14,04345956;5,058676552;131;36,52077744
4;835;147352;69379;43.651097;0.594265;43.651097, 0.594265;29123;OCCITANIE;32013;23624;32;32401;Auch;27138;05-Unités urbaines de 20 000 à 100 000 hbts;5;52;6146;112,3870335;De 100 à 150 000 entrées;D;RDJPPR;C;446;309;172;48,75332377;34,28742465;11,17971349;5,779538082;298;33,67487575
4;179;19183;12376;43.350358;1.474329;43.350358, 1.474329;31544;OCCITANIE;31033;10062;31;31208;Auterive;10062;06-autres communes et unités urbaines;1;53;1011;55,00161603;De 10 à 20 000 entrées;E;JPPR;I;351;264;5;63,74527856;19,8595373;12,57082153;3,824362606;199;47,8871577
4;98;33720;18291;43.543431;1.565026;43.543431, 1.565026;32941;OCCITANIE;31036;1635;31;31701;Toulouse;1024959;04-Unités urbaines de 100 000 hbts ou plus;1;53;1211;84,35296047;De 30 à 40 000 entrées;C;JP;B;285;208;4;71,22643216;9,409039916;10,72268664;8,641841277;195;70,48818442
4;212;8553;4531;43.880921;0.98659;43.880921, 0.98659;44892;OCCITANIE;82013;3951;82;82103;Beaumont-de-Lomagne;3951;06-autres communes et unités urbaines;1;53;410;88,76627676;De 5 à 10 000 entrées;E;;I;262;202;4;59,69215367;25,09072707;11,04993117;4,167188087;122;25,22838193
4;374;28620;19784;44.813225;-0.563936;44.813225, -0.563936;46862;NOUVELLE AQUITAINE;33039;30890;33;33701;Bordeaux;975671;04-Unités urbaines de 100 000 hbts ou plus;2;49;2164;44,66235342;De 20 à 30 000 entrées;C;JP;B;122;62;15;39,76255594;38,34535057;11,71059175;10,18150174;73;47,97364495
4;292;8675;6180;46.122277;1.045319;46.122277, 1.045319;47645;NOUVELLE AQUITAINE;87011;3744;87;87202;Bellac;4809;06-autres communes et unités urbaines;1;50;707;40,37216828;De 5 à 10 000 entrées;E;JP;C;209;156;2;53,27848417;29,98005485;10,346547;6,394913987;95;33,2460733
4;587;44647;24806;45.158027;1.529898;45.158027, 1.529898;75703;NOUVELLE AQUITAINE;19031;47175;19;554;Brive-la-Gaillarde;76370;05-Unités urbaines de 20 000 à 100 000 hbts;3;53;5174;79,98468113;De 40 à 50 000 entrées;D;RDJPPR;C;238;179;155;74,2765915;6,323588106;12,1083616;7,291458791;223;92,02753941
4;263;11677;6499;44.574792;2.081445;44.574792, 2.081445;85323;OCCITANIE;12052;4516;12;364;Figeac;17218;06-autres communes et unités urbaines;1;51;718;79,67379597;De 10 à 20 000 entrées;E;JP;B;203;171;2;60,29176471;29,92941176;6,390588235;3,388235294;113;36,93176471
4;195;3218;2021;44.292217;-0.259312;44.292217, -0.259312;85851;NOUVELLE AQUITAINE;33095;1364;33;0;Zone rurale;14908533;04-Unités urbaines de 100 000 hbts ou plus;1;50;383;59,2281049;De 2 à 5 000 entrées;E;;R;182;155;0;74,79310345;12,17241379;9,896551724;3,137931034;83;39,62068966
4;178;25347;13633;43.516624;1.498262;43.516624, 1.498262;87772;OCCITANIE;31113;14636;31;31701;Toulouse;1024959;04-Unités urbaines de 100 000 hbts ou plus;1;53;1297;85,92386122;De 20 à 30 000 entrées;C;;B;411;342;4;66,28549403;19,82526018;8,766970748;5,122275044;244;42,25448627
4;199;16884;8657;43.680383;1.534648;43.680383, 1.534648;88111;OCCITANIE;31117;4508;31;31701;Toulouse;1024959;04-Unités urbaines de 100 000 hbts ou plus;1;49;637;95,03292134;De 10 à 20 000 entrées;C;;B;282;217;36;62,51754498;22,39377313;12,51754498;2,571136915;146;31,53630216
4;106;4890;3229;43.882158;-1.145369;43.882158, -1.145369;88751;NOUVELLE AQUITAINE;40075;2525;40;0;Zone rurale;14908533;04-Unités urbaines de 100 000 hbts ou plus;1;50;482;51,44007433;De 2 à 5 000 entrées;NON;;R;190;162;0;55,36866359;25,92165899;12,85714286;5,852534562;69;22,35023041
4;160;21316;13651;46.68832;-1.052512;46.68832, -1.052512;99051;PAYS DE LA LOIRE;85051;8927;85;85207;Chantonnay;8927;06-autres communes et unités urbaines;1;53;1022;56,14973262;De 20 à 30 000 entrées;E;;I;201;162;45;53,62945871;34,57359869;8,898182867;2,898759735;78;19,76733006
4;160;5293;217;46.647373;-0.742446;46.647373, -0.742446;103922;PAYS DE LA LOIRE;85059;2638;85;85123;La Châtaigneraie;3996;06-autres communes et unités urbaines;1;42;433;2339,170507;De 5 à 10 000 entrées;NON;;C;128;111;7;61,12298426;23,00369147;13,11443559;2,758888673;32;17,23333981
4;147;2469;1608;46.501324;-1.733545;46.501324, -1.733545;104143;PAYS DE LA LOIRE;85060;0;85;85403;Les Sables-d'Olonne;48401;05-Unités urbaines de 20 000 à 100 000 hbts;1;11;109;53,54477612;De 2 à 5 000 entrées;NON;;C;46;19;0;59,09090909;15,4040404;22,05387205;3,451178451;33;75
4;946;126287;85882;46.820621;0.544345;46.820621, 0.544345;105404;NOUVELLE AQUITAINE;86066;32345;86;86401;Châtellerault;41330;05-Unités urbaines de 20 000 à 100 000 hbts;7;53;7818;47,04711115;De 100 à 150 000 entrées;D;;C;257;203;171;40,74229601;45,51489114;10,17426836;3,56854448;90;6,846372505
4;218;15342;6809;46.568169;0.647781;46.568169, 0.647781;107511;NOUVELLE AQUITAINE;86070;7198;86;86203;Chauvigny;7198;06-autres communes et unités urbaines;2;49;778;125,3194302;De 10 à 20 000 entrées;E;RDJPPR;I;220;162;0;68,71671046;9,601590796;11,63979831;10,04190043;153;63,43299482
4;401;33386;3777;46.191994;-1.426164;46.191994, -1.426164;122291;NOUVELLE AQUITAINE;17121;1121;17;17118;Ars-en-Ré;4504;06-autres communes et unités urbaines;2;40;1882;783,9290442;De 30 à 40 000 entrées;E;JP;C;256;233;33;65,69407875;20,25901659;7,932765905;6,114138755;147;37,4655563
4;126;1380;395;42.958713;-0.332293;42.958713, -0.332293;144303;NOUVELLE AQUITAINE;64204;194;64;0;Zone rurale;14908533;04-Unités urbaines de 100 000 hbts ou plus;1;24;67;249,3670886;Moins de 2000 entrées;NON;;R;53;41;5;58,91304348;33,33333333;2,101449275;5,652173913;9;5,434782609
4;172;10086;8622;46.171552;2.484461;46.171552, 2.484461;154142;NOUVELLE AQUITAINE;23076;1322;23;0;Zone rurale;14908533;04-Unités urbaines de 100 000 hbts ou plus;1;49;696;16,97981907;De 10 à 20 000 entrées;E;JPPR;R;183;138;0;62,22292258;24,23573905;8,120600903;5,420737472;75;24,06765417
4;120;15028;9490;43.839626;1.390132;43.839626, 1.390132;171253;OCCITANIE;31202;6535;31;31202;Fronton;6535;06-autres communes et unités urbaines;1;53;801;58,35616438;De 10 à 20 000 entrées;E;JPPR;I;251;176;8;64,39942113;18,43704776;9,486251809;7,677279305;152;51,87409551
4;158;15175;7955;44.775936;1.72351;44.775936, 1.72351;182282;OCCITANIE;46128;3539;46;46103;Gramat;3539;06-autres communes et unités urbaines;1;53;754;90,76052797;De 10 à 20 000 entrées;E;;I;228;186;0;48,85204082;34,86170784;10,3584855;5,927765843;111;27,58458647
4;280;37256;20015;43.760736;1.999613;43.760736, 1.999613;184252;OCCITANIE;81105;13153;81;81302;Graulhet;13153;06-autres communes et unités urbaines;2;53;2217;86,1403947;De 30 à 40 000 entrées;E;JP;I;172;133;64;41,13150716;42,45567174;13,69913617;2,713684928;79;19,60957036
4;250;17470;8707;43.76859;1.296013;43.76859, 1.296013;184852;OCCITANIE;31232;9016;31;31205;Grenade;9016;06-autres communes et unités urbaines;1;52;499;100,6431607;De 10 à 20 000 entrées;E;JP;I;246;196;1;56,19407159;24,09116331;8,710850112;11,00391499;130;44,2533557
4;695;76182;50061;46.169796;1.867356;46.169796, 1.867356;187515;NOUVELLE AQUITAINE;23096;13327;23;23301;Guéret;14402;06-autres communes et unités urbaines;5;53;6360;52,17834242;De 50 à 80 000 entrées;E;RDJPPR;C;374;301;133;43,03137319;40,18697985;11,86213316;4,919513798;210;20,85523434
4;128;12659;8139;43.420117;-1.60616;43.420117, -1.60616;187793;NOUVELLE AQUITAINE;64249;1365;64;751;Bayonne (partie française);257726;04-Unités urbaines de 100 000 hbts ou plus;1;52;1202;55,53507802;De 10 à 20 000 entrées;NON;;B;314;265;7;61,37628605;8,955979086;17,78546129;11,88227357;257;80,98330241
4;193;10953;7504;43.382881;-1.306533;43.382881, -1.306533;191591;NOUVELLE AQUITAINE;64256;7808;64;64202;Hasparren;7808;06-autres communes et unités urbaines;1;52;648;45,96215352;De 10 à 20 000 entrées;E;JP;I;238;200;1;67,83277375;17,28582259;12,37950829;2,501895375;115;46,23632622
4;237;2703;1533;43.381163;0.836443;43.381163, 0.836443;201632;OCCITANIE;31239;1662;31;0;Zone rurale;14908533;04-Unités urbaines de 100 000 hbts ou plus;1;47;109;76,32093933;De 2 à 5 000 entrées;NON;;R;90;75;0;87,53237144;7,769145394;3,514613393;1,183869774;46;35,22012579
4;150;12152;5222;43.474778;2.646568;43.474778, 2.646568;208981;OCCITANIE;81115;1438;81;0;Zone rurale;14908533;04-Unités urbaines de 100 000 hbts ou plus;1;47;396;132,7077748;De 10 à 20 000 entrées;E;JP;R;85;49;0;63,37209302;19,02916205;12,3108158;5,287929125;47;50,60908084
4;3647;745334;453491;43.539479;1.511109;43.539479, 1.511109;209151;OCCITANIE;31254;4268;31;31701;Toulouse;1024959;04-Unités urbaines de 100 000 hbts ou plus;16;53;26418;64,35475015;De 700 000 à 1 million d'entrées;NON;;B;372;262;216;27,463627;54,35007666;14,74353162;3,442764713;124;5,637121232
4;167;8461;4088;43.538478;2.263266;43.538478, 2.263266;209682;OCCITANIE;81120;6624;81;81202;Labruguière;6624;06-autres communes et unités urbaines;1;49;346;106,9716243;De 5 à 10 000 entrées;E;JP;I;262;231;2;58,31734722;19,21074267;19,29295697;3,178953138;140;46,19073719
4;993;142300;80392;44.5231;-0.232774;44.5231, -0.232774;215634;NOUVELLE AQUITAINE;33227;7516;33;33303;Langon;14120;06-autres communes et unités urbaines;6;53;8551;77,00766245;De 100 à 150 000 entrées;NON;;C;193;151;131;31,99541771;54,83474055;10,49683907;2,673002673;49;3,998896856
4;686;40758;18193;45.854302;1.256414;45.854302, 1.256414;228305;NOUVELLE AQUITAINE;87085;132768;87;87601;Limoges;184269;04-Unités urbaines de 100 000 hbts ou plus;3;45;2932;124,0312208;De 40 à 50 000 entrées;B;JP;C;148;101;77;53,57407407;17,25661376;14,44444444;14,72486772;119;98,68783069
4;192;6409;3678;44.033784;-1.257554;44.033784, -1.257554;229552;NOUVELLE AQUITAINE;40157;1721;40;0;Zone rurale;14908533;04-Unités urbaines de 100 000 hbts ou plus;1;53;318;74,25231104;De 5 à 10 000 entrées;NON;;R;190;173;36;58,82446639;28,79898057;8,744823192;3,63172985;87;28,59190825
4;107;5751;3481;42.795333;0.411078;42.795333, 0.411078;233742;OCCITANIE;65282;301;65;0;Zone rurale;14908533;04-Unités urbaines de 100 000 hbts ou plus;1;47;260;65,21114622;De 5 à 10 000 entrées;E;;R;170;154;30;56,56188954;32,92488013;7,440951874;3,072278459;84;18,34487658
4;492;17505;12388;43.102921;-0.039469;43.102921, -0.039469;234296;OCCITANIE;65286;13546;65;65302;Lourdes;16846;06-autres communes et unités urbaines;3;53;3528;41,30610268;De 10 à 20 000 entrées;NON;;C;91;76;55;32,08009808;53,40066554;10,47346605;4,045770331;5;1,161772433
4;766;85062;49283;46.460681;-1.176832;46.460681, -1.176832;235771;PAYS DE LA LOIRE;85128;9918;85;85208;Luçon;9918;06-autres communes et unités urbaines;5;53;6314;72,59907067;De 80 à 100 000 entrées;E;JPPR;I;380;242;142;43,62967666;42,65570903;10,69447606;3,020138248;196;12,8748218
4;137;5947;3259;42.87365;-0.003171;42.87365, -0.003171;237793;OCCITANIE;65295;944;65;0;Zone rurale;14908533;04-Unités urbaines de 100 000 hbts ou plus;1;53;343;82,47928813;De 5 à 10 000 entrées;E;;R;215;179;3;71,80090498;18,80542986;4,995475113;4,398190045;122;45,33936652
4;88;6692;4223;43.525284;0.161702;43.525284, 0.161702;245883;OCCITANIE;32233;1288;32;0;Zone rurale;14908533;04-Unités urbaines de 100 000 hbts ou plus;1;52;394;58,46554582;De 5 à 10 000 entrées;E;;R;267;219;34;56,18115055;25,4130967;9,654222766;8,751529988;148;52,24908201
4;513;81984;50377;44.497638;0.168923;44.497638, 0.168923;248254;NOUVELLE AQUITAINE;47157;17797;47;455;Marmande;29742;05-Unités urbaines de 20 000 à 100 000 hbts;4;52;5055;62,74093336;De 80 à 100 000 entrées;D;RDJPPR;C;449;340;97;37,5959468;47,150095;11,54148195;3,712476251;274;15,3628879
4;154;3497;2715;45.868856;-0.320748;45.868856, -0.320748;252212;NOUVELLE AQUITAINE;17224;2257;17;17101;Matha;2257;06-autres communes et unités urbaines;1;49;259;28,80294659;De 2 à 5 000 entrées;NON;;I;153;137;0;68,87755102;13,53541417;11,34453782;6,242496999;81;40,78631453
4;450;15726;9510;44.20143;-1.228686;44.20143, -1.228686;262921;NOUVELLE AQUITAINE;40184;7489;40;40203;Mimizan;7489;06-autres communes et unités urbaines;1;53;629;65,36277603;De 10 à 20 000 entrées;E;;I;217;178;70;45,67705233;38,11602831;11,14639148;5,060527883;88;16,6699742
4;250;9899;6260;43.513752;0.405519;43.513752, 0.405519;263372;OCCITANIE;32256;3733;32;32105;Mirande;4211;06-autres communes et unités urbaines;1;53;401;58,13099042;De 5 à 10 000 entrées;E;PR;C;226;184;42;53,63666928;27,51316822;10,62422952;8,225932982;98;46,32970974
4;106;8734;5258;43.089583;1.87481;43.089583, 1.87481;263563;OCCITANIE;9194;3236;9;9103;Mirepoix;3236;06-autres communes et unités urbaines;1;50;744;66,10878661;De 5 à 10 000 entrées;E;JP;I;206;174;0;54,36399702;22,39028019;16,77411356;6,471609224;117;50,96702207
4;295;5658;3612;46.724207;-0.587156;46.724207, -0.587156;266292;NOUVELLE AQUITAINE;79179;5251;79;79105;Moncoutant;5251;06-autres communes et unités urbaines;1;47;638;56,64451827;De 5 à 10 000 entrées;E;JP;I;175;145;4;71,82726758;19,36639638;4,6200264;4,186309636;60;22,34584198
4;461;32885;17465;44.016766;1.361386;44.016766, 1.361386;268813;OCCITANIE;82121;63158;82;82501;Montauban;82406;05-Unités urbaines de 20 000 à 100 000 hbts;3;49;3788;88,29086745;De 30 à 40 000 entrées;D;RDJPPR;C;247;163;114;72,59019752;6,745206006;11,28469443;9,379902039;209;88,48801101
4;176;15505;8973;45.063871;1.163498;45.063871, 1.163498;272701;NOUVELLE AQUITAINE;24291;2811;24;24104;Montignac;2811;06-autres communes et unités urbaines;1;53;760;72,79616628;De 10 à 20 000 entrées;E;JPPR;I;231;166;3;59,27208529;25,25293678;8,827323963;6,647653969;137;46,70333401
4;202;2722;1803;43.720217;2.323868;43.720217, 2.323868;275751;OCCITANIE;81182;2060;81;0;Zone rurale;14908533;04-Unités urbaines de 100 000 hbts ou plus;1;29;90;50,97060455;De 2 à 5 000 entrées;NON;;R;52;45;1;66,91063174;19,68412943;12,67334361;0,731895223;13;26,61787365
4;236;12469;6793;44.13533;0.339366;44.13533, 0.339366;286912;NOUVELLE AQUITAINE;47195;7365;47;47301;Nérac;12276;06-autres communes et unités urbaines;1;52;513;83,55660238;De 10 à 20 000 entrées;E;JPPR;C;184;144;1;59,29026388;23,96724295;13,06642402;3,676069154;94;40,30937216
4;255;3882;2580;46.829294;-2.137105;46.829294, -2.137105;293531;PAYS DE LA LOIRE;85164;2206;85;85301;Saint-Jean-de-Monts;13440;06-autres communes et unités urbaines;1;38;530;50,46511628;De 2 à 5 000 entrées;NON;;B;128;113;1;57,95515216;27,2824346;9,770421783;4,991991458;41;13,48104645
4;283;14274;7819;45.201428;-0.746674;45.201428, -0.746674;305101;NOUVELLE AQUITAINE;33314;5164;33;33201;Pauillac;5164;06-autres communes et unités urbaines;1;53;610;82,55531398;De 10 à 20 000 entrées;E;JP;I;202;154;10;61,6832047;23,03564866;12,28224917;2,998897464;99;39,08122014
4;767;179803;105195;44.80514;-0.632009;44.80514, -0.632009;308361;NOUVELLE AQUITAINE;33318;66606;33;33701;Bordeaux;975671;04-Unités urbaines de 100 000 hbts ou plus;5;53;7066;70,92352298;De 150 à 200 000 entrées;C;RDJPPR;B;421;189;124;56,28141897;19,21015615;17,35246811;7,155956769;308;64,63448652
4;199;10129;5189;45.580586;-0.546711;45.580586, -0.546711;318483;NOUVELLE AQUITAINE;17283;4456;17;17116;Pons;4456;06-autres communes et unités urbaines;2;53;1413;95,20138755;De 10 à 20 000 entrées;E;;I;261;224;2;55,78892372;21,3584117;17,03239289;5,820271682;133;42,82131661
4;260;15159;9052;44.503225;1.187579;44.503225, 1.187579;324302;OCCITANIE;46225;2485;46;46102;Prayssac;3451;06-autres communes et unités urbaines;1;53;729;67,46575342;De 10 à 20 000 entrées;E;JP;C;267;216;3;60,41839845;20,64283735;11,30507066;7,633693544;162;51,55167636
4;99;6698;2873;43.822342;1.724822;43.822342, 1.724822;330574;OCCITANIE;81220;5895;81;81203;Rabastens;8922;06-autres communes et unités urbaines;1;47;468;133,1360947;De 5 à 10 000 entrées;E;JP;C;186;145;1;66,0540195;14,99120984;15,67844015;3,27633051;100;52,00575356
4;314;9401;14342;45.244774;0.339095;45.244774, 0.339095;336801;NOUVELLE AQUITAINE;24352;3989;24;24202;Ribérac;5669;06-autres communes et unités urbaines;1;28;479;-34,45126203;De 5 à 10 000 entrées;E;JPPR;C;154;101;2;52,96657073;27,85034315;17,19061324;1,99247288;93;38,59862741
4;161;11010;7141;45.148742;0.014338;45.148742, 0.014338;339491;NOUVELLE AQUITAINE;24354;3060;24;170;La Roche-Chalais - Saint-Aigulin;4987;06-autres communes et unités urbaines;1;53;678;54,18008682;De 10 à 20 000 entrées;E;JP;C;217;155;2;56,28140704;27,11597202;11,55778894;5,044832003;85;28,53483102
4;130;6993;4814;45.740934;0.383249;45.740934, 0.383249;339713;NOUVELLE AQUITAINE;16281;4113;16;16104;La Rochefoucauld;4113;06-autres communes et unités urbaines;1;53;480;45,26381388;De 5 à 10 000 entrées;E;;I;217;179;2;64,16809605;14,87135506;9,451114923;11,50943396;108;45,55746141
4;2272;487771;302291;46.147254;-1.153689;46.147254, -1.153689;339911;NOUVELLE AQUITAINE;17300;79323;17;17601;La Rochelle;136511;04-Unités urbaines de 100 000 hbts ou plus;12;53;24160;61,35809535;De 450 à 700 000 entrées;NON;;C;235;189;185;34,86601416;49,68509101;11,72298733;3,725907503;35;2,634759188
4;230;1250;750;43.510867;1.379784;43.510867, 1.379784;343010;OCCITANIE;31458;4993;31;31701;Toulouse;1024959;04-Unités urbaines de 100 000 hbts ou plus;1;9;27;66,66666667;Moins de 2000 entrées;NON;;B;12;4;0;46,59863946;0;0;53,40136054;11;96,76870748
4;271;16549;9639;46.027187;0.203603;46.027187, 0.203603;347302;NOUVELLE AQUITAINE;16292;3520;16;16106;Ruffec;3997;06-autres communes et unités urbaines;2;53;933;71,68793443;De 10 à 20 000 entrées;E;JP;C;276;220;3;59,96676591;21,76833068;10,77338503;7,491518383;154;40,09554802
4;210;22688;11256;43.471607;-0.927756;43.471607, -0.927756;350169;NOUVELLE AQUITAINE;64499;4684;64;64107;Salies-de-Béarn;4684;06-autres communes et unités urbaines;2;41;1582;101,5636105;De 20 à 30 000 entrées;E;JPPR;I;242;189;27;56,91987031;24,88188976;11,7786012;6,419638722;151;43,98795739
4;162;18257;11060;44.550748;-0.869882;44.550748, -0.869882;350641;NOUVELLE AQUITAINE;33498;7764;33;33204;Salles;7764;06-autres communes et unités urbaines;1;53;760;65,07233273;De 10 à 20 000 entrées;E;JP;I;248;204;18;48,48107274;35,12519283;12,35315059;4,040583838;124;22,1253115
4;979;111587;76832;44.885645;1.216981;44.885645, 1.216981;352923;NOUVELLE AQUITAINE;24520;9192;24;24205;Sarlat-la-Canéda;9192;06-autres communes et unités urbaines;6;53;8456;45,23505831;De 100 à 150 000 entrées;E;RDJPPR;I;528;309;195;48,95948536;35,84107498;10,63555261;4,563887046;295;24,51061712
4;344;8932;6735;44.897861;1.477417;44.897861, 1.477417;366992;OCCITANIE;46309;3520;46;46107;Souillac;4325;06-autres communes et unités urbaines;2;53;1320;32,62063846;De 5 à 10 000 entrées;E;;C;244;209;17;52,88984587;30,93834995;11,1287398;5,04306437;113;27,3912058
4;287;22917;15640;45.51424;-1.123506;45.51424, -1.123506;367052;NOUVELLE AQUITAINE;33514;2860;33;33104;Soulac-sur-Mer;2860;06-autres communes et unités urbaines;1;53;607;46,52813299;De 20 à 30 000 entrées;E;;I;236;208;51;51,1693584;34,97484776;8,723854911;5,131938929;125;24,86100079
4;225;2389;1980;45.290626;-0.610204;45.290626, -0.610204;379013;NOUVELLE AQUITAINE;33389;3071;33;33107;Saint-Ciers-sur-Gironde;3071;06-autres communes et unités urbaines;1;40;317;20,65656566;De 2 à 5 000 entrées;E;;I;138;117;0;61,99390509;22,33347845;12,97344362;2,699172834;49;29,4296909
4;204;3950;2142;44.465282;2.972204;44.465282, 2.972204;387041;OCCITANIE;12224;2256;12;0;Zone rurale;14908533;04-Unités urbaines de 100 000 hbts ou plus;1;51;166;84,40709617;De 2 à 5 000 entrées;E;;R;125;107;0;58,75783165;24,8161264;8,662489785;7,763552166;31;25,98746935
4;284;15166;7046;42.983492;1.146819;42.983492, 1.146819;390184;OCCITANIE;9261;6812;9;9203;Saint-Girons;10247;06-autres communes et unités urbaines;1;52;682;115,2426909;De 10 à 20 000 entrées;E;;C;237;193;1;49,45985;26,16803138;16,52102112;7,851097502;128;47,00337164
4;328;38283;23539;45.887637;0.903224;45.887637, 0.903224;395872;NOUVELLE AQUITAINE;87154;11600;87;87301;Saint-Junien;11600;06-autres communes et unités urbaines;2;53;1647;62,63647564;De 30 à 40 000 entrées;E;JPPR;I;295;212;41;42,2554045;37,58914642;13,34410519;6,811343882;182;29,1703811
4;1072;64572;39700;44.893791;-0.715027;44.893791, -0.715027;405772;NOUVELLE AQUITAINE;33449;32866;33;33701;Bordeaux;975671;04-Unités urbaines de 100 000 hbts ou plus;3;53;3249;62,64987406;De 50 à 80 000 entrées;C;JP;B;328;246;111;47,639881;38,17076857;10,30275069;3,886599742;190;23,86050877
4;175;6688;6391;45.64428;-1.088823;45.64428, -1.088823;408744;NOUVELLE AQUITAINE;17380;4002;17;17402;Royan;37242;05-Unités urbaines de 20 000 à 100 000 hbts;1;53;684;4,647160069;De 5 à 10 000 entrées;NON;;B;206;153;9;65,65105837;23,22001283;6,879409878;4,249518922;100;27,1969211
4;264;21277;13049;45.51138;1.20357;45.51138, 1.20357;420443;NOUVELLE AQUITAINE;87187;7147;87;87203;Saint-Yrieix-la-Perche;7147;06-autres communes et unités urbaines;2;53;1529;63,0546402;De 20 à 30 000 entrées;E;JP;I;306;240;4;58,08997235;28,70067856;9,786378487;3,422970596;170;28,73083689
4;1968;264297;152696;43.240399;0.079601;43.240399, 0.079601;421997;OCCITANIE;65440;43944;65;65501;Tarbes;80560;05-Unités urbaines de 20 000 à 100 000 hbts;11;53;21465;73,08704878;De 200 à 300 000 entrées;NON;;C;218;186;183;33,17079845;51,29084117;12,00807227;3,530288116;29;2,904725167
4;2519;200568;126542;43.536908;-1.461264;43.536908, -1.461264;422160;NOUVELLE AQUITAINE;40312;13234;40;751;Bayonne (partie française);257726;04-Unités urbaines de 100 000 hbts ou plus;12;53;23782;58,49915443;De 200 à 300 000 entrées;NON;;B;226;189;187;29,93425507;53,70423305;12,47548983;3,886022055;38;3,061076091
4;1375;193040;124846;44.637099;-1.153746;44.637099, -1.153746;424194;NOUVELLE AQUITAINE;33529;26648;33;33501;La Teste-de-Buch - Arcachon;69504;05-Unités urbaines de 20 000 à 100 000 hbts;10;53;13681;54,62249491;De 150 à 200 000 entrées;D;;C;325;245;180;35,38914204;50,02629866;11,08970186;3,49485744;139;8,598359589
4;173;3424;1651;45.966024;-0.705655;45.966024, -0.705655;428921;NOUVELLE AQUITAINE;17448;1194;17;0;Zone rurale;14908533;04-Unités urbaines de 100 000 hbts ou plus;1;53;332;107,3894609;De 2 à 5 000 entrées;E;;R;176;144;0;62,12351688;14,81594159;14,96805598;8,092485549;89;56,4344387
4;396;151174;73541;43.60903;1.443975;43.60903, 1.443975;430222;OCCITANIE;31555;503020;31;31701;Toulouse;1024959;04-Unités urbaines de 100 000 hbts ou plus;3;53;5504;105,5642431;De 150 à 200 000 entrées;A;RDJPPR;C;296;147;123;67,34847534;6,935699364;13,6270696;12,08875569;243;92,54537805
4;1330;96015;48499;43.571055;1.478228;43.571055, 1.478228;430459;OCCITANIE;31555;503020;31;31701;Toulouse;1024959;04-Unités urbaines de 100 000 hbts ou plus;7;50;10452;97,97315409;De 80 à 100 000 entrées;NON;;C;220;104;102;29,7588196;51,53924929;15,79480856;2,907122555;82;7,184208326
4;266;33599;22052;46.34852;-1.448152;46.34852, -1.448152;432661;PAYS DE LA LOIRE;85294;3040;85;85104;La Tranche-sur-Mer;3040;06-autres communes et unités urbaines;2;50;1975;52,3625975;De 30 à 40 000 entrées;E;;I;246;211;63;58,69939317;30,78223591;6,176976723;4,341394197;104;16,70440479
4;228;2512;1697;46.46634;1.038441;46.46634, 1.038441;435331;NOUVELLE AQUITAINE;86273;881;86;0;Zone rurale;14908533;04-Unités urbaines de 100 000 hbts ou plus;1;53;221;48,02592811;De 2 à 5 000 entrées;E;;R;151;128;1;50,52873563;21,97701149;18,52873563;8,965517241;61;26,29885057
4;187;7586;4686;45.424402;1.563016;45.424402, 1.563016;438622;NOUVELLE AQUITAINE;19276;2846;19;19103;Uzerche;2846;06-autres communes et unités urbaines;1;53;434;61,88647034;De 5 à 10 000 entrées;E;;I;196;149;0;55,00556174;22,67797553;13,87652948;8,439933259;87;43,35372636
4;110;6977;2818;43.387059;0.055241;43.387059, 0.055241;451594;OCCITANIE;65460;5101;65;65201;Vic-en-Bigorre;5101;06-autres communes et unités urbaines;1;51;500;147,5869411;De 5 à 10 000 entrées;E;;I;210;165;3;61,45626622;15,3106396;16,05861701;7,174477179;97;56,83101817
4;200;2453;1576;45.714055;-1.142718;45.714055, -1.142718;703700;NOUVELLE AQUITAINE;17225;2210;17;0;Zone rurale;14908533;04-Unités urbaines de 100 000 hbts ou plus;1;53;214;55,64720812;De 2 à 5 000 entrées;NON;;R;161;149;0;72,13530655;15,98308668;8,625792812;3,255813953;64;20,63424947
4;1096;175242;114725;43.485068;-1.471948;43.485068, -1.471948;720600;NOUVELLE AQUITAINE;64102;53296;64;751;Bayonne (partie française);257726;04-Unités urbaines de 100 000 hbts ou plus;7;53;13645;52,74961865;De 150 à 200 000 entrées;NON;;C;164;132;127;33,21537369;50,14430014;12,30903136;4,331294807;17;3,19693534
4;1575;191848;110468;43.319282;-0.433455;43.319282, -0.433455;722040;NOUVELLE AQUITAINE;64335;10007;64;64601;Pau;205404;04-Unités urbaines de 100 000 hbts ou plus;9;53;17677;73,66839266;De 150 à 200 000 entrées;NON;;B;169;143;140;34,66211225;50,54040036;11,93438707;2,863100321;16;1,830498174
5;605;142880;95437;50.174792;3.236568;50.174792, 3.236568;83071;HAUTS DE FRANCE;59122;32128;59;59403;Cambrai;46637;05-Unités urbaines de 20 000 à 100 000 hbts;5;53;8894;49,71132789;De 100 à 150 000 entrées;NON;;C;210;161;129;37,81448105;46,9205731;11,87565739;3,389288456;74;6,980413338
5;314;16768;8183;51.018022;2.380798;51.018022, 2.380798;122525;HAUTS DE FRANCE;59155;20987;59;59602;Dunkerque;172821;04-Unités urbaines de 100 000 hbts ou plus;1;48;237;104,9126237;De 10 à 20 000 entrées;NON;;B;99;68;1;63,63820863;19,46286024;10,41807604;6,480855094;38;41,58435936
5;117;18306;9353;50.365337;3.083696;50.365337, 3.083696;141631;HAUTS DE FRANCE;59178;40697;59;756;Douai - Lens;510310;04-Unités urbaines de 100 000 hbts ou plus;1;44;829;95,72329734;De 10 à 20 000 entrées;C;RD;C;160;109;28;74,69567313;8,997227914;11,03410871;5,272990237;135;91,13535013
5;362;15195;;50.445859;2.905974;50.445859, 2.905974;191372;HAUTS DE FRANCE;62413;12369;62;756;Douai - Lens;510310;04-Unités urbaines de 100 000 hbts ou plus;1;41;464;;De 10 à 20 000 entrées;NON;;B;111;82;3;25,96909732;50,50149092;17,71482787;5,814583898;33;18,77202494
5;540;104764;67906;50.724833;2.533715;50.724833, 2.533715;193731;HAUTS DE FRANCE;59295;21869;59;59401;Hazebrouck;26709;05-Unités urbaines de 20 000 à 100 000 hbts;4;53;5081;54,27797249;De 100 à 150 000 entrées;D;;C;233;184;119;46,88897406;37,84041434;11,8033238;3,467287791;80;8,325225305
5;154;12838;5971;50.679317;3.243787;50.679317, 3.243787;221842;HAUTS DE FRANCE;59339;9628;59;59702;Lille (partie française);1062604;04-Unités urbaines de 100 000 hbts ou plus;1;47;539;115,0058617;De 10 à 20 000 entrées;NON;;B;187;140;1;69,73811054;12,2027635;10,86118252;7,197943445;87;38,50417738
5;7358;1240211;777876;50.651256;2.975116;50.651256, 2.975116;231270;HAUTS DE FRANCE;59350;238104;59;59702;Lille (partie française);1062604;04-Unités urbaines de 100 000 hbts ou plus;23;53;36037;59,43556557;De 1 à 1,5 million d'entrées;NON;;C;432;304;298;26,22506916;55,13116524;14,1777484;4,466017204;130;3,668165217
5;200;10970;5928;50.461411;1.759867;50.461411, 1.759867;276221;HAUTS DE FRANCE;62588;2036;62;62201;Montreuil;4945;06-autres communes et unités urbaines;1;38;620;85,05398111;De 10 à 20 000 entrées;E;;C;128;91;0;56,04626709;20,50473186;20,48370137;2,965299685;61;39,91587802
5;426;14638;6645;50.59221;2.959712;50.59221, 2.959712;352223;HAUTS DE FRANCE;59553;5714;59;59702;Lille (partie française);1062604;04-Unités urbaines de 100 000 hbts ou plus;1;44;133;120,2859293;De 10 à 20 000 entrées;NON;;B;73;47;0;68,33544729;12,4897411;11,60934119;7,565470417;29;50,4140864
5;1546;239886;154942;50.750679;2.250328;50.750679, 2.250328;407871;HAUTS DE FRANCE;62765;15428;62;62501;Saint-Omer;63437;05-Unités urbaines de 20 000 à 100 000 hbts;9;53;13071;54,82309509;De 200 à 300 000 entrées;D;;C;312;247;170;40,40297014;43,70611435;12,67817049;3,212745024;136;6,626470564
5;140;27441;15754;50.381554;2.33712;50.381554, 2.33712;412322;HAUTS DE FRANCE;62767;5023;62;62209;Saint-Pol-sur-Ternoise;8532;06-autres communes et unités urbaines;1;53;1350;74,18433414;De 20 à 30 000 entrées;E;JPPR;C;156;97;24;58,91181989;30,02259065;8,515526286;2,550063177;81;25,25558066
5;638;69937;42826;50.721235;3.15888;50.721235, 3.15888;430886;HAUTS DE FRANCE;59599;99826;59;59702;Lille (partie française);1062604;04-Unités urbaines de 100 000 hbts ou plus;5;53;6761;63,30500163;De 50 à 80 000 entrées;NON;;B;126;97;86;33,69558832;49,84579686;12,36268578;4,095929037;29;12,12330377
5;3710;397434;268720;50.339838;3.514954;50.339838, 3.514954;440044;HAUTS DE FRANCE;59606;43188;59;59701;Valenciennes (partie française);336069;04-Unités urbaines de 100 000 hbts ou plus;15;53;23408;47,89892825;De 300 à 450 000 entrées;NON;;C;424;289;235;32,82604262;50,19042521;12,83700418;4,14652799;196;10,11190986
5;167;46191;24328;50.616176;3.139061;50.616176, 3.139061;457563;HAUTS DE FRANCE;59009;61902;59;59702;Lille (partie française);1062604;04-Unités urbaines de 100 000 hbts ou plus;1;48;1347;89,86764222;De 40 à 50 000 entrées;C;RDJPPR;B;334;196;3;58,48676253;16,99771536;13,53043946;10,98508265;273;76,08117189
6;150;2423;1675;45.555539;6.651442;45.555539, 6.651442;12833;AUVERGNE-RHONE-ALPES;73006;4537;73;73201;Aime;8496;06-autres communes et unités urbaines;1;36;85;44,65671642;De 2 à 5 000 entrées;NON;;C;71;55;5;62,88229842;18,86005561;9,314179796;8,943466172;16;32,53012048
6;870;41551;22356;45.68994;5.909791;45.68994, 5.909791;13513;AUVERGNE-RHONE-ALPES;73008;31642;73;73601;Chambéry;202124;04-Unités urbaines de 100 000 hbts ou plus;5;53;5765;85,86061907;De 40 à 50 000 entrées;C;PR;B;332;249;177;78,1543101;5,931661939;7,595389609;8,31863835;273;86,3093869
6;241;29365;18341;45.394059;6.075331;45.394059, 6.075331;15374;AUVERGNE-RHONE-ALPES;38006;4106;38;358;Allevard;14888;06-autres communes et unités urbaines;2;53;1500;60,10577395;De 20 à 30 000 entrées;E;JP;C;195;158;60;53,36852778;33,29371045;8,978079222;4,359682551;97;28,09845121
6;172;2423;1071;45.404713;6.578019;45.404713, 6.578019;15792;AUVERGNE-RHONE-ALPES;73015;1877;73;0;Zone rurale;14908533;04-Unités urbaines de 100 000 hbts ou plus;1;30;360;126,2371615;De 2 à 5 000 entrées;NON;;R;70;56;0;43,3461703;44,97218656;7,659392383;4,022250749;14;9,756097561
6;525;71382;41564;45.242757;4.670325;45.242757, 4.670325;20203;AUVERGNE-RHONE-ALPES;7010;16962;7;7401;Annonay;28073;05-Unités urbaines de 20 000 à 100 000 hbts;4;53;3956;71,73996728;De 50 à 80 000 entrées;D;;C;316;239;97;50,51026258;34,62762298;11,06667813;3,795436303;173;25,22073157
6;103;2234;1452;47.068237;4.09482;47.068237, 4.09482;20311;BOURGOGNE-FRANCHE-COMTE;71009;727;71;0;Zone rurale;14908533;04-Unités urbaines de 100 000 hbts ou plus;1;50;165;53,85674931;De 2 à 5 000 entrées;E;;R;100;67;1;69,91830851;12,83037001;10,23546372;7,015857761;69;60,93224411
6;97;403;247;45.037556;6.081406;45.037556, 6.081406;31331;AUVERGNE-RHONE-ALPES;38020;184;38;0;Zone rurale;14908533;04-Unités urbaines de 100 000 hbts ou plus;1;10;11;63,15789474;Moins de 2000 entrées;NON;;R;11;11;1;54,0942928;45,9057072;0;0;1;8,436724566
6;2973;321986;202218;47.63059;6.861946;47.63059, 6.861946;47476;BOURGOGNE-FRANCHE-COMTE;90010;46225;90;555;Belfort;79491;05-Unités urbaines de 20 000 à 100 000 hbts;14;53;21322;59,22717068;De 300 à 450 000 entrées;D;PR;C;478;328;267;40,28406215;43,00425433;12,39886929;4,31281424;267;18,28418163
6;434;40410;24554;45.759249;5.690752;45.759249, 5.690752;48503;AUVERGNE-RHONE-ALPES;1034;9550;1;1205;Belley;10716;06-autres communes et unités urbaines;3;52;2630;64,57603649;De 40 à 50 000 entrées;E;;C;272;213;108;44,39629408;43,45238095;9,904861526;2,246463439;121;12,79388324
6;337;62752;35225;47.240015;6.025346;47.240015, 6.025346;52141;BOURGOGNE-FRANCHE-COMTE;25056;121519;25;25602;Besançon;140997;04-Unités urbaines de 100 000 hbts ou plus;3;53;4664;78,14620298;De 50 à 80 000 entrées;B;RDJPPR;C;228;143;124;65,56237085;7,089907174;10,94236888;16,4053531;211;97,52189458
6;124;3136;1356;46.585435;3.054345;46.585435, 3.054345;67312;AUVERGNE-RHONE-ALPES;3036;2635;3;3102;Bourbon-l'Archambault;2635;06-autres communes et unités urbaines;1;53;238;131,2684366;De 2 à 5 000 entrées;NON;;I;74;62;0;78,33109017;12,65141319;3,768506057;5,248990579;29;35,53162853
6;192;9101;5706;45.585925;2.742025;45.585925, 2.742025;67333;AUVERGNE-RHONE-ALPES;63047;1790;63;63102;La Bourboule;2296;06-autres communes et unités urbaines;1;53;419;59,49877322;De 5 à 10 000 entrées;E;;C;98;79;6;63,40143567;27,43235781;6,924351187;2,241855329;46;26,16234125
6;594;22854;11800;46.206273;5.22595;46.206273, 5.22595;67981;AUVERGNE-RHONE-ALPES;1053;43363;1;1501;Bourg-en-Bresse;64032;05-Unités urbaines de 20 000 à 100 000 hbts;3;49;1937;93,6779661;De 20 à 30 000 entrées;D;;C;152;109;36;73,55829316;3,017318336;17,06838065;6,356007856;139;94,61256918
6;151;16726;9839;44.275689;5.27174;44.275689, 5.27174;78505;AUVERGNE-RHONE-ALPES;26063;2370;26;26101;Buis-les-Baronnies;2370;06-autres communes et unités urbaines;1;53;1054;69,99695091;De 10 à 20 000 entrées;E;RDJPPR;I;337;257;1;61,30790191;19,4854572;11,49483556;7,711805336;207;51,69507636
6;235;19525;9575;45.592248;5.919227;45.592248, 5.919227;95451;AUVERGNE-RHONE-ALPES;73065;60749;73;73601;Chambéry;202124;04-Unités urbaines de 100 000 hbts ou plus;2;45;2196;103,9164491;De 10 à 20 000 entrées;B;RDJPPR;C;278;157;31;63,7004455;10,55095021;15,02283878;10,72576552;232;76,57474765
6;272;28157;18485;46.748543;5.906232;46.748543, 5.906232;96611;BOURGOGNE-FRANCHE-COMTE;39097;8466;39;39301;Champagnole;10504;06-autres communes et unités urbaines;3;53;2300;52,32350555;De 20 à 30 000 entrées;E;JP;C;283;242;50;50,3262159;35,76141756;10,16088375;3,7514828;162;25,38552788
6;170;2806;1311;45.454122;6.692461;45.454122, 6.692461;96641;AUVERGNE-RHONE-ALPES;73071;577;73;0;Zone rurale;14908533;04-Unités urbaines de 100 000 hbts ou plus;1;30;342;114,0350877;De 2 à 5 000 entrées;NON;;R;122;98;19;44,45258147;41,45001831;11,1680703;2,929329916;37;17,79567924
6;400;10923;4151;45.626941;4.935433;45.626941, 4.935433;101491;AUVERGNE-RHONE-ALPES;69270;4482;69;758;Lyon;1720030;04-Unités urbaines de 100 000 hbts ou plus;1;46;288;163,1414117;De 10 à 20 000 entrées;C;;B;141;102;0;63,95862623;19,75296244;10,91584656;5,372564772;42;20,24502912
6;233;15024;8859;46.435078;4.273364;46.435078, 4.273364;102853;BOURGOGNE-FRANCHE-COMTE;71106;3233;71;71105;Charolles;3233;06-autres communes et unités urbaines;2;52;938;69,59024721;De 10 à 20 000 entrées;E;JP;I;210;169;3;59,88396187;23,93286366;12,62605332;3,557121149;96;27,89059262
6;100;3407;2379;46.2662845;6.84154239999998;46.2662845, 6.84154239999998;105092;AUVERGNE-RHONE-ALPES;74063;1248;74;74108;Abondance;3741;06-autres communes et unités urbaines;1;30;405;43,21143338;De 2 à 5 000 entrées;NON;;C;61;49;2;80,32741398;11,93118757;2,885682575;4,855715871;14;22,16981132
6;1162;142249;94074;45.774394;3.08166;45.774394, 3.08166;114720;AUVERGNE-RHONE-ALPES;63113;149898;63;63701;Clermont-Ferrand;278692;04-Unités urbaines de 100 000 hbts ou plus;7;53;12146;51,20968599;De 100 à 150 000 entrées;NON;;C;170;134;131;32,27791878;47,67343486;14,69190637;5,356739989;22;5,179780034
6;313;7172;3816;45.904524;6.425393;45.904524, 6.425393;115521;AUVERGNE-RHONE-ALPES;74080;1758;74;0;Zone rurale;14908533;04-Unités urbaines de 100 000 hbts ou plus;1;32;373;87,94549266;De 5 à 10 000 entrées;NON;;R;83;70;38;57,5989961;38,52481874;2,830451757;1,045733408;9;4,991634133
6;124;8861;4422;45.755201;3.536932;45.755201, 3.536932;125291;AUVERGNE-RHONE-ALPES;63125;4148;63;63115;Courpière;4148;06-autres communes et unités urbaines;1;52;469;100,3844414;De 5 à 10 000 entrées;E;;I;202;165;3;57,73924213;30,36608863;8,375080283;3,519588953;100;45,76750161
6;144;30208;15774;45.768904;4.955836;45.768904, 4.955836;136753;AUVERGNE-RHONE-ALPES;69275;29063;69;758;Lyon;1720030;04-Unités urbaines de 100 000 hbts ou plus;1;49;1171;91,50500824;De 30 à 40 000 entrées;C;JP;B;256;176;4;69,50270932;13,05278797;11,45341723;5,991085475;159;58,76595001
6;113;7474;3274;47.512144;7.007276;47.512144, 7.007276;136912;BOURGOGNE-FRANCHE-COMTE;90033;5774;90;90301;Delle (partie française);10275;06-autres communes et unités urbaines;1;53;497;128,2834453;De 5 à 10 000 entrées;E;;C;152;113;0;55,76106316;25,66104946;12,71407042;5,863816961;50;37,19687628
6;409;41180;28784;46.480212;3.977127;46.480212, 3.977127;138641;BOURGOGNE-FRANCHE-COMTE;71176;7854;71;353;Digoin;10080;06-autres communes et unités urbaines;3;53;3800;43,065592;De 40 à 50 000 entrées;E;JPPR;C;335;239;95;50,91679123;36,3552566;9,27752865;3,450423518;185;18,43049327
6;1059;89399;47905;47.323572;5.034663;47.323572, 5.034663;138715;BOURGOGNE-FRANCHE-COMTE;21231;162454;21;21701;Dijon;253465;04-Unités urbaines de 100 000 hbts ou plus;6;51;7890;86,61726333;De 80 à 100 000 entrées;NON;;C;134;109;95;85,80322503;5,036679294;6,435184655;2,72491102;73;42,40721455
6;208;16367;8164;46.302008;6.310919;46.302008, 6.310919;142311;AUVERGNE-RHONE-ALPES;74105;6772;74;74115;Douvaine;6772;06-autres communes et unités urbaines;1;53;778;100,477707;De 10 à 20 000 entrées;NON;;I;113;88;60;52,67851415;31,48777828;10,55366652;5,28004106;26;25,56617694
6;238;16088;5127;44.932115;4.875562;44.932115, 4.875562;188251;AUVERGNE-RHONE-ALPES;7102;11154;7;651;Valence;135081;04-Unités urbaines de 100 000 hbts ou plus;1;47;263;213,7897406;De 10 à 20 000 entrées;NON;;B;93;65;0;78,46222449;13,12269079;6,644158492;1,770926233;36;32,11874124
6;50;4627;3045;45.72693270000001;3.834929299999999;45.72693270000001, 3.834929299999999;204141;AUVERGNE-RHONE-ALPES;42039;458;42;0;Zone rurale;14908533;04-Unités urbaines de 100 000 hbts ou plus;1;39;93;51,95402299;De 2 à 5 000 entrées;NON;;R;72;54;0;79,76778656;11,88241107;5,187747036;3,162055336;22;34,80731225
6;124;15394;7739;44.75382;4.824625;44.75382, 4.824625;233062;AUVERGNE-RHONE-ALPES;26166;6722;26;26303;Livron-sur-Drôme;16758;06-autres communes et unités urbaines;1;47;819;98,91458845;De 10 à 20 000 entrées;E;JP;B;193;164;2;59,35408184;29,10772203;8,170588641;3,367607481;78;31,55061762
6;287;14919;8515;45.916394;6.090209;45.916394, 6.090209;261581;AUVERGNE-RHONE-ALPES;74010;134942;74;74601;Annecy;182687;04-Unités urbaines de 100 000 hbts ou plus;1;50;641;75,20845567;De 10 à 20 000 entrées;NON;;C;197;151;2;67,12286872;18,48765196;8,379845554;6,009633764;83;36,68476183
6;200;1241;296;46.36675;5.996859;46.36675, 5.996859;262461;AUVERGNE-RHONE-ALPES;1247;312;1;0;Zone rurale;14908533;04-Unités urbaines de 100 000 hbts ou plus;1;20;74;319,2567568;Moins de 2000 entrées;NON;;R;29;26;8;82,89361702;16,34042553;0,765957447;0;4;20,34042553
6;178;7016;3401;45.575851;2.809534;45.575851, 2.809534;270673;AUVERGNE-RHONE-ALPES;63236;1292;63;0;Zone rurale;14908533;04-Unités urbaines de 100 000 hbts ou plus;1;45;407;106,292267;De 5 à 10 000 entrées;NON;;R;72;65;6;74,90022805;21,08038769;2,551311288;1,468072976;27;19,28449259
6;315;3920;1736;45.22819;6.404581;45.22819, 6.404581;276361;AUVERGNE-RHONE-ALPES;73173;487;73;0;Zone rurale;14908533;04-Unités urbaines de 100 000 hbts ou plus;1;27;247;125,8064516;De 2 à 5 000 entrées;NON;;R;93;79;35;46,86697483;41,06317411;9,912686184;2,157164869;21;8,371854135
6;261;9216;3098;46.190882;6.776907;46.190882, 6.776907;279192;AUVERGNE-RHONE-ALPES;74191;2764;74;74114;Morzine;4615;06-autres communes et unités urbaines;1;28;330;197,4822466;De 5 à 10 000 entrées;NON;;C;93;76;52;43,53298611;43,92361111;10,61197917;1,931423611;18;4,58984375
6;100;7681;4577;45.110108;2.86664;45.110108, 2.86664;282922;AUVERGNE-RHONE-ALPES;15138;1913;15;15101;Murat;1913;06-autres communes et unités urbaines;1;49;557;67,81734761;De 5 à 10 000 entrées;E;JP;I;198;153;0;65,22287637;23,26885338;4,625735913;6,882534343;103;39,23465097
6;1816;214656;136941;46.989632;3.150328;46.989632, 3.150328;289783;BOURGOGNE-FRANCHE-COMTE;58194;33285;58;58501;Nevers;57545;05-Unités urbaines de 20 000 à 100 000 hbts;10;53;13785;56,75071746;De 200 à 300 000 entrées;D;RDJP;C;370;288;207;41,20952928;43,42809134;11,45070416;3,911675218;185;11,3809291
6;513;45791;31896;46.449057;4.116424;46.449057, 4.116424;303475;BOURGOGNE-FRANCHE-COMTE;71342;9612;71;71205;Paray-le-Monial;9612;06-autres communes et unités urbaines;3;50;5160;43,56345623;De 40 à 50 000 entrées;E;;I;299;230;118;46,13851862;39,40268426;10,74847694;3,710320187;135;12,97695937
6;1151;178200;106838;45.040387;3.886089;45.040387, 3.886089;328244;AUVERGNE-RHONE-ALPES;43157;19784;43;43401;Le Puy-en-Velay;39897;05-Unités urbaines de 20 000 à 100 000 hbts;6;53;7602;66,7945862;De 150 à 200 000 entrées;D;;C;276;213;157;46,3062991;39,27975973;10,66885164;3,74508953;127;14,66231957
6;199;15463;8226;46.066503;6.314579;46.066503, 6.314579;339254;AUVERGNE-RHONE-ALPES;74224;11537;74;74502;Cluses;93895;05-Unités urbaines de 20 000 à 100 000 hbts;1;51;552;87,97714564;De 10 à 20 000 entrées;D;JP;C;169;109;1;61,88754711;14,37581724;13,4912699;10,24536574;109;66,23336666
6;304;8847;4977;46.0819758;6.727133399999957;46.0819758, 6.727133399999957;351441;AUVERGNE-RHONE-ALPES;74258;2438;74;74110;Samoëns;3913;06-autres communes et unités urbaines;1;30;321;77,75768535;De 5 à 10 000 entrées;NON;;C;93;71;48;45,81905415;35,5494631;16,30111949;2,330363263;25;15,95841901
6;280;35877;15606;45.941027;6.035993;45.941027, 6.035993;363480;AUVERGNE-RHONE-ALPES;74272;5619;74;74601;Annecy;182687;04-Unités urbaines de 100 000 hbts ou plus;1;52;1066;129,8923491;De 30 à 40 000 entrées;C;JPPR;B;178;120;2;71,932187;9,281126994;11,42186313;7,364822871;114;63,61439127
6;100;14338;7501;45.583013;3.621912;45.583013, 3.621912;372341;AUVERGNE-RHONE-ALPES;63314;527;63;0;Zone rurale;14908533;04-Unités urbaines de 100 000 hbts ou plus;1;47;396;91,14784695;De 10 à 20 000 entrées;E;JP;R;78;42;0;62,25027333;27,77059934;6,659377795;3,319749528;52;78,57071862
6;250;2452;1224;45.174031;5.218117;45.174031, 5.218117;373599;AUVERGNE-RHONE-ALPES;38359;1219;38;0;Zone rurale;14908533;04-Unités urbaines de 100 000 hbts ou plus;1;9;22;100,3267974;De 2 à 5 000 entrées;NON;;R;11;3;1;83,44208809;8,972267537;7,585644372;0;4;46,41109299
6;1643;117252;87159;45.4379;4.395893;45.4379, 4.395893;383589;AUVERGNE-RHONE-ALPES;42218;176016;42;753;Saint-Étienne;380055;04-Unités urbaines de 100 000 hbts ou plus;10;53;15241;34,52655492;De 100 à 150 000 entrées;NON;;C;195;158;120;35,46211448;48,26130069;11,37933393;4,897250906;48;3,165390139
6;252;26567;17298;45.03382;3.095174;45.03382, 3.095174;385491;AUVERGNE-RHONE-ALPES;15187;6992;15;15201;Saint-Flour;6992;06-autres communes et unités urbaines;2;53;1402;53,58422939;De 20 à 30 000 entrées;E;JP;I;263;208;20;58,41973543;27,7281214;11,0276884;2,824454773;147;23,97807174
6;301;14458;6232;45.696745;4.795075;45.696745, 4.795075;387142;AUVERGNE-RHONE-ALPES;69204;21439;69;758;Lyon;1720030;04-Unités urbaines de 100 000 hbts ou plus;1;45;514;131,9961489;De 10 à 20 000 entrées;C;;B;189;135;0;77,57561055;6,744298884;9,825327511;5,85476306;128;63,50477115
6;285;12025;6757;45.501585;5.142493;45.501585, 5.142493;392882;AUVERGNE-RHONE-ALPES;38399;4759;38;38123;Saint-Jean-de-Bournay;4759;06-autres communes et unités urbaines;1;49;394;77,96359331;De 10 à 20 000 entrées;E;;I;200;164;2;64,49281524;18,47632004;11,13000595;5,900858771;88;43,13408724
6;123;22823;10139;46.144524;6.080637;46.144524, 6.080637;395484;AUVERGNE-RHONE-ALPES;74243;15968;74;652;Genève (SUI) - Annemasse (partie française);195045;04-Unités urbaines de 100 000 hbts ou plus;1;49;956;125,1010948;De 20 à 30 000 entrées;C;JP;B;277;188;2;60,8636706;14,30077831;17,36379613;7,471754959;213;76,01305549
6;344;5931;2867;45.323346;6.538468;45.323346, 6.538468;402243;AUVERGNE-RHONE-ALPES;73257;3592;73;0;Zone rurale;14908533;04-Unités urbaines de 100 000 hbts ou plus;2;30;648;106,871294;De 5 à 10 000 entrées;NON;;R;135;112;16;44,54903303;45,33629985;7,752866678;2,361800445;45;7,718637686
6;208;11105;5824;45.24015;4.233176;45.24015, 4.233176;416701;AUVERGNE-RHONE-ALPES;43224;6120;43;43203;Sainte-Sigolène;8473;06-autres communes et unités urbaines;1;53;539;90,67651099;De 10 à 20 000 entrées;E;;C;213;176;1;58,06179479;27,56511652;10,46082463;3,912264051;104;26,17315196
6;245;35129;18245;45.761019;4.761288;45.761019, 4.761288;422432;AUVERGNE-RHONE-ALPES;69244;22795;69;758;Lyon;1720030;04-Unités urbaines de 100 000 hbts ou plus;1;49;932;92,54042203;De 30 à 40 000 entrées;C;;B;214;164;9;75,42161838;12,35381269;8,30942849;3,915140434;133;49,5507991
6;189;16614;10759;45.881671;6.325794;45.881671, 6.325794;426831;AUVERGNE-RHONE-ALPES;74280;6876;74;74205;Thônes;10638;06-autres communes et unités urbaines;1;53;537;54,41955572;De 10 à 20 000 entrées;NON;;C;166;126;54;60,05690252;27,01014349;9,44458189;3,488372093;74;37,12271153
6;282;12190;5558;45.456559;6.900294;45.456559, 6.900294;428103;AUVERGNE-RHONE-ALPES;73296;2058;73;0;Zone rurale;14908533;04-Unités urbaines de 100 000 hbts ou plus;2;41;993;119,3234977;De 10 à 20 000 entrées;NON;;R;171;143;45;39,00342208;45,10474919;11,47650447;4,415324263;58;9,373174192
6;2343;434408;259752;44.933197;4.901186;44.933197, 4.901186;439990;AUVERGNE-RHONE-ALPES;26362;65709;26;651;Valence;135081;04-Unités urbaines de 100 000 hbts ou plus;12;53;18863;67,23952077;De 300 à 450 000 entrées;NON;;C;261;186;185;32,4648513;51,27430717;12,1091077;4,151733833;49;4,679921224
6;274;7049;3688;45.174957;6.493547;45.174957, 6.493547;441172;AUVERGNE-RHONE-ALPES;73307;572;73;0;Zone rurale;14908533;04-Unités urbaines de 100 000 hbts ou plus;2;29;543;91,13340564;De 5 à 10 000 entrées;NON;;R;148;127;66;48,90337878;39,3301719;8,091286307;3,675163011;66;11,55898044
6;160;3187;1318;45.111573;5.875976;45.111573, 5.875976;444091;AUVERGNE-RHONE-ALPES;38567;416;38;0;Zone rurale;14908533;04-Unités urbaines de 100 000 hbts ou plus;1;27;312;141,8057663;De 2 à 5 000 entrées;NON;;R;117;96;21;55,61548223;35,37436548;5,964467005;3,045685279;35;14,18147208
6;419;21137;14389;45.070607;5.549868;45.070607, 5.549868;454531;AUVERGNE-RHONE-ALPES;38548;4492;38;38119;Villard-de-Lans;4492;06-autres communes et unités urbaines;2;53;1361;46,89693516;De 20 à 30 000 entrées;E;;I;261;230;83;57,55258126;31,6873805;7,284894837;3,475143403;131;20,28202677
6;240;53507;28000;45.770555;4.874404;45.770555, 4.874404;460784;AUVERGNE-RHONE-ALPES;69266;155858;69;758;Lyon;1720030;04-Unités urbaines de 100 000 hbts ou plus;1;51;1327;91,09642857;De 50 à 80 000 entrées;C;RDJPPR;B;312;189;5;55,5630968;9,129844598;23,30790114;11,99915746;258;86,16129938
6;218;19516;12238;45.296452;5.636354;45.296452, 5.636354;465193;AUVERGNE-RHONE-ALPES;38565;9888;38;38701;Grenoble;523867;04-Unités urbaines de 100 000 hbts ou plus;2;50;1586;59,47050172;De 10 à 20 000 entrées;C;JP;B;276;222;8;62,52328986;20,61219058;10,98749002;5,877029545;150;39,66462603
6;299;25245;14586;44.45106;4.346553;44.45106, 4.346553;702200;AUVERGNE-RHONE-ALPES;7201;2303;7;7111;Ruoms;3923;06-autres communes et unités urbaines;2;53;1904;73,07692308;De 20 à 30 000 entrées;NON;;C;247;206;69;51,21169637;37,10394552;9,120769077;2,563589025;111;11,81654316
6;258;5468;3677;45.817369;4.183976;45.817369, 4.183976;709650;AUVERGNE-RHONE-ALPES;42011;2892;42;42105;Balbigny;4133;06-autres communes et unités urbaines;1;47;270;48,70818602;De 5 à 10 000 entrées;E;;C;162;128;1;71,55088539;17,47421677;7,122008173;3,852889667;71;25,60809496
6;595;104081;66073;45.961254;5.356402;45.961254, 5.356402;720500;AUVERGNE-RHONE-ALPES;1004;14662;1;1302;Ambérieu-en-Bugey;18489;06-autres communes et unités urbaines;3;53;3292;57,52425348;De 100 à 150 000 entrées;E;JP;C;196;124;57;32,6389026;51,24839633;12,16224218;3,950458897;103;10,88226586
6;1611;287482;181045;45.566568;5.91835;45.566568, 5.91835;721450;AUVERGNE-RHONE-ALPES;73065;60749;73;73601;Chambéry;202124;04-Unités urbaines de 100 000 hbts ou plus;10;53;15999;58,79035599;De 200 à 300 000 entrées;NON;;C;275;227;178;29,96891257;53,06008136;13,30352954;3,667476527;84;3,766550205
6;1380;17579;;45.874847;6.086817;45.874847, 6.086817;725280;AUVERGNE-RHONE-ALPES;74010;134942;74;74601;Annecy;182687;04-Unités urbaines de 100 000 hbts ou plus;9;3;681;;De 10 à 20 000 entrées;NON;;C;20;19;10;6,951476193;89,00961374;3,959269583;0,07964048;1;1,786222197
7;757;101745;60480;43.31185;3.473009;43.31185, 3.473009;11527;OCCITANIE;34003;29589;34;34401;Agde;29589;05-Unités urbaines de 20 000 à 100 000 hbts;4;52;5928;68,22916667;De 100 à 150 000 entrées;D;JPPR;I;277;213;118;49,48823717;35,22059807;10,37927026;4,9118945;142;17,26003724
7;165;20248;9895;43.524462;5.439812;43.524462, 5.439812;13454;PROVENCE-ALPES-COTE D'AZUR;13001;150358;13;759;Marseille - Aix-en-Provence;1630325;04-Unités urbaines de 100 000 hbts ou plus;1;49;1007;104,6286003;De 20 à 30 000 entrées;C;PR;B;239;13;2;33,44001652;24,78835433;19,75015486;22,02147429;188;87,98265538
7;196;3880;1722;42.472951;2.670403;42.472951, 2.670403;17082;OCCITANIE;66003;3632;66;66204;Amélie-les-Bains-Palalda;6455;06-autres communes et unités urbaines;1;53;350;125,3193961;De 2 à 5 000 entrées;NON;;C;198;176;1;77,44479495;12,723449;6,466876972;3,364879075;83;30,99369085
7;432;43743;27503;43.875034;5.396362;43.875034, 5.396362;21532;PROVENCE-ALPES-COTE D'AZUR;84003;11116;84;84302;Apt;15178;06-autres communes et unités urbaines;3;53;4280;59,04810384;De 40 à 50 000 entrées;E;RDJPPR;C;293;215;144;52,47723806;31,74885613;9,058557101;6,715348708;157;32,39589592
7;231;42552;24271;43.678479;4.624726;43.678479, 4.624726;23951;PROVENCE-ALPES-COTE D'AZUR;13004;51691;13;552;Arles;54491;05-Unités urbaines de 20 000 à 100 000 hbts;3;53;4325;75,32034115;De 40 à 50 000 entrées;D;RDJPPR;C;215;155;85;68,12253345;8,294831071;15,01588218;8,566753297;183;84,85417268
7;456;153420;86976;43.951249;4.808538;43.951249, 4.808538;33791;PROVENCE-ALPES-COTE D'AZUR;84007;92277;84;754;Avignon;470065;04-Unités urbaines de 100 000 hbts ou plus;4;53;8109;76,39348786;De 150 à 200 000 entrées;B;RDJPPR;C;479;264;200;65,59169862;9,712235124;14,61201545;10,08405081;404;92,02199512
7;344;40379;22386;42.695783;9.447861;42.695783, 9.447861;41134;CORSE;2B033;48928;2B;2B501;Bastia;72702;05-Unités urbaines de 20 000 à 100 000 hbts;2;53;2923;80,37612794;De 40 à 50 000 entrées;D;JPPR;C;212;134;78;40,05818594;26,9431786;27,23668289;5,761952576;123;37,96503695
7;299;82850;47785;42.697652;9.448441;42.697652, 9.448441;41142;CORSE;2B033;48928;2B;2B501;Bastia;72702;05-Unités urbaines de 20 000 à 100 000 hbts;3;53;3882;73,38076802;De 80 à 100 000 entrées;NON;;C;178;126;99;41,07871188;46,05344859;9,038777622;3,82906191;73;10,75424606
7;120;14590;8649;43.705177;7.329524;43.705177, 7.329524;44502;PROVENCE-ALPES-COTE D'AZUR;6011;3788;6;6701;Nice;966577;04-Unités urbaines de 100 000 hbts ou plus;1;52;853;68,69002197;De 10 à 20 000 entrées;C;;B;272;222;2;55,99122165;20,32187271;13,56986101;10,11704462;171;54,55742502
7;196;19664;11875;43.476136;5.167368;43.476136, 5.167368;51261;PROVENCE-ALPES-COTE D'AZUR;13014;13903;13;759;Marseille - Aix-en-Provence;1630325;04-Unités urbaines de 100 000 hbts ou plus;1;45;1182;65,59157895;De 10 à 20 000 entrées;C;JP;B;231;194;4;63,74659738;21,57263054;10,81415491;3,866617174;141;45,52091067
7;1462;218557;113155;43.342559;3.212618;43.342559, 3.212618;54604;OCCITANIE;34032;79873;34;34501;Béziers;95454;05-Unités urbaines de 20 000 à 100 000 hbts;9;53;15790;93,14833635;De 200 à 300 000 entrées;D;;C;292;234;225;40,28869982;45,51199182;10,9888879;3,210420449;133;13,4558573
7;177;7671;5131;43.567121;6.963836;43.567121, 6.963836;84745;PROVENCE-ALPES-COTE D'AZUR;6029;73159;6;6701;Nice;966577;04-Unités urbaines de 100 000 hbts ou plus;1;47;370;49,50302085;De 5 à 10 000 entrées;C;;B;160;128;2;48,51285498;16,38380104;16,92152579;18,18181818;88;42,81633339
7;200;21849;14722;43.332335;5.151827;43.332335, 5.151827;86952;PROVENCE-ALPES-COTE D'AZUR;13021;5831;13;13303;Sausset-les-Pins - Carry-le-Rouet;13519;06-autres communes et unités urbaines;1;53;1494;48,41054205;De 20 à 30 000 entrées;E;JP;B;170;140;15;64,14829378;23,87305154;8,533445677;3,445209006;71;23,58751112
7;392;55267;31661;43.837243;5.040229;43.837243, 5.040229;90312;PROVENCE-ALPES-COTE D'AZUR;84035;26206;84;754;Avignon;470065;04-Unités urbaines de 100 000 hbts ou plus;3;53;4665;74,55860522;De 50 à 80 000 entrées;C;;B;216;175;149;63,56906399;25,03728764;8,039579468;3,3540689;86;23,06377096
7;204;14583;11016;43.834963;5.042283;43.834963, 5.042283;90324;PROVENCE-ALPES-COTE D'AZUR;84035;26206;84;754;Avignon;470065;04-Unités urbaines de 100 000 hbts ou plus;2;53;2138;32,38017429;De 10 à 20 000 entrées;NON;;B;185;157;103;77,49434273;2,03661798;12,27456628;8,194473017;176;96,5507783
7;270;4600;1753;44.76726;6.010559;44.76726, 6.010559;106681;PROVENCE-ALPES-COTE D'AZUR;5039;730;5;0;Zone rurale;14908533;04-Unités urbaines de 100 000 hbts ou plus;1;29;209;162,4073018;De 2 à 5 000 entrées;NON;;R;26;9;2;84,5591702;1,579443659;9,476661952;4,384724187;22;82,83828383
7;121;7024;;42.526903;3.08464;42.526903, 3.08464;116614;OCCITANIE;66053;2429;66;66401;Saint-Cyprien;56371;05-Unités urbaines de 20 000 à 100 000 hbts;1;41;429;;De 5 à 10 000 entrées;NON;;B;206;164;31;62,93517407;20,18307323;9,018607443;7,863145258;102;36,53961585
7;615;16737;9769;42.627056;8.921392;42.627056, 8.921392;120241;CORSE;2B093;933;2B;0;Zone rurale;14908533;04-Unités urbaines de 100 000 hbts ou plus;2;51;1212;71,32766916;De 10 à 20 000 entrées;E;;R;147;108;21;46,76722827;34,88838878;15,00517;3,339212943;55;18,10108874
7;157;9561;5577;42.601026;2.9735;42.601026, 2.9735;146576;OCCITANIE;66065;9518;66;66401;Saint-Cyprien;56371;05-Unités urbaines de 20 000 à 100 000 hbts;1;53;612;71,43625605;De 5 à 10 000 entrées;D;;C;235;184;40;62,89667428;22,93729373;10,01523229;4,150799695;116;63,95024118
7;388;41411;23114;44.564376;6.493852;44.564376, 6.493852;146762;PROVENCE-ALPES-COTE D'AZUR;5046;6781;5;5201;Embrun;7422;06-autres communes et unités urbaines;2;51;1957;79,15981656;De 40 à 50 000 entrées;E;;C;233;198;80;53,16931617;34,24930608;8,082260913;4,499116831;108;26,6565733
7;208;2141;876;44.371085;6.682435;44.371085, 6.682435;146931;PROVENCE-ALPES-COTE D'AZUR;4073;397;4;0;Zone rurale;14908533;04-Unités urbaines de 100 000 hbts ou plus;1;26;282;144,4063927;De 2 à 5 000 entrées;NON;;R;93;74;22;50,2362949;34,3100189;6,710775047;8,742911153;16;10,30245747
7;198;7136;3834;43.695168;5.030541;43.695168, 5.030541;154712;PROVENCE-ALPES-COTE D'AZUR;13035;7014;13;13207;Eyguières;7014;06-autres communes et unités urbaines;1;50;453;86,12415232;De 5 à 10 000 entrées;E;;I;123;95;9;52,37334186;29,61483139;9,509349529;8,502477226;61;27,32939108
7;96;6499;3394;43.382416;6.204033;43.382416, 6.204033;160410;PROVENCE-ALPES-COTE D'AZUR;83057;3650;83;83108;Flassans-sur-Issole;3650;06-autres communes et unités urbaines;1;52;305;91,48497348;De 5 à 10 000 entrées;E;;I;154;114;2;49,7919787;27,67515394;18,65535031;3,877517058;97;58,2958895
7;640;114295;67057;44.557036;6.078807;44.557036, 6.078807;172741;PROVENCE-ALPES-COTE D'AZUR;5061;41528;5;5401;Gap;42010;05-Unités urbaines de 20 000 à 100 000 hbts;6;53;8604;70,44454718;De 100 à 150 000 entrées;NON;;C;159;134;127;38,29534493;46,94812618;11,23754064;3,518988246;29;7,171948126
7;425;42920;24917;43.544412;4.131107;43.544412, 4.131107;184213;OCCITANIE;30133;8426;30;362;Le Grau-du-Roi;17147;06-autres communes et unités urbaines;2;53;2988;72,25187623;De 40 à 50 000 entrées;E;JP;B;316;251;102;68,04006535;21,17875494;6,064265587;4,716914115;167;25,22554522
7;641;26242;14991;43.757246;5.886021;43.757246, 5.886021;185173;PROVENCE-ALPES-COTE D'AZUR;4094;2825;4;4101;Gréoux-les-Bains;2825;06-autres communes et unités urbaines;2;53;2140;75,05169769;De 20 à 30 000 entrées;E;RDJP;I;202;165;17;70,5201121;21,76475437;4,739531817;2,975601714;109;27,24612595
7;730;118455;73292;43.118684;6.128014;43.118684, 6.128014;199831;PROVENCE-ALPES-COTE D'AZUR;83069;55528;83;757;Toulon;598427;04-Unités urbaines de 100 000 hbts ou plus;6;53;8031;61,62064072;De 100 à 150 000 entrées;C;;B;226;161;130;53,77424294;31,333787;10,8514801;4,040489963;114;22,16825451
7;92;7006;3579;43.916183;5.048509;43.916183, 5.048509;201753;PROVENCE-ALPES-COTE D'AZUR;84054;20531;84;754;Avignon;470065;04-Unités urbaines de 100 000 hbts ou plus;1;51;364;95,75300363;De 5 à 10 000 entrées;C;;B;185;145;0;67,69088954;16,838224;9,110462437;6,360424028;124;72,5303426
7;150;3424;1660;44.18736;7.045728;44.18736, 7.045728;201821;PROVENCE-ALPES-COTE D'AZUR;6073;667;6;0;Zone rurale;14908533;04-Unités urbaines de 100 000 hbts ou plus;1;27;324;106,2650602;De 2 à 5 000 entrées;NON;;R;72;60;9;53,65070093;40,74182243;5,169392523;0,438084112;6;2,686915888
7;162;12739;6562;44.314841;5.822237;44.314841, 5.822237;217372;PROVENCE-ALPES-COTE D'AZUR;5070;3631;5;5104;Laragne-Montéglin;3986;06-autres communes et unités urbaines;1;52;1118;94,13288632;De 10 à 20 000 entrées;E;JPPR;C;260;220;3;59,32965634;27,45014849;9,079338142;4,140857022;125;30,45396691
7;406;74851;39560;43.137825;6.355187;43.137825, 6.355187;220335;PROVENCE-ALPES-COTE D'AZUR;83070;6048;83;83308;Bormes-les-Mimosas - Le Lavandou;14984;06-autres communes et unités urbaines;3;53;4453;89,20879676;De 50 à 80 000 entrées;NON;;B;289;218;89;56,14120709;31,79599805;8,052708638;4,010086221;144;10,68678488
7;451;51790;33386;42.841052;3.039151;42.841052, 3.039151;224165;OCCITANIE;11202;4635;11;0;Zone rurale;14908533;04-Unités urbaines de 100 000 hbts ou plus;3;51;3954;55,12490265;De 50 à 80 000 entrées;E;JPPR;R;258;191;97;46,5817642;40,62426752;8,442065786;4,351902492;123;15,06563013
7;350;11785;6051;43.055193;2.214156;43.055193, 2.214156;228531;OCCITANIE;11206;10681;11;11301;Limoux;13477;06-autres communes et unités urbaines;1;52;501;94,7611965;De 10 à 20 000 entrées;E;PR;C;266;188;5;57,27148704;29,5588904;10,57753524;2,592087312;166;54,10641201
7;120;11339;5863;43.493104;6.361864;43.493104, 6.361864;232943;PROVENCE-ALPES-COTE D'AZUR;83072;9589;83;83303;Lorgues;11411;06-autres communes et unités urbaines;1;52;657;93,39928364;De 10 à 20 000 entrées;E;RD;C;236;180;4;58,34004024;16,53923541;17,47484909;7,645875252;180;71,89134809
7;375;53224;32859;43.677738;4.131204;43.677738, 4.131204;236511;OCCITANIE;34145;26626;34;463;Lunel;53290;05-Unités urbaines de 20 000 à 100 000 hbts;3;49;2907;61,97693174;De 50 à 80 000 entrées;D;;C;214;175;74;51,35620073;35,23449579;10,2292466;3,180056882;107;16,22287121
7;1433;231836;159859;43.28385;5.384511;43.28385, 5.384511;249441;PROVENCE-ALPES-COTE D'AZUR;13055;876602;13;759;Marseille - Aix-en-Provence;1630325;04-Unités urbaines de 100 000 hbts ou plus;11;53;18082;45,02530355;De 200 à 300 000 entrées;NON;;C;253;189;176;43,7476207;39,26544385;11,99645267;4,990482782;65;10,50224952
7;1358;146162;94028;43.300347;5.399852;43.300347, 5.399852;249471;PROVENCE-ALPES-COTE D'AZUR;13055;876602;13;759;Marseille - Aix-en-Provence;1630325;04-Unités urbaines de 100 000 hbts ou plus;8;53;12292;55,44518654;De 100 à 150 000 entrées;NON;;C;322;234;163;51,67857811;30,11527877;11,73722263;6,468920483;173;37,55744876
7;128;9036;3708;44.975571;6.50728;44.975571, 6.50728;266752;PROVENCE-ALPES-COTE D'AZUR;5079;1085;5;0;Zone rurale;14908533;04-Unités urbaines de 100 000 hbts ou plus;2;39;877;143,6893204;De 5 à 10 000 entrées;NON;;R;101;71;2;67,8396538;14,90718597;5,10192461;12,15123562;58;49,56155335
7;188;4210;2415;44.932175;6.724754;44.932175, 6.724754;272358;PROVENCE-ALPES-COTE D'AZUR;5085;466;5;0;Zone rurale;14908533;04-Unités urbaines de 100 000 hbts ou plus;1;33;326;74,32712215;De 2 à 5 000 entrées;NON;;R;109;92;39;43,41836735;41,47959184;10,71428571;4,387755102;20;8,290816327
7;107;21210;11265;43.61435;3.828731;43.61435, 3.828731;275334;OCCITANIE;34172;302425;34;34701;Montpellier;472000;04-Unités urbaines de 100 000 hbts ou plus;1;49;1504;88,28229028;De 20 à 30 000 entrées;A;RDJPPR;C;305;205;6;68,91636718;5,469939697;9,039410367;16,57428276;228;74,64213925
7;200;1136;559;43.620396;6.969027;43.620396, 6.969027;279662;PROVENCE-ALPES-COTE D'AZUR;6084;10397;6;6701;Nice;966577;04-Unités urbaines de 100 000 hbts ou plus;1;8;9;103,2200358;Moins de 2000 entrées;NON;;B;8;8;0;40,22887324;57,3943662;0;2,376760563;0;0
7;149;8483;3649;43.692782;7.245773;43.692782, 7.245773;290063;PROVENCE-ALPES-COTE D'AZUR;6088;346376;6;6701;Nice;966577;04-Unités urbaines de 100 000 hbts ou plus;1;29;155;132,4746506;De 5 à 10 000 entrées;NON;;C;61;6;0;38,59408166;11,83668373;43,95055562;5,618678986;49;69,70907729
7;244;8765;4126;44.708057;6.341919;44.708057, 6.341919;298142;PROVENCE-ALPES-COTE D'AZUR;5096;696;5;0;Zone rurale;14908533;04-Unités urbaines de 100 000 hbts ou plus;2;28;893;112,4333495;De 5 à 10 000 entrées;NON;;R;73;61;18;45,86388634;45,57745188;6,633822181;1,924839597;10;2,61228231
7;212;5687;1783;43.527952;3.931577;43.527952, 3.931577;302596;OCCITANIE;34192;5785;34;34206;Palavas-les-Flots;5785;06-autres communes et unités urbaines;1;46;251;218,9568144;De 5 à 10 000 entrées;NON;;I;67;53;0;81,44891859;7,983119395;9,407420433;1,160541586;25;27,76507825
7;2560;499718;296118;42.663168;2.880281;42.663168, 2.880281;307543;OCCITANIE;66136;119447;66;66601;Perpignan;205745;04-Unités urbaines de 100 000 hbts ou plus;14;53;22382;68,75637415;De 450 à 700 000 entrées;NON;;C;243;196;189;31,31914483;52,52295789;13,00645954;3,15143773;38;2,19194646
7;155;19692;9338;43.404425;4.98382;43.404425, 4.98382;321343;PROVENCE-ALPES-COTE D'AZUR;13077;16422;13;759;Marseille - Aix-en-Provence;1630325;04-Unités urbaines de 100 000 hbts ou plus;1;53;1606;110,8802741;De 10 à 20 000 entrées;C;RDJPPR;B;460;338;15;47,62290341;27,33371891;18,34586466;6,697513013;286;44,46500868
7;213;9543;4033;43.39359;4.796834;43.39359, 4.796834;321854;PROVENCE-ALPES-COTE D'AZUR;13078;8447;13;13214;Port-Saint-Louis-du-Rhône;8447;06-autres communes et unités urbaines;1;50;938;136,6228614;De 5 à 10 000 entrées;E;JPPR;I;259;183;2;52,6635855;25,37095597;14,68012649;7,285332036;153;36,04962296
7;200;791;418;43.657393;6.130635;43.657393, 6.130635;333600;PROVENCE-ALPES-COTE D'AZUR;83102;2607;83;0;Zone rurale;14908533;04-Unités urbaines de 100 000 hbts ou plus;1;10;17;89,23444976;Moins de 2000 entrées;NON;;R;12;12;2;28,19216182;54,74083439;17,06700379;0;0;0
7;200;2137;1427;43.103927;5.878774;43.103927, 5.878774;362614;PROVENCE-ALPES-COTE D'AZUR;83126;62999;83;757;Toulon;598427;04-Unités urbaines de 100 000 hbts ou plus;1;25;58;49,7547302;De 2 à 5 000 entrées;NON;;B;43;29;2;54,42208704;14,08516612;29,01263453;2,480112307;21;37,43565746
7;200;555;423;41.904436;9.388834;41.904436, 9.388834;364632;CORSE;2B283;742;2B;0;Zone rurale;14908533;04-Unités urbaines de 100 000 hbts ou plus;1;7;39;31,20567376;Moins de 2000 entrées;NON;;R;21;21;2;37,2972973;51,35135135;7,027027027;4,324324324;3;4,504504505
7;100;26327;14576;44.217236;3.808519;44.217236, 3.808519;388371;OCCITANIE;48155;476;48;0;Zone rurale;14908533;04-Unités urbaines de 100 000 hbts ou plus;1;53;1157;80,61882547;De 20 à 30 000 entrées;E;RDJP;R;96;49;0;59,39278166;21,27702813;11,60786864;7,722321574;66;63,76198992
7;260;5053;2573;42.366924;9.53137;42.366924, 9.53137;407321;CORSE;2B313;2055;2B;0;Zone rurale;14908533;04-Unités urbaines de 100 000 hbts ou plus;1;10;64;96,38554217;De 5 à 10 000 entrées;NON;;R;26;26;1;35,74114387;56,06570354;4,927765684;3,265386899;2;1,820700574
7;168;7159;5002;43.269837;6.635574;43.269837, 6.635574;418633;PROVENCE-ALPES-COTE D'AZUR;83119;3669;83;83304;Saint-Tropez;8439;06-autres communes et unités urbaines;1;52;858;43,1227509;De 5 à 10 000 entrées;NON;;C;123;101;10;72,03520045;16,83195977;8,129627043;3,003212739;42;25,64603995
7;336;19040;10605;43.806585;4.660803;43.806585, 4.660803;421932;PROVENCE-ALPES-COTE D'AZUR;13108;15639;13;456;Beaucaire;31439;05-Unités urbaines de 20 000 à 100 000 hbts;2;50;1812;79,5379538;De 10 à 20 000 entrées;D;;B;159;135;51;43,48720654;40,07385914;11,84911633;4,58981799;53;12,36085466
7;500;53943;32303;44.014623;4.419527;44.014623, 4.419527;438631;OCCITANIE;30334;8721;30;30301;Uzès;12005;06-autres communes et unités urbaines;3;53;3563;66,99068198;De 50 à 80 000 entrées;E;RDJPPR;C;290;213;169;60,05986415;23,88234391;10,05218926;6,005602671;166;38,37253924
7;281;21730;13223;43.723214;7.110472;43.723214, 7.110472;446171;PROVENCE-ALPES-COTE D'AZUR;6157;19585;6;6701;Nice;966577;04-Unités urbaines de 100 000 hbts ou plus;2;52;1668;64,33487106;De 20 à 30 000 entrées;C;;B;356;303;53;68,37918462;12,70420001;13,07827075;5,838344619;198;53,50158625
7;276;5394;2301;44.532911;5.816268;44.532911, 5.816268;450871;PROVENCE-ALPES-COTE D'AZUR;5179;3378;5;5103;Veynes;3567;06-autres communes et unités urbaines;1;53;348;134,4198175;De 5 à 10 000 entrées;E;;C;221;174;5;63,15456081;18,79222973;12,58445946;5,46875;124;45,22804054
7;160;5360;2756;43.733221;5.808646;43.733221, 5.808646;462644;PROVENCE-ALPES-COTE D'AZUR;83150;4381;83;83112;Vinon-sur-Verdon;4381;06-autres communes et unités urbaines;1;53;743;94,48476052;De 5 à 10 000 entrées;NON;;I;152;132;6;54,17079453;29,04695859;11,84862294;4,933623935;33;11,96750545
7;2092;233472;138803;43.43362;5.050227;43.43362, 5.050227;720250;PROVENCE-ALPES-COTE D'AZUR;13056;49037;13;759;Marseille - Aix-en-Provence;1630325;04-Unités urbaines de 100 000 hbts ou plus;11;53;18890;68,20385727;De 200 à 300 000 entrées;NON;;B;209;184;177;29,24678173;53,91804737;12,11849115;4,716679761;30;2,939830604
7;2344;329960;102233;43.55039;6.959846;43.55039, 6.959846;723880;PROVENCE-ALPES-COTE D'AZUR;6029;73159;6;6701;Nice;966577;04-Unités urbaines de 100 000 hbts ou plus;12;53;16654;222,7529271;De 300 à 450 000 entrées;NON;;B;261;190;186;22,83309428;59,78110925;12,66508924;4,720707223;62;4,469780713
8;2568;226120;142431;49.244796;6.132187;49.244796, 6.132187;17545;GRAND EST;57019;10739;57;57701;Metz;294649;04-Unités urbaines de 100 000 hbts ou plus;12;53;18751;58,75757384;De 200 à 300 000 entrées;NON;;B;250;204;159;29,34486504;53,80670892;13,06219286;3,786233174;65;1,693255466
8;171;15196;7414;48.369448;7.595426;48.369448, 7.595426;49522;GRAND EST;67028;5914;67;67210;Benfeld;8610;06-autres communes et unités urbaines;1;51;1063;104,9635824;De 10 à 20 000 entrées;E;JP;C;238;195;2;49,10862505;32,65968964;14,83219054;3,399494767;109;21,47961025
8;2755;349907;267374;48.744007;7.692978;48.744007, 7.692978;77351;GRAND EST;67067;10165;67;67302;Brumath;11624;06-autres communes et unités urbaines;14;53;22140;30,86799764;De 300 à 450 000 entrées;NON;;C;310;238;190;31,24636524;52,00118048;12,96622601;3,786228267;103;4,672169804
8;252;2709;947;48.101851;7.468382;48.101851, 7.468382;282860;GRAND EST;68227;1312;68;0;Zone rurale;14908533;04-Unités urbaines de 100 000 hbts ou plus;1;30;45;186,061246;De 2 à 5 000 entrées;NON;;R;39;24;0;41,52923538;39,05547226;12,48125937;6,934032984;9;38,90554723
8;186;9144;3940;48.125889;7.163437;48.125889, 7.163437;297962;GRAND EST;68249;3527;68;68116;Orbey;3527;06-autres communes et unités urbaines;1;52;318;132,0812183;De 5 à 10 000 entrées;E;;I;231;188;0;58,64619523;18,98464642;17,39325339;4,975904965;91;22,36915835
8;341;16810;9784;48.931499;7.660695;48.931499, 7.660695;333683;GRAND EST;67388;5494;67;67305;Reichshoffen - Niederbronn-les-Bains;14922;06-autres communes et unités urbaines;1;53;754;71,8111202;De 10 à 20 000 entrées;E;JPPR;C;239;184;1;42,06747053;24,24468229;29,48787427;4,199972903;115;42,96165831
8;240;10579;6740;47.822671;7.337178;47.822671, 7.337178;468533;GRAND EST;68376;15166;68;68701;Mulhouse;249916;04-Unités urbaines de 100 000 hbts ou plus;1;49;794;56,95845697;De 10 à 20 000 entrées;C;;B;220;170;2;40,2510917;22,39082969;27,27074236;10,08733624;102;28,79912664
9;245;5030;2614;48.447747;6.736992;48.447747, 6.736992;35272;GRAND EST;54039;4221;54;54201;Baccarat;4718;06-autres communes et unités urbaines;1;52;122;92,42540168;De 5 à 10 000 entrées;NON;;C;113;93;0;55,90519003;35,75807111;7,478545157;0,858193707;15;21,10747855
9;763;102561;65736;48.768867;5.168347;48.768867, 5.168347;39487;GRAND EST;55029;15135;55;55301;Bar-le-Duc;18383;06-autres communes et unités urbaines;5;53;7894;56,01953268;De 100 à 150 000 entrées;NON;;C;267;211;173;46,9424622;38,71949698;10,88078247;3,457258346;115;13,28808823
9;1600;269340;178726;48.177085;6.455937;48.177085, 6.455937;148227;GRAND EST;88160;33217;88;88501;Épinal;63513;05-Unités urbaines de 20 000 à 100 000 hbts;8;53;11348;50,69995412;De 200 à 300 000 entrées;D;JPPR;C;413;293;184;43,75874817;42,31567977;10,30877252;3,616799537;231;15,09288279
9;310;13167;6043;49.157279;5.882037;49.157279, 5.882037;203523;GRAND EST;54273;8369;54;54301;Jarny;12391;06-autres communes et unités urbaines;1;53;670;117,888466;De 10 à 20 000 entrées;E;;C;128;92;10;48,71409353;35,97372794;12,07565087;3,236527657;46;24,94262879
9;1330;137885;82881;49.518361;5.770719;49.518361, 5.770719;232454;GRAND EST;54323;15357;54;54405;Longwy (partie française);48373;05-Unités urbaines de 20 000 à 100 000 hbts;7;53;10545;66,36502938;De 100 à 150 000 entrées;D;PR;C;257;176;122;30,051825;54,0551762;11,49714184;4,395856966;112;7,424542361
9;450;92629;51030;48.687007;6.172177;48.687007, 6.172177;284121;GRAND EST;54395;105885;54;54701;Nancy;290016;04-Unités urbaines de 100 000 hbts ou plus;4;51;5920;81,51871448;De 80 à 100 000 entrées;A;RDJPPR;C;277;194;135;69,76900548;8,763432895;13,96109446;7,506467163;258;95,74933619
9;163;201;;48.704545;6.157804;48.704545, 6.157804;284155;GRAND EST;54395;105885;54;54701;Nancy;290016;04-Unités urbaines de 100 000 hbts ou plus;1;5;5;;Moins de 2000 entrées;NON;;C;5;3;0;78,60696517;0;21,39303483;0;5;100
9;274;48530;28929;48.699609;6.207734;48.699609, 6.207734;405441;GRAND EST;54482;10139;54;54701;Nancy;290016;04-Unités urbaines de 100 000 hbts ou plus;2;53;3029;67,75553942;De 40 à 50 000 entrées;C;;B;143;110;80;63,31973439;28,2279415;6,399461829;2,052862289;41;24,17863808
9;1161;135271;94576;49.159325;5.38635;49.159325, 5.38635;447622;GRAND EST;55545;17846;55;55401;Verdun;24182;05-Unités urbaines de 20 000 à 100 000 hbts;8;53;10595;43,02888682;De 100 à 150 000 entrées;D;JPPR;C;292;204;178;46,292738;40,02287833;10,88664758;2,797736092;115;10,64664937
9;147;3439;;49.475248;5.932394;49.475248, 5.932394;460136;GRAND EST;54580;10206;54;366;Esch-sur-Alzette (LUX) - Villerupt (partie française);21670;05-Unités urbaines de 20 000 à 100 000 hbts;1;36;460;;De 2 à 5 000 entrées;NON;;C;67;66;8;61,32596685;24,48386159;9,450421634;4,739749927;28;26,19947659
9;313;14692;10436;48.201738;5.943243;48.201738, 5.943243;464001;GRAND EST;88516;4943;88;88202;Vittel;4943;06-autres communes et unités urbaines;1;52;522;40,78190878;De 10 à 20 000 entrées;NON;;I;117;102;25;59,89952515;30,36955475;7,962287523;1,768632579;29;8,781226344
1;334;66508;43660;48.84824;2.340797;48.84824, 2.340797;741;ILE-DE-FRANCE;75106;40452;75;851;Paris;10949158;01-Paris;3;53;5074;52,33165369;De 50 à 80 000 entrées;A;RDJPPR;C;284;121;35;66,44461243;6,560836562;13,71539261;13,2791584;229;79,38045293
1;467;75597;40081;48.842318;2.328975;48.842318, 2.328975;802;ILE-DE-FRANCE;75106;40452;75;851;Paris;10949158;01-Paris;3;53;4649;88,61056361;De 50 à 80 000 entrées;NON;;C;92;53;49;74,90376602;2,742172308;17,56286625;4,791195418;81;90,08955382
1;501;175085;95909;48.87561;2.32791;48.87561, 2.32791;2982;ILE-DE-FRANCE;75109;60784;75;851;Paris;10949158;01-Paris;5;53;9058;82,5532536;De 150 à 200 000 entrées;A;;C;130;110;108;73,22084185;7,467738887;11,91584904;7,395570218;116;92,6932087
1;478;132964;76311;48.884303;2.326888;48.884303, 2.326888;3211;ILE-DE-FRANCE;75117;167765;75;851;Paris;10949158;01-Paris;3;53;5127;74,23962469;De 100 à 150 000 entrées;A;RDJP;C;170;77;62;73,90702213;5,183185924;7,577665166;13,33212678;152;96,25995405
1;1757;625295;424464;48.883938;2.328034;48.883938, 2.328034;3222;ILE-DE-FRANCE;75118;191911;75;851;Paris;10949158;01-Paris;11;53;23490;47,31402428;De 450 à 700 000 entrées;NON;;C;303;251;199;43,34026837;38,51654732;13,88362041;4,259563899;134;23,14721631
1;4480;964163;681518;48.833595;2.38604;48.833595, 2.38604;6611;ILE-DE-FRANCE;75112;141275;75;851;Paris;10949158;01-Paris;18;53;37654;41,47285912;De 700 000 à 1 million d'entrées;NON;;C;369;280;280;34,53115217;44,62276456;15,24283316;5,603250118;184;21,39681853
1;2583;378789;73673;48.830408;2.276322;48.830408, 2.276322;7491;ILE-DE-FRANCE;75115;231186;75;851;Paris;10949158;01-Paris;14;53;26779;414,1490098;De 300 à 450 000 entrées;NON;;C;314;255;207;24,87001365;54,90469438;14,95413965;5,271152324;103;4,806175613
1;397;144713;84252;48.841914;2.324596;48.841914, 2.324596;7711;ILE-DE-FRANCE;75114;134926;75;851;Paris;10949158;01-Paris;4;53;7890;71,76209467;De 100 à 150 000 entrées;NON;;C;192;170;72;59,93912562;21,16768124;10,54095185;8,352241284;99;48,05340343
1;122;26628;14363;48.842733;2.342044;48.842733, 2.342044;8451;ILE-DE-FRANCE;75105;58050;75;851;Paris;10949158;01-Paris;1;41;969;85,39302374;De 20 à 30 000 entrées;A;JPPR;C;108;13;8;51,62347334;15,06106643;24,90914507;8,406315162;96;90,02680965
1;339;91053;48873;48.849591;2.342836;48.849591, 2.342836;8513;ILE-DE-FRANCE;75105;58050;75;851;Paris;10949158;01-Paris;3;53;5400;86,30532196;De 80 à 100 000 entrées;A;RDPR;C;302;63;37;45,32869244;6,430792106;29,52825088;18,71226458;215;83,57551591
1;1169;358558;224585;48.832888;2.354241;48.832888, 2.354241;8632;ILE-DE-FRANCE;75113;179013;75;851;Paris;10949158;01-Paris;11;53;22766;59,65358328;De 300 à 450 000 entrées;NON;;C;348;233;201;55,91946241;25,21066001;11,90522817;6,964649404;208;47,62706743
1;1108;326491;239081;48.885067;2.374123;48.885067, 2.374123;9900;ILE-DE-FRANCE;75119;184156;75;851;Paris;10949158;01-Paris;6;53;11507;36,56083085;De 300 à 450 000 entrées;NON;;C;206;143;85;43,64624791;37,50835536;14,23323869;4,612158044;124;44,45633444
2;410;8175;3332;48.807586;2.422346;48.807586, 2.422346;14693;ILE-DE-FRANCE;94002;45317;94;851;Paris;10949158;02-Petite Couronne;1;38;87;145,3481393;De 5 à 10 000 entrées;NON;;B;79;65;0;67,47566983;28,01874324;4,157154872;0,348432056;47;38,68797309
2;646;141854;86580;48.906327;2.284046;48.906327, 2.284046;26662;ILE-DE-FRANCE;92004;88672;92;851;Paris;10949158;02-Petite Couronne;4;53;8149;63,84153384;De 100 à 150 000 entrées;C;JPPR;B;230;138;115;47,73264955;34,2424287;12,56741069;5,457511058;154;39,944602
2;418;6549;3097;48.804045;2.321692;48.804045, 2.321692;35953;ILE-DE-FRANCE;92007;42122;92;851;Paris;10949158;02-Petite Couronne;1;32;127;111,4627058;De 5 à 10 000 entrées;NON;;B;56;25;0;39,71880492;48,64994408;3,259306598;8,3719444;31;42,62661767
2;1492;396263;280883;48.837649;2.239534;48.837649, 2.239534;66923;ILE-DE-FRANCE;92012;122162;92;851;Paris;10949158;02-Petite Couronne;7;53;11651;41,07760171;De 300 à 450 000 entrées;NON;;B;206;163;147;49,2920578;34,31646563;11,57767419;4,81380238;82;27,73184883
2;797;65426;39463;48.683571;2.535014;48.683571, 2.535014;69641;ILE-DE-FRANCE;91097;8057;91;851;Paris;10949158;03-Grande couronne;5;53;6232;65,79074069;De 50 à 80 000 entrées;C;;B;215;166;118;46,54707145;39,99080037;10,30205458;3,160073597;100;18,21220485
2;368;35447;19783;48.608596;2.303919;48.608596, 2.303919;73423;ILE-DE-FRANCE;91103;27361;91;851;Paris;10949158;03-Grande couronne;2;53;2419;79,17909316;De 30 à 40 000 entrées;C;JPPR;B;313;204;18;51,94929962;31,24457667;12,77736457;4,028759142;199;47,40299988
2;802;50850;29589;48.795796;2.335316;48.795796, 2.335316;81101;ILE-DE-FRANCE;94016;30492;94;851;Paris;10949158;02-Petite Couronne;3;50;4013;71,85440535;De 50 à 80 000 entrées;C;JP;B;299;223;106;60,9754548;19,01565048;14,81183422;5,197060505;200;45,74218005
2;2788;289344;187148;49.048453;2.010977;49.048453, 2.010977;92329;ILE-DE-FRANCE;95127;68275;95;851;Paris;10949158;03-Grande couronne;14;53;21463;54,60704897;De 200 à 300 000 entrées;NON;;B;310;212;208;27,37476379;55,08420608;12,61395336;4,927076772;124;7,598275039
2;168;4454;2804;48.398755;2.80515;48.398755, 2.80515;96533;ILE-DE-FRANCE;77079;6504;77;77404;Champagne-sur-Seine;29069;03-Grande couronne;1;50;426;58,84450785;De 2 à 5 000 entrées;D;;C;131;115;0;70,08961008;12,95713248;14,26495519;2,688302252;79;57,42310487
2;185;10454;;48.800675;2.288049;48.800675, 2.288049;106031;ILE-DE-FRANCE;92020;36688;92;851;Paris;10949158;02-Petite Couronne;1;22;340;;De 10 à 20 000 entrées;C;JP;B;92;71;1;57,14920564;22,61970892;11,82090879;8,410176647;61;56,53816243
2;643;11940;6822;48.813094;2.192579;48.813094, 2.192579;108192;ILE-DE-FRANCE;92022;20830;92;851;Paris;10949158;02-Petite Couronne;1;44;352;75,02198769;De 10 à 20 000 entrées;NON;;B;142;107;2;64,59815078;22,00391181;5,725462304;7,672475107;56;33,29480797
2;3923;637758;418659;48.880488;2.772675;48.880488, 2.772675;110351;ILE-DE-FRANCE;77111;6780;77;851;Paris;10949158;03-Grande couronne;15;53;25441;52,33352203;De 450 à 700 000 entrées;NON;;B;260;194;186;17,28330643;64,98190279;13,86107398;3,873716801;46;1,97540167
2;322;925;642;48.923862;2.250041;48.923862, 2.250041;117025;ILE-DE-FRANCE;92025;87328;92;851;Paris;10949158;02-Petite Couronne;1;7;13;44,08099688;Moins de 2000 entrées;NON;;B;8;0;0;8,506429278;70,22749753;0;21,26607319;7;65,08407517
2;568;4883;10866;48.809696;3.090876;48.809696, 3.090876;123373;ILE-DE-FRANCE;77131;15167;77;77402;Coulommiers;28499;03-Grande couronne;4;13;318;-55,06166022;De 2 à 5 000 entrées;NON;;C;30;27;2;42,46210569;50,40966817;7,128226137;0;9;10,75378943
2;360;3500;2724;48.899883;2.259136;48.899883, 2.259136;123905;ILE-DE-FRANCE;92026;82701;92;851;Paris;10949158;02-Petite Couronne;1;4;18;28,48751836;De 2 à 5 000 entrées;NON;;B;12;10;1;76,62857143;12,08571429;0;11,28571429;5;44,71428571
2;2181;216888;142408;48.517401;2.627798;48.517401, 2.627798;133212;ILE-DE-FRANCE;77152;22471;77;851;Paris;10949158;03-Grande couronne;10;53;17295;52,30043256;De 200 à 300 000 entrées;NON;;B;310;234;185;33,28115274;50,74183149;11,85629744;4,120718327;112;5,242059105
2;227;31765;20721;48.528741;2.015215;48.528741, 2.015215;142171;ILE-DE-FRANCE;91200;10910;91;91302;Dourdan;12248;03-Grande couronne;2;52;2256;53,29858598;De 30 à 40 000 entrées;E;JP;C;253;182;58;48,79817857;35,5179704;12,38900634;3,29484469;124;23,19076273
2;2470;321828;187175;48.957859;2.301996;48.957859, 2.301996;148324;ILE-DE-FRANCE;93031;54569;93;851;Paris;10949158;02-Petite Couronne;12;53;23071;71,93962869;De 300 à 450 000 entrées;NON;;B;281;192;187;18,72709782;51,20375588;10,47966551;19,5894808;34;1,71542607
2;338;39113;25004;48.433642;2.155867;48.433642, 2.155867;152882;ILE-DE-FRANCE;91223;26454;91;91401;Étampes;32227;03-Grande couronne;3;53;5264;56,42697168;De 30 à 40 000 entrées;NON;;C;181;139;71;31,66991987;51,36634477;13,33983974;3,623895624;48;8,673207315
2;195;24214;12636;49.099464;2.524882;49.099464, 2.524882;166051;ILE-DE-FRANCE;95250;9895;95;95401;Fosses;22451;03-Grande couronne;1;53;1631;91,62709718;De 20 à 30 000 entrées;D;RDJPPR;C;333;236;0;62,40450342;20,89979002;9,587633472;7,108073091;225;58,79462092
2;1248;50954;;48.818131;2.277208;48.818131, 2.277208;202232;ILE-DE-FRANCE;92040;68641;92;851;Paris;10949158;02-Petite Couronne;7;17;3708;;De 50 à 80 000 entrées;NON;;B;91;62;55;58,54187192;35,25714286;2,334975369;3,866009852;40;27,52315271
2;346;7283;2948;49.011314;2.043572;49.011314, 2.043572;205601;ILE-DE-FRANCE;95323;17357;95;851;Paris;10949158;03-Grande couronne;1;34;137;147,0488467;De 5 à 10 000 entrées;NON;;B;65;40;0;58,45360825;9,810996564;10,2233677;21,51202749;36;72,73195876
2;3790;1199994;701315;48.616119;2.547927;48.616119, 2.547927;226040;ILE-DE-FRANCE;77251;13891;77;851;Paris;10949158;03-Grande couronne;17;53;32434;71,10627892;De 1 à 1,5 million d'entrées;NON;;B;298;228;224;24,61137857;58,04396112;13,24529048;4,09936983;83;4,967570211
2;862;8505;4051;48.679684;2.313256;48.679684, 2.313256;231939;ILE-DE-FRANCE;91345;21242;91;851;Paris;10949158;03-Grande couronne;1;44;285;109,9481609;De 5 à 10 000 entrées;NON;;B;147;122;0;54,88314883;23,98523985;10,5904059;10,54120541;47;29,38499385
2;163;36897;22459;48.946355;2.147062;48.946355, 2.147062;242003;ILE-DE-FRANCE;78358;23700;78;851;Paris;10949158;03-Grande couronne;1;51;1224;64,28603233;De 30 à 40 000 entrées;C;JP;B;177;125;36;63,39796033;15,67297994;16,17449288;4,75456685;105;50,4062535
2;324;9385;61;48.732679;2.288638;48.732679, 2.288638;252134;ILE-DE-FRANCE;91377;50844;91;851;Paris;10949158;03-Grande couronne;3;23;1723;15285,2459;De 5 à 10 000 entrées;C;RDJPPR;B;119;89;33;73,80537581;11,32404181;6,931309109;7,93927327;100;86,51070184
2;1139;318096;189927;48.862437;2.442502;48.862437, 2.442502;276086;ILE-DE-FRANCE;93048;111954;93;851;Paris;10949158;02-Petite Couronne;6;53;10093;67,48329621;De 300 à 450 000 entrées;C;RDJPPR;B;705;369;308;57,31246534;20,65030505;11,85766778;10,17956184;512;73,56593178
2;360;30078;14761;48.993874;1.910246;48.993874, 1.910246;283043;ILE-DE-FRANCE;78440;33705;78;851;Paris;10949158;03-Grande couronne;2;51;2292;103,7666825;De 30 à 40 000 entrées;C;JP;B;228;172;11;56,28593739;28,51565273;10,89302194;4,305387946;111;43,47270533
2;500;61755;33992;48.885364;2.268222;48.885364, 2.268222;288151;ILE-DE-FRANCE;92051;60411;92;851;Paris;10949158;02-Petite Couronne;2;53;2457;81,67510002;De 50 à 80 000 entrées;NON;;B;135;86;41;63,76302655;18,5485051;13,18181079;4,506657562;75;38,0871092
2;1799;235438;149419;48.840097;2.547002;48.840097, 2.547002;292374;ILE-DE-FRANCE;93051;69352;93;851;Paris;10949158;02-Petite Couronne;10;53;16510;57,56898386;De 200 à 300 000 entrées;NON;;B;240;168;167;30,10647484;52,45555749;12,75358497;4,684382697;84;7,813118143
2;229;14480;4888;48.873327;2.482728;48.873327, 2.482728;343762;ILE-DE-FRANCE;93064;45622;93;851;Paris;10949158;02-Petite Couronne;1;46;382;196,2356792;De 10 à 20 000 entrées;C;;B;164;105;1;67,40587424;17,56357185;5,844667849;9,185886063;119;80,11038833
2;689;82316;46739;48.879844;2.180852;48.879844, 2.180852;347162;ILE-DE-FRANCE;92063;79713;92;851;Paris;10949158;02-Petite Couronne;3;51;4118;76,11844498;De 80 à 100 000 entrées;C;;B;178;117;69;75,20372526;9,68221336;9,472915067;5,641146311;107;44,51489857
2;390;15047;6121;48.57649;2.579118;48.57649, 2.579118;356431;ILE-DE-FRANCE;77445;30404;77;851;Paris;10949158;03-Grande couronne;1;51;743;145,8258455;De 10 à 20 000 entrées;C;;B;186;134;3;58,07221941;27,38258919;9,088935524;5,45625588;84;36,93465518
2;401;32164;14520;48.571134;1.933453;48.571134, 1.933453;374021;ILE-DE-FRANCE;78537;5925;78;78202;Saint-Arnoult-en-Yvelines;5925;03-Grande couronne;1;53;1057;121,5151515;De 30 à 40 000 entrées;E;;I;147;133;3;46,91319039;37,71118199;12,55565731;2,819970316;67;16,13351438
2;3679;951789;589825;48.756508;2.371928;48.756508, 2.371928;425503;ILE-DE-FRANCE;94073;30994;94;851;Paris;10949158;02-Petite Couronne;16;53;30933;61,36803289;De 700 000 à 1 million d'entrées;NON;;B;257;195;190;21,42800615;61,21004665;12,85418683;4,507760375;43;2,333968908
2;217;34423;18518;49.030119;2.021182;49.030119, 2.021182;444330;ILE-DE-FRANCE;95637;16207;95;851;Paris;10949158;03-Grande couronne;2;50;2430;85,8894049;De 30 à 40 000 entrées;NON;;B;236;165;30;29,49388087;46,61491752;15,42145294;8,469748662;80;20,30736486
2;268;13410;8336;48.527795;2.689584;48.527795, 2.689584;444791;ILE-DE-FRANCE;77487;11254;77;851;Paris;10949158;03-Grande couronne;1;50;808;60,86852207;De 10 à 20 000 entrées;C;;B;207;171;9;75,73504274;15,08547009;6,803418803;2,376068376;109;44,83760684
2;1590;169722;114196;48.807883;2.130901;48.807883, 2.130901;449661;ILE-DE-FRANCE;78646;85474;78;851;Paris;10949158;03-Grande couronne;8;53;11233;48,62341938;De 150 à 200 000 entrées;NON;;B;292;188;154;51,62602589;30,32840275;14,62357441;3,421996945;127;22,09820107
2;769;67568;37368;48.803954;2.133847;48.803954, 2.133847;449702;ILE-DE-FRANCE;78646;85474;78;851;Paris;10949158;03-Grande couronne;4;50;5359;80,81781203;De 50 à 80 000 entrées;C;;B;269;176;117;69,16732539;2,733821534;16,53268505;11,56616803;236;97,79713344
2;199;23761;12513;48.893988;2.134326;48.893988, 2.134326;450503;ILE-DE-FRANCE;78650;16108;78;851;Paris;10949158;03-Grande couronne;1;48;716;89,89051387;De 20 à 30 000 entrées;C;;B;157;117;5;73,44780281;11,48382529;11,0103111;4,058060805;102;68,55334779
2;212;7318;3632;48.935662;2.333275;48.935662, 2.333275;457861;ILE-DE-FRANCE;92078;24670;92;851;Paris;10949158;02-Petite Couronne;1;36;222;101,4867841;De 5 à 10 000 entrées;NON;;B;68;23;0;29,99687695;45,14366021;7,651467833;17,207995;41;66,52092442
2;481;137611;85634;48.845095;2.434268;48.845095, 2.434268;462321;ILE-DE-FRANCE;94080;50168;94;851;Paris;10949158;02-Petite Couronne;4;53;6923;60,6966859;De 100 à 150 000 entrées;C;JPPR;B;297;130;104;56,10385397;24,59231678;13,14705951;6,156769743;222;53,34064627
2;1894;415764;275734;48.724173;2.262676;48.724173, 2.262676;723760;ILE-DE-FRANCE;91377;50844;91;851;Paris;10949158;03-Grande couronne;9;53;16425;50,78445168;De 300 à 450 000 entrées;NON;;B;266;203;153;23,02563867;57,22239309;15,13303675;4,618931492;86;4,235574466
3;511;25406;11512;50.108677;1.834667;50.108677, 1.834667;10184;HAUTS DE FRANCE;80001;23318;80;80401;Abbeville;26214;05-Unités urbaines de 20 000 à 100 000 hbts;3;49;2670;120,6914524;De 20 à 30 000 entrées;D;RDJPPR;C;312;179;54;70,50892857;12,34375;12,59821429;4,549107143;238;82,10714286
3;268;22264;12901;48.135609;-1.537695;48.135609, -1.537695;11101;BRETAGNE;35001;7029;35;35206;Acigné;7029;06-autres communes et unités urbaines;2;48;862;72,57576932;De 20 à 30 000 entrées;E;;I;272;227;39;67,31269096;19,93706963;9,663003329;3,08723608;144;35,54197638
3;175;18251;9231;49.89407;2.292451;49.89407, 2.292451;17303;HAUTS DE FRANCE;80021;136808;80;80601;Amiens;167863;04-Unités urbaines de 100 000 hbts ou plus;1;49;1089;97,71422381;De 10 à 20 000 entrées;B;RDPR;C;187;95;29;62,29364339;11,64920748;16,02588713;10,031262;171;95,41490704
3;549;105562;65347;47.364116;-1.178442;47.364116, -1.178442;17803;PAYS DE LA LOIRE;44003;11479;44;44301;Ancenis;11479;06-autres communes et unités urbaines;3;53;2762;61,54069812;De 100 à 150 000 entrées;E;RDJPPR;C;416;298;43;49,31495993;35,90541197;10,58617239;4,193455713;260;21,87670269
3;181;12842;10200;49.770863;1.753271;49.770863, 1.753271;30482;NORMANDIE;76035;2014;76;157;Aumale;2431;06-autres communes et unités urbaines;1;53;860;25,90196078;De 10 à 20 000 entrées;NON;;C;111;90;10;69,27677658;24,66357126;5,666168254;0,393483907;27;12,84331471
3;866;149262;89974;47.669814;-2.985582;47.669814, -2.985582;30891;BRETAGNE;56007;14571;56;56401;Auray;30753;05-Unités urbaines de 20 000 à 100 000 hbts;5;53;6602;65,89459177;De 100 à 150 000 entrées;D;JPPR;C;365;225;146;50,45204348;36,28113389;9,633961745;3,632860878;190;23,01706344
3;346;17563;10456;48.557714;-0.418487;48.557714, -0.418487;36071;NORMANDIE;61483;2767;61;61105;Bagnoles-de-l'Orne;3156;06-autres communes et unités urbaines;1;53;1066;67,97054323;De 10 à 20 000 entrées;E;;C;176;156;8;70,61516452;20,93276109;6,357653791;2,094420601;55;17,97997139
3;294;21616;11173;47.845691;-1.687075;47.845691, -1.687075;36602;BRETAGNE;35012;7583;35;35212;Bain-de-Bretagne;7583;06-autres communes et unités urbaines;2;50;764;93,4663922;De 20 à 30 000 entrées;E;;I;299;219;18;48,43469398;36,69368539;11,90117944;2,970441198;136;19,11857496
3;200;2254;;48.232222;4.468987;48.232222, 4.468987;40303;GRAND EST;10401;2358;10;10101;Vendeuvre-sur-Barse;2358;06-autres communes et unités urbaines;1;26;153;;De 2 à 5 000 entrées;NON;;I;58;36;0;44,40357331;4,308985812;50,55176038;0,735680504;32;75,24960589
3;444;58668;40384;49.278064;-0.70355;49.278064, -0.70355;42621;NORMANDIE;14047;12966;14;14303;Bayeux;17994;06-autres communes et unités urbaines;3;50;2428;45,27535658;De 50 à 80 000 entrées;E;;C;151;119;67;45,52269079;39,55941231;11,55969452;3,358202374;51;19,08566591
3;183;17746;9233;48.183726;-1.649328;48.183726, -1.649328;53461;BRETAGNE;35024;12935;35;35301;Betton;15343;06-autres communes et unités urbaines;1;48;367;92,20188454;De 10 à 20 000 entrées;E;;C;181;148;1;76,24582806;12,58487743;7,302336287;3,866958223;91;44,80377489
3;117;1629;1145;49.318522;0.044034;49.318522, 0.044034;58841;NORMANDIE;14079;1587;14;14402;Dives-sur-Mer;33981;05-Unités urbaines de 20 000 à 100 000 hbts;1;21;201;42,27074236;Moins de 2000 entrées;NON;;B;68;65;0;42,29588705;45,05831799;6,445672192;6,200122775;12;7,796193984
3;338;23823;13904;47.178021;-1.624832;47.178021, -1.624832;65861;PAYS DE LA LOIRE;44020;20748;44;44701;Nantes;688577;04-Unités urbaines de 100 000 hbts ou plus;1;50;585;71,33918297;De 20 à 30 000 entrées;C;JP;B;220;163;2;72,01511857;13,66366366;5,664284975;8,656932795;151;66,42849746
3;161;8627;4890;48.667568;-3.912861;48.667568, -3.912861;85902;BRETAGNE;29023;3309;29;29124;Carantec;4573;06-autres communes et unités urbaines;1;53;357;76,42126789;De 5 à 10 000 entrées;E;PR;C;233;178;2;72,55728206;12,99710298;7,808796418;6,636818541;147;51,18514617
3;153;35164;20582;48.956167;4.363554;48.956167, 4.363554;95006;GRAND EST;51108;45481;51;51501;Châlons-en-Champagne;58194;05-Unités urbaines de 20 000 à 100 000 hbts;1;50;1114;70,84831406;De 30 à 40 000 entrées;D;RDJPPR;C;247;147;6;56,83444006;11,16671479;21,96452058;10,03432458;205;81,6956982
3;242;860;350;47.341938;0.723719;47.341938, 0.723719;96950;CENTRE-VAL DE LOIRE;37050;12221;37;37701;Tours;366772;04-Unités urbaines de 100 000 hbts ou plus;1;11;11;145,7142857;Moins de 2000 entrées;NON;;B;11;9;0;100;0;0;0;3;26,39534884
3;249;17974;10852;48.040732;-1.692346;48.040732, -1.692346;103201;BRETAGNE;35066;8327;35;35701;Rennes;351058;04-Unités urbaines de 100 000 hbts ou plus;1;47;407;65,62845558;De 10 à 20 000 entrées;C;;B;199;170;6;79,16075985;10,60958322;6,963425007;3,266231925;96;44,69520839
3;221;21311;13370;48.110334;-1.405013;48.110334, -1.405013;104032;BRETAGNE;35068;7673;35;35214;Châteaubourg;9743;06-autres communes et unités urbaines;1;53;443;59,39416604;De 20 à 30 000 entrées;E;;C;233;177;2;49,76225697;38,19737954;8,844040575;3,196322908;114;25,04226543
3;198;11206;5132;47.212271;-0.72686;47.212271, -0.72686;108932;PAYS DE LA LOIRE;49092;21811;49;49210;Chemillé;21811;05-Unités urbaines de 20 000 à 100 000 hbts;1;50;415;118,355417;De 10 à 20 000 entrées;D;;I;160;126;1;55,07434944;35,38104089;7,304832714;2,239776952;57;25,97583643
3;350;28707;12657;47.16663;0.240401;47.16663, 0.240401;111621;CENTRE-VAL DE LOIRE;37072;8361;37;37205;Chinon;10156;06-autres communes et unités urbaines;1;49;990;126,8073003;De 20 à 30 000 entrées;E;JP;C;272;211;26;64,09760903;20,64719033;10,20423629;5,050964344;159;42,73805464
3;801;136644;80118;47.899073;-3.909554;47.899073, -3.909554;118495;BRETAGNE;29039;21099;29;29404;Concarneau;28381;05-Unités urbaines de 20 000 à 100 000 hbts;5;53;6715;70,55343369;De 100 à 150 000 entrées;D;JP;C;298;191;112;46,65842051;39,65019195;10,36753226;3,32385528;160;15,55054417
3;338;6327;2429;49.908852;2.515061;49.908852, 2.515061;120434;HAUTS DE FRANCE;80212;6356;80;80208;Corbie;8188;06-autres communes et unités urbaines;1;28;61;160,4775628;De 5 à 10 000 entrées;NON;;C;44;25;0;63,52141615;18,30251304;13,94025605;4,235814762;21;43,6541805
3;272;51884;33190;49.050552;-1.444356;49.050552, -1.444356;126311;NORMANDIE;50147;9554;50;50206;Coutances;9986;06-autres communes et unités urbaines;2;53;2280;56,32419403;De 50 à 80 000 entrées;E;RDJPPR;C;292;206;49;42,18138299;37,28878882;15,04492992;5,484898274;182;28,74703341
3;749;8374;3742;49.259398;2.472183;49.259398, 2.472183;127661;HAUTS DE FRANCE;60175;36193;60;60601;Creil;125281;04-Unités urbaines de 100 000 hbts ou plus;1;34;251;123,7840727;De 5 à 10 000 entrées;NON;;C;184;139;2;56,18909666;16,77640242;12,52304451;14,51145641;144;76,81063998
3;777;84744;54044;49.356857;0.072039;49.356857, 0.072039;136672;NORMANDIE;14220;3615;14;14402;Dives-sur-Mer;33981;05-Unités urbaines de 20 000 à 100 000 hbts;4;53;4347;56,80556584;De 80 à 100 000 entrées;NON;;C;185;149;91;55,91888496;29,86346505;10,81020219;3,407447792;82;15,36255245
3;1319;151366;111068;49.921565;1.079726;49.921565, 1.079726;138352;NORMANDIE;76217;28535;76;76404;Dieppe;35913;05-Unités urbaines de 20 000 à 100 000 hbts;8;53;9330;36,28227752;De 150 à 200 000 entrées;NON;;C;214;174;165;43,51904566;42,39497412;11,53795231;2,54802791;56;7,093301911
3;165;7261;3668;48.592827;-0.642599;48.592827, -0.642599;140082;NORMANDIE;61145;4297;61;61106;Domfront;4297;06-autres communes et unités urbaines;1;50;375;97,95528899;De 5 à 10 000 entrées;NON;;I;183;142;0;61,59399365;17,70141496;17,31157956;3,393011839;81;45,0620849
3;260;27702;16455;49.295699;-0.380152;49.295699, -0.380152;142371;NORMANDIE;14228;5278;14;14302;Douvres-la-Délivrande - Luc-sur-Mer;15136;06-autres communes et unités urbaines;1;53;971;68,35004558;De 20 à 30 000 entrées;E;JPPR;C;233;185;17;65,46557121;20,66118936;10,95461659;2,918622848;130;36,26760563
3;142;4505;3331;48.626357;-2.833902;48.626357, -2.833902;152732;BRETAGNE;22055;7075;22;22302;Binic;13349;06-autres communes et unités urbaines;1;53;251;35,24467127;De 2 à 5 000 entrées;E;;C;221;183;0;67,68105685;12,07832036;11,74805379;8,492569002;140;66,59589526
3;212;1389;11400;47.654375;-3.202141;47.654375, -3.202141;153083;BRETAGNE;56055;2233;56;56217;Belz;10131;06-autres communes et unités urbaines;1;7;45;-87,81578947;Moins de 2000 entrées;E;JPPR;C;44;17;0;47,70575382;20,02913328;16,24180626;16,02330663;30;57,97523671
3;192;8422;4719;48.033874;-3.488682;48.033874, -3.488682;155711;BRETAGNE;56057;2856;56;56109;Le Faouët;2856;06-autres communes et unités urbaines;1;53;418;78,47001483;De 5 à 10 000 entrées;E;JP;I;217;172;2;60,52702339;23,17827373;13,26969615;3,025006722;108;29,91395536
3;319;34360;24498;49.482406;1.723715;49.482406, 1.723715;181422;NORMANDIE;76312;6120;76;76205;Gournay-en-Bray;7807;06-autres communes et unités urbaines;2;51;1745;40,25634746;De 30 à 40 000 entrées;E;JP;C;270;213;40;48,40255591;34,32696365;13,12013985;4,150340587;142;18,54843571
3;236;9794;5963;47.641631;-3.45272;47.641631, -3.45272;186232;BRETAGNE;56069;2303;56;0;Zone rurale;14908533;04-Unités urbaines de 100 000 hbts ou plus;1;53;287;64,24618481;De 5 à 10 000 entrées;E;;R;243;181;1;62,52562059;13,09496698;16,8298793;7,549533136;177;67,28535641
3;438;79570;51335;48.559935;-3.148205;48.559935, -3.148205;188591;BRETAGNE;22070;7682;22;22401;Guingamp;23280;05-Unités urbaines de 20 000 à 100 000 hbts;2;53;4874;55,00146099;De 50 à 80 000 entrées;D;JP;C;635;458;255;45,07688867;37,58270959;11,9417514;5,398650337;359;18,37303832
3;160;5575;2435;49.898867;3.627448;49.898867, 3.627448;188762;HAUTS DE FRANCE;2361;4628;2;2201;Guise;4628;06-autres communes et unités urbaines;1;50;516;128,9527721;De 5 à 10 000 entrées;NON;;I;133;117;1;46,68300038;39,69091594;9,442140972;4,183942706;28;10,2336977
3;436;45774;33530;49.920188;4.084108;49.920188, 4.084108;196901;HAUTS DE FRANCE;2381;8874;2;2302;Hirson;9747;06-autres communes et unités urbaines;3;53;3155;36,51655234;De 40 à 50 000 entrées;E;;C;286;212;112;36,32033673;47,67390341;12,70934869;3,296411165;111;7,419140452
3;179;2709;2017;47.125566;0.414813;47.125566, 0.414813;200262;CENTRE-VAL DE LOIRE;37119;1556;37;0;Zone rurale;14908533;04-Unités urbaines de 100 000 hbts ou plus;1;48;146;34,30837878;De 2 à 5 000 entrées;NON;;R;99;78;0;74,63218903;9,585376728;11,9037004;3,878733839;54;39,50066875
3;180;20993;11488;47.827604;-3.253047;47.827604, -3.253047;201253;BRETAGNE;56090;6669;56;56205;Inzinzac-Lochrist;6669;06-autres communes et unités urbaines;1;50;662;82,73850975;De 20 à 30 000 entrées;E;JPPR;I;219;147;13;71,0134821;12,14551371;9,013249651;7,827754533;124;50,40678754
3;469;28739;19902;46.949327;1.995229;46.949327, 1.995229;202162;CENTRE-VAL DE LOIRE;36088;11578;36;36301;Issoudun;11578;06-autres communes et unités urbaines;3;52;2217;44,40257261;De 20 à 30 000 entrées;E;JP;I;230;183;57;47,05021592;35,61154931;13,12680681;4,21142796;114;18,82294158
3;274;18905;10311;47.959564;-1.491109;47.959564, -1.491109;203311;BRETAGNE;35136;8687;35;35215;Janzé;8687;06-autres communes et unités urbaines;1;53;503;83,3478809;De 10 à 20 000 entrées;E;;I;218;184;9;60,27084167;26,47848694;9,296611622;3,954059768;87;19,3417519
3;244;3297;1879;47.5524248;-0.23296830000003865;47.5524248, -0.23296830000003865;203672;PAYS DE LA LOIRE;49163;2797;49;0;Zone rurale;14908533;04-Unités urbaines de 100 000 hbts ou plus;1;44;150;75,46567323;De 2 à 5 000 entrées;NON;;R;115;86;0;54,09454061;34,05459387;8,854860186;2,996005326;51;38,18242344
3;470;35063;20407;48.452604;-4.252927;48.452604, -4.252927;214541;BRETAGNE;29103;16627;29;29308;Landerneau;18760;06-autres communes et unités urbaines;2;50;1437;71,81849365;De 30 à 40 000 entrées;E;;C;213;159;52;47,66606822;40,72710952;8,626570916;2,980251346;96;17,46259725
3;790;78947;52654;49.569175;3.623996;49.569175, 3.623996;216843;HAUTS DE FRANCE;2408;24738;2;2403;Laon;28251;05-Unités urbaines de 20 000 à 100 000 hbts;5;53;7043;49,93542751;De 50 à 80 000 entrées;D;JP;C;242;173;123;35,92566747;48,10679486;12,7872115;3,180326174;74;7,778294694
3;117;334;147;49.564845;3.62504;49.564845, 3.62504;216851;HAUTS DE FRANCE;2408;24738;2;2403;Laon;28251;05-Unités urbaines de 20 000 à 100 000 hbts;1;4;8;127,2108844;Moins de 2000 entrées;NON;;C;0;0;0;0;0;0;0;0;
3;536;21636;15568;49.145632;0.228315;49.145632, 0.228315;229262;NORMANDIE;14366;20366;14;14401;Lisieux;28443;05-Unités urbaines de 20 000 à 100 000 hbts;2;53;1615;38,97738952;De 20 à 30 000 entrées;D;;C;168;111;47;70,00661063;10,37397299;15,82774577;3,791670602;115;42,13334593
3;228;25701;15943;47.88976;-2.835941;47.88976, -2.835941;230301;BRETAGNE;56117;4815;56;56214;Locminé;8613;06-autres communes et unités urbaines;1;52;959;61,20554475;De 20 à 30 000 entrées;E;JP;C;195;145;18;48,26647069;36,11447346;12,33788691;3,281168943;77;16,29344631
3;425;3507;1984;47.643316;0.156442;47.643316, 0.156442;235942;PAYS DE LA LOIRE;72176;4173;72;72115;Le Lude;4173;06-autres communes et unités urbaines;1;46;129;76,7641129;De 2 à 5 000 entrées;E;;I;90;72;3;81,11038108;13,43626807;4,599211564;0,85413929;22;19,80946124
3;94;10716;5131;47.968733;0.203923;47.968733, 0.203923;244491;PAYS DE LA LOIRE;72181;147983;72;72701;Le Mans;217388;04-Unités urbaines de 100 000 hbts ou plus;1;50;518;108,8481777;De 10 à 20 000 entrées;NON;;C;159;119;3;71,66133547;21,78128749;6,027588964;0,529788085;79;51,65933627
3;173;5583;3525;47.891029;-1.991909;47.891029, -1.991909;252991;BRETAGNE;35168;4025;35;0;Zone rurale;14908533;04-Unités urbaines de 100 000 hbts ou plus;1;50;282;58,38297872;De 5 à 10 000 entrées;E;;R;188;153;0;63,54961832;24,27480916;9,694656489;2,480916031;63;23,56870229
3;2475;422321;271844;48.202673;-1.730539;48.202673, -1.730539;261730;BRETAGNE;35177;5055;35;35127;La Mézière;5055;06-autres communes et unités urbaines;12;53;23661;55,35417372;De 300 à 450 000 entrées;NON;;I;246;203;200;33,41490031;50,72218939;12,06706759;3,795842705;44;3,861128055
3;231;24638;14123;47.962079;3.50782;47.962079, 3.50782;262263;BOURGOGNE-FRANCHE-COMTE;89257;7402;89;89302;Migennes;12152;06-autres communes et unités urbaines;2;53;2107;74,4530199;De 20 à 30 000 entrées;NON;;C;265;201;30;47,16909276;36,60291131;11,69177387;4,536222072;134;20,71767095
3;205;13747;7959;47.18723;-1.679304;47.18723, -1.679304;267832;PAYS DE LA LOIRE;44101;6515;44;44701;Nantes;688577;04-Unités urbaines de 100 000 hbts ou plus;1;47;467;72,72270386;De 10 à 20 000 entrées;C;;B;243;193;2;66,3493841;22,10046393;7,278835386;4,271316589;125;36,77011678
3;182;19472;9889;47.286138;0.703952;47.286138, 0.703952;269222;CENTRE-VAL DE LOIRE;37154;4694;37;37701;Tours;366772;04-Unités urbaines de 100 000 hbts ou plus;1;45;611;96,90565275;De 10 à 20 000 entrées;C;;B;155;127;13;74,02575302;16,7564808;8,281808384;0,935957797;68;44,7955074
3;278;22349;11619;49.462477;1.070892;49.462477, 1.070892;276712;NORMANDIE;76451;20101;76;755;Rouen;481277;04-Unités urbaines de 100 000 hbts ou plus;1;49;954;92,34873913;De 20 à 30 000 entrées;C;JPPR;B;195;102;4;68,66452132;7,069589702;16,38676589;7,879123089;174;89,72747385
3;300;4115;811;49.780148;2.47974;49.780148, 2.47974;277893;HAUTS DE FRANCE;80570;4022;80;80117;Moreuil;4518;06-autres communes et unités urbaines;1;37;156;407,3982737;De 2 à 5 000 entrées;E;;C;74;43;0;62,86353468;17,74794929;18,51851852;0,869997514;42;61,62068108
3;289;48573;21181;48.583319;-3.834328;48.583319, -3.834328;278243;BRETAGNE;29151;15172;29;29403;Morlaix;26478;05-Unités urbaines de 20 000 à 100 000 hbts;3;53;3556;129,3234503;De 40 à 50 000 entrées;NON;;C;316;205;78;71,7814284;7,638354888;10,06874053;10,51147617;268;92,02143773
3;502;35529;19408;49.148993;0.902155;49.148993, 0.902155;287391;NORMANDIE;27428;4478;27;27201;Le Neubourg;5670;06-autres communes et unités urbaines;2;51;1753;83,06368508;De 30 à 40 000 entrées;NON;;C;132;107;58;53,95604077;33,83757731;9,72677913;2,479602799;39;8,126941726
3;481;47985;31383;48.322377;0.818153;48.322377, 0.818153;291822;CENTRE-VAL DE LOIRE;28280;9866;28;28301;Nogent-le-Rotrou;12098;06-autres communes et unités urbaines;3;53;2890;52,90125227;De 40 à 50 000 entrées;E;RDJPPR;C;247;181;62;50,70201817;35,84845725;10,74521929;2,704305288;127;20,0504013
3;226;20599;13717;48.489946;3.505014;48.489946, 3.505014;291964;GRAND EST;10268;6062;10;10202;Nogent-sur-Seine;6062;06-autres communes et unités urbaines;2;53;1589;50,17132026;De 20 à 30 000 entrées;E;JP;I;276;230;47;46,32196701;36,04674694;11,83345138;5,797834666;132;16,53850046
3;657;29599;19427;49.491272;0.575902;49.491272, 0.575902;293392;NORMANDIE;76476;10453;76;76402;Lillebonne;22369;05-Unités urbaines de 20 000 à 100 000 hbts;3;53;2385;52,36011736;De 20 à 30 000 entrées;NON;;C;192;159;51;33,79877778;51,14540302;11,79543204;3,26038715;81;6,575398587
3;202;20773;10189;47.565293;-1.628355;47.565293, -1.628355;294891;PAYS DE LA LOIRE;44113;4305;44;44110;Nozay;4305;06-autres communes et unités urbaines;1;53;600;103,8767298;De 20 à 30 000 entrées;E;JP;I;258;200;8;60,7106883;27,76720761;7,285954113;4,236149972;120;40,93452714
3;196;25238;15975;48.780228;-3.05216;48.780228, -3.05216;302312;BRETAGNE;22162;7471;22;22303;Paimpol;18213;06-autres communes et unités urbaines;1;53;561;57,98435055;De 20 à 30 000 entrées;E;;C;253;216;7;62,14580812;20,91140508;11,48854484;5,454241956;136;42,10240788
3;234;22137;17574;47.347212;-3.157897;47.347212, -3.157897;302453;BRETAGNE;56152;2589;56;56105;Le Palais;2589;06-autres communes et unités urbaines;1;49;748;25,964493;De 20 à 30 000 entrées;E;JPPR;I;197;158;26;55,01744592;26,55501279;10,35589672;8,071644569;108;39,08816004
3;210;19016;12132;49.930788;2.936858;49.930788, 2.936858;307361;HAUTS DE FRANCE;80620;7628;80;80209;Péronne;9451;06-autres communes et unités urbaines;2;53;1325;56,74249918;De 10 à 20 000 entrées;NON;;C;174;145;37;45,72747043;37,36275394;13,73256246;3,177213176;50;13,18623031
3;437;35325;20812;48.814855;-3.457451;48.814855, -3.457451;307943;BRETAGNE;22168;7342;22;22403;Lannion;51822;05-Unités urbaines de 20 000 à 100 000 hbts;2;53;2395;69,73380742;De 30 à 40 000 entrées;D;JP;B;232;194;65;81,29608873;10,30322695;5,922954398;2,477729927;134;53,71659489
3;266;28911;18009;48.655594;-3.630501;48.655594, -3.630501;314471;BRETAGNE;22194;3734;22;251;Plestin-les-Grèves;5298;06-autres communes et unités urbaines;2;53;1500;60,53639847;De 20 à 30 000 entrées;E;JPPR;C;290;227;82;64,83576843;23,16452452;8,96041598;3,039291076;154;30,83598814
3;129;16389;8354;48.340552;-4.723462;48.340552, -4.723462;315332;BRETAGNE;29190;4396;29;29113;Plougonvelin;4396;06-autres communes et unités urbaines;1;53;615;96,18146995;De 10 à 20 000 entrées;E;JPPR;I;233;174;1;65,34090909;20,65850816;9,207459207;4,793123543;149;46,94784382
3;633;121250;79477;49.350607;0.515407;49.350607, 0.515407;318786;NORMANDIE;27467;10152;27;27303;Pont-Audemer;22331;05-Unités urbaines de 20 000 à 100 000 hbts;6;53;8697;52,55986009;De 100 à 150 000 entrées;NON;;C;426;297;160;42,66455595;42,81359729;10,80086562;3,720981147;241;10,76128967
3;169;20216;11421;49.285635;0.185399;49.285635, 0.185399;320411;NORMANDIE;14514;4862;14;14120;Pont-l'Évêque;5337;06-autres communes et unités urbaines;1;49;964;77,00726731;De 20 à 30 000 entrées;E;;C;195;161;11;62,59281863;25,55691181;7,364459363;4,485810192;92;31,0192249
3;495;76867;36595;48.107745;-1.67277;48.107745, -1.67277;335055;BRETAGNE;35238;226654;35;35701;Rennes;351058;04-Unités urbaines de 100 000 hbts ou plus;2;49;3101;110,0478207;De 50 à 80 000 entrées;A;RDJPPR;C;261;93;74;69,74900735;4,93528088;14,73417141;10,58154036;214;92,06456144
3;425;27273;10512;47.183872;-1.543971;47.183872, -1.543971;336432;PAYS DE LA LOIRE;44143;43756;44;44701;Nantes;688577;04-Unités urbaines de 100 000 hbts ou plus;1;51;636;159,446347;De 20 à 30 000 entrées;C;;B;301;227;1;69,68971707;16,71082999;9,470894948;4,128557996;195;64,27472434
3;246;10207;7173;47.014742;0.322461;47.014742, 0.322461;337051;CENTRE-VAL DE LOIRE;37196;1671;37;37101;Richelieu;2228;06-autres communes et unités urbaines;1;48;701;42,29750453;De 10 à 20 000 entrées;E;JP;C;169;135;2;63,64489881;20,60296265;10,33799291;5,414145629;77;33,00646777
3;200;7592;4760;48.724745;-3.984009;48.724745, -3.984009;343321;BRETAGNE;29239;3446;29;29305;Saint-Pol-de-Léon;12892;06-autres communes et unités urbaines;1;51;405;59,49579832;De 5 à 10 000 entrées;E;;B;172;150;22;64,17910448;24,59922609;7,752902156;3,468767275;84;30,12714207
3;227;24599;14541;49.208302;2.585995;49.208302, 2.585995;359462;HAUTS DE FRANCE;60612;15709;60;60306;Senlis;16762;06-autres communes et unités urbaines;1;53;1343;69,16993329;De 20 à 30 000 entrées;E;JPPR;C;305;205;36;52,52709109;27,040298;14,82390789;5,608703014;192;43,25262445
3;232;14785;11100;47.269008;1.371774;47.269008, 1.371774;371581;CENTRE-VAL DE LOIRE;41198;2930;41;41205;Saint-Aignan;7872;06-autres communes et unités urbaines;2;53;1043;33,1981982;De 10 à 20 000 entrées;E;JPPR;C;276;214;6;55,96377182;29,08480023;10,13074282;4,820685122;140;29,56686875
3;131;10395;4594;47.920147;0.743555;47.920147, 0.743555;377441;PAYS DE LA LOIRE;72269;3346;72;72116;Saint-Calais;3831;06-autres communes et unités urbaines;1;53;648;126,2734001;De 10 à 20 000 entrées;E;JPPR;C;249;207;3;70,30189073;19,83704168;7,468923013;2,392144573;144;44,35391204
3;292;1824;483;47.419122;0.653805;47.419122, 0.653805;381240;CENTRE-VAL DE LOIRE;37214;17286;37;37701;Tours;366772;04-Unités urbaines de 100 000 hbts ou plus;1;13;17;277,6397516;Moins de 2000 entrées;NON;;B;12;9;0;100;0;0;0;2;5,551211884
3;281;4120;2271;49.597177;3.378189;49.597177, 3.378189;390271;HAUTS DE FRANCE;2680;2343;2;2109;Saint-Gobain;2343;06-autres communes et unités urbaines;1;46;181;81,41787759;De 2 à 5 000 entrées;NON;;I;131;112;0;73,5989011;17,22527473;7,884615385;1,291208791;48;32,74725275
3;202;8419;4046;47.124726;-0.994734;47.124726, -0.994734;399432;PAYS DE LA LOIRE;49301;26095;49;49205;Saint-Macaire-en-Mauges;26095;05-Unités urbaines de 20 000 à 100 000 hbts;1;49;337;108,0820564;De 5 à 10 000 entrées;D;;I;190;152;0;61,0817942;23,54881266;9,947229551;5,422163588;76;27,176781
3;505;47017;27233;48.602575;-2.005943;48.602575, -2.005943;399686;BRETAGNE;35288;48328;35;35402;Saint-Malo;48328;05-Unités urbaines de 20 000 à 100 000 hbts;3;53;3587;72,64715602;De 40 à 50 000 entrées;D;RDJPPR;I;215;152;136;77,9206415;6,33439329;8,670906493;7,074058712;186;93,13793262
3;140;5866;3329;47.111089;0.61914;47.111089, 0.61914;404692;CENTRE-VAL DE LOIRE;37226;4199;37;37109;Sainte-Maure-de-Touraine;4199;06-autres communes et unités urbaines;1;50;316;76,20907179;De 5 à 10 000 entrées;E;;I;156;114;0;77,66629506;13,69379413;7,785209959;0,854700855;91;56,96767001
3;1986;278310;178709;47.274768;-2.20402;47.274768, -2.20402;407220;PAYS DE LA LOIRE;44184;73643;44;44601;Saint-Nazaire;160970;04-Unités urbaines de 100 000 hbts ou plus;9;53;13166;55,73362282;De 200 à 300 000 entrées;NON;;C;286;186;160;39,21896529;46,89116628;10,69214857;3,197719861;95;7,377368025
3;1029;149475;93626;47.331071;-2.426378;47.331071, -2.426378;407229;PAYS DE LA LOIRE;44069;16612;44;44601;Saint-Nazaire;160970;04-Unités urbaines de 100 000 hbts ou plus;6;53;9079;59,65116527;De 100 à 150 000 entrées;NON;;B;251;180;134;41,54275155;45,36804972;10,61179237;2,47740635;81;6,377960692
3;176;7538;2857;50.038633;2.123723;50.038633, 2.123723;408122;HAUTS DE FRANCE;80711;1802;80;80206;Saint-Léger-lès-Domart;7134;06-autres communes et unités urbaines;1;45;232;163,8431922;De 5 à 10 000 entrées;NON;;C;104;85;1;58,65858814;25,53191489;14,23136537;1,578131605;18;26,26461885
3;331;21131;12220;48.687279;-3.992419;48.687279, -3.992419;412251;BRETAGNE;29259;6985;29;29305;Saint-Pol-de-Léon;12892;06-autres communes et unités urbaines;1;53;589;72,92144026;De 20 à 30 000 entrées;E;;C;238;201;26;59,80145278;27,04600484;8,493946731;4,658595642;112;29,15254237
3;167;29292;17330;48.651051;-2.83135;48.651051, -2.83135;413111;BRETAGNE;22325;3382;22;22302;Binic;13349;06-autres communes et unités urbaines;1;53;1251;69,02481246;De 20 à 30 000 entrées;E;JP;C;210;173;114;69,35350757;19,59766162;8,156808803;2,892022008;109;31,2826685
3;300;16854;14103;48.431183;-4.623373;48.431183, -4.623373;414352;BRETAGNE;29260;8470;29;29210;Saint-Renan;8470;06-autres communes et unités urbaines;1;53;469;19,50648798;De 10 à 20 000 entrées;E;JPPR;I;205;149;3;66,99339868;20,75748483;7,814896313;4,434220177;113;47,5895179
3;2141;387743;239338;48.06123;0.167196;48.06123, 0.167196;415471;PAYS DE LA LOIRE;72320;2787;72;72701;Le Mans;217388;04-Unités urbaines de 100 000 hbts ou plus;12;53;23712;62,00645113;De 300 à 450 000 entrées;NON;;B;218;184;181;38,80678567;47,54445615;10,89295564;2,755802541;28;1,67414616
3;213;18056;11861;48.985746;-0.478263;48.985746, -0.478263;427861;NORMANDIE;14689;3647;14;0;Zone rurale;14908533;04-Unités urbaines de 100 000 hbts ou plus;1;51;847;52,22999747;De 10 à 20 000 entrées;E;JP;R;195;161;2;59,45202128;28,70160846;9,718060057;2,128310195;101;32,7135955
3;230;2019;1613;46.734796;0.956025;46.734796, 0.956025;431533;CENTRE-VAL DE LOIRE;36224;1152;36;0;Zone rurale;14908533;04-Unités urbaines de 100 000 hbts ou plus;1;44;110;25,17048977;De 2 à 5 000 entrées;NON;;R;54;43;0;69,90191017;21,32163139;5,420753743;3,355704698;15;35,62209602
3;2352;405557;252820;48.291806;4.080707;48.291806, 4.080707;436453;GRAND EST;10387;63708;10;10601;Troyes;143855;04-Unités urbaines de 100 000 hbts ou plus;14;53;28132;60,41333755;De 300 à 450 000 entrées;NON;;C;494;376;337;36,41894611;46,06797463;12,99951757;4,513561682;260;10,20094436
3;282;21583;11876;47.162517;-1.264107;47.162517, -1.264107;440961;PAYS DE LA LOIRE;44212;9631;44;44212;Vallet;9631;06-autres communes et unités urbaines;1;51;656;81,73627484;De 20 à 30 000 entrées;E;JP;I;261;176;7;66,70910601;23,52615555;4,976473844;4,7882646;150;36,67312483
3;168;20776;13096;48.736789;0.930047;48.736789, 0.930047;448762;NORMANDIE;27679;7717;27;27205;Verneuil-sur-Avre;7717;06-autres communes et unités urbaines;1;53;800;58,64386072;De 20 à 30 000 entrées;E;;I;204;165;23;53,25835773;31,57192009;12,2066451;2,963077081;114;25,18358753
3;149;7449;3256;49.833134;3.902529;49.833134, 3.902529;450271;HAUTS DE FRANCE;2789;2695;2;2120;Vervins;3776;06-autres communes et unités urbaines;1;53;251;128,7776413;De 5 à 10 000 entrées;NON;;C;139;105;2;57,44532665;33,37512188;6,922969773;2,256581697;44;32,99902493
3;240;19798;8316;48.837867;-1.221993;48.837867, -1.221993;455951;NORMANDIE;50639;3913;50;50201;Villedieu-les-Poêles;5797;06-autres communes et unités urbaines;1;53;735;138,0711881;De 10 à 20 000 entrées;E;JPPR;C;241;161;1;59,08796196;25,45385779;12,20012967;3,258050573;156;40,07996542
3;690;166173;110880;49.618891;0.753617;49.618891, 0.753617;469602;NORMANDIE;76758;11485;76;76301;Yvetot;15158;06-autres communes et unités urbaines;7;53;10184;49,86742424;De 150 à 200 000 entrées;E;RDJPPR;C;436;300;195;41,7481986;43,77671704;11,13313672;3,341947645;242;8,77869326
3;1191;89282;57805;47.22562;2.057905;47.22562, 2.057905;720650;CENTRE-VAL DE LOIRE;18279;25542;18;18401;Vierzon;28821;05-Unités urbaines de 20 000 à 100 000 hbts;7;53;7214;54,45376698;De 80 à 100 000 entrées;D;;C;298;233;144;45,65904486;39,50911722;11,51722142;3,314616498;138;12,49319826
3;1244;188561;109599;48.065518;-1.626459;48.065518, -1.626459;724600;BRETAGNE;35352;8442;35;35216;Vern-sur-Seiche;8442;06-autres communes et unités urbaines;6;53;8991;72,04627779;De 150 à 200 000 entrées;NON;;I;155;121;95;36,09827267;51,77951481;10,02374816;2,098464356;25;1,665033759
3;200;4656;241;47.929629;2.984614;47.929629, 2.984614;724880;CENTRE-VAL DE LOIRE;45329;1306;45;0;Zone rurale;14908533;04-Unités urbaines de 100 000 hbts ou plus;1;43;251;1831,950207;De 2 à 5 000 entrées;NON;;R;84;62;0;70,07713249;15,38112523;3,334845735;11,20689655;26;35,16333938
4;444;16722;6533;43.699953;-0.265292;43.699953, -0.265292;13151;NOUVELLE AQUITAINE;40001;6753;40;263;Aire-sur-l'Adour;8159;06-autres communes et unités urbaines;2;51;1115;155,9620389;De 10 à 20 000 entrées;E;;C;218;195;88;47,33891832;41,22828631;8,537637058;2,89515831;93;19,45299988
4;294;40500;22622;45.653155;0.150537;45.653155, 0.150537;19464;NOUVELLE AQUITAINE;16015;43079;16;16601;Angoulême;113368;04-Unités urbaines de 100 000 hbts ou plus;2;53;2993;79,02926355;De 40 à 50 000 entrées;C;RDJPPR;C;262;150;96;67,21791511;5,574767137;7,624518936;19,58279882;242;93,91209772
4;336;2892;2520;42.72135;1.838852;42.72135, 1.838852;34482;OCCITANIE;9032;1350;9;0;Zone rurale;14908533;04-Unités urbaines de 100 000 hbts ou plus;1;39;162;14,76190476;De 2 à 5 000 entrées;E;;R;122;99;0;63,83442266;20,47930283;11,72839506;3,957879448;68;44,95279593
4;378;30464;20524;42.788987;0.591188;42.788987, 0.591188;35872;OCCITANIE;31042;2368;31;31113;Bagnères-de-Luchon;3993;06-autres communes et unités urbaines;2;46;2109;48,43110505;De 30 à 40 000 entrées;E;JP;C;160;128;50;67,78954994;20,38395364;7,784720336;4,041776087;84;28,26526608
4;164;4648;742;44.277667;2.43172;44.277667, 2.43172;38501;OCCITANIE;12056;3259;12;12101;Baraqueville;3259;06-autres communes et unités urbaines;1;42;477;526,4150943;De 2 à 5 000 entrées;E;;I;136;112;1;67,07657909;13,49916154;9,474566797;9,949692566;57;39,37954164
4;90;2484;836;44.169886;0.285632;44.169886, 0.285632;38592;NOUVELLE AQUITAINE;47021;1571;47;47301;Nérac;12276;06-autres communes et unités urbaines;1;48;68;197,1291866;De 2 à 5 000 entrées;NON;;B;60;45;0;71,0198431;22,56575911;5,814490078;0,599907707;11;22,15043839
4;114;2693;1162;45.46093;0.034513;45.46093, 0.034513;57851;NOUVELLE AQUITAINE;16046;1013;16;0;Zone rurale;14908533;04-Unités urbaines de 100 000 hbts ou plus;1;50;173;131,7555938;De 2 à 5 000 entrées;NON;;R;137;110;1;53,062249;17,72088353;12,5502008;16,66666667;54;45,88353414
4;1900;292851;198792;44.841914;-0.577194;44.841914, -0.577194;62802;NOUVELLE AQUITAINE;33063;263247;33;33701;Bordeaux;975671;04-Unités urbaines de 100 000 hbts ou plus;12;53;22821;47,31528432;De 200 à 300 000 entrées;NON;;C;247;203;196;33,06573143;47,78611941;13,66756172;5,480587446;41;5,055210017
4;2783;535576;349221;44.8405;-0.582021;44.8405, -0.582021;62804;NOUVELLE AQUITAINE;33063;263247;33;33701;Bordeaux;975671;04-Unités urbaines de 100 000 hbts ou plus;18;53;30186;53,36305663;De 450 à 700 000 entrées;NON;;C;455;281;258;47,32412445;31,75771405;14,47312865;6,445032849;262;39,26525312
4;358;6516;3783;45.401122;2.498735;45.401122, 2.498735;64352;NOUVELLE AQUITAINE;19028;2696;19;19104;Bort-les-Orgues;2696;06-autres communes et unités urbaines;2;50;658;72,24425059;De 5 à 10 000 entrées;E;;I;168;144;1;60,67150063;25,52017654;10,90794451;2,90037831;59;16,01513241
4;410;8820;5373;45.953962;1.755702;45.953962, 1.755702;67711;NOUVELLE AQUITAINE;23030;2674;23;23101;Bourganeuf;2674;06-autres communes et unités urbaines;1;50;619;64,15410385;De 5 à 10 000 entrées;E;;I;173;137;1;55,95453996;26,260428;10,56704147;7,217990569;66;32,58372627
4;813;122105;84746;46.850232;-0.474956;46.850232, -0.474956;72985;NOUVELLE AQUITAINE;79049;20846;79;79304;Bressuire;20846;05-Unités urbaines de 20 000 à 100 000 hbts;5;53;7109;44,08349657;De 100 à 150 000 entrées;E;RDJPPR;I;338;224;129;51,92585601;35,55420046;9,386616324;3,133327208;152;11,88425651
4;286;32555;21889;44.636357;-0.320145;44.636357, -0.320145;81311;NOUVELLE AQUITAINE;33081;2877;33;33121;Cadillac;5219;06-autres communes et unités urbaines;2;53;2491;48,72767143;De 30 à 40 000 entrées;E;RDJP;C;240;166;47;65,84694926;16,84287277;10,63865045;6,671527525;170;58,92685514
4;99;3134;2075;43.120092;0.309567;43.120092, 0.309567;85861;OCCITANIE;65127;1289;65;0;Zone rurale;14908533;04-Unités urbaines de 100 000 hbts ou plus;1;50;167;51,03614458;De 2 à 5 000 entrées;E;;R;147;126;0;81,31976362;6,89428759;8,305975049;3,479973736;100;64,11687459
4;196;5889;3134;44.895434;-0.508506;44.895434, -0.508506;85981;NOUVELLE AQUITAINE;33096;8355;33;33701;Bordeaux;975671;04-Unités urbaines de 100 000 hbts ou plus;1;48;176;87,90682833;De 5 à 10 000 entrées;NON;;B;134;110;0;74,41812136;8,624272652;10,16209476;6,795511222;68;57,00332502
4;573;45521;27472;44.049028;2.157496;44.049028, 2.157496;86544;OCCITANIE;81060;10036;81;81304;Carmaux;17266;06-autres communes et unités urbaines;4;52;4595;65,69962143;De 40 à 50 000 entrées;E;JPPR;C;275;206;91;43,66549256;40,56129985;12,33723441;3,435973185;125;20,47949097
4;660;126961;72812;43.606683;2.243043;43.606683, 2.243043;89105;OCCITANIE;81065;43833;81;81501;Castres;59316;05-Unités urbaines de 20 000 à 100 000 hbts;5;53;8226;74,36823601;De 100 à 150 000 entrées;D;RDJPPR;C;310;219;115;39,56201425;43,40997409;12,97198834;4,056023316;175;17,37208549
4;300;8150;3078;46.587908;-1.642858;46.587908, -1.642858;99411;PAYS DE LA LOIRE;85152;5445;85;85125;La Mothe-Achard;5445;06-autres communes et unités urbaines;1;35;274;164,7823262;De 5 à 10 000 entrées;NON;;C;71;37;0;74,49086162;20,14360313;5,065274151;0,300261097;29;22,92428198
4;178;12128;7595;45.823984;0.44846;45.823984, 0.44846;103561;NOUVELLE AQUITAINE;16085;3381;16;16103;Chasseneuil-sur-Bonnieure;3381;06-autres communes et unités urbaines;1;49;745;59,68400263;De 10 à 20 000 entrées;E;JP;I;232;193;1;57,49157482;23,52673285;12,24155205;6,740140268;104;30,23043993
4;126;15915;9498;46.148022;0.295463;46.148022, 0.295463;113131;NOUVELLE AQUITAINE;86078;2708;86;86113;Civray;4036;06-autres communes et unités urbaines;1;50;1005;67,56159191;De 10 à 20 000 entrées;E;JPPR;C;248;176;10;56,27846896;24,20966755;13,63790876;5,873954722;116;33,31973622
4;104;1624;1225;45.701627;2.260588;45.701627, 2.260588;125933;NOUVELLE AQUITAINE;23067;806;23;0;Zone rurale;14908533;04-Unités urbaines de 100 000 hbts ou plus;1;48;149;32,57142857;Moins de 2000 entrées;NON;;R;99;83;0;81,84796855;13,63040629;3,211009174;1,31061599;20;19,39711664
4;222;10170;7160;46.362399;-0.298072;46.362399, -0.298072;127501;NOUVELLE AQUITAINE;79048;5917;79;79202;La Crèche;5917;06-autres communes et unités urbaines;1;49;386;42,03910615;De 10 à 20 000 entrées;E;JPPR;I;170;128;0;67,33452594;20,45319022;9,815146094;2,397137746;82;48,87298748
4;189;21679;11936;44.773724;-0.348948;44.773724, -0.348948;127821;NOUVELLE AQUITAINE;33140;4998;33;33114;Créon;4998;06-autres communes et unités urbaines;1;53;1128;81,62701072;De 20 à 30 000 entrées;E;RDJPPR;I;301;218;2;66,41529196;16,7373658;10,85624509;5,991097146;192;54,64257659
4;1347;215406;131657;43.714843;-1.055363;43.714843, -1.055363;136666;NOUVELLE AQUITAINE;40088;21857;40;40402;Dax;53846;05-Unités urbaines de 20 000 à 100 000 hbts;10;53;11777;63,61150565;De 200 à 300 000 entrées;D;RDPR;C;350;277;243;41,35597712;44,95790963;10,53181975;3,154293502;161;13,26355338
4;270;5596;3640;46.215275;1.080037;46.215275, 1.080037;141321;NOUVELLE AQUITAINE;87059;1594;87;0;Zone rurale;14908533;04-Unités urbaines de 100 000 hbts ou plus;1;53;482;53,73626374;De 5 à 10 000 entrées;E;;R;216;177;0;54,17950693;26,07858243;8,705701079;11,03620955;102;38,55932203
4;269;13019;7580;45.404676;2.044182;45.404676, 2.044182;146013;NOUVELLE AQUITAINE;19073;5008;19;19106;Égletons;5008;06-autres communes et unités urbaines;2;53;1329;71,75461741;De 10 à 20 000 entrées;E;JP;I;252;212;3;55,6118347;31,54848046;8,080077183;4,759607654;120;29,76362759
4;600;12018;5657;42.960943;1.609276;42.960943, 1.609276;162213;OCCITANIE;9122;9841;9;9301;Foix;14988;06-autres communes et unités urbaines;1;40;315;112,4447587;De 10 à 20 000 entrées;E;JPPR;C;168;101;2;44,65240642;13,78915202;20,39724981;21,16119175;133;85,98166539
4;282;10331;7174;45.990004;-1.097971;45.990004, -1.097971;166862;NOUVELLE AQUITAINE;17168;4069;17;17115;Fouras;4069;06-autres communes et unités urbaines;1;53;1081;44,00613326;De 10 à 20 000 entrées;E;;I;262;247;2;70,54661756;15,8267106;9,061833689;4,564838147;145;43,71971312
4;709;146885;83394;43.901202;1.895449;43.901202, 1.895449;172104;OCCITANIE;81099;15572;81;81303;Gaillac;19162;06-autres communes et unités urbaines;4;53;6313;76,13377461;De 100 à 150 000 entrées;E;RDJP;C;341;244;160;47,08745787;35,91200993;12,99201703;4,008515168;201;32,2888061
4;873;210227;128694;45.629474;0.233829;45.629474, 0.233829;172860;NOUVELLE AQUITAINE;16146;2158;16;0;Zone rurale;14908533;04-Unités urbaines de 100 000 hbts ou plus;6;53;10729;63,35415793;De 200 à 300 000 entrées;E;RDJP;R;310;224;134;38,16866785;47,63970775;11,56004544;2,631578947;158;8,383934343
4;97;5124;3003;43.626338;0.878691;43.626338, 0.878691;177663;OCCITANIE;32147;3078;32;32101;Gimont;3078;06-autres communes et unités urbaines;1;49;236;70,62937063;De 5 à 10 000 entrées;E;JP;I;168;136;15;52,47163695;30,55105348;5,004051864;11,9732577;69;47,6904376
4;480;4653;2688;44.874611;-0.677018;44.874611, -0.677018;189830;NOUVELLE AQUITAINE;33200;11756;33;33701;Bordeaux;975671;04-Unités urbaines de 100 000 hbts ou plus;1;44;288;73,10267857;De 2 à 5 000 entrées;C;;B;170;142;3;52,2528581;21,14996638;17,41761937;9,179556153;68;30,66577001
4;216;23842;17821;46.72447;-2.348624;46.72447, -2.348624;200332;PAYS DE LA LOIRE;85113;5008;85;85132;L'Île-d'Yeu;5008;06-autres communes et unités urbaines;1;53;847;33,78598283;De 20 à 30 000 entrées;E;JP;I;214;169;23;57,45172753;28,05582909;8,387207261;6,105236118;118;37,80023119
4;236;8106;5328;44.213874;-0.919094;44.213874, -0.919094;209494;NOUVELLE AQUITAINE;40134;2831;40;40101;Labouheyre;2831;06-autres communes et unités urbaines;1;51;690;52,13963964;De 5 à 10 000 entrées;E;JP;I;258;219;2;45,97282533;36,8959238;12,94298921;4,188261661;135;29,12172573
4;465;6823;2335;44.553056;-0.245112;44.553056, -0.245112;215621;NOUVELLE AQUITAINE;33227;7516;33;33303;Langon;14120;06-autres communes et unités urbaines;2;45;860;192,2055675;De 5 à 10 000 entrées;NON;;C;110;89;16;79,90248362;7,024226726;10,52872162;2,544568033;74;53,90827366
4;480;28895;17399;42.935388;1.849583;42.935388, 1.849583;220681;OCCITANIE;9160;6177;9;9202;Lavelanet;7130;06-autres communes et unités urbaines;2;52;2474;66,0727628;De 20 à 30 000 entrées;E;RDJPPR;C;346;259;30;38,98793046;41,19514266;12,86310117;6,953825711;170;22,03521205
4;174;13881;9518;43.934628;0.620319;43.934628, 0.620319;221712;OCCITANIE;32208;4049;32;32102;Lectoure;4049;06-autres communes et unités urbaines;2;47;1039;45,83946207;De 10 à 20 000 entrées;E;JPPR;I;322;253;46;54,77485645;24,41825325;9,504381989;11,30250831;192;45,85222121
4;212;14092;8729;45.307833;-0.938774;45.307833, -0.938774;223612;NOUVELLE AQUITAINE;33240;5920;33;33208;Lesparre-Médoc;8317;06-autres communes et unités urbaines;1;53;646;61,43888189;De 10 à 20 000 entrées;E;;C;267;226;15;55,83473738;30,32012307;10,70251264;3,142626914;126;18,88506337
4;2465;366892;211478;45.845477;1.276023;45.845477, 1.276023;228370;NOUVELLE AQUITAINE;87085;132768;87;87601;Limoges;184269;04-Unités urbaines de 100 000 hbts ou plus;14;53;19031;73,48944098;De 300 à 450 000 entrées;NON;;C;258;181;165;35,5740254;48,60700967;12,14762422;3,6713407;64;3,671065487
4;151;17881;8398;47.010932;0.084051;47.010932, 0.084051;233802;NOUVELLE AQUITAINE;86137;7052;86;86204;Loudun;7052;06-autres communes et unités urbaines;1;53;656;112,9197428;De 10 à 20 000 entrées;E;PR;I;197;146;0;59,92112543;25,03973159;8,14056154;6,898581435;83;39,30190123
4;206;14779;10297;45.821371;-1.108436;45.821371, -1.108436;246763;NOUVELLE AQUITAINE;17219;6304;17;17206;Marennes;9948;06-autres communes et unités urbaines;1;52;881;43,52724094;De 10 à 20 000 entrées;E;JPPR;C;256;175;7;54,57657389;24,75814853;11,0954011;9,56987647;147;42,45423426
4;153;6364;4014;43.42733;0.576514;43.42733, 0.576514;251922;OCCITANIE;32242;1897;32;0;Zone rurale;14908533;04-Unités urbaines de 100 000 hbts ou plus;1;52;425;58,54509218;De 5 à 10 000 entrées;E;JP;R;275;226;19;51,04758523;30,29119318;8,0078125;10,65340909;161;38,76065341
4;269;5842;1898;46.9250409;-0.7596104000000423;46.9250409, -0.7596104000000423;252701;NOUVELLE AQUITAINE;79079;8844;79;79205;Mauléon;8844;06-autres communes et unités urbaines;1;49;300;207,7976818;De 5 à 10 000 entrées;E;;I;108;89;0;73,08599614;18,25005361;8,063478447;0,600471799;40;27,96482951
4;244;5043;2635;45.532714;2.146857;45.532714, 2.146857;261351;NOUVELLE AQUITAINE;19136;2494;19;19101;Meymac;2494;06-autres communes et unités urbaines;1;50;319;91,38519924;De 5 à 10 000 entrées;E;;I;235;185;0;58,54335754;20,07689022;13,11405382;8,265698419;128;51,45237078
4;120;7487;3600;45.283756;-0.408153;45.283756, -0.408153;271162;NOUVELLE AQUITAINE;17240;3274;17;17112;Montendre;3645;06-autres communes et unités urbaines;1;51;496;107,9722222;De 5 à 10 000 entrées;E;;C;249;216;12;49,04393519;30,82761641;13,06378631;7,064662093;134;36,41804116
4;92;4128;2485;45.396196;0.130119;45.396196, 0.130119;274682;NOUVELLE AQUITAINE;16230;2604;16;0;Zone rurale;14908533;04-Unités urbaines de 100 000 hbts ou plus;1;53;187;66,1167002;De 2 à 5 000 entrées;E;;R;157;122;0;65,73336758;14,2049833;11,53352171;8,528127408;90;54,12278448
4;166;14966;9320;46.424909;0.870092;46.424909, 0.870092;274732;NOUVELLE AQUITAINE;86165;6372;86;86202;Montmorillon;6372;06-autres communes et unités urbaines;1;48;833;60,57939914;De 10 à 20 000 entrées;E;JPPR;I;267;186;1;55,87071732;24,8936329;12,58490707;6,650742704;150;37,97118758
4;309;10376;7840;44.033295;-0.911916;44.033295, -0.911916;277721;NOUVELLE AQUITAINE;40197;5108;40;40107;Morcenx;5108;06-autres communes et unités urbaines;1;53;651;32,34693878;De 10 à 20 000 entrées;E;;I;194;163;76;47,33887734;38,10810811;11,51767152;3,035343035;73;16,66320166
4;192;6058;4079;43.750527;-0.749807;43.750527, -0.749807;282411;NOUVELLE AQUITAINE;40201;1432;40;0;Zone rurale;14908533;04-Unités urbaines de 100 000 hbts ou plus;1;53;536;48,51679333;De 5 à 10 000 entrées;E;JP;R;222;181;2;64,39092822;15,80547112;11,69043722;8,113163432;127;55,43605331
4;1041;366522;215003;43.465865;1.326927;43.465865, 1.326927;283105;OCCITANIE;31395;25336;31;31701;Toulouse;1024959;04-Unités urbaines de 100 000 hbts ou plus;8;53;13211;70,47297014;De 300 à 450 000 entrées;C;JPPR;B;470;270;197;36,75674314;47,53260279;11,10678709;4,603866979;247;12,10712866
4;990;49138;20369;46.326112;-0.468239;46.326112, -0.468239;291114;NOUVELLE AQUITAINE;79191;60845;79;79501;Niort;75558;05-Unités urbaines de 20 000 à 100 000 hbts;3;49;2622;141,2391379;De 40 à 50 000 entrées;D;RDJPPR;C;183;116;78;78,93264866;4,743019577;9,625876851;6,698454908;172;97,15510522
4;429;39713;24279;43.192296;-0.613402;43.192296, -0.613402;297122;NOUVELLE AQUITAINE;64422;11309;64;64303;Oloron-Sainte-Marie;17606;06-autres communes et unités urbaines;3;53;3665;63,56933976;De 30 à 40 000 entrées;E;RDJPPR;C;275;210;78;54,86954207;31,99414271;10,57774228;2,55857295;173;32,12193823
4;300;3999;2450;44.349894;-1.064305;44.349894, -1.064305;303803;NOUVELLE AQUITAINE;40217;7123;40;40109;Parentis-en-Born;7123;06-autres communes et unités urbaines;1;29;65;63,2244898;De 2 à 5 000 entrées;NON;;I;39;37;1;23,53089533;66,86002522;9,029003783;0,580075662;6;3,530895334
4;1802;260494;159508;45.182579;0.718006;45.182579, 0.718006;307135;NOUVELLE AQUITAINE;24322;30823;24;24501;Périgueux;76927;05-Unités urbaines de 20 000 à 100 000 hbts;10;53;19679;63,31093111;De 200 à 300 000 entrées;D;RDJPPR;C;503;369;196;38,34951264;45,62723035;11,92476325;4,09849376;316;17,33542456
4;537;100383;58270;43.56314;1.291519;43.56314, 1.291519;312981;OCCITANIE;31424;19904;31;31701;Toulouse;1024959;04-Unités urbaines de 100 000 hbts ou plus;3;52;4273;72,27218123;De 100 à 150 000 entrées;NON;;B;213;170;93;44,15801603;39,72018844;11,3107499;4,811045622;74;7,641792262
4;150;14275;8686;44.8722;-1.092786;44.8722, -1.092786;321121;NOUVELLE AQUITAINE;33333;3371;33;0;Zone rurale;14908533;04-Unités urbaines de 100 000 hbts ou plus;1;53;492;64,34492286;De 10 à 20 000 entrées;E;;R;209;181;18;60,58170126;27,92312189;6,306635487;5,188541362;108;28,0838936
4;64;2744;1324;43.913839;-0.91372;43.913839, -0.91372;338172;NOUVELLE AQUITAINE;40243;3106;40;0;Zone rurale;14908533;04-Unités urbaines de 100 000 hbts ou plus;1;53;272;107,2507553;De 2 à 5 000 entrées;E;;R;174;155;10;63,79114642;27,01475596;6,734771093;2,459326523;54;17,63147938
4;1310;190154;116668;45.93763;-0.966174;45.93763, -0.966174;339664;NOUVELLE AQUITAINE;17299;24042;17;17403;Rochefort;39086;05-Unités urbaines de 20 000 à 100 000 hbts;8;53;11631;62,98728015;De 150 à 200 000 entrées;D;;C;283;221;174;41,78131056;42,71620845;11,16021041;4,342270588;115;14,11184701
4;50;12804;5460;45.815626;0.307695;45.815626, 0.307695;340411;NOUVELLE AQUITAINE;16282;544;16;0;Zone rurale;14908533;04-Unités urbaines de 100 000 hbts ou plus;1;51;355;134,5054945;De 10 à 20 000 entrées;E;;R;152;94;0;78,38247683;7,337826453;7,093513058;7,186183656;74;40,45492839
4;210;27521;15946;46.108206;-0.750249;46.108206, -0.750249;370483;NOUVELLE AQUITAINE;17434;6970;17;17203;Surgères;6970;06-autres communes et unités urbaines;1;53;1419;72,58873699;De 20 à 30 000 entrées;E;JP;I;315;273;78;56,09513992;26,50708204;10,2851907;7,112587332;167;29,78276639
4;243;21164;11608;43.955721;2.884014;43.955721, 2.884014;371131;OCCITANIE;12208;8651;12;12202;Saint-Affrique;9901;06-autres communes et unités urbaines;2;52;1423;82,32253618;De 20 à 30 000 entrées;E;;C;191;159;16;53,30226101;32,30364935;8,949821499;5,444268148;85;25,90241967
4;951;149624;87034;45.009604;-0.438522;45.009604, -0.438522;372923;NOUVELLE AQUITAINE;33366;12924;33;33306;Saint-André-de-Cubzac;25373;05-Unités urbaines de 20 000 à 100 000 hbts;6;53;10670;71,91442425;De 100 à 150 000 entrées;D;JPPR;C;351;241;141;32,9109825;52,64296541;11,29736806;3,148684029;182;8,178310597
4;108;7222;4312;44.150668;1.754536;44.150668, 1.754536;373722;OCCITANIE;82155;1921;82;0;Zone rurale;14908533;04-Unités urbaines de 100 000 hbts ou plus;1;53;402;67,48608534;De 5 à 10 000 entrées;E;;R;87;74;0;56,83796686;9,224936816;22,73237855;11,20471778;66;73,50463353
4;186;4528;2002;45.201563;0.134975;45.201563, 0.134975;375012;NOUVELLE AQUITAINE;24376;1441;24;0;Zone rurale;14908533;04-Unités urbaines de 100 000 hbts ou plus;1;53;353;126,1738262;De 2 à 5 000 entrées;E;;R;189;136;0;44,10244361;30,54511278;18,28007519;7,072368421;81;30,09868421
4;150;5561;3662;49.7511844;0.40355909999993855;49.7511844, 0.40355909999993855;390680;NOUVELLE AQUITAINE;33417;2985;33;0;Zone rurale;14908533;04-Unités urbaines de 100 000 hbts ou plus;1;48;411;51,85690879;De 5 à 10 000 entrées;E;;R;195;160;1;66,06498195;16,84009344;13,48481631;3,610108303;67;37,88490125
4;251;6642;3583;46.269476;-0.715321;46.269476, -0.715321;391451;NOUVELLE AQUITAINE;79257;1545;79;0;Zone rurale;14908533;04-Unités urbaines de 100 000 hbts ou plus;1;53;339;85,37538376;De 5 à 10 000 entrées;E;;R;194;163;0;75,26595745;12,69946809;10,15625;1,878324468;99;43,38430851
4;298;25169;13074;46.793577;-2.061566;46.793577, -2.061566;393312;PAYS DE LA LOIRE;85234;8954;85;85301;Saint-Jean-de-Monts;13440;06-autres communes et unités urbaines;1;53;900;92,51185559;De 20 à 30 000 entrées;E;JP;C;249;202;16;60,61171507;27,70160636;8,409054032;3,277624534;120;26,34674671
4;192;7624;4667;45.838161;1.487619;45.838161, 1.487619;398251;NOUVELLE AQUITAINE;87161;4468;87;87106;Saint-Léonard-de-Noblat;4468;06-autres communes et unités urbaines;1;52;354;63,35976002;De 5 à 10 000 entrées;E;JP;I;166;127;0;55,15583811;30,26825864;7,27244534;7,3034579;80;42,82834548
4;119;16371;9453;44.398567;0.590542;44.398567, 0.590542;398526;NOUVELLE AQUITAINE;47252;6660;47;47401;Villeneuve-sur-Lot;49674;05-Unités urbaines de 20 000 à 100 000 hbts;1;52;813;73,18311647;De 10 à 20 000 entrées;D;JP;B;195;132;2;62,10166108;26,49176588;8,369572966;3,037000071;104;51,77871248
4;496;24991;16573;43.327875;-1.034919;43.327875, -1.034919;408682;NOUVELLE AQUITAINE;64493;2023;64;64102;Saint-Palais;3188;06-autres communes et unités urbaines;2;53;1505;50,79345924;De 20 à 30 000 entrées;E;JPPR;C;380;313;72;58,29141408;27,48183499;10,89040801;3,336342921;207;27,81288963
4;163;6594;4290;45.87583;-0.681096;45.87583, -0.681096;416021;NOUVELLE AQUITAINE;17397;2553;17;0;Zone rurale;14908533;04-Unités urbaines de 100 000 hbts ou plus;1;49;385;53,70629371;De 5 à 10 000 entrées;E;;R;184;141;0;64,90100729;16,74192428;13,63320597;4,723862452;116;62,07016325
4;286;17461;10720;43.660752;-1.304343;43.660752, -1.304343;419912;NOUVELLE AQUITAINE;40284;8046;40;40303;Saint-Vincent-de-Tyrosse;17235;06-autres communes et unités urbaines;1;53;794;62,88246269;De 10 à 20 000 entrées;E;JPPR;C;287;225;8;62,65324293;21,10814328;12,29367852;3,944935278;164;47,04472296
4;2403;253260;162224;44.811682;-0.592543;44.811682, -0.592543;421242;NOUVELLE AQUITAINE;33522;45355;33;33701;Bordeaux;975671;04-Unités urbaines de 100 000 hbts ou plus;12;53;19123;56,11746721;De 200 à 300 000 entrées;NON;;B;300;167;164;35,72278229;45,72977715;14,1964014;4,351039151;123;14,34341199
4;173;16339;9488;45.413265;0.918749;45.413265, 0.918749;426463;NOUVELLE AQUITAINE;24551;3060;24;24108;Thiviers;4057;06-autres communes et unités urbaines;1;53;910;72,20699831;De 10 à 20 000 entrées;E;JPPR;C;299;215;3;60,56542704;25,99246978;8,237003765;5,205099412;170;39,65915846
4;406;30230;18341;44.391294;0.311793;44.391294, 0.311793;428942;NOUVELLE AQUITAINE;47310;9371;47;47201;Tonneins;10245;06-autres communes et unités urbaines;3;53;2589;64,82198353;De 30 à 40 000 entrées;E;RDJPPR;C;427;344;146;55,16460177;30,29734513;10,34336283;4,194690265;254;28,41061947
4;486;149194;86240;43.581932;1.345083;43.581932, 1.345083;431352;OCCITANIE;31557;29405;31;31701;Toulouse;1024959;04-Unités urbaines de 100 000 hbts ou plus;4;53;7032;72,99860853;De 100 à 150 000 entrées;C;RDJPPR;B;337;202;139;68,1055957;7,675659973;14,60111115;9,617633175;278;88,38592541
4;491;26593;16822;45.550069;2.312425;45.550069, 2.312425;438291;NOUVELLE AQUITAINE;19275;9530;19;19301;Ussel;9530;06-autres communes et unités urbaines;2;53;1882;58,08465105;De 20 à 30 000 entrées;E;JP;I;267;215;23;49,29339719;35,76195336;11,82774594;3,116903509;130;16,28719479
4;294;67679;35935;46.673549;-1.425858;46.673549, -1.425858;718210;PAYS DE LA LOIRE;85191;58168;85;85501;La Roche-sur-Yon;58168;05-Unités urbaines de 20 000 à 100 000 hbts;2;53;3572;88,33727564;De 50 à 80 000 entrées;D;RDJPPR;I;358;192;112;69,94902066;13,76126517;9,102100728;7,187613441;283;85,93727805
4;1051;143888;93392;44.456197;1.450773;44.456197, 1.450773;724520;OCCITANIE;46042;21081;46;46401;Cahors;24762;05-Unités urbaines de 20 000 à 100 000 hbts;7;53;8529;54,068871;De 100 à 150 000 entrées;D;RDJPPR;C;437;287;213;46,49777303;37,53500802;10,23409941;5,733119544;240;24,00142526
4;2394;175938;92346;44.866428;-0.561068;44.866428, -0.561068;725080;NOUVELLE AQUITAINE;33063;263247;33;33701;Bordeaux;975671;04-Unités urbaines de 100 000 hbts ou plus;13;53;21532;90,52043402;De 150 à 200 000 entrées;NON;;C;283;151;147;31,72185845;50,96512137;13,52023256;3,792787616;92;4,956735938
4;82;1831;;44.048264;2.89819;44.048264, 2.89819;725240;OCCITANIE;12244;899;12;0;Zone rurale;14908533;04-Unités urbaines de 100 000 hbts ou plus;1;44;209;;Moins de 2000 entrées;NON;;R;81;73;0;72,0521542;13,15192744;5,839002268;8,9569161;25;28,91156463
5;720;115550;75698;50.686113;2.894624;50.686113, 2.894624;24246;HAUTS DE FRANCE;59017;25588;59;59501;Armentières (partie française);80740;05-Unités urbaines de 20 000 à 100 000 hbts;5;53;9308;52,64604085;De 100 à 150 000 entrées;D;;C;236;159;129;43,62643537;42,23232784;10,34782456;3,793412227;91;12,54170032
5;211;45152;19834;50.427424;1.879935;50.427424, 1.879935;45471;HAUTS DE FRANCE;62100;2099;62;62111;Beaurainville;3376;06-autres communes et unités urbaines;1;53;756;127,6494908;De 40 à 50 000 entrées;E;JPPR;C;183;106;4;60,20546871;22,22774089;10,05646468;7,510325718;87;39,78930308
5;292;15368;6448;50.453829;2.940575;50.453829, 2.940575;125322;HAUTS DE FRANCE;62250;10455;62;756;Douai - Lens;510310;04-Unités urbaines de 100 000 hbts ou plus;1;48;528;138,337469;De 10 à 20 000 entrées;NON;;B;134;115;0;52,52924199;26,75831688;11,94744038;8,76500076;24;25,0189883
5;2000;298946;184418;50.375978;3.075606;50.375978, 3.075606;141657;HAUTS DE FRANCE;59178;40697;59;756;Douai - Lens;510310;04-Unités urbaines de 100 000 hbts ou plus;10;53;16615;62,10239781;De 200 à 300 000 entrées;NON;;C;284;201;181;32,0677196;50,73173033;13,26551936;3,935030705;81;4,564635618
5;166;14646;8693;50.300211;3.390251;50.300211, 3.390251;141823;HAUTS DE FRANCE;59179;10179;59;59701;Valenciennes (partie française);336069;04-Unités urbaines de 100 000 hbts ou plus;1;49;721;68,48038652;De 10 à 20 000 entrées;C;;B;244;185;3;61,09727411;18,74913519;15,24837415;4,905216549;124;36,21142936
5;2705;577573;383546;50.633831;3.063221;50.633831, 3.063221;226974;HAUTS DE FRANCE;59350;238104;59;59702;Lille (partie française);1062604;04-Unités urbaines de 100 000 hbts ou plus;14;53;22222;50,58767397;De 450 à 700 000 entrées;NON;;C;297;197;160;37,18361185;43,08414459;15,11721936;4,615024207;121;16,13427734
5;454;79847;48720;50.636559;3.066988;50.636559, 3.066988;227031;HAUTS DE FRANCE;59350;238104;59;59702;Lille (partie française);1062604;04-Unités urbaines de 100 000 hbts ou plus;4;53;5676;63,88957307;De 50 à 80 000 entrées;A;RD;C;161;125;121;64,86655729;1,49160269;23,16680652;10,4750335;154;95,20583115
5;137;15841;7955;50.750026;3.123334;50.750026, 3.123334;342332;HAUTS DE FRANCE;59508;13675;59;59702;Lille (partie française);1062604;04-Unités urbaines de 100 000 hbts ou plus;1;48;469;99,13262099;De 10 à 20 000 entrées;NON;;B;180;157;0;59,88783379;26,50564018;8,782104391;4,824421643;68;22,03173794
5;1590;108101;71675;50.691883;3.165548;50.691883, 3.165548;344352;HAUTS DE FRANCE;59512;98480;59;59702;Lille (partie française);1062604;04-Unités urbaines de 100 000 hbts ou plus;9;53;13154;50,82106732;De 100 à 150 000 entrées;NON;;B;176;139;134;34,79657991;48,6423001;10,62952175;5,931598234;40;9,993422907
5;96;12623;4350;50.68623;3.14461;50.68623, 3.14461;467301;HAUTS DE FRANCE;59646;21190;59;59702;Lille (partie française);1062604;04-Unités urbaines de 100 000 hbts ou plus;1;53;628;190,183908;De 10 à 20 000 entrées;NON;;B;212;165;3;66,3616366;19,08490981;7,751869776;6,80158381;96;43,92432908
6;174;23220;8860;45.917017;6.134075;45.917017, 6.134075;19945;AUVERGNE-RHONE-ALPES;74010;134942;74;74601;Annecy;182687;04-Unités urbaines de 100 000 hbts ou plus;1;52;748;162,0767494;De 20 à 30 000 entrées;A;JPPR;C;184;96;1;53,93754463;17,13302603;18,26916834;10,66026099;133;68,53210414
6;240;841;;46.015937;6.640629;46.015937, 6.640629;21573;AUVERGNE-RHONE-ALPES;74014;1865;74;0;Zone rurale;14908533;04-Unités urbaines de 100 000 hbts ou plus;1;3;24;;Moins de 2000 entrées;NON;;R;12;12;4;38,64447087;61,35552913;0;0;2;4,875148633
6;417;53592;37701;46.95158;4.296621;46.95158, 4.296621;32363;BOURGOGNE-FRANCHE-COMTE;71014;14215;71;71302;Autun;14215;06-autres communes et unités urbaines;4;51;3454;42,15007559;De 50 à 80 000 entrées;E;RDJPPR;I;264;180;50;49,50673496;34,98007968;12,44166192;3,07152343;146;27,6702713
6;80;3507;1713;45.717264;6.575641;45.717264, 6.575641;44005;AUVERGNE-RHONE-ALPES;73034;2106;73;73106;Beaufort;3668;06-autres communes et unités urbaines;1;31;193;104,7285464;De 2 à 5 000 entrées;NON;;C;92;75;26;59,31909983;29,94806694;6,058857473;4,673975765;36;20,62896711
6;898;99710;66203;47.026717;4.841456;47.026717, 4.841456;45266;BOURGOGNE-FRANCHE-COMTE;21054;20808;21;21401;Beaune;20808;05-Unités urbaines de 20 000 à 100 000 hbts;6;53;9926;50,61251001;De 80 à 100 000 entrées;D;JP;I;274;210;126;44,20908711;40,8052486;10,22375953;4,761904762;136;14,33979206
6;299;70430;34269;46.10617;4.748173;46.10617, 4.748173;48422;AUVERGNE-RHONE-ALPES;69019;13616;69;451;Belleville;25097;05-Unités urbaines de 20 000 à 100 000 hbts;2;53;2777;105,5210248;De 50 à 80 000 entrées;D;RDJP;C;345;278;75;52,33708362;33,41128879;9,42260287;4,829024714;206;26,55015486
6;1330;183202;122982;47.240272;6.023995;47.240272, 6.023995;52174;BOURGOGNE-FRANCHE-COMTE;25056;121519;25;25602;Besançon;140997;04-Unités urbaines de 100 000 hbts ou plus;8;53;12701;48,96651543;De 150 à 200 000 entrées;NON;;C;267;191;175;39,68953921;42,14327075;12,84269838;5,324491659;112;20,30244315
6;150;1910;3046;45.075098;6.013937;45.075098, 6.013937;67903;AUVERGNE-RHONE-ALPES;38052;3386;38;38116;Le Bourg-d'Oisans;3386;06-autres communes et unités urbaines;1;22;61;-37,29481287;Moins de 2000 entrées;NON;;I;40;27;3;54,03141361;0,57591623;6,701570681;38,69109948;17;55,86387435
6;141;34798;16670;45.548622;5.986578;45.548622, 5.986578;94802;AUVERGNE-RHONE-ALPES;73064;5875;73;73601;Chambéry;202124;04-Unités urbaines de 100 000 hbts ou plus;1;49;1137;108,7462507;De 30 à 40 000 entrées;NON;;B;148;121;7;67,97018315;22,73534636;6,199225461;3,095245028;53;20,84558716
6;1134;9929;3006;46.779485;4.849123;46.779485, 4.849123;95052;BOURGOGNE-FRANCHE-COMTE;71076;46567;71;71501;Chalon-sur-Saône;77070;05-Unités urbaines de 20 000 à 100 000 hbts;2;10;113;230,3060546;De 5 à 10 000 entrées;NON;;C;34;17;2;48,47997662;4,443145279;36,74364221;10,3332359;25;65,28792751
6;275;10606;4627;46.278127;6.859481;46.278127, 6.859481;105091;AUVERGNE-RHONE-ALPES;74063;1248;74;74108;Abondance;3741;06-autres communes et unités urbaines;1;45;519;129,2197968;De 10 à 20 000 entrées;NON;;C;94;76;52;54,3771693;37,23486309;7,520246818;0,867720787;14;4,704974933
6;197;13366;7436;47.858822;4.57312;47.858822, 4.57312;106181;BOURGOGNE-FRANCHE-COMTE;21154;5690;21;21203;Châtillon-sur-Seine;5690;06-autres communes et unités urbaines;2;52;896;79,7471759;De 10 à 20 000 entrées;E;JP;I;203;164;11;61,79801793;24,3668397;10,20921818;3,625924178;94;26,2938493
6;250;3000;1639;44.855415;3.005081;44.855415, 3.005081;106582;AUVERGNE-RHONE-ALPES;15045;829;15;0;Zone rurale;14908533;04-Unités urbaines de 100 000 hbts ou plus;1;53;215;83,03843807;De 2 à 5 000 entrées;NON;;R;127;104;0;60,66302119;26,96514012;11,24401914;1,127819549;38;24,43609023
6;147;9808;6255;46.206256;4.339632;46.206256, 4.339632;106673;BOURGOGNE-FRANCHE-COMTE;71120;3759;71;258;Chauffailles;6333;06-autres communes et unités urbaines;1;53;884;56,80255795;De 5 à 10 000 entrées;E;JPPR;C;221;177;4;50,96464699;35,55115236;10,13661487;3,347585775;98;25,15382209
6;243;19029;12453;47.458201;3.515322;47.458201, 3.515322;113611;BOURGOGNE-FRANCHE-COMTE;58079;3779;58;58107;Clamecy;4067;06-autres communes et unités urbaines;2;53;1791;52,80655264;De 10 à 20 000 entrées;E;JP;C;280;216;36;49,66729781;33,02677847;13,61644577;3,689477955;146;26,09142548
6;129;3496;1659;44.814065;5.63181;44.814065, 5.63181;114211;AUVERGNE-RHONE-ALPES;38113;541;38;0;Zone rurale;14908533;04-Unités urbaines de 100 000 hbts ou plus;1;50;106;110,729355;De 2 à 5 000 entrées;NON;;R;93;68;0;69,63598698;12,28174016;9,884581237;8,197691625;60;61,70464635
6;256;4892;2287;46.050618;6.587273;46.050618, 6.587273;115562;AUVERGNE-RHONE-ALPES;74081;17372;74;74502;Cluses;93895;05-Unités urbaines de 20 000 à 100 000 hbts;1;26;256;113,9046786;De 2 à 5 000 entrées;NON;;C;85;69;44;46,07157548;42,49280132;10,48951049;0,946112711;16;6,972439325
6;544;55850;32879;44.726462;5.02496;44.726462, 5.02496;128421;AUVERGNE-RHONE-ALPES;26108;8974;26;26302;Crest;15179;06-autres communes et unités urbaines;3;49;2530;69,86526354;De 50 à 80 000 entrées;E;RDJPPR;C;316;232;74;56,41165619;30,23417793;9,643838711;3,710327171;192;39,39610707
6;411;24619;19623;46.805596;4.420044;46.805596, 4.420044;128605;BOURGOGNE-FRANCHE-COMTE;71153;21319;71;71401;Le Creusot;32312;05-Unités urbaines de 20 000 à 100 000 hbts;4;51;3237;25,45991948;De 20 à 30 000 entrées;NON;;C;242;183;70;46,75271461;36,43105921;13,03831182;3,777914362;131;24,91292768
6;156;8348;3818;44.656708;4.761992;44.656708, 4.761992;130653;AUVERGNE-RHONE-ALPES;7076;3135;7;7105;Cruas;3135;06-autres communes et unités urbaines;1;52;846;118,6485071;De 5 à 10 000 entrées;NON;;I;183;126;19;43,29675873;41,37974524;11,80476731;3,518728717;71;26,1319208
6;250;22864;6907;47.049645;6.481499;47.049645, 6.481499;133681;BOURGOGNE-FRANCHE-COMTE;25271;1768;25;0;Zone rurale;14908533;04-Unités urbaines de 100 000 hbts ou plus;1;48;529;231,0264949;De 20 à 30 000 entrées;E;JPPR;R;134;59;0;67,98831799;10,80586081;9,197109197;12,00871201;91;59,10800911
6;271;7558;3473;45.810538;4.754801;45.810538, 4.754801;136201;AUVERGNE-RHONE-ALPES;69072;9459;69;758;Lyon;1720030;04-Unités urbaines de 100 000 hbts ou plus;1;42;141;117,6216527;De 5 à 10 000 entrées;NON;;B;115;92;0;64,79928101;11,50389455;9,81126423;13,88556022;62;54,94307969
6;283;46741;29991;45.750204;4.225091;45.750204, 4.225091;159364;AUVERGNE-RHONE-ALPES;42094;8488;42;42203;Feurs;9956;06-autres communes et unités urbaines;2;53;1796;55,85008836;De 40 à 50 000 entrées;E;JP;C;269;203;54;51,78794863;34,38261442;10,43573702;3,393699923;144;20,08780595
6;131;14615;6549;46.097274;3.197027;46.097274, 3.197027;172682;AUVERGNE-RHONE-ALPES;3118;6012;3;3202;Gannat;6012;06-autres communes et unités urbaines;1;53;1202;123,1638418;De 10 à 20 000 entrées;E;JP;I;304;229;1;54,69968946;24,82769068;9,361508748;11,11111111;179;40,71801863
6;849;76419;57344;45.190618;5.723517;45.190618, 5.723517;185044;AUVERGNE-RHONE-ALPES;38185;160483;38;38701;Grenoble;523867;04-Unités urbaines de 100 000 hbts ou plus;7;53;11712;33,26416016;De 50 à 80 000 entrées;NON;;C;175;147;131;63,32456588;13,44037478;17,86990146;5,36515788;87;37,20671561
6;2984;386934;268577;45.185486;5.731291;45.185486, 5.731291;185116;AUVERGNE-RHONE-ALPES;38185;160483;38;38701;Grenoble;523867;04-Unités urbaines de 100 000 hbts ou plus;10;53;14934;44,06818156;De 300 à 450 000 entrées;NON;;C;255;196;180;33,80715822;46,97229285;13,51352761;5,707021318;90;16,88010952
6;258;7155;3398;45.090313;6.07033;45.090313, 6.07033;199153;AUVERGNE-RHONE-ALPES;38191;1330;38;0;Zone rurale;14908533;04-Unités urbaines de 100 000 hbts ou plus;2;30;531;110,5650383;De 5 à 10 000 entrées;NON;;R;107;91;27;47,14786265;44,33076384;7,105816398;1,415557113;31;10,55360897
6;184;12454;6362;45.128093;5.589034;45.128093, 5.589034;216371;AUVERGNE-RHONE-ALPES;38205;2794;38;0;Zone rurale;14908533;04-Unités urbaines de 100 000 hbts ou plus;1;51;486;95,75605156;De 10 à 20 000 entrées;E;JP;R;198;151;2;65,57491289;7,356893977;14,05674465;13,01144848;148;75,12195122
6;166;3854;1789;45.302343;6.947815;45.302343, 6.947815;216471;AUVERGNE-RHONE-ALPES;73290;2106;73;0;Zone rurale;14908533;04-Unités urbaines de 100 000 hbts ou plus;1;27;201;115,4276132;De 2 à 5 000 entrées;NON;;R;79;73;42;61,38433515;32,11033047;5,568566224;0,93676815;16;10,38251366
6;178;3100;2168;46.790178;3.969574;46.790178, 3.969574;237821;BOURGOGNE-FRANCHE-COMTE;58149;2033;58;0;Zone rurale;14908533;04-Unités urbaines de 100 000 hbts ou plus;1;52;405;42,98892989;De 2 à 5 000 entrées;E;;R;187;150;4;66,5993266;12,49158249;14,98316498;5,925925926;111;43,77104377
6;1281;321111;208381;45.747368;4.835557;45.747368, 4.835557;237933;AUVERGNE-RHONE-ALPES;69123;528633;69;758;Lyon;1720030;04-Unités urbaines de 100 000 hbts ou plus;9;53;16221;54,09802237;De 300 à 450 000 entrées;A;RDJPPR;C;443;256;238;67,72872536;9,93551984;12,34348711;9,992267691;361;86,15617938
6;136;50558;31222;45.763283;4.843832;45.763283, 4.843832;238163;AUVERGNE-RHONE-ALPES;69123;528633;69;758;Lyon;1720030;04-Unités urbaines de 100 000 hbts ou plus;3;53;4693;61,9306899;De 50 à 80 000 entrées;A;RDJPPR;C;396;235;10;59,77687192;13,40484874;16,58013302;10,23814632;325;81,3559322
6;2830;223382;187617;45.784585;4.852131;45.784585, 4.852131;238461;AUVERGNE-RHONE-ALPES;69123;528633;69;758;Lyon;1720030;04-Unités urbaines de 100 000 hbts ou plus;14;53;21717;19,0627715;De 200 à 300 000 entrées;NON;;C;329;204;172;33,92938072;44,40291308;14,98270191;6,685004285;142;19,89706404
6;237;34226;15187;45.779971;4.832347;45.779971, 4.832347;238494;AUVERGNE-RHONE-ALPES;69123;528633;69;758;Lyon;1720030;04-Unités urbaines de 100 000 hbts ou plus;1;45;600;125,363798;De 30 à 40 000 entrées;NON;;C;159;114;0;76,73097975;9,578544061;9,438286809;4,252189381;104;65,25383142
6;175;8623;5410;46.276444;4.040561;46.276444, 4.040561;245911;BOURGOGNE-FRANCHE-COMTE;71275;1754;71;71109;Marcigny;2900;06-autres communes et unités urbaines;1;52;654;59,39001848;De 5 à 10 000 entrées;E;;C;240;176;0;66,83924067;20,89472986;9,650869508;2,615159963;131;43,02402761
6;199;5582;2921;46.306676;4.481344;46.306676, 4.481344;252342;BOURGOGNE-FRANCHE-COMTE;71289;1176;71;0;Zone rurale;14908533;04-Unités urbaines de 100 000 hbts ou plus;1;53;249;91,09893872;De 5 à 10 000 entrées;E;;R;213;156;0;72,91144125;14,72120394;9,646922632;2,720432182;100;54,64016979
6;167;16268;9890;47.6229;4.338005;47.6229, 4.338005;269141;BOURGOGNE-FRANCHE-COMTE;21425;4965;21;21205;Montbard;5290;06-autres communes et unités urbaines;1;53;985;64,48938322;De 10 à 20 000 entrées;E;JP;C;246;197;0;52,68914633;30,54171251;12,41343602;4,355705132;116;21,04070934
6;662;109360;70762;46.338813;2.602249;46.338813, 2.602249;274201;AUVERGNE-RHONE-ALPES;3185;34868;3;3501;Montluçon;54936;05-Unités urbaines de 20 000 à 100 000 hbts;5;53;6436;54,54622538;De 100 à 150 000 entrées;D;;C;271;208;122;42,29913817;42,29079789;11,23806876;4,171995181;111;10,73209156
6;171;4917;2249;45.85006;5.057372;45.85006, 5.057372;274272;AUVERGNE-RHONE-ALPES;1262;6944;1;758;Lyon;1720030;04-Unités urbaines de 100 000 hbts ou plus;1;45;118;118,6305024;De 2 à 5 000 entrées;NON;;B;107;83;0;71,39245839;10,00631978;4,65557194;13,94564988;44;42,1529387
6;161;19682;10881;45.676633;5.469622;45.676633, 5.469622;277851;AUVERGNE-RHONE-ALPES;38261;4606;38;38302;Morestel;17097;06-autres communes et unités urbaines;1;53;749;80,88410992;De 10 à 20 000 entrées;E;JP;C;176;143;6;46,14035088;38,52737905;10,89845827;4,433811802;72;31,69059011
6;298;18774;12591;46.153678;5.603874;46.153678, 5.603874;285872;AUVERGNE-RHONE-ALPES;1269;3587;1;1123;Nantua;4232;06-autres communes et unités urbaines;1;49;1190;49,10650465;De 10 à 20 000 entrées;E;JPPR;C;290;198;7;51,69742538;30,87263614;10,99908863;6,430849852;159;32,11437685
6;181;7814;3846;45.8173155;3.7672235;45.8173155, 3.7672235;292201;AUVERGNE-RHONE-ALPES;42159;1681;42;0;Zone rurale;14908533;04-Unités urbaines de 100 000 hbts ou plus;1;53;286;103,1721269;De 5 à 10 000 entrées;NON;;R;126;102;0;65,37609177;20,77955938;7,534871594;6,309477252;42;27,75387824
6;148;8292;4480;45.792194;4.341577;45.792194, 4.341577;303122;AUVERGNE-RHONE-ALPES;42165;2964;42;42101;Panissières;2964;06-autres communes et unités urbaines;1;46;310;85,08928571;De 5 à 10 000 entrées;E;;I;141;115;0;70,44017359;18,47489151;6,819590825;4,265344079;54;27,41475511
6;360;47371;28610;45.371031;4.797096;45.371031, 4.797096;305632;AUVERGNE-RHONE-ALPES;38298;6499;38;556;Vienne;98266;05-Unités urbaines de 20 000 à 100 000 hbts;3;51;2676;65,57497379;De 40 à 50 000 entrées;D;;B;199;156;41;37,67478939;42,51825997;13,27214358;6,534807058;77;15,06905393
6;164;21032;12000;45.418565;4.675401;45.418565, 4.675401;306243;AUVERGNE-RHONE-ALPES;42168;3829;42;42108;Pélussin;4851;06-autres communes et unités urbaines;1;49;664;75,26666667;De 20 à 30 000 entrées;E;JPPR;C;217;154;0;66,78410445;19,7036423;8,217190819;5,295062432;118;40,9875136
6;350;243;80;45.133956;2.227009;45.133956, 2.227009;313704;AUVERGNE-RHONE-ALPES;15153;1488;15;0;Zone rurale;14908533;04-Unités urbaines de 100 000 hbts ou plus;1;3;6;203,75;Moins de 2000 entrées;NON;;R;6;3;0;83,53909465;16,46090535;0;0;1;17,28395062
6;749;102689;62578;45.749757;5.175101;45.749757, 5.175101;319302;AUVERGNE-RHONE-ALPES;38316;6070;38;38402;Charvieu-Chavagneux;29181;05-Unités urbaines de 20 000 à 100 000 hbts;5;53;5999;64,09760619;De 100 à 150 000 entrées;D;;C;209;170;119;33,04523812;51,24803238;11,60332809;4,103401414;80;7,969222045
6;200;24661;10106;46.153096;6.238556;46.153096, 6.238556;333751;AUVERGNE-RHONE-ALPES;74220;8349;74;652;Genève (SUI) - Annemasse (partie française);195045;04-Unités urbaines de 100 000 hbts ou plus;1;53;715;144,0233525;De 20 à 30 000 entrées;C;JP;B;177;126;0;76,82673178;8,089166215;8,848797251;6,235304757;112;63,40658347
6;1919;236976;151766;46.037107;4.06479;46.037107, 4.06479;339013;AUVERGNE-RHONE-ALPES;42187;35152;42;42502;Roanne;82222;05-Unités urbaines de 20 000 à 100 000 hbts;9;53;12224;56,14564527;De 200 à 300 000 entrées;NON;;C;214;187;179;40,05807481;46,46916151;10,23251089;3,240252786;44;4,758155659
6;350;5984;2620;45.434822;4.32352;45.434822, 4.32352;339810;AUVERGNE-RHONE-ALPES;42189;9966;42;753;Saint-Étienne;380055;04-Unités urbaines de 100 000 hbts ou plus;1;41;82;128,3969466;De 5 à 10 000 entrées;NON;;B;58;38;0;67,13213839;15,98582743;14,42267612;2,459358066;21;46,64443518
6;352;18570;12160;44.482369;4.255896;44.482369, 4.255896;343491;AUVERGNE-RHONE-ALPES;7199;1306;7;7402;Aubenas;43821;05-Unités urbaines de 20 000 à 100 000 hbts;2;51;1553;52,71381579;De 10 à 20 000 entrées;D;;B;314;255;4;57,20963484;28,31060273;10,27826661;4,201495821;166;29,4599648
6;277;21153;10680;45.889595;6.101037;45.889595, 6.101037;362651;AUVERGNE-RHONE-ALPES;74010;134942;74;74601;Annecy;182687;04-Unités urbaines de 100 000 hbts ou plus;1;50;782;98,06179775;De 20 à 30 000 entrées;NON;;C;269;162;2;53,93667354;18,130535;19,10105544;8,831736018;177;54,99818027
6;128;6710;3247;45.95807;5.835541;45.95807, 5.835541;362693;AUVERGNE-RHONE-ALPES;74269;2426;74;164;Seyssel;4755;06-autres communes et unités urbaines;1;51;243;106,6522944;De 5 à 10 000 entrées;NON;;C;144;114;0;52,54123191;25,26085493;13,63177381;8,566139347;49;26,85964322
6;477;34227;21466;45.43924;4.401579;45.43924, 4.401579;383261;AUVERGNE-RHONE-ALPES;42218;176016;42;753;Saint-Étienne;380055;04-Unités urbaines de 100 000 hbts ou plus;2;48;2515;59,44749837;De 30 à 40 000 entrées;A;RDJPPR;C;361;209;27;63,61257423;9,467574731;14,929379;11,99047204;305;84,81900225
6;950;158880;94644;45.472045;4.505391;45.472045, 4.505391;383599;AUVERGNE-RHONE-ALPES;42207;35697;42;753;Saint-Étienne;380055;04-Unités urbaines de 100 000 hbts ou plus;6;53;8478;67,87118042;De 150 à 200 000 entrées;C;JPPR;B;378;246;150;43,87561599;41,38522666;10,05766403;4,681493331;181;13,31110194
6;215;6191;3028;45.214928;6.260483;45.214928, 6.260483;392710;AUVERGNE-RHONE-ALPES;73242;282;73;0;Zone rurale;14908533;04-Unités urbaines de 100 000 hbts ou plus;1;29;381;104,4583884;De 5 à 10 000 entrées;NON;;R;140;117;29;50,00823045;40,54320988;6,37037037;3,0781893;48;13,67901235
6;178;3839;1657;45.340205;4.313068;45.340205, 4.313068;396242;AUVERGNE-RHONE-ALPES;43205;4301;43;43103;Saint-Just-Malmont;4301;06-autres communes et unités urbaines;1;41;165;131,6837658;De 2 à 5 000 entrées;NON;;I;96;82;0;63,68964555;18,64359475;12,67094613;4,995813564;24;22,66257326
6;187;6532;4601;45.21706;6.474053;45.21706, 6.474053;406333;AUVERGNE-RHONE-ALPES;73261;2754;73;73104;Saint-Michel-de-Maurienne;3072;06-autres communes et unités urbaines;1;52;522;41,96913714;De 5 à 10 000 entrées;E;JP;C;211;179;2;67,71246337;19,11739355;6,791932425;6,378210653;112;43,85450784
6;150;4196;952;45.474022;4.380177;45.474022, 4.380177;421203;AUVERGNE-RHONE-ALPES;42275;6182;42;753;Saint-Étienne;380055;04-Unités urbaines de 100 000 hbts ou plus;1;28;58;340,7563025;De 2 à 5 000 entrées;NON;;B;29;4;0;60,49234464;17,71239868;8,465926148;13,32933053;23;90,51335935
6;172;8783;5444;45.114054;4.290647;45.114054, 4.290647;423422;AUVERGNE-RHONE-ALPES;43244;3175;43;43102;Tence;3175;06-autres communes et unités urbaines;1;51;483;61,33357825;De 5 à 10 000 entrées;E;;I;196;153;3;50,77306733;33,00498753;8,990024938;7,2319202;93;25,06234414
6;1393;271651;161808;46.352812;6.468439;46.352812, 6.468439;426924;AUVERGNE-RHONE-ALPES;74281;37732;74;74501;Thonon-les-Bains;82816;05-Unités urbaines de 20 000 à 100 000 hbts;8;53;12641;67,88477702;De 200 à 300 000 entrées;NON;;C;222;179;172;31,49324802;52,33733864;12,49321082;3,676202522;44;4,753171385
6;615;54693;33024;45.754303;6.417593;45.754303, 6.417593;437401;AUVERGNE-RHONE-ALPES;73303;7366;73;73203;Ugine;9067;06-autres communes et unités urbaines;2;53;2550;65,6159157;De 50 à 80 000 entrées;E;JP;C;240;189;95;36,17449028;50,08440019;10,26837364;3,472735894;116;13,26126126
6;739;85241;49751;44.93274;4.89523;44.93274, 4.89523;439941;AUVERGNE-RHONE-ALPES;26362;65709;26;651;Valence;135081;04-Unités urbaines de 100 000 hbts ou plus;5;53;7392;71,33524954;De 80 à 100 000 entrées;B;RDJPPR;C;352;226;201;68,69828233;9,169935203;10,66260098;11,46918149;320;90,57923793
6;316;12050;6883;44.402406;4.132968;44.402406, 4.132968;441953;AUVERGNE-RHONE-ALPES;7334;2710;7;7110;Les Vans;3681;06-autres communes et unités urbaines;1;53;434;75,06901061;De 10 à 20 000 entrées;E;RDJP;C;266;214;0;66,64088683;15,47649738;11,28297671;6,599639082;182;65,64406634
6;177;11057;5531;45.789822;4.917721;45.789822, 4.917721;444143;AUVERGNE-RHONE-ALPES;69256;51990;69;758;Lyon;1720030;04-Unités urbaines de 100 000 hbts ou plus;1;45;642;99,90960043;De 10 à 20 000 entrées;C;JP;B;159;115;0;75,43021033;13,9989074;4,028953838;6,541928435;86;71,59246108
6;3669;703381;464392;45.763741;4.920277;45.763741, 4.920277;444144;AUVERGNE-RHONE-ALPES;69256;51990;69;758;Lyon;1720030;04-Unités urbaines de 100 000 hbts ou plus;15;53;24358;51,46277283;De 700 000 à 1 million d'entrées;NON;;B;310;229;183;24,29366466;57,6749159;13,37368375;4,657735685;100;2,826487951
6;473;51309;30284;45.697279;4.8697;45.697279, 4.8697;446804;AUVERGNE-RHONE-ALPES;69259;67017;69;758;Lyon;1720030;04-Unités urbaines de 100 000 hbts ou plus;3;53;4417;69,42609959;De 50 à 80 000 entrées;C;JPPR;B;272;187;85;53,97490508;31,84554125;10,08889712;4,090656542;176;43,21927956
6;136;27139;14154;46.216827;6.440326;46.216827, 6.440326;454671;AUVERGNE-RHONE-ALPES;74301;962;74;0;Zone rurale;14908533;04-Unités urbaines de 100 000 hbts ou plus;1;51;1130;91,74085064;De 20 à 30 000 entrées;E;RDJPPR;R;231;176;7;63,33144751;23,23607856;8,522589509;4,909884426;140;38,06675826
6;420;44372;29505;45.07319;5.771446;45.07319, 5.771446;464453;AUVERGNE-RHONE-ALPES;38562;7474;38;38303;Vizille;20885;05-Unités urbaines de 20 000 à 100 000 hbts;2;53;2139;50,38806982;De 40 à 50 000 entrées;D;JP;C;274;205;27;65,29461381;21,69418002;8,557657549;4,45354862;157;37,77563562
6;1076;187203;117677;45.364057;5.593001;45.364057, 5.593001;464706;AUVERGNE-RHONE-ALPES;38563;20853;38;38701;Grenoble;523867;04-Unités urbaines de 100 000 hbts ou plus;6;53;8367;59,08206361;De 150 à 200 000 entrées;NON;;B;195;148;131;33,01920227;51,80155508;11,83334407;3,345898576;54;7,905363318
6;3155;582280;371747;45.683172;4.766021;45.683172, 4.766021;700000;AUVERGNE-RHONE-ALPES;69027;12572;69;758;Lyon;1720030;04-Unités urbaines de 100 000 hbts ou plus;15;53;31346;56,63340928;De 450 à 700 000 entrées;NON;;B;292;221;214;31,93554348;52,15635076;11,56069264;4,347413122;50;3,066019407
6;110;15391;8504;45.94045500000001;4.77174500000001;45.94045500000001, 4.77174500000001;700250;AUVERGNE-RHONE-ALPES;1427;7108;1;758;Lyon;1720030;04-Unités urbaines de 100 000 hbts ou plus;1;52;791;80,98541863;De 10 à 20 000 entrées;C;;B;192;140;2;71,0184909;15,62033999;8,880107367;4,481061736;112;47,9719654
6;1480;219784;141274;45.693031;5.895383;45.693031, 5.895383;720800;AUVERGNE-RHONE-ALPES;73008;31642;73;73601;Chambéry;202124;04-Unités urbaines de 100 000 hbts ou plus;8;53;13607;55,57285842;De 200 à 300 000 entrées;NON;;B;225;189;182;38,65742643;47,12201313;11,1873522;3,033208243;45;3,712073484
6;64;2854;1596;44.665847;1.193196;44.665847, 1.193196;723200;BOURGOGNE-FRANCHE-COMTE;58205;608;58;0;Zone rurale;14908533;04-Unités urbaines de 100 000 hbts ou plus;1;53;295;78,82205514;De 2 à 5 000 entrées;E;;R;164;139;2;71,48134466;14,92427041;9,346139638;4,24824529;95;42,11304027
6;894;84266;46083;46.197254;6.238208;46.197254, 6.238208;723240;AUVERGNE-RHONE-ALPES;74012;37859;74;652;Genève (SUI) - Annemasse (partie française);195045;04-Unités urbaines de 100 000 hbts ou plus;6;53;7873;82,85701886;De 80 à 100 000 entrées;NON;;C;192;167;135;34,15271035;48,77686912;12,46869473;4,601725796;62;8,556574996
6;130;2714;1395;45.164059;6.089026;45.164059, 6.089026;724280;AUVERGNE-RHONE-ALPES;38527;350;38;0;Zone rurale;14908533;04-Unités urbaines de 100 000 hbts ou plus;1;53;253;94,55197133;De 2 à 5 000 entrées;NON;;R;152;137;24;52,80649926;37,03840473;7,200886263;2,954209749;41;13,29394387
6;248;7203;4149;46.242665;6.021223;46.242665, 6.021223;724640;AUVERGNE-RHONE-ALPES;1354;14463;1;652;Genève (SUI) - Annemasse (partie française);195045;04-Unités urbaines de 100 000 hbts ou plus;1;42;303;73,60809834;De 5 à 10 000 entrées;C;;B;195;132;0;48,09236948;26,22155288;17,90495315;7,781124498;105;42,2523427
6;3105;646336;269931;45.761001;4.854442;45.761001, 4.854442;725040;AUVERGNE-RHONE-ALPES;69123;528633;69;758;Lyon;1720030;04-Unités urbaines de 100 000 hbts ou plus;18;53;34160;139,4448952;De 450 à 700 000 entrées;NON;;C;319;187;184;32,75207728;48,57378756;14,03642751;4,63770765;115;10,32954538
7;295;1818;602;41.915976;8.731036;41.915976, 8.731036;13685;CORSE;2A004;73483;2A;2A501;Ajaccio;73483;05-Unités urbaines de 20 000 à 100 000 hbts;1;7;18;201,9933555;Moins de 2000 entrées;NON;;I;7;0;0;88,66886689;0;11,33113311;0;7;100
7;187;6911;3739;44.283294;6.539965;44.283294, 6.539965;15741;PROVENCE-ALPES-COTE D'AZUR;4006;845;4;0;Zone rurale;14908533;04-Unités urbaines de 100 000 hbts ou plus;1;34;378;84,83551752;De 5 à 10 000 entrées;NON;;R;140;116;41;44,4009043;41,64280332;7,972871138;5,983421251;41;8,907309721
7;579;78115;45805;43.293397;5.567708;43.293397, 5.567708;27833;PROVENCE-ALPES-COTE D'AZUR;13005;47640;13;759;Marseille - Aix-en-Provence;1630325;04-Unités urbaines de 100 000 hbts ou plus;4;53;6305;70,53815086;De 50 à 80 000 entrées;C;;B;195;166;155;58,06310817;25,71567948;12,26860767;3,952604688;75;20,87986855
7;379;46061;27601;43.949433;4.806281;43.949433, 4.806281;33751;PROVENCE-ALPES-COTE D'AZUR;84007;92277;84;754;Avignon;470065;04-Unités urbaines de 100 000 hbts ou plus;2;47;3061;66,88163472;De 40 à 50 000 entrées;NON;;C;120;75;33;61,73216498;18,47229598;17,81288724;1,982651797;65;26,33209418
7;260;22034;11883;44.387012;6.653653;44.387012, 6.653653;38931;PROVENCE-ALPES-COTE D'AZUR;4019;2760;4;4106;Barcelonnette;3373;06-autres communes et unités urbaines;2;50;1616;85,42455609;De 20 à 30 000 entrées;E;JPPR;C;202;154;31;47,59924386;36,28544423;9,29584121;6,819470699;102;23,59640832
7;90;6688;3177;44.307917;4.346467;44.307917, 4.346467;39428;OCCITANIE;30029;1645;30;0;Zone rurale;14908533;04-Unités urbaines de 100 000 hbts ou plus;1;53;351;110,5130626;De 5 à 10 000 entrées;E;;R;267;200;0;66,93129771;14,13740458;8,091603053;10,83969466;170;59,83206107
7;131;3247;;43.558187;6.006581;43.558187, 6.006581;39442;PROVENCE-ALPES-COTE D'AZUR;83012;3056;83;83109;Barjols;3056;06-autres communes et unités urbaines;1;29;287;;De 2 à 5 000 entrées;NON;;I;110;99;3;44,62474645;26,26774848;17,37660581;11,73089926;78;65,72008114
7;235;10404;4993;42.680362;2.934603;42.680362, 2.934603;80942;OCCITANIE;66028;10580;66;66601;Perpignan;205745;04-Unités urbaines de 100 000 hbts ou plus;1;53;390;108,3717204;De 10 à 20 000 entrées;C;;B;200;171;41;54,55116791;20,18435111;21,7450508;3,519430187;87;28,12401802
7;250;8372;4684;43.655944;6.87474;43.655944, 6.87474;81080;PROVENCE-ALPES-COTE D'AZUR;6026;1413;6;6701;Nice;966577;04-Unités urbaines de 100 000 hbts ou plus;1;49;338;78,73612297;De 5 à 10 000 entrées;NON;;B;90;79;3;63,30917578;25,07063014;7,492936986;4,127257094;25;15,36666257
7;727;73864;54155;43.552366;7.016598;43.552366, 7.016598;84711;PROVENCE-ALPES-COTE D'AZUR;6029;73159;6;6701;Nice;966577;04-Unités urbaines de 100 000 hbts ou plus;4;53;6549;36,39368479;De 50 à 80 000 entrées;NON;;B;150;111;71;33,4640272;48,91834832;12,89619434;4,721430138;11;1,606711998
7;469;64763;50797;43.552366;7.016598;43.552366, 7.016598;84761;PROVENCE-ALPES-COTE D'AZUR;6029;73159;6;6701;Nice;966577;04-Unités urbaines de 100 000 hbts ou plus;5;53;8171;27,49374963;De 50 à 80 000 entrées;NON;;B;177;143;106;43,98127404;39,72467284;10,13086538;6,163187739;25;4,829813204
7;100;5860;2555;43.4765018;6.182329100000061;43.4765018, 6.182329100000061;86173;PROVENCE-ALPES-COTE D'AZUR;83032;3470;83;83204;Carcès;7098;06-autres communes et unités urbaines;1;49;236;129,3542074;De 5 à 10 000 entrées;NON;;C;84;63;7;61,19453925;32,09897611;4,726962457;1,979522184;27;19,69283276
7;306;1588;1099;43.256071;5.568869;43.256071, 5.568869;86693;PROVENCE-ALPES-COTE D'AZUR;13119;6706;13;13209;Carnoux-en-Provence;6706;06-autres communes et unités urbaines;1;36;162;44,49499545;Moins de 2000 entrées;NON;;I;133;119;1;71,03580563;18,9258312;6,329923274;3,708439898;35;23,84910486
7;200;4748;1617;44.109395;5.112026;44.109395, 5.112026;86772;PROVENCE-ALPES-COTE D'AZUR;84030;3505;84;754;Avignon;470065;04-Unités urbaines de 100 000 hbts ou plus;1;44;169;193,6301793;De 2 à 5 000 entrées;NON;;B;103;65;0;70,88279732;17,54802504;4,101014461;7,468163177;59;49,19058925
7;612;112846;69787;44.050347;5.047636;44.050347, 5.047636;86781;PROVENCE-ALPES-COTE D'AZUR;84031;30564;84;754;Avignon;470065;04-Unités urbaines de 100 000 hbts ou plus;4;53;5820;61,70060326;De 100 à 150 000 entrées;C;RDJPPR;B;262;178;136;57,70808291;26,77023022;9,379444501;6,142242368;150;38,49682978
7;132;7957;7056;43.172524;6.530347;43.172524, 6.530347;90345;PROVENCE-ALPES-COTE D'AZUR;83036;7735;83;83207;Cavalaire-sur-Mer;11608;06-autres communes et unités urbaines;1;44;1010;12,76927438;De 5 à 10 000 entrées;NON;;C;169;141;11;61,47740366;30,80271412;4,058379209;3,661503009;90;26,37306363
7;426;24776;24998;43.175703;5.604941;43.175703, 5.604941;112811;PROVENCE-ALPES-COTE D'AZUR;13028;36812;13;757;Toulon;598427;04-Unités urbaines de 100 000 hbts ou plus;3;53;4248;-0,888071046;De 20 à 30 000 entrées;C;;B;240;187;168;63,52825794;19,15328348;10,49405419;6,824404397;178;56,03367251
7;230;49503;27592;43.625579;3.435522;43.625579, 3.435522;114564;OCCITANIE;34079;9285;34;34213;Clermont-l'Hérault;11076;06-autres communes et unités urbaines;1;53;1543;79,41069875;De 40 à 50 000 entrées;E;RDJPPR;C;331;236;48;53,18469983;30,73011956;10,11785729;5,96732332;201;31,64702378
7;130;13296;9316;43.250728;6.537455;43.250728, 6.537455;116021;PROVENCE-ALPES-COTE D'AZUR;83042;12007;83;83305;Cogolin;12007;06-autres communes et unités urbaines;1;52;1261;42,72219837;De 10 à 20 000 entrées;E;;I;210;191;51;53,27303388;30,45377894;13,51372068;2,759466503;101;21,88410241
7;100;6332;3486;43.803799;7.330148;43.803799, 7.330148;119812;PROVENCE-ALPES-COTE D'AZUR;6048;7612;6;6701;Nice;966577;04-Unités urbaines de 100 000 hbts ou plus;1;53;131;81,64084911;De 5 à 10 000 entrées;NON;;B;91;80;1;64,35565382;28,23752369;6,759317751;0,647504738;29;23,9734681
7;220;2697;308;43.655112;3.943144;43.655112, 3.943144;128142;OCCITANIE;34090;9440;34;34701;Montpellier;472000;04-Unités urbaines de 100 000 hbts ou plus;1;18;32;775,6493506;De 2 à 5 000 entrées;NON;;B;23;12;0;80,00965717;18,49348141;1,49686142;0;9;56,54273298
7;1288;210815;110154;43.532372;6.472812;43.532372, 6.472812;142626;PROVENCE-ALPES-COTE D'AZUR;83050;40362;83;83501;Draguignan;83760;05-Unités urbaines de 20 000 à 100 000 hbts;7;53;13954;91,38206511;De 200 à 300 000 entrées;NON;;C;262;177;133;31,80564619;51,37629973;12,33263633;4,485417748;102;6,649773514
7;128;979;515;43.990835;3.955297;43.990835, 3.955297;144230;OCCITANIE;30106;767;30;0;Zone rurale;14908533;04-Unités urbaines de 100 000 hbts ou plus;1;8;29;90,09708738;Moins de 2000 entrées;NON;;R;17;9;0;66,29213483;33,70786517;0;0;10;38,20224719
7;450;8321;7321;43.3974611;6.718800399999964;43.3974611, 6.718800399999964;168953;PROVENCE-ALPES-COTE D'AZUR;83061;56598;83;83502;Fréjus;101231;04-Unités urbaines de 100 000 hbts ou plus;1;11;71;13,65933616;De 5 à 10 000 entrées;NON;;C;33;33;8;37,60365341;50,91936065;5,612306213;5,864679726;10;8,520610504
7;263;39253;15685;42.657224;9.423381;42.657224, 9.423381;171650;CORSE;2B120;5901;2B;2B501;Bastia;72702;05-Unités urbaines de 20 000 à 100 000 hbts;1;53;1243;150,2582085;De 30 à 40 000 entrées;NON;;B;73;47;25;39,25821111;43,54404201;14,31331465;2,884432229;19;9,665569131
7;104;15525;7296;44.55986;6.07839;44.55986, 6.07839;172744;PROVENCE-ALPES-COTE D'AZUR;5061;41528;5;5401;Gap;42010;05-Unités urbaines de 20 000 à 100 000 hbts;1;53;1396;112,7878289;De 10 à 20 000 entrées;D;RD;C;118;82;56;75,24879832;2,058086792;6,208110487;16,4850044;113;94,00176021
7;177;9093;4705;43.721609;7.149739;43.721609, 7.149739;173991;PROVENCE-ALPES-COTE D'AZUR;6065;7225;6;6701;Nice;966577;04-Unités urbaines de 100 000 hbts ou plus;1;49;678;93,26248672;De 5 à 10 000 entrées;C;;B;200;179;5;61,09238031;21,69026748;12,33985165;4,877500562;98;36,54753877
7;100;20222;9458;43.847212;5.273548;43.847212, 5.273548;210701;PROVENCE-ALPES-COTE D'AZUR;84058;432;84;0;Zone rurale;14908533;04-Unités urbaines de 100 000 hbts ou plus;1;53;639;113,8084162;De 20 à 30 000 entrées;E;JP;R;191;142;0;67,95981618;14,65747569;11,48872502;5,893983114;129;64,47579352
7;137;28792;11579;43.653486;5.262357;43.653486, 5.262357;213542;PROVENCE-ALPES-COTE D'AZUR;13050;10273;13;13213;Lambesc;10273;06-autres communes et unités urbaines;1;53;1138;148,6570516;De 20 à 30 000 entrées;NON;;I;141;94;1;60,68644;24,0495137;11,06422313;4,199823165;41;24,45141066
7;2458;315599;183046;43.584563;3.935363;43.584563, 3.935363;219191;OCCITANIE;34129;17909;34;34701;Montpellier;472000;04-Unités urbaines de 100 000 hbts ou plus;12;53;23374;72,41513062;De 300 à 450 000 entrées;NON;;B;236;196;194;35,85463221;47,84986083;12,2083499;4,087157058;36;3,07944334
7;544;7560;7811;43.135578;6.358877;43.135578, 6.358877;220334;PROVENCE-ALPES-COTE D'AZUR;83070;6048;83;83308;Bormes-les-Mimosas - Le Lavandou;14984;06-autres communes et unités urbaines;1;12;75;-3,213416976;De 5 à 10 000 entrées;NON;;B;33;29;13;45,17195767;52,3015873;1,67989418;0,846560847;6;1,375661376
7;100;8009;4609;43.395569;6.311016;43.395569, 6.311016;235561;PROVENCE-ALPES-COTE D'AZUR;83073;11166;83;83307;Le Luc;15552;06-autres communes et unités urbaines;1;48;548;73,76871339;De 5 à 10 000 entrées;E;;C;160;138;4;57,2525925;28,1526053;8,091153501;6,503648701;63;17,91063884
7;806;86447;57628;43.249625;5.389984;43.249625, 5.389984;249451;PROVENCE-ALPES-COTE D'AZUR;13055;876602;13;759;Marseille - Aix-en-Provence;1630325;04-Unités urbaines de 100 000 hbts ou plus;5;53;6901;50,00867634;De 80 à 100 000 entrées;NON;;C;114;84;76;39,612674;45,20868153;11,33810965;3,840534823;28;6,899171351
7;458;48247;36431;43.28624;5.383262;43.28624, 5.383262;249563;PROVENCE-ALPES-COTE D'AZUR;13055;876602;13;759;Marseille - Aix-en-Provence;1630325;04-Unités urbaines de 100 000 hbts ou plus;3;47;3869;32,43391617;De 40 à 50 000 entrées;A;;C;190;102;76;57,5863094;5,494925475;20,83952609;16,07923903;170;91,43912693
7;565;162440;98569;43.297447;5.379767;43.297447, 5.379767;249791;PROVENCE-ALPES-COTE D'AZUR;13055;876602;13;759;Marseille - Aix-en-Provence;1630325;04-Unités urbaines de 100 000 hbts ou plus;7;53;11860;64,79826315;De 150 à 200 000 entrées;A;RDJPPR;C;476;261;230;67,08458049;10,57711012;12,06239842;10,27591097;389;92,65638825
7;284;21558;11717;43.618473;6.771904;43.618473, 6.771904;268972;PROVENCE-ALPES-COTE D'AZUR;83081;6730;83;83205;Montauroux;10297;06-autres communes et unités urbaines;1;53;1095;83,9890757;De 20 à 30 000 entrées;E;JP;C;243;204;6;49,44965153;32,02114876;13,40062485;5,128574862;116;33,37659217
7;1113;228443;148926;43.609061;3.880069;43.609061, 3.880069;275273;OCCITANIE;34172;302425;34;34701;Montpellier;472000;04-Unités urbaines de 100 000 hbts ou plus;8;53;13337;53,39363174;De 200 à 300 000 entrées;NON;;C;347;216;149;32,6081789;45,43689748;15,23484615;6,720077475;159;13,46612669
7;154;52516;22870;43.700772;7.280789;43.700772, 7.280789;290093;PROVENCE-ALPES-COTE D'AZUR;6088;346376;6;6701;Nice;966577;04-Unités urbaines de 100 000 hbts ou plus;3;48;4028;129,6283341;De 50 à 80 000 entrées;A;RDJPPR;C;508;365;110;71,40294708;5,597130073;16,43650671;6,563416139;375;69,9236229
7;127;4642;3206;43.28176;5.511895;43.28176, 5.511895;306453;PROVENCE-ALPES-COTE D'AZUR;13070;6574;13;759;Marseille - Aix-en-Provence;1630325;04-Unités urbaines de 100 000 hbts ou plus;1;26;453;44,79101684;De 2 à 5 000 entrées;NON;;B;67;47;0;62,44880362;22,46173744;13,14938564;1,940073292;25;16,68463031
7;363;64024;36236;43.692404;5.499464;43.692404, 5.499464;308231;PROVENCE-ALPES-COTE D'AZUR;84089;20767;84;84303;Pertuis;20767;05-Unités urbaines de 20 000 à 100 000 hbts;3;53;4565;76,68616845;De 50 à 80 000 entrées;E;RDJP;I;255;193;130;43,19446461;43,38800987;9,459524846;3,958000677;126;15,94167836
7;100;7659;4133;43.22419;6.144814;43.22419, 6.144814;310645;PROVENCE-ALPES-COTE D'AZUR;83091;6188;83;83201;Pierrefeu-du-Var;6188;06-autres communes et unités urbaines;1;48;320;85,31333172;De 5 à 10 000 entrées;E;;I;103;76;10;60,54176675;19,30878036;17,74753136;2,401921537;46;31,33173205
7;313;3355;;42.642894;2.874876;42.642894, 2.874876;317662;OCCITANIE;66144;5400;66;66115;Pollestres;5400;06-autres communes et unités urbaines;1;11;222;;De 2 à 5 000 entrées;NON;;I;54;41;3;33,92918529;39,66998969;9,556548642;16,84427638;23;27,5008594
7;189;20492;9993;42.616153;2.421654;42.616153, 2.421654;323812;OCCITANIE;66149;6375;66;66205;Prades;9887;06-autres communes et unités urbaines;1;53;864;105,0635445;De 20 à 30 000 entrées;E;JP;C;271;214;0;54,87836506;28,62181648;12,27760776;4,222210696;151;41,32475751
7;159;2637;1816;42.403764;2.481748;42.403764, 2.481748;324212;OCCITANIE;66150;1169;66;0;Zone rurale;14908533;04-Unités urbaines de 100 000 hbts ou plus;1;52;202;45,2092511;De 2 à 5 000 entrées;NON;;R;179;161;38;62,03921569;20,47058824;9,529411765;7,960784314;80;29,49019608
7;100;2724;1407;43.288803;6.130491;43.288803, 6.130491;327092;PROVENCE-ALPES-COTE D'AZUR;83100;4456;83;83111;Puget-Ville;4456;06-autres communes et unités urbaines;1;18;29;93,60341151;De 2 à 5 000 entrées;NON;;I;17;8;1;29,03817915;47,61380323;10,16886931;13,17914831;8;52,38619677
7;172;5320;3820;43.561544;6.236388;43.561544, 6.236388;350023;PROVENCE-ALPES-COTE D'AZUR;83121;3848;83;83202;Salernes;6170;06-autres communes et unités urbaines;1;50;524;39,26701571;De 5 à 10 000 entrées;E;;C;118;89;7;57,36137667;31,03250478;7,284894837;4,321223709;60;32,40917782
7;178;11029;5313;43.190268;6.038903;43.190268, 6.038903;364945;PROVENCE-ALPES-COTE D'AZUR;83130;12158;83;757;Toulon;598427;04-Unités urbaines de 100 000 hbts ou plus;1;47;313;107,5851685;De 10 à 20 000 entrées;NON;;B;84;72;2;69,92906442;15,19363497;13,87078221;1,006518405;20;24,92331288
7;299;2362;1961;42.676812;9.302536;42.676812, 9.302536;385371;CORSE;2B298;1706;2B;0;Zone rurale;14908533;04-Unités urbaines de 100 000 hbts ou plus;1;12;71;20,44875064;De 2 à 5 000 entrées;NON;;R;25;25;10;31,92209992;58,80609653;4,741744285;4,530059272;4;2,201524132
7;172;2957;1348;42.811446;2.505248;42.811446, 2.505248;409463;OCCITANIE;66187;1796;66;0;Zone rurale;14908533;04-Unités urbaines de 100 000 hbts ou plus;1;47;168;119,3620178;De 2 à 5 000 entrées;E;;R;160;140;18;53,17209954;37,11882229;7,080266386;2,628811777;69;30,1787592
7;155;5489;3702;43.48939;2.758039;43.48939, 2.758039;412415;OCCITANIE;34284;1939;34;0;Zone rurale;14908533;04-Unités urbaines de 100 000 hbts ou plus;1;49;984;48,27120475;De 5 à 10 000 entrées;E;;R;146;128;3;59,4579646;21,77359882;13,21902655;5,549410029;57;27,89454277
7;386;80944;40177;43.124501;5.96296;43.124501, 5.96296;429951;PROVENCE-ALPES-COTE D'AZUR;83137;181506;83;757;Toulon;598427;04-Unités urbaines de 100 000 hbts ou plus;3;50;4569;101,4685019;De 80 à 100 000 entrées;A;RDPR;C;229;141;121;67,09904747;8,577918893;13,1637368;11,15929683;214;96,90879992
7;807;26198;17216;44.384549;4.991924;44.384549, 4.991924;441352;PROVENCE-ALPES-COTE D'AZUR;84138;9616;84;84204;Valréas;9616;06-autres communes et unités urbaines;2;49;2616;52,17239777;De 20 à 30 000 entrées;NON;;I;180;153;56;48,13525224;39,29510987;10,71649644;1,853141442;70;12,47678737
7;188;5900;2477;44.569752;6.68318;44.569752, 6.68318;442861;PROVENCE-ALPES-COTE D'AZUR;5177;565;5;0;Zone rurale;14908533;04-Unités urbaines de 100 000 hbts ou plus;2;27;755;138,1913605;De 5 à 10 000 entrées;NON;;R;65;53;21;46,71186441;41,71186441;6,627118644;4,949152542;12;5,508474576
7;130;6114;2917;44.312781;4.951099;44.312781, 4.951099;463372;PROVENCE-ALPES-COTE D'AZUR;84150;1962;84;0;Zone rurale;14908533;04-Unités urbaines de 100 000 hbts ou plus;1;49;260;109,598903;De 5 à 10 000 entrées;E;JP;R;117;88;0;60,25373982;12,08104526;16,15224389;11,51297103;67;60,7081992
7;250;1920;1215;41.687469;9.365073;41.687469, 9.365073;470161;CORSE;2A362;2790;2A;0;Zone rurale;14908533;04-Unités urbaines de 100 000 hbts ou plus;1;12;63;58,02469136;Moins de 2000 entrées;NON;;R;19;19;0;26,97916667;64,6875;6,770833333;1,5625;4;3,125
7;145;1018;662;44.6771389;5.926679000000036;44.6771389, 5.926679000000036;701400;PROVENCE-ALPES-COTE D'AZUR;5139;930;5;0;Zone rurale;14908533;04-Unités urbaines de 100 000 hbts ou plus;1;24;205;53,77643505;Moins de 2000 entrées;NON;;R;49;37;1;68,56581532;26,03143418;5,402750491;0;2;3,634577603
7;89;1334;415;44.72169;5.924351;44.72169, 5.924351;701401;PROVENCE-ALPES-COTE D'AZUR;5139;930;5;0;Zone rurale;14908533;04-Unités urbaines de 100 000 hbts ou plus;1;27;258;221,4457831;Moins de 2000 entrées;NON;;R;61;49;1;58,24587706;40,85457271;0,899550225;0;4;3,223388306
7;1605;264264;165088;43.123515;5.948704;43.123515, 5.948704;720150;PROVENCE-ALPES-COTE D'AZUR;83137;181506;83;757;Toulon;598427;04-Unités urbaines de 100 000 hbts ou plus;9;53;15616;60,07462687;De 200 à 300 000 entrées;NON;;C;287;226;167;41,38438429;42,25115723;11,98691027;4,377548205;128;14,60945403
7;319;39079;17095;43.402696;5.054629;43.402696, 5.054629;720261;PROVENCE-ALPES-COTE D'AZUR;13056;49037;13;759;Marseille - Aix-en-Provence;1630325;04-Unités urbaines de 100 000 hbts ou plus;3;53;4525;128,5990056;De 30 à 40 000 entrées;NON;;B;346;203;70;70,58064138;8,552650882;12,83631136;8,030396385;293;86,80573893
7;2083;446412;266848;43.36065;5.330055;43.36065, 5.330055;722241;PROVENCE-ALPES-COTE D'AZUR;13055;876602;13;759;Marseille - Aix-en-Provence;1630325;04-Unités urbaines de 100 000 hbts ou plus;14;53;20290;67,2907423;De 300 à 450 000 entrées;NON;;C;263;200;143;19,42690274;61,78518958;13,48997114;5,29793655;85;2,790777944
7;89;22383;13370;43.2936968;5.383868200000052;43.2936968, 5.383868200000052;723560;PROVENCE-ALPES-COTE D'AZUR;13055;876602;13;759;Marseille - Aix-en-Provence;1630325;04-Unités urbaines de 100 000 hbts ou plus;1;50;1254;67,41211668;De 20 à 30 000 entrées;A;RDJPPR;C;170;67;46;62,28637797;9,031580112;16,99021072;11,6918312;135;91,28919861
7;200;671;;47.765783;-0.325149;47.765783, -0.325149;725480;PROVENCE-ALPES-COTE D'AZUR;83127;3038;83;83107;Signes;3038;06-autres communes et unités urbaines;1;7;21;;Moins de 2000 entrées;NON;;I;13;13;0;84,52830189;15,47169811;0;0;4;5,283018868
8;566;69423;46390;47.62383;7.236058;47.62383, 7.236058;16081;GRAND EST;68004;5787;68;68206;Altkirch;9108;06-autres communes et unités urbaines;4;53;4777;49,65078681;De 50 à 80 000 entrées;E;JP;C;331;239;85;34,38269956;46,6916021;14,48333185;4,442366492;185;10,32594176
8;250;13076;5079;48.539414;7.423392;48.539414, 7.423392;139022;GRAND EST;67098;1534;67;67401;Molsheim;27503;05-Unités urbaines de 20 000 à 100 000 hbts;1;44;289;157,4522544;De 10 à 20 000 entrées;D;;B;107;55;2;35,39946101;21,8117013;27,42762758;15,36121012;45;33,14787447
8;367;35161;24089;48.421595;7.661242;48.421595, 7.661242;149631;GRAND EST;67130;10850;67;67301;Erstein;11673;06-autres communes et unités urbaines;2;53;2037;45,96288763;De 30 à 40 000 entrées;E;JPPR;C;285;214;44;41,93190464;34,06036013;19,27783414;4,729901091;129;26,18564545
8;740;114091;79458;47.908949;7.211201;47.908949, 7.211201;187022;GRAND EST;68112;11281;68;68401;Guebwiller;29169;05-Unités urbaines de 20 000 à 100 000 hbts;5;53;6842;43,58654887;De 100 à 150 000 entrées;D;PR;C;300;214;118;36,71634793;44,52559352;14,06403563;4,69402292;138;12,20662357
8;4533;334369;213745;47.760377;7.351564;47.760377, 7.351564;282631;GRAND EST;68224;109285;68;68701;Mulhouse;249916;04-Unités urbaines de 100 000 hbts ou plus;14;53;22135;56,43360079;De 300 à 450 000 entrées;NON;;C;321;214;208;21,20974243;58,67679515;14,28636126;5,827101153;49;1,806401357
8;247;17378;8795;48.03997;7.14025;48.03997, 7.14025;282842;GRAND EST;68226;4794;68;68302;Munster;12059;06-autres communes et unités urbaines;1;53;616;97,58953951;De 10 à 20 000 entrées;E;;C;187;129;1;54,29257185;22,45676657;14,80091083;8,449750754;87;37,19613515
8;173;11709;5131;48.462351;7.479092;48.462351, 7.479092;295493;GRAND EST;67348;12471;67;67303;Obernai;13967;06-autres communes et unités urbaines;1;53;622;128,2011304;De 10 à 20 000 entrées;E;JPPR;C;250;175;1;52,6431498;12,73108824;29,94903568;4,676726292;138;56,26061757
8;190;9694;4525;48.194474;7.323025;48.194474, 7.323025;336732;GRAND EST;68269;4847;68;68124;Ribeauvillé;4847;06-autres communes et unités urbaines;1;53;340;114,2320442;De 5 à 10 000 entrées;E;;I;188;149;0;55,01193317;14,79713604;17,30310263;12,88782816;85;42,91169451
8;158;10513;4750;49.317865;6.093266;49.317865, 6.093266;360572;GRAND EST;57647;4220;57;57601;Thionville;138442;04-Unités urbaines de 100 000 hbts ou plus;1;49;487;121,3263158;De 10 à 20 000 entrées;C;;B;145;111;8;57,12485561;13,78767195;24,54058595;4,546886485;80;36,78462669
8;529;132947;78514;48.583754;7.742752;48.583754, 7.742752;368801;GRAND EST;67482;293538;67;67701;Strasbourg (partie française);489338;04-Unités urbaines de 100 000 hbts ou plus;5;53;9647;69,32903686;De 100 à 150 000 entrées;A;RDJPPR;C;420;243;169;60,98856008;5,602606398;20,26359414;13,14523938;340;90,59366127
8;491;49929;29349;47.586452;7.564551;47.586452, 7.564551;398731;GRAND EST;68297;23122;68;68403;Bâle (SUI) - Saint-Louis (partie française);42461;05-Unités urbaines de 20 000 à 100 000 hbts;3;50;3182;70,12163958;De 40 à 50 000 entrées;D;;C;174;116;59;35,70709043;45,58929342;14,50774007;4,195876077;86;14,72976585
8;670;10087;9980;47.805797;7.101395;47.805797, 7.101395;424465;GRAND EST;68334;7932;68;68402;Thann - Cernay;32184;05-Unités urbaines de 20 000 à 100 000 hbts;2;40;979;1,072144289;De 10 à 20 000 entrées;D;;C;169;129;8;53,14117647;10,67058824;17,36470588;18,82352941;111;62,63529412
8;2366;367033;225847;48.081767;7.355074;48.081767, 7.355074;720850;GRAND EST;68066;69398;68;68501;Colmar;96945;05-Unités urbaines de 20 000 à 100 000 hbts;12;53;23956;62,51400284;De 300 à 450 000 entrées;D;RDJPPR;C;440;318;269;35,59552801;46,54195262;13,01001771;4,85250166;210;11,29040292
9;97;2937;1823;48.003606;6.264555;48.003606, 6.264555;36672;GRAND EST;88029;1712;88;0;Zone rurale;14908533;04-Unités urbaines de 100 000 hbts ou plus;1;49;300;61,10806363;De 2 à 5 000 entrées;NON;;R;113;98;0;74,44761226;15,82323592;8,909479686;0,819672131;20;20,5274412
9;250;2405;842;48.187388;5.923709;48.187388, 5.923709;120071;GRAND EST;88114;3315;88;88109;Contrexéville;3315;06-autres communes et unités urbaines;1;52;558;185,6294537;De 2 à 5 000 entrées;NON;;I;110;92;3;64,26724138;31,3362069;4,396551724;0;17;9,956896552
9;211;12539;10619;48.071742;6.881569;48.071742, 6.881569;175924;GRAND EST;88196;8442;88;88301;Gérardmer;9974;06-autres communes et unités urbaines;1;52;839;18,08079857;De 10 à 20 000 entrées;E;JP;C;158;116;6;69,15726339;9,291450646;15,4010369;6,15024906;116;65,04015452
9;3048;417036;278181;48.617851;6.173437;48.617851, 6.173437;236001;GRAND EST;54328;6219;54;54206;Ludres;8445;06-autres communes et unités urbaines;14;53;22698;49,91534289;De 300 à 450 000 entrées;NON;;C;279;179;178;50,22738915;37,89955436;9,900025733;1,973030757;85;9,956061346
9;332;16209;10537;48.299898;6.132591;48.299898, 6.132591;263484;GRAND EST;88304;5292;88;88205;Mirecourt;7311;06-autres communes et unités urbaines;1;53;725;53,8293632;De 10 à 20 000 entrées;NON;;C;145;122;21;53,16878776;37,75549556;7,642370485;1,433346188;40;18,96130608
9;1021;143922;94718;48.689694;6.178976;48.689694, 6.178976;284111;GRAND EST;54395;105885;54;54701;Nancy;290016;04-Unités urbaines de 100 000 hbts ou plus;8;53;10849;51,94788741;De 100 à 150 000 entrées;NON;;C;199;129;125;41,17782975;40,07435829;13,15483609;5,592975872;77;13,25566089
9;1029;133687;83496;48.012165;6.601788;48.012165, 6.601788;334606;GRAND EST;88383;8010;88;88401;Remiremont;22127;05-Unités urbaines de 20 000 à 100 000 hbts;7;53;11227;60,11186165;De 100 à 150 000 entrées;D;JP;C;332;265;127;46,50694066;41,15445232;9,755561617;2,583045402;178;10,0738013
9;183;4754;3945;48.008328;6.71485;48.008328, 6.71485;439061;GRAND EST;88486;4008;88;88402;La Bresse;24255;05-Unités urbaines de 20 000 à 100 000 hbts;1;51;210;20,50697085;De 2 à 5 000 entrées;D;;C;131;115;0;75,04007328;15,8232196;4,3279139;4,808793222;51;38,44744676
