fauteuils;entrees_2018;entrees_2017;proprietaire;part des seances de films Art et Essai;latitude;longitude;num_auto;region_administrative;code_INSEE;population_de_la_commune;departement;num_UU;unite_urbaine;population_unite_urbaine;situation_geographique;ecrans;semaines_d_activite;seances;evolution_entrees;tranche_d_entrees;categorie_Art_et_Essai;label_Art_et_Essai;zone_de_la_commune;nombre_de_films_programmes;nombre_de_films_inedits;nombre_de_films_en_semaine_1;PdM_en_entrees_des_films_francais;PdM_en_entrees_des_films_americains;PdM_en_entrees_des_films_europeens;PdM_en_entrees_des_autres_films;films_Art_et_Essai;PdM_en_entrees_des_films_Art_et_Essai
1666;436 900;510 639;UGC;32;48.873073;2.298394;12;ILE-DE-FRANCE;75108;36694;75;851;Paris;10706072;Paris;11;53;24 370;-14,40%;De 300 à 450 000 entrées;non classé;;commune-centre;248;211;165;41,7;38,5;18,6;1,3;95;32,7
1610;227 948;256 387;UGC;57,1;48.872265;2.300938;31;ILE-DE-FRANCE;75108;36694;75;851;Paris;10706072;Paris;4;53;8 060;-11,10%;De 200 à 300 000 entrées;non classé;;commune-centre;93;86;77;35;41,3;21;2,7;50;48,7
589;107 868;116 603;CINELBA (Henochsberg à 50 %);95,7;48.872431;2.299525;35;ILE-DE-FRANCE;75108;36694;75;851;Paris;10706072;Paris;3;53;4 624;-7,50%;De 100 à 150 000 entrées;catégorie A;RD;commune-centre;169;65;52;57,6;8,5;12,9;21;123;94,4
1701;277 363;326 707;Les cinemas GAUMONT-PATHE;12,9;48.869654;2.306873;54;ILE-DE-FRANCE;75108;36694;75;851;Paris;10706072;Paris;6;53;12 116;-15,10%;De 200 à 300 000 entrées;non classé;;commune-centre;144;107;97;20,4;65,9;12,8;0,9;24;11,8
448;53 665;57 077;MULTICINE;94,3;48.870512;2.303157;55;ILE-DE-FRANCE;75108;36694;75;851;Paris;10706072;Paris;3;53;5 582;-6,00%;De 50 à 80 000 entrées;catégorie A;RD;commune-centre;146;96;82;41,7;7,3;19,4;31,6;113;94,7
994;177 634;240 660;Les cinemas GAUMONT-PATHE;48;48.871048;2.334386;202;ILE-DE-FRANCE;75109;59408;75;851;Paris;10706072;Paris;5;46;8 741;-26,20%;De 150 à 200 000 entrées;non classé;;commune-centre;147;134;79;85,3;6,3;6,7;1,7;72;42
760;168 084;181 750;UGC;41,9;48.871332;2.335302;204;ILE-DE-FRANCE;75109;59408;75;851;Paris;10706072;Paris;4;53;7 439;-7,50%;De 150 à 200 000 entrées;non classé;;commune-centre;110;71;71;37,5;40,6;20,4;1,5;61;43
2169;502 385;537 993;Les cinemas GAUMONT-PATHE;15,7;48.871044;2.33361;214;ILE-DE-FRANCE;75109;59408;75;851;Paris;10706072;Paris;7;53;14 664;-6,60%;De 450 à 700 000 entrées;non classé;;commune-centre;216;190;107;18,6;60,4;20,2;0,8;78;13,1
591;97 343;116 133;EDEN PLUS;64,8;48.871363;2.344886;301;ILE-DE-FRANCE;75109;59408;75;851;Paris;10706072;Paris;1;52;1 510;-16,20%;De 80 à 100 000 entrées;non classé;;commune-centre;119;26;15;18,1;48,9;24,7;8,3;70;64,2
4274;624 717;636 078;THEATRE LE REX;3,7;48.86872;2.347608;311;ILE-DE-FRANCE;75102;20796;75;851;Paris;10706072;Paris;7;53;12 079;-1,80%;De 450 à 700 000 entrées;non classé;;commune-centre;191;116;108;10,4;69,9;16,2;3,6;18;2,5
1138;299 603;309 708;Les cinemas GAUMONT-PATHE;75,6;48.870632;2.334338;321;ILE-DE-FRANCE;75102;20796;75;851;Paris;10706072;Paris;6;53;11 837;-3,30%;De 200 à 300 000 entrées;non classé;;commune-centre;212;186;133;38;27;25,1;9,9;132;75,1
1592;426 973;474 927;UGC;23,1;48.84351;2.325646;451;ILE-DE-FRANCE;75106;42428;75;851;Paris;10706072;Paris;7;53;14 006;-10,10%;De 300 à 450 000 entrées;non classé;;commune-centre;152;121;114;34,7;47,6;17,5;0,2;49;25,8
2876;937 498;974 363;Les cinemas GAUMONT-PATHE;33,8;48.843074;2.324424;481;ILE-DE-FRANCE;75114;139992;75;851;Paris;10706072;Paris;15;53;32 407;-3,80%;De 700 000 à 1 million d'entrées;non classé;;commune-centre;343;307;299;36,9;43,4;17,6;2,1;137;32,2
250;31 244;40 039;L'ENTREPOT;88,9;48.83393;2.31652;483;ILE-DE-FRANCE;75114;139992;75;851;Paris;10706072;Paris;3;53;4 582;-22,00%;De 30 à 40 000 entrées;catégorie A;RDJPPR;commune-centre;305;104;5;70,7;5,5;17,6;6,2;252;92,4
557;289 481;308 078;MK2;96,2;48.861555;2.352217;531;ILE-DE-FRANCE;75103;35049;75;851;Paris;10706072;Paris;6;53;13 892;-6,00%;De 200 à 300 000 entrées;catégorie A;RDPR;commune-centre;242;131;113;56,3;10,5;17;16,2;186;98
764;156 969;163 143;UGC;47,6;48.878512;2.282965;612;ILE-DE-FRANCE;75117;168533;75;851;Paris;10706072;Paris;4;53;7 317;-3,80%;De 150 à 200 000 entrées;non classé;;commune-centre;168;120;80;53,8;28,1;16,1;2;107;48
690;156 926;167 577;MK2;89,2;48.852188;2.342788;721;ILE-DE-FRANCE;75106;42428;75;851;Paris;10706072;Paris;4;53;8 292;-6,40%;De 150 à 200 000 entrées;non classé;;commune-centre;162;121;63;56,1;7,6;23;13,3;138;90,3
815;247 146;274 191;MK2;70;48.852437;2.338266;731;ILE-DE-FRANCE;75106;42428;75;851;Paris;10706072;Paris;5;53;9 420;-9,90%;De 200 à 300 000 entrées;non classé;;commune-centre;120;114;109;49,2;21,9;22,3;6,6;80;74,1
97;19 974;21 724;STUDIO GALANDE;79;48.851619;2.347076;733;ILE-DE-FRANCE;75105;59333;75;851;Paris;10706072;Paris;1;53;1 747;-8,10%;De 10 à 20 000 entrées;catégorie A;;commune-centre;243;170;9;43,8;9,8;43,6;2,8;191;85,2
334;79 314;66 682;CINEPOQUE;85,3;48.84824;2.340797;741;ILE-DE-FRANCE;75106;42428;75;851;Paris;10706072;Paris;3;53;5 171;19%;De 50 à 80 000 entrées;catégorie A;RD;commune-centre;244;109;38;64;9,3;15,4;11,3;195;87,8
510;55 200;57 584;SOCIETE CINEMA SAINT ANDRE DES ARTS;79;48.853361;2.34211;751;ILE-DE-FRANCE;75106;42428;75;851;Paris;10706072;Paris;3;53;5 500;-4,10%;De 50 à 80 000 entrées;catégorie A;PR;commune-centre;415;158;57;51,3;13,7;24,4;10,6;314;78,7
284;67 422;60 161;MK2;66,3;48.842813;2.330525;801;ILE-DE-FRANCE;75106;42428;75;851;Paris;10706072;Paris;3;53;6 180;12%;De 50 à 80 000 entrées;non classé;;commune-centre;194;140;16;49;20,3;19;11,7;140;66,7
454;110 333;119 524;UGC;81,1;48.842318;2.328975;802;ILE-DE-FRANCE;75106;42428;75;851;Paris;10706072;Paris;3;53;6 036;-7,70%;De 100 à 150 000 entrées;non classé;;commune-centre;95;57;48;54,4;13;23,2;9,4;79;83,7
1020;53 710;64 180;RADWANSKY-RYTMANN;4,7;48.843752;2.324925;803;ILE-DE-FRANCE;75106;42428;75;851;Paris;10706072;Paris;2;53;4 103;-16,30%;De 50 à 80 000 entrées;non classé;;commune-centre;33;29;29;0;76,7;23,3;0;2;6,6
148;49 018;53 908;LE LUCERNAIRE FORUM;80,4;48.844244;2.330407;814;ILE-DE-FRANCE;75106;42428;75;851;Paris;10706072;Paris;3;53;5 408;-9,10%;De 40 à 50 000 entrées;catégorie A;PR;commune-centre;246;168;16;52,2;19,3;15,7;12,8;201;78,9
842;213 310;223 281;MULTICINE;98,5;48.842443;2.327625;821;ILE-DE-FRANCE;75114;139992;75;851;Paris;10706072;Paris;7;53;13 825;-4,50%;De 200 à 300 000 entrées;catégorie A;RD;commune-centre;197;133;124;61,1;5,1;16,7;17,1;181;98,7
234;49 143;47 751;TRIOMPH CINEMA;95,2;48.854455;2.340132;883;ILE-DE-FRANCE;75106;42428;75;851;Paris;10706072;Paris;2;53;3 386;3%;De 40 à 50 000 entrées;catégorie A;PR;commune-centre;332;4;0;13,3;61,2;17,7;7,7;280;92,9
252;16 916;27 218;HENOCHSBERG;92,4;48.85467;2.333052;891;ILE-DE-FRANCE;75106;42428;75;851;Paris;10706072;Paris;1;31;834;-37,80%;De 10 à 20 000 entrées;catégorie A;;commune-centre;35;20;11;37,7;14,7;42,4;5,2;29;93,2
609;64 507;67 469;DRUGSTORE CHAMPS ELYSEES;44,1;48.872794;2.296984;1031;ILE-DE-FRANCE;75108;36694;75;851;Paris;10706072;Paris;2;53;3 511;-4,40%;De 50 à 80 000 entrées;non classé;;commune-centre;264;141;62;21,9;29,3;12,1;36,8;84;31,8
100;24 822;30 425;;4;48.870120;2.348667;1314;ILE-DE-FRANCE;75102;20796;75;851;Paris;10706072;Paris;1;53;1 412;-18,40%;De 20 à 30 000 entrées;non classé;;commune-centre;75;0;0;68,5;9,7;21,8;0;1;2,1
204;32 930;33 854;PARIS CINE;78,2;48.870455;2.35466;1392;ILE-DE-FRANCE;75110;91770;75;851;Paris;10706072;Paris;2;50;2 717;-2,70%;De 30 à 40 000 entrées;catégorie A;RDJPPR;commune-centre;221;88;2;56,7;17,5;13,2;12,6;202;90,5
139;62 435;59 023;BRADY SPECTACLES;84,7;48.871771;2.355398;1393;ILE-DE-FRANCE;75110;91770;75;851;Paris;10706072;Paris;2;53;4 923;6%;De 50 à 80 000 entrées;catégorie A;RDJPPR;commune-centre;353;117;5;49,3;15,3;21,5;13,9;270;85,4
3894;3 077 064;3 277 773;UGC;48,4;48.861424;2.345829;1681;ILE-DE-FRANCE;75101;16545;75;851;Paris;10706072;Paris;27;53;69 722;-6,10%;3 millions d'entrées ou plus;non classé;;commune-centre;496;419;409;35,2;42,6;17,7;4,5;269;43,1
238;82 588;87 952;CARLOTTA CINEMAS;85,3;48.858689;2.353591;1791;ILE-DE-FRANCE;75104;27146;75;851;Paris;10706072;Paris;2;51;3 965;-6,10%;De 80 à 100 000 entrées;catégorie A;RDPR;commune-centre;302;136;38;43,5;14,5;25,4;16,7;216;87,6
637;128 323;129 896;LES ECRANS DE PARIS;55,1;48.858204;2.282104;2251;ILE-DE-FRANCE;75116;165487;75;851;Paris;10706072;Paris;3;53;5 227;-1,20%;De 100 à 150 000 entrées;non classé;;commune-centre;220;114;56;50;29,7;14,9;5,4;127;55,2
137;21 308;22 202;CINEMA MAC MAHON;88,5;48.875715;2.294655;2543;ILE-DE-FRANCE;75117;168533;75;851;Paris;10706072;Paris;1;49;816;-4,00%;De 20 à 30 000 entrées;catégorie A;PR;commune-centre;132;14;1;39,1;48,9;11,9;0;108;87
501;195 997;195 854;MULTICINE;89,3;48.87561;2.32791;2982;ILE-DE-FRANCE;75109;59408;75;851;Paris;10706072;Paris;5;53;9 013;0%;De 150 à 200 000 entrées;catégorie A;;commune-centre;117;96;91;66,6;5;19;9,3;102;88,8
478;165 924;174 293;ARP;94,9;48.884303;2.326888;3211;ILE-DE-FRANCE;75117;168533;75;851;Paris;10706072;Paris;3;53;5 924;-4,80%;De 150 à 200 000 entrées;catégorie A;RDJP;commune-centre;178;82;65;45;15,6;26,3;13,1;142;98,1
2139;748 825;742 799;Les cinemas GAUMONT-PATHE;30,8;48.883938;2.328034;3222;ILE-DE-FRANCE;75118;197580;75;851;Paris;10706072;Paris;12;53;25 150;1%;De 700 000 à 1 million d'entrées;non classé;;commune-centre;240;198;192;38,1;44,9;15,3;1,6;74;29,5
172;46 551;48 444;STUDIO 28;76,1;48.886142;2.335342;3741;ILE-DE-FRANCE;75118;197580;75;851;Paris;10706072;Paris;1;50;1 349;-3,90%;De 40 à 50 000 entrées;catégorie A;;commune-centre;189;150;2;57,8;12,9;24;5,3;139;79
400;250 798;325 706;SOCIETE D'ECONOMIE MIXTE LES PRODUCTIONS LA GEODE;0;48.896314;2.384409;4571;ILE-DE-FRANCE;75119;185654;75;851;Paris;10706072;Paris;1;48;3 006;-23,00%;De 200 à 300 000 entrées;non classé;;commune-centre;0;0;0;0;0;0;0;0;0
287;11 732;6 289;ETABLISSEMENT PUBLIC DU PARC ET DE LA GRANDE HALLE  DE LA VILLET;100;48.888947;2.392436;4713;ILE-DE-FRANCE;75119;185654;75;851;Paris;10706072;Paris;1;5;24;87%;De 10 à 20 000 entrées;non classé;;commune-centre;24;0;0;29,5;39,1;17,5;13,9;24;100
992;422 724;460 254;MK2;81,8;48.885073;2.371493;4731;ILE-DE-FRANCE;75119;185654;75;851;Paris;10706072;Paris;6;53;12 546;-8,20%;De 300 à 450 000 entrées;non classé;;commune-centre;221;161;114;51,9;17;19,2;11,9;166;85,3
1238;360 120;352 243;MK2;58,7;48.864763;2.399555;5691;ILE-DE-FRANCE;75120;195556;75;851;Paris;10706072;Paris;6;53;12 251;2%;De 300 à 450 000 entrées;non classé;;commune-centre;243;138;110;45,2;31,8;18,1;4,8;161;63,4
430;183 550;100 728;MK2;93,7;48.853157;2.370719;5841;ILE-DE-FRANCE;75111;149834;75;851;Paris;10706072;Paris;3;53;6 281;82%;De 150 à 200 000 entrées;non classé;;commune-centre;92;77;53;62,2;15,1;12,4;10,3;84;94,1
356;114 874;109 632;LES ECRANS DE PARIS;97;48.860238;2.37214;5852;ILE-DE-FRANCE;75111;149834;75;851;Paris;10706072;Paris;2;53;4 123;5%;De 100 à 150 000 entrées;catégorie A;RDJP;commune-centre;230;91;44;49,8;16,6;22,8;10,7;204;97
469;251 653;228 732;MK2;83;48.854674;2.369381;5861;ILE-DE-FRANCE;75111;149834;75;851;Paris;10706072;Paris;4;53;8 108;10%;De 200 à 300 000 entrées;non classé;;commune-centre;124;100;64;54,9;16,6;21,7;6,8;105;84,2
976;4 731;241 215;MK2;11;48.848213;2.39311;6212;ILE-DE-FRANCE;75112;142340;75;851;Paris;10706072;Paris;4;2;154;-98,00%;De 2 à 5 000 entrées;non classé;;commune-centre;6;0;0;53,3;46,7;0;0;1;8,6
1274;308 721;347 318;UGC;12,4;48.847502;2.371855;6531;ILE-DE-FRANCE;75112;142340;75;851;Paris;10706072;Paris;7;53;14 210;-11,10%;De 300 à 450 000 entrées;non classé;;commune-centre;167;122;119;39,3;49,9;10,8;0;48;10,1
4440;1 856 550;2 061 609;UGC;32,3;48.833595;2.38604;6611;ILE-DE-FRANCE;75112;142340;75;851;Paris;10706072;Paris;18;53;39 772;-9,90%;De 1,5 à 2 millions d'entrées;non classé;;commune-centre;341;282;280;27,9;52,9;17,3;1,9;135;25,2
365;79 156;85 003;CINEMA CHAPLIN;68;48.843204;2.298558;7231;ILE-DE-FRANCE;75115;234994;75;851;Paris;10706072;Paris;3;50;5 263;-6,90%;De 50 à 80 000 entrées;catégorie A;RDJP;commune-centre;370;228;10;55,4;17,7;19,8;7,2;282;73,1
1263;457 740;439 311;Les cinemas GAUMONT-PATHE;61,6;48.837759;2.296259;7394;ILE-DE-FRANCE;75115;234994;75;851;Paris;10706072;Paris;9;53;18 223;4%;De 450 à 700 000 entrées;non classé;;commune-centre;205;173;154;49,7;25,1;20,1;5;119;56,3
2583;708 611;736 176;Les cinemas GAUMONT-PATHE;11,9;48.830408;2.276322;7491;ILE-DE-FRANCE;75115;234994;75;851;Paris;10706072;Paris;14;53;29 163;-3,70%;De 700 000 à 1 million d'entrées;non classé;;commune-centre;257;212;208;21,7;63,1;14,2;1;45;8,5
397;151 340;174 511;Les cinemas GAUMONT-PATHE;70,3;48.841914;2.324596;7711;ILE-DE-FRANCE;75114;139992;75;851;Paris;10706072;Paris;4;53;8 270;-13,30%;De 150 à 200 000 entrées;non classé;;commune-centre;149;138;19;47,9;16,2;29,1;6,9;90;68
1384;443 203;463 114;Les cinemas GAUMONT-PATHE;27,4;48.828166;2.327463;8132;ILE-DE-FRANCE;75114;139992;75;851;Paris;10706072;Paris;8;53;17 248;-4,30%;De 300 à 450 000 entrées;non classé;;commune-centre;180;141;130;38,9;46,5;13,8;0,9;57;25
133;35 918;36 535;CINEMA CHAPLIN;73,6;48.833879;2.330976;8161;ILE-DE-FRANCE;75114;139992;75;851;Paris;10706072;Paris;1;53;1 747;-1,70%;De 30 à 40 000 entrées;catégorie A;JP;commune-centre;244;135;4;55,4;17,8;19,1;7,7;198;82,8
595;145 091;148 351;LES ECRANS DE PARIS;96,6;48.851278;2.330648;8291;ILE-DE-FRANCE;75106;42428;75;851;Paris;10706072;Paris;3;53;5 258;-2,20%;De 100 à 150 000 entrées;catégorie A;RDPR;commune-centre;251;88;60;60,2;4,9;22;12,9;155;90,2
684;226 027;222 504;UGC;60,7;48.852138;2.338995;8331;ILE-DE-FRANCE;75106;42428;75;851;Paris;10706072;Paris;4;53;8 380;2%;De 200 à 300 000 entrées;non classé;;commune-centre;95;88;59;51,9;25,1;20,3;2,7;53;59,9
119;28 602;28 807;CINEDEVIL;95;48.850764;2.341747;8341;ILE-DE-FRANCE;75106;42428;75;851;Paris;10706072;Paris;1;53;1 669;-0,70%;De 20 à 30 000 entrées;catégorie A;;commune-centre;97;19;10;70,8;1,5;22,6;5,1;87;95,2
722;248 480;279 923;UGC;51,3;48.852353;2.339834;8353;ILE-DE-FRANCE;75106;42428;75;851;Paris;10706072;Paris;5;53;10 803;-11,20%;De 200 à 300 000 entrées;non classé;;commune-centre;130;120;87;49,8;26,6;19,3;4,3;58;57
210;45 611;47 744;SOCIETE DE DIFFUSION AUDIO-VISUELLE SODIAV;95,2;48.853093;2.344228;8361;ILE-DE-FRANCE;75105;59333;75;851;Paris;10706072;Paris;2;53;4 002;-4,50%;De 40 à 50 000 entrées;catégorie A;RD;commune-centre;77;42;41;58,3;10,8;10,9;19,9;72;96,2
200;41 578;42 730;MOCKY DELICIOUS PRODUCTS;83,8;48.848384;2.348973;8374;ILE-DE-FRANCE;75105;59333;75;851;Paris;10706072;Paris;2;53;3 384;-2,70%;De 40 à 50 000 entrées;catégorie A;PR;commune-centre;308;0;0;46,6;40,8;12,6;0;261;85,1
200;28 670;31 905;SOCIETE D'EXPLOITATION DU CINEMA DU PANTHEON;99,5;48.847502;2.342301;8391;ILE-DE-FRANCE;75105;59333;75;851;Paris;10706072;Paris;1;53;1 644;-10,10%;De 20 à 30 000 entrées;catégorie A;RD;commune-centre;72;21;6;86,3;1,8;8,7;3,2;66;97,9
73;9 951;10 024;SARL CINEPOQUE;77,6;48.84815;2.341975;8392;ILE-DE-FRANCE;75105;59333;75;851;Paris;10706072;Paris;1;52;800;-0,70%;De 5 à 10 000 entrées;catégorie A;;commune-centre;91;70;1;76;8,8;10;5,1;78;73,3
236;106 522;100 046;SOCIETE D'EXPLOITATION DU CHAMPOLLION STUDIO DES ECOLES;94,8;48.849983;2.343211;8422;ILE-DE-FRANCE;75105;59333;75;851;Paris;10706072;Paris;2;53;4 020;6%;De 100 à 150 000 entrées;catégorie A;PR;commune-centre;209;12;1;34,5;24,9;31,5;9,1;191;96,1
164;99 940;100 690;CINE SORBONNE;95,2;48.849504;2.342788;8425;ILE-DE-FRANCE;75105;59333;75;851;Paris;10706072;Paris;2;53;3 711;-0,70%;De 80 à 100 000 entrées;catégorie A;PR;commune-centre;419;5;3;20,4;51,5;15,7;12,4;371;96,1
122;29 384;30 522;LE STUDIO DES URSULINES;60,5;48.842733;2.342044;8451;ILE-DE-FRANCE;75105;59333;75;851;Paris;10706072;Paris;1;50;1 320;-3,70%;De 20 à 30 000 entrées;catégorie A;JPPR;commune-centre;136;14;5;23;14,4;35,9;26,7;122;91,3
372;95 170;105 540;LES ECRANS DE PARIS;93,1;48.849591;2.342836;8513;ILE-DE-FRANCE;75105;59333;75;851;Paris;10706072;Paris;3;53;5 366;-9,80%;De 80 à 100 000 entrées;catégorie A;RDPR;commune-centre;205;57;31;50;9,5;18,9;21,5;156;92,5
140;35 205;33 949;SNES (Font);85,4;48.841535;2.34958;8514;ILE-DE-FRANCE;75105;59333;75;851;Paris;10706072;Paris;2;53;3 147;4%;De 30 à 40 000 entrées;non classé;;commune-centre;116;87;0;60,5;14;20,6;4,9;96;85,6
188;17 540;51 321;COMITE D'ENTREPRISE DE LA CAISSE D'EPARGNE;93,4;48.841154;2.353269;8522;ILE-DE-FRANCE;75105;59333;75;851;Paris;10706072;Paris;2;16;914;-65,80%;De 10 à 20 000 entrées;non classé;;commune-centre;69;22;2;62,8;15,2;9,5;12,5;54;92,5
346;60 222;63 025;MOTEUR;77,8;48.847537;2.352122;8531;ILE-DE-FRANCE;75105;59333;75;851;Paris;10706072;Paris;2;53;3 190;-4,40%;De 50 à 80 000 entrées;catégorie A;PR;commune-centre;246;21;12;15,7;57,7;25,1;1,5;189;79,6
645;162 846;167 812;Les cinemas GAUMONT-PATHE;63;48.833574;2.353775;8621;ILE-DE-FRANCE;75113;183216;75;851;Paris;10706072;Paris;5;53;9 910;-3,00%;De 150 à 200 000 entrées;non classé;;commune-centre;139;107;93;43,1;32,1;22,7;2,1;80;61,2
1140;177 132;74 045;UGC;43;48.832888;2.354241;8632;ILE-DE-FRANCE;75113;183216;75;851;Paris;10706072;Paris;11;21;8 747;139%;De 150 à 200 000 entrées;non classé;;commune-centre;147;121;80;52,6;29;14,4;3,9;78;43,2
329;98 885;101 980;LES ECRANS DE PARIS;96,8;48.836817;2.349632;8661;ILE-DE-FRANCE;75113;183216;75;851;Paris;10706072;Paris;2;53;3 934;-3,00%;De 80 à 100 000 entrées;catégorie A;RD;commune-centre;210;116;48;56,2;13,5;12,8;17,5;192;98,1
92;15 672;16 285;MK2;88,5;48.8649;2.314116;9351;ILE-DE-FRANCE;75108;36694;75;851;Paris;10706072;Paris;1;53;1 392;-3,80%;De 10 à 20 000 entrées;non classé;;commune-centre;52;42;1;57,8;18,7;11,4;12;41;84
556;225 196;223 620;VILLE DE PARIS;94,4;48.883487;2.349853;9452;ILE-DE-FRANCE;75110;91770;75;851;Paris;10706072;Paris;3;53;6 146;1%;De 200 à 300 000 entrées;catégorie A;RDJPPR;commune-centre;304;86;44;47,3;20,4;19,4;12,9;266;96,1
2981;1 380 261;1 557 918;MK2;34,2;48.833718;2.373922;9600;ILE-DE-FRANCE;75113;183216;75;851;Paris;10706072;Paris;16;53;35 182;-11,40%;De 1 à 1,5 million d'entrées;non classé;;commune-centre;445;323;290;23,6;54,7;18;3,7;210;31,1
520;158 105;173 688;MK2;72,5;48.832993;2.378615;9616;ILE-DE-FRANCE;75113;183216;75;851;Paris;10706072;Paris;4;53;9 237;-9,00%;De 150 à 200 000 entrées;non classé;;commune-centre;199;182;52;46,3;19,9;18,4;15,5;121;77
1962;821 928;922 671;Les cinemas GAUMONT-PATHE;23,5;48.848895;2.282585;9700;ILE-DE-FRANCE;75115;234994;75;851;Paris;10706072;Paris;10;53;21 579;-10,90%;De 700 000 à 1 million d'entrées;non classé;;commune-centre;194;161;151;32,5;52,1;14,9;0,5;52;21,6
161;9 019;9 129;SOCIETE CINEMATOGRAPHIQUE THEATRALE ET AUDIOVISUELLE CTAV 14;39,1;48.876113;2.295345;9802;ILE-DE-FRANCE;75117;168533;75;851;Paris;10706072;Paris;1;44;235;-1,20%;De 5 à 10 000 entrées;non classé;;commune-centre;105;34;4;44,6;28,7;11,4;15,3;54;43,4
1151;2 597;0;;18,7;48.893315;2.311503;9803;ILE-DE-FRANCE;75117;168533;75;851;Paris;10706072;Paris;7;2;482;#DIV/0!;De 2 à 5 000 entrées;non classé;;commune-centre;13;12;6;45;33,3;6;15,7;4;17,1
1108;463 475;503 065;MK2;41,5;48.885067;2.374123;9900;ILE-DE-FRANCE;75119;185654;75;851;Paris;10706072;Paris;6;53;12 181;-7,90%;De 450 à 700 000 entrées;non classé;;commune-centre;224;157;105;38,7;42,5;17,6;1,3;120;46,8
2790;510 033;576 981;UGC;31,4;48.898991;2.376757;9906;ILE-DE-FRANCE;75119;185654;75;851;Paris;10706072;Paris;14;53;30 822;-11,60%;De 450 à 700 000 entrées;non classé;;commune-centre;355;269;235;29,4;54,6;14,4;1,6;175;23,4
2901;539 379;497 138;Les cinemas GAUMONT-PATHE;15,3;48.897016;2.385181;9920;ILE-DE-FRANCE;75119;185654;75;851;Paris;10706072;Paris;16;53;35 222;8%;De 450 à 700 000 entrées;non classé;;commune-centre;328;227;223;17,5;66,2;14,4;2;89;9,2
1480;238 430;297 024;CGR;11;48.852605;2.406733;9950;ILE-DE-FRANCE;75120;195556;75;851;Paris;10706072;Paris;7;53;13 633;-19,70%;De 200 à 300 000 entrées;non classé;;commune-centre;195;131;125;29,1;56,9;13;1,1;53;9,4
257;79 140;78 313;VILLE D'ACHERES;73,6;48.960956;2.067774;10992;ILE-DE-FRANCE;78005;21053;78;851;Paris;10706072;petite couronne;3;50;4 664;1%;De 50 à 80 000 entrées;catégorie C;RDJP;banlieue;218;157;59;54,9;17,4;20,7;7;165;74
410;7 695;6 660;;55,2;48.807586;2.422346;14693;ILE-DE-FRANCE;94002;44410;94;851;Paris;10706072;grande couronne;1;28;67;16%;De 5 à 10 000 entrées;non classé;;banlieue;63;47;0;74,6;12,8;12,6;0;37;38,6
665;223 111;233 335;CENTRE CULTUREL MUNICIPAL D'ANTONY;72,8;48.753029;2.304782;20931;ILE-DE-FRANCE;92002;61711;92;851;Paris;10706072;grande couronne;4;49;6 059;-4,40%;De 200 à 300 000 entrées;catégorie C;RDJPPR;banlieue;391;290;152;61,6;17,2;13,3;8;303;63,1
328;28 503;28 070;VILLE D'ARCUEIL;66,7;48.801352;2.330702;22634;ILE-DE-FRANCE;94003;21516;94;851;Paris;10706072;grande couronne;2;49;2 196;2%;De 20 à 30 000 entrées;catégorie C;RDJPPR;banlieue;340;232;9;56,4;19,8;17,1;6,7;238;67,6
781;238 051;272 334;MEGARAMA;5,2;48.810228;2.328168;22636;ILE-DE-FRANCE;94003;21516;94;851;Paris;10706072;grande couronne;6;53;10 595;-12,60%;De 200 à 300 000 entrées;non classé;;banlieue;138;116;106;24,3;63,8;11,8;0,2;11;3,1
128;9 046;5 313;VILLE D'ARGENTEUIL;69,3;48.946909;2.249331;23301;ILE-DE-FRANCE;95018;110388;95;851;Paris;10706072;petite couronne;1;48;845;70%;De 5 à 10 000 entrées;catégorie C;;banlieue;142;91;0;43,9;28;22,9;5,2;119;71,4
826;63 970;66 418;VILLE D'ARGENTEUIL;39,3;48.943679;2.24855;23323;ILE-DE-FRANCE;95018;110388;95;851;Paris;10706072;petite couronne;3;53;3 556;-3,70%;De 50 à 80 000 entrées;catégorie C;RDJPPR;banlieue;247;178;45;47,5;37,4;10,2;4,9;149;36,9
829;89 963;115 019;CINAEA;4,9;48.590692;2.250123;24753;ILE-DE-FRANCE;91021;10481;91;851;Paris;10706072;petite couronne;5;53;8 132;-21,80%;De 80 à 100 000 entrées;non classé;;banlieue;148;119;101;35;55,5;9,1;0,4;27;4,3
646;163 334;171 649;LES ECRANS INDEPENDANTS;49,5;48.906327;2.284046;26662;ILE-DE-FRANCE;92004;86512;92;851;Paris;10706072;grande couronne;4;53;6 402;-4,80%;De 150 à 200 000 entrées;catégorie C;JPPR;banlieue;207;150;117;46,4;32,1;16,9;4,5;133;43,4
175;10 312;10 575;LE CENTRE CULTUREL DES PORTES DE L' ESSONNE;48,6;48.7102;2.388137;27573;ILE-DE-FRANCE;91027;32792;91;851;Paris;10706072;petite couronne;1;48;767;-2,50%;De 10 à 20 000 entrées;catégorie C;;banlieue;205;159;3;61,1;22,1;15,3;1,4;125;50,8
169;15 995;11 355;ASSOCIATION DE GESTION DU CINEMA PAUL GRIMAULT A AUBERGENVILLE;37,4;48.9589;1.855229;28113;ILE-DE-FRANCE;78029;11557;78;851;Paris;10706072;petite couronne;1;53;1 300;41%;De 10 à 20 000 entrées;non classé;;banlieue;206;183;3;53,9;29,7;13,8;2,7;85;29,2
127;26 347;26 903;ASSOCIATION CINEMA LE STUDIO;58,5;48.910534;2.384966;28264;ILE-DE-FRANCE;93001;83782;93;851;Paris;10706072;grande couronne;1;49;1 067;-2,10%;De 20 à 30 000 entrées;catégorie C;JPPR;banlieue;306;175;5;49,8;23,7;16,2;10,3;210;61,8
789;26 021;25 635;VILLE D'AULNAY SOUS BOIS;55,5;48.940586;2.496291;30164;ILE-DE-FRANCE;93005;83584;93;851;Paris;10706072;grande couronne;2;47;1 127;2%;De 20 à 30 000 entrées;catégorie C;JP;banlieue;254;198;3;49,2;25;19,5;6,3;154;51,7
2592;914 453;1 073 892;UGC;11,8;48.960325;2.473606;30184;ILE-DE-FRANCE;93005;83584;93;851;Paris;10706072;grande couronne;14;53;29 912;-14,80%;De 700 000 à 1 million d'entrées;non classé;;banlieue;262;182;178;24,3;63;12,4;0,4;83;5,6
418;7 602;7 128;COMMUNAUTE D'AGGLOMERATION SUD DE SEINE;41,5;48.804045;2.321692;35953;ILE-DE-FRANCE;92007;39487;92;851;Paris;10706072;grande couronne;1;32;176;7%;De 5 à 10 000 entrées;non classé;;banlieue;53;21;0;39,1;39,1;11,3;10,5;28;58
288;30 690;32 592;VILLE DE BAGNOLET;74,4;48.869237;2.417029;36013;ILE-DE-FRANCE;93006;35881;93;851;Paris;10706072;grande couronne;2;49;1 888;-5,80%;De 30 à 40 000 entrées;catégorie C;RDJPPR;banlieue;252;168;3;58,7;18,4;11,6;11,3;205;79,3
189;26 698;47 168;VILLE DE BALLANCOURT SUR ESSONNE;13,6;48.528643;2.388787;37350;ILE-DE-FRANCE;91045;7538;91;91402;Ballancourt-sur-Essonne;35283;petite couronne;1;51;727;-43,40%;De 20 à 30 000 entrées;non classé;;commune-centre;119;98;73;57,7;33,2;9,1;0;27;16,2
353;21 801;18 387;VILLE DE BEAUMONT SUR OISE;48,4;49.141412;2.283076;45132;ILE-DE-FRANCE;95052;9699;95;459;Persan - Beaumont-sur-Oise;37357;petite couronne;1;49;1 006;19%;De 20 à 30 000 entrées;catégorie D;JP;commune-centre;236;173;1;57,4;25,3;9,5;7,8;136;61,3
292;9 652;6 248;VILLE DE BEYNES;31;48.855732;1.875104;54292;ILE-DE-FRANCE;78062;7552;78;78205;Beynes;8069;petite couronne;1;38;297;54%;De 5 à 10 000 entrées;non classé;;commune-centre;105;88;0;49,7;33,6;16,2;0,5;42;36,6
598;28 147;33 612;THEATRE PAUL ELUARD;33,3;48.931156;2.207081;54692;ILE-DE-FRANCE;95063;28674;95;851;Paris;10706072;petite couronne;2;36;1 092;-16,30%;De 20 à 30 000 entrées;catégorie C;JPPR;banlieue;198;137;10;43;40;13,7;3,3;97;28,7
447;60 418;62 022;VILLE DE BLANC MESNIL;38,5;48.941761;2.457313;57582;ILE-DE-FRANCE;93007;55297;93;851;Paris;10706072;grande couronne;3;52;3 271;-2,60%;De 50 à 80 000 entrées;catégorie C;RDJP;banlieue;292;225;33;50,9;33,6;12;3,5;162;30,5
443;37 544;36 719;VILLE DE BOBIGNY;51,9;48.90494;2.447393;59031;ILE-DE-FRANCE;93008;51716;93;851;Paris;10706072;grande couronne;2;49;2 590;2%;De 30 à 40 000 entrées;catégorie C;RDJPPR;banlieue;323;252;10;35,3;38,4;20,1;6,2;200;49,3
300;17 040;16 144;VILLE DE BOIS COLOMBES;54,8;48.916548;2.266897;59604;ILE-DE-FRANCE;92009;28043;92;851;Paris;10706072;grande couronne;1;43;372;6%;De 10 à 20 000 entrées;non classé;;banlieue;112;58;0;50,8;25,2;13,8;10,2;79;65,8
338;9 835;9 061;VILLE DE BOIS D'ARCY;40,5;48.800013;2.023763;59690;ILE-DE-FRANCE;78073;14299;78;851;Paris;10706072;petite couronne;1;38;420;9%;De 5 à 10 000 entrées;non classé;;banlieue;101;86;0;59,5;27,3;12,6;0,6;41;29,5
114;4 217;4 834;VILLE DE BOISSY SAINT LEGER;51,7;48.754035;2.502015;60942;ILE-DE-FRANCE;94004;15922;94;851;Paris;10706072;grande couronne;1;44;116;-12,80%;De 2 à 5 000 entrées;non classé;;banlieue;70;45;0;55,5;20,9;5;18,7;32;75,4
324;25 250;24 998;VILLE DE BONDY;44,8;48.901598;2.480089;61504;ILE-DE-FRANCE;93010;53439;93;851;Paris;10706072;grande couronne;1;42;1 039;1%;De 20 à 30 000 entrées;catégorie C;;banlieue;172;127;0;40;32,7;22,7;4,6;95;42,5
245;8 569;10 382;ASSOCIATION BONNEUIL PROMOTION (TIERS FERME);37,8;48.774577;2.486664;62121;ILE-DE-FRANCE;94011;16903;94;851;Paris;10706072;grande couronne;1;43;484;-17,50%;De 5 à 10 000 entrées;non classé;;banlieue;121;93;0;44,5;39,8;8,1;7,6;52;35,8
154;46 263;54 134;CINEVOX;91,3;48.83591;2.239289;66835;ILE-DE-FRANCE;92012;117931;92;851;Paris;10706072;grande couronne;1;49;1 717;-14,50%;De 40 à 50 000 entrées;catégorie C;RDJPPR;banlieue;189;122;99;56,6;9,8;15,4;18,3;175;95,4
1492;555 585;567 996;Les cinemas GAUMONT-PATHE;38,5;48.837649;2.239534;66923;ILE-DE-FRANCE;92012;117931;92;851;Paris;10706072;grande couronne;7;53;14 250;-2,20%;De 450 à 700 000 entrées;non classé;;banlieue;192;166;159;44,6;37,2;16,5;1,8;79;32,5
83;4 719;4 949;VILLE DU BOURGET;17,5;48.932361;2.424858;68114;ILE-DE-FRANCE;93013;16239;93;851;Paris;10706072;grande couronne;1;47;662;-4,60%;De 2 à 5 000 entrées;non classé;;banlieue;109;85;4;35,2;47,1;13,5;4,3;29;35,7
177;915;1 627;VILLE DE BOURG LA REINE;75;48.778884;2.317531;68212;ILE-DE-FRANCE;92014;20249;92;851;Paris;10706072;grande couronne;1;11;16;-43,80%;Moins de 2000 entrées;non classé;;banlieue;16;6;0;46;25,5;20,5;8;12;73,1
797;112 465;122 537;SNES (Font)/ADCI;20,8;48.683571;2.535014;69641;ILE-DE-FRANCE;91097;7027;91;851;Paris;10706072;petite couronne;5;53;7 080;-8,20%;De 100 à 150 000 entrées;catégorie C;;banlieue;223;183;123;41,4;48,2;10;0,4;89;14,1
105;4 983;4 476;COMMUNAUTE DES COMMUNES DE LA BASSEE;41,4;48.415251;3.237856;71901;ILE-DE-FRANCE;77051;2222;77;77116;Bray-sur-Seine;3334;petite couronne;1;53;345;11%;De 2 à 5 000 entrées;catégorie E;;commune-centre;157;113;0;53,7;31;12,1;3,2;76;35,9
368;61 722;65 592;ASSOCIATION CINE 220;43,2;48.608596;2.303919;73423;ILE-DE-FRANCE;91103;26215;91;851;Paris;10706072;petite couronne;2;53;2 246;-5,90%;De 50 à 80 000 entrées;catégorie C;JPPR;banlieue;311;221;19;49,2;36,3;12,8;1,7;185;39,6
168;25 523;24 018;VILLE DE BRIE-COMTE-ROBERT;44,1;48.696652;2.607228;74662;ILE-DE-FRANCE;77053;16635;77;77306;Brie-Comte-Robert;16635;petite couronne;1;52;921;6%;De 20 à 30 000 entrées;catégorie E;JP;commune isolée;267;206;1;51,4;31,3;14,2;3,1;148;36,5
802;67 135;70 767;ASSOCIATION CENTRE CULTUREL COMMUNAL CACHAN;37,6;48.795796;2.335316;81101;ILE-DE-FRANCE;94016;30433;94;851;Paris;10706072;grande couronne;3;53;4 769;-5,10%;De 50 à 80 000 entrées;catégorie C;JP;banlieue;219;159;68;54,3;32;12;1,6;132;36,9
319;11 110;9 067;;50;48.847416;2.136047;91492;ILE-DE-FRANCE;78126;21037;78;851;Paris;10706072;petite couronne;1;41;170;23%;De 10 à 20 000 entrées;non classé;;banlieue;140;91;0;47,5;31,7;17,3;3,5;77;49,6
2768;499 660;621 165;UGC;18,8;49.048453;2.010977;92329;ILE-DE-FRANCE;95127;63395;95;851;Paris;10706072;petite couronne;14;53;27 832;-19,60%;De 450 à 700 000 entrées;non classé;;banlieue;293;217;213;28;59,3;12,1;0,6;108;9,8
168;6 760;8 052;CHAMPAGNE SUR SEINE;47,5;48.398755;2.80515;96533;ILE-DE-FRANCE;77079;6179;77;77404;Champagne-sur-Seine;28076;petite couronne;1;49;514;-16,00%;De 5 à 10 000 entrées;catégorie D;;commune-centre;166;120;0;54,8;26,4;13,7;5,1;94;57
944;136 819;154 545;MEGARAMA;26,3;48.814397;2.508133;97431;ILE-DE-FRANCE;94017;76508;94;851;Paris;10706072;grande couronne;5;53;8 703;-11,50%;De 100 à 150 000 entrées;catégorie C;JP;banlieue;259;192;71;28;58,1;11,2;2,6;169;16,2
551;57 641;60 861;VILLE DE CHATENAY MALABRY;61,1;48.765842;2.259825;105652;ILE-DE-FRANCE;92019;33330;92;851;Paris;10706072;grande couronne;2;49;2 280;-5,30%;De 50 à 80 000 entrées;catégorie C;RDJP;banlieue;241;170;70;49,4;34,7;9,4;6,4;172;47,1
226;27 427;22 259;THEATRE DE CHATILLON;60,9;48.800675;2.288049;106031;ILE-DE-FRANCE;92020;37159;92;851;Paris;10706072;grande couronne;1;44;639;23%;De 20 à 30 000 entrées;catégorie C;;banlieue;170;112;0;51,5;27,9;10,1;10,6;111;58,8
459;61 066;33 897;VILLE DE CHATOU;43,4;48.886917;2.156299;106262;ILE-DE-FRANCE;78146;31058;78;851;Paris;10706072;petite couronne;2;47;1 780;80%;De 50 à 80 000 entrées;non classé;;banlieue;105;90;36;60,9;25;11,4;2,6;54;43
643;19 355;20 301;VILLE DE CHAVILLE;44,8;48.813094;2.192579;108192;ILE-DE-FRANCE;92022;20001;92;851;Paris;10706072;grande couronne;1;44;330;-4,70%;De 10 à 20 000 entrées;non classé;;banlieue;126;83;1;49,9;27,8;19,5;2,9;72;45,7
645;61 964;62 679;VILLE DE CHELLES (Henochsberg);24,2;48.877872;2.586341;108774;ILE-DE-FRANCE;77108;53833;77;851;Paris;10706072;petite couronne;2;53;2 987;-1,10%;De 50 à 80 000 entrées;catégorie C;JP;banlieue;177;126;30;46,1;40,9;12,3;0,8;98;16,9
3923;874 904;1 010 666;Les cinemas GAUMONT-PATHE;10,8;48.880488;2.772675;110351;ILE-DE-FRANCE;77111;5131;77;851;Paris;10706072;petite couronne;15;53;29 986;-13,40%;De 700 000 à 1 million d'entrées;non classé;;banlieue;265;213;208;18,2;69;12,1;0,6;47;5,1
216;27 794;0;;26;48.856412;2.773682;110372;ILE-DE-FRANCE;77111;5131;77;851;Paris;10706072;petite couronne;2;48;3 225;#DIV/0!;De 20 à 30 000 entrées;non classé;;banlieue;263;190;29;23,3;52,1;21,6;3,1;137;19,3
405;11 467;10 542;CENTRE CULTUREL DE CHEVILLY LARUE;57,8;48.770432;2.350955;110761;ILE-DE-FRANCE;94021;19169;94;851;Paris;10706072;grande couronne;1;49;492;9%;De 10 à 20 000 entrées;catégorie C;;banlieue;141;101;0;57,1;19,7;12;11,1;95;62,5
409;50 273;53 418;ASSOCIATION FRANCOIS TRUFFAUT;49,5;48.703333;2.314917;111583;ILE-DE-FRANCE;91161;20258;91;851;Paris;10706072;petite couronne;2;53;3 724;-5,90%;De 50 à 80 000 entrées;catégorie C;RDJPPR;banlieue;521;335;14;43,8;34,6;16,2;5,4;353;47,8
181;34 399;36 511;REGIE THEATRE CINEMA PAUL ELUARD;54;48.766383;2.414699;112014;ILE-DE-FRANCE;94022;43846;94;851;Paris;10706072;grande couronne;1;49;1 035;-5,80%;De 30 à 40 000 entrées;catégorie C;JP;banlieue;175;123;3;51,3;26,9;12,9;8,8;110;54,9
176;29 805;37 267;VILLE DE CLAMART;63,9;48.802513;2.263801;113523;ILE-DE-FRANCE;92023;52645;92;851;Paris;10706072;grande couronne;1;49;1 017;-20,00%;De 20 à 30 000 entrées;catégorie C;;banlieue;155;116;8;61,4;18,4;12,4;7,8;106;63,4
356;69 970;67 083;VILLE DE CLAYES SOUS BOIS;29,7;48.821274;1.987156;114032;ILE-DE-FRANCE;78165;17645;78;851;Paris;10706072;petite couronne;2;53;2 172;4%;De 50 à 80 000 entrées;non classé;;banlieue;257;201;16;45,2;40,9;12,2;1,7;131;27
549;39 016;37 970;VILLE DE CLICHY;54,2;48.90196;2.309342;115104;ILE-DE-FRANCE;92024;60435;92;851;Paris;10706072;grande couronne;1;49;962;3%;De 30 à 40 000 entrées;non classé;;banlieue;216;156;3;52,8;24,2;16,6;6,4;132;53,6
322;6 811;8 737;MAISON DES JEUNES ET DE LA CULTURE DU THEATRE DE COLOMBES;85,7;48.923862;2.250041;117025;ILE-DE-FRANCE;92025;85199;92;851;Paris;10706072;grande couronne;1;47;279;-22,00%;De 5 à 10 000 entrées;catégorie C;;banlieue;68;41;0;59,9;19,8;13,2;7;65;98,2
477;123 195;131 300;;38,6;48.923159;2.255372;117051;ILE-DE-FRANCE;92025;85199;92;851;Paris;10706072;grande couronne;4;53;6 332;-6,20%;De 100 à 150 000 entrées;catégorie C;RDJPPR;banlieue;243;174;127;38,5;44,5;14,4;2,6;139;29,4
236;13 971;16 695;SYNDICAT D'AGGLOMERATION NOUVELLE DE SENART VILLE NOUVELLE;46,4;48.659579;2.566711;117921;ILE-DE-FRANCE;77122;22154;77;851;Paris;10706072;petite couronne;1;48;506;-16,30%;De 10 à 20 000 entrées;non classé;;banlieue;137;103;0;55;27,4;14,5;3,1;74;59,9
3105;1 051 117;1 050 374;Les cinemas GAUMONT-PATHE;14,9;49.004829;2.077668;119305;ILE-DE-FRANCE;78172;35019;78;851;Paris;10706072;petite couronne;13;53;24 782;0%;De 1 à 1,5 million d'entrées;non classé;;banlieue;254;207;199;26,5;59,6;13,6;0,3;65;8
380;51 223;55 922;SNES-ADCI;28,3;48.603813;2.469302;120293;ILE-DE-FRANCE;91174;50412;91;851;Paris;10706072;petite couronne;3;53;3 514;-8,40%;De 50 à 80 000 entrées;catégorie C;JPPR;banlieue;308;211;79;41,7;45,4;10,9;2;157;24
307;9 270;10 988;;54,9;48.959824;2.189151;120963;ILE-DE-FRANCE;95176;23661;95;851;Paris;10706072;petite couronne;1;41;176;-15,60%;De 5 à 10 000 entrées;non classé;;banlieue;150;115;0;56,2;28,9;12,2;2,7;84;46,4
568;85 593;90 679;ZARATHUSHTRA;10,5;48.809696;3.090876;123373;ILE-DE-FRANCE;77131;15116;77;77402;Coulommiers;27344;petite couronne;4;50;3 560;-5,60%;De 80 à 100 000 entrées;catégorie D;JP;commune-centre;148;113;77;40,3;49,6;9,6;0,5;52;8,2
360;4 457;2 463;CENTRE CULTUREL DE COURBEVOIE;48;48.899883;2.259136;123905;ILE-DE-FRANCE;92026;83136;92;851;Paris;10706072;grande couronne;1;6;25;81%;De 2 à 5 000 entrées;non classé;;banlieue;12;10;1;49,1;16,6;19,5;14,9;6;57,5
139;49 205;53 538;CENTRE CULTUREL DE COURBEVOIE;56,7;48.901327;2.271867;123914;ILE-DE-FRANCE;92026;83136;92;851;Paris;10706072;grande couronne;1;53;1 551;-8,10%;De 40 à 50 000 entrées;catégorie C;JPPR;banlieue;244;180;3;44,7;25,3;17,1;12,9;153;61,5
195;18 261;21 033;VILLE DE LA COURNEUVE;60,1;48.926821;2.391627;125135;ILE-DE-FRANCE;93027;41733;93;851;Paris;10706072;grande couronne;1;48;1 137;-13,20%;De 10 à 20 000 entrées;catégorie C;RDJPPR;banlieue;225;135;0;32;41,6;13,3;13,1;160;58,7
92;17 630;17 239;MAISON DES JEUNES ET DE LA CULTURE DU MONT MESLY;58,5;48.777428;2.466468;128535;ILE-DE-FRANCE;94028;90739;94;851;Paris;10706072;grande couronne;1;48;1 268;2%;De 10 à 20 000 entrées;catégorie C;JP;banlieue;229;141;0;45,6;16,2;17,6;20,6;151;72,5
490;70 822;75 119;CINEMAS DU PALAIS;87,3;48.786063;2.444158;128541;ILE-DE-FRANCE;94028;90739;94;851;Paris;10706072;grande couronne;3;49;4 636;-5,70%;De 50 à 80 000 entrées;catégorie C;RDJPPR;banlieue;248;170;93;56,5;12,9;18,4;12,3;216;85,7
2181;366 321;401 180;Les cinemas GAUMONT-PATHE;10,4;48.517401;2.627798;133212;ILE-DE-FRANCE;77152;21712;77;851;Paris;10706072;petite couronne;10;53;17 670;-8,70%;De 300 à 450 000 entrées;non classé;;banlieue;208;171;167;30;57,6;12;0,4;29;6,4
282;39 784;46 464;ASSOCIATION CINEMA DE DOMONT;22,9;49.02987;2.333691;140521;ILE-DE-FRANCE;95199;15343;95;851;Paris;10706072;petite couronne;1;53;1 582;-14,40%;De 30 à 40 000 entrées;non classé;;banlieue;193;137;8;49,6;36,1;13,5;0,8;75;24,3
227;20 864;46 808;SNES (DSP)/FONT;23,1;48.528741;2.015215;142171;ILE-DE-FRANCE;91200;10673;91;91302;Dourdan;12036;petite couronne;2;28;1 415;-55,40%;De 20 à 30 000 entrées;catégorie E;PR;commune-centre;144;133;30;43,7;43,5;11,6;1,2;68;19
329;12 925;13 805;VILLE DE DRANCY;10;48.927466;2.438309;142752;ILE-DE-FRANCE;93029;69568;93;851;Paris;10706072;grande couronne;1;44;250;-6,40%;De 10 à 20 000 entrées;non classé;;banlieue;52;41;1;33,3;54,6;11,2;0,8;7;12,2
345;7 438;8 742;;74,3;48.992968;2.278288;144262;ILE-DE-FRANCE;95203;24609;95;851;Paris;10706072;petite couronne;1;39;101;-14,90%;De 5 à 10 000 entrées;non classé;;banlieue;59;41;0;61;15,6;11,3;12;50;86,8
348;103 358;109 002;SOCIETE D'ECONOMIE MIXTE DU CINEMA DES SEPT MARES;34,3;48.766594;1.949214;146371;ILE-DE-FRANCE;78208;25504;78;851;Paris;10706072;petite couronne;3;53;3 912;-5,20%;De 100 à 150 000 entrées;catégorie C;JPPR;banlieue;330;230;68;43,8;40,1;14,5;1,5;174;29,7
1263;214 953;283 928;UGC;26,2;48.970841;2.307185;147071;ILE-DE-FRANCE;95210;11413;95;851;Paris;10706072;petite couronne;5;53;9 608;-24,30%;De 200 à 300 000 entrées;non classé;;banlieue;175;128;98;39,4;50;10,5;0,1;89;17,1
320;16 214;14 084;VILLE D'ENGHIEN LES BAINS;65,4;48.971934;2.305204;147084;ILE-DE-FRANCE;95210;11413;95;851;Paris;10706072;petite couronne;1;43;356;15%;De 10 à 20 000 entrées;catégorie C;PR;banlieue;113;43;1;46,1;27,2;18;8,7;99;86,2
180;4 531;4 403;VILLE D'EPINAY SUR SEINE;62,2;48.95411;2.312115;148321;ILE-DE-FRANCE;93031;54840;93;851;Paris;10706072;grande couronne;1;21;74;3%;De 2 à 5 000 entrées;non classé;;banlieue;12;0;0;17,8;36,5;24,2;21,5;11;95,7
2565;427 832;564 963;CGR;7,6;48.957859;2.301996;148324;ILE-DE-FRANCE;93031;54840;93;851;Paris;10706072;grande couronne;12;53;24 291;-24,30%;De 300 à 450 000 entrées;non classé;;banlieue;253;202;197;23;60,6;10,9;5,5;26;4,4
400;14 989;14 883;VILLE DE ERMONT;50,5;48.988575;2.259906;149335;ILE-DE-FRANCE;95219;28832;95;851;Paris;10706072;petite couronne;1;44;200;1%;De 10 à 20 000 entrées;non classé;;banlieue;117;92;0;56,4;22,7;16,8;4,1;61;48,3
400;84 439;91 051;MAG 8;9,5;48.433642;2.155867;152882;ILE-DE-FRANCE;91223;24271;91;91401;Étampes;29851;petite couronne;3;53;5 530;-7,30%;De 80 à 100 000 entrées;non classé;;commune-centre;221;192;84;31,6;58,6;9,6;0,3;54;5,7
146;7 572;5 394;VILLE D'ETAMPES;85,7;48.434287;2.157598;152884;ILE-DE-FRANCE;91223;24271;91;91401;Étampes;29851;petite couronne;1;42;544;40%;De 5 à 10 000 entrées;catégorie D;;commune-centre;124;75;0;57,2;27,8;12,1;3;111;87,3
2052;278 789;354 603;CGR;4,8;48.627929;2.429517;154488;ILE-DE-FRANCE;91228;53871;91;851;Paris;10706072;petite couronne;10;53;20 565;-21,40%;De 200 à 300 000 entrées;non classé;;banlieue;221;169;163;20,2;66,8;10,5;2,5;17;2,6
944;76 136;85 966;;69,7;48.404394;2.699594;162844;ILE-DE-FRANCE;77186;14974;77;77406;Fontainebleau;36517;petite couronne;5;53;7 249;-11,40%;De 50 à 80 000 entrées;catégorie D;RDJP;commune-centre;308;214;156;56,2;19,9;16,4;7,5;217;66,2
1080;164 608;169 530;;20,2;48.400175;2.71613;162853;ILE-DE-FRANCE;77186;14974;77;77406;Fontainebleau;36517;petite couronne;6;53;8 711;-2,90%;De 150 à 200 000 entrées;non classé;;commune-centre;249;180;162;32,2;51,5;15,3;1;93;14,8
198;15 851;31 618;THEATRE DES SOURCES ET CINEMA LE SCARRON;67,3;48.791543;2.289748;163962;ILE-DE-FRANCE;92032;23963;92;851;Paris;10706072;grande couronne;1;25;456;-49,90%;De 10 à 20 000 entrées;catégorie C;JP;banlieue;93;66;0;40,3;32,4;17,9;9,4;65;63,5
346;19 286;18 572;ASSOCIATION DU THEATRE DE FONTENAY LE FLEURY (TIERS FERME);44,2;48.811271;2.045243;164022;ILE-DE-FRANCE;78242;13374;78;851;Paris;10706072;petite couronne;1;52;710;4%;De 10 à 20 000 entrées;catégorie C;;banlieue;190;143;6;45,2;32,4;19;3,4;101;45,5
182;37 097;36 413;FONTENAY EN SCENES;74,7;48.852329;2.461111;164112;ILE-DE-FRANCE;94033;53649;94;851;Paris;10706072;grande couronne;1;53;1 026;2%;De 30 à 40 000 entrées;catégorie C;RDJPPR;banlieue;192;129;4;55,3;15,2;13,8;15,7;154;80,5
195;24 118;26 430;SIVOM DE FOSSES ET MARLY LA VILLE SIFOMA;67,4;49.099464;2.524882;166051;ILE-DE-FRANCE;95250;9566;95;95401;Fosses;21825;petite couronne;1;48;1 174;-8,70%;De 20 à 30 000 entrées;catégorie D;RDJP;commune-centre;215;148;2;58,4;22,2;15,3;4,2;156;62,2
518;37 790;47 634;ASSOCIATION CINE HENRI LANGLOIS;43;48.988437;2.232576;168193;ILE-DE-FRANCE;95252;34920;95;851;Paris;10706072;petite couronne;2;51;2 736;-20,70%;De 30 à 40 000 entrées;catégorie C;RDJPPR;banlieue;278;186;37;57,1;25,1;14,9;2,8;176;39,5
158;7 212;11 341;VILLE DE FRESNES;27,1;48.752796;2.313077;169572;ILE-DE-FRANCE;94034;27154;94;851;Paris;10706072;grande couronne;1;24;172;-36,40%;De 5 à 10 000 entrées;non classé;;banlieue;26;8;0;26,2;34,6;11,8;27,4;13;65,5
450;10 068;9 973;VILLE DE GAGNY;44,9;48.884043;2.529952;172043;ILE-DE-FRANCE;93032;39603;93;851;Paris;10706072;grande couronne;1;45;285;1%;De 10 à 20 000 entrées;catégorie C;;banlieue;77;47;1;48,7;29,6;12,6;9,1;48;58,8
434;33 755;36 559;VILLE DE GARCHES;27,3;48.844239;2.188722;172914;ILE-DE-FRANCE;92033;17762;92;851;Paris;10706072;grande couronne;2;46;1 448;-7,70%;De 30 à 40 000 entrées;non classé;;banlieue;107;91;40;52,7;32,5;13,8;1;44;22,8
225;7 579;12 306;;49,1;48.971945;2.399817;173332;ILE-DE-FRANCE;95268;42501;95;851;Paris;10706072;petite couronne;1;49;705;-38,40%;De 5 à 10 000 entrées;catégorie C;JP;banlieue;141;89;1;43,1;30,9;16,4;9,6;89;66,4
290;43 025;41 779;;57,3;48.928469;2.293206;175513;ILE-DE-FRANCE;92036;44551;92;851;Paris;10706072;grande couronne;2;49;2 145;3%;De 40 à 50 000 entrées;catégorie C;RDJPPR;banlieue;294;211;8;44,6;30,8;11,7;12,9;195;60,9
155;19 965;22 374;C2L;63;48.701701;2.13387;177201;ILE-DE-FRANCE;91272;21069;91;851;Paris;10706072;petite couronne;1;53;1 122;-10,80%;De 10 à 20 000 entrées;catégorie C;;banlieue;125;103;5;53,5;21,7;19,3;5,5;77;63,7
216;21 400;18 981;VILLE DE GONESSE;71;48.999982;2.428131;179852;ILE-DE-FRANCE;95277;26142;95;851;Paris;10706072;petite couronne;1;50;1 237;13%;De 20 à 30 000 entrées;catégorie C;RDJP;banlieue;245;170;0;54,2;24,5;14,4;6,8;182;63,3
562;5 420;3 667;VILLE DE GOUSSAINVILLE;41,7;49.03242;2.471796;181553;ILE-DE-FRANCE;95280;31025;95;851;Paris;10706072;petite couronne;1;18;48;48%;De 5 à 10 000 entrées;non classé;;banlieue;22;11;0;67,5;19,8;3;9,8;11;74,4
274;37 038;37 193;COMMUNAUTE D'AGGLOMERATION DE VAL DE BIEVRE;52,7;48.779749;2.339014;193442;ILE-DE-FRANCE;94038;30736;94;851;Paris;10706072;grande couronne;1;48;1 026;-0,40%;De 30 à 40 000 entrées;catégorie C;JP;banlieue;199;163;3;62;17,7;13,5;6,8;122;53,2
739;108 389;128 662;SPECTA;15,3;49.110771;2.211976;201524;ILE-DE-FRANCE;95313;12249;95;851;Paris;10706072;petite couronne;5;53;6 310;-15,80%;De 100 à 150 000 entrées;non classé;;banlieue;229;198;112;44,6;44,2;10,5;0,6;89;12,6
376;37 166;39 466;SEM GESTION DU PALAIS ARTS & DES CONGRES ISSY LES MOULINEAUX;52,2;48.825247;2.271161;202214;ILE-DE-FRANCE;92040;69093;92;851;Paris;10706072;grande couronne;1;45;492;-5,80%;De 30 à 40 000 entrées;non classé;;banlieue;102;84;13;69,7;21,8;5,3;3,2;51;45,8
0;4 574;4 636;CINESSONNE;48,9;48.515193;2.341767;202370;ILE-DE-FRANCE;91315;6676;91;91402;Ballancourt-sur-Essonne;35283;petite couronne;1;34;92;-1,30%;De 2 à 5 000 entrées;non classé;;commune-centre;48;24;0;58,2;29,4;9,5;2,9;30;54,8
507;76 888;76 687;VILLE D'IVRY SUR SEINE;87,8;48.81362;2.389338;202551;ILE-DE-FRANCE;94041;59572;94;851;Paris;10706072;grande couronne;2;50;2 401;0%;De 50 à 80 000 entrées;catégorie C;RDJPPR;banlieue;298;146;54;54;23,9;11;11,1;277;90,5
3830;746 432;818 427;Les cinemas GAUMONT-PATHE;11,6;48.824074;2.387803;202562;ILE-DE-FRANCE;94041;59572;94;851;Paris;10706072;grande couronne;14;53;27 260;-8,80%;De 700 000 à 1 million d'entrées;non classé;;banlieue;248;207;200;20;66,4;13,2;0,4;43;7,3
300;11 777;15 440;VILLE DE JOINVILLE LE PONT;39,4;48.816711;2.468136;204534;ILE-DE-FRANCE;94042;18859;94;851;Paris;10706072;grande couronne;1;44;203;-23,70%;De 10 à 20 000 entrées;non classé;;banlieue;119;96;0;58,3;25,4;11,1;5,2;48;35,7
346;10 327;12 154;VILLE DE JOUY LE MOUTIER;63,9;49.011314;2.043572;205601;ILE-DE-FRANCE;95323;15971;95;851;Paris;10706072;petite couronne;1;37;144;-15,00%;De 10 à 20 000 entrées;non classé;;banlieue;71;48;0;64,6;15,1;10,4;9,9;45;76,6
123;9 508;14 998;LE CENTRE CULTUREL DES PORTES DE L' ESSONNE;58,4;48.688996;2.376314;206924;ILE-DE-FRANCE;91326;16365;91;851;Paris;10706072;petite couronne;1;28;577;-36,60%;De 5 à 10 000 entrées;catégorie C;JP;banlieue;145;89;2;69,3;16,3;12,6;1,8;95;67,7
492;100 006;102 970;LES CINEMAS DE LAGNY;21,8;48.879604;2.706124;211844;ILE-DE-FRANCE;77243;21488;77;851;Paris;10706072;petite couronne;3;51;5 801;-2,90%;De 100 à 150 000 entrées;catégorie C;;banlieue;243;184;86;41,3;46,9;11,3;0,5;121;16,4
1538;425 953;450 184;Les cinemas GAUMONT-PATHE;22,4;48.891726;2.296363;224413;ILE-DE-FRANCE;92044;64195;92;851;Paris;10706072;grande couronne;8;53;14 896;-5,40%;De 300 à 450 000 entrées;non classé;;banlieue;209;173;168;34,5;51,1;13,6;0,9;54;15,8
3566;1 539 221;1 596 024;Les cinemas GAUMONT-PATHE;16,4;48.616119;2.547927;226040;ILE-DE-FRANCE;77251;13242;77;851;Paris;10706072;petite couronne;16;53;30 187;-3,60%;De 1,5 à 2 millions d'entrées;non classé;;banlieue;280;233;228;25,7;61,5;12,1;0,8;72;8,4
308;14 388;13 015;VILLE DES LILAS;68,8;48.881921;2.419546;226883;ILE-DE-FRANCE;93045;22964;93;851;Paris;10706072;grande couronne;1;43;568;11%;De 10 à 20 000 entrées;catégorie C;JP;banlieue;185;144;1;63,7;13,6;13,1;9,6;144;81,8
165;3 419;3 831;VILLE DE LIMEIL BREVANNES;29,1;48.744182;2.503331;228122;ILE-DE-FRANCE;94044;25639;94;851;Paris;10706072;grande couronne;1;44;79;-10,80%;De 2 à 5 000 entrées;non classé;;banlieue;63;44;0;34,6;52,3;12,5;0,6;21;27,3
264;35 111;34 640;VILLE DE LIVRY GARGAN;34,9;48.92579;2.545121;229833;ILE-DE-FRANCE;93046;44415;93;851;Paris;10706072;grande couronne;1;49;1 055;1%;De 30 à 40 000 entrées;catégorie C;JP;banlieue;199;150;2;53,7;30,1;13,5;2,6;84;31,1
406;14 548;11 368;0;57,2;48.801474;2.430493;241923;ILE-DE-FRANCE;94046;54915;94;851;Paris;10706072;grande couronne;1;38;166;28%;De 10 à 20 000 entrées;non classé;;banlieue;80;73;0;70,9;15,2;12,5;1,3;48;47,6
163;46 073;46 216;VILLE DE MAISONS LAFFITTE;50,6;48.946355;2.147062;242003;ILE-DE-FRANCE;78358;23371;78;851;Paris;10706072;petite couronne;1;52;1 258;-0,30%;De 40 à 50 000 entrées;catégorie C;JP;banlieue;199;143;21;47,5;31,4;17,5;3,7;121;49,8
198;32 399;33 462;ASSOCIATION THEATRE 71;72,2;48.820911;2.302756;242422;ILE-DE-FRANCE;92046;29897;92;851;Paris;10706072;grande couronne;1;45;616;-3,20%;De 30 à 40 000 entrées;catégorie C;JP;banlieue;152;107;3;51,6;22,7;14,4;11,3;117;73,8
2081;437 845;471 319;CGR;11,7;48.989664;1.715981;244700;ILE-DE-FRANCE;78361;44799;78;851;Paris;10706072;petite couronne;9;53;18 650;-7,10%;De 300 à 450 000 entrées;non classé;;banlieue;214;178;167;30,7;57,9;10,8;0,6;36;5,3
300;5 803;5 791;VILLE DE MANTES LA JOLIE;68,6;49.000101;1.683456;244715;ILE-DE-FRANCE;78361;44799;78;851;Paris;10706072;petite couronne;1;27;86;0%;De 5 à 10 000 entrées;non classé;;banlieue;31;11;2;44,3;28,9;25,3;1,4;25;85,2
231;19 813;20 109;VILLE DE MARCOUSSIS;52,8;48.642026;2.222592;246432;ILE-DE-FRANCE;91363;8132;91;851;Paris;10706072;petite couronne;1;53;750;-1,50%;De 10 à 20 000 entrées;catégorie C;;banlieue;181;140;2;58,2;27;12,5;2,3;114;45,5
336;68 243;81 616;VILLE DE MARLY LE ROI;52,6;48.871284;2.095564;248192;ILE-DE-FRANCE;78372;16431;78;851;Paris;10706072;petite couronne;2;52;2 954;-16,40%;De 50 à 80 000 entrées;catégorie C;RDJP;banlieue;258;185;78;59,8;22,4;14,4;3,4;167;49,8
498;31 020;49 667;CINEMASSY;78,5;48.732679;2.288638;252134;ILE-DE-FRANCE;91377;48363;91;851;Paris;10706072;petite couronne;3;53;3 701;-37,50%;De 30 à 40 000 entrées;catégorie C;JP;banlieue;211;185;52;58,7;10;22,7;8,7;176;84,2
102;29 510;29 876;VILLE DE MAULE;51,3;48.916554;1.821165;252712;ILE-DE-FRANCE;78380;5800;78;78301;Maule;10150;petite couronne;1;50;1 394;-1,20%;De 20 à 30 000 entrées;catégorie E;RDJPPR;commune-centre;234;196;3;60,8;25,2;11;2,9;145;42,7
1129;244 350;262 036;UGC;16;48.95945;2.882959;254781;ILE-DE-FRANCE;77284;53720;77;77501;Meaux;74463;petite couronne;7;53;12 899;-6,70%;De 200 à 300 000 entrées;non classé;;commune-centre;304;185;123;35,4;54,7;9,3;0,7;170;11,3
566;35 900;34 620;SNES (Font)/ADCI;32,6;48.533449;2.6548;255991;ILE-DE-FRANCE;77288;39914;77;851;Paris;10706072;petite couronne;3;53;3 081;4%;De 30 à 40 000 entrées;catégorie C;JPPR;banlieue;299;234;64;44,7;39,6;13,7;2;147;34
324;85 899;20 452;ESPACE CULTUREL MENNECY (TIERS FERME);14,9;48.564849;2.441479;256983;ILE-DE-FRANCE;91386;13959;91;851;Paris;10706072;petite couronne;3;53;4 799;320%;De 80 à 100 000 entrées;non classé;;banlieue;176;144;95;40,1;47,8;11,9;0,3;55;12,3
228;7 522;7 453;0;31,9;49.060326;2.170288;258952;ILE-DE-FRANCE;95394;9531;95;851;Paris;10706072;petite couronne;1;41;254;1%;De 5 à 10 000 entrées;non classé;;banlieue;119;93;0;55;26,1;11,6;7,3;42;41,3
458;26 234;24 784;VILLE DE MEUDON;54,9;48.81334;2.235774;260903;ILE-DE-FRANCE;92048;45317;92;851;Paris;10706072;grande couronne;1;44;412;6%;De 20 à 30 000 entrées;catégorie C;;banlieue;173;112;1;35,3;33,3;22;9,4;110;58,4
268;12 282;12 865;VILLE DE MEUDON;50,3;48.7873;2.23254;260904;ILE-DE-FRANCE;92048;45317;92;851;Paris;10706072;grande couronne;1;44;358;-4,50%;De 10 à 20 000 entrées;non classé;;banlieue;134;100;1;69,6;18,5;8,4;3,4;69;45,6
210;12 875;25 269;VILLE DE MITRY MORY;59,1;48.956929;2.603083;263912;ILE-DE-FRANCE;77294;19847;77;851;Paris;10706072;petite couronne;1;24;572;-49,00%;De 10 à 20 000 entrées;catégorie C;RDJP;banlieue;147;72;3;48,1;33,2;17,3;1,4;106;58,5
349;13 292;13 147;SYNDICAT D'AGGLOMERATION NOUVELLE DE SENART VILLE NOUVELLE;41,5;48.628281;2.589982;264672;ILE-DE-FRANCE;77296;17630;77;851;Paris;10706072;petite couronne;1;48;675;1%;De 10 à 20 000 entrées;non classé;;banlieue;161;119;0;44,2;35,5;18,5;1,8;84;50,1
45;5 860;6 108;ONZE VINGT QUATORZE OU 11 X 20 + 14;88;48.490092;3.148397;267481;ILE-DE-FRANCE;77298;463;77;0;Zone rurale;14541106;petite couronne;1;44;502;-4,10%;De 5 à 10 000 entrées;catégorie E;;territoire rural;223;165;0;56,6;10,4;17,3;15,6;199;85,9
329;40 463;39 426;COMMUNAUTE D'AGGLOMERATION SENART VAL DE SEINE;72,9;48.703763;2.46109;272392;ILE-DE-FRANCE;91421;23727;91;851;Paris;10706072;petite couronne;1;49;1 162;3%;De 40 à 50 000 entrées;catégorie C;RDJP;banlieue;226;170;1;60,9;18,7;14,2;6,1;175;71,4
282;13 786;19 145;VILLE DE MONTIGNY LE BRETONNEUX;33,2;48.77004;2.03446;273071;ILE-DE-FRANCE;78423;33123;78;851;Paris;10706072;petite couronne;1;37;292;-28,00%;De 10 à 20 000 entrées;non classé;;banlieue;85;49;0;47,6;32,7;15,4;4,3;37;43,6
304;8 723;11 339;VILLE DE MONTIGNY LES CORMEILLES;35,4;48.997001;2.200873;273182;ILE-DE-FRANCE;95424;20789;95;851;Paris;10706072;petite couronne;1;42;130;-23,10%;De 5 à 10 000 entrées;non classé;;banlieue;48;31;0;26,2;43;23,9;7;20;40,7
222;40 272;45 386;VILLE DE MONTMORENCY;51,6;48.988818;2.318091;274702;ILE-DE-FRANCE;95428;21258;95;851;Paris;10706072;petite couronne;2;53;2 395;-11,30%;De 40 à 50 000 entrées;catégorie C;JPPR;banlieue;285;197;53;53,6;28;13,9;4,6;175;50,1
1139;331 840;306 934;VILLE DE MONTREUIL SOUS BOIS;77,7;48.862437;2.442502;276086;ILE-DE-FRANCE;93048;106691;93;851;Paris;10706072;grande couronne;6;53;8 878;8%;De 300 à 450 000 entrées;catégorie C;RDJPPR;banlieue;602;319;246;50,4;24,2;16,4;8,9;476;75,2
162;19 504;18 821;VILLE DE MONTROUGE;54;48.813222;2.311441;276554;ILE-DE-FRANCE;92049;48991;92;851;Paris;10706072;grande couronne;1;48;695;4%;De 10 à 20 000 entrées;catégorie C;;banlieue;158;126;1;54,6;20,5;18,9;6,1;97;58,8
360;36 848;38 128;VILLE DES MUREAUX;30,2;48.993874;1.910246;283043;ILE-DE-FRANCE;78440;32048;78;851;Paris;10706072;petite couronne;2;52;2 192;-3,40%;De 30 à 40 000 entrées;catégorie C;JP;banlieue;246;185;10;40,8;39,1;18,6;1,5;111;37
132;10 149;10 009;VILLE DE NANGIS;35;48.555127;3.0133;284362;ILE-DE-FRANCE;77327;8593;77;77208;Nangis;8593;petite couronne;1;44;580;1%;De 10 à 20 000 entrées;catégorie E;JPPR;commune isolée;143;91;0;52,1;31,9;14,5;1,6;71;45,7
660;130 246;131 694;SOCIETE D'ECO MIXTE D'AMENAGEMENT GESTION DE LA VILLE DE NANTERR;41,4;48.892601;2.195729;284490;ILE-DE-FRANCE;92050;93742;92;851;Paris;10706072;grande couronne;4;53;6 920;-1,10%;De 100 à 150 000 entrées;catégorie C;RDJPPR;banlieue;289;178;100;38,9;44,6;12;4,6;180;35,7
641;35 808;40 926;LES MELIES;9,1;48.265654;2.695374;286831;ILE-DE-FRANCE;77333;13358;77;77401;Nemours;21380;petite couronne;3;53;2 666;-12,50%;De 30 à 40 000 entrées;non classé;;commune-centre;152;102;44;38,5;51;10;0,5;70;14,6
146;21 985;22 377;VILLE DE NEUILLY  PLAISANCE;61,7;48.87311;2.510505;288024;ILE-DE-FRANCE;93049;21165;93;851;Paris;10706072;grande couronne;1;49;1 115;-1,80%;De 20 à 30 000 entrées;catégorie C;JP;banlieue;213;156;0;58,8;17,8;18,2;5,2;147;59,1
500;67 009;71 025;VILLE DE NEUILLY SUR SEINE;27,6;48.885364;2.268222;288151;ILE-DE-FRANCE;92051;60910;92;851;Paris;10706072;grande couronne;2;53;2 494;-5,70%;De 50 à 80 000 entrées;non classé;;banlieue;128;89;36;60;23,5;14,5;2;59;33,7
815;201 231;210 277;MEGARAMA;30,7;48.838331;2.489437;291891;ILE-DE-FRANCE;94052;31550;94;851;Paris;10706072;grande couronne;6;53;9 433;-4,30%;De 200 à 300 000 entrées;catégorie C;;banlieue;325;230;112;42,1;40,7;14,7;2,5;189;26,7
221;40 569;42 982;CENTRE D'ART ET DE CULTURE DE MARNE LA VALLEE;83,4;48.84468;2.624254;292341;ILE-DE-FRANCE;77337;15627;77;851;Paris;10706072;petite couronne;1;50;1 190;-5,60%;De 40 à 50 000 entrées;catégorie C;RDJPPR;banlieue;181;124;10;55,2;20,7;16,2;7,9;154;78,1
1797;456 989;537 333;UGC;23;48.840097;2.547002;292374;ILE-DE-FRANCE;93051;66213;93;851;Paris;10706072;grande couronne;10;53;21 128;-15,00%;De 450 à 700 000 entrées;non classé;;banlieue;248;177;173;33,7;54,8;11,3;0,3;104;12,6
416;114 019;114 358;VILLE DE NOISY LE GRAND;68,5;48.849023;2.552482;292377;ILE-DE-FRANCE;93051;66213;93;851;Paris;10706072;grande couronne;3;53;5 346;-0,30%;De 100 à 150 000 entrées;catégorie C;RDJPPR;banlieue;258;166;69;43,8;26,5;19,1;10,5;198;70,8
388;15 980;16 519;CENTRE CULTUREL COMMUNAL D'ORLY;42,4;48.742445;2.395558;298964;ILE-DE-FRANCE;94054;23272;94;851;Paris;10706072;grande couronne;1;45;427;-3,30%;De 10 à 20 000 entrées;non classé;;banlieue;148;96;0;40,7;29,8;19;10,5;73;47,3
358;5 219;4 699;VILLE D'ORMESSON SUR MARNE;39;48.786098;2.544935;299122;ILE-DE-FRANCE;94055;10161;94;851;Paris;10706072;grande couronne;1;27;81;11%;De 5 à 10 000 entrées;non classé;;banlieue;41;11;0;38,5;33,3;5,2;23;17;63,3
279;53 458;55 113;VILLE D'ORSAY;78,5;48.698781;2.189727;299572;ILE-DE-FRANCE;91471;16530;91;851;Paris;10706072;petite couronne;2;53;2 449;-3,00%;De 50 à 80 000 entrées;catégorie C;RDJPPR;banlieue;291;180;30;49,6;21,4;20,2;8,8;230;78,4
171;11 977;11 622;VILLE OZOIR LA FERRIERE;24,7;48.762604;2.664715;301781;ILE-DE-FRANCE;77350;20137;77;851;Paris;10706072;petite couronne;1;52;519;3%;De 10 à 20 000 entrées;non classé;;banlieue;119;97;0;63,6;26,2;9,7;0,5;33;29,4
545;172 911;213 923;NORD OUEST EXPLOITATION CINEMAS;41,4;48.71031;2.243459;302485;ILE-DE-FRANCE;91477;33114;91;851;Paris;10706072;petite couronne;4;53;5 487;-19,20%;De 150 à 200 000 entrées;catégorie C;JPPR;banlieue;262;165;67;32,3;50,1;15,2;2,4;165;29,1
457;80 939;74 605;VILLE DE PANTIN;79,8;48.89218;2.408907;303281;ILE-DE-FRANCE;93055;55180;93;851;Paris;10706072;grande couronne;3;47;3 037;8%;De 80 à 100 000 entrées;catégorie C;RDJPPR;banlieue;281;162;45;52,4;24,6;11;11,9;244;82,9
314;6 315;6 956;LE CENTRE CULTUREL DES PORTES DE L' ESSONNE;31,2;48.712693;2.363281;303445;ILE-DE-FRANCE;91479;7437;91;851;Paris;10706072;petite couronne;1;46;109;-9,20%;De 5 à 10 000 entrées;non classé;;banlieue;79;64;2;71,4;23,2;3,4;2;25;35,1
329;43 402;44 708;CENTRE D'EXPRESSION CULTURELLE ARTISTIQUE ET SPORT;41,7;48.903037;2.507379;305402;ILE-DE-FRANCE;93057;23356;93;851;Paris;10706072;grande couronne;1;51;1 157;-2,90%;De 40 à 50 000 entrées;catégorie C;;banlieue;227;187;2;50,4;32,3;14,2;3,1;119;36,1
198;45 756;46 345;VILLE DU PERREUX SUR MARNE;55,9;48.84694;2.509968;307692;ILE-DE-FRANCE;94058;33970;94;851;Paris;10706072;grande couronne;1;48;1 139;-1,30%;De 40 à 50 000 entrées;catégorie C;;banlieue;210;148;39;60;21,8;13,3;4,9;133;52,2
400;63 199;65 071;;33,6;48.777607;2.254424;314413;ILE-DE-FRANCE;92060;28974;92;851;Paris;10706072;grande couronne;2;53;2 275;-2,90%;De 50 à 80 000 entrées;catégorie C;JP;banlieue;241;184;18;48,9;33,9;12,6;4,6;120;28,4
340;8 506;9 082;VILLE DU PLESSIS TREVISE;31,4;48.80535;2.578145;314451;ILE-DE-FRANCE;94059;20102;94;851;Paris;10706072;grande couronne;1;46;277;-6,30%;De 5 à 10 000 entrées;non classé;;banlieue;56;47;0;80,8;15;3,8;0,4;18;26,4
983;176 587;204 497;C2L;11,4;48.92287;2.029616;317291;ILE-DE-FRANCE;78498;37093;78;851;Paris;10706072;petite couronne;5;53;8 824;-13,60%;De 150 à 200 000 entrées;non classé;;banlieue;170;142;130;28,2;58,3;13,1;0,4;33;8,9
295;49 436;52 395;ASSOCIATION APOLLO;34,1;48.803412;2.611316;318801;ILE-DE-FRANCE;77373;38370;77;851;Paris;10706072;petite couronne;2;50;2 385;-5,60%;De 40 à 50 000 entrées;catégorie C;JP;banlieue;271;202;21;43,4;37,9;17,5;1,2;147;34,8
272;28 242;29 264;UTOPIA LATIN;80,7;49.049188;2.099047;320532;ILE-DE-FRANCE;95500;30487;95;851;Paris;10706072;petite couronne;1;47;678;-3,50%;De 20 à 30 000 entrées;catégorie C;;banlieue;195;164;106;62,4;13,6;16;8,1;164;79,9
570;100 476;111 862;C2L;13,5;48.559158;3.304398;326550;ILE-DE-FRANCE;77379;11683;77;77303;Provins;12905;petite couronne;4;53;7 000;-10,20%;De 100 à 150 000 entrées;catégorie E;PR;commune-centre;249;186;85;31,5;57,9;10,3;0,3;111;9,8
3642;1 438 481;1 577 790;UGC;27,8;48.876233;2.242749;327945;ILE-DE-FRANCE;92062;45146;92;851;Paris;10706072;grande couronne;16;53;35 211;-8,80%;De 1 à 1,5 million d'entrées;non classé;;banlieue;383;287;258;26,4;56,4;15,7;1,5;181;18,4
480;49 748;52 934;STE NOUVELLE DES CINEMAS DE DREUX (Brunet-Dupuy);23,9;48.885137;2.239127;327961;ILE-DE-FRANCE;92062;45146;92;851;Paris;10706072;grande couronne;2;49;2 616;-6,00%;De 40 à 50 000 entrées;non classé;;banlieue;163;112;24;37,8;42,5;16,1;3,6;76;24,4
320;37 971;47 310;C2L;40,3;48.644508;1.823157;331271;ILE-DE-FRANCE;78517;25456;78;78401;Rambouillet;25456;petite couronne;2;53;2 494;-19,70%;De 30 à 40 000 entrées;catégorie D;;commune isolée;128;116;33;53,1;31;15;0,8;63;25,5
709;62 466;67 147;COMMUNAUTE D'AGGLOMERATION EVRY CENTRE ESSONNE;69,5;48.65291;2.418053;338332;ILE-DE-FRANCE;91521;27797;91;851;Paris;10706072;petite couronne;3;53;3 352;-7,00%;De 50 à 80 000 entrées;catégorie C;RDJPPR;banlieue;304;177;74;57,1;20,3;14,4;8,1;228;71,2
291;18 660;21 075;COMMUNAUTE D'AGGLOMERATION EVRY CENTRE ESSONNE;39,5;48.651395;2.414242;338335;ILE-DE-FRANCE;91521;27797;91;851;Paris;10706072;petite couronne;1;53;1 060;-11,50%;De 10 à 20 000 entrées;non classé;;banlieue;126;75;21;65,7;22,8;8,6;2,9;59;47,9
192;15 805;16 425;VILLE DE ROISSY EN BRIE;17,9;48.793178;2.648662;341321;ILE-DE-FRANCE;77390;23048;77;851;Paris;10706072;petite couronne;1;53;636;-3,80%;De 10 à 20 000 entrées;non classé;;banlieue;137;105;2;29,5;53,6;15,8;1,1;39;21,2
436;57 109;62 673;SYNDICAT INTERCOMMUNAL DE GESTION DU CINEMA LE TRIANON;60,4;48.883869;2.44086;341652;ILE-DE-FRANCE;93063;26031;93;851;Paris;10706072;grande couronne;1;49;1 307;-8,90%;De 50 à 80 000 entrées;catégorie C;RDJP;banlieue;277;165;6;44,5;26,3;19,6;9,6;196;57,2
3324;1 110 865;1 293 964;UGC;15,2;48.880702;2.480345;343750;ILE-DE-FRANCE;93064;44728;93;851;Paris;10706072;grande couronne;15;53;31 532;-14,20%;De 1 à 1,5 million d'entrées;non classé;;banlieue;297;211;205;27;60,7;11,6;0,7;100;8,6
229;11 408;9 118;VILLE DE ROSNY SOUS BOIS;58,4;48.873327;2.482728;343762;ILE-DE-FRANCE;93064;44728;93;851;Paris;10706072;grande couronne;1;44;341;25%;De 10 à 20 000 entrées;non classé;;banlieue;154;109;0;47,7;16,3;24,5;11,6;106;72,1
689;110 058;133 690;SOCIETE D'ECONOMIE MIXTE THEATRE ANDRE MALRAUX;52;48.879844;2.180852;347162;ILE-DE-FRANCE;92063;78794;92;851;Paris;10706072;grande couronne;3;51;4 255;-17,70%;De 100 à 150 000 entrées;non classé;;banlieue;150;110;63;62,1;23,4;10,4;4;93;46,5
688;141 698;150 524;SOCIETE D'ECONOMIE MIXTE THEATRE ANDRE MALRAUX;8,8;48.862565;2.194794;347175;ILE-DE-FRANCE;92063;78794;92;851;Paris;10706072;grande couronne;3;53;4 054;-5,90%;De 100 à 150 000 entrées;non classé;;banlieue;87;72;62;28,5;58,8;12,6;0,1;15;5,1
436;153 281;175 576;C2L;16;48.937892;2.159419;353531;ILE-DE-FRANCE;78586;52538;78;851;Paris;10706072;petite couronne;5;53;8 888;-12,70%;De 150 à 200 000 entrées;non classé;;banlieue;192;162;127;36,9;50,5;11,9;0,6;62;12
390;21 953;19 662;VILLE DE SAVIGNY LE TEMPLE;34,3;48.57649;2.579118;356431;ILE-DE-FRANCE;77445;30260;77;851;Paris;10706072;petite couronne;1;51;895;12%;De 20 à 30 000 entrées;catégorie C;;banlieue;184;126;9;50,3;34,6;13,4;1,7;82;33,9
270;69 510;64 359;VILLE DE SCEAUX;74,2;48.777656;2.292628;356871;ILE-DE-FRANCE;92071;19355;92;851;Paris;10706072;grande couronne;1;53;1 198;8%;De 50 à 80 000 entrées;catégorie C;JPPR;banlieue;225;148;19;57;20,5;14,2;8,3;169;72,1
380;22 908;24 799;ETABLISSEMENT PUBLIC DE COOPERATION CULTURELLE SEVRES ESPACE LOI;69;48.82472689999999;2.21509930000002;362414;ILE-DE-FRANCE;92072;23332;92;851;Paris;10706072;grande couronne;1;46;387;-7,60%;De 20 à 30 000 entrées;catégorie C;;banlieue;125;106;1;49,2;24,5;15,6;10,7;84;70
699;10 505;8 284;VILLE DE STAINS;39,3;48.951678;2.381372;368403;ILE-DE-FRANCE;93072;39551;93;851;Paris;10706072;grande couronne;1;31;120;27%;De 10 à 20 000 entrées;non classé;;banlieue;79;40;0;24;42,8;21,7;11,5;30;36
205;27 444;24 729;VILLE DE SUCY EN BRIE;45,7;48.772452;2.512597;370073;ILE-DE-FRANCE;94071;26264;94;851;Paris;10706072;grande couronne;1;45;394;11%;De 20 à 30 000 entrées;non classé;;banlieue;153;114;1;67,5;19;9,5;4;80;48,3
644;118 111;124 721;VILLE DE SURESNES (Henochsberg à 40%);44,6;48.871363;2.229109;370411;ILE-DE-FRANCE;92073;48565;92;851;Paris;10706072;grande couronne;4;51;6 236;-5,30%;De 100 à 150 000 entrées;catégorie C;JP;banlieue;205;145;89;46,3;36,3;13,2;4,2;124;37,3
439;43 648;43 053;VILLE DE SAINT ARNOULT EN YVELINES;26,8;48.571134;1.933453;374021;ILE-DE-FRANCE;78537;6086;78;78202;Saint-Arnoult-en-Yvelines;6086;petite couronne;1;53;1 109;1%;De 40 à 50 000 entrées;catégorie E;;commune isolée;156;133;0;45,8;42,1;11;1,2;65;17,7
466;45 591;46 278;VILLE DE SAINT CLOUD;61,5;48.852362;2.216385;379671;ILE-DE-FRANCE;92064;29362;92;851;Paris;10706072;grande couronne;2;49;1 451;-1,50%;De 40 à 50 000 entrées;catégorie C;;banlieue;218;153;83;56,4;22,6;15,4;5,6;147;60,7
168;17 852;22 828;VILLE DE SAINT CYR L' ECOLE;51,8;48.799763;2.067533;381152;ILE-DE-FRANCE;78545;18221;78;851;Paris;10706072;petite couronne;1;40;795;-21,80%;De 10 à 20 000 entrées;catégorie C;JP;banlieue;176;125;0;50,9;23,1;22;4;107;56,7
398;71 754;74 836;VILLE DE SAINT DENIS;81,6;48.93659;2.358747;381912;ILE-DE-FRANCE;93066;111103;93;851;Paris;10706072;grande couronne;2;49;2 518;-4,10%;De 50 à 80 000 entrées;catégorie C;RDJPPR;banlieue;373;213;43;46,8;26,3;19,2;7,7;299;75,6
1513;265 622;289 853;Les cinemas GAUMONT-PATHE;4,9;48.925395;2.363117;381941;ILE-DE-FRANCE;93066;111103;93;851;Paris;10706072;grande couronne;9;53;14 835;-8,40%;De 200 à 300 000 entrées;non classé;;banlieue;179;137;125;13,4;57,7;9;19,9;15;3
222;7 013;7 462;VILLE DE SAINT FARGEAU PONTHIERRY;44,7;48.535934;2.547053;384792;ILE-DE-FRANCE;77407;14172;77;851;Paris;10706072;petite couronne;1;42;342;-6,00%;De 5 à 10 000 entrées;catégorie C;;banlieue;130;67;0;61,2;24,7;13,8;0,3;73;54,3
728;78 019;91 591;CINAEA;2,9;48.647712;2.326708;386864;ILE-DE-FRANCE;91549;35857;91;851;Paris;10706072;petite couronne;4;53;6 539;-14,80%;De 50 à 80 000 entrées;non classé;;banlieue;118;96;80;32,7;57,9;9,4;0;13;1,9
742;194 203;213 529;C2L;31,9;48.896605;2.090977;388971;ILE-DE-FRANCE;78551;39980;78;851;Paris;10706072;petite couronne;5;53;8 838;-9,10%;De 150 à 200 000 entrées;non classé;;banlieue;170;134;120;32,1;52;15,8;0,1;66;26,4
487;65 247;64 509;ASSOCIATION OFFICE CULTUREL DE SAINT GRATIEN;86,9;48.971269;2.274468;390452;ILE-DE-FRANCE;95555;20827;95;851;Paris;10706072;petite couronne;3;51;3 749;1%;De 50 à 80 000 entrées;catégorie C;RDJPPR;banlieue;208;123;65;59,3;16,5;12,8;11,4;197;92,5
425;44 874;47 575;ATELIER THEATRE DE LA CITE;73,4;48.798427;2.485821;404603;ILE-DE-FRANCE;94068;75168;94;851;Paris;10706072;grande couronne;1;53;1 516;-5,70%;De 40 à 50 000 entrées;catégorie C;RDJPPR;banlieue;229;153;49;59,3;15,6;15;10;179;72,6
1001;116 278;143 610;DELTA EXPLOITATION;26;48.793451;2.514771;404612;ILE-DE-FRANCE;94068;75168;94;851;Paris;10706072;grande couronne;4;53;6 246;-19,00%;De 100 à 150 000 entrées;non classé;;banlieue;190;144;88;51,2;36,2;11,5;1,1;84;22,1
496;69 515;65 750;ASSOCIATION ESPACE MARCEL CARNE;79,5;48.637713;2.320768;406812;ILE-DE-FRANCE;91570;20160;91;851;Paris;10706072;petite couronne;3;53;2 885;6%;De 50 à 80 000 entrées;catégorie C;RDJPPR;banlieue;284;172;39;56;18,2;17,9;7,8;239;73,9
513;144 555;155 280;UTOPIA LATIN;81,5;49.044334;2.106823;408323;ILE-DE-FRANCE;95572;24498;95;851;Paris;10706072;petite couronne;5;51;7 466;-6,90%;De 100 à 150 000 entrées;catégorie C;RDJPPR;banlieue;370;234;139;57,1;16,7;19,4;6,7;303;78,5
683;57 842;55 591;VILLE DE SAINT OUEN;69,8;48.904144;2.339193;408441;ILE-DE-FRANCE;93070;48431;93;851;Paris;10706072;grande couronne;2;50;2 440;4%;De 50 à 80 000 entrées;catégorie C;RDJPPR;banlieue;251;186;18;43,3;26,6;20,3;9,8;188;64,8
3679;1 418 442;1 628 192;Les cinemas GAUMONT-PATHE;14,2;48.756508;2.371928;425503;ILE-DE-FRANCE;94073;28942;94;851;Paris;10706072;grande couronne;16;53;33 700;-12,90%;De 1 à 1,5 million d'entrées;non classé;;banlieue;277;229;226;24,1;63,1;12;0,8;61;7,7
2974;811 075;848 879;CGR;14,1;48.840592;2.654959;429132;ILE-DE-FRANCE;77468;23558;77;851;Paris;10706072;petite couronne;16;53;32 583;-4,50%;De 700 000 à 1 million d'entrées;non classé;;banlieue;326;244;242;25;61,4;12;1,7;69;6,5
218;23 240;23 554;ASSOCIATION CULTURELLE DE TRAPPES;56;48.780183;1.992423;432832;ILE-DE-FRANCE;78621;32346;78;851;Paris;10706072;petite couronne;1;47;911;-1,30%;De 20 à 30 000 entrées;catégorie C;JPPR;banlieue;212;141;2;45,8;29,4;19,3;5,5;135;65
524;108 161;117 851;VILLE DE TREMBLAY EN FRANCE;46,6;48.99649;2.550261;433972;ILE-DE-FRANCE;93073;35381;93;851;Paris;10706072;grande couronne;3;51;4 113;-8,20%;De 100 à 150 000 entrées;catégorie C;RDJPPR;banlieue;314;217;37;47,6;37,9;11,7;2,8;212;35,1
2380;728 901;737 117;EUROPACORP AEROVILLE;8,5;48.991044;2.524032;433975;ILE-DE-FRANCE;93073;35381;93;851;Paris;10706072;grande couronne;12;53;24 239;-1,10%;De 700 000 à 1 million d'entrées;non classé;;banlieue;208;162;152;21;67,3;11,3;0,4;27;5
600;95 621;118 730;UGC;9,5;48.675884;2.175597;437562;ILE-DE-FRANCE;91692;24764;91;851;Paris;10706072;petite couronne;4;53;6 425;-19,50%;De 80 à 100 000 entrées;non classé;;banlieue;95;86;81;34,8;56;9,2;0;9;4,5
311;7 569;7 587;ASSOCIATION VAIROISE D'ANIMATION CULTURELLE;27,5;48.874168;2.632366;439271;ILE-DE-FRANCE;77479;13579;77;851;Paris;10706072;petite couronne;1;47;357;-0,20%;De 5 à 10 000 entrées;non classé;;banlieue;100;82;1;76,7;11,5;11,8;0;30;29,4
192;18 362;17 644;VILLE DE VANVES;77,8;48.821779;2.287439;442002;ILE-DE-FRANCE;92075;27806;92;851;Paris;10706072;grande couronne;1;45;501;4%;De 10 à 20 000 entrées;catégorie C;;banlieue;167;135;0;54,1;24,6;11,2;10,1;132;74,9
1603;308 664;342 719;CINE MONTEREAU POINT COM;13,7;48.367677;2.957289;442370;ILE-DE-FRANCE;77482;3429;77;77403;Montereau-Fault-Yonne;27606;petite couronne;9;53;15 767;-9,90%;De 300 à 450 000 entrées;non classé;;banlieue;314;217;189;34;54,2;11,5;0,3;113;8
295;43 912;46 116;C2L;57;48.837881;2.157499;443601;ILE-DE-FRANCE;92076;8688;92;851;Paris;10706072;grande couronne;2;51;2 436;-4,80%;De 40 à 50 000 entrées;catégorie C;;banlieue;131;115;54;53,1;19,2;21;6,7;80;58,7
217;37 873;44 166;VILLE DE VAUREAL;20,2;49.030119;2.021182;444330;ILE-DE-FRANCE;95637;16221;95;851;Paris;10706072;petite couronne;2;50;2 257;-14,20%;De 30 à 40 000 entrées;non classé;;banlieue;253;182;18;26,9;54,9;13,6;4,6;76;21,6
285;22 145;27 282;VILLE DE VAUX LE PENIL;43,9;48.527795;2.689584;444791;ILE-DE-FRANCE;77487;11039;77;851;Paris;10706072;petite couronne;1;49;693;-18,80%;De 20 à 30 000 entrées;catégorie C;;banlieue;212;168;6;63,8;20,3;13,7;2,2;109;54,3
962;307 937;405 996;UGC;13,3;48.780955;2.220219;445702;ILE-DE-FRANCE;78640;21090;78;851;Paris;10706072;petite couronne;7;53;14 545;-24,20%;De 300 à 450 000 entrées;non classé;;banlieue;163;119;116;30,2;57,2;12,6;0;50;7
312;24 971;28 609;VILLE DE VERNEUIL SUR SEINE;26,8;48.979213;1.97461;448802;ILE-DE-FRANCE;78642;15366;78;851;Paris;10706072;petite couronne;1;50;844;-12,70%;De 20 à 30 000 entrées;non classé;;banlieue;206;176;2;55,5;28,8;14,8;0,9;81;25
491;35 347;0;;54,6;48.754993;2.269638;449542;ILE-DE-FRANCE;91645;15592;91;851;Paris;10706072;petite couronne;2;47;1 652;#DIV/0!;De 30 à 40 000 entrées;non classé;;banlieue;234;194;18;62,4;22;13;2,6;144;49,2
1590;376 582;397 995;UGC;20,6;48.807883;2.130901;449661;ILE-DE-FRANCE;78646;85771;78;851;Paris;10706072;petite couronne;8;53;16 443;-5,40%;De 300 à 450 000 entrées;non classé;;banlieue;271;182;141;36,5;48,7;14,6;0,2;129;19
769;135 235;118 282;UGC;86,4;48.803954;2.133847;449702;ILE-DE-FRANCE;78646;85771;78;851;Paris;10706072;petite couronne;4;53;6 542;14%;De 100 à 150 000 entrées;catégorie C;RDPR;banlieue;256;179;91;64;4;23,2;8,8;219;86,6
199;29 911;32 022;VILLE DE VESINET;61,9;48.893988;2.134326;450503;ILE-DE-FRANCE;78650;15884;78;851;Paris;10706072;petite couronne;1;48;724;-6,60%;De 20 à 30 000 entrées;catégorie C;;banlieue;141;112;13;57,9;22,4;15,2;4,5;95;68,3
279;10 217;11 063;VILLE D'AVRAY;51,7;48.824654;2.18397;455770;ILE-DE-FRANCE;92077;11422;92;851;Paris;10706072;grande couronne;1;48;340;-7,60%;De 10 à 20 000 entrées;non classé;;banlieue;208;174;1;48,3;26,2;20;5,5;109;46,5
616;19 601;24 062;THEATRE ROMAIN ROLLAND;61,9;48.793428;2.363199;456762;ILE-DE-FRANCE;94076;56661;94;851;Paris;10706072;grande couronne;1;47;310;-18,50%;De 10 à 20 000 entrées;non classé;;banlieue;118;96;1;53,2;27,8;10,2;8,9;78;64,4
212;8 739;9 476;VILLE DE VILLENEUVE LA GARENNE;48,2;48.935662;2.333275;457861;ILE-DE-FRANCE;92078;24433;92;851;Paris;10706072;grande couronne;1;41;220;-7,80%;De 5 à 10 000 entrées;non classé;;banlieue;52;21;0;31,2;39,2;13,4;16,2;26;72,9
448;2 513;2 256;VILLE DE VILLENEUVE LE ROI;20;48.735355;2.416829;457983;ILE-DE-FRANCE;94077;20732;94;851;Paris;10706072;grande couronne;1;15;20;11%;De 2 à 5 000 entrées;non classé;;banlieue;17;10;0;34;55,9;10;0;4;8,9
220;20 548;22 260;VILLE DE VILLIERS SUR MARNE;46,5;48.826124;2.542402;461663;ILE-DE-FRANCE;94079;28511;94;851;Paris;10706072;grande couronne;1;51;1 068;-7,70%;De 20 à 30 000 entrées;catégorie C;;banlieue;207;169;6;54;29,7;10,2;6,1;115;41,2
204;1 046;1 229;ESPACE DANIEL SORANO;38,9;48.849453;2.437319;462304;ILE-DE-FRANCE;94080;49461;94;851;Paris;10706072;grande couronne;1;10;18;-14,90%;Moins de 2000 entrées;non classé;;banlieue;8;2;0;25,8;45,5;16;12,6;7;86,5
481;153 879;166 779;LE VINCENNES;59,4;48.845095;2.434268;462321;ILE-DE-FRANCE;94080;49461;94;851;Paris;10706072;grande couronne;4;53;6 998;-7,70%;De 150 à 200 000 entrées;catégorie C;JPPR;banlieue;248;124;88;50,9;30;13,2;5,8;193;53,9
551;78 606;75 832;VILLE DE VIRY CHATILLON;40,1;48.681815;2.379391;463353;ILE-DE-FRANCE;91687;30831;91;851;Paris;10706072;petite couronne;3;53;3 219;4%;De 50 à 80 000 entrées;catégorie C;JP;banlieue;340;255;50;45,5;40,8;12,9;0,8;213;28,9
549;69 490;73 456;VILLE DE VITRY SUR SEINE;42,6;48.790948;2.388152;463931;ILE-DE-FRANCE;94081;92531;94;851;Paris;10706072;grande couronne;3;52;4 598;-5,40%;De 50 à 80 000 entrées;catégorie C;RDJPPR;banlieue;335;228;34;48,4;34,8;11;5,7;218;38,5
214;30 898;30 809;SNES (Font)/ADCI (DSP);37,3;48.714932;2.489765;469245;ILE-DE-FRANCE;91691;28921;91;851;Paris;10706072;petite couronne;1;53;1 120;0%;De 30 à 40 000 entrées;non classé;;banlieue;156;129;5;62,6;26,8;9,8;0,8;74;28,8
3728;631 776;826 658;MEGARAMA;9,8;48.930677;2.320895;575001;ILE-DE-FRANCE;92078;24433;92;851;Paris;10706072;grande couronne;18;53;31 855;-23,60%;De 450 à 700 000 entrées;non classé;;banlieue;249;212;210;24,5;62,8;11,6;1,1;33;6,1
1508;130 992;0;KINEPOLIS;14,8;48.57924680000001;2.2996356999999534;718750;ILE-DE-FRANCE;91103;26215;91;851;Paris;10706072;petite couronne;10;17;5 174;#DIV/0!;De 100 à 150 000 entrées;non classé;;banlieue;118;83;65;32,9;48,6;16,6;1,9;14;6,2
2858;802 030;978 995;UGC;14,2;48.797186;2.469391;720300;ILE-DE-FRANCE;94028;90739;94;851;Paris;10706072;grande couronne;12;53;24 990;-18,10%;De 700 000 à 1 million d'entrées;non classé;;banlieue;251;178;173;27,8;61;11;0,1;84;8,9
3612;1 080 293;1 176 268;UGC;24,7;48.784168;2.039775;720400;ILE-DE-FRANCE;78423;33123;78;851;Paris;10706072;petite couronne;16;53;33 870;-8,20%;De 1 à 1,5 million d'entrées;non classé;;banlieue;350;235;231;33,5;51,9;13,8;0,8;139;15,2
1861;396 022;41 298;MEGARAMA;6,4;48.994228;2.194982;723600;ILE-DE-FRANCE;95424;20789;95;851;Paris;10706072;petite couronne;8;53;14 931;859%;De 300 à 450 000 entrées;non classé;;banlieue;174;150;147;26,5;61,2;12;0,3;14;3,4
1817;299 401;77 225;CGR;5,5;48.984111;2.372423;723680;ILE-DE-FRANCE;95585;57412;95;851;Paris;10706072;petite couronne;10;53;20 930;288%;De 200 à 300 000 entrées;non classé;;banlieue;215;171;166;23,8;64;10;2,1;19;2,7
1894;538 667;110 952;Les cinemas GAUMONT-PATHE;14,5;48.724173;2.262676;723760;ILE-DE-FRANCE;91377;48363;91;851;Paris;10706072;petite couronne;9;53;19 783;385%;De 450 à 700 000 entrées;non classé;;banlieue;205;161;154;23,2;62,7;13,9;0,2;39;8,2
1606;53 413;0;;18,2;48.7946166;2.5525718999999754;724000;ILE-DE-FRANCE;94019;18226;94;851;Paris;10706072;grande couronne;8;14;4 395;#DIV/0!;De 50 à 80 000 entrées;non classé;;banlieue;56;55;43;40,9;43,2;15,9;0;16;6,9
511;14 313;125 914;VILLE D'ABBEVILLE;75;50.108677;1.834667;10184;HAUTS DE FRANCE;80001;23278;80;80401;Abbeville;26023;unités urbaines de 20 000 à 100 000 habitants;3;46;1 330;-88,60%;De 10 à 20 000 entrées;non classé;;commune-centre;147;87;8;67,5;18,8;9,9;3,7;117;86,5
1209;247 781;17 465;CGR;6,4;50.115049;1.824393;10192;HAUTS DE FRANCE;80001;23278;80;80401;Abbeville;26023;unités urbaines de 20 000 à 100 000 habitants;8;53;16 686;1319%;De 200 à 300 000 entrées;non classé;;commune-centre;188;160;153;46,3;45,2;8,4;0,1;17;3
268;29 538;29 398;ASSOCIATION POUR LE DEVELOPPEMENT DU CINEMA A ACIGNE;49,1;48.135609;-1.537695;11101;BRETAGNE;35001;6521;35;35206;Acigné;6521;unités urbaines de moins de 20 000 habitants et zones rurales;2;48;820;0%;De 20 à 30 000 entrées;catégorie E;;commune isolée;229;174;17;62,2;18,3;14,7;4,8;132;37,7
79;9 168;8 113;GUYOT FREDERIC ET GEORGES MAXIME;40,2;49.048659;-1.595352;11854;NORMANDIE;50003;2796;50;50203;Agon-Coutainville;7475;unités urbaines de moins de 20 000 habitants et zones rurales;1;53;483;13%;De 5 à 10 000 entrées;catégorie E;;commune-centre;177;142;3;62,3;24,8;11,2;1,6;93;31,5
490;38 357;39 083;NORD OUEST EXPLOITATION CINEMAS;19,2;48.762976;0.62734;12101;NORMANDIE;61214;8053;61;61301;L'Aigle;11190;unités urbaines de moins de 20 000 habitants et zones rurales;1;53;1 013;-1,90%;De 30 à 40 000 entrées;non classé;;commune-centre;227;174;33;48,5;41;8,8;1,7;119;14,2
286;8 433;8 550;LAVILLARD ALAIN ROBERT;43,7;46.431926;1.830697;12612;CENTRE-VAL DE LOIRE;36001;1458;36;0;Zone rurale;14541106;unités urbaines de 100 000 habitants et plus;1;48;600;-1,40%;De 5 à 10 000 entrées;catégorie E;;territoire rural;130;108;2;70,1;18,3;8,5;3,1;65;32,1
360;46 693;41 807;LAVILLARD ALAIN ROBERT;17,1;50.004652;2.648257;14033;HAUTS DE FRANCE;80016;9931;80;80301;Albert;9931;unités urbaines de moins de 20 000 habitants et zones rurales;2;51;1 704;12%;De 40 à 50 000 entrées;non classé;;commune isolée;248;167;36;55,7;36,2;7,8;0,2;77;12,1
1199;243 797;176 227;LES FEUX DE LA RAMPE;19,9;48.433552;0.063775;14445;NORMANDIE;61001;26069;61;461;Alençon;41758;unités urbaines de 20 000 à 100 000 habitants;7;53;10 753;38%;De 200 à 300 000 entrées;catégorie D;;commune-centre;330;250;151;49,5;39,3;10,4;0,8;160;14,1
600;32 122;36 679;;31;47.983405;0.148339;15682;PAYS DE LA LOIRE;72003;11128;72;72701;Le Mans;210018;unités urbaines de 100 000 habitants et plus;1;53;825;-12,40%;De 30 à 40 000 entrées;non classé;;banlieue;136;90;0;71,9;14,6;7,6;5,9;57;37,4
354;49 553;52 660;SARL CINEA;12,8;47.41057;0.980035;16803;CENTRE-VAL DE LOIRE;37003;13119;37;37701;Tours;353042;unités urbaines de 100 000 habitants et plus;2;53;2 441;-5,90%;De 40 à 50 000 entrées;non classé;;banlieue;185;129;55;51;39,8;8,3;0,9;77;13,2
188;21 035;22 992;MAISON DE LA CULTURE D'AMIENS;92,8;49.89407;2.292451;17303;HAUTS DE FRANCE;80021;132874;80;80601;Amiens;162637;unités urbaines de 100 000 habitants et plus;1;48;992;-8,50%;De 20 à 30 000 entrées;catégorie B;RDPR;commune-centre;187;85;8;54;23,7;10,5;11,8;175;97,9
254;52 289;54 698;JCA CINE SAINT LEU;93,9;49.896685;2.302146;17325;HAUTS DE FRANCE;80021;132874;80;80601;Amiens;162637;unités urbaines de 100 000 habitants et plus;1;53;1 554;-4,40%;De 50 à 80 000 entrées;catégorie B;RDJPPR;commune-centre;151;89;30;58,4;12,2;19,3;10,1;145;98,8
2682;751 448;778 181;Les cinemas GAUMONT-PATHE;19,9;49.889445;2.304933;17326;HAUTS DE FRANCE;80021;132874;80;80601;Amiens;162637;unités urbaines de 100 000 habitants et plus;12;53;23 910;-3,40%;De 700 000 à 1 million d'entrées;non classé;;commune-centre;297;247;244;37,1;50,5;11,8;0,6;79;11
256;42 467;43 860;SOCIETE ANCENIENNE CINEMA;39;47.365383;-1.184371;17802;PAYS DE LA LOIRE;44003;7510;44;44301;Ancenis;10403;unités urbaines de moins de 20 000 habitants et zones rurales;1;53;749;-3,20%;De 40 à 50 000 entrées;catégorie E;JPPR;commune-centre;306;236;11;52,3;34,4;11,9;1,3;173;30,2
554;71 330;48 331;NORD OUEST EXPLOITATION CINEMAS;14;49.246748;1.416469;18291;NORMANDIE;27016;8141;27;27207;Les Andelys;8404;unités urbaines de moins de 20 000 habitants et zones rurales;3;53;3 552;48%;De 50 à 80 000 entrées;catégorie E;;commune-centre;287;221;58;40,9;48;10,1;1;139;9,1
250;8 266;8 223;VILLE D'ANET;25,2;48.857505;1.439036;18701;CENTRE-VAL DE LOIRE;28007;2690;28;361;Ézy-sur-Eure;17334;unités urbaines de moins de 20 000 habitants et zones rurales;1;47;210;1%;De 5 à 10 000 entrées;non classé;;commune-centre;102;86;0;59,4;25,2;13,6;1,7;26;19,6
811;304 002;308 290;CYBELE;85,2;47.472132;-0.553522;18861;PAYS DE LA LOIRE;49007;151520;49;49701;Angers;225978;unités urbaines de 100 000 habitants et plus;7;53;12 504;-1,40%;De 300 à 450 000 entrées;catégorie A;RDJPPR;commune-centre;484;293;241;55,1;16,8;20,7;7,4;417;85,8
2522;681 279;733 655;Les cinemas GAUMONT-PATHE;13,5;47.478647;-0.549339;18866;PAYS DE LA LOIRE;49007;151520;49;49701;Angers;225978;unités urbaines de 100 000 habitants et plus;12;53;21 312;-7,10%;De 450 à 700 000 entrées;non classé;;commune-centre;255;209;203;37,5;50,4;11,7;0,4;46;8,1
534;58 993;61 207;LES FEUX DE LA RAMPE;14,3;48.745411;-0.019397;23241;NORMANDIE;61006;13769;61;61302;Argentan;15038;unités urbaines de moins de 20 000 habitants et zones rurales;3;53;2 418;-3,60%;De 50 à 80 000 entrées;catégorie E;JP;commune-centre;186;147;76;54;36;7,7;2,3;67;12,4
187;24 391;25 671;VILLE D'ARGENTON SUR CREUSE;33,2;46.588805;1.51986;23513;CENTRE-VAL DE LOIRE;36006;4954;36;36203;Argenton-sur-Creuse;8392;unités urbaines de moins de 20 000 habitants et zones rurales;1;53;645;-5,00%;De 20 à 30 000 entrées;catégorie E;JPPR;commune-centre;163;133;6;64;24,3;10,4;1,3;78;29,7
158;9 458;10 328;LES JEUNES D'ARGENTRE;33;48.058076;-1.148927;23541;BRETAGNE;35006;4294;35;35126;Argentré-du-Plessis;4294;unités urbaines de moins de 20 000 habitants et zones rurales;1;48;437;-8,40%;De 5 à 10 000 entrées;catégorie E;;commune isolée;170;141;5;59,9;30,1;7,6;2,3;68;23,9
126;10 824;12 528;VILLE D'ARGENT SUR SAULDRE;13,4;47.558659;2.446881;23561;CENTRE-VAL DE LOIRE;18011;2142;18;18101;Argent-sur-Sauldre;2142;unités urbaines de moins de 20 000 habitants et zones rurales;1;52;382;-13,60%;De 10 à 20 000 entrées;non classé;;commune isolée;117;99;7;58;33,6;8,3;0,1;29;8,2
100;29 655;32 609;AGENCE REGIONALE CENTRE LIVRE IMAGE CULTURE;48,1;48.083036;1.87847;25722;CENTRE-VAL DE LOIRE;45008;1832;45;0;Zone rurale;14541106;unités urbaines de 100 000 habitants et plus;1;45;1 116;-9,10%;De 20 à 30 000 entrées;catégorie E;JP;territoire rural;97;46;0;61,1;19,2;13,2;6,6;67;52,5
246;9 293;15 129;ASSOCIATION CINEMA LA LOCOMOTIVE (TIERS FERME);27;47.546509;-2.910816;26402;BRETAGNE;56005;2095;56;56102;Arzon;2095;unités urbaines de moins de 20 000 habitants et zones rurales;2;33;493;-38,60%;De 5 à 10 000 entrées;catégorie E;;commune isolée;134;116;6;40,1;44,9;14,2;0,8;54;17,9
163;13 228;13 773;VILLE D'AUBIGNY SUR NERE;32,5;47.488316;2.43949;28732;CENTRE-VAL DE LOIRE;18015;5539;18;18201;Aubigny-sur-Nère;5539;unités urbaines de moins de 20 000 habitants et zones rurales;1;49;680;-4,00%;De 10 à 20 000 entrées;non classé;;commune isolée;156;119;1;61,7;28,6;8,7;1;82;28,4
516;20 867;22 247;VILLE D'AUDIERNE;43,8;48.022078;-4.5389;29373;BRETAGNE;29003;3708;29;29213;Plouhinec - Audierne;7719;unités urbaines de moins de 20 000 habitants et zones rurales;1;53;842;-6,20%;De 20 à 30 000 entrées;catégorie E;JP;banlieue;219;171;2;55,1;31,6;10,1;3,1;124;38,3
181;18 141;17 803;VILLE D'AUMALE;8;49.770863;1.753271;30482;NORMANDIE;76035;2177;76;157;Aumale;2579;unités urbaines de moins de 20 000 habitants et zones rurales;1;53;824;2%;De 10 à 20 000 entrées;non classé;;commune-centre;81;62;10;79,4;14,4;5,1;1;18;7,4
199;23 627;22 733;VILLE D'AUNAY SUR ODON;41,9;49.020149;-0.629742;30761;NORMANDIE;14027;4740;14;14113;Aunay-sur-Odon;4740;unités urbaines de moins de 20 000 habitants et zones rurales;1;52;635;4%;De 20 à 30 000 entrées;catégorie E;JP;commune-centre;178;135;2;58,6;29,5;10,1;1,8;94;30,6
866;175 436;188 320;SARL G K L B;29,6;47.669814;-2.985582;30891;BRETAGNE;56007;13746;56;56401;Auray;28513;unités urbaines de 20 000 à 100 000 habitants;5;53;6 983;-6,80%;De 150 à 200 000 entrées;catégorie D;JP;commune-centre;296;219;117;47,3;38,8;12,7;1,3;149;20,8
1593;325 238;354 390;CGR;24,6;47.793473;3.56576;32651;BOURGOGNE / FRANCHE-COMTE;89024;34583;89;89402;Auxerre;41853;unités urbaines de 20 000 à 100 000 habitants;8;53;16 427;-8,20%;De 300 à 450 000 entrées;non classé;;commune-centre;376;273;180;43,2;45,6;10;1,2;206;15,7
451;44 378;45 420;VILLE D'AVALLON;35,5;47.490254;3.909327;33122;BOURGOGNE / FRANCHE-COMTE;89025;6807;89;89203;Avallon;6807;unités urbaines de moins de 20 000 habitants et zones rurales;2;53;2 317;-2,30%;De 40 à 50 000 entrées;catégorie E;RDJP;commune isolée;257;195;46;48,9;41;8,6;1,5;140;24,6
617;79 370;86 771;CINE PINEL;17,4;48.684271;-1.35894;34182;NORMANDIE;50025;7766;50;50301;Avranches;15372;unités urbaines de moins de 20 000 habitants et zones rurales;3;52;2 317;-8,50%;De 50 à 80 000 entrées;catégorie E;;commune-centre;179;128;73;54,1;36,9;7,7;1,2;74;15,1
346;29 368;26 863;SOGECOM - CASINO DE BAGNOLES DE L' ORNE;25,7;48.557714;-0.418487;36071;NORMANDIE;61483;2697;61;61105;Bagnoles-de-l'Orne;3084;unités urbaines de moins de 20 000 habitants et zones rurales;1;53;1 083;9%;De 20 à 30 000 entrées;catégorie E;;commune-centre;201;173;7;71,6;21,1;6,9;0,4;69;15
294;27 345;23 834;CINE SPECTACLES DE BAIN DE BRETAGNE;25,3;47.845691;-1.687075;36602;BRETAGNE;35012;7335;35;35212;Bain-de-Bretagne;7335;unités urbaines de moins de 20 000 habitants et zones rurales;2;50;613;15%;De 20 à 30 000 entrées;catégorie E;JP;commune isolée;206;160;15;51,1;34,1;13,6;1,2;77;18
345;8 430;11 014;VILLE DE BARENTIN;33;49.544612;0.95126;39174;NORMANDIE;76057;12249;76;76401;Barentin;20372;unités urbaines de 20 000 à 100 000 habitants;1;37;109;-23,50%;De 5 à 10 000 entrées;non classé;;commune-centre;95;72;0;59,8;26,2;13,5;0,5;32;26,2
270;21 069;19 309;CHAMPALAUNE BRUNO MAURICE GERARD;21,6;49.380918;-1.77881;39662;NORMANDIE;50031;2218;50;0;Zone rurale;14541106;unités urbaines de 100 000 habitants et plus;1;50;583;9%;De 20 à 30 000 entrées;catégorie E;;territoire rural;137;116;14;60,1;28,9;10,4;0,6;60;14,9
439;28 944;31 389;IMPACT CINE VIDEO;34,7;48.230581;4.709869;40293;GRAND EST;10033;4978;10;10201;Bar-sur-Aube;5216;unités urbaines de moins de 20 000 habitants et zones rurales;2;47;2 273;-7,80%;De 20 à 30 000 entrées;catégorie E;RDJPPR;commune-centre;290;201;23;54;34,9;8,2;3;179;24,7
1506;613 412;624 177;;8,3;47.215304;-1.465696;40708;PAYS DE LA LOIRE;44009;8698;44;44701;Nantes;633690;unités urbaines de 100 000 habitants et plus;9;53;18 503;-1,70%;De 450 à 700 000 entrées;non classé;;banlieue;188;165;162;40,1;48,5;10,8;0,5;21;5
255;24 683;25 116;LES ENFANTS DE LA CLARTE;20,3;47.877156;-3.017589;41781;BRETAGNE;56010;6230;56;56204;Baud;6230;unités urbaines de moins de 20 000 habitants et zones rurales;1;52;1 091;-1,70%;De 20 à 30 000 entrées;catégorie E;;commune isolée;221;181;16;59,7;29,6;10,1;0,6;93;16,3
203;8 837;9 763;STELLA CINE;40,4;47.542333;-0.107495;42011;PAYS DE LA LOIRE;49018;11862;49;49201;Baugé;11862;unités urbaines de moins de 20 000 habitants et zones rurales;1;52;324;-9,50%;De 5 à 10 000 entrées;catégorie E;;commune isolée;174;138;1;66,6;21;12,3;0,1;83;32,8
804;112 007;120 815;SAEM LOCALE GULF STREAM;20,5;47.283747;-2.391924;42075;PAYS DE LA LOIRE;44055;15611;44;44601;Saint-Nazaire;152164;unités urbaines de 100 000 habitants et plus;5;51;7 587;-7,30%;De 100 à 150 000 entrées;non classé;;banlieue;159;141;133;56,9;32,6;10,5;0;41;17,2
444;74 714;78 773;SOCIETE DU CINEMA LE MELIES;17,6;49.278064;-0.70355;42621;NORMANDIE;14047;13656;14;14303;Bayeux;18093;unités urbaines de moins de 20 000 habitants et zones rurales;3;52;2 540;-5,20%;De 50 à 80 000 entrées;catégorie E;JPPR;commune-centre;166;129;59;48,8;39,8;10,9;0,5;69;16,7
144;10 059;10 139;VILLE DE BEAUFORT EN VALLEE;40,6;47.440442;-0.217892;44042;PAYS DE LA LOIRE;49021;7104;49;49204;Beaufort-en-Vallée;7104;unités urbaines de moins de 20 000 habitants et zones rurales;1;46;384;-0,80%;De 10 à 20 000 entrées;catégorie E;;commune-centre;215;170;2;67,2;22,9;9,1;0,7;106;35,2
200;25 595;30 169;ASSOCIATION BALGENTIENNE CINEMA DUNOIS;34,1;47.777284;1.628684;44131;CENTRE-VAL DE LOIRE;45028;7475;45;45207;Beaugency;8818;unités urbaines de moins de 20 000 habitants et zones rurales;1;48;637;-15,20%;De 20 à 30 000 entrées;catégorie E;JPPR;commune-centre;195;156;18;54,9;29,1;11,1;4,9;105;31
160;14 750;13 427;CINEMA JEANNE D'ARC;29,1;47.20201;-0.995912;45372;PAYS DE LA LOIRE;49023;22965;49;49206;Beaupréau;22965;unités urbaines de 20 000 à 100 000 habitants;1;52;429;10%;De 10 à 20 000 entrées;catégorie E;;commune isolée;174;134;0;58;29,5;12;0,5;65;23,9
205;10 329;11 900;ASSOCIATION CULTURELLE ARGENTINE;65,8;49.437982;2.099627;45876;HAUTS DE FRANCE;60057;54881;60;60501;Beauvais;58742;unités urbaines de 20 000 à 100 000 habitants;1;50;722;-13,20%;De 10 à 20 000 entrées;catégorie D;RDJPPR;commune-centre;174;80;0;44,8;33;12,4;9,9;135;77,6
1595;435 308;502 950;BEAUVAIS CINEMA (Gomet);23,6;49.426913;2.091861;45877;HAUTS DE FRANCE;60057;54881;60;60501;Beauvais;58742;unités urbaines de 20 000 à 100 000 habitants;10;53;20 568;-13,40%;De 300 à 450 000 entrées;catégorie D;RDJPPR;commune-centre;446;297;237;39,1;50,4;10;0,6;239;9
326;52 037;58 924;VILLE DE BENODET;30,6;47.874121;-4.110036;49632;BRETAGNE;29006;3505;29;29402;Fouesnant;23955;unités urbaines de 20 000 à 100 000 habitants;2;53;2 016;-11,70%;De 50 à 80 000 entrées;catégorie D;;banlieue;148;117;59;64,2;26,5;8;1,2;72;25,4
268;26 426;27 938;REYNAUD ;20,6;49.090933;0.602729;50833;NORMANDIE;27056;10432;27;27301;Bernay;11804;unités urbaines de moins de 20 000 habitants et zones rurales;1;51;884;-5,40%;De 20 à 30 000 entrées;non classé;;commune-centre;179;136;27;49,7;39,9;9,5;1;77;21,7
218;11 087;10 872;VILLE DE LA BERNERIE EN RETZ;18,7;47.079739;-2.03865;50901;PAYS DE LA LOIRE;44012;2834;44;44304;Pornic;19312;unités urbaines de moins de 20 000 habitants et zones rurales;1;51;219;2%;De 10 à 20 000 entrées;non classé;;banlieue;126;113;9;74,2;18,7;7,1;0;31;13,2
183;20 159;18 531;ASSOCIATION L'EVEIL;51,4;48.183726;-1.649328;53461;BRETAGNE;35024;10879;35;35301;Betton;13005;unités urbaines de moins de 20 000 habitants et zones rurales;1;48;352;9%;De 20 à 30 000 entrées;catégorie E;;commune-centre;169;132;1;65,5;16,4;14,8;3,2;100;52,4
285;33 294;33 055;ASSOCIATION  CINEMA SAINT LAURENT;24,4;47.476369;-1.763766;57221;PAYS DE LA LOIRE;44015;9638;44;44213;Blain;9638;unités urbaines de moins de 20 000 habitants et zones rurales;1;51;664;1%;De 30 à 40 000 entrées;catégorie E;;commune isolée;202;139;16;55,6;30,8;12,4;1,1;78;21,6
253;27 088;25 724;VILLE DE LE BLANC;42,8;46.631877;1.067624;57473;CENTRE-VAL DE LOIRE;36018;6572;36;36201;Le Blanc;6572;unités urbaines de moins de 20 000 habitants et zones rurales;2;49;1 146;5%;De 20 à 30 000 entrées;catégorie E;RDJPPR;commune isolée;171;129;9;61,3;27,6;8,4;2,8;91;32,4
683;68 255;71 505;CAP'CINEMA;89,8;47.590803;1.335364;58735;CENTRE-VAL DE LOIRE;41018;45710;41;41501;Blois;66763;unités urbaines de 20 000 à 100 000 habitants;3;50;4 455;-4,50%;De 50 à 80 000 entrées;catégorie D;RDJPPR;commune-centre;335;202;92;60,3;15,8;14,9;9;307;94,7
2152;397 610;425 534;CAP'CINEMA;7,2;47.612706;1.336917;58773;CENTRE-VAL DE LOIRE;41018;45710;41;41501;Blois;66763;unités urbaines de 20 000 à 100 000 habitants;11;53;18 553;-6,60%;De 300 à 450 000 entrées;non classé;;commune-centre;258;196;186;39,2;49,5;10,5;0,8;31;4
117;2 603;2 595;VILLE DE BLONVILLE SUR MER;23,2;49.318522;0.044034;58841;NORMANDIE;14079;1516;14;14402;Dives-sur-Mer;34823;unités urbaines de 20 000 à 100 000 habitants;1;26;233;0%;De 2 à 5 000 entrées;non classé;;banlieue;77;64;0;41;39,7;16,4;2,8;18;16,2
142;9 536;9 226;VILLE DE BOHAIN EN VERMANDOIS;15,4;49.983958;3.455918;59351;HAUTS DE FRANCE;2095;5670;2;2202;Bohain-en-Vermandois;5670;unités urbaines de moins de 20 000 habitants et zones rurales;1;47;410;3%;De 5 à 10 000 entrées;non classé;;commune isolée;119;94;1;43,3;36,9;19,2;0,5;24;22,1
495;26 564;30 064;CAVELAN VERONIQUE AGNES JEANNE GERMAINE NEE HENNETIER;2,2;49.571514;0.475348;61082;NORMANDIE;76114;11679;76;76302;Bolbec;18045;unités urbaines de moins de 20 000 habitants et zones rurales;2;53;2 181;-11,60%;De 20 à 30 000 entrées;non classé;;commune-centre;87;77;40;42,3;50,4;6;1,3;10;1,8
338;30 963;30 311;ASSOCIATION CINEMA LE BEAULIEU;55,6;47.178021;-1.624832;65861;PAYS DE LA LOIRE;44020;18815;44;44701;Nantes;633690;unités urbaines de 100 000 habitants et plus;1;48;583;2%;De 30 à 40 000 entrées;catégorie C;JP;banlieue;199;146;2;67,1;18,1;10,4;4,4;133;58,6
150;10 649;9 941;NORD OUEST EXPLOITATION CINEMAS;24,7;47.950629;5.747761;67324;GRAND EST;52060;2118;52;52101;Bourbonne-les-Bains;2118;unités urbaines de moins de 20 000 habitants et zones rurales;1;53;1 070;7%;De 10 à 20 000 entrées;non classé;;commune isolée;150;123;1;67,5;25,8;6,3;0,4;46;19,6
110;37 557;40 776;VILLE DE BOURGES;90,1;47.10605;2.431929;68025;CENTRE-VAL DE LOIRE;18033;66071;18;18501;Bourges;82558;unités urbaines de 20 000 à 100 000 habitants;1;49;1 365;-7,90%;De 30 à 40 000 entrées;catégorie D;RDJPPR;commune-centre;193;134;18;58,8;14,8;14;12,4;182;97,4
2620;439 229;473 919;CGR;14,1;47.082905;2.387262;68046;CENTRE-VAL DE LOIRE;18033;66071;18;18501;Bourges;82558;unités urbaines de 20 000 à 100 000 habitants;12;53;24 451;-7,30%;De 300 à 450 000 entrées;non classé;;commune-centre;274;235;226;38,5;49,9;11,4;0,3;52;7,5
318;10 445;10 866;LE TRIANON;57,6;48.162712;-0.971524;68371;PAYS DE LA LOIRE;53039;1792;53;0;Zone rurale;14541106;unités urbaines de 100 000 habitants et plus;1;49;231;-3,90%;De 10 à 20 000 entrées;catégorie E;;territoire rural;192;149;0;73,8;12,3;9,5;4,4;121;46,2
224;11 075;13 550;AMICALE DES ANCIENS ELEVES ECOLE LAIQUE;42,4;47.28271;0.171969;68561;CENTRE-VAL DE LOIRE;37031;3896;37;37201;Bourgueil;6107;unités urbaines de moins de 20 000 habitants et zones rurales;1;53;415;-18,30%;De 10 à 20 000 entrées;catégorie E;JP;commune-centre;177;136;7;45,5;38,6;13;2,9;111;38,4
380;4 094;4 297;ASSOCIATION DE L'ABBAYE DE BOURGUEIL;17,3;47.281285;0.171088;68562;CENTRE-VAL DE LOIRE;37031;3896;37;37201;Bourgueil;6107;unités urbaines de moins de 20 000 habitants et zones rurales;1;49;173;-4,70%;De 2 à 5 000 entrées;non classé;;commune-centre;57;51;0;81,3;14,1;4,3;0,3;15;16,2
293;60 889;58 864;LE CINEMA LA BOBINE;38,7;48.0505921;-1.8653428000000076;71942;BRETAGNE;35037;5815;35;35130;Bréal-sous-Montfort;5815;unités urbaines de moins de 20 000 habitants et zones rurales;2;48;1 128;3%;De 50 à 80 000 entrées;catégorie E;JP;commune isolée;274;216;29;59,9;27;10,4;2,6;146;27,2
1727;40 603;98 227;CGR;4,4;48.398083;-4.473843;73021;BRETAGNE;29019;139163;29;29701;Brest;200530;unités urbaines de 100 000 habitants et plus;8;28;6 144;-58,70%;De 40 à 50 000 entrées;non classé;;commune-centre;68;52;50;38,8;50,1;11;0;5;4
2805;763 890;794 814;CINEALPES;17,6;48.39126;-4.488243;73083;BRETAGNE;29019;139163;29;29701;Brest;200530;unités urbaines de 100 000 habitants et plus;15;53;27 585;-3,90%;De 700 000 à 1 million d'entrées;non classé;;commune-centre;306;245;239;34;52,1;13,2;0,8;82;9,6
267;1 629;3 633;BREST'AIM;46,2;48.391567;-4.434751;73098;BRETAGNE;29019;139163;29;29701;Brest;200530;unités urbaines de 100 000 habitants et plus;1;6;25;-55,20%;Moins de 2000 entrées;non classé;;commune-centre;7;4;0;56;18,8;25,2;0;3;38,2
757;153 741;146 478;LES FEUX DE LA RAMPE;86,5;48.396163;-4.477034;73099;BRETAGNE;29019;139163;29;29701;Brest;200530;unités urbaines de 100 000 habitants et plus;7;53;11 067;5%;De 150 à 200 000 entrées;catégorie A;RDJPPR;commune-centre;429;274;230;55,8;14,6;21,3;8,3;351;85,4
190;3 305;3 213;VILLE DE BRETTEVILLE SUR LAIZE;41,1;49.044986;-0.326254;73582;NORMANDIE;14100;1812;14;0;Zone rurale;14541106;unités urbaines de 100 000 habitants et plus;1;44;73;3%;De 2 à 5 000 entrées;non classé;;territoire rural;63;44;0;55,3;32,9;6,6;5,2;27;48,4
203;9 721;9 890;LETOURNEUR LANIEPCE MARGUERITE (TIERS FERME);23,1;49.471445;-1.631851;74471;NORMANDIE;50082;5970;50;50110;Bricquebec;5970;unités urbaines de moins de 20 000 habitants et zones rurales;1;52;541;-1,70%;De 5 à 10 000 entrées;non classé;;commune isolée;170;140;3;60,2;30,2;7,9;1,7;63;19,7
322;23 524;25 739;VILLE DE BRUZ;56,9;48.02352;-1.744768;77732;BRETAGNE;35047;17978;35;35701;Rennes;330871;unités urbaines de 100 000 habitants et plus;1;46;367;-8,60%;De 20 à 30 000 entrées;catégorie C;;banlieue;209;154;1;59,4;20,4;17,3;3;144;57,4
210;7 029;7 774;VILLE DE BUZANCAIS;49,8;46.888094;1.419282;80572;CENTRE-VAL DE LOIRE;36031;4473;36;36109;Buzançais;4473;unités urbaines de moins de 20 000 habitants et zones rurales;1;50;317;-9,60%;De 5 à 10 000 entrées;catégorie E;;commune isolée;143;116;1;71,1;15,7;10,6;2,6;84;39
238;49 255;52 400;LA COMPAGNIE DES CINEMAS DE LA COTE;20,1;49.290634;-0.113862;80981;NORMANDIE;14117;3664;14;14402;Dives-sur-Mer;34823;unités urbaines de 20 000 à 100 000 habitants;2;52;2 263;-6,00%;De 40 à 50 000 entrées;non classé;;commune-centre;145;123;44;60;29,8;9,7;0,6;67;15,9
768;7 287;6 749;AEP CINEMA LUX;62,5;49.17442;-0.333727;81414;NORMANDIE;14118;106260;14;14601;Caen;198639;unités urbaines de 100 000 habitants et plus;1;17;24;8%;De 5 à 10 000 entrées;non classé;;commune-centre;22;11;2;51,8;23,9;18,9;5,5;15;66,7
477;148 556;150 978;AEP CINEMA LUX;82,4;49.168683;-0.337953;81451;NORMANDIE;14118;106260;14;14601;Caen;198639;unités urbaines de 100 000 habitants et plus;3;53;6 047;-1,60%;De 100 à 150 000 entrées;catégorie B;RDJPPR;commune-centre;379;211;140;57;19,9;14,7;8,4;305;82,7
1870;620 600;626 488;Les cinemas GAUMONT-PATHE;15,4;49.177395;-0.349774;81456;NORMANDIE;14118;106260;14;14601;Caen;198639;unités urbaines de 100 000 habitants et plus;10;53;19 202;-0,90%;De 450 à 700 000 entrées;non classé;;commune-centre;200;154;149;34,5;52,1;13,2;0,2;44;10,1
148;9 831;9 546;ASSOCIATION LA BELLE EQUIPE;53,3;48.404288;-3.427185;82392;BRETAGNE;22025;2211;22;0;Zone rurale;14541106;unités urbaines de 100 000 habitants et plus;1;53;570;3%;De 5 à 10 000 entrées;catégorie E;JPPR;territoire rural;278;209;0;52,7;24,4;19,7;3,1;171;49,1
200;14 097;16 059;CINES DU BOUT DU MONDE;31,2;48.27416;-4.599116;82762;BRETAGNE;29022;2583;29;29104;Camaret-sur-Mer;2583;unités urbaines de moins de 20 000 habitants et zones rurales;1;53;554;-12,20%;De 10 à 20 000 entrées;catégorie E;;commune isolée;187;155;25;49,3;34,8;14,3;1,6;86;21
500;8 079;8 858;L'ESPERANCE DE CAMPBON;31,6;47.41167;-1.965724;83601;PAYS DE LA LOIRE;44025;3974;44;0;Zone rurale;14541106;unités urbaines de 100 000 habitants et plus;1;52;313;-8,80%;De 5 à 10 000 entrées;catégorie E;JP;territoire rural;137;108;6;56,8;24,6;14,4;4,2;54;31,4
228;17 087;17 689;LA MOUETTE CANCALAISE;49,1;48.676977;-1.85005;84292;BRETAGNE;35049;5166;35;35203;Cancale;5166;unités urbaines de moins de 20 000 habitants et zones rurales;1;53;395;-3,40%;De 10 à 20 000 entrées;catégorie E;JP;commune isolée;210;165;5;62,9;18;16,2;2,9;122;45,7
142;5 862;5 885;VILLE DE CANDE;20,8;47.551609;-1.038715;84382;PAYS DE LA LOIRE;49054;2869;49;49109;Candé;2869;unités urbaines de moins de 20 000 habitants et zones rurales;1;53;395;-0,40%;De 5 à 10 000 entrées;non classé;;commune isolée;181;156;2;55;33,9;9,6;1,4;52;13,8
170;4 184;3 839;VILLE DE CANTELEU;48,3;49.452077;1.037664;84981;NORMANDIE;76157;14848;76;755;Rouen;467133;unités urbaines de 100 000 habitants et plus;1;44;118;9%;De 2 à 5 000 entrées;non classé;;banlieue;51;37;0;30,1;36,8;25,4;7,8;24;55,5
158;11 157;3 714;ASSOCIATION ETOILE CINE;53;48.667568;-3.912861;85902;BRETAGNE;29023;3149;29;29124;Carantec;4470;unités urbaines de moins de 20 000 habitants et zones rurales;1;53;347;200%;De 10 à 20 000 entrées;catégorie E;;commune-centre;228;177;2;58,6;23,8;15,1;2,5;137;43,1
316;23 832;20 550;VILLE DE CARENTAN;13,5;49.302896;-1.247604;86313;NORMANDIE;50099;7920;50;50204;Carentan;9305;unités urbaines de moins de 20 000 habitants et zones rurales;2;53;1 639;16%;De 20 à 30 000 entrées;non classé;;commune-centre;218;180;37;55;38,2;5,9;1;89;10,7
215;28 565;28 856;ASSOCIATION CONTRECHAMP;40,5;48.283143;-3.572343;86353;BRETAGNE;29024;7305;29;271;Carhaix-Plouguer;9131;unités urbaines de moins de 20 000 habitants et zones rurales;1;53;926;-1,00%;De 20 à 30 000 entrées;catégorie E;JPPR;commune-centre;276;226;17;47,5;34,4;14,7;3,4;146;31,4
422;36 505;41 523;CINEGYR CARNAC;27,3;47.572383;-3.075775;86561;BRETAGNE;56034;4236;56;56215;Carnac;8003;unités urbaines de moins de 20 000 habitants et zones rurales;2;49;1 292;-12,10%;De 30 à 40 000 entrées;catégorie E;;commune-centre;153;130;79;59,5;29,2;11,2;0,2;50;20,8
768;5 712;4 704;VILLE DE CARQUEFOU;33,3;47.279819;-1.508095;86832;PAYS DE LA LOIRE;44026;19411;44;44701;Nantes;633690;unités urbaines de 100 000 habitants et plus;1;20;63;21%;De 5 à 10 000 entrées;non classé;;banlieue;62;51;0;53,4;37,6;8;1;21;23
386;16 112;15 517;VILLE DE CAUDEBEC EN CAUX;26,3;49.525593;0.72697;89481;NORMANDIE;76164;4141;76;76105;Caudebec-en-Caux;4141;unités urbaines de moins de 20 000 habitants et zones rurales;1;53;615;4%;De 10 à 20 000 entrées;catégorie E;;commune isolée;197;157;14;48;35,2;13;3,8;88;24,2
293;44 300;43 847;LOISIRS CULTURE LE SEVIGNE-CESSON;58,5;48.118209;-1.610628;93201;BRETAGNE;35051;17414;35;35701;Rennes;330871;unités urbaines de 100 000 habitants et plus;1;48;600;1%;De 40 à 50 000 entrées;catégorie C;;banlieue;234;177;15;65,9;17,7;12,7;3,7;153;52,9
393;11 214;11 093;CERCLE FAMILIALE DES CINEPHILES DU PAYS DE CHALINDREY;12,1;47.803369;5.431466;94711;GRAND EST;52093;2437;52;52104;Chalindrey;3544;unités urbaines de moins de 20 000 habitants et zones rurales;1;53;198;1%;De 10 à 20 000 entrées;non classé;;commune-centre;82;64;2;57,2;36,6;6,2;0;15;18,3
274;11 899;11 004;VILLE DE CHALONNES SUR LOIRE;47,2;47.353192;-0.764716;94922;PAYS DE LA LOIRE;49063;6513;49;49203;Chalonnes-sur-Loire;6513;unités urbaines de moins de 20 000 habitants et zones rurales;1;50;394;8%;De 10 à 20 000 entrées;catégorie E;;commune isolée;171;140;1;64,2;19,8;14,2;1,8;90;35,8
1601;265 467;282 776;CGR;7;48.940758;4.397745;94997;GRAND EST;51108;45268;51;51501;Châlons-en-Champagne;57901;unités urbaines de 20 000 à 100 000 habitants;9;53;17 602;-6,10%;De 200 à 300 000 entrées;non classé;;commune-centre;226;177;167;38,3;51,7;9,8;0,2;28;3
153;25 900;23 647;CHALONS EN CHAMPAGNE;86,4;48.956167;4.363554;95006;GRAND EST;51108;45268;51;51501;Châlons-en-Champagne;57901;unités urbaines de 20 000 à 100 000 habitants;1;48;895;10%;De 20 à 30 000 entrées;catégorie D;RDJPPR;commune-centre;225;124;2;55,8;14,2;20,7;9,4;219;98,5
1314;272 421;267 990;MEGARAMA;5,1;49.155627;2.248819;95562;HAUTS DE FRANCE;60139;10034;60;459;Persan - Beaumont-sur-Oise;37357;unités urbaines de 20 000 à 100 000 habitants;7;53;12 307;2%;De 200 à 300 000 entrées;non classé;;commune-centre;178;148;127;28,8;60,8;10,5;0;30;2,2
242;1 595;1 572;VILLE DE CHAMBRAY LES TOURS;25;47.341938;0.723719;96950;CENTRE-VAL DE LOIRE;37050;11144;37;37701;Tours;353042;unités urbaines de 100 000 habitants et plus;1;11;12;1%;Moins de 2000 entrées;non classé;;banlieue;12;9;0;100;0;0;0;3;25,6
520;93 186;96 091;CINE FRERES;27,9;49.191375;2.464237;99031;HAUTS DE FRANCE;60141;10849;60;60402;Chantilly;37349;unités urbaines de 20 000 à 100 000 habitants;4;53;4 633;-3,00%;De 80 à 100 000 entrées;catégorie D;;commune-centre;240;179;97;43,1;42,6;13,4;0,9;124;22,1
189;9 100;9 100;VILLE DE LA CHAPELLE BASSE MER;48,1;47.270881;-1.337067;99631;PAYS DE LA LOIRE;44029;6701;44;44120;La Chapelle-Basse-Mer;6701;unités urbaines de moins de 20 000 habitants et zones rurales;1;48;343;0,00%;De 5 à 10 000 entrées;catégorie E;;commune isolée;156;129;1;71,1;15;9,9;4;95;43,8
2008;384 586;421 166;NORD EST CINEMA (Thirriot);17,9;49.773265;4.716286;102246;GRAND EST;8105;47847;8;8501;Charleville-Mézières;59465;unités urbaines de 20 000 à 100 000 habitants;10;53;17 271;-8,70%;De 300 à 450 000 entrées;catégorie D;;commune-centre;367;284;192;39,6;48,4;10,9;1,1;165;10,2
2025;453 945;483 772;CINE PARADIS (J.Reynaud);26,7;48.442342;1.489294;103166;CENTRE-VAL DE LOIRE;28085;38875;28;28501;Chartres;89793;unités urbaines de 20 000 à 100 000 habitants;11;53;15 940;-6,20%;De 450 à 700 000 entrées;catégorie D;JPPR;commune-centre;419;310;247;37,8;49,9;10,8;1,5;208;14,2
249;31 949;31 260;CINEMA ESPERANCE CHARTRES DE BRETAGNE;46;48.040732;-1.692346;103201;BRETAGNE;35066;7355;35;35701;Rennes;330871;unités urbaines de 100 000 habitants et plus;1;48;391;2%;De 30 à 40 000 entrées;non classé;;banlieue;193;162;11;70,3;17,8;10,1;1,8;104;37,1
221;25 518;25 009;ASSOCIATION ETOILE CINEMA;31,4;48.110334;-1.405013;104032;BRETAGNE;35068;6917;35;35214;Châteaubourg;8907;unités urbaines de moins de 20 000 habitants et zones rurales;1;53;382;2%;De 20 à 30 000 entrées;catégorie E;;commune-centre;183;154;8;50;36,5;12,5;1;82;21,5
748;110 287;112 276;ATLANTIC CINE;18,9;47.721188;-1.376037;104051;PAYS DE LA LOIRE;44036;12067;44;44302;Châteaubriant;12067;unités urbaines de moins de 20 000 habitants et zones rurales;4;52;4 045;-1,80%;De 100 à 150 000 entrées;catégorie E;JP;commune isolée;269;191;70;54,3;36,8;8,4;0,5;131;11,8
127;17 672;16 867;CINE-OFF;51,6;47.696864;0.415325;104164;PAYS DE LA LOIRE;72071;6200;72;72204;Château-du-Loir;7439;unités urbaines de moins de 20 000 habitants et zones rurales;1;49;486;5%;De 10 à 20 000 entrées;catégorie E;JPPR;commune-centre;184;141;2;67;17,8;9,7;5,5;114;49,8
412;60 076;65 471;CINEMAS DUNOIS;13,7;48.071336;1.331864;104181;CENTRE-VAL DE LOIRE;28088;12980;28;28302;Châteaudun;16558;unités urbaines de moins de 20 000 habitants et zones rurales;3;52;2 936;-8,20%;De 50 à 80 000 entrées;catégorie E;JP;commune-centre;239;191;67;46,6;45,3;7,2;0,9;95;11,9
182;20 956;21 124;CASTEL CINEMA;31,7;48.045827;-1.499092;104282;BRETAGNE;35069;9561;35;35217;Châteaugiron;12746;unités urbaines de moins de 20 000 habitants et zones rurales;1;50;334;-0,80%;De 20 à 30 000 entrées;catégorie E;;commune-centre;192;151;7;51,9;30,2;15,5;2,4;75;28,8
445;87 255;92 687;LES 3 J;19,5;47.826896;-0.705609;104301;PAYS DE LA LOIRE;53062;11745;53;53302;Château-Gontier;16757;unités urbaines de moins de 20 000 habitants et zones rurales;3;52;2 768;-5,90%;De 80 à 100 000 entrées;catégorie E;JP;commune-centre;289;219;115;55;35,1;8,8;1,1;124;14,2
194;17 959;19 406;ASSOCIATION RIVE DROITE RIVE GAUCHE;37,9;48.194912;-4.094078;104391;BRETAGNE;29026;5227;29;29204;Châteaulin;5616;unités urbaines de moins de 20 000 habitants et zones rurales;1;53;594;-7,50%;De 10 à 20 000 entrées;catégorie E;JPPR;commune-centre;249;202;12;52,8;32,7;11,2;3,2;116;32,6
64;10 389;9 533;VILLE DE CHATEAU RENARD;47,8;47.931476;2.928439;104801;CENTRE-VAL DE LOIRE;45083;2237;45;0;Zone rurale;14541106;unités urbaines de 100 000 habitants et plus;1;53;603;9%;De 10 à 20 000 entrées;catégorie E;JPPR;territoire rural;157;109;1;67,8;15;9,9;7,2;96;56,8
216;25 334;25 638;ASSOCIATION CENTRE CULTUREL DE CHATEAU RENAULT;31,8;47.592055;0.915712;104851;CENTRE-VAL DE LOIRE;37063;5036;37;37203;Château-Renault;7221;unités urbaines de moins de 20 000 habitants et zones rurales;1;51;1 059;-1,20%;De 20 à 30 000 entrées;catégorie E;JPPR;commune-centre;210;164;17;57,5;27,9;12,5;2,1;97;29,2
328;37 917;34 582;VILLE DE CHATEAUROUX;87;46.810828;1.697689;104863;CENTRE-VAL DE LOIRE;36044;43732;36;36501;Châteauroux;60779;unités urbaines de 20 000 à 100 000 habitants;1;49;1 376;10%;De 30 à 40 000 entrées;catégorie D;RDJPPR;commune-centre;196;111;10;63,3;12,7;13,3;10,6;179;92,4
1078;212 680;237 066;CGR;16,2;46.808819;1.690195;104881;CENTRE-VAL DE LOIRE;36044;43732;36;36501;Châteauroux;60779;unités urbaines de 20 000 à 100 000 habitants;8;53;14 337;-10,30%;De 200 à 300 000 entrées;catégorie D;;commune-centre;268;210;155;42,3;47,6;10;0,2;115;6,5
576;98 814;103 682;CINEMA THEATRE JEAN DE LA FONTAINE;11,7;49.046046;3.402936;104994;HAUTS DE FRANCE;2168;14602;2;2401;Château-Thierry;21591;unités urbaines de 20 000 à 100 000 habitants;4;53;4 375;-4,70%;De 80 à 100 000 entrées;non classé;;commune-centre;197;144;68;36,6;52,1;11;0,2;80;10,4
199;7 276;6 586;ASSOCIATION CULTURELLE DU VENDELAIS;38,8;48.22475;-1.179471;105931;BRETAGNE;35072;1700;35;0;Zone rurale;14541106;unités urbaines de 100 000 habitants et plus;1;46;345;10%;De 5 à 10 000 entrées;catégorie E;;territoire rural;160;124;4;76,5;12,9;8,1;2,5;80;41,1
193;15 265;13 840;GODET DIDIER;30,3;48.7407435;2.764804799999979;106291;CENTRE-VAL DE LOIRE;36046;4255;36;36202;La Châtre;6969;unités urbaines de moins de 20 000 habitants et zones rurales;1;49;436;10%;De 10 à 20 000 entrées;catégorie E;;commune-centre;101;81;0;63,3;23,8;9,8;3,1;40;29,7
1134;192 014;218 360;NORD OUEST EXPLOITATION CINEMAS;27,7;48.110117;5.13491;107043;GRAND EST;52121;22333;52;52401;Chaumont;23370;unités urbaines de 20 000 à 100 000 habitants;8;53;11 208;-12,10%;De 150 à 200 000 entrées;catégorie D;RDJP;commune-centre;411;316;205;46,4;42,6;10,3;0,6;208;15,4
380;53 060;57 151;VILLE DE CHAUNY;13,8;49.622785;3.220456;107251;HAUTS DE FRANCE;2173;11831;2;2303;Chauny;17550;unités urbaines de moins de 20 000 habitants et zones rurales;3;53;4 039;-7,20%;De 50 à 80 000 entrées;catégorie E;;commune-centre;295;252;123;44,3;45,9;9,2;0,7;121;9
198;13 931;14 748;VILLE DE CHEMILLE;24,1;47.212271;-0.72686;108932;PAYS DE LA LOIRE;49092;21492;49;49210;Chemillé;21492;unités urbaines de 20 000 à 100 000 habitants;1;50;373;-5,50%;De 10 à 20 000 entrées;catégorie E;;commune isolée;157;121;1;60,6;31,7;7,6;0,2;62;17,3
1025;55 395;60 540;CGR;89,2;49.638968;-1.621407;109792;NORMANDIE;50129;80616;50;50501;Cherbourg-Octeville;83311;unités urbaines de 20 000 à 100 000 habitants;5;53;8 271;-8,50%;De 50 à 80 000 entrées;catégorie D;RDJPPR;commune-centre;365;233;170;55,6;17,2;19,2;8;317;87,1
2536;349 710;374 655;CGR;7,3;49.642211;-1.613365;109836;NORMANDIE;50129;80616;50;50501;Cherbourg-Octeville;83311;unités urbaines de 20 000 à 100 000 habitants;12;53;24 451;-6,70%;De 300 à 450 000 entrées;non classé;;commune-centre;240;205;200;37,1;50,5;12;0,4;25;3,6
350;34 305;33 096;ASSOCIATION CINEMA RABELAIS;39,6;47.16663;0.240401;111621;CENTRE-VAL DE LOIRE;37072;8101;37;37205;Chinon;9906;unités urbaines de moins de 20 000 habitants et zones rurales;1;51;845;4%;De 30 à 40 000 entrées;catégorie E;JP;commune-centre;229;174;29;56,1;27,7;12,8;3,4;138;38,4
1443;376 258;400 946;SNES (Font);24,5;47.061739;-0.881773;112095;PAYS DE LA LOIRE;49099;53800;49;49501;Cholet;57841;unités urbaines de 20 000 à 100 000 habitants;10;53;16 572;-6,20%;De 300 à 450 000 entrées;catégorie D;RDJPPR;commune-centre;540;367;220;44,8;43,4;10,6;1,1;287;12,8
110;24 472;26 494;COMMUNAUTE DE COMMUNES DU CLERMONTOIS;44,2;49.377974;2.414916;114523;HAUTS DE FRANCE;60157;10548;60;60401;Clermont;21674;unités urbaines de 20 000 à 100 000 habitants;1;50;776;-7,60%;De 20 à 30 000 entrées;catégorie D;JPPR;commune-centre;224;155;5;50,8;31,6;14,7;2,9;128;34,7
432;56 038;54 930;VILLE DE CLISSON;37,7;47.083295;-1.287262;115334;PAYS DE LA LOIRE;44043;6883;44;365;Clisson;18440;unités urbaines de moins de 20 000 habitants et zones rurales;2;52;1 150;2%;De 50 à 80 000 entrées;catégorie E;JP;commune-centre;271;225;61;58,5;26,8;13,5;1,3;129;28,4
296;33 979;36 593;ASSOCIATION LA CHATEAUBRIAND;36,3;48.412765;-1.750635;117742;BRETAGNE;35085;5862;35;35205;Combourg;5862;unités urbaines de moins de 20 000 habitants et zones rurales;2;53;1 365;-7,10%;De 30 à 40 000 entrées;catégorie E;JP;commune isolée;276;221;46;58,4;26,1;11,8;3,7;142;36,2
801;162 841;170 835;CINEVILLE;17,9;47.899073;-3.909554;118495;BRETAGNE;29039;19182;29;29404;Concarneau;26225;unités urbaines de 20 000 à 100 000 habitants;5;53;6 867;-4,70%;De 150 à 200 000 entrées;catégorie D;;commune-centre;261;190;104;47,5;40,4;10,8;1,2;124;16,1
381;23 737;23 092;VILLE DE CONDE SUR NOIREAU;31,2;48.8506;-0.551002;119054;NORMANDIE;14174;6834;14;262;Condé-sur-Noireau;8255;unités urbaines de moins de 20 000 habitants et zones rurales;1;52;666;3%;De 20 à 30 000 entrées;catégorie E;;commune-centre;200;151;6;54;31,5;12,1;2,4;94;20,9
340;13 590;14 424;LIGUE DE L' ENSEIGNEMENT DE BASSE-NORMANDIE;45,2;49.06477;-1.036857;119122;NORMANDIE;50139;4082;50;50106;Condé-sur-Vire;4082;unités urbaines de moins de 20 000 habitants et zones rurales;1;47;261;-5,80%;De 10 à 20 000 entrées;catégorie E;JP;commune isolée;105;67;0;71,7;15,3;6,5;6,6;62;42,8
0;38 333;40 725;CINE RURAL 60;16,2;49.412798;1.840232;122720;HAUTS DE FRANCE;60164;951;60;0;Zone rurale;14541106;unités urbaines de 100 000 habitants et plus;1;49;987;-5,90%;De 30 à 40 000 entrées;catégorie E;JP;territoire rural;120;65;0;56,4;35,5;7,1;0,9;52;21,3
240;14 623;14 400;reynaud -exploitant;32,7;49.334767;-0.457474;125513;NORMANDIE;14191;4118;14;14118;Courseulles-sur-Mer;4118;unités urbaines de moins de 20 000 habitants et zones rurales;1;53;587;2%;De 10 à 20 000 entrées;catégorie E;;commune isolée;195;154;0;52,1;35,3;11,2;1,3;88;22,3
324;63 847;64 838;COMMUNAUTE DE COMMUNES DU CANTON DE COUTANCES;36,2;49.050552;-1.444356;126311;NORMANDIE;50147;8688;50;50206;Coutances;9110;unités urbaines de moins de 20 000 habitants et zones rurales;2;53;2 312;-1,50%;De 50 à 80 000 entrées;catégorie E;RDJPPR;commune-centre;258;198;41;46,7;39;11;3,3;160;22,1
270;19 995;20 754;VILLE DE CRECY EN PONTHIEU;32;50.253278;1.884465;127571;HAUTS DE FRANCE;80222;1475;80;0;Zone rurale;14541106;unités urbaines de 100 000 habitants et plus;1;53;490;-3,70%;De 10 à 20 000 entrées;catégorie E;JP;territoire rural;150;106;1;60,4;30;8,8;0,8;54;25,6
749;5 120;4 373;LA FAIENCERIE THEATRE DE CREIL;74,3;49.259398;2.472183;127661;HAUTS DE FRANCE;60175;35575;60;60601;Creil;120350;unités urbaines de 100 000 habitants et plus;1;43;175;17%;De 5 à 10 000 entrées;non classé;;commune-centre;88;53;0;59,4;24,8;11,2;4,6;74;82,4
548;132 446;142 495;CINEMAS DU VALOIS;11,8;49.231725;2.890294;128114;HAUTS DE FRANCE;60176;15049;60;60303;Crépy-en-Valois;15049;unités urbaines de moins de 20 000 habitants et zones rurales;4;53;5 188;-7,10%;De 100 à 150 000 entrées;catégorie E;;commune isolée;240;200;100;35,5;53;11;0,5;100;6,4
247;28 934;30 680;VILLE DU CROISIC;40,4;47.292765;-2.509877;129441;PAYS DE LA LOIRE;44049;4040;44;44601;Saint-Nazaire;152164;unités urbaines de 100 000 habitants et plus;1;53;1 129;-5,70%;De 20 à 30 000 entrées;catégorie C;;banlieue;232;191;32;65,9;25,3;7,8;1;118;29,1
175;21 620;23 510;VILLE DE CROZON;36,7;48.242699;-4.494348;130633;BRETAGNE;29042;7601;29;29212;Crozon;7601;unités urbaines de moins de 20 000 habitants et zones rurales;1;53;694;-8,00%;De 20 à 30 000 entrées;catégorie E;JP;commune isolée;211;172;34;52;34,2;12,2;1,6;99;27,7
151;10 130;11 448;CINE DAMGAN;26,9;47.520393;-2.585183;133141;BRETAGNE;56052;1703;56;0;Zone rurale;14541106;unités urbaines de 100 000 habitants et plus;1;53;346;-11,50%;De 10 à 20 000 entrées;catégorie E;;territoire rural;209;183;3;53,8;36,8;8,5;1;78;14,6
189;8 035;9 118;VILLE DE DAMPIERRE EN BURLY;15,5;47.766235;2.572005;133381;CENTRE-VAL DE LOIRE;45122;1423;45;0;Zone rurale;14541106;unités urbaines de 100 000 habitants et plus;1;49;207;-11,90%;De 5 à 10 000 entrées;non classé;;territoire rural;89;76;20;63,5;27,3;9,3;0;22;14
777;104 493;111 225;EXPLOITATION CINEMATOGRAPHIQUE LECHANTEUR PERE ET FILS;16,4;49.356857;0.072039;136672;NORMANDIE;14220;3701;14;14402;Dives-sur-Mer;34823;unités urbaines de 20 000 à 100 000 habitants;4;53;3 269;-6,10%;De 100 à 150 000 entrées;non classé;;commune-centre;96;79;67;50,8;38,5;10,5;0,2;26;12,5
167;10 028;9 908;VILLE DE DESCARTES;24,6;46.974658;0.698463;137481;CENTRE-VAL DE LOIRE;37115;3600;37;255;Descartes;5711;unités urbaines de moins de 20 000 habitants et zones rurales;1;53;427;1%;De 10 à 20 000 entrées;catégorie E;;commune-centre;150;119;3;55,4;28,9;14,6;1;62;29,6
676;138 072;138 233;CINE DIEPPE;9,3;49.926216;1.078124;138334;NORMANDIE;76217;29965;76;76404;Dieppe;37127;unités urbaines de 20 000 à 100 000 habitants;4;53;5 038;-0,10%;De 100 à 150 000 entrées;non classé;;commune-centre;182;161;102;45,2;46,6;7,8;0,4;58;4,7
578;35 129;32 332;VILLE DE DIEPPE;85,8;49.923374;1.081518;138345;NORMANDIE;76217;29965;76;76404;Dieppe;37127;unités urbaines de 20 000 à 100 000 habitants;1;50;915;9%;De 30 à 40 000 entrées;catégorie D;RDJPPR;commune-centre;221;106;8;50,9;18,3;17,8;13;187;87,8
821;236 502;255 202;EMERAUDE CINEMA;23,6;48.461416;-2.047138;138901;BRETAGNE;22050;11003;22;22402;Dinan;27552;unités urbaines de 20 000 à 100 000 habitants;5;53;6 182;-7,30%;De 200 à 300 000 entrées;catégorie D;JPPR;commune-centre;329;224;133;49;39,1;11,5;0,4;173;17,9
499;84 756;90 428;EMERAUDE CINEMA;30,7;48.635211;-2.055645;138922;BRETAGNE;35093;9936;35;458;Dinard;32364;unités urbaines de 20 000 à 100 000 habitants;2;53;2 159;-6,30%;De 80 à 100 000 entrées;catégorie D;;commune-centre;231;190;112;58,4;27,8;12,9;0,8;120;26,1
290;24 758;23 465;VILLE DE DIVES SUR MER;47;49.286704;-0.099295;139232;NORMANDIE;14225;5733;14;14402;Dives-sur-Mer;34823;unités urbaines de 20 000 à 100 000 habitants;1;52;924;6%;De 20 à 30 000 entrées;catégorie D;JP;commune-centre;174;141;6;50,7;29,5;13,7;6,1;104;39,1
271;46 996;51 533;ASSOCIATION CINE-DOL POUR LA REGION DE DOL;22,5;48.546939;-1.753756;139503;BRETAGNE;35095;5646;35;35131;Dol-de-Bretagne;5646;unités urbaines de moins de 20 000 habitants et zones rurales;2;53;1 592;-8,80%;De 40 à 50 000 entrées;non classé;;commune isolée;242;195;57;51,9;36,2;10,5;1,4;103;14,6
274;6 181;6 392;ASSOCIATION CINE DONGES;11,9;47.319099;-2.074953;141031;PAYS DE LA LOIRE;44052;7699;44;44601;Saint-Nazaire;152164;unités urbaines de 100 000 habitants et plus;1;45;311;-3,30%;De 5 à 10 000 entrées;non classé;;banlieue;97;87;10;69,1;21,7;8,9;0,2;18;7,4
256;27 943;26 806;TOILE D'ESSAI;79;48.091511;-4.330601;141711;BRETAGNE;29046;14208;29;29307;Douarnenez;14208;unités urbaines de moins de 20 000 habitants et zones rurales;1;53;1 145;4%;De 20 à 30 000 entrées;catégorie E;RDJPPR;commune isolée;266;172;4;58,1;16,1;17,3;8,5;225;82,9
364;13 314;22 831;LES TOILES DE MER;18;48.088483;-4.329101;141712;BRETAGNE;29046;14208;29;29307;Douarnenez;14208;unités urbaines de moins de 20 000 habitants et zones rurales;2;35;1 168;-41,70%;De 10 à 20 000 entrées;catégorie E;;commune isolée;97;72;33;50,1;45,1;4,2;0,6;37;11,6
98;17 568;19 071;COMMUNAUTE DE COMMUNES DU DOULLENNAIS;21,9;50.159213;2.335821;142082;HAUTS DE FRANCE;80253;6321;80;80204;Doullens;6726;unités urbaines de moins de 20 000 habitants et zones rurales;1;53;604;-7,90%;De 10 à 20 000 entrées;non classé;;commune-centre;160;132;0;52,2;36;11,4;0,4;44;17,2
260;30 123;32 050;ASSOCIATION FOYER RURAL DE DOUVRES;44,5;49.295699;-0.380152;142371;NORMANDIE;14228;5190;14;14302;Douvres-la-Délivrande - Luc-sur-Mer;14825;unités urbaines de moins de 20 000 habitants et zones rurales;1;53;815;-6,00%;De 30 à 40 000 entrées;catégorie E;JP;commune-centre;191;149;4;56,5;28,9;12,5;2,1;108;30,2
200;13 834;13 245;LIGUE DE L' ENSEIGNEMENT DE BASSE-NORMANDIE;46,6;49.3091816;-0.9051690000000008;142522;NORMANDIE;14711;929;14;0;Zone rurale;14541106;unités urbaines de 100 000 habitants et plus;1;50;307;4%;De 10 à 20 000 entrées;catégorie E;JP;territoire rural;115;75;0;68,8;20,8;4,2;6,2;71;46,8
1544;339 152;362 172;STE NOUVELLE DES CINEMAS DE DREUX (Brunet-Dupuy);20,5;48.731866;1.361178;142995;CENTRE-VAL DE LOIRE;28134;30836;28;28401;Dreux;49055;unités urbaines de 20 000 à 100 000 habitants;9;53;15 550;-6,40%;De 300 à 450 000 entrées;catégorie D;;commune-centre;410;284;223;37,2;51,1;11,2;0,4;180;10
957;107 031;110 163;NORD OUEST EXPLOITATION CINEMAS;17,7;49.287936;1.008591;146393;NORMANDIE;76231;16515;76;755;Rouen;467133;unités urbaines de 100 000 habitants et plus;5;53;6 592;-2,80%;De 100 à 150 000 entrées;catégorie C;JP;banlieue;364;267;119;39,5;48,3;11,1;1;177;13,5
1096;62 377;171 840;SNES-BROUILLER (50-50);24,8;49.04567;3.958674;147971;GRAND EST;51230;23169;51;51401;Épernay;30507;unités urbaines de 20 000 à 100 000 habitants;6;17;2 383;-63,70%;De 50 à 80 000 entrées;catégorie D;JPPR;commune-centre;81;56;34;54,5;31,5;13,1;0,9;35;14,2
544;18 149;18 129;VILLE D'EPERNON;22,5;48.605997;1.675422;148024;CENTRE-VAL DE LOIRE;28140;5540;28;355;Épernon;12210;unités urbaines de moins de 20 000 habitants et zones rurales;1;44;222;0%;De 10 à 20 000 entrées;non classé;;commune-centre;83;70;0;69,2;18,1;12,8;0;23;25,1
280;26 285;26 262;VILLE D'EQUEURDREVILLE HAINNEVILLE;46,1;49.6480683;-1.6539331999999831;148811;NORMANDIE;50129;80616;50;50501;Cherbourg-Octeville;83311;unités urbaines de 20 000 à 100 000 habitants;1;50;926;0%;De 20 à 30 000 entrées;catégorie D;JP;commune-centre;223;180;10;55,4;25,4;16,1;3;131;36,4
254;12 584;12 934;VILLE D'ERNEE;12,5;48.298541;-0.935976;149362;PAYS DE LA LOIRE;53096;5757;53;53202;Ernée;5757;unités urbaines de moins de 20 000 habitants et zones rurales;1;53;424;-2,70%;De 10 à 20 000 entrées;catégorie E;JP;commune isolée;114;81;10;72,1;22,1;4,8;1,1;35;17,3
245;15 672;15 128;ASSOCIATION CATHOLIQUE DES CHEFS DE FAMILLE D'ERQUY;50,4;48.63121;-2.463964;149552;BRETAGNE;22054;3898;22;22114;Erquy;3898;unités urbaines de moins de 20 000 habitants et zones rurales;1;53;368;4%;De 10 à 20 000 entrées;catégorie E;;commune isolée;230;175;1;58,1;23,4;16,1;2,4;138;43,7
142;5 030;3 741;VILLE D'ETABLES SUR MER;59,5;48.626357;-2.833902;152732;BRETAGNE;22055;6922;22;22302;Binic;12615;unités urbaines de moins de 20 000 habitants et zones rurales;1;52;220;34%;De 5 à 10 000 entrées;non classé;;commune-centre;187;151;0;51,5;21,8;22,1;4,7;124;67,1
212;20 487;21 206;QUAI DES DUNES;48,7;47.654375;-3.202141;153083;BRETAGNE;56055;1951;56;56217;Belz;9265;unités urbaines de moins de 20 000 habitants et zones rurales;1;53;577;-3,40%;De 20 à 30 000 entrées;catégorie E;JPPR;commune-centre;345;275;1;51,1;30,3;15;3,7;216;43,8
2395;483 359;529 480;Les cinemas GAUMONT-PATHE;22,6;49.028048;1.145355;154393;NORMANDIE;27229;49426;27;27501;Évreux;60589;unités urbaines de 20 000 à 100 000 habitants;10;53;19 881;-8,70%;De 450 à 700 000 entrées;catégorie D;;commune-centre;398;281;208;39,1;49,1;10,8;0,9;201;13,5
447;46 864;51 018;COMMUNAUTE DE COMMUNES DU PAYS D' EVRON;25;48.155173;-0.401505;154444;PAYS DE LA LOIRE;53097;7280;53;53203;Évron;7280;unités urbaines de moins de 20 000 habitants et zones rurales;3;53;3 244;-8,10%;De 40 à 50 000 entrées;catégorie E;RDJP;commune isolée;315;215;37;56,5;33,4;7,9;2,2;175;17
198;26 337;23 330;VILLE DE FALAISE;45;48.895422;-0.199598;155414;NORMANDIE;14258;8245;14;14205;Falaise;8245;unités urbaines de moins de 20 000 habitants et zones rurales;1;51;675;13%;De 20 à 30 000 entrées;catégorie E;JP;commune isolée;180;137;8;53;33,9;10;3,1;104;32,7
326;9 107;8 498;CINEMA ELLE;36,7;48.033874;-3.488682;155711;BRETAGNE;56057;2815;56;56109;Le Faouët;2815;unités urbaines de moins de 20 000 habitants et zones rurales;1;53;390;7%;De 5 à 10 000 entrées;catégorie E;;commune isolée;206;176;4;55,8;28,8;13,1;2,4;95;29,6
0;12 740;0;;22,5;49.65116;0.591603;156393;NORMANDIE;76258;4069;76;76102;Fauville-en-Caux;4069;unités urbaines de moins de 20 000 habitants et zones rurales;1;49;276;#DIV/0!;De 10 à 20 000 entrées;non classé;;commune isolée;105;81;0;62,5;28,3;9;0,2;29;17,8
710;138 714;149 871;NORD OUEST EXPLOITATION CINEMAS;16,6;49.757837;0.37728;157231;NORMANDIE;76259;19167;76;76403;Fécamp;20919;unités urbaines de 20 000 à 100 000 habitants;4;53;5 539;-7,40%;De 100 à 150 000 entrées;catégorie D;JP;commune-centre;321;242;113;42,3;46,5;9,9;1,3;159;11,5
232;41 315;43 544;ASSOCIATION LOISIRS ET CULTURE;20,9;48.187045;0.653774;158701;PAYS DE LA LOIRE;72132;8875;72;72301;La Ferté-Bernard;11544;unités urbaines de moins de 20 000 habitants et zones rurales;2;53;2 091;-5,10%;De 40 à 50 000 entrées;catégorie E;JP;commune-centre;281;230;52;56,5;32,4;8,8;2,4;138;16,3
182;20 744;20 607;VILLE DE LA FERTE MACE;41,3;48.5905665;-0.3580058000000008;158783;NORMANDIE;61168;5548;61;61202;La Ferté-Macé;5548;unités urbaines de moins de 20 000 habitants et zones rurales;1;53;1 000;1%;De 20 à 30 000 entrées;catégorie E;RDJPPR;commune isolée;298;207;17;51,2;29,1;15,3;4,4;171;36,1
119;5 668;4 743;OFFICE DU TOURISME DE LA FERTE MILON;23,1;49.174952;3.127739;158801;HAUTS DE FRANCE;2307;2123;2;2107;La Ferté-Milon;2123;unités urbaines de moins de 20 000 habitants et zones rurales;1;49;445;20%;De 5 à 10 000 entrées;non classé;;commune isolée;135;103;1;56,6;26,5;15,6;1,3;42;34,5
230;50 366;51 945;VILLE DE LA FLECHE;21,9;47.699791;-0.080579;160742;PAYS DE LA LOIRE;72154;15185;72;72303;La Flèche;15185;unités urbaines de moins de 20 000 habitants et zones rurales;2;51;1 849;-3,00%;De 50 à 80 000 entrées;catégorie E;;commune isolée;278;186;62;50,3;33,8;12,4;3,5;122;23,9
849;86 797;86 490;LES FEUX DE LA RAMPE;12,6;48.749639;-0.563195;160923;NORMANDIE;61169;14852;61;61401;Flers;21911;unités urbaines de 20 000 à 100 000 habitants;4;53;3 661;0%;De 80 à 100 000 entrées;non classé;;commune-centre;188;151;83;49;40,5;8,5;1,9;63;11,3
699;3 970;2 680;VILLE FORGES-LES-EAUX;42,9;49.615296;1.54519;165383;NORMANDIE;76276;3855;76;76201;Forges-les-Eaux;4860;unités urbaines de moins de 20 000 habitants et zones rurales;1;23;50;48%;De 2 à 5 000 entrées;non classé;;commune-centre;36;17;0;40,5;31,7;15,3;12,6;18;51,5
289;9 349;10 334;OFFICE DU TOURISME DE FORT MAHON PLAGE;12,4;50.339949;1.569107;165801;HAUTS DE FRANCE;80333;1182;80;0;Zone rurale;14541106;unités urbaines de 100 000 habitants et plus;1;36;501;-9,50%;De 5 à 10 000 entrées;non classé;;territoire rural;102;79;7;52,8;41,1;5,4;0,7;33;9,8
1042;186 242;192 583;ASSOCIATION D'EDUCATION POPULAIRE ET CULTURELLE DU PAYS FOUGERES;22,8;48.348029;-1.19278;166434;BRETAGNE;35115;20235;35;35401;Fougères;26788;unités urbaines de 20 000 à 100 000 habitants;6;53;7 219;-3,30%;De 150 à 200 000 entrées;catégorie D;JPPR;commune-centre;261;182;105;50,6;39,7;9,2;0,5;131;13,4
350;5 687;5 394;VILLE DE GACE;21,5;48.794527;0.298902;171881;NORMANDIE;61181;1896;61;61101;Gacé;2074;unités urbaines de moins de 20 000 habitants et zones rurales;1;46;130;5%;De 5 à 10 000 entrées;non classé;;commune-centre;66;53;0;66,5;25,4;7;1,1;17;20,7
505;54 366;62 872;LES ECRANS GAILLONNAIS;6,1;49.15552;1.344766;172213;NORMANDIE;27275;7027;27;27302;Gaillon;17263;unités urbaines de moins de 20 000 habitants et zones rurales;3;53;3 077;-13,50%;De 50 à 80 000 entrées;non classé;;commune-centre;148;117;55;39,1;53,1;7,4;0,4;39;5,7
216;21 262;24 252;GRESSET FRANCOIS;15,7;47.733433;2.650054;177112;CENTRE-VAL DE LOIRE;45155;14559;45;45303;Gien;15740;unités urbaines de moins de 20 000 habitants et zones rurales;1;50;737;-12,30%;De 20 à 30 000 entrées;non classé;;commune-centre;101;80;22;65,4;25,9;8,2;0,4;29;20
207;14 304;14 109;VILLE DE GISORS;34;49.279682;1.774186;178231;NORMANDIE;27284;11867;27;359;Gisors;13776;unités urbaines de moins de 20 000 habitants et zones rurales;1;53;1 014;1%;De 10 à 20 000 entrées;catégorie E;;commune-centre;206;168;1;55;33,3;10,9;0,8;90;26,2
465;41 179;42 454;VILLE DE GIVET;13;50.135351;4.82068;178423;GRAND EST;8190;6699;8;8206;Givet;8421;unités urbaines de moins de 20 000 habitants et zones rurales;2;53;1 847;-3,00%;De 40 à 50 000 entrées;catégorie E;JP;commune-centre;310;238;41;39,3;46,6;12,3;1,8;140;10,4
337;5 396;5 795;VILLE DE GONFREVILLE L' ORCHER;35,2;49.504857;0.228509;179902;NORMANDIE;76305;9234;76;76701;Le Havre;237578;unités urbaines de 100 000 habitants et plus;1;21;162;-6,90%;De 5 à 10 000 entrées;non classé;;banlieue;59;28;0;41;36,9;18;4,1;31;47
272;10 247;9 613;VILLE DE GORRON;23,9;48.413307;-0.814298;180261;PAYS DE LA LOIRE;53107;2623;53;53105;Gorron;2623;unités urbaines de moins de 20 000 habitants et zones rurales;1;50;380;7%;De 10 à 20 000 entrées;catégorie E;JP;commune isolée;140;101;0;63,7;19;13,2;4,1;49;42
227;19 185;19 695;AEP OEUVRE DE JEANNE D'ARC;35,9;48.141023;-3.606192;181351;BRETAGNE;56066;3972;56;56115;Gourin;3972;unités urbaines de moins de 20 000 habitants et zones rurales;1;53;1 386;-2,60%;De 10 à 20 000 entrées;catégorie E;RDJPPR;commune isolée;312;225;22;50,4;37,6;10;1,9;161;22,9
319;48 575;50 902;VILLE DE GOURNAY EN BRAY;29,5;49.482406;1.723715;181422;NORMANDIE;76312;6294;76;76205;Gournay-en-Bray;7975;unités urbaines de moins de 20 000 habitants et zones rurales;2;51;1 960;-4,60%;De 40 à 50 000 entrées;catégorie E;RDJP;commune-centre;267;222;34;58;31,9;9;1;135;13,5
3828;784 855;824 919;Les cinemas GAUMONT-PATHE;9,8;49.413966;1.041562;183301;NORMANDIE;76322;25652;76;755;Rouen;467133;unités urbaines de 100 000 habitants et plus;16;53;28 705;-4,90%;De 700 000 à 1 million d'entrées;non classé;;banlieue;268;203;197;33;54,8;11,4;0,7;54;5,8
514;101 249;108 326;LE SELECT;27,4;48.837706;-1.594566;183951;NORMANDIE;50218;13175;50;50402;Granville;26343;unités urbaines de 20 000 à 100 000 habitants;3;53;4 353;-6,50%;De 100 à 150 000 entrées;catégorie D;PR;commune-centre;237;169;93;51,4;38,3;8,9;1,4;121;18,8
236;7 105;6 558;BOTERF EPOUSE PERRON ANNE MARIE YVONNICK;82,7;47.641631;-3.45272;186232;BRETAGNE;56069;2262;56;0;Zone rurale;14541106;unités urbaines de 100 000 habitants et plus;1;48;104;8%;De 5 à 10 000 entrées;catégorie E;;territoire rural;96;66;0;52,6;25,1;12,4;9,9;82;76,9
170;6 935;8 227;ASSOCIATION L' ETANDARD;29,4;47.630162;-1.8325;187191;PAYS DE LA LOIRE;44067;5231;44;44122;Guémené-Penfao;5231;unités urbaines de moins de 20 000 habitants et zones rurales;1;52;364;-15,70%;De 5 à 10 000 entrées;non classé;;commune isolée;165;137;1;53,2;29,8;13,5;3,5;57;27,7
201;11 914;11 114;ASSOCIATION ROCH;52,1;48.064952;-3.208011;187201;BRETAGNE;56073;1103;56;0;Zone rurale;14541106;unités urbaines de 100 000 habitants et plus;1;53;616;7%;De 10 à 20 000 entrées;catégorie E;JPPR;territoire rural;332;259;1;46,1;30,5;20,8;2,6;207;44,5
184;14 032;15 692;CINEGUER;37;47.907692;-2.118355;187365;BRETAGNE;56075;6299;56;56211;Guer;6803;unités urbaines de moins de 20 000 habitants et zones rurales;1;50;549;-10,60%;De 10 à 20 000 entrées;catégorie E;;commune-centre;211;179;3;52;33,3;13;1,7;97;17
270;13 804;14 258;ASSOCIATION CINEMA LE BRETAGNE;37,8;47.941328;-1.226507;187441;BRETAGNE;35125;4281;35;35204;La Guerche-de-Bretagne;5391;unités urbaines de moins de 20 000 habitants et zones rurales;1;49;370;-3,20%;De 10 à 20 000 entrées;non classé;;commune-centre;191;156;5;60,9;26,7;9,6;2,7;92;24,6
284;33 641;34 914;CINEMA LE BRETAGNE;46;47.990181;-1.796621;188041;BRETAGNE;35126;8231;35;35213;Guichen;8231;unités urbaines de moins de 20 000 habitants et zones rurales;2;53;800;-3,60%;De 30 à 40 000 entrées;catégorie E;JP;commune isolée;254;192;19;50;30,9;14,8;4,3;151;33
438;88 573;82 367;LES BALADINS;25,5;48.559935;-3.148205;188591;BRETAGNE;22070;6900;22;22401;Guingamp;21755;unités urbaines de 20 000 à 100 000 habitants;2;53;4 254;8%;De 80 à 100 000 entrées;catégorie D;JP;commune-centre;471;335;149;48,8;39;11,1;1,1;236;17,7
185;14 409;14 704;CINEMA ALLIANCE;30;47.8255858;-1.8447579999999562;188681;BRETAGNE;35176;6888;35;35207;Guipry;6888;unités urbaines de moins de 20 000 habitants et zones rurales;1;53;413;-2,00%;De 10 à 20 000 entrées;catégorie E;;banlieue;224;191;1;55,1;30;13;1,9;89;25,8
160;8 606;8 320;VILLE DE GUISE;14,9;49.898867;3.627448;188762;HAUTS DE FRANCE;2361;4919;2;2201;Guise;4919;unités urbaines de moins de 20 000 habitants et zones rurales;1;52;490;3%;De 5 à 10 000 entrées;non classé;;commune isolée;149;112;3;56,8;33,5;7,5;2,3;37;12,7
198;8 057;8 387;VILLE DE HAM;20,3;49.747151;3.074474;190281;HAUTS DE FRANCE;80410;4679;80;80207;Ham;7343;unités urbaines de moins de 20 000 habitants et zones rurales;1;48;182;-3,90%;De 5 à 10 000 entrées;non classé;;commune-centre;114;96;2;54,2;37;8,2;0,5;27;18
282;34 122;36 268;COMMUNAUTE DE COMMUNES CANTON MONTMARTIN;43;48.977726;-1.557167;192961;NORMANDIE;50231;689;50;0;Zone rurale;14541106;unités urbaines de 100 000 habitants et plus;2;53;1 690;-5,90%;De 30 à 40 000 entrées;catégorie E;RDJPPR;territoire rural;317;230;32;61,3;24,7;11,5;2,5;188;29,2
492;123 184;115 531;SUNLIGHT;80,7;49.501072;0.145711;193111;NORMANDIE;76351;172366;76;76701;Le Havre;237578;unités urbaines de 100 000 habitants et plus;5;53;7 676;7%;De 100 à 150 000 entrées;catégorie A;RDJP;commune-centre;264;186;141;54;17;21,5;7,4;216;78,6
86;16 522;16 832;LES FILMS SEINE OCEAN;80,3;49.492799;0.120219;193185;NORMANDIE;76351;172366;76;76701;Le Havre;237578;unités urbaines de 100 000 habitants et plus;1;48;1 040;-1,80%;De 10 à 20 000 entrées;catégorie A;JPPR;commune-centre;129;3;0;30,2;32,5;27,4;9,8;120;87
2412;563 294;669 942;Les cinemas GAUMONT-PATHE;9,9;49.48976;0.131344;193373;NORMANDIE;76351;172366;76;76701;Le Havre;237578;unités urbaines de 100 000 habitants et plus;12;53;22 941;-15,90%;De 450 à 700 000 entrées;non classé;;commune-centre;261;204;199;30,3;57,2;12,2;0,3;47;5,6
250;14 399;13 508;CHAMPALAUNE BRUNO MAURICE GERARD;32,6;49.288956;-1.544392;193591;NORMANDIE;50236;4014;50;50102;La Haye-du-Puits;4014;unités urbaines de moins de 20 000 habitants et zones rurales;1;53;706;7%;De 10 à 20 000 entrées;catégorie E;;commune-centre;218;182;5;54,7;29,6;12,7;3;99;25,9
243;30 225;34 403;CINEMA LE GEN'ERIC;27,9;47.414702;-1.655686;195211;PAYS DE LA LOIRE;44073;5876;44;44121;Héric;5876;unités urbaines de moins de 20 000 habitants et zones rurales;1;50;599;-12,10%;De 30 à 40 000 entrées;catégorie E;JP;commune isolée;188;151;20;60,7;28,1;9;2,2;84;18,8
1009;107 254;111 734;ASSOCIATION DU CAFE DES IMAGES;79,3;49.202885;-0.332513;195741;NORMANDIE;14327;22460;14;14601;Caen;198639;unités urbaines de 100 000 habitants et plus;4;53;5 496;-4,00%;De 100 à 150 000 entrées;catégorie C;RDJPPR;banlieue;390;175;110;53,1;22,2;16,2;8,5;303;81
436;76 002;77 053;ASSOCIATION LE SONHIR 3;12,9;49.920188;4.084108;196901;HAUTS DE FRANCE;2381;9158;2;2302;Hirson;10031;unités urbaines de moins de 20 000 habitants et zones rurales;3;53;2 941;-1,40%;De 50 à 80 000 entrées;catégorie E;;commune-centre;271;209;85;44,9;45,9;9;0,3;104;7,2
199;16 400;16 435;VILLE DE HONFLEUR;20,1;49.419105;0.234146;197622;NORMANDIE;14333;7454;14;363;Honfleur;16740;unités urbaines de moins de 20 000 habitants et zones rurales;1;50;795;-0,20%;De 10 à 20 000 entrées;non classé;;commune-centre;167;142;4;46,1;42,3;10,6;0,9;53;20,1
262;17 439;19 137;NORD OUEST EXPLOITATION CINEMAS;34,7;49.304867;-0.074371;198581;NORMANDIE;14338;1956;14;14402;Dives-sur-Mer;34823;unités urbaines de 20 000 à 100 000 habitants;1;51;932;-8,90%;De 10 à 20 000 entrées;catégorie D;;banlieue;244;206;14;52,4;28,6;17,3;1,7;145;31,8
97;8 395;8 000;ASSOCIATION ARTHUS CINE;56,8;48.363571;-3.746066;199121;BRETAGNE;29081;1530;29;0;Zone rurale;14541106;unités urbaines de 100 000 habitants et plus;1;52;548;5%;De 5 à 10 000 entrées;catégorie E;JPPR;territoire rural;212;161;1;46,8;30;19,2;4;134;49,1
179;5 246;4 989;COMMUNAUTE DE COMMUNES DU BOUCHARDAIS;35,3;47.125566;0.414813;200262;CENTRE-VAL DE LOIRE;37119;1610;37;0;Zone rurale;14541106;unités urbaines de 100 000 habitants et plus;1;49;153;5%;De 5 à 10 000 entrées;non classé;;territoire rural;98;80;0;70,4;18,9;7,7;3;48;33,6
122;6 435;6 077;CINEMA SAINT CHARLES;60,1;47.403746;-0.921463;201041;PAYS DE LA LOIRE;49160;2615;49;156;Ingrandes;2615;unités urbaines de moins de 20 000 habitants et zones rurales;1;48;253;6%;De 5 à 10 000 entrées;catégorie E;;commune-centre;167;127;0;56,4;23,3;18,5;1,8;116;47,4
180;18 747;18 230;ASSOCIATION TRICOLORES DE LOCHRIST CINEMA;40,7;47.827604;-3.253047;201253;BRETAGNE;56090;6471;56;56205;Inzinzac-Lochrist;6471;unités urbaines de moins de 20 000 habitants et zones rurales;1;35;457;3%;De 10 à 20 000 entrées;catégorie E;JPPR;commune isolée;169;106;8;55;27,4;10,8;6,7;97;44,9
308;6 733;6 174;VILLE D'ISIGNY SUR MER;26,6;49.320073;-1.104154;201482;NORMANDIE;14342;3674;14;14109;Isigny-sur-Mer;3674;unités urbaines de moins de 20 000 habitants et zones rurales;1;53;324;9%;De 5 à 10 000 entrées;non classé;;commune isolée;135;100;0;50;37,1;11,4;1,5;47;24,8
469;38 957;42 518;COMMUNAUTE DE COMMUNES DU PAYS DE L'ISSOUDUN;20,7;46.949327;1.995229;202162;CENTRE-VAL DE LOIRE;36088;12029;36;36301;Issoudun;12029;unités urbaines de moins de 20 000 habitants et zones rurales;3;52;2 308;-8,40%;De 30 à 40 000 entrées;catégorie E;JP;commune isolée;222;190;50;47,4;43,2;8,8;0,6;88;11,8
274;29 798;32 525;AEP STELLA CINEMA;27,3;47.959564;-1.491109;203311;BRETAGNE;35136;8268;35;35215;Janzé;8268;unités urbaines de moins de 20 000 habitants et zones rurales;1;53;469;-8,40%;De 20 à 30 000 entrées;catégorie E;;commune isolée;227;196;7;58,6;27,9;10,9;2,7;81;16
244;3 891;3 509;VILLE DE JARZE;35,5;47.5524248;-0.23296830000003865;203672;PAYS DE LA LOIRE;49163;2750;49;0;Zone rurale;14541106;unités urbaines de 100 000 habitants et plus;1;44;155;11%;De 2 à 5 000 entrées;non classé;;territoire rural;103;81;0;50,2;34,3;13,3;2,2;45;21,8
2466;481 587;520 692;MAJESTIC COMPIEGNE (Stephant);21,4;49.402871;2.774688;203910;HAUTS DE FRANCE;60325;2564;60;60502;Compiègne;70485;unités urbaines de 20 000 à 100 000 habitants;14;53;25 252;-7,50%;De 450 à 700 000 entrées;catégorie D;;banlieue;469;340;285;37,5;50,3;11,3;0,9;202;10,2
118;26 187;7 898;PANORAMIC;25,5;47.983463;3.395496;204507;BOURGOGNE / FRANCHE-COMTE;89206;9580;89;89301;Joigny;9580;unités urbaines de moins de 20 000 habitants et zones rurales;1;53;1 157;232%;De 20 à 30 000 entrées;non classé;;commune isolée;257;190;23;47,3;42,1;8,4;2,2;123;31,6
321;10 662;11 210;ASSOCIATION CINEMA LE BEAUMANOIR;34,1;47.953858;-2.545992;205001;BRETAGNE;56091;2495;56;56106;Josselin;2495;unités urbaines de moins de 20 000 habitants et zones rurales;1;52;355;-4,90%;De 10 à 20 000 entrées;catégorie E;;commune isolée;197;168;3;58;26,2;11,4;4,4;85;30,1
670;1 751;1 800;VILLE DE JOUE LES TOURS;11,1;47.351751;0.6454439999999977;205213;CENTRE-VAL DE LOIRE;37122;37535;37;37701;Tours;353042;unités urbaines de 100 000 habitants et plus;1;9;9;-2,70%;Moins de 2000 entrées;non classé;;banlieue;9;8;0;100;0;0;0;1;20,1
210;14 138;14 875;ASSOCIATION PENTHIEVRE OMNISPORTS;30,6;48.46778;-2.510319;213462;BRETAGNE;22093;13465;22;22301;Lamballe;13465;unités urbaines de moins de 20 000 habitants et zones rurales;1;53;337;-5,00%;De 10 à 20 000 entrées;non classé;;commune isolée;133;101;0;59,4;27,5;13,1;0;44;41,5
168;11 422;12 086;VILLE DE LAMOTTE BEUVRON;19;47.60131;2.026127;213933;CENTRE-VAL DE LOIRE;41106;4750;41;41110;Lamotte-Beuvron;4750;unités urbaines de moins de 20 000 habitants et zones rurales;1;49;401;-5,50%;De 10 à 20 000 entrées;non classé;;commune isolée;113;90;3;64,5;24,9;9,7;0,9;31;21,4
470;48 954;51 310;LE ROHAN;18;48.452604;-4.252927;214541;BRETAGNE;29103;15746;29;29308;Landerneau;17686;unités urbaines de moins de 20 000 habitants et zones rurales;2;50;1 606;-4,60%;De 40 à 50 000 entrées;catégorie E;JP;commune-centre;167;120;51;48,4;39,7;10,6;1,3;79;13,5
394;50 246;51 079;LE ROHAN;16,7;48.510619;-4.069393;214841;BRETAGNE;29105;9079;29;29301;Landivisiau;11158;unités urbaines de moins de 20 000 habitants et zones rurales;2;50;1 597;-1,60%;De 50 à 80 000 entrées;catégorie E;JP;commune-centre;156;120;51;46,1;44,2;8,8;0,9;68;9,2
1890;458 019;491 390;CGR;9,4;47.775894;-3.35298;215183;BRETAGNE;56098;22095;56;56601;Lorient;114299;unités urbaines de 100 000 habitants et plus;11;53;22 206;-6,80%;De 450 à 700 000 entrées;non classé;;banlieue;235;200;196;36,8;50,8;11,8;0,6;32;4,8
189;15 415;15 423;VILLE DE LANGEAIS;46,2;47.326633;0.408328;215502;CENTRE-VAL DE LOIRE;37123;4593;37;37108;Langeais;4593;unités urbaines de moins de 20 000 habitants et zones rurales;1;51;455;-0,10%;De 10 à 20 000 entrées;catégorie E;JPPR;commune isolée;167;136;0;62,9;21,3;13,4;2,4;98;49
344;47 336;50 437;CINEX LOISIRS;24,5;47.861736;5.332835;215723;GRAND EST;52269;7786;52;52202;Langres;9347;unités urbaines de moins de 20 000 habitants et zones rurales;2;53;2 547;-6,10%;De 40 à 50 000 entrées;catégorie E;RDJPPR;commune-centre;251;169;41;49,3;39,3;10,8;0,7;140;19,3
828;195 859;212 467;LES BALADINS;21,6;48.72808;-3.460577;216171;BRETAGNE;22113;19827;22;22403;Lannion;49438;unités urbaines de 20 000 à 100 000 habitants;5;53;6 729;-7,80%;De 150 à 200 000 entrées;catégorie D;;commune-centre;278;214;119;46,4;42,1;11,1;0,3;136;15,7
790;113 837;120 883;CGR;12,3;49.569175;3.623996;216843;HAUTS DE FRANCE;2408;25358;2;2403;Laon;28791;unités urbaines de 20 000 à 100 000 habitants;5;53;6 953;-5,80%;De 100 à 150 000 entrées;non classé;;commune-centre;224;173;96;44;46,9;8,9;0,2;110;7,2
117;915;825;VILLE DE LAON;4;49.564845;3.62504;216851;HAUTS DE FRANCE;2408;25358;2;2403;Laon;28791;unités urbaines de 20 000 à 100 000 habitants;1;11;25;11%;Moins de 2000 entrées;non classé;;commune-centre;1;0;0;0;0;100;0;1;100
1844;402 482;453 302;CINEVILLE;18,4;48.072111;-0.771727;220074;PAYS DE LA LOIRE;53130;49848;53;53501;Laval;67160;unités urbaines de 20 000 à 100 000 habitants;9;53;13 730;-11,20%;De 300 à 450 000 entrées;catégorie D;RDJPPR;commune-centre;418;265;163;46,8;41,6;10,5;1,2;209;14,4
263;10 842;12 367;CINEMA SAINT-MICHEL;39,6;46.88534;-1.59841;221971;PAYS DE LA LOIRE;44081;4491;44;44114;Legé;4491;unités urbaines de moins de 20 000 habitants et zones rurales;1;52;449;-12,30%;De 10 à 20 000 entrées;catégorie E;;commune isolée;189;150;11;61,1;22,1;14,5;2,3;92;33,4
340;31 728;33 293;ASSOCIATION CULTURELLE DE LA COTE DES LEGENDES;38,6;48.572208;-4.327487;223593;BRETAGNE;29124;7290;29;29303;Lesneven;12959;unités urbaines de moins de 20 000 habitants et zones rurales;1;53;513;-4,70%;De 30 à 40 000 entrées;catégorie E;JP;commune-centre;201;146;14;57,6;28,7;10,5;3,1;97;40,4
300;28 106;26 829;ASSOCIATION CULTURELLE CINEMA SAINT MICHEL;35,6;48.213038;-1.504786;226211;BRETAGNE;35152;7370;35;35210;Liffré;7370;unités urbaines de moins de 20 000 habitants et zones rurales;1;48;348;5%;De 20 à 30 000 entrées;catégorie E;;commune isolée;154;127;4;45,8;36,1;14,7;3,5;67;26,7
377;8 170;7 804;VILLE DE LILLEBONNE;33,6;49.518115;0.53231;227982;NORMANDIE;76384;8963;76;76402;Lillebonne;21641;unités urbaines de 20 000 à 100 000 habitants;1;29;128;5%;De 5 à 10 000 entrées;non classé;;commune-centre;66;46;0;44,3;40,5;13,8;1,4;26;30,4
111;4 274;4 288;reynaud -exploitant;48,2;49.301809;-0.316265;229082;NORMANDIE;14365;2394;14;14201;Hermanville-sur-Mer;5413;unités urbaines de moins de 20 000 habitants et zones rurales;1;53;165;-0,30%;De 2 à 5 000 entrées;catégorie E;;banlieue;151;130;0;56,9;25,8;14,2;3,1;80;42,6
536;76 118;86 862;REYNAUD;2,9;49.143794;0.227798;229261;NORMANDIE;14366;20771;14;14401;Lisieux;28545;unités urbaines de 20 000 à 100 000 habitants;3;53;2 862;-12,40%;De 50 à 80 000 entrées;non classé;;commune-centre;85;74;62;37;51,8;11,2;0;6;1,6
536;38 489;34 322;REYNAUD;41,4;49.145632;0.228315;229262;NORMANDIE;14366;20771;14;14401;Lisieux;28545;unités urbaines de 20 000 à 100 000 habitants;2;53;2 066;12%;De 30 à 40 000 entrées;catégorie D;JP;commune-centre;164;117;34;64,3;25,8;8,2;1,7;123;32,5
503;28 610;30 541;NAGOT MARC;25,4;47.129518;0.993278;230152;CENTRE-VAL DE LOIRE;37132;6299;37;37301;Loches;10355;unités urbaines de moins de 20 000 habitants et zones rurales;2;49;838;-6,30%;De 20 à 30 000 entrées;catégorie E;;commune-centre;162;135;25;62,6;27,6;8,9;0,9;65;22,7
228;34 067;33 068;ASSOCIATION CINEMA LE CLUB;21,9;47.88976;-2.835941;230301;BRETAGNE;56117;4159;56;56214;Locminé;7918;unités urbaines de moins de 20 000 habitants et zones rurales;1;53;1 028;3%;De 30 à 40 000 entrées;catégorie E;JP;commune-centre;205;158;14;58,6;31,9;8,2;1,3;93;15,1
2160;370 464;396 832;CINEVILLE;35,9;47.751879;-3.366695;233001;BRETAGNE;56121;57567;56;56601;Lorient;114299;unités urbaines de 100 000 habitants et plus;11;53;19 377;-6,60%;De 300 à 450 000 entrées;non classé;;commune-centre;362;273;229;47,4;36,4;13,9;2,3;188;32,2
198;10 277;10 003;ASSOCIATION CINE LOROUX;40,3;47.236043;-1.348969;233181;PAYS DE LA LOIRE;44084;8031;44;44303;Saint-Julien-de-Concelles;14891;unités urbaines de moins de 20 000 habitants et zones rurales;1;48;367;3%;De 10 à 20 000 entrées;catégorie E;;commune-centre;164;128;2;66;21,4;10,9;1,7;86;44,8
409;36 282;35 017;VILLE DE LOUDEAC;42,9;48.172681;-2.751236;233722;BRETAGNE;22136;9615;22;22205;Loudéac;9615;unités urbaines de moins de 20 000 habitants et zones rurales;2;51;2 041;4%;De 30 à 40 000 entrées;catégorie E;RDJPPR;commune isolée;304;225;42;53,3;32,4;12,2;2,1;181;28,7
960;109 578;109 728;CINEMAS GRAND FORUM;9,7;49.216151;1.170764;234801;NORMANDIE;27375;18410;27;27402;Louviers;44239;unités urbaines de 20 000 à 100 000 habitants;5;53;6 554;-0,10%;De 100 à 150 000 entrées;non classé;;commune-centre;227;172;114;37,7;51,7;9,3;1,3;87;8,4
340;2 768;2 412;reynaud -exploitant;6,3;49.310786;-0.361997;235831;NORMANDIE;14384;3171;14;14302;Douvres-la-Délivrande - Luc-sur-Mer;14825;unités urbaines de moins de 20 000 habitants et zones rurales;1;18;159;15%;De 2 à 5 000 entrées;non classé;;commune-centre;44;41;0;48,9;43,6;6,7;0,8;8;7,4
425;3 709;4 322;VILLE DU LUDE;26,4;47.643316;0.156442;235942;PAYS DE LA LOIRE;72176;3876;72;72115;Le Lude;3876;unités urbaines de moins de 20 000 habitants et zones rurales;1;50;110;-14,20%;De 2 à 5 000 entrées;non classé;;commune isolée;88;71;1;70,6;19,8;5,6;4;23;15,7
327;39 207;44 186;VILLE DE MACHECOUL;30,9;46.993184;-1.823515;239121;PAYS DE LA LOIRE;44087;7341;44;44202;Machecoul;7341;unités urbaines de moins de 20 000 habitants et zones rurales;2;50;1 101;-11,30%;De 30 à 40 000 entrées;catégorie E;JP;commune isolée;242;197;13;61,1;26,7;11,6;0,7;114;23,7
234;12 817;13 084;ASSOCIATION ARMORIC CINEMA;31,8;47.808963;-2.386134;242852;BRETAGNE;56124;2459;56;56112;Malestroit;3519;unités urbaines de moins de 20 000 habitants et zones rurales;1;53;402;-2,00%;De 10 à 20 000 entrées;catégorie E;;commune-centre;204;175;1;60,3;25,7;12,9;1,1;78;32,9
271;43 444;46 848;ASSOCIATION CINEMAMERS;25,9;48.347714;0.363927;243552;PAYS DE LA LOIRE;72180;5304;72;72202;Mamers;5815;unités urbaines de moins de 20 000 habitants et zones rurales;2;53;2 388;-7,30%;De 40 à 50 000 entrées;catégorie E;RDJPPR;commune-centre;342;257;55;62,5;24,8;9,3;3,4;181;25,7
1126;44 021;47 788;CGR;10,7;48.002865;0.194124;244481;PAYS DE LA LOIRE;72181;143325;72;72701;Le Mans;210018;unités urbaines de 100 000 habitants et plus;7;53;10 765;-7,90%;De 40 à 50 000 entrées;non classé;;commune-centre;228;138;92;36,1;46,1;14,6;3,3;69;10,2
94;13 230;12 408;VILLE DU MANS;55,4;47.968733;0.203923;244491;PAYS DE LA LOIRE;72181;143325;72;72701;Le Mans;210018;unités urbaines de 100 000 habitants et plus;1;50;542;7%;De 10 à 20 000 entrées;non classé;;commune-centre;138;92;0;72,5;6,9;12,3;8,3;80;59,2
383;114 229;99 554;CENTRE JACQUES PREVERT;93,1;48.004856;0.20079;244492;PAYS DE LA LOIRE;72181;143325;72;72701;Le Mans;210018;unités urbaines de 100 000 habitants et plus;4;53;7 151;15%;De 100 à 150 000 entrées;catégorie A;RDJPPR;commune-centre;372;215;155;62,4;7,9;18;11,7;317;95
1811;502 170;517 278;Les cinemas GAUMONT-PATHE;17,2;48.007113;0.199047;244496;PAYS DE LA LOIRE;72181;143325;72;72701;Le Mans;210018;unités urbaines de 100 000 habitants et plus;11;53;23 921;-2,90%;De 450 à 700 000 entrées;non classé;;commune-centre;262;210;206;38,8;48,1;12,9;0,2;57;12,7
245;3 812;4 599;VILLE DE MAROMME;30;49.479355;1.042864;248763;NORMANDIE;76410;11023;76;755;Rouen;467133;unités urbaines de 100 000 habitants et plus;1;39;90;-17,10%;De 2 à 5 000 entrées;non classé;;banlieue;43;26;0;65,5;11,4;23,1;0;12;36,6
173;8 984;10 455;VILLE DE MAURE DE BRETAGNE;26,1;47.891029;-1.991909;252991;BRETAGNE;35168;3908;35;0;Zone rurale;14541106;unités urbaines de 100 000 habitants et plus;1;49;253;-14,10%;De 5 à 10 000 entrées;catégorie E;;territoire rural;154;128;0;50,6;37,3;10,2;1,9;52;15,5
374;84 895;5 995;COMMUNAUTE COMMUNE DU PAYS DE MAYENNE;38,2;48.302362;-0.620404;253763;PAYS DE LA LOIRE;53147;13016;53;53301;Mayenne;15119;unités urbaines de moins de 20 000 habitants et zones rurales;3;53;3 870;1316%;De 80 à 100 000 entrées;non classé;;commune-centre;440;283;100;55,7;30,7;9,8;3,8;290;28,2
142;7 033;6 135;SOCIETE DU PATRONAGE SAINT MICHEL;23,7;48.19242;-2.416156;257772;BRETAGNE;22147;2937;22;22103;Merdrignac;2937;unités urbaines de moins de 20 000 habitants et zones rurales;1;47;300;15%;De 5 à 10 000 entrées;non classé;;commune isolée;142;113;3;50,3;35,5;13,6;0,6;37;23,6
214;58 761;61 611;CINEPIC;13,5;50.066803;1.384364;258652;HAUTS DE FRANCE;80533;2840;80;453;Eu;20095;unités urbaines de 20 000 à 100 000 habitants;1;53;1 418;-4,60%;De 50 à 80 000 entrées;non classé;;banlieue;171;143;65;60,5;33,4;5,6;0,5;61;12,2
237;31 857;33 109;VILLE DE MERU;21,5;49.234352;2.134691;258732;HAUTS DE FRANCE;60395;14703;60;60302;Méru;14703;unités urbaines de moins de 20 000 habitants et zones rurales;2;50;2 438;-3,80%;De 30 à 40 000 entrées;catégorie E;RDJPPR;commune isolée;260;187;47;38;45,9;13,4;2,8;97;18,4
143;4 192;4 915;VILLE DE MEUNG SUR LOIRE;47,6;47.826282;1.696401;261032;CENTRE-VAL DE LOIRE;45203;6267;45;45209;Meung-sur-Loire;9217;unités urbaines de moins de 20 000 habitants et zones rurales;1;36;84;-14,70%;De 2 à 5 000 entrées;non classé;;commune-centre;67;48;0;56,1;24;18,5;1,3;38;46,8
2580;602 285;648 307;CGR;10,6;48.202673;-1.730539;261730;BRETAGNE;35177;4644;35;35127;La Mézière;4644;unités urbaines de moins de 20 000 habitants et zones rurales;12;53;24 546;-7,10%;De 450 à 700 000 entrées;non classé;;commune isolée;253;210;206;38,9;48,6;12,3;0,3;39;6,5
172;45 299;43 978;LES GARS DE SAINT PHILIBERT;47;47.808314;-3.635534;264151;BRETAGNE;29150;6874;29;29206;Moëlan-sur-Mer;6874;unités urbaines de moins de 20 000 habitants et zones rurales;1;53;1 118;3%;De 40 à 50 000 entrées;catégorie E;JPPR;commune isolée;291;221;18;60,8;22,4;13,7;3,1;165;47,3
2452;656 571;747 310;UGC;13,5;49.166065;-0.30018;266361;NORMANDIE;14437;9719;14;14601;Caen;198639;unités urbaines de 100 000 habitants et plus;12;53;25 015;-12,10%;De 450 à 700 000 entrées;non classé;;banlieue;283;194;169;40,3;49,8;9,8;0,1;107;6,9
300;21 927;20 961;CINE-OFF;47,4;47.499906;0.752013;267061;CENTRE-VAL DE LOIRE;37153;4298;37;37106;Monnaie;4298;unités urbaines de moins de 20 000 habitants et zones rurales;1;49;401;5%;De 20 à 30 000 entrées;catégorie E;JP;commune isolée;92;61;0;62,7;21,7;12,2;3,4;41;55
205;19 744;20 690;CINEMA LE MONTAGNARD;42,6;47.18723;-1.679304;267832;PAYS DE LA LOIRE;44101;6135;44;44701;Nantes;633690;unités urbaines de 100 000 habitants et plus;1;47;467;-4,60%;De 10 à 20 000 entrées;catégorie C;;banlieue;221;179;3;58,5;27;12,4;2;115;36,9
1499;326 335;359 770;ALTICINE/REYNAUD;16,5;48.001962;2.729169;268583;CENTRE-VAL DE LOIRE;45208;14254;45;45501;Montargis;55881;unités urbaines de 20 000 à 100 000 habitants;9;53;15 368;-9,30%;De 300 à 450 000 entrées;catégorie D;;commune-centre;386;284;179;38,7;50,5;9,8;1;196;10,2
3450;596 897;615 696;Les cinemas GAUMONT-PATHE;14;49.261576;2.452904;268733;HAUTS DE FRANCE;60414;13360;60;60601;Creil;120350;unités urbaines de 100 000 habitants et plus;14;53;24 555;-3,10%;De 450 à 700 000 entrées;non classé;;banlieue;317;264;217;31,6;56,1;11,9;0,3;102;7,2
150;11 192;12 032;AEP MONTALBANAISE;32,3;48.200293;-2.049655;268841;BRETAGNE;35184;5095;35;35129;Montauban-de-Bretagne;5095;unités urbaines de moins de 20 000 habitants et zones rurales;1;48;313;-7,00%;De 10 à 20 000 entrées;catégorie E;;commune isolée;167;136;8;60,9;31,2;5,4;2,5;69;28,3
175;10 431;22 925;ASSOCIATION LES AMIS DE L'ESPACE PIERRE MERY;39,3;47.286138;0.703952;269222;CENTRE-VAL DE LOIRE;37154;4154;37;37701;Tours;353042;unités urbaines de 100 000 habitants et plus;1;17;242;-54,50%;De 10 à 20 000 entrées;catégorie C;;banlieue;55;36;7;60,4;20,4;17,5;1,6;29;48,3
178;23 887;25 551;VILLE DE MONTDIDIER;11,4;49.647736;2.570756;270633;HAUTS DE FRANCE;80561;6201;80;80202;Montdidier;6384;unités urbaines de moins de 20 000 habitants et zones rurales;1;52;545;-6,50%;De 20 à 30 000 entrées;non classé;;commune-centre;148;112;6;52,2;37,8;10;0;29;10,4
264;32 488;30 140;LA CANE MONTFORTAISE;31,6;48.134411;-1.950548;272101;BRETAGNE;35188;6556;35;35208;Montfort-sur-Meu;6556;unités urbaines de moins de 20 000 habitants et zones rurales;1;49;648;8%;De 30 à 40 000 entrées;catégorie E;;commune isolée;270;217;12;60,9;27,3;10,1;1,7;120;26,6
861;174 918;83 818;LA CANE MONTFORTAISE;5,2;49.534592;0.181289;273565;NORMANDIE;76447;16016;76;76701;Le Havre;237578;unités urbaines de 100 000 habitants et plus;4;53;5 585;109%;De 150 à 200 000 entrées;non classé;;banlieue;241;153;66;30;56,3;13,6;0,2;103;2,9
155;21 461;21 570;MONTJEAN CINEMA;11,6;47.38864;-0.8621689999999944;273631;PAYS DE LA LOIRE;49244;18356;49;49208;La Pommeraye;18356;unités urbaines de moins de 20 000 habitants et zones rurales;1;53;630;-0,50%;De 20 à 30 000 entrées;non classé;;commune-centre;124;98;30;52,8;37,9;9,4;0;24;6,4
288;13 629;14 916;AMNESIA CORP;14,2;48.873643;3.534231;274603;GRAND EST;51380;3643;51;51111;Montmirail;3643;unités urbaines de moins de 20 000 habitants et zones rurales;2;53;1 406;-8,60%;De 10 à 20 000 entrées;catégorie E;;commune isolée;197;168;29;48,1;44;7;0,9;64;10,4
195;29 041;29 987;ASSOCIATION CINEMA CANTONAL DE MONTRICHARD;41,6;47.343448;1.182804;276351;CENTRE-VAL DE LOIRE;41151;3837;41;41204;Montrichard;6854;unités urbaines de moins de 20 000 habitants et zones rurales;1;53;815;-3,20%;De 20 à 30 000 entrées;catégorie E;JPPR;commune-centre;244;179;10;61,2;22,6;10,8;5,3;138;32,6
278;20 815;19 659;VILLE DE MONT SAINT AIGNAN;76,7;49.462477;1.070892;276712;NORMANDIE;76451;19209;76;755;Rouen;467133;unités urbaines de 100 000 habitants et plus;1;48;695;6%;De 20 à 30 000 entrées;catégorie C;RDJPPR;banlieue;142;77;0;58,9;14;21,9;5,1;119;77,5
290;7 393;8 121;VILLE DE MONTSURS;23,3;48.136733;-0.555009;277201;PAYS DE LA LOIRE;53161;2561;53;53101;Montsûrs;2561;unités urbaines de moins de 20 000 habitants et zones rurales;1;49;249;-9,00%;De 5 à 10 000 entrées;non classé;;commune isolée;129;98;2;64,5;25,2;8,5;1,8;40;22,9
0;7 556;8 041;FEDERATION DEPARTEMENTALE MJC DE LA SOMME;61,5;49.780148;2.47974;277893;HAUTS DE FRANCE;80570;4007;80;80117;Moreuil;4516;unités urbaines de moins de 20 000 habitants et zones rurales;1;38;179;-6,00%;De 5 à 10 000 entrées;non classé;;commune-centre;46;25;1;71,7;25,1;3,2;0;31;67,3
697;77 472;87 527;LE SIAM;5,6;48.575673;-3.827938;278231;BRETAGNE;29151;14830;29;29403;Morlaix;25437;unités urbaines de 20 000 à 100 000 habitants;3;53;3 930;-11,50%;De 50 à 80 000 entrées;non classé;;commune-centre;113;92;69;44;46;9,8;0,1;17;6,2
146;28 733;28 859;LA SALAMANDRE;90,1;48.589341;-3.817369;278241;BRETAGNE;29151;14830;29;29403;Morlaix;25437;unités urbaines de 20 000 à 100 000 habitants;1;49;1 151;-0,40%;De 20 à 30 000 entrées;catégorie D;RDJPPR;commune-centre;167;109;18;52,4;18,9;15,9;12,8;158;93,9
146;35 047;35 206;ASSOCIATION CINE LUMIERE;44,5;48.520588;0.545946;278721;NORMANDIE;61293;3929;61;61201;Mortagne-au-Perche;4844;unités urbaines de moins de 20 000 habitants et zones rurales;1;49;990;-0,50%;De 30 à 40 000 entrées;catégorie E;RDJPPR;commune-centre;205;148;26;57,6;27,6;11,9;2,9;122;31,6
200;28 736;33 359;LIGUE DE L'ENSEIGNEMENT DE CHAMPAGNE ARDENNE;58,4;49.582217;5.079352;282092;GRAND EST;8311;2356;8;8102;Mouzon;2356;unités urbaines de moins de 20 000 habitants et zones rurales;1;49;584;-13,90%;De 20 à 30 000 entrées;catégorie E;JP;commune isolée;95;38;0;53,4;18;19,4;9,2;72;71,1
252;5 329;8 090;VILLE DE MULSANNE;37,1;47.913307;0.246735;282731;PAYS DE LA LOIRE;72213;5088;72;72117;Mulsanne;5088;unités urbaines de moins de 20 000 habitants et zones rurales;1;47;294;-34,10%;De 5 à 10 000 entrées;catégorie E;;commune isolée;94;62;0;69,2;12;9,4;9,4;40;37,1
186;14 354;16 762;CINEMA JEANNE D'ARC;24,9;47.555803;-2.484734;283551;BRETAGNE;56143;4988;56;56116;Muzillac;4988;unités urbaines de moins de 20 000 habitants et zones rurales;1;53;442;-14,40%;De 10 à 20 000 entrées;catégorie E;;commune isolée;196;171;20;53,1;34,9;9,9;2,2;67;21
1875;578 420;613 316;Les cinemas GAUMONT-PATHE;34;47.213357;-1.558244;284613;PAYS DE LA LOIRE;44109;303382;44;44701;Nantes;633690;unités urbaines de 100 000 habitants et plus;12;53;23 286;-5,70%;De 450 à 700 000 entrées;non classé;;commune-centre;266;201;191;42,6;40,4;15,7;1,3;96;26,4
931;240 995;239 108;CINEVILLE;95,8;47.213603;-1.562528;284631;PAYS DE LA LOIRE;44109;303382;44;44701;Nantes;633690;unités urbaines de 100 000 habitants et plus;6;51;9 399;1%;De 200 à 300 000 entrées;catégorie A;RDJPPR;commune-centre;331;190;175;48,8;15,9;24,6;10,7;266;92,7
287;112 192;112 028;CLOCHARD GERARD JACQUES (TIERS FERME);79,5;47.21118;-1.586751;284662;PAYS DE LA LOIRE;44109;303382;44;44701;Nantes;633690;unités urbaines de 100 000 habitants et plus;4;50;6 154;0%;De 100 à 150 000 entrées;catégorie A;RDJP;commune-centre;375;282;93;62,6;14;17;6,5;294;77,3
341;26 217;22 142;ASSOCIATION SPORTIVE ET CULTURELLE BONNE GARDE;70,9;47.195308;-1.538372;284694;PAYS DE LA LOIRE;44109;303382;44;44701;Nantes;633690;unités urbaines de 100 000 habitants et plus;1;47;573;18%;De 20 à 30 000 entrées;catégorie A;JP;commune-centre;260;158;0;52,2;23,7;16,9;7,1;205;77,1
162;53 875;51 763;LE CINEMATOGRAPHE CINE-NANTES LOIRE-ATLANTIQUE;77,8;47.216901;-1.551545;284747;PAYS DE LA LOIRE;44109;303382;44;44701;Nantes;633690;unités urbaines de 100 000 habitants et plus;1;50;1 301;4%;De 50 à 80 000 entrées;catégorie A;RDJPPR;commune-centre;368;23;4;31,4;43;17;8,6;330;92,2
405;43 282;42 459;VILLE DE NEUBOURG;12,9;49.148993;0.902155;287391;NORMANDIE;27428;4099;27;27201;Le Neubourg;5244;unités urbaines de moins de 20 000 habitants et zones rurales;1;51;1 159;2%;De 40 à 50 000 entrées;non classé;;commune-centre;127;94;27;59,9;31,1;8;1;41;9,3
227;24 066;25 373;VILLE DE NEUFCHATEL EN BRAY;25,7;49.730796;1.442643;287472;NORMANDIE;76462;4728;76;76203;Neufchâtel-en-Bray;5179;unités urbaines de moins de 20 000 habitants et zones rurales;1;53;575;-5,20%;De 20 à 30 000 entrées;catégorie E;;commune-centre;165;130;2;54,2;32,2;10,6;3;64;19,5
100;25 036;26 746;AGENCE REGIONALE CENTRE LIVRE IMAGE CULTURE;45;47.940501;2.182716;288291;CENTRE-VAL DE LOIRE;45142;3691;45;45202;Fay-aux-Loges;6432;unités urbaines de moins de 20 000 habitants et zones rurales;1;46;989;-6,40%;De 20 à 30 000 entrées;catégorie E;JPPR;commune-centre;85;47;0;69,7;20,8;7,4;2,2;55;40
481;73 286;77 972;VILLE DE NOGENT LE ROTROU;31,7;48.322377;0.818153;291822;CENTRE-VAL DE LOIRE;28280;9956;28;28301;Nogent-le-Rotrou;11158;unités urbaines de moins de 20 000 habitants et zones rurales;3;53;3 139;-6,00%;De 50 à 80 000 entrées;catégorie E;RDJPPR;commune-centre;262;190;55;55,4;36,3;7,5;0,8;154;14,8
228;24 176;23 404;VILLE DE NOGENT SUR SEINE;23,5;48.489946;3.505014;291964;GRAND EST;10268;5965;10;10202;Nogent-sur-Seine;5965;unités urbaines de moins de 20 000 habitants et zones rurales;2;53;1 570;3%;De 20 à 30 000 entrées;catégorie E;JP;commune isolée;246;207;48;46,4;40;11;2,6;107;20
230;23 930;22 775;ASSOCIATION CINEMA PARADISO;36,5;47.441735;-1.502661;293121;PAYS DE LA LOIRE;44110;8539;44;44209;Nort-sur-Erdre;8539;unités urbaines de moins de 20 000 habitants et zones rurales;1;53;392;5%;De 20 à 30 000 entrées;catégorie E;;commune isolée;195;154;1;54,3;32,4;11,6;1,8;86;35,6
657;42 704;45 893;VILLE DE NOTRE DAME DE GRAVENCHON;10,3;49.491272;0.575902;293392;NORMANDIE;76476;9743;76;76402;Lillebonne;21641;unités urbaines de 20 000 à 100 000 habitants;3;53;2 214;-6,90%;De 40 à 50 000 entrées;non classé;;commune-centre;201;159;41;38,2;52,4;9,2;0,2;81;4,4
500;2 675;2 250;VILLE DE NOTRE DAME D'OE;40;47.448213;0.694335;293630;CENTRE-VAL DE LOIRE;37172;4045;37;37701;Tours;353042;unités urbaines de 100 000 habitants et plus;1;17;30;19%;De 2 à 5 000 entrées;non classé;;banlieue;28;18;1;81,1;14,4;4,5;0;11;43,6
200;5 006;6 332;UNION POUR LA CULTURE POPULAIRE SOLOGNE;43,5;47.535458;2.042446;293801;CENTRE-VAL DE LOIRE;41161;2330;41;41104;Nouan-le-Fuzelier;2330;unités urbaines de moins de 20 000 habitants et zones rurales;1;28;160;-20,90%;De 5 à 10 000 entrées;non classé;;commune isolée;18;9;0;89,4;0;10,6;0;9;49
643;123 670;85 303;CINEMA LE PARADISIO;16,8;49.579959;3.008971;294861;HAUTS DE FRANCE;60471;13883;60;60304;Noyon;15867;unités urbaines de moins de 20 000 habitants et zones rurales;4;53;6 436;45%;De 100 à 150 000 entrées;catégorie E;JP;commune-centre;333;271;147;43,5;47,6;8,5;0,5;147;6,5
210;20 917;18 969;CINEMA LE NOZEK;36,4;47.565293;-1.628355;294891;PAYS DE LA LOIRE;44113;4087;44;44110;Nozay;4087;unités urbaines de moins de 20 000 habitants et zones rurales;1;53;451;10%;De 20 à 30 000 entrées;catégorie E;JP;commune isolée;218;174;2;52,6;28,2;16,5;2,7;104;35
198;11 435;10 338;VILLE D'OISSEL;46,4;49.339471;1.08919;296615;NORMANDIE;76484;11355;76;755;Rouen;467133;unités urbaines de 100 000 habitants et plus;1;45;308;11%;De 10 à 20 000 entrées;non classé;;banlieue;176;133;0;54,2;25,3;15,9;4,6;88;32,4
729;156 207;155 822;CINEMA LES CARMES;89,5;47.901533;1.900955;298831;CENTRE-VAL DE LOIRE;45234;114644;45;45701;Orléans;278131;unités urbaines de 100 000 habitants et plus;3;53;7 285;0%;De 150 à 200 000 entrées;catégorie A;RDJPPR;commune-centre;386;230;152;59,6;11,4;17,9;11;335;95
2309;553 421;580 146;Les cinemas GAUMONT-PATHE;24,2;47.89856839999999;1.9088173000000097;298834;CENTRE-VAL DE LOIRE;45234;114644;45;45701;Orléans;278131;unités urbaines de 100 000 habitants et plus;12;53;22 800;-4,60%;De 450 à 700 000 entrées;non classé;;commune-centre;256;208;201;40,5;46;13,1;0,4;69;18,1
186;5 485;6 745;LA JEANNE D'ARC;24,6;49.130553;2.511848;299511;HAUTS DE FRANCE;60482;3384;60;60204;Orry-la-Ville;6328;unités urbaines de moins de 20 000 habitants et zones rurales;1;42;126;-18,70%;De 5 à 10 000 entrées;non classé;;commune-centre;62;49;0;40,2;48,3;11,5;0;18;16,6
352;47 005;46 523;ASSOCIATION CINEMATOGRAPHIQUE ET CULTURELLE LE CABIEU;38,6;49.276964;-0.256313;300801;NORMANDIE;14488;9177;14;14206;Ouistreham;9177;unités urbaines de moins de 20 000 habitants et zones rurales;1;53;1 100;1%;De 40 à 50 000 entrées;catégorie E;JP;commune isolée;214;172;13;59,3;28,4;11,6;0,7;101;23
196;30 640;32 593;ASSOCIATION LA PAIMPOLAISE;37,9;48.780228;-3.05216;302312;BRETAGNE;22162;7199;22;22303;Paimpol;17817;unités urbaines de moins de 20 000 habitants et zones rurales;1;53;552;-6,00%;De 30 à 40 000 entrées;catégorie E;;commune-centre;229;186;12;55,7;30,7;11,8;1,9;115;39,1
234;25 629;27 063;SARL LAURIENNE;51,8;47.347212;-3.157897;302453;BRETAGNE;56152;2579;56;56105;Le Palais;2579;unités urbaines de moins de 20 000 habitants et zones rurales;1;49;809;-5,30%;De 20 à 30 000 entrées;catégorie E;RDJPPR;commune isolée;271;197;21;51,2;31,8;14,3;2,8;173;42,7
235;44 125;41 141;VILLE DE PENMARCH;64,4;47.799654;-4.356964;306414;BRETAGNE;29158;5457;29;29401;Penmarch;22807;unités urbaines de 20 000 à 100 000 habitants;1;53;980;7%;De 40 à 50 000 entrées;catégorie D;RDJP;commune-centre;352;252;16;58,9;19,6;14,2;7,3;261;56,9
384;20 013;21 795;VILLE DE PERONNE;9;49.930788;2.936858;307361;HAUTS DE FRANCE;80620;7652;80;80209;Péronne;9453;unités urbaines de moins de 20 000 habitants et zones rurales;2;46;958;-8,20%;De 20 à 30 000 entrées;non classé;;commune-centre;149;126;18;63,9;31,6;4,5;0;28;7,5
437;35 426;41 077;LES BALADINS;63,6;48.814855;-3.457451;307943;BRETAGNE;22168;7288;22;22403;Lannion;49438;unités urbaines de 20 000 à 100 000 habitants;2;53;2 141;-13,80%;De 30 à 40 000 entrées;catégorie D;RDJP;banlieue;180;143;37;65,4;13;16,5;5,1;121;62,8
154;14 387;16 116;ASSOCIATION DU CINEMA DE LA PLAGE;41,4;49.166275;-1.5704;312221;NORMANDIE;50403;1484;50;0;Zone rurale;14541106;unités urbaines de 100 000 habitants et plus;1;52;635;-10,70%;De 10 à 20 000 entrées;catégorie E;JP;territoire rural;185;149;7;61,2;23,6;9,8;5,3;95;30,4
220;46 634;39 076;VILLE DE PITHIVIERS;18,8;48.173277;2.253059;312443;CENTRE-VAL DE LOIRE;45252;9100;45;45301;Pithiviers;11969;unités urbaines de moins de 20 000 habitants et zones rurales;1;53;1 434;19%;De 40 à 50 000 entrées;non classé;;commune-centre;225;177;35;44,5;42,7;10,1;2,6;103;18,9
192;17 676;17 524;COMMUNAUTE DE COMMUNES DE BROCELIANDE;47,9;47.998597;-2.096562;313842;BRETAGNE;35223;3852;35;35116;Plélan-le-Grand;3852;unités urbaines de moins de 20 000 habitants et zones rurales;1;53;476;1%;De 10 à 20 000 entrées;catégorie E;;commune isolée;331;282;4;56,8;29,6;10,9;2,8;194;29,7
600;17 382;20 119;SOCIETE D'EXPLOITATION DU CASINO DE LA ROTONDE;28,3;48.590655;-2.553431;313912;BRETAGNE;22186;4009;22;22115;Pléneuf-Val-André;4009;unités urbaines de moins de 20 000 habitants et zones rurales;1;53;704;-13,60%;De 10 à 20 000 entrées;catégorie E;JP;commune isolée;234;202;5;49,9;38;11,4;0,7;97;23,8
180;25 405;26 913;ASSOCIATION CULTURELLE CINEMATOGRAPHIQUE;33,9;48.655594;-3.630501;314471;BRETAGNE;22194;3598;22;251;Plestin-les-Grèves;4945;unités urbaines de moins de 20 000 habitants et zones rurales;1;53;682;-5,60%;De 20 à 30 000 entrées;catégorie E;;commune-centre;203;159;11;60,6;27,7;10,2;1,5;96;29,3
196;16 768;16 698;ASSOCIATION SAINT GUILLAUME;34,9;48.578076;-2.061657;314601;BRETAGNE;35228;6628;35;458;Dinard;32364;unités urbaines de 20 000 à 100 000 habitants;1;53;390;0%;De 10 à 20 000 entrées;catégorie D;;commune-centre;180;153;6;64,6;23,7;11,3;0,4;82;33,1
794;147 974;158 495;CINELAC;18,9;47.936453;-2.401708;314823;BRETAGNE;56165;9571;56;56216;Ploërmel;9571;unités urbaines de moins de 20 000 habitants et zones rurales;5;53;7 731;-6,60%;De 100 à 150 000 entrées;catégorie E;JP;commune isolée;333;264;136;46,8;42,6;9,4;1,2;155;9,6
358;15 586;15 322;ASSOCIATION CINEMA LE DAUPHIN;37,3;48.657353;-4.170827;315251;BRETAGNE;29185;3471;29;29118;Plouescat;3471;unités urbaines de moins de 20 000 habitants et zones rurales;1;53;448;2%;De 10 à 20 000 entrées;catégorie E;;commune isolée;208;167;8;57,9;28,6;11,4;2,1;101;33,5
237;34 723;36 122;ASSOCIATION IMAGES;41,8;48.373269;-4.370987;315312;BRETAGNE;29189;13436;29;29701;Brest;200530;unités urbaines de 100 000 habitants et plus;2;51;1 620;-3,90%;De 30 à 40 000 entrées;catégorie C;JP;banlieue;220;164;34;57,3;25,5;13,3;3,8;126;32
129;19 733;19 500;VILLE DE PLOUGONVELIN;48,6;48.340552;-4.723462;315332;BRETAGNE;29190;4083;29;29113;Plougonvelin;4083;unités urbaines de moins de 20 000 habitants et zones rurales;1;53;646;1%;De 10 à 20 000 entrées;catégorie E;JPPR;commune isolée;239;182;2;56,4;23,8;15,7;4,1;152;47,8
177;5 748;5 904;CINEMA JEANNE D'ARC;27,7;48.28043;-2.706503;315411;BRETAGNE;22219;1844;22;0;Zone rurale;14541106;unités urbaines de 100 000 habitants et plus;1;50;242;-2,60%;De 5 à 10 000 entrées;catégorie E;;territoire rural;121;96;2;60,2;25,4;14;0,5;38;40,8
220;28 320;28 033;OEUVRES PAROISSIALES DE POIX;22,8;49.776307;1.980512;317442;HAUTS DE FRANCE;80630;2402;80;80106;Poix-de-Picardie;2402;unités urbaines de moins de 20 000 habitants et zones rurales;1;53;557;1%;De 20 à 30 000 entrées;non classé;;commune isolée;177;134;2;55,2;35,7;9;0,1;64;20,5
134;13 397;14 252;VILLE DE LA POMMERAYE;42,5;47.359284;-0.860039;317911;PAYS DE LA LOIRE;49244;18356;49;49208;La Pommeraye;18356;unités urbaines de moins de 20 000 habitants et zones rurales;1;53;487;-6,00%;De 10 à 20 000 entrées;catégorie E;;commune-centre;205;161;0;65,2;21,8;11,3;1,8;122;29,5
589;59 461;66 727;SWERTVAEGHER CATHERINE;11,2;49.354873;0.511693;318782;NORMANDIE;27467;8998;27;27303;Pont-Audemer;22373;unités urbaines de 20 000 à 100 000 habitants;3;53;2 336;-10,90%;De 50 à 80 000 entrées;non classé;;commune-centre;134;96;45;45,9;43,1;9,6;1,4;54;12,4
129;16 800;17 129;VILLE DE PONTCHATEAU;35,3;47.435409;-2.088906;319022;PAYS DE LA LOIRE;44129;10604;44;44214;Pontchâteau;10604;unités urbaines de moins de 20 000 habitants et zones rurales;1;53;643;-1,90%;De 10 à 20 000 entrées;catégorie E;;commune isolée;236;184;1;57;25,6;12,7;4,7;114;25,3
806;122 848;120 277;CINEGYR CARNAC;22,5;48.068322;-2.948573;320311;BRETAGNE;56178;14117;56;56303;Pontivy;16234;unités urbaines de moins de 20 000 habitants et zones rurales;5;53;5 728;2%;De 100 à 150 000 entrées;catégorie E;JPPR;commune-centre;304;202;118;48,1;41,8;9,6;0,5;140;12,7
169;24 338;26 461;VILLE DE PONT L'EVEQUE;41;49.285635;0.185399;320411;NORMANDIE;14514;4498;14;14120;Pont-l'Évêque;5253;unités urbaines de moins de 20 000 habitants et zones rurales;1;49;982;-8,00%;De 20 à 30 000 entrées;catégorie E;;commune-centre;176;150;10;57,7;26,3;11,7;4,3;80;29,7
322;25 991;26 789;VILLE DE PONT SAINTE MAXENCE;20,9;49.302107;2.60337;320771;HAUTS DE FRANCE;60509;12601;60;60305;Pont-Sainte-Maxence;16997;unités urbaines de moins de 20 000 habitants et zones rurales;2;53;2 067;-3,00%;De 20 à 30 000 entrées;non classé;;commune-centre;272;231;45;46,9;41,4;10;1,7;125;21,1
1189;348 333;352 883;CINEVILLE;6,6;47.434019;-0.500603;320873;PAYS DE LA LOIRE;49246;12488;49;49701;Angers;225978;unités urbaines de 100 000 habitants et plus;6;53;10 811;-1,30%;De 300 à 450 000 entrées;non classé;;banlieue;155;111;80;45,4;44,7;9,8;0,2;33;3,7
100;2 670;2 449;FAMILLES RURALES FEDERATION REGIONALE DES PAYS DE LA LOIRE;22,7;47.750682;0.192681;320971;PAYS DE LA LOIRE;72243;1730;72;0;Zone rurale;14541106;unités urbaines de 100 000 habitants et plus;1;34;66;9%;De 2 à 5 000 entrées;non classé;;territoire rural;22;15;0;79;18,8;2,2;0;5;20,6
270;37 853;37 331;AMICALE PERSONNEL CIN SAINT GILLES;39;47.119337;-2.101111;321132;PAYS DE LA LOIRE;44131;14902;44;44304;Pornic;19312;unités urbaines de moins de 20 000 habitants et zones rurales;1;53;1 112;1%;De 30 à 40 000 entrées;catégorie E;JP;commune-centre;273;215;37;55,1;27,3;16,3;1,3;150;36,5
185;15 151;15 036;UNION FRATERNELLE DE SAINTE MARIE SUR MER;39,4;47.114365;-2.127161;321135;PAYS DE LA LOIRE;44131;14902;44;44304;Pornic;19312;unités urbaines de moins de 20 000 habitants et zones rurales;1;53;808;1%;De 10 à 20 000 entrées;catégorie E;JPPR;commune-centre;286;209;16;59,5;20,9;17,8;1,8;152;37
230;50 686;49 337;VILLE DU POULIGUEN;65,7;47.276193;-2.429727;322952;PAYS DE LA LOIRE;44135;4455;44;44601;Saint-Nazaire;152164;unités urbaines de 100 000 habitants et plus;1;53;1 497;3%;De 50 à 80 000 entrées;catégorie C;RDJP;banlieue;273;211;104;63,3;15,5;14,5;6,6;203;63,6
268;7 644;7 875;ASSOCIATION SAINT ETIENNE;51,9;47.12792959999999;-2.215288200000032;324731;PAYS DE LA LOIRE;44136;1213;44;44401;Saint-Brevin-les-Pins;23405;unités urbaines de 20 000 à 100 000 habitants;1;52;237;-2,90%;De 5 à 10 000 entrées;catégorie D;;banlieue;192;162;4;54,1;25,8;15,6;4,5;110;36,4
208;13 996;13 218;ARTS ET LOISIRS DE QUEND;21,7;50.323857;1.548679;329162;HAUTS DE FRANCE;80649;1391;80;0;Zone rurale;14541106;unités urbaines de 100 000 habitants et plus;1;53;941;6%;De 10 à 20 000 entrées;non classé;;territoire rural;138;114;1;60;32,5;7,2;0,3;38;11,3
334;45 798;46 368;ASSOCIATION IRIS CINEMA;46,2;47.662952;-2.454678;329501;BRETAGNE;56184;7440;56;56208;Questembert;7440;unités urbaines de moins de 20 000 habitants et zones rurales;2;53;1 620;-1,20%;De 40 à 50 000 entrées;catégorie E;RDJPPR;commune isolée;298;222;21;57,6;26,6;12,2;3,6;191;35,9
242;34 398;36 136;VILLE DE QUIBERON;44,1;47.480187;-3.121863;329792;BRETAGNE;56186;4938;56;56201;Quiberon;4938;unités urbaines de moins de 20 000 habitants et zones rurales;2;53;1 761;-4,80%;De 30 à 40 000 entrées;catégorie E;JP;commune isolée;275;203;37;56;28,3;11,8;3,9;153;35,6
571;29 644;43 702;MEGARAMA;18;47.994608;-4.102191;330021;BRETAGNE;29232;63508;29;29501;Quimper;80005;unités urbaines de 20 000 à 100 000 habitants;4;53;5 771;-32,20%;De 20 à 30 000 entrées;non classé;;commune-centre;90;74;60;40,3;43,1;15,7;0,9;25;10,8
216;58 449;57 640;VILLE DE QUIMPER;95,1;47.996139;-4.107921;330033;BRETAGNE;29232;63508;29;29501;Quimper;80005;unités urbaines de 20 000 à 100 000 habitants;2;53;3 131;1%;De 50 à 80 000 entrées;catégorie D;RDJPPR;commune-centre;219;128;61;49,9;15,1;18,4;16,6;202;98,1
278;33 388;33 925;VILLE DE QUIMPERLE;48,2;47.874513;-3.545043;330052;BRETAGNE;29233;12018;29;29304;Quimperlé;14318;unités urbaines de moins de 20 000 habitants et zones rurales;1;51;596;-1,60%;De 30 à 40 000 entrées;catégorie E;JPPR;commune-centre;234;177;13;46,5;33,3;14,5;5,7;144;42,9
200;8 271;8 374;ASSOCIATION LE ROCHONEN;35,7;48.401006;-2.912056;330431;BRETAGNE;22262;2809;22;22101;Quintin;2809;unités urbaines de moins de 20 000 habitants et zones rurales;1;53;280;-1,20%;De 5 à 10 000 entrées;catégorie E;;commune isolée;142;111;1;56,5;29,6;12,6;1,3;58;57
1065;202 388;200 062;MANIVEL CINEMA;37,1;47.643971;-2.08863;333304;BRETAGNE;35236;8914;35;452;Redon;20214;unités urbaines de 20 000 à 100 000 habitants;7;53;10 090;1%;De 200 à 300 000 entrées;catégorie D;RDJPPR;commune-centre;423;284;157;51,8;34,5;11,8;1,9;253;22,2
607;158 197;157 704;REYNAUD;71,2;49.253618;4.027718;333961;GRAND EST;51454;184076;51;51701;Reims;212949;unités urbaines de 100 000 habitants et plus;5;53;9 713;0%;De 150 à 200 000 entrées;catégorie A;RDJPPR;commune-centre;373;238;170;47,2;24,7;20,3;7,8;300;73
218;13 986;15 701;ASSOCIATION AVANT GARDE DE RENAZE;34,2;47.794318;-1.057793;334921;PAYS DE LA LOIRE;53188;2529;53;53104;Renazé;2529;unités urbaines de moins de 20 000 habitants et zones rurales;1;50;263;-10,90%;De 10 à 20 000 entrées;catégorie E;;commune isolée;106;68;1;69,4;18,3;11,3;1;50;28,8
373;113 235;97 121;ASSOCIATION ARVOR CINEMA ET CULTURE;96,7;48.11601;-1.67887;335054;BRETAGNE;35238;215366;35;35701;Rennes;330871;unités urbaines de 100 000 habitants et plus;2;53;3 511;17%;De 100 à 150 000 entrées;catégorie A;RD;commune-centre;170;113;97;59,1;11,7;14,3;14,9;150;97,9
495;83 369;90 782;THEATRE NATIONAL DE BRETAGNE CENTRE EUROPEEN DE PRODUCTION;91,3;48.107745;-1.67277;335055;BRETAGNE;35238;215366;35;35701;Rennes;330871;unités urbaines de 100 000 habitants et plus;2;48;3 050;-8,20%;De 80 à 100 000 entrées;catégorie A;RDJPPR;commune-centre;254;106;82;61,2;11;18,1;9,7;228;97,3
1230;273 374;286 625;CINEVILLE;6,7;48.104927;-1.678362;335073;BRETAGNE;35238;215366;35;35701;Rennes;330871;unités urbaines de 100 000 habitants et plus;6;53;9 673;-4,60%;De 200 à 300 000 entrées;non classé;;commune-centre;218;146;81;31,2;54,1;13,1;1,6;85;7,3
2800;795 537;877 749;Les cinemas GAUMONT-PATHE;27,9;48.106343;-1.675345;335108;BRETAGNE;35238;215366;35;35701;Rennes;330871;unités urbaines de 100 000 habitants et plus;13;53;23 444;-9,40%;De 700 000 à 1 million d'entrées;non classé;;commune-centre;313;259;253;38;45,7;14,8;1,5;96;22,8
210;12 657;15 134;CINEMA LE RESTERIA;34,9;47.914523;-1.380231;335711;BRETAGNE;35239;4267;35;35201;Retiers;6043;unités urbaines de moins de 20 000 habitants et zones rurales;1;37;341;-16,40%;De 10 à 20 000 entrées;catégorie E;;commune-centre;167;117;0;56;27,2;14,1;2,7;82;25,2
285;15 000;14 549;COMMUNAUTE DE COMMUNES DU VAL DE SAIRE;25,1;49.615851;-1.26046;336191;NORMANDIE;50433;1092;50;0;Zone rurale;14541106;unités urbaines de 100 000 habitants et plus;2;50;764;3%;De 10 à 20 000 entrées;catégorie E;;territoire rural;121;96;12;64,4;23,4;10,9;1,3;50;19,9
425;26 093;26 625;AEP PATERNELLE CINE SAINT PAUL;56,1;47.183872;-1.543971;336432;PAYS DE LA LOIRE;44143;39649;44;44701;Nantes;633690;unités urbaines de 100 000 habitants et plus;1;51;507;-2,00%;De 20 à 30 000 entrées;catégorie C;;banlieue;236;178;1;58,8;23,7;14,1;3,4;151;56
246;13 067;13 289;ASSOCIATION LES RICHELAIS DU CARDINAL;39,8;47.014742;0.322461;337051;CENTRE-VAL DE LOIRE;37196;1787;37;37101;Richelieu;2341;unités urbaines de moins de 20 000 habitants et zones rurales;1;50;753;-1,70%;De 10 à 20 000 entrées;catégorie E;JP;commune-centre;162;123;2;64;24,4;6,6;5,1;82;34,2
260;37 191;33 552;ASSOCIATION CULTURELLE LOISIRS;32,9;47.517686;-2.300226;339311;BRETAGNE;56195;666;56;0;Zone rurale;14541106;unités urbaines de 100 000 habitants et plus;2;53;1 739;11%;De 30 à 40 000 entrées;catégorie E;JP;territoire rural;334;261;51;58,6;28,8;10;2,5;168;19,3
209;21 600;24 684;ASSOCIATION KORRIGAN ROMILLE;36,7;48.213608;-1.892787;342020;BRETAGNE;35245;3878;35;35112;Romillé;3878;unités urbaines de moins de 20 000 habitants et zones rurales;1;49;630;-12,50%;De 20 à 30 000 entrées;catégorie E;JPPR;commune isolée;254;210;15;64,6;22;11,5;1,9;128;27,9
698;73 132;80 091;VILLE DE ROMILLY SUR SEINE;16,4;48.516527;3.723266;342071;GRAND EST;10323;14493;10;10301;Romilly-sur-Seine;16856;unités urbaines de moins de 20 000 habitants et zones rurales;3;53;3 430;-8,70%;De 50 à 80 000 entrées;catégorie E;RDJP;commune-centre;194;152;65;40,7;49,6;9,2;0,5;87;12,8
488;67 638;78 961;CINEXPANSION  DU VAL DE LOIRE SARL;16,7;47.358326;1.745177;342112;CENTRE-VAL DE LOIRE;41194;17748;41;41301;Romorantin-Lanthenay;17748;unités urbaines de moins de 20 000 habitants et zones rurales;3;53;2 495;-14,30%;De 50 à 80 000 entrées;catégorie E;;commune isolée;230;189;58;46,7;42,8;9,2;1,3;115;12,9
200;11 496;11 677;CINEMA SAINTE BARBE;33,8;48.724745;-3.984009;343321;BRETAGNE;29239;3354;29;29305;Saint-Pol-de-Léon;12288;unités urbaines de moins de 20 000 habitants et zones rurales;1;52;453;-1,60%;De 10 à 20 000 entrées;catégorie E;;banlieue;188;163;16;56,1;26,7;14,8;2,4;85;28,6
227;13 246;13 470;ASSOCIATION CINE BREIZ;40,5;48.237305;-3.316257;343951;BRETAGNE;22266;3101;22;22110;Rostrenen;3101;unités urbaines de moins de 20 000 habitants et zones rurales;1;53;739;-1,70%;De 10 à 20 000 entrées;catégorie E;JP;commune isolée;239;197;14;44,9;35;16,8;3,3;118;35,7
1345;225 067;227 645;NORD OUEST EXPLOITATION CINEMAS;92,4;49.438455;1.096887;344532;NORMANDIE;76540;110169;76;755;Rouen;467133;unités urbaines de 100 000 habitants et plus;7;53;12 410;-1,10%;De 200 à 300 000 entrées;catégorie A;RDJPPR;commune-centre;554;350;269;54,5;15,9;20,1;9,4;497;95,2
2539;163 913;199 988;KINEPOLIS;11,5;49.430638;1.085206;344571;NORMANDIE;76540;110169;76;755;Rouen;467133;unités urbaines de 100 000 habitants et plus;14;53;25 650;-18,00%;De 150 à 200 000 entrées;non classé;;commune-centre;317;216;204;30;51,5;16,9;1,6;53;11,5
3021;868 253;900 866;Les cinemas GAUMONT-PATHE;20,4;49.444934;1.067208;344590;NORMANDIE;76540;110169;76;755;Rouen;467133;unités urbaines de 100 000 habitants et plus;14;53;27 739;-3,60%;De 700 000 à 1 million d'entrées;non classé;;commune-centre;269;204;194;33,4;53;13,2;0,4;84;10,4
326;26 253;24 491;;8,5;49.69929;2.790104;346622;HAUTS DE FRANCE;80685;5972;80;80203;Roye;5972;unités urbaines de moins de 20 000 habitants et zones rurales;1;51;757;7%;De 20 à 30 000 entrées;non classé;;commune isolée;148;126;15;53,3;39,7;7;0;35;7,9
500;32 365;34 799;BOISRAME ROGER;10;47.840861;-0.334058;348311;PAYS DE LA LOIRE;72264;12496;72;72302;Sablé-sur-Sarthe;14863;unités urbaines de moins de 20 000 habitants et zones rurales;1;53;1 065;-7,00%;De 30 à 40 000 entrées;non classé;;commune-centre;109;79;52;56,1;35,9;6,7;1,3;21;16,2
655;6 941;7 558;ASSOCIATION ENTRACTE;82,8;47.839188;-0.3382865999999467;348314;PAYS DE LA LOIRE;72264;12496;72;72302;Sablé-sur-Sarthe;14863;unités urbaines de moins de 20 000 habitants et zones rurales;1;33;93;-8,20%;De 5 à 10 000 entrées;non classé;;commune-centre;52;27;0;70,5;10,1;6,6;12,7;50;88,1
2436;667 427;663 575;Les cinemas GAUMONT-PATHE;4,9;47.94652;1.895679;352610;CENTRE-VAL DE LOIRE;45302;16259;45;45701;Orléans;278131;unités urbaines de 100 000 habitants et plus;10;53;18 231;1%;De 450 à 700 000 entrées;non classé;;banlieue;182;140;133;31,1;57;11,7;0,1;16;3
318;11 488;12 355;GLOZEL;26,8;47.524564;-2.767434;353571;BRETAGNE;56240;7825;56;56213;Sarzeau;7825;unités urbaines de moins de 20 000 habitants et zones rurales;1;48;440;-7,00%;De 10 à 20 000 entrées;catégorie E;;commune isolée;141;122;13;55,9;33,7;10,1;0,4;52;25,5
1469;284 832;243 143;LE PALACE;17,9;47.262131;-0.078279;354782;PAYS DE LA LOIRE;49328;27486;49;49401;Saumur;29302;unités urbaines de 20 000 à 100 000 habitants;9;53;13 830;17%;De 200 à 300 000 entrées;catégorie D;;commune-centre;319;250;169;46,8;42,9;10;0,4;131;10,4
662;148 205;147 176;;14,1;47.363726;-1.942308;355933;PAYS DE LA LOIRE;44195;8319;44;44215;Savenay;11232;unités urbaines de moins de 20 000 habitants et zones rurales;5;53;6 703;1%;De 100 à 150 000 entrées;catégorie E;JP;commune-centre;235;175;84;41,2;47,5;10,8;0,5;106;7,1
450;50 065;52 896;NORD EST CINEMA (Thirriot);10,4;49.698315;4.947865;357672;GRAND EST;8409;17248;8;8401;Sedan;26148;unités urbaines de 20 000 à 100 000 habitants;3;51;1 899;-5,40%;De 50 à 80 000 entrées;non classé;;commune-centre;224;167;48;40,6;45,2;11,7;2,5;67;11,9
212;24 766;25 710;SEES DU CINE;37,8;48.607433;0.170941;357751;NORMANDIE;61464;4209;61;61107;Sées;4209;unités urbaines de moins de 20 000 habitants et zones rurales;1;53;920;-3,70%;De 20 à 30 000 entrées;catégorie E;JPPR;commune isolée;235;174;11;55,5;26,5;15,8;2,2;113;33,9
375;61 882;64 431;ABC49 LES AMIS DU BON CINEMA;18,3;47.68565;-0.868807;357904;PAYS DE LA LOIRE;49331;17603;49;49212;Segré;17603;unités urbaines de moins de 20 000 habitants et zones rurales;3;52;2 375;-4,00%;De 50 à 80 000 entrées;catégorie E;JPPR;commune-centre;208;138;45;54,3;36,1;9,5;0,1;100;13,4
123;10 527;10 801;VILLE DE SELLES SUR CHER;22,5;47.274507;1.55439;358561;CENTRE-VAL DE LOIRE;41242;4625;41;41111;Selles-sur-Cher;4625;unités urbaines de moins de 20 000 habitants et zones rurales;1;53;662;-2,50%;De 10 à 20 000 entrées;catégorie E;JPPR;commune isolée;159;133;0;55,6;32,7;10,6;1,1;52;32,4
227;27 815;27 765;SALLE JEANNE D' ARC;43;49.208302;2.585995;359462;HAUTS DE FRANCE;60612;14777;60;60306;Senlis;15685;unités urbaines de moins de 20 000 habitants et zones rurales;1;53;1 245;0%;De 20 à 30 000 entrées;catégorie E;JPPR;commune-centre;254;179;23;53,4;29,8;15,4;1,5;150;43,3
306;27 679;27 560;NORD OUEST EXPLOITATION CINEMAS;19,7;48.561662;1.032664;359622;CENTRE-VAL DE LOIRE;28373;3092;28;28107;Senonches;3092;unités urbaines de moins de 20 000 habitants et zones rurales;1;53;1 028;0%;De 20 à 30 000 entrées;non classé;;commune isolée;220;176;32;52,5;38,7;8,4;0,4;103;13,7
1340;287 015;314 667;;22,5;48.176509;3.284553;359772;BOURGOGNE / FRANCHE-COMTE;89387;25784;89;89401;Sens;37683;unités urbaines de 20 000 à 100 000 habitants;7;53;13 669;-8,80%;De 200 à 300 000 entrées;catégorie D;JPPR;commune-centre;315;225;178;40,3;48,7;10,2;0,9;145;12,7
319;47 211;48 306;COMMUNAUTE DE COMMUNES DES COTEAUX SEZANNAIS;29,4;48.721194;3.729236;362773;GRAND EST;51535;4996;51;51202;Sézanne;4996;unités urbaines de moins de 20 000 habitants et zones rurales;2;53;2 730;-2,30%;De 40 à 50 000 entrées;catégorie E;JPPR;commune isolée;173;119;40;44,7;44,7;9,6;0,9;83;16,9
982;146 640;158 769;CGR;12,7;49.382084;3.326393;364503;HAUTS DE FRANCE;2722;28410;2;2404;Soissons;42947;unités urbaines de 20 000 à 100 000 habitants;6;53;8 389;-7,60%;De 100 à 150 000 entrées;catégorie D;JP;commune-centre;248;191;104;41,8;48,7;9,4;0,2;120;8,6
204;9 223;3 747;;26,4;47.765104;2.374435;370251;CENTRE-VAL DE LOIRE;45315;5386;45;45302;Sully-sur-Loire;11960;unités urbaines de moins de 20 000 habitants et zones rurales;1;38;432;146%;De 5 à 10 000 entrées;non classé;;commune-centre;137;130;5;56,7;29,4;13,4;0,6;52;23,8
232;19 276;21 753;ASSOCIATION DU CINEMA LE PETIT CASINO;31,3;47.269008;1.371774;371581;CENTRE-VAL DE LOIRE;41198;2883;41;41205;Saint-Aignan;7900;unités urbaines de moins de 20 000 habitants et zones rurales;2;53;948;-11,40%;De 10 à 20 000 entrées;catégorie E;JPPR;commune-centre;242;184;11;56,5;30,1;11,3;2,2;112;24,5
226;31 795;33 848;VILLE DE SAINT AMAND MONTROND;17,5;46.722722;2.503052;372181;CENTRE-VAL DE LOIRE;18197;9919;18;18301;Saint-Amand-Montrond;12320;unités urbaines de moins de 20 000 habitants et zones rurales;2;53;2 256;-6,10%;De 30 à 40 000 entrées;catégorie E;;commune-centre;251;215;57;55,1;36;8,5;0,4;110;13,4
300;27 700;27 378;FAMILLES RURALES FEDERATION REGIONALE DES PAYS DE LA LOIRE;22,9;47.3292625;-0.6707131000000572;374431;PAYS DE LA LOIRE;49292;3352;49;0;Zone rurale;14541106;unités urbaines de 100 000 habitants et plus;1;47;537;1%;De 20 à 30 000 entrées;non classé;;territoire rural;104;67;0;72,4;20,8;6,7;0,1;38;24,1
293;24 362;26 113;COMMUNAUTE DE COMMUNES DE SAINT AUBIN DU CORMIER;22,7;48.256952;-1.391536;374582;BRETAGNE;35253;3732;35;35121;Saint-Aubin-du-Cormier;3732;unités urbaines de moins de 20 000 habitants et zones rurales;2;52;701;-6,70%;De 20 à 30 000 entrées;catégorie E;;commune isolée;217;184;21;50,4;35,2;12,5;1,9;76;16,3
179;6 419;5 760;VILLE DE SAINT AUBIN SUR MER;18,1;49.329525;-0.385911;374903;NORMANDIE;14562;2418;14;14302;Douvres-la-Délivrande - Luc-sur-Mer;14825;unités urbaines de moins de 20 000 habitants et zones rurales;1;52;518;11%;De 5 à 10 000 entrées;non classé;;banlieue;190;155;0;48,6;38,5;12,7;0,2;53;15,9
465;132 591;149 537;VILLE DE SAINT BREVIN LES PINS;28,9;47.246308;-2.135768;377083;PAYS DE LA LOIRE;44154;13492;44;44401;Saint-Brevin-les-Pins;23405;unités urbaines de 20 000 à 100 000 habitants;3;53;4 069;-11,30%;De 100 à 150 000 entrées;catégorie D;JP;commune-centre;307;230;103;48;41,3;9,8;1;167;15,5
1150;111 379;117 956;HOFFMANN;79,1;48.508095;-2.760537;377271;BRETAGNE;22278;45105;22;22501;Saint-Brieuc;94500;unités urbaines de 20 000 à 100 000 habitants;6;50;6 392;-5,60%;De 100 à 150 000 entrées;catégorie D;RDJPPR;commune-centre;294;182;131;56,5;19,5;18,1;6;239;84,8
131;6 598;7 758;VILLE DE SAINT CALAIS;50,7;47.920147;0.743555;377441;PAYS DE LA LOIRE;72269;3281;72;72116;Saint-Calais;3814;unités urbaines de moins de 20 000 habitants et zones rurales;1;49;370;-15,00%;De 5 à 10 000 entrées;catégorie E;JP;commune-centre;187;142;0;54,4;19,1;15,4;11,1;109;51,3
292;2 891;3 660;VILLE DE SAINT CYR SUR LOIRE;22,2;47.419122;0.653805;381240;CENTRE-VAL DE LOIRE;37214;15911;37;37701;Tours;353042;unités urbaines de 100 000 habitants et plus;1;14;18;-21,00%;De 2 à 5 000 entrées;non classé;;banlieue;14;11;0;77,2;15,2;0;7,6;4;29,3
1122;198 096;210 498;COMPLEXE CINEMATOGRAPHIQUE MARNAIS;22,4;48.640036;4.95025;382552;GRAND EST;52448;25182;52;460;Saint-Dizier;31794;unités urbaines de 20 000 à 100 000 habitants;7;53;9 496;-5,90%;De 150 à 200 000 entrées;catégorie D;RDJP;commune-centre;382;298;184;42,8;47,5;9,2;0,5;189;10
241;17 681;16 698;ASSOCIATION DU MONTLUC CINEMA;41,4;47.275577;-1.779561;383961;PAYS DE LA LOIRE;44158;6840;44;44205;Saint-Étienne-de-Montluc;6840;unités urbaines de moins de 20 000 habitants et zones rurales;1;47;413;6%;De 10 à 20 000 entrées;catégorie E;JP;commune isolée;163;116;1;62,6;22,2;9,5;5,7;88;40,5
286;11 972;11 765;VILLE DE SAINT FLORENT SUR CHER;35,5;46.996042;2.252694;385392;CENTRE-VAL DE LOIRE;18207;6671;18;18202;Saint-Florent-sur-Cher;6671;unités urbaines de moins de 20 000 habitants et zones rurales;1;50;657;2%;De 10 à 20 000 entrées;catégorie E;JPPR;commune isolée;155;115;1;59;26,3;12,3;2,5;77;50,3
152;19 092;13 936;PANORAMIC;40,3;47.815917;3.799085;385401;BOURGOGNE / FRANCHE-COMTE;89068;2300;89;0;Zone rurale;14541106;unités urbaines de 100 000 habitants et plus;1;52;625;37%;De 10 à 20 000 entrées;catégorie E;JP;territoire rural;226;174;0;71;18,3;7,4;3,3;112;40,7
192;6 281;6 838;VILLE DE SAINT FLORENT LE VIEIL;36,2;47.363746;-1.0164589999999407;385421;PAYS DE LA LOIRE;49244;18356;49;49208;La Pommeraye;18356;unités urbaines de moins de 20 000 habitants et zones rurales;1;46;218;-8,10%;De 5 à 10 000 entrées;catégorie E;;commune-centre;131;105;0;63;24,4;9,4;3,2;62;23,3
157;7 808;9 048;ASSOCIATION JULIEN MAUNOIR;36,6;48.506874;-1.241635;387661;BRETAGNE;35271;1556;35;0;Zone rurale;14541106;unités urbaines de 100 000 habitants et plus;1;52;418;-13,70%;De 5 à 10 000 entrées;catégorie E;;territoire rural;184;157;2;67,5;18,2;13,3;1;82;25,3
281;4 693;4 713;VILLE DE SAINT GOBAIN;27,6;49.597177;3.378189;390271;HAUTS DE FRANCE;2680;2269;2;2109;Saint-Gobain;2269;unités urbaines de moins de 20 000 habitants et zones rurales;1;47;203;-0,40%;De 2 à 5 000 entrées;non classé;;commune isolée;132;109;0;60,9;25,8;8,8;4,5;46;32,2
288;26 053;24 816;UNION FRATERNELLE SAINT HERBLAIN;52,7;47.21395;-1.64939;390791;PAYS DE LA LOIRE;44162;45786;44;44701;Nantes;633690;unités urbaines de 100 000 habitants et plus;1;43;550;5%;De 20 à 30 000 entrées;catégorie C;JP;banlieue;178;106;0;71;11,8;13,4;3,8;127;56,6
2462;434 405;481 225;UGC;24,1;47.224381;-1.625621;390793;PAYS DE LA LOIRE;44162;45786;44;44701;Nantes;633690;unités urbaines de 100 000 habitants et plus;12;53;25 875;-9,70%;De 300 à 450 000 entrées;non classé;;banlieue;258;170;166;45,8;40,6;12,9;0,7;106;18,4
395;18 532;15 439;VILLE DE SAINT HILAIRE DU HARCOUET;8;48.576008;-1.09371;391331;NORMANDIE;50484;6081;50;50202;Saint-Hilaire-du-Harcouët;8794;unités urbaines de moins de 20 000 habitants et zones rurales;1;48;486;20%;De 10 à 20 000 entrées;non classé;;commune-centre;86;68;16;73;22,7;3;1,3;18;5,8
200;25 200;28 218;ASSOCIATION IMAGE ET SON DU PLATEAU PICARD;19,1;49.505347;2.430243;396151;HAUTS DE FRANCE;60581;5972;60;60201;Saint-Just-en-Chaussée;5972;unités urbaines de moins de 20 000 habitants et zones rurales;1;51;770;-10,70%;De 20 à 30 000 entrées;non classé;;commune isolée;168;134;26;37;45,4;16,3;1,4;56;10,3
1344;313 903;320 154;SNES (50)-REYNAUD(50);14,8;49.118217;-1.098287;398574;NORMANDIE;50502;19301;50;50401;Saint-Lô;24221;unités urbaines de 20 000 à 100 000 habitants;9;53;14 438;-2,00%;De 300 à 450 000 entrées;catégorie D;;commune-centre;378;284;183;47,9;42,1;9,2;0,8;191;11,1
203;10 264;10 379;VILLE DE SAINT LUNAIRE;51,5;48.634794;-2.105848;399341;BRETAGNE;35287;2276;35;458;Dinard;32364;unités urbaines de 20 000 à 100 000 habitants;1;52;241;-1,10%;De 10 à 20 000 entrées;catégorie D;;banlieue;189;157;1;49,8;23,5;24,5;2,3;111;50,2
202;9 326;11 236;ASSOCIATION FAMILIA CINEMA;31,2;47.124726;-0.994734;399432;PAYS DE LA LOIRE;49301;25572;49;49205;Saint-Macaire-en-Mauges;25572;unités urbaines de 20 000 à 100 000 habitants;1;49;311;-17,00%;De 5 à 10 000 entrées;catégorie E;;commune isolée;164;125;0;53,4;33,2;11,6;1,8;66;29,4
872;191 152;215 511;ASSOCIATION CINEMA LE VAUBAN;6;48.651576;-2.00345;399681;BRETAGNE;35288;45719;35;35402;Saint-Malo;45719;unités urbaines de 20 000 à 100 000 habitants;5;53;6 750;-11,30%;De 150 à 200 000 entrées;non classé;;commune isolée;148;117;111;42,6;46,1;11,2;0,1;16;4,4
505;66 200;66 530;VILLE DE SAINT-MALO;91,4;48.602575;-2.005943;399686;BRETAGNE;35288;45719;35;35402;Saint-Malo;45719;unités urbaines de 20 000 à 100 000 habitants;3;53;3 980;-0,50%;De 50 à 80 000 entrées;catégorie D;RDJPPR;commune isolée;196;144;85;58,9;12;19,2;10;180;93,2
150;12 277;12 647;"SOCIETE DE SPORTS ET D' EDUCATION POPULAIRE ""LA MALOUINE"" CINEMA";27,1;47.339858;-2.175644;399721;PAYS DE LA LOIRE;44176;3181;44;44207;Saint-Joachim - Saint-Malo-de-Guersac;7115;unités urbaines de moins de 20 000 habitants et zones rurales;1;48;727;-2,90%;De 10 à 20 000 entrées;catégorie E;JP;banlieue;247;188;9;60;28;10,7;1,3;105;24,2
220;10 081;10 924;ASSOCIATION JEANNE D'ARC CINEMA;16,6;47.52339;-1.186562;401371;PAYS DE LA LOIRE;44180;2400;44;44101;Saint-Mars-la-Jaille;2400;unités urbaines de moins de 20 000 habitants et zones rurales;1;45;441;-7,70%;De 10 à 20 000 entrées;non classé;;commune isolée;144;115;11;55,1;33,4;9,8;1,7;37;13,3
0;7 356;6 714;;51,6;47.434568;-0.703599;403400;PAYS DE LA LOIRE;49306;1670;49;0;Zone rurale;14541106;unités urbaines de 100 000 habitants et plus;1;42;186;10%;De 5 à 10 000 entrées;non classé;;territoire rural;151;111;0;63,2;18,9;17,1;0,8;80;42,9
140;7 925;7 387;VILLE DE SAINTE MAURE DE TOURAINE;50,6;47.111089;0.61914;404692;CENTRE-VAL DE LOIRE;37226;4351;37;37109;Sainte-Maure-de-Touraine;4351;unités urbaines de moins de 20 000 habitants et zones rurales;1;49;330;7%;De 5 à 10 000 entrées;catégorie E;;commune isolée;156;130;0;67,5;19,2;9;4,3;96;44,8
307;23 517;23 110;CINEMA LE CELTIC;30;48.188591;-2.192564;405831;BRETAGNE;35297;4610;35;35202;Saint-Méen-le-Grand;5801;unités urbaines de moins de 20 000 habitants et zones rurales;2;53;1 085;2%;De 20 à 30 000 entrées;catégorie E;JPPR;commune-centre;245;196;20;53,1;34;9,7;3,2;105;20,3
95;10 430;10 417;ASSOCIATION CINEMA SAINT MICHEL;40,9;47.180946;-2.149737;406352;PAYS DE LA LOIRE;44182;4642;44;44401;Saint-Brevin-les-Pins;23405;unités urbaines de 20 000 à 100 000 habitants;1;53;469;0%;De 10 à 20 000 entrées;catégorie D;;banlieue;240;195;12;67,7;16;14,4;2;119;37,5
154;32 043;27 543;LE FANAL;88,1;47.280291;-2.216623;407211;PAYS DE LA LOIRE;44184;69784;44;44601;Saint-Nazaire;152164;unités urbaines de 100 000 habitants et plus;1;49;1 354;16%;De 30 à 40 000 entrées;catégorie B;RDJPPR;commune-centre;231;98;15;56,9;15;16,9;11,2;217;97,6
1986;404 776;441 006;CINEVILLE;17,9;47.274768;-2.20402;407220;PAYS DE LA LOIRE;44184;69784;44;44601;Saint-Nazaire;152164;unités urbaines de 100 000 habitants et plus;9;53;15 364;-8,20%;De 300 à 450 000 entrées;non classé;;commune-centre;315;229;160;40,8;48,1;10,7;0,3;124;11,9
1029;194 800;218 269;CINEMA CULTURE LOISIRS DE LA PRESQU'ILE;10,8;47.331071;-2.426378;407229;PAYS DE LA LOIRE;44069;16294;44;44601;Saint-Nazaire;152164;unités urbaines de 100 000 habitants et plus;6;53;9 395;-10,80%;De 150 à 200 000 entrées;non classé;;banlieue;199;158;133;41,8;48;9,9;0,3;40;6,6
176;11 265;12 473;VILLE DE SAINT OUEN (SOMME);21,2;50.038633;2.123723;408122;HAUTS DE FRANCE;80711;1915;80;80206;Saint-Léger-lès-Domart;7323;unités urbaines de moins de 20 000 habitants et zones rurales;1;42;222;-9,70%;De 10 à 20 000 entrées;non classé;;commune-centre;103;83;1;55,7;33,7;9,3;1,2;19;22,3
228;32 857;31 895;VILLE DE SAINT PHILBERT DE GRAND LIEU;31;47.037392;-1.641091;410232;PAYS DE LA LOIRE;44188;8767;44;44211;Saint-Philbert-de-Grand-Lieu;8767;unités urbaines de moins de 20 000 habitants et zones rurales;1;51;640;3%;De 30 à 40 000 entrées;catégorie E;JP;commune isolée;219;165;16;54,1;32,2;11,3;2,4;99;31,1
365;5 012;6 038;CINE-OFF;56,9;47.389603;0.719808;411244;CENTRE-VAL DE LOIRE;37233;15745;37;37701;Tours;353042;unités urbaines de 100 000 habitants et plus;1;36;72;-17,00%;De 5 à 10 000 entrées;non classé;;banlieue;52;31;0;51,8;25,3;16,8;6;31;69,9
155;7 681;9 461;ASSOCIATION CINEMA L'AIGLON;32,4;48.400769;-0.099188;411333;PAYS DE LA LOIRE;53246;1991;53;0;Zone rurale;14541106;unités urbaines de 100 000 habitants et plus;1;51;207;-18,80%;De 5 à 10 000 entrées;catégorie E;;territoire rural;133;104;1;71,3;18,3;7,7;2,7;51;29
144;13 499;11 776;VILLE DE SAINT PIERRE SUR DIVES;42,1;49.016764;-0.043436;412061;NORMANDIE;14654;7835;14;14119;Saint-Pierre-sur-Dives;7835;unités urbaines de moins de 20 000 habitants et zones rurales;1;51;480;15%;De 10 à 20 000 entrées;catégorie E;JP;commune-centre;156;117;3;56,7;26,2;14,2;2,9;83;40,9
331;19 892;21 559;VILLE DE SAINT POL DE LEON;31,3;48.687279;-3.992419;412251;BRETAGNE;29259;6584;29;29305;Saint-Pol-de-Léon;12288;unités urbaines de moins de 20 000 habitants et zones rurales;1;53;520;-7,70%;De 10 à 20 000 entrées;catégorie E;;commune-centre;209;185;14;54,6;32,2;12;1,3;81;20,8
167;35 668;37 234;VILLE DE SAINT QUAY PORTRIEUX;29,1;48.651051;-2.83135;413111;BRETAGNE;22325;2931;22;22302;Binic;12615;unités urbaines de moins de 20 000 habitants et zones rurales;1;53;1 253;-4,20%;De 30 à 40 000 entrées;catégorie E;JPPR;commune-centre;252;204;54;58,6;29,9;10,2;1,3;128;23,6
1927;357 040;383 725;CAP'CINEMA;16,8;49.84044;3.292065;413157;HAUTS DE FRANCE;2691;55649;2;2501;Saint-Quentin;65059;unités urbaines de 20 000 à 100 000 habitants;11;53;22 815;-7,00%;De 300 à 450 000 entrées;catégorie D;JPPR;commune-centre;397;315;206;40,4;48,9;10,1;0,6;188;8,7
300;27 136;28 848;CINEMA LE BRETAGNE;55,6;48.431183;-4.623373;414352;BRETAGNE;29260;8101;29;29210;Saint-Renan;8101;unités urbaines de moins de 20 000 habitants et zones rurales;1;53;549;-5,90%;De 20 à 30 000 entrées;catégorie E;JPPR;commune isolée;267;192;6;51,9;26,3;18,3;3,5;173;46
2144;577 758;619 786;CGR;6,8;48.06123;0.167196;415471;PAYS DE LA LOIRE;72320;2487;72;72701;Le Mans;210018;unités urbaines de 100 000 habitants et plus;12;53;24 840;-6,80%;De 450 à 700 000 entrées;non classé;;banlieue;246;193;190;43,9;46,7;9;0,4;28;3,3
200;9 762;8 772;FEDERATION DEPARTEMENTALE DES FOYER RURAUX DU CHER;32,6;47.135691;2.548784;416921;CENTRE-VAL DE LOIRE;18235;1154;18;0;Zone rurale;14541106;unités urbaines de 100 000 habitants et plus;1;45;288;11%;De 5 à 10 000 entrées;non classé;;territoire rural;44;32;0;75,9;15,3;8,5;0,2;22;41,5
189;14 336;13 913;CASINO DE SAINT VALERY EN CAUX;20,1;49.863;0.706604;418992;NORMANDIE;76655;4209;76;76119;Saint-Valery-en-Caux;4209;unités urbaines de moins de 20 000 habitants et zones rurales;1;53;582;3%;De 10 à 20 000 entrées;non classé;;commune isolée;151;125;2;39,4;36,4;19,4;4,8;41;30,1
498;30 727;27 849;CINEODE;7,4;49.657142;3.298248;423561;HAUTS DE FRANCE;2738;13734;2;2402;Tergnier;22463;unités urbaines de 20 000 à 100 000 habitants;2;53;2 384;10%;De 30 à 40 000 entrées;non classé;;commune-centre;231;200;59;42,4;49,3;8,1;0,2;68;5,2
221;10 202;10 740;ASSOCIATION LE FOYER THEILLOIS;33,9;48.265259;0.690629;424781;NORMANDIE;61484;3737;61;61102;Le Theil;3737;unités urbaines de moins de 20 000 habitants et zones rurales;1;45;389;-5,00%;De 10 à 20 000 entrées;catégorie E;JP;commune-centre;134;107;0;64,1;20;13;2,9;50;40,6
2609;829 271;830 725;Les cinemas GAUMONT-PATHE;13;49.254024;3.962365;426120;GRAND EST;51569;405;51;0;Zone rurale;14541106;unités urbaines de 100 000 habitants et plus;13;53;24 162;-0,20%;De 700 000 à 1 million d'entrées;non classé;;territoire rural;257;207;201;34,6;53;12,2;0,2;48;7,1
170;4 554;4 458;Programmé par Cinédiffusion à partir du 3/1/18;39,9;47.267642;-0.502889;427312;PAYS DE LA LOIRE;49345;5783;49;0;Zone rurale;14541106;unités urbaines de 100 000 habitants et plus;1;46;208;2%;De 2 à 5 000 entrées;non classé;;territoire rural;150;123;0;73,9;8,7;17,2;0,2;71;45,4
220;3 535;2 556;;65,8;49.482001;2.884056;427442;HAUTS DE FRANCE;60636;4584;60;60502;Compiègne;70485;unités urbaines de 20 000 à 100 000 habitants;1;42;76;38%;De 2 à 5 000 entrées;non classé;;banlieue;47;25;1;54,4;28,2;12,4;5,1;39;84,7
213;19 914;20 152;VILLE DE THURY HARCOURT;37,3;48.985746;-0.478263;427861;NORMANDIE;14689;3680;14;0;Zone rurale;14541106;unités urbaines de 100 000 habitants et plus;1;49;765;-1,20%;De 10 à 20 000 entrées;catégorie E;JP;territoire rural;209;182;6;55,9;31,5;10,7;1,9;111;26,5
280;5 368;5 001;VILLE DE TINCHEBRAY;44,4;48.763163;-0.732609;428483;NORMANDIE;61486;4999;61;61104;Tinchebray;4999;unités urbaines de moins de 20 000 habitants et zones rurales;1;50;198;7%;De 5 à 10 000 entrées;catégorie E;;commune isolée;156;127;1;63,6;23,7;11,7;1;80;32,9
141;8 195;8 764;VILLE DE TONNERRE;56,3;47.856492;3.972991;428961;BOURGOGNE / FRANCHE-COMTE;89418;4736;89;89202;Tonnerre;5337;unités urbaines de moins de 20 000 habitants et zones rurales;1;51;533;-6,50%;De 5 à 10 000 entrées;catégorie E;JP;commune-centre;133;86;0;45,9;36,6;12,3;5,2;90;59,3
101;3 679;6 188;CINELUX;35;47.734838;3.292272;429621;BOURGOGNE / FRANCHE-COMTE;89419;2732;89;89101;Toucy;2732;unités urbaines de moins de 20 000 habitants et zones rurales;1;25;300;-40,50%;De 2 à 5 000 entrées;non classé;;commune isolée;51;22;0;34,3;38,7;13,7;13,2;20;66,2
1091;342 844;349 597;ASSOCIATION TECHNIQUE EDUCATION CULTURELLE;84,6;47.394391;0.697155;431732;CENTRE-VAL DE LOIRE;37261;136252;37;37701;Tours;353042;unités urbaines de 100 000 habitants et plus;7;53;11 125;-1,90%;De 300 à 450 000 entrées;catégorie A;RDJPPR;commune-centre;423;282;213;59;17;15,2;8,8;353;87,8
2408;880 691;938 273;CGR;11,5;47.365422;0.680755;431771;CENTRE-VAL DE LOIRE;37261;136252;37;37701;Tours;353042;unités urbaines de 100 000 habitants et plus;12;53;24 595;-6,10%;De 700 000 à 1 million d'entrées;non classé;;commune-centre;243;203;199;36,5;52,1;11;0,5;38;6,3
1898;243 235;253 738;CGR;14,9;47.366664;0.706536;431801;CENTRE-VAL DE LOIRE;37261;136252;37;37701;Tours;353042;unités urbaines de 100 000 habitants et plus;8;53;16 352;-4,10%;De 200 à 300 000 entrées;non classé;;commune-centre;226;168;150;34,6;48,2;16,3;0,8;52;10
2187;522 049;565 029;HOFFMANN;6,8;48.493105;-2.761907;433570;BRETAGNE;22360;8411;22;22501;Saint-Brieuc;94500;unités urbaines de 20 000 à 100 000 habitants;10;53;13 856;-7,60%;De 450 à 700 000 entrées;non classé;;banlieue;188;173;165;41,6;48,6;9,8;0;17;3,9
332;28 598;32 805;CASINO DU TREPORT;2,7;50.061473;1.367587;434402;NORMANDIE;76711;4935;76;453;Eu;20095;unités urbaines de 20 000 à 100 000 habitants;1;53;1 603;-12,80%;De 20 à 30 000 entrées;non classé;;commune-centre;121;99;51;45,7;45;9,2;0,2;18;6,1
2438;539 576;563 910;CGR;22,3;48.291806;4.080707;436453;GRAND EST;10387;60928;10;10601;Troyes;136330;unités urbaines de 100 000 habitants et plus;14;53;27 019;-4,30%;De 450 à 700 000 entrées;non classé;;commune-centre;404;325;267;37,3;51,1;10,9;0,7;183;11,1
160;41 291;41 703;ASSOCIATION POUR LE CINEMA ATLANTIC;64,2;47.348261;-2.512088;437012;PAYS DE LA LOIRE;44211;4460;44;44206;La Turballe;6691;unités urbaines de moins de 20 000 habitants et zones rurales;1;53;1 595;-1,00%;De 40 à 50 000 entrées;catégorie E;RDJPPR;commune-centre;280;207;103;66;14,9;13,5;5,7;206;63,2
242;12 152;13 544;POUR FAIRE BRILLER LES ETOILES;60,6;49.271387;1.212255;439721;NORMANDIE;27701;13269;27;27402;Louviers;44239;unités urbaines de 20 000 à 100 000 habitants;2;53;1 208;-10,30%;De 10 à 20 000 entrées;catégorie D;JP;commune-centre;202;126;1;48,4;29,5;18,4;3,7;133;48,5
282;28 752;30 658;ASSOCIATION CINEMA LE CEP;38,1;47.162517;-1.264107;440961;PAYS DE LA LOIRE;44212;8838;44;44212;Vallet;8838;unités urbaines de moins de 20 000 habitants et zones rurales;1;51;609;-6,20%;De 20 à 30 000 entrées;catégorie E;JP;commune isolée;187;122;11;62,1;21,1;11,6;5,2;100;38,6
340;26 538;25 830;CHAMPALAUNE BRUNO MAURICE GERARD;24,8;49.508042;-1.47082;441261;NORMANDIE;50615;6745;50;50205;Valognes;7860;unités urbaines de moins de 20 000 habitants et zones rurales;1;53;732;3%;De 20 à 30 000 entrées;catégorie E;;commune-centre;161;126;20;62,5;27,2;8,3;1,9;82;21
813;121 720;117 941;CINEVILLE;82,8;47.654885;-2.756096;441861;BRETAGNE;56260;53200;56;56501;Vannes;78876;unités urbaines de 20 000 à 100 000 habitants;5;53;7 119;3%;De 100 à 150 000 entrées;catégorie D;RDJPPR;commune-centre;319;195;116;55,3;18,4;19,5;6,8;269;83,7
1979;497 105;544 672;CINEVILLE;7,5;47.670076;-2.792332;441876;BRETAGNE;56260;53200;56;56501;Vannes;78876;unités urbaines de 20 000 à 100 000 habitants;9;53;15 276;-8,70%;De 450 à 700 000 entrées;non classé;;commune-centre;217;173;155;41,5;47,5;10,8;0,2;27;5,1
900;140 593;149 539;SARL CINE VENDOME;13;47.802972;1.06936;446494;CENTRE-VAL DE LOIRE;41269;16716;41;41401;Vendôme;23423;unités urbaines de 20 000 à 100 000 habitants;5;53;6 412;-6,00%;De 100 à 150 000 entrées;catégorie D;;commune-centre;260;168;115;45,1;42,6;11,3;0,9;117;11
168;27 271;30 142;VILLE DE VERNEUIL SUR AVRE;21,8;48.736789;0.930047;448762;NORMANDIE;27679;8173;27;27205;Verneuil-sur-Avre;8173;unités urbaines de moins de 20 000 habitants et zones rurales;1;53;836;-9,50%;De 20 à 30 000 entrées;catégorie E;JP;commune isolée;221;174;22;53,4;33,7;10,3;2,7;111;22,1
836;80 769;91 345;COINTIN ET CIE;11,3;49.091924;1.487671;448981;NORMANDIE;27681;23797;27;27401;Vernon;31840;unités urbaines de 20 000 à 100 000 habitants;4;53;3 170;-11,60%;De 80 à 100 000 entrées;non classé;;commune-centre;145;110;77;41,6;46,1;11,2;1,1;54;12,5
195;27 613;20 542;ASSOCIATION CINE VAILLANT;57,8;47.167104;-1.467908;450171;PAYS DE LA LOIRE;44215;23124;44;44701;Nantes;633690;unités urbaines de 100 000 habitants et plus;1;48;545;34%;De 20 à 30 000 entrées;catégorie C;;banlieue;210;162;0;65,8;15,9;15,3;3;145;62
149;7 222;7 495;VILLE DE VERVINS;20,2;49.833134;3.902529;450271;HAUTS DE FRANCE;2789;2502;2;2120;Vervins;3434;unités urbaines de moins de 20 000 habitants et zones rurales;1;48;213;-3,60%;De 5 à 10 000 entrées;non classé;;commune-centre;112;83;0;57,3;31,2;10,7;0,8;30;24,4
97;7 581;8 082;VILLE DE VEULES LES ROSES;35,7;49.873882;0.796808;450742;NORMANDIE;76735;594;76;0;Zone rurale;14541106;unités urbaines de 100 000 habitants et plus;1;52;538;-6,20%;De 5 à 10 000 entrées;catégorie E;;territoire rural;166;142;1;53,7;31;12,7;2,5;74;29,2
204;17 430;19 181;SAINT JOSEPH DE VIHIERS ASSOCIATION;35,9;47.14704;-0.536932;454032;PAYS DE LA LOIRE;49373;7858;49;49125;Vihiers;7858;unités urbaines de moins de 20 000 habitants et zones rurales;1;48;354;-9,10%;De 10 à 20 000 entrées;catégorie E;;commune isolée;127;98;0;68,5;23,6;7,5;0,4;65;21,2
240;21 820;24 085;ASSOCIATION VILLEDIEU CINEMA;45,6;48.837867;-1.221993;455951;NORMANDIE;50639;3905;50;50201;Villedieu-les-Poêles;5786;unités urbaines de moins de 20 000 habitants et zones rurales;1;53;660;-9,40%;De 20 à 30 000 entrées;catégorie E;JP;commune-centre;209;145;10;68,6;20;7,7;3,7;136;28,4
217;28 526;29 691;VILLE DE VILLERS COTTERETS;23;49.254713;3.092158;459221;HAUTS DE FRANCE;2810;10951;2;2301;Villers-Cotterêts;10951;unités urbaines de moins de 20 000 habitants et zones rurales;2;53;2 307;-3,90%;De 20 à 30 000 entrées;catégorie E;RDJP;commune isolée;325;260;57;42,8;46,7;9,5;1,1;165;20,6
229;15 793;16 845;VILLE DE VILLERS SUR MER;18,3;49.324649;-0.001154;460033;NORMANDIE;14754;2719;14;14402;Dives-sur-Mer;34823;unités urbaines de 20 000 à 100 000 habitants;1;49;777;-6,20%;De 10 à 20 000 entrées;non classé;;banlieue;126;111;3;61,4;31,3;7,1;0,2;32;13,5
345;67 274;64 258;VILLE DE VIRE;35,8;48.838655;-0.892968;462953;NORMANDIE;14762;17650;14;14301;Vire;17650;unités urbaines de moins de 20 000 habitants et zones rurales;2;52;2 007;5%;De 50 à 80 000 entrées;catégorie E;RDJPPR;commune-centre;265;177;37;52,8;37,7;7,9;1,6;156;23
515;115 245;123 311;ASSOCIATION AURORE CINEMA;18,5;48.123858;-1.200713;463643;BRETAGNE;35360;17798;35;35302;Vitré;17798;unités urbaines de moins de 20 000 habitants et zones rurales;3;53;3 224;-6,50%;De 100 à 150 000 entrées;catégorie E;;commune isolée;188;139;58;49,7;41;8,9;0,4;94;10,5
465;46 252;47 342;LES ECRANS DE VITRY;13,7;48.727309;4.586264;463842;GRAND EST;51649;12805;51;51301;Vitry-le-François;15578;unités urbaines de moins de 20 000 habitants et zones rurales;3;53;2 896;-2,30%;De 40 à 50 000 entrées;catégorie E;;commune-centre;205;171;72;47,9;42,8;9,1;0,2;71;9,2
353;29 538;29 056;VILLE DE VOUZIERS;16,1;49.395324;4.700053;465872;GRAND EST;8490;4383;8;8106;Vouziers;4383;unités urbaines de moins de 20 000 habitants et zones rurales;2;53;1 663;2%;De 20 à 30 000 entrées;catégorie E;;commune isolée;190;148;35;57,5;32,5;8,5;1,5;64;12,5
0;8 027;7 889;FEDERATION DEPARTEMENTALE DES MAISONS DES JEUNES ET DE LA CULTUR;20,1;49.714863;3.584145;465920;HAUTS DE FRANCE;2517;341;2;0;Zone rurale;14541106;unités urbaines de 100 000 habitants et plus;1;44;209;2%;De 5 à 10 000 entrées;non classé;;territoire rural;57;34;0;66,5;27,1;4,4;2;21;28,7
150;6 395;6 655;FAMILLES RURALES FEDERATION REGIONALE DES PAYS DE LA LOIRE;27,7;47.476235;-2.158292;466201;PAYS DE LA LOIRE;44098;5199;44;44119;Missillac;5199;unités urbaines de moins de 20 000 habitants et zones rurales;1;40;119;-3,90%;De 5 à 10 000 entrées;non classé;;commune isolée;50;26;0;61,2;22,9;13;2,8;20;21,4
904;96 271;95 816;NORD OUEST EXPLOITATION CINEMAS;14,2;49.618891;0.753617;469602;NORMANDIE;76758;12072;76;76301;Yvetot;15657;unités urbaines de moins de 20 000 habitants et zones rurales;6;53;5 029;0%;De 80 à 100 000 entrées;catégorie E;JP;commune-centre;314;238;89;44,3;45,4;9,3;1;148;8,7
2985;723 258;778 551;Les cinemas GAUMONT-PATHE;10,4;47.222987;-1.628379;576000;PAYS DE LA LOIRE;44162;45786;44;44701;Nantes;633690;unités urbaines de 100 000 habitants et plus;14;53;27 798;-7,10%;De 700 000 à 1 million d'entrées;non classé;;banlieue;281;202;196;30,3;56,2;12,6;1;61;7,4
1191;135 324;147 483;CINEXPANSION  DU VAL DE LOIRE SARL;17,2;47.22562;2.057905;720650;CENTRE-VAL DE LOIRE;18279;26919;18;18401;Vierzon;30159;unités urbaines de 20 000 à 100 000 habitants;7;53;5 631;-8,20%;De 100 à 150 000 entrées;catégorie D;;commune-centre;266;214;133;45,1;44,6;9,8;0,5;111;11,5
1792;542 987;582 489;CINEVILLE;13;47.189868;-1.4869;720950;PAYS DE LA LOIRE;44190;26371;44;44701;Nantes;633690;unités urbaines de 100 000 habitants et plus;9;53;15 866;-6,80%;De 450 à 700 000 entrées;non classé;;banlieue;182;140;133;38,4;49,9;11,6;0,1;32;8,2
1987;465 242;490 175;CINEVILLE;18,3;48.00072;-4.109877;721500;BRETAGNE;29232;63508;29;29501;Quimper;80005;unités urbaines de 20 000 à 100 000 habitants;10;53;16 542;-5,10%;De 450 à 700 000 entrées;catégorie D;;commune-centre;340;257;193;40,4;47,3;11,8;0,5;129;11,7
298;1 336;1 400;;50;47.38634;0.653023;722080;CENTRE-VAL DE LOIRE;37195;10403;37;37701;Tours;353042;unités urbaines de 100 000 habitants et plus;1;14;14;-4,60%;Moins de 2000 entrées;non classé;;banlieue;14;11;0;94,8;1,9;3,3;0;7;47,7
166;2 485;1 021;;50;47.345608;0.608054;723840;CENTRE-VAL DE LOIRE;37018;7911;37;37701;Tours;353042;unités urbaines de 100 000 habitants et plus;1;18;34;143%;De 2 à 5 000 entrées;non classé;;banlieue;17;5;0;54,5;21,8;18;5,8;12;78,2
1804;49 630;0;;7,8;47.416279;0.702126;724048;CENTRE-VAL DE LOIRE;37261;136252;37;37701;Tours;353042;unités urbaines de 100 000 habitants et plus;9;13;4 051;#DIV/0!;De 40 à 50 000 entrées;non classé;;commune-centre;49;45;37;33,8;41;24,7;0,6;5;3,6
1595;306 415;319 194;CGR;17,8;44.204567;0.624721;11592;NOUVELLE AQUITAINE;47001;33988;47;47501;Agen;81266;unités urbaines de 20 000 à 100 000 habitants;10;53;20 273;-4,00%;De 300 à 450 000 entrées;non classé;;commune-centre;292;256;207;37,5;50,7;11,3;0,5;106;7,1
254;10 946;10 737;CINEMA CONFLUENT;51,2;44.299994;0.336667;12562;NOUVELLE AQUITAINE;47004;4346;47;47103;Aiguillon;4631;unités urbaines de moins de 20 000 habitants et zones rurales;1;53;647;2%;De 10 à 20 000 entrées;catégorie E;RDJPPR;commune-centre;257;183;8;44,6;33,4;12,2;9,8;159;55,6
320;6 983;5 645;VILLE DE L' AIGUILLON SUR MER;19,7;46.332847;-1.303138;12572;PAYS DE LA LOIRE;85001;2121;85;85114;L'Aiguillon-sur-Mer;2792;unités urbaines de moins de 20 000 habitants et zones rurales;1;43;554;24%;De 5 à 10 000 entrées;non classé;;commune-centre;156;150;23;46,6;43,6;9,1;0,7;41;9,1
444;10 595;12 079;CUNY ROBERT JOSEPH AUGUST;34,1;43.699953;-0.265292;13151;NOUVELLE AQUITAINE;40001;6099;40;263;Aire-sur-l'Adour;7462;unités urbaines de moins de 20 000 habitants et zones rurales;2;53;1 168;-12,30%;De 10 à 20 000 entrées;catégorie E;;commune-centre;199;166;0;47,9;35,6;15,5;1;76;26,8
265;1 300;1 383;VILLE DE L'ILE D'AIX;28,2;46.012075;-1.17462;13321;NOUVELLE AQUITAINE;17004;249;17;0;Zone rurale;14541106;unités urbaines de 100 000 habitants et plus;1;31;71;-6,00%;Moins de 2000 entrées;non classé;;territoire rural;67;63;0;31,2;46,2;18;4,5;20;18,5
250;14 718;0;;39,7;46.744249;-1.6164029999999912;13622;PAYS DE LA LOIRE;85003;9212;85;85206;Aizenay;9212;unités urbaines de moins de 20 000 habitants et zones rurales;2;44;632;#DIV/0!;De 10 à 20 000 entrées;catégorie E;;commune isolée;184;148;5;65,7;21,4;11,5;1,4;82;37,5
467;12 357;24 950;CGR;94,7;43.92676;2.149209;14102;OCCITANIE;81004;49475;81;81502;Albi;74751;unités urbaines de 20 000 à 100 000 habitants;3;20;1 049;-50,50%;De 10 à 20 000 entrées;catégorie D;RDJPPR;commune-centre;75;58;24;61,3;15,7;11,8;11,1;68;94,4
142;25 122;22 266;L'ATHANOR SCENE NATIONALE D'ALBI EX CENTRE CULTUREL L ALBIGEOIS;81,9;43.923796;2.144604;14114;OCCITANIE;81004;49475;81;81502;Albi;74751;unités urbaines de 20 000 à 100 000 habitants;1;49;756;13%;De 20 à 30 000 entrées;catégorie D;RDJPPR;commune-centre;225;117;1;46,2;16,4;25,7;11,7;193;90,8
246;118;276;VILLE DE AMBARES ET LAGRAVE;0;44.926528;-0.488652;16441;NOUVELLE AQUITAINE;33003;15881;33;33701;Bordeaux;904359;unités urbaines de 100 000 habitants et plus;1;1;1;-57,20%;Moins de 2000 entrées;non classé;;banlieue;0;0;0;#DIV/0!;#DIV/0!;#DIV/0!;#DIV/0!;0;0
219;58 512;59 098;GONZALEZ PHILIPPE;30,9;44.739953;-1.093942;18322;NOUVELLE AQUITAINE;33005;11687;33;33305;Andernos-les-Bains;18458;unités urbaines de moins de 20 000 habitants et zones rurales;1;53;1 138;-1,00%;De 50 à 80 000 entrées;catégorie E;RD;commune-centre;199;161;38;54,9;33,6;9,7;1,8;110;23,1
1095;262 463;283 826;MULTICINES PYRENEES SARL;10,5;43.483711;-1.508634;19325;NOUVELLE AQUITAINE;64024;38724;64;751;Bayonne (partie française);236730;unités urbaines de 100 000 habitants et plus;7;53;12 027;-7,50%;De 200 à 300 000 entrées;non classé;;commune-centre;151;138;132;37,3;51,6;11,1;0;21;6,6
294;44 688;47 874;CITE INTERNATIONALE DE LA BANDE DESSINEE ET DE L IMAGE;89,5;45.653155;0.150537;19464;NOUVELLE AQUITAINE;16015;42081;16;16601;Angoulême;109054;unités urbaines de 100 000 habitants et plus;2;52;2 793;-6,70%;De 40 à 50 000 entrées;catégorie C;RDJPPR;commune-centre;226;123;64;54,2;11,1;26,1;8,6;210;97,6
1876;262 064;284 768;CGR;17,1;45.650367;0.164018;19491;NOUVELLE AQUITAINE;16015;42081;16;16601;Angoulême;109054;unités urbaines de 100 000 habitants et plus;11;53;22 247;-8,00%;De 200 à 300 000 entrées;non classé;;commune-centre;299;234;223;39,2;48,3;11,5;0,9;72;11,6
519;52 869;58 552;STE EXPLOITATION GRAND ECRAN (Fridemann);40,1;44.660258;-1.168378;22051;NOUVELLE AQUITAINE;33009;10891;33;33501;La Teste-de-Buch - Arcachon;65500;unités urbaines de 20 000 à 100 000 habitants;3;53;4 257;-9,70%;De 50 à 80 000 entrées;catégorie D;;banlieue;269;179;90;58,1;26;13,2;2,7;164;34,1
288;16 484;15 674;VILLE D'ARGELES GAZOST;34,6;43.005826;-0.095968;23131;OCCITANIE;65025;2980;65;65204;Argelès-Gazost;6974;unités urbaines de moins de 20 000 habitants et zones rurales;1;53;512;5%;De 10 à 20 000 entrées;catégorie E;;commune-centre;227;186;50;54,3;26,3;13,1;6,3;131;29,2
187;10 132;10 574;CENTRE REGIONAL DE PROMOTION DE L'IMAGE;32,3;45.091845;1.943901;23262;NOUVELLE AQUITAINE;19010;3084;19;19102;Argentat;3084;unités urbaines de moins de 20 000 habitants et zones rurales;1;50;381;-4,20%;De 10 à 20 000 entrées;catégorie E;;commune isolée;156;127;1;60;25,7;10,3;4;68;36,3
223;4 665;4 106;ASSOCIATION SAINTE CECILE;31,6;46.983737;-0.446514;23491;NOUVELLE AQUITAINE;79013;3212;79;0;Zone rurale;14541106;unités urbaines de 100 000 habitants et plus;1;45;335;14%;De 2 à 5 000 entrées;non classé;;territoire rural;165;127;9;50,8;26,6;20;2,6;70;57,1
75;1 480;1 508;VILLE D'ARRENS MARSOUS;21,5;42.955828;-0.213947;25179;OCCITANIE;65032;723;65;65204;Argelès-Gazost;6974;unités urbaines de moins de 20 000 habitants et zones rurales;1;52;79;-1,90%;Moins de 2000 entrées;non classé;;banlieue;70;63;1;62,9;26,6;10,1;0,5;16;10,6
200;9 927;9 245;UNION SAINT MICHEL;41,5;43.10327;-0.430803;26132;NOUVELLE AQUITAINE;64062;2206;64;64105;Arudy;3708;unités urbaines de moins de 20 000 habitants et zones rurales;1;53;600;7%;De 5 à 10 000 entrées;catégorie E;;commune-centre;245;201;8;58,3;21,9;15,5;4,2;124;39,7
0;12 880;11 995;;53,1;44.174083;2.607518;26180;OCCITANIE;12011;787;12;0;Zone rurale;14541106;unités urbaines de 100 000 habitants et plus;1;49;254;7%;De 10 à 20 000 entrées;catégorie E;JP;territoire rural;99;64;0;70,1;8,3;11;10,7;56;62,3
238;6 558;6 175;ASSOCIATION JEUNESSE LOISIRS ET AVENIR;26,3;46.623209;-1.427738;28661;PAYS DE LA LOIRE;85008;6285;85;85108;Aubigny;6285;unités urbaines de moins de 20 000 habitants et zones rurales;1;39;217;6%;De 5 à 10 000 entrées;non classé;;commune isolée;122;89;2;70,6;19,3;9,1;0,9;43;18,6
379;23 286;21 733;VILLE D'AUBUSSON;40,9;45.956961;2.170097;28991;NOUVELLE AQUITAINE;23008;3496;23;23102;Aubusson;3496;unités urbaines de moins de 20 000 habitants et zones rurales;2;53;1 693;7%;De 20 à 30 000 entrées;catégorie E;RDJPPR;commune isolée;313;251;11;56,8;26,1;10,6;6,5;174;33,9
188;19 253;16 962;ASSOCIATION CINEFOL 31;53;43.671301;1.43582;29062;OCCITANIE;31022;8138;31;31701;Toulouse;948433;unités urbaines de 100 000 habitants et plus;1;51;874;14%;De 10 à 20 000 entrées;catégorie C;;banlieue;261;201;3;58,4;20,7;14,8;6,1;170;56,1
835;204 611;207 023;CINE 32;50,2;43.651097;0.594265;29123;OCCITANIE;32013;21943;32;32401;Auch;25276;unités urbaines de 20 000 à 100 000 habitants;5;52;6 084;-1,20%;De 200 à 300 000 entrées;catégorie D;RDJPPR;commune-centre;440;296;164;48,6;37,9;11;2,5;300;31,3
179;21 787;22 195;VILLE D'AUTERIVE;49,7;43.350358;1.474329;31544;OCCITANIE;31033;9417;31;31208;Auterive;9417;unités urbaines de moins de 20 000 habitants et zones rurales;1;53;930;-1,80%;De 20 à 30 000 entrées;catégorie E;RDJP;commune isolée;312;237;2;46,1;28;20,2;5,8;183;46,7
98;37 002;33 558;VILLE D'AUZIELLE;63,8;43.543431;1.565026;32941;OCCITANIE;31036;1393;31;31701;Toulouse;948433;unités urbaines de 100 000 habitants et plus;1;53;1 157;10%;De 30 à 40 000 entrées;catégorie C;JPPR;banlieue;278;197;7;61,2;16,2;13,9;8,8;200;69,2
336;6 308;5 858;VILLE D'AX LES THERMES;44,8;42.72135;1.838852;34482;OCCITANIE;9032;1231;9;0;Zone rurale;14541106;unités urbaines de 100 000 habitants et plus;1;52;203;8%;De 5 à 10 000 entrées;catégorie E;;territoire rural;165;135;0;56,4;24,1;17,1;2,3;83;38,5
132;16 059;14 986;VILLE DE BAGNERES DE BIGORRE;37,3;43.062858;0.15111;35861;OCCITANIE;65059;7571;65;65301;Bagnères-de-Bigorre;12857;unités urbaines de moins de 20 000 habitants et zones rurales;1;53;560;7%;De 10 à 20 000 entrées;catégorie E;;commune-centre;232;196;52;58,1;22,3;15,2;4,3;137;38,5
378;40 392;42 732;CINEMAS REX;37,2;42.788987;0.591188;35872;OCCITANIE;31042;2384;31;31113;Bagnères-de-Luchon;3934;unités urbaines de moins de 20 000 habitants et zones rurales;2;47;2 277;-5,50%;De 40 à 50 000 entrées;catégorie E;RDJP;commune-centre;149;118;28;62,6;26,6;6,8;4;85;27,1
164;6 988;6 103;VILLE DE BARAQUEVILLE;38,4;44.277667;2.43172;38501;OCCITANIE;12056;3141;12;12101;Baraqueville;3141;unités urbaines de moins de 20 000 habitants et zones rurales;1;50;414;15%;De 5 à 10 000 entrées;catégorie E;JP;commune isolée;213;180;0;59,4;18,9;14,9;6,7;92;41,3
90;2 635;2 935;ASSOCIATION CINEMA CHEZ NOUS;23,1;44.169886;0.285632;38592;NOUVELLE AQUITAINE;47021;1495;47;47301;Nérac;11723;unités urbaines de moins de 20 000 habitants et zones rurales;1;46;65;-10,20%;De 2 à 5 000 entrées;non classé;;banlieue;56;39;0;59,3;33,2;7,3;0,1;14;18,2
239;41 143;39 728;COMMUNAUTE DE COMMUNES DES 3B SUD CHARENTE;36,3;45.471503;-0.152462;38772;NOUVELLE AQUITAINE;16028;4687;16;16107;Barbezieux-Saint-Hilaire;4687;unités urbaines de moins de 20 000 habitants et zones rurales;2;53;1 851;4%;De 40 à 50 000 entrées;catégorie E;RDJP;commune isolée;301;215;57;51,9;31,6;14,3;2,2;167;29,5
136;2 368;2 471;VILLE DE BAREGES;18,8;42.8964384;0.06247450000000754;39131;OCCITANIE;65481;176;65;0;Zone rurale;14541106;unités urbaines de 100 000 habitants et plus;1;44;128;-4,20%;De 2 à 5 000 entrées;non classé;;territoire rural;88;77;21;68,9;24,4;6,7;0;21;12,4
180;83 797;70 820;VILLE DE BAYONNE;90,4;43.494626;-1.46704;42681;NOUVELLE AQUITAINE;64102;49207;64;751;Bayonne (partie française);236730;unités urbaines de 100 000 habitants et plus;1;51;1 933;18%;De 80 à 100 000 entrées;catégorie C;RDJP;commune-centre;184;120;61;57,7;11,7;20,7;9,9;168;95,7
154;18 250;17 679;VILLE DE BAZAS;47,7;44.432356;-0.21416;42841;NOUVELLE AQUITAINE;33036;4734;33;33122;Bazas;4734;unités urbaines de moins de 20 000 habitants et zones rurales;1;52;696;3%;De 10 à 20 000 entrées;catégorie E;RDJP;commune isolée;267;196;4;54,7;28,7;13,3;3,4;152;44,6
212;10 373;10 363;VILLE DE BEAUMONT DE LOMAGNE;31,5;43.880921;0.98659;44892;OCCITANIE;82013;3744;82;82103;Beaumont-de-Lomagne;3744;unités urbaines de moins de 20 000 habitants et zones rurales;1;53;346;0%;De 10 à 20 000 entrées;catégorie E;;commune isolée;196;167;0;55,7;31,6;10,8;1,9;73;24
374;36 774;28 342;VILLE DE BEGLES;30,7;44.813225;-0.563936;46862;NOUVELLE AQUITAINE;33039;27197;33;33701;Bordeaux;904359;unités urbaines de 100 000 habitants et plus;2;49;2 156;30%;De 30 à 40 000 entrées;catégorie C;JP;banlieue;114;60;9;48;27,6;14,9;9,5;60;38,1
292;11 599;10 684;ASSOCIATION LOISIRS ET CULTURE;38,5;46.122277;1.045319;47645;NOUVELLE AQUITAINE;87011;4107;87;87202;Bellac;5191;unités urbaines de moins de 20 000 habitants et zones rurales;1;50;717;9%;De 10 à 20 000 entrées;catégorie E;JP;commune-centre;242;193;7;58,1;26,9;11,8;3,2;119;34
1082;163 960;172 487;STE EXPLOITATION GRAND ECRAN (Fridemann);34,5;44.853174;0.486443;50151;NOUVELLE AQUITAINE;24037;27419;24;553;Bergerac;64508;unités urbaines de 20 000 à 100 000 habitants;9;53;12 886;-4,90%;De 150 à 200 000 entrées;catégorie D;;commune-centre;481;347;145;42,6;46,5;10,3;0,7;303;14,6
458;80 179;83 451;VILLE DE BIARRITZ;77,7;43.481231;-1.559098;54891;NOUVELLE AQUITAINE;64122;24457;64;751;Bayonne (partie française);236730;unités urbaines de 100 000 habitants et plus;3;52;4 920;-3,90%;De 80 à 100 000 entrées;catégorie C;RDJPPR;commune-centre;315;211;120;55,4;17,6;18,4;8,6;254;81,6
186;21 071;21 683;COMMUNAUTE DE COMMUNES DE CERE ET DORDOGNE;43,2;44.92068;1.841345;54931;OCCITANIE;46029;2082;46;46104;Biars-sur-Cère;4524;unités urbaines de moins de 20 000 habitants et zones rurales;1;51;595;-2,80%;De 20 à 30 000 entrées;catégorie E;JP;commune-centre;205;160;0;66;23;8,7;2,3;123;30,5
298;13 433;13 294;VILLE DE BIGANOS;31,8;44.637692;-0.974856;55532;NOUVELLE AQUITAINE;33051;10258;33;33304;Biganos;17668;unités urbaines de moins de 20 000 habitants et zones rurales;1;52;365;1%;De 10 à 20 000 entrées;catégorie E;;commune-centre;217;183;21;44,5;41,8;11,3;2,4;104;17,9
350;4 871;6 470;MANDEAU MICHEL PIERRE;4,7;44.445049;-1.253459;56471;NOUVELLE AQUITAINE;40046;14336;40;40302;Biscarrosse;14336;unités urbaines de moins de 20 000 habitants et zones rurales;1;21;256;-24,70%;De 2 à 5 000 entrées;non classé;;commune isolée;44;40;21;24;72;4,1;0;8;10,8
222;61 856;63 632;VILLE DE BISCARROSSE;25,4;44.39654;-1.166475;56475;NOUVELLE AQUITAINE;40046;14336;40;40302;Biscarrosse;14336;unités urbaines de moins de 20 000 habitants et zones rurales;2;53;2 418;-2,80%;De 50 à 80 000 entrées;catégorie E;RDJPPR;commune isolée;303;210;58;45,8;44,2;9,1;0,9;162;16
2998;785 005;832 137;CGR;11,4;43.643857;1.370839;57141;OCCITANIE;31069;23759;31;31701;Toulouse;948433;unités urbaines de 100 000 habitants et plus;15;53;30 714;-5,70%;De 700 000 à 1 million d'entrées;non classé;;banlieue;279;230;226;29,1;57,6;12,7;0,6;47;6,1
213;32 801;30 493;VILLE DE BLAGNAC;60,6;43.636005;1.384463;57172;OCCITANIE;31069;23759;31;31701;Toulouse;948433;unités urbaines de 100 000 habitants et plus;1;49;742;8%;De 30 à 40 000 entrées;catégorie C;JP;banlieue;281;196;5;51,2;25,3;18,1;5,4;189;57
339;34 767;28 769;VILLE DE BLANQUEFORT;51,4;44.910625;-0.633757;57821;NOUVELLE AQUITAINE;33056;15425;33;33701;Bordeaux;904359;unités urbaines de 100 000 habitants et plus;2;53;2 535;21%;De 30 à 40 000 entrées;catégorie C;JP;banlieue;298;218;18;64;17,7;15;3,2;193;51,5
114;1 996;1 701;VILLE DE BLANZAC PORCHERESSE;42,6;45.46093;0.034513;57851;NOUVELLE AQUITAINE;16046;931;16;0;Zone rurale;14541106;unités urbaines de 100 000 habitants et plus;1;49;115;17%;Moins de 2000 entrées;non classé;;territoire rural;110;92;0;65,2;17,1;17;0,7;49;40,3
408;68 321;73 008;VILLE DE BLAYE;28;45.12999;-0.661334;58143;NOUVELLE AQUITAINE;33058;4813;33;33301;Blaye;10376;unités urbaines de moins de 20 000 habitants et zones rurales;2;53;2 521;-6,40%;De 50 à 80 000 entrées;catégorie E;RDJPPR;commune-centre;319;229;90;46,5;41,9;10,5;1,1;183;18,2
1900;414 731;435 846;CGR;12,5;44.841914;-0.577194;62802;NOUVELLE AQUITAINE;33063;249712;33;33701;Bordeaux;904359;unités urbaines de 100 000 habitants et plus;12;53;24 204;-4,80%;De 300 à 450 000 entrées;non classé;;commune-centre;240;193;188;30,6;54,7;14,6;0,2;38;9,5
2648;780 618;850 865;UGC;43,9;44.8405;-0.582021;62804;NOUVELLE AQUITAINE;33063;249712;33;33701;Bordeaux;904359;unités urbaines de 100 000 habitants et plus;18;53;35 400;-8,30%;De 700 000 à 1 million d'entrées;non classé;;commune-centre;410;296;276;38,1;39,5;19,2;3,2;232;40,5
2878;557 481;600 053;MEGARAMA;12,3;44.841593;-0.562257;62871;NOUVELLE AQUITAINE;33063;249712;33;33701;Bordeaux;904359;unités urbaines de 100 000 habitants et plus;17;53;33 847;-7,10%;De 450 à 700 000 entrées;non classé;;commune-centre;317;241;232;29,5;57;12,7;0,7;69;8,4
553;306 123;303 465;UTOPIA LATIN;93,7;44.838942;-0.572524;63411;NOUVELLE AQUITAINE;33063;249712;33;33701;Bordeaux;904359;unités urbaines de 100 000 habitants et plus;5;53;8 477;1%;De 300 à 450 000 entrées;catégorie A;RDJPPR;commune-centre;538;211;149;53,7;15;21,5;9,8;430;95,5
358;9 488;10 512;VILLE DE BORT LES ORGUES;29,4;45.401122;2.498735;64352;NOUVELLE AQUITAINE;19028;2745;19;19104;Bort-les-Orgues;2745;unités urbaines de moins de 20 000 habitants et zones rurales;2;51;598;-9,70%;De 5 à 10 000 entrées;catégorie E;;commune isolée;176;140;0;58,9;28,6;8,9;3,6;73;23,3
221;3 870;3 937;SIVOM DU CANTON DE BOULOGNE SUR GESSE (TIERS FERME);28,6;43.290386;0.651246;66714;OCCITANIE;31080;1593;31;0;Zone rurale;14541106;unités urbaines de 100 000 habitants et plus;1;52;479;-1,70%;De 2 à 5 000 entrées;catégorie E;;territoire rural;101;86;0;62,2;26,8;10,7;0,3;32;23,7
410;10 401;10 562;VILLE DE BOURGANEUF;25,6;45.953962;1.755702;67711;NOUVELLE AQUITAINE;23030;2732;23;23101;Bourganeuf;2732;unités urbaines de moins de 20 000 habitants et zones rurales;1;49;593;-1,50%;De 10 à 20 000 entrées;catégorie E;;commune isolée;180;143;3;57,4;27,7;10,7;4,1;58;30,6
813;179 589;183 563;CINEMAS BOCAGE;21,3;46.850232;-0.474956;72985;NOUVELLE AQUITAINE;79049;19411;79;79304;Bressuire;19411;unités urbaines de moins de 20 000 habitants et zones rurales;5;53;7 037;-2,20%;De 150 à 200 000 entrées;catégorie E;JP;commune isolée;332;244;124;54,9;35,6;8,8;0,7;149;12,4
290;4 841;5 539;AEP CINEMA LE FIEF;23,2;46.629207;-1.852443;73371;PAYS DE LA LOIRE;85035;4434;85;85203;Bretignolles-sur-Mer;7035;unités urbaines de moins de 20 000 habitants et zones rurales;1;39;383;-12,60%;De 2 à 5 000 entrées;non classé;;commune-centre;110;103;2;63,8;25,9;10;0,3;29;14,4
1504;316 354;322 133;CGR;8,2;45.165031;1.542022;75694;NOUVELLE AQUITAINE;19031;47349;19;554;Brive-la-Gaillarde;75329;unités urbaines de 20 000 à 100 000 habitants;9;53;17 233;-1,80%;De 300 à 450 000 entrées;non classé;;commune-centre;222;183;179;40,6;49,5;9,8;0,1;29;4,8
587;50 881;53 314;BRIVE MEDIA CULTURE;94,3;45.158027;1.529898;75703;NOUVELLE AQUITAINE;19031;47349;19;554;Brive-la-Gaillarde;75329;unités urbaines de 20 000 à 100 000 habitants;3;53;5 389;-4,60%;De 50 à 80 000 entrées;catégorie D;RDJPPR;commune-centre;258;184;125;59,6;11,7;15,8;12,9;243;97,5
278;29 220;29 482;VILLE DE BUISSON DE CADOUIN;37,1;44.845348;0.909131;78542;NOUVELLE AQUITAINE;24068;1999;24;0;Zone rurale;14541106;unités urbaines de 100 000 habitants et plus;2;51;950;-0,90%;De 20 à 30 000 entrées;catégorie E;RDJP;territoire rural;231;172;11;52,8;31,5;13;2,7;125;31,7
2219;456 716;495 259;CGR;9,5;46.610272;0.367025;80391;NOUVELLE AQUITAINE;86041;9996;86;86601;Poitiers;130502;unités urbaines de 100 000 habitants et plus;12;53;24 088;-7,80%;De 450 à 700 000 entrées;non classé;;banlieue;228;186;183;37;51;11,7;0,4;35;5,5
150;9 618;9 277;FEDERATION DEPARTEMENTALE DES FOYERS RURAUX DU LOT;56,4;44.530413;1.555391;80991;OCCITANIE;46040;230;46;0;Zone rurale;14541106;unités urbaines de 100 000 habitants et plus;1;50;330;4%;De 5 à 10 000 entrées;catégorie E;JP;territoire rural;116;52;0;77,4;10,7;9,8;2,1;81;57,8
289;32 645;31 452;VILLE DE CADILLAC;57,6;44.636357;-0.320145;81311;NOUVELLE AQUITAINE;33081;2761;33;33121;Cadillac;5066;unités urbaines de moins de 20 000 habitants et zones rurales;2;45;1 187;4%;De 30 à 40 000 entrées;catégorie E;RDJP;commune-centre;198;133;26;63,3;17,9;14,7;4,1;131;50,8
360;26 432;24 033;LE PALACE (EX FAVREAU ET CIE SNC);54,6;44.447834;1.439163;81673;OCCITANIE;46042;19340;46;46401;Cahors;22764;unités urbaines de 20 000 à 100 000 habitants;1;53;1 271;10%;De 20 à 30 000 entrées;catégorie D;JPPR;commune-centre;254;143;47;55,5;20,1;15,2;9,2;176;54,8
441;94 021;99 420;SOCIETE CADURCIENNE D'EXPLOITATION CINEMATOGRAPHIQUE;31,5;44.449998;1.439613;81691;OCCITANIE;46042;19340;46;46401;Cahors;22764;unités urbaines de 20 000 à 100 000 habitants;3;53;4 718;-5,40%;De 80 à 100 000 entrées;catégorie D;RD;commune-centre;295;242;133;48,3;40,3;9,5;1,9;171;21,1
172;2 486;2 487;VILLE DE CAMARES;29;43.824209;2.878911;82741;OCCITANIE;12044;1000;12;0;Zone rurale;14541106;unités urbaines de 100 000 habitants et plus;1;47;145;0,00%;De 2 à 5 000 entrées;non classé;;territoire rural;51;44;0;83,3;11,4;2,4;2,9;16;24,5
110;11 656;11 844;VILLE DE CAMBO LES BAINS;37,4;43.35874;-1.397218;82961;NOUVELLE AQUITAINE;64160;6708;64;64203;Cambo-les-Bains;6708;unités urbaines de moins de 20 000 habitants et zones rurales;1;53;593;-1,60%;De 10 à 20 000 entrées;catégorie E;JP;commune isolée;226;183;4;64;14,4;18,4;3,2;96;43,7
383;7 255;7 814;VILLE DE CANEJAN;28,8;44.761134;-0.654322;84441;NOUVELLE AQUITAINE;33090;5417;33;33701;Bordeaux;904359;unités urbaines de 100 000 habitants et plus;1;43;156;-7,20%;De 5 à 10 000 entrées;non classé;;banlieue;87;67;0;64,3;19,8;11,5;4,4;31;27,1
166;27 062;20 975;VILLE DE CAPBRETON;46,2;43.641276;-1.432502;85211;NOUVELLE AQUITAINE;40065;8776;40;40301;Capbreton;12599;unités urbaines de moins de 20 000 habitants et zones rurales;1;53;1 411;29%;De 20 à 30 000 entrées;non classé;;commune-centre;356;235;35;47,1;34,2;13,6;5,1;238;38,4
263;14 931;14 591;COMMUNAUTE DE COMMUNES DU PAYS DE FIGEAC;39,6;44.574792;2.081445;85323;OCCITANIE;12052;4542;12;364;Figeac;16530;unités urbaines de moins de 20 000 habitants et zones rurales;1;51;705;2%;De 10 à 20 000 entrées;catégorie E;JP;banlieue;195;165;14;66,2;20,7;9,8;3,4;106;28,9
195;3 021;2 874;VILLE DE CAPTIEUX;32;44.292217;-0.259312;85851;NOUVELLE AQUITAINE;33095;1268;33;0;Zone rurale;14541106;unités urbaines de 100 000 habitants et plus;1;48;347;5%;De 2 à 5 000 entrées;catégorie E;;territoire rural;141;122;0;63,9;25,1;9,6;1,4;54;32,2
99;2 449;2 504;VILLE DE CAPVERN;68,8;43.120092;0.309567;85861;OCCITANIE;65127;1325;65;0;Zone rurale;14541106;unités urbaines de 100 000 habitants et plus;1;50;215;-2,20%;De 2 à 5 000 entrées;catégorie E;;territoire rural;154;137;0;65,6;14,3;13,8;6,3;112;61,4
196;8 477;8 414;VILLE DE CARBON BLANC;35,9;44.895434;-0.508506;85981;NOUVELLE AQUITAINE;33096;7578;33;33701;Bordeaux;904359;unités urbaines de 100 000 habitants et plus;1;47;142;1%;De 5 à 10 000 entrées;non classé;;banlieue;91;72;9;63,1;25,2;8,1;3,6;39;39,5
206;11 188;9 374;VILLE DE CARBONNE;55,6;43.286407;1.200892;85993;OCCITANIE;31107;5502;31;31204;Carbonne;6499;unités urbaines de moins de 20 000 habitants et zones rurales;1;48;432;19%;De 10 à 20 000 entrées;catégorie E;JP;commune-centre;325;258;0;59,9;15,7;14,2;10,1;202;56,9
248;3 182;4 604;VILLE DE CARCANS MAUBUISSON;7,4;45.069909;-1.142214;86031;NOUVELLE AQUITAINE;33097;2388;33;0;Zone rurale;14541106;unités urbaines de 100 000 habitants et plus;1;26;136;-30,90%;De 2 à 5 000 entrées;non classé;;territoire rural;50;46;9;20,7;71;8,3;0;8;2,5
573;62 057;60 475;;24,2;44.049028;2.157496;86544;OCCITANIE;81060;9460;81;81304;Carmaux;16697;unités urbaines de moins de 20 000 habitants et zones rurales;4;53;4 517;3%;De 50 à 80 000 entrées;catégorie E;RDJPPR;commune-centre;322;230;67;44,6;42;11,9;1,5;162;23,3
0;7 238;7 457;ASSOCIATION BEARN ADOUR TOURISME ET LOISIRS;27,4;43.4817151;-0.2803853000000345;86860;NOUVELLE AQUITAINE;64167;215;64;0;Zone rurale;14541106;unités urbaines de 100 000 habitants et plus;1;38;157;-2,90%;De 5 à 10 000 entrées;non classé;;territoire rural;41;29;0;73;7,1;19,8;0;18;41
178;19 191;17 931;MAISON DES JEUNES ET DE LA CULTURE DE CASTANET TOLOSAN;44,1;43.516624;1.498262;87772;OCCITANIE;31113;12833;31;31701;Toulouse;948433;unités urbaines de 100 000 habitants et plus;1;53;1 010;7%;De 10 à 20 000 entrées;catégorie C;;banlieue;321;253;0;66;17,7;11,9;4,4;174;46,8
190;26 777;27 203;VEO;31;43.693325;1.429742;87941;OCCITANIE;31116;9917;31;31701;Toulouse;948433;unités urbaines de 100 000 habitants et plus;1;53;1 125;-1,60%;De 20 à 30 000 entrées;catégorie C;;banlieue;256;198;18;51;34,3;12,6;2,2;124;24,2
185;14 662;13 001;VILLE DE CASTELJALOUX;46,2;44.313986;0.084494;87966;NOUVELLE AQUITAINE;47052;4659;47;47102;Casteljaloux;4659;unités urbaines de moins de 20 000 habitants et zones rurales;1;52;567;13%;De 10 à 20 000 entrées;catégorie E;JPPR;commune isolée;234;174;2;60;25;11,5;3,5;148;35
193;15 170;15 247;VILLE DE CASTELMAUROU;38,2;43.680383;1.534648;88111;OCCITANIE;31117;4168;31;31701;Toulouse;948433;unités urbaines de 100 000 habitants et plus;1;49;469;-0,50%;De 10 à 20 000 entrées;catégorie C;;banlieue;285;213;7;63,3;23,5;12,2;1,1;145;29,3
80;7 641;7 446;ASSOCIATION DEVELOPPEMENT ACTION CULTURELLE FOIX ARIEGE;74,7;43.001442;1.33357;88371;OCCITANIE;9082;444;9;0;Zone rurale;14541106;unités urbaines de 100 000 habitants et plus;1;48;308;3%;De 5 à 10 000 entrées;catégorie E;;territoire rural;57;37;0;70,8;8,9;11,5;8,8;47;81,9
184;9 984;9 724;VILLE DE CASTELSARRASIN;48,3;44.037315;1.109842;88512;OCCITANIE;82033;13886;82;82401;Castelsarrasin;26467;unités urbaines de 20 000 à 100 000 habitants;1;49;331;3%;De 5 à 10 000 entrées;catégorie D;;commune-centre;179;140;0;57,5;15,1;14,7;12,8;95;50,1
106;5 886;6 653;VILLE DE CASTETS DES LANDES;33,8;43.882158;-1.145369;88751;NOUVELLE AQUITAINE;40075;2120;40;0;Zone rurale;14541106;unités urbaines de 100 000 habitants et plus;1;50;459;-11,50%;De 5 à 10 000 entrées;catégorie E;;territoire rural;195;168;1;56,4;28,7;13;1,9;78;26,9
205;16 775;17 110;VILLE DE CASTILLONNES;49,2;44.651621;0.591622;88991;NOUVELLE AQUITAINE;47057;1436;47;0;Zone rurale;14541106;unités urbaines de 100 000 habitants et plus;1;53;573;-2,00%;De 10 à 20 000 entrées;catégorie E;JPPR;territoire rural;267;212;0;39,3;29,7;26,8;4,3;155;40,3
660;169 746;183 962;CGR;21;43.606683;2.243043;89105;OCCITANIE;81065;41483;81;81501;Castres;56432;unités urbaines de 20 000 à 100 000 habitants;5;53;8 679;-7,70%;De 150 à 200 000 entrées;catégorie D;RDJPPR;commune-centre;326;219;106;38,5;48,6;11,6;1,3;196;17,1
330;21 704;20 886;PASSION CINEMA;47,4;44.162933;1.538724;90112;OCCITANIE;82037;6841;82;82203;Caussade;8205;unités urbaines de moins de 20 000 habitants et zones rurales;1;53;995;4%;De 20 à 30 000 entrées;catégorie E;RDJPPR;commune-centre;300;195;11;62,5;20,1;12,2;5,2;195;42,3
500;12 286;12 640;ASSOCIATION LE PARVIS;20;42.88755;-0.114879;90191;OCCITANIE;65138;933;65;0;Zone rurale;14541106;unités urbaines de 100 000 habitants et plus;1;48;424;-2,80%;De 10 à 20 000 entrées;catégorie E;;territoire rural;134;113;36;65,7;25,4;8,6;0,3;45;11,9
186;10 037;9 522;VILLE DE CAZAUBON;35,8;43.947931;-0.041716;90763;OCCITANIE;32096;1661;32;0;Zone rurale;14541106;unités urbaines de 100 000 habitants et plus;1;53;299;5%;De 10 à 20 000 entrées;catégorie E;;territoire rural;211;175;15;79,4;13,5;6,3;0,8;92;28,1
237;9 749;8 965;VILLE DE CAZERES;32;43.203101;1.083573;90932;OCCITANIE;31135;4865;31;31203;Cazères;6105;unités urbaines de moins de 20 000 habitants et zones rurales;1;53;602;9%;De 5 à 10 000 entrées;catégorie E;JP;commune-centre;281;243;0;59;25,4;12,7;2,9;140;33
200;8 680;7 380;VILLE DE CERIZAY;24,3;46.821515;-0.668137;92441;NOUVELLE AQUITAINE;79062;4784;79;79204;Cerizay;5757;unités urbaines de moins de 20 000 habitants et zones rurales;1;49;606;18%;De 5 à 10 000 entrées;catégorie E;;commune-centre;170;136;5;72;19,6;8,2;0,2;59;22,4
544;43 436;40 556;VILLE DE CESTAS;25,1;44.742006;-0.685394;93261;NOUVELLE AQUITAINE;33122;16573;33;33701;Bordeaux;904359;unités urbaines de 100 000 habitants et plus;2;53;2 154;7%;De 40 à 50 000 entrées;catégorie C;;banlieue;222;179;46;48,1;40,3;10,9;0,7;102;16,6
516;84 254;87 639;CINE AVENIR;21,2;46.848712;-1.879118;94743;PAYS DE LA LOIRE;85047;20133;85;85402;Challans;27389;unités urbaines de 20 000 à 100 000 habitants;2;53;2 643;-3,90%;De 80 à 100 000 entrées;catégorie D;JPPR;commune-centre;262;171;95;45,4;43,9;9,5;1,2;120;13,4
160;26 289;26 326;VILLE DE CHANTONNAY;18;46.68832;-1.052512;99051;PAYS DE LA LOIRE;85051;8279;85;85207;Chantonnay;8279;unités urbaines de moins de 20 000 habitants et zones rurales;1;53;1 055;-0,10%;De 20 à 30 000 entrées;non classé;;commune isolée;199;162;25;58,9;33,7;6,6;0,8;85;13,5
300;11 251;12 767;;19,5;46.587908;-1.642858;99411;PAYS DE LA LOIRE;85152;4925;85;85125;La Mothe-Achard;4925;unités urbaines de moins de 20 000 habitants et zones rurales;1;39;297;-11,90%;De 10 à 20 000 entrées;non classé;;commune-centre;61;33;0;72,7;20,9;5,4;1;19;22
178;21 247;20 532;RENON EPOUSE VERGNAUD IRENE;30,8;45.823984;0.44846;103561;NOUVELLE AQUITAINE;16085;3036;16;16103;Chasseneuil-sur-Bonnieure;3036;unités urbaines de moins de 20 000 habitants et zones rurales;1;49;650;3%;De 20 à 30 000 entrées;catégorie E;;commune isolée;182;139;2;54,5;27,8;16,4;1,3;64;29,8
160;3 777;4 761;VILLE DE LA CHATAIGNERAIE;25,5;46.647373;-0.742446;103922;PAYS DE LA LOIRE;85059;2536;85;85123;La Châtaigneraie;3843;unités urbaines de moins de 20 000 habitants et zones rurales;1;24;94;-20,70%;De 2 à 5 000 entrées;non classé;;commune-centre;52;37;0;65,6;23,7;10,8;0;17;28,6
147;5 081;5 171;VILLE DE CHATEAU D'OLONNE;88,4;46.501324;-1.733545;104143;PAYS DE LA LOIRE;85060;13834;85;85403;Les Sables-d'Olonne;42649;unités urbaines de 20 000 à 100 000 habitants;1;18;147;-1,70%;De 5 à 10 000 entrées;non classé;;commune-centre;58;37;0;79,1;2,2;15,3;3,3;49;89,6
210;4 874;4 840;COMMUNAUTE DE COMMUNES BRIANCE COMBADE;40,1;45.714496;1.608216;104642;NOUVELLE AQUITAINE;87040;1603;87;0;Zone rurale;14541106;unités urbaines de 100 000 habitants et plus;1;47;292;1%;De 2 à 5 000 entrées;catégorie E;;territoire rural;162;145;1;59,5;25,4;14;1,1;74;34,6
129;30 603;30 742;MJC LES 400 COUPS;86,1;46.810802;0.542436;105375;NOUVELLE AQUITAINE;86066;31809;86;86401;Châtellerault;40693;unités urbaines de 20 000 à 100 000 habitants;1;50;1 133;-0,50%;De 30 à 40 000 entrées;catégorie D;RDJPPR;commune-centre;167;110;20;66;9,2;14,9;9,9;154;94,7
946;175 556;183 045;CINEA;16,7;46.820621;0.544345;105404;NOUVELLE AQUITAINE;86066;31809;86;86401;Châtellerault;40693;unités urbaines de 20 000 à 100 000 habitants;7;53;10 278;-4,10%;De 150 à 200 000 entrées;catégorie D;JP;commune-centre;325;253;178;43;46,8;9,9;0,3;120;7,1
218;18 100;19 558;VILLE DE CHAUVIGNY;65,9;46.568169;0.647781;107511;NOUVELLE AQUITAINE;86070;7105;86;86203;Chauvigny;7105;unités urbaines de moins de 20 000 habitants et zones rurales;2;49;756;-7,50%;De 10 à 20 000 entrées;catégorie E;RDJPPR;commune isolée;195;147;0;70,3;13,9;9;6,9;145;58,2
146;7 398;7 042;VILLE DE CHEF BOUTONNE;45,6;46.108833;-0.068552;108592;NOUVELLE AQUITAINE;79083;2137;79;79101;Chef-Boutonne;2137;unités urbaines de moins de 20 000 habitants et zones rurales;1;48;375;5%;De 5 à 10 000 entrées;catégorie E;JP;commune isolée;159;121;1;57,6;23,8;15,5;3,2;88;45,9
126;23 606;22 204;COMMUNAUTE DE COMMUNES DU CIVRAISIEN;38,8;46.148022;0.295463;113131;NOUVELLE AQUITAINE;86078;2664;86;86113;Civray;4019;unités urbaines de moins de 20 000 habitants et zones rurales;1;50;1 351;6%;De 20 à 30 000 entrées;catégorie E;JPPR;commune-centre;298;210;12;48,2;30;18,8;3;161;30,4
116;3 507;3 512;COMMUNAUTE DE COMMUNES DU MAGNOAC;43,8;43.257218;0.483469;113271;OCCITANIE;65148;125;65;0;Zone rurale;14541106;unités urbaines de 100 000 habitants et plus;1;52;201;-0,10%;De 2 à 5 000 entrées;catégorie E;;territoire rural;152;138;21;60,8;17,4;17;4,7;77;37,8
962;131 968;136 535;KLOECKNER/ cédé en juillet 11;10;45.69146;-0.322862;115891;NOUVELLE AQUITAINE;16102;18654;16;16401;Cognac;26408;unités urbaines de 20 000 à 100 000 habitants;7;53;8 008;-3,30%;De 100 à 150 000 entrées;non classé;;commune-centre;207;169;130;39,5;48,8;11,6;0,1;42;8
412;51 998;56 021;VILLE DE COLOMIERS;42,3;43.611008;1.332576;117341;OCCITANIE;31149;38801;31;31701;Toulouse;948433;unités urbaines de 100 000 habitants et plus;2;53;2 052;-7,20%;De 50 à 80 000 entrées;catégorie C;JPPR;banlieue;279;179;34;52,3;33,3;11,6;2,8;173;39,3
273;19 270;18 605;DEPARTEMENT DU GERS;51;43.955916;0.372655;119181;OCCITANIE;32107;6695;32;32203;Condom;6695;unités urbaines de moins de 20 000 habitants et zones rurales;2;52;867;4%;De 10 à 20 000 entrées;catégorie E;RDJPPR;commune isolée;384;291;41;56,1;28,5;11,8;3,6;234;46,4
149;17 295;18 461;ASSOCIATION CULTURELLE EMILE ROUX;38;46.012696;0.670482;119331;NOUVELLE AQUITAINE;16106;2711;16;16102;Confolens;2711;unités urbaines de moins de 20 000 habitants et zones rurales;1;50;832;-6,30%;De 10 à 20 000 entrées;catégorie E;JP;commune isolée;233;183;5;52,6;29,2;17;1,2;118;30
278;11 483;26 241;VILLE DE COUARDE SUR MER;50,5;46.191994;-1.426164;122291;NOUVELLE AQUITAINE;17121;1199;17;17118;Ars-en-Ré;4467;unités urbaines de moins de 20 000 habitants et zones rurales;1;51;832;-56,20%;De 10 à 20 000 entrées;catégorie E;;commune-centre;236;192;3;65;21,8;11,2;2,1;137;47,7
104;2 447;2 089;VILLE DE LA COURTINE;9,3;45.701627;2.260588;125933;NOUVELLE AQUITAINE;23067;710;23;0;Zone rurale;14541106;unités urbaines de 100 000 habitants et plus;1;50;161;17%;De 2 à 5 000 entrées;non classé;;territoire rural;55;43;0;59;29,6;6,9;4,5;9;13,7
222;13 192;12 015;VILLE DE LA CRECHE;46,4;46.362399;-0.298072;127501;NOUVELLE AQUITAINE;79048;5524;79;79202;La Crèche;5524;unités urbaines de moins de 20 000 habitants et zones rurales;1;45;388;10%;De 10 à 20 000 entrées;catégorie E;JPPR;commune isolée;171;130;0;48,7;29,6;18,3;3,3;90;46,5
189;24 557;23 368;VILLE DE CREON;54;44.773724;-0.348948;127821;NOUVELLE AQUITAINE;33140;4579;33;33114;Créon;4579;unités urbaines de moins de 20 000 habitants et zones rurales;1;53;1 112;5%;De 20 à 30 000 entrées;catégorie E;RDJPPR;commune isolée;263;197;3;56,2;26,2;14,9;2,6;171;49,9
1284;280 385;288 907;SARL LE CLUB (PFISTER);26;43.714843;-1.055363;136666;NOUVELLE AQUITAINE;40088;20683;40;40402;Dax;49854;unités urbaines de 20 000 à 100 000 habitants;8;53;12 087;-2,90%;De 200 à 300 000 entrées;catégorie D;JPPR;commune-centre;333;276;248;43,9;45,4;9,8;0,9;145;15,9
460;88 515;93 775;VEO CINEMAS;26,4;44.557817;2.274123;136686;OCCITANIE;12089;5521;12;12302;Decazeville;14598;unités urbaines de moins de 20 000 habitants et zones rurales;3;53;4 071;-5,60%;De 80 à 100 000 entrées;catégorie E;RDJPPR;commune-centre;319;232;94;51,6;37,4;10,1;0,9;181;12,6
257;8 314;8 142;VILLE DE LE DORAT;36;46.215275;1.080037;141321;NOUVELLE AQUITAINE;87059;1703;87;0;Zone rurale;14541106;unités urbaines de 100 000 habitants et plus;1;53;378;2%;De 5 à 10 000 entrées;catégorie E;;territoire rural;191;159;2;73;17,5;7,4;2;81;35,7
200;20 253;20 406;CENTRE REGIONAL DE PROMOTION DE L'IMAGE;25,1;46.300709;1.673061;143772;NOUVELLE AQUITAINE;23075;1127;23;0;Zone rurale;14541106;unités urbaines de 100 000 habitants et plus;1;51;758;-0,70%;De 20 à 30 000 entrées;catégorie E;JP;territoire rural;105;62;0;70,2;18,5;6;5,3;45;35,6
126;2 168;1 811;VILLE DES EAUX BONNES;16;42.958713;-0.332293;144303;NOUVELLE AQUITAINE;64204;341;64;0;Zone rurale;14541106;unités urbaines de 100 000 habitants et plus;1;25;75;20%;De 2 à 5 000 entrées;non classé;;territoire rural;53;41;10;65,9;20,6;11,9;1,7;10;6,5
323;9 275;9 685;OFFICE DU TOURISME D'EAUZE;43,5;43.859667;0.100888;144331;OCCITANIE;32119;3869;32;32103;Eauze;3869;unités urbaines de moins de 20 000 habitants et zones rurales;1;53;315;-4,20%;De 5 à 10 000 entrées;catégorie E;;commune isolée;250;208;23;56,5;32,9;9,8;0,8;119;31,8
269;14 059;13 552;COMMUNAUTE DE COMMUNES DE VENTADOUR;34,5;45.404676;2.044182;146013;NOUVELLE AQUITAINE;19073;4274;19;19106;Égletons;4274;unités urbaines de moins de 20 000 habitants et zones rurales;2;52;898;4%;De 10 à 20 000 entrées;catégorie E;JP;commune isolée;245;199;0;56;27,9;10,9;5,2;127;31,4
150;5 081;4 763;CINEMA POUR TOUS;44,9;44.644532;2.564434;147471;OCCITANIE;12094;1038;12;0;Zone rurale;14541106;unités urbaines de 100 000 habitants et plus;1;52;245;7%;De 5 à 10 000 entrées;catégorie E;;territoire rural;128;105;0;65,7;22,5;9;2,8;72;44
217;20 144;19 563;VILLE D'ESPALION;40,6;44.523418;2.763821;150801;OCCITANIE;12096;4545;12;12201;Espalion;5892;unités urbaines de moins de 20 000 habitants et zones rurales;1;53;998;3%;De 20 à 30 000 entrées;catégorie E;JPPR;commune-centre;288;222;5;64,7;21,5;9,7;4,1;163;33,8
172;16 216;16 177;COMITE DE GESTION DU CINEMA MUNICIPAL (TIERS FERME);31,6;46.171552;2.484461;154142;NOUVELLE AQUITAINE;23076;1383;23;0;Zone rurale;14541106;unités urbaines de 100 000 habitants et plus;1;53;819;0%;De 10 à 20 000 entrées;catégorie E;JPPR;territoire rural;203;160;1;60,9;27,3;8,7;3;90;22,6
135;8 352;7 687;VILLE D'EYMOUTIERS;52,5;45.738722;1.741383;154813;NOUVELLE AQUITAINE;87064;2055;87;0;Zone rurale;14541106;unités urbaines de 100 000 habitants et plus;1;53;518;9%;De 5 à 10 000 entrées;catégorie E;;territoire rural;242;189;1;64,4;18,4;13;4,3;148;51,3
169;10 430;10 380;VILLE D'EYSINES;50,6;44.879016;-0.6384;154921;NOUVELLE AQUITAINE;33162;22864;33;33701;Bordeaux;904359;unités urbaines de 100 000 habitants et plus;1;48;391;0%;De 10 à 20 000 entrées;catégorie C;;banlieue;235;192;20;73,6;16,3;8,5;1,7;134;47,8
153;8 986;8 867;CINEMA LE ROC BAR CONFISERIE;52,2;46.712066;-1.314796;158201;PAYS DE LA LOIRE;85089;5167;85;85129;La Ferrière;5167;unités urbaines de moins de 20 000 habitants et zones rurales;1;45;387;1%;De 5 à 10 000 entrées;catégorie E;;commune isolée;163;124;3;70;13,1;13,8;3;99;51,6
317;37 166;38 041;COMMUNAUTE DE COMMUNES DU PAYS DE FIGEAC;43,6;44.608696;2.025755;159674;OCCITANIE;46102;9826;46;364;Figeac;16530;unités urbaines de moins de 20 000 habitants et zones rurales;1;51;845;-2,30%;De 30 à 40 000 entrées;catégorie E;RDJPPR;commune-centre;236;176;14;59;27,1;10,6;3,3;139;33,5
157;12 779;12 105;DEPARTEMENT DU GERS;42,3;43.850759;0.663578;161061;OCCITANIE;32132;6181;32;32201;Fleurance;6181;unités urbaines de moins de 20 000 habitants et zones rurales;2;53;732;6%;De 10 à 20 000 entrées;catégorie E;JPPR;commune isolée;355;279;40;48,1;33,9;16,3;1,7;189;40,8
141;23 290;20 247;EXTERIEUR NUIT;30,6;42.965028;1.607346;162212;OCCITANIE;9122;9706;9;9301;Foix;14531;unités urbaines de moins de 20 000 habitants et zones rurales;1;49;823;15%;De 20 à 30 000 entrées;catégorie E;;commune-centre;118;101;25;59,9;27,5;10,7;1,9;58;26,3
463;10 441;8 855;ASSOCIATION DEVELOPPEMENT ACTION CULTURELLE FOIX ARIEGE;85;42.960943;1.609276;162213;OCCITANIE;9122;9706;9;9301;Foix;14531;unités urbaines de moins de 20 000 habitants et zones rurales;1;41;321;18%;De 10 à 20 000 entrées;catégorie E;RDPR;commune-centre;112;60;5;61,5;9,5;15,3;13,8;99;93,6
1501;218 909;228 136;CGR;6,3;46.529206;0.279764;163150;NOUVELLE AQUITAINE;86100;3856;86;86114;Fontaine-le-Comte;4672;unités urbaines de moins de 20 000 habitants et zones rurales;8;53;16 512;-4,00%;De 200 à 300 000 entrées;non classé;;commune-centre;174;145;140;41,9;47,4;10,6;0,1;13;4
520;78 309;82 740;CINEODE;18,1;46.466465;-0.803028;164003;PAYS DE LA LOIRE;85092;13640;85;85304;Fontenay-le-Comte;16868;unités urbaines de moins de 20 000 habitants et zones rurales;3;53;3 910;-5,40%;De 50 à 80 000 entrées;catégorie E;JPPR;commune-centre;302;224;101;51,4;38,7;9,3;0,6;149;15,1
282;12 069;12 001;SOCIETE D'EXPLOITATION DU CASINO DE FOURAS;36;45.990004;-1.097971;166862;NOUVELLE AQUITAINE;17168;4047;17;17115;Fouras;4047;unités urbaines de moins de 20 000 habitants et zones rurales;1;53;984;1%;De 10 à 20 000 entrées;non classé;;commune isolée;212;186;12;59,6;27,9;9,4;3;103;34,7
120;20 630;18 444;VILLE DE FRONTON;45,1;43.839626;1.390132;171253;OCCITANIE;31202;5917;31;31202;Fronton;5917;unités urbaines de moins de 20 000 habitants et zones rurales;1;53;1 042;12%;De 20 à 30 000 entrées;catégorie E;RDJPPR;commune isolée;305;206;10;53,4;27,3;13,8;5,6;197;39,5
709;178 095;174 511;COMMUNAUTE DE COMMUNES DE TARN ET DADOU;43;43.901202;1.895449;172104;OCCITANIE;81099;15423;81;81303;Gaillac;18794;unités urbaines de moins de 20 000 habitants et zones rurales;4;53;6 123;2%;De 150 à 200 000 entrées;catégorie E;RDJP;commune-centre;348;269;155;44,5;36,5;16,1;2,9;211;29,5
873;271 477;257 969;MEGARAMA;18,4;45.629474;0.233829;172860;NOUVELLE AQUITAINE;16146;1999;16;0;Zone rurale;14541106;unités urbaines de 100 000 habitants et plus;6;53;10 537;5%;De 200 à 300 000 entrées;catégorie E;JP;territoire rural;258;194;110;40,7;48,2;10,9;0,2;124;9,7
166;11 333;10 099;VILLE DE GARLIN;47,9;43.560669;-0.272312;173432;NOUVELLE AQUITAINE;64233;1405;64;0;Zone rurale;14541106;unités urbaines de 100 000 habitants et plus;1;52;614;12%;De 10 à 20 000 entrées;catégorie E;JP;territoire rural;238;185;1;56,2;21,8;18,1;3,9;134;51,2
104;25 730;24 588;ASSOCIATION CINEMA DE GENCAY;61,3;46.374596;0.404662;174961;NOUVELLE AQUITAINE;86103;1733;86;86105;Gençay;3045;unités urbaines de moins de 20 000 habitants et zones rurales;1;53;1 001;5%;De 20 à 30 000 entrées;catégorie E;RDJPPR;commune-centre;214;157;2;67,4;15;10,5;7,2;160;68,1
97;8 307;8 484;COMMUNAUTE DE COMMUNES ARRATS-GIMONE;38,4;43.626338;0.878691;177663;OCCITANIE;32147;2973;32;32101;Gimont;2973;unités urbaines de moins de 20 000 habitants et zones rurales;1;52;310;-2,10%;De 5 à 10 000 entrées;catégorie E;JP;commune isolée;206;172;9;59,5;28,1;10,5;2;90;34,5
290;28 306;28 658;VILLE DE GOURDON;37,2;44.737405;1.38428;181262;OCCITANIE;46127;4321;46;46105;Gourdon;4321;unités urbaines de moins de 20 000 habitants et zones rurales;2;52;1 837;-1,20%;De 20 à 30 000 entrées;catégorie E;RDJPPR;commune isolée;415;317;11;58,8;26,1;11,9;3,1;247;30,5
158;17 687;18 047;VILLE DE GRAMAT;32,7;44.775936;1.72351;182282;OCCITANIE;46128;3649;46;46103;Gramat;3649;unités urbaines de moins de 20 000 habitants et zones rurales;1;53;664;-2,00%;De 10 à 20 000 entrées;catégorie E;;commune isolée;235;186;0;52,1;34,9;11;2;101;25,2
280;45 150;40 057;COMMUNAUTE DE COMMUNES DE TARN ET DADOU;25,1;43.760736;1.999613;184252;OCCITANIE;81105;12461;81;81302;Graulhet;12461;unités urbaines de moins de 20 000 habitants et zones rurales;2;53;2 454;13%;De 40 à 50 000 entrées;catégorie E;;commune isolée;242;184;48;47,7;39,3;11,6;1,4;112;20,6
250;22 811;21 389;;44,2;43.76859;1.296013;184852;OCCITANIE;31232;8685;31;31205;Grenade;8685;unités urbaines de moins de 20 000 habitants et zones rurales;1;53;550;7%;De 20 à 30 000 entrées;catégorie E;JP;commune isolée;278;224;3;48,3;32,3;15,5;3,9;147;44
695;103 630;109 194;VILLE DE GUERET;28,4;46.169796;1.867356;187515;NOUVELLE AQUITAINE;23096;13492;23;23301;Guéret;14529;unités urbaines de moins de 20 000 habitants et zones rurales;5;53;5 685;-5,10%;De 100 à 150 000 entrées;catégorie E;RDJPPR;commune-centre;366;280;272;44,2;42,2;10,8;2,7;203;18,8
182;21 161;24 544;VILLE DE GUJAN MESTRAS;49,2;44.638602;-1.111896;188933;NOUVELLE AQUITAINE;33199;20817;33;33501;La Teste-de-Buch - Arcachon;65500;unités urbaines de 20 000 à 100 000 habitants;1;38;494;-13,80%;De 20 à 30 000 entrées;catégorie D;;commune-centre;242;172;19;62,3;18,1;14;5,6;148;54,4
415;8 205;8 654;VILLE DE HAGETMAU;35,4;43.656112;-0.592314;189661;NOUVELLE AQUITAINE;40119;4616;40;40201;Hagetmau;5305;unités urbaines de moins de 20 000 habitants et zones rurales;1;49;574;-5,20%;De 5 à 10 000 entrées;catégorie E;JP;commune-centre;221;190;3;57,1;32,5;9,8;0,7;98;23,8
480;7 847;7 331;;28,4;44.874611;-0.677018;189830;NOUVELLE AQUITAINE;33200;10755;33;33701;Bordeaux;904359;unités urbaines de 100 000 habitants et plus;1;49;366;7%;De 5 à 10 000 entrées;non classé;;banlieue;176;145;6;59,5;29,3;10;1,2;67;23,8
193;6 807;10 006;ASSOCIATION ZABALKI;38,6;43.382881;-1.306533;191591;NOUVELLE AQUITAINE;64256;6562;64;64202;Hasparren;6562;unités urbaines de moins de 20 000 habitants et zones rurales;1;38;422;-32,00%;De 5 à 10 000 entrées;catégorie E;JP;commune isolée;166;135;3;45,9;19;28,6;6,6;77;48,6
324;15 395;15 276;VILLE DE HENDAYE;40,4;43.355543;-1.773311;194541;NOUVELLE AQUITAINE;64260;16328;64;751;Bayonne (partie française);236730;unités urbaines de 100 000 habitants et plus;1;53;759;1%;De 10 à 20 000 entrées;catégorie C;;banlieue;272;213;8;46,2;32,3;18,4;3;134;39,6
376;56 115;59 212;VILLE DE LES HERBIERS;25;46.87211;-1.013741;195021;PAYS DE LA LOIRE;85109;15992;85;85303;Les Herbiers;15992;unités urbaines de moins de 20 000 habitants et zones rurales;1;53;1 171;-5,20%;De 50 à 80 000 entrées;catégorie E;JP;commune isolée;212;159;65;50,5;39,4;9,2;0,8;82;14,5
481;8 636;11 642;VILLE D'HOURTIN;22,3;45.184656;-1.059343;198721;NOUVELLE AQUITAINE;33203;3490;33;33103;Hourtin;3490;unités urbaines de moins de 20 000 habitants et zones rurales;1;47;400;-25,80%;De 5 à 10 000 entrées;non classé;;commune isolée;162;146;8;42,5;46,5;10,5;0,5;56;13,9
1052;64 974;59 932;ASSOCIATION LE PARVIS;78,6;43.242508;-0.005686;199951;OCCITANIE;65226;2887;65;0;Zone rurale;14541106;unités urbaines de 100 000 habitants et plus;4;53;3 847;8%;De 50 à 80 000 entrées;catégorie E;RDJPPR;territoire rural;367;182;48;58,8;15,8;14,5;10,9;306;79,7
216;27 130;28 313;VILLE DE L'ILE D'YEU;39,5;46.72447;-2.348624;200332;PAYS DE LA LOIRE;85113;4771;85;85132;L'Île-d'Yeu;4771;unités urbaines de moins de 20 000 habitants et zones rurales;1;53;770;-4,20%;De 20 à 30 000 entrées;catégorie E;;commune isolée;222;176;15;47,5;35,5;13,7;3,3;120;29,1
237;3 126;3 028;VILLE DE L'ISLE EN DODON;42,9;43.381163;0.836443;201632;OCCITANIE;31239;1677;31;0;Zone rurale;14541106;unités urbaines de 100 000 habitants et plus;1;49;112;3%;De 2 à 5 000 entrées;non classé;;territoire rural;96;73;0;71,4;13,7;14,8;0;45;36,3
191;36 727;36 600;DEPARTEMENT DU GERS;50,8;43.614931;1.089434;201661;OCCITANIE;32160;8568;32;32202;L'Isle-Jourdain;8568;unités urbaines de moins de 20 000 habitants et zones rurales;2;53;1 678;0%;De 30 à 40 000 entrées;catégorie E;RDJPPR;commune isolée;372;280;46;53;30,9;12,5;3,7;241;40,6
191;17 177;18 906;VILLE DE JARD SUR MER;39,3;46.414996;-1.574373;203343;PAYS DE LA LOIRE;85114;2642;85;85121;Jard-sur-Mer;3951;unités urbaines de moins de 20 000 habitants et zones rurales;1;51;964;-9,10%;De 10 à 20 000 entrées;catégorie E;JP;commune-centre;200;174;17;63;24,8;11,1;1,1;90;31,8
354;39 291;40 598;VILLE DE JONZAC;35,4;45.445545;-0.433778;204891;NOUVELLE AQUITAINE;17197;3451;17;17201;Jonzac;5283;unités urbaines de moins de 20 000 habitants et zones rurales;2;53;1 533;-3,20%;De 30 à 40 000 entrées;catégorie E;RDJP;commune-centre;256;202;57;57,2;30,3;10,7;1,8;132;25
150;12 430;11 167;CINECRAN 81;54,4;43.474778;2.646568;208981;OCCITANIE;81115;1410;81;0;Zone rurale;14541106;unités urbaines de 100 000 habitants et plus;1;47;338;11%;De 10 à 20 000 entrées;catégorie E;JP;territoire rural;72;44;0;49,7;32,8;15,4;2,1;43;61,1
3988;1 027 673;1 074 658;Les cinemas GAUMONT-PATHE;15,1;43.539479;1.511109;209151;OCCITANIE;31254;4277;31;31701;Toulouse;948433;unités urbaines de 100 000 habitants et plus;17;53;31 561;-4,40%;De 1 à 1,5 million d'entrées;non classé;;banlieue;285;225;222;28,4;57,6;13,2;0,8;56;10
236;11 171;11 737;;39,2;44.213874;-0.919094;209494;NOUVELLE AQUITAINE;40134;2720;40;40101;Labouheyre;2720;unités urbaines de moins de 20 000 habitants et zones rurales;1;51;707;-4,80%;De 10 à 20 000 entrées;catégorie E;JP;commune isolée;270;221;0;50,5;37,4;10,6;1,5;131;23,4
167;10 554;9 744;VILLE DE LABRUGUIERE;56,5;43.538478;2.263266;209682;OCCITANIE;81120;6514;81;81202;Labruguière;6514;unités urbaines de moins de 20 000 habitants et zones rurales;1;49;372;8%;De 10 à 20 000 entrées;catégorie E;JP;commune isolée;280;223;0;44,1;32,3;16,7;6,9;168;52,2
252;4 178;3 884;VILLE DE LALANNE TRIE;45,2;43.310067;0.33742;212871;OCCITANIE;65250;109;65;0;Zone rurale;14541106;unités urbaines de 100 000 habitants et plus;1;49;323;8%;De 2 à 5 000 entrées;catégorie E;;territoire rural;218;179;0;62,4;20,1;16,2;1,3;117;35,1
465;40 058;41 630;RAYMOND EMMANUEL;27,2;44.553056;-0.245112;215621;NOUVELLE AQUITAINE;33227;7389;33;33303;Langon;13481;unités urbaines de moins de 20 000 habitants et zones rurales;2;50;1 442;-3,80%;De 40 à 50 000 entrées;catégorie E;;commune-centre;159;126;44;47,8;41;10,1;1,1;77;15,7
383;12 266;13 763;CHENEAUX OLIVIER;8,8;43.121779;0.383424;216064;OCCITANIE;65258;5893;65;65202;Lannemezan;5893;unités urbaines de moins de 20 000 habitants et zones rurales;1;53;668;-10,90%;De 10 à 20 000 entrées;non classé;;commune isolée;96;74;22;60;30,5;6;3,5;19;10,6
155;3 762;3 603;VILLE DE LARUNS;34,2;42.988146;-0.425403;218381;NOUVELLE AQUITAINE;64320;1179;64;0;Zone rurale;14541106;unités urbaines de 100 000 habitants et plus;1;53;260;4%;De 2 à 5 000 entrées;catégorie E;;territoire rural;164;142;26;55,8;28,7;11,8;3,7;77;24,8
192;18 455;22 884;CENTRE CULTUREL LOISIRS MULTIDETENTE ET DE PROMOTION PUBLICITAIR;37,1;43.700824;1.820322;220603;OCCITANIE;81140;10699;81;81301;Lavaur;12623;unités urbaines de moins de 20 000 habitants et zones rurales;1;48;615;-19,40%;De 10 à 20 000 entrées;catégorie E;JPPR;commune-centre;195;156;6;45,9;34,8;17,1;2,2;83;45,6
480;31 391;27 487;VILLE DE LAVELANET;26,8;42.935388;1.849583;220681;OCCITANIE;9160;6205;9;9202;Lavelanet;7164;unités urbaines de moins de 20 000 habitants et zones rurales;2;52;2 135;14%;De 30 à 40 000 entrées;catégorie E;PR;commune-centre;222;159;26;46,6;38,5;13,7;1,2;114;20,2
174;15 131;13 960;VILLE DE LECTOURE;42,3;43.934628;0.620319;221712;OCCITANIE;32208;3710;32;32102;Lectoure;3710;unités urbaines de moins de 20 000 habitants et zones rurales;2;53;948;8%;De 10 à 20 000 entrées;catégorie E;RDJPPR;commune isolée;349;276;43;50,5;30,7;13,7;5,1;189;41,3
252;13 423;15 953;VILLE DE LEGUEVIN;39,2;43.600031;1.239756;222030;OCCITANIE;31291;8948;31;31701;Toulouse;948433;unités urbaines de 100 000 habitants et plus;1;50;413;-15,90%;De 10 à 20 000 entrées;catégorie C;;banlieue;217;172;1;58,1;27,3;12,6;2,1;105;41,7
289;8 961;9 304;ASSOCIATION CINEMA DE L'ETOILE;28,7;46.815557;0.327879;222481;NOUVELLE AQUITAINE;86128;2462;86;86102;Lencloître;2462;unités urbaines de moins de 20 000 habitants et zones rurales;1;40;477;-3,70%;De 5 à 10 000 entrées;non classé;;commune isolée;113;82;0;57,2;29,1;7,8;5,9;42;32,8
349;15 832;16 601;VILLE DE LEOGNAN;47,8;44.730648;-0.600381;222821;NOUVELLE AQUITAINE;33238;10015;33;33701;Bordeaux;904359;unités urbaines de 100 000 habitants et plus;1;48;479;-4,60%;De 10 à 20 000 entrées;catégorie C;;banlieue;220;168;1;57,1;21;17;4,9;116;54,6
222;9 169;10 806;VILLE DE LEON;35;43.875113;-1.302436;222841;NOUVELLE AQUITAINE;40150;1963;40;0;Zone rurale;14541106;unités urbaines de 100 000 habitants et plus;1;53;748;-15,10%;De 5 à 10 000 entrées;catégorie E;;territoire rural;256;225;13;49,6;38,1;10,7;1,7;113;26,6
212;18 612;18 482;VILLE DE LESPARRE MEDOC;26,9;45.307833;-0.938774;223612;NOUVELLE AQUITAINE;33240;5699;33;33208;Lesparre-Médoc;7974;unités urbaines de moins de 20 000 habitants et zones rurales;1;53;668;1%;De 10 à 20 000 entrées;non classé;;commune-centre;246;212;19;54,8;34,9;8,6;1,7;93;17
1367;267 853;275 065;STE EXPLOITATION GRAND ECRAN (Fridemann);29,7;44.913546;-0.237461;225444;NOUVELLE AQUITAINE;33243;24866;33;33401;Libourne;35963;unités urbaines de 20 000 à 100 000 habitants;10;53;14 440;-2,60%;De 200 à 300 000 entrées;catégorie D;;commune-centre;433;342;214;41,9;45,7;11,2;1,3;230;14,4
686;61 947;68 768;STE EXPLOITATION GRAND ECRAN (Fridemann);96,6;45.854302;1.256414;228305;NOUVELLE AQUITAINE;87085;133627;87;87601;Limoges;183347;unités urbaines de 100 000 habitants et plus;3;53;4 149;-9,90%;De 50 à 80 000 entrées;catégorie B;RD;commune-centre;184;132;96;56,9;14,6;14,1;14,4;161;97,9
2252;341 394;385 517;STE EXPLOITATION GRAND ECRAN (Fridemann);31,7;45.83291;1.255375;228311;NOUVELLE AQUITAINE;87085;133627;87;87601;Limoges;183347;unités urbaines de 100 000 habitants et plus;14;53;23 736;-11,40%;De 300 à 450 000 entrées;non classé;;commune-centre;326;280;222;43,8;40,5;14,3;1,4;150;22,4
2240;484 277;482 399;STE EXPLOITATION GRAND ECRAN (Fridemann);15,1;45.845477;1.276023;228370;NOUVELLE AQUITAINE;87085;133627;87;87601;Limoges;183347;unités urbaines de 100 000 habitants et plus;12;53;17 727;0%;De 450 à 700 000 entrées;non classé;;commune-centre;269;203;173;37,7;51,3;10,7;0,4;82;6
192;3 730;5 901;SYNDICAT D'INITIATIVE DE LIT ET MIXE;31,8;44.033784;-1.257554;229552;NOUVELLE AQUITAINE;40157;1588;40;0;Zone rurale;14541106;unités urbaines de 100 000 habitants et plus;1;39;214;-36,80%;De 2 à 5 000 entrées;catégorie E;;territoire rural;143;126;35;45,4;40,9;10,1;3,6;61;24,4
107;7 758;7 127;VILLE DE LOUDENVIELLE;39,7;42.795333;0.411078;233742;OCCITANIE;65282;286;65;0;Zone rurale;14541106;unités urbaines de 100 000 habitants et plus;1;51;272;9%;De 5 à 10 000 entrées;catégorie E;;territoire rural;177;156;29;58,2;25,2;13,8;2,8;87;28,5
151;19 202;19 582;VILLE DE LOUDUN;27;47.010932;0.084051;233802;NOUVELLE AQUITAINE;86137;6740;86;86204;Loudun;6740;unités urbaines de moins de 20 000 habitants et zones rurales;1;53;552;-1,90%;De 10 à 20 000 entrées;catégorie E;;commune isolée;185;139;2;57,3;28;12;2,7;81;34,3
487;10 686;14 468;VILLE DE LOURDES;32,9;43.085637;-0.04492;234273;OCCITANIE;65286;13946;65;65302;Lourdes;16982;unités urbaines de moins de 20 000 habitants et zones rurales;1;51;504;-26,10%;De 10 à 20 000 entrées;catégorie E;;commune-centre;197;148;36;55,5;22,5;15,6;6,4;109;41,9
281;9 545;9 174;;0;43.095917;-0.055559;234295;OCCITANIE;65286;13946;65;65302;Lourdes;16982;unités urbaines de moins de 20 000 habitants et zones rurales;1;31;571;4%;De 5 à 10 000 entrées;non classé;;commune-centre;1;0;0;100;0;0;0;0;0
492;19 158;8 318;PAX 2010;12,4;43.102921;-0.039469;234296;OCCITANIE;65286;13946;65;65302;Lourdes;16982;unités urbaines de moins de 20 000 habitants et zones rurales;3;52;3 460;130%;De 10 à 20 000 entrées;non classé;;commune-centre;178;144;37;42,9;46,2;10,8;0,1;50;6,2
249;2 149;1 719;RAMBEAU ROLAND LOUIS GABRIEL;18,2;43.098225;-0.045524;234297;OCCITANIE;65286;13946;65;65302;Lourdes;16982;unités urbaines de moins de 20 000 habitants et zones rurales;1;47;340;25%;De 2 à 5 000 entrées;non classé;;commune-centre;10;4;3;34,4;64,3;1,3;0;1;25,6
766;104 645;105 907;SOCIETE CINEMATOGRAPHIQUE LUCONNAISE;23,2;46.460681;-1.176832;235771;PAYS DE LA LOIRE;85128;9394;85;85208;Luçon;9394;unités urbaines de moins de 20 000 habitants et zones rurales;5;53;6 299;-1,20%;De 100 à 150 000 entrées;catégorie E;;commune isolée;329;220;132;46,6;42,4;10,1;0,9;156;11,2
137;4 371;5 743;SYNDICAT MIXTE DE LA MAISON DU PARC NATIONAL DE DE LA VALLEE;48,4;42.87365;-0.003171;237793;OCCITANIE;65295;982;65;0;Zone rurale;14541106;unités urbaines de 100 000 habitants et plus;1;38;248;-23,90%;De 2 à 5 000 entrées;catégorie E;;territoire rural;196;154;1;54,5;29,5;13,9;2,1;106;39,3
88;7 337;7 524;VILLE DE MARCIAC;46,2;43.525284;0.161702;245883;OCCITANIE;32233;1247;32;0;Zone rurale;14541106;unités urbaines de 100 000 habitants et plus;1;50;407;-2,50%;De 5 à 10 000 entrées;catégorie E;;territoire rural;273;234;33;58,8;19,5;18,4;3,3;138;59,4
206;19 304;19 520;VILLE DE MARENNES;35,2;45.821371;-1.108436;246763;NOUVELLE AQUITAINE;17219;5662;17;17206;Marennes;9109;unités urbaines de moins de 20 000 habitants et zones rurales;1;52;933;-1,10%;De 10 à 20 000 entrées;catégorie E;RDJPPR;commune-centre;248;178;17;56;29,7;10,5;3,8;143;30,1
513;112 184;111 882;ASSOCIATION PROMOTION ACTIVITE CULTURELLE AUDIOVISUELLE MARMANDE;32,5;44.497638;0.168923;248254;NOUVELLE AQUITAINE;47157;17949;47;455;Marmande;29652;unités urbaines de 20 000 à 100 000 habitants;4;52;5 065;0%;De 100 à 150 000 entrées;catégorie D;RDJPPR;commune-centre;344;231;92;41,8;45;10,8;2,4;192;18,2
150;3 851;6 033;CINE AUX CHANTS;76,4;45.611664;0.44206;250751;NOUVELLE AQUITAINE;16211;554;16;0;Zone rurale;14541106;unités urbaines de 100 000 habitants et plus;1;40;216;-36,20%;De 2 à 5 000 entrées;catégorie E;;territoire rural;164;152;0;56,6;14,5;23,5;5,3;135;64,7
153;8 364;7 074;VILLE DE MASSEUBE;44,8;43.42733;0.576514;251922;OCCITANIE;32242;1518;32;0;Zone rurale;14541106;unités urbaines de 100 000 habitants et plus;1;53;442;18%;De 5 à 10 000 entrées;catégorie E;JP;territoire rural;293;238;20;48,1;29,9;14,2;7,9;158;42,9
154;7 511;7 920;VILLE DE MATHA;24,4;45.868856;-0.320748;252212;NOUVELLE AQUITAINE;17224;2175;17;17101;Matha;2175;unités urbaines de moins de 20 000 habitants et zones rurales;1;49;279;-5,20%;De 5 à 10 000 entrées;non classé;;commune isolée;111;93;1;65,2;22,6;8,6;3,6;31;24,3
269;6 409;8 046;ASSOCIATION LES TRINITAIRES DE MAULEON;30,4;46.9250409;-0.7596104000000423;252701;NOUVELLE AQUITAINE;79079;8479;79;79205;Mauléon;8479;unités urbaines de moins de 20 000 habitants et zones rurales;1;48;329;-20,30%;De 5 à 10 000 entrées;catégorie E;;commune isolée;113;98;0;73,2;19,9;7;0;38;26,2
416;19 113;20 262;VILLE DE MAULEON LICHARRE;41,5;43.221421;-0.889467;252742;NOUVELLE AQUITAINE;64371;2969;64;64204;Mauléon-Licharre;6395;unités urbaines de moins de 20 000 habitants et zones rurales;2;53;1 149;-5,70%;De 10 à 20 000 entrées;catégorie E;JP;commune-centre;384;308;41;45,3;35,1;16,3;3,3;197;32,4
92;6 259;6 617;VILLE DE MAUVEZIN;42,9;43.731827;0.878411;253442;OCCITANIE;32249;2149;32;0;Zone rurale;14541106;unités urbaines de 100 000 habitants et plus;1;52;266;-5,40%;De 5 à 10 000 entrées;catégorie E;JP;territoire rural;187;149;18;56,3;28,5;13,5;1,8;83;59,6
485;41 873;39 236;ACTION CINEMATOGRAPHIQUE DU TARN;25,5;43.493101;2.374957;254005;OCCITANIE;81163;10063;81;81401;Mazamet;24994;unités urbaines de 20 000 à 100 000 habitants;2;53;2 139;7%;De 40 à 50 000 entrées;catégorie D;;commune-centre;255;210;55;43,6;42,1;12,9;1,4;137;19,6
182;2 447;3 012;VILLE DE MAZERES;13,1;43.250817;1.677678;254173;OCCITANIE;9185;3826;9;9104;Mazères;3826;unités urbaines de moins de 20 000 habitants et zones rurales;1;51;213;-18,80%;De 2 à 5 000 entrées;non classé;;commune isolée;97;84;0;49,4;34,6;16;0;15;29,4
434;29 739;30 340;ASSOCIATION CINEMEL;65,6;46.222661;-0.144659;255911;NOUVELLE AQUITAINE;79174;3607;79;79203;Melle;5471;unités urbaines de moins de 20 000 habitants et zones rurales;2;53;1 080;-2,00%;De 20 à 30 000 entrées;catégorie E;RDJPPR;commune-centre;247;184;3;61;21,4;14,6;3,1;185;53,5
1041;230 869;239 617;VILLE DE MERIGNAC;17,5;44.842142;-0.647041;258161;NOUVELLE AQUITAINE;33281;70127;33;33701;Bordeaux;904359;unités urbaines de 100 000 habitants et plus;4;53;6 846;-3,70%;De 200 à 300 000 entrées;catégorie C;JP;banlieue;224;169;105;39,2;49,1;11,6;0,1;106;10
140;12 180;10 358;;31,7;45.564042;-0.95352;259022;NOUVELLE AQUITAINE;17230;3087;17;17402;Royan;35729;unités urbaines de 20 000 à 100 000 habitants;1;53;1 039;18%;De 10 à 20 000 entrées;non classé;;banlieue;228;191;10;47,4;38,7;11;3;102;24,4
244;6 748;6 773;VILLE DE MEYMAC;46,2;45.532714;2.146857;261351;NOUVELLE AQUITAINE;19136;2455;19;19101;Meymac;2455;unités urbaines de moins de 20 000 habitants et zones rurales;1;53;318;-0,40%;De 5 à 10 000 entrées;non classé;;commune isolée;228;186;1;56,4;26,5;11,2;5,8;124;42,3
581;84 130;80 849;VILLE DE MILLAU;25,2;44.100489;3.076198;262622;OCCITANIE;12145;22234;12;12401;Millau;23837;unités urbaines de 20 000 à 100 000 habitants;4;53;5 763;4%;De 80 à 100 000 entrées;catégorie D;;commune-centre;338;271;149;49,9;38,2;10,1;1,7;174;20,4
750;21 562;21 985;VILLE DE MIMIZAN;22,1;44.20143;-1.228686;262921;NOUVELLE AQUITAINE;40184;6927;40;40203;Mimizan;6927;unités urbaines de moins de 20 000 habitants et zones rurales;1;53;761;-1,90%;De 20 à 30 000 entrées;catégorie E;;commune isolée;233;199;86;41,4;47,2;10,6;0,8;91;12,2
250;11 950;10 222;DEPARTEMENT DU GERS;42,4;43.513752;0.405519;263372;OCCITANIE;32256;3483;32;32105;Mirande;3932;unités urbaines de moins de 20 000 habitants et zones rurales;1;53;370;17%;De 10 à 20 000 entrées;catégorie E;;commune-centre;274;223;18;53,2;30,7;13,2;2,9;125;44,7
106;10 058;10 731;VILLE DE MIREPOIX;51,2;43.089583;1.87481;263563;OCCITANIE;9194;3162;9;9103;Mirepoix;3162;unités urbaines de moins de 20 000 habitants et zones rurales;1;49;467;-6,30%;De 10 à 20 000 entrées;catégorie E;JP;commune isolée;193;152;1;52,8;22,5;19,4;5,3;112;54,9
737;42 892;45 802;VILLE DE MIREPOIX;7;44.132684;1.066545;264591;OCCITANIE;82112;12581;82;82401;Castelsarrasin;26467;unités urbaines de 20 000 à 100 000 habitants;6;49;3 144;-6,40%;De 40 à 50 000 entrées;non classé;;banlieue;126;106;58;38,3;51;10,2;0,5;33;6,7
153;3 131;2 889;SARL SOGINA;54,2;43.966813;1.584453;266213;OCCITANIE;82115;1945;82;0;Zone rurale;14541106;unités urbaines de 100 000 habitants et plus;1;53;168;8%;De 2 à 5 000 entrées;non classé;;territoire rural;153;131;0;70,2;17,5;7,4;4,9;88;50,8
295;7 426;7 851;CINEMAS BOCAGE;26,2;46.724207;-0.587156;266292;NOUVELLE AQUITAINE;79179;3161;79;79105;Moncoutant;3161;unités urbaines de moins de 20 000 habitants et zones rurales;1;49;585;-5,40%;De 5 à 10 000 entrées;catégorie E;JP;commune isolée;168;135;4;66,4;26,6;6,9;0;61;23,9
159;9 741;9 802;VILLE DE MONEIN;52,9;43.320215;-0.579262;266571;NOUVELLE AQUITAINE;64393;4473;64;64302;Mourenx;14531;unités urbaines de moins de 20 000 habitants et zones rurales;1;52;997;-0,60%;De 5 à 10 000 entrées;catégorie E;RDJP;commune-centre;271;213;5;54,2;21,3;20,9;3,6;165;51,8
179;16 229;15 619;VILLE DE MONTPON MENESTEROL;31,8;45.008093;0.159645;267243;NOUVELLE AQUITAINE;24294;5466;24;354;Montpon-Ménestérol;11508;unités urbaines de moins de 20 000 habitants et zones rurales;1;53;576;4%;De 10 à 20 000 entrées;catégorie E;JPPR;commune-centre;233;177;3;56,7;30,6;8,2;4,5;87;26,9
189;16 623;15 266;VILLE DE MONSEGUR;48,4;44.650724;0.079158;267391;NOUVELLE AQUITAINE;33289;1500;33;0;Zone rurale;14541106;unités urbaines de 100 000 habitants et plus;1;53;777;9%;De 10 à 20 000 entrées;catégorie E;JPPR;territoire rural;275;207;1;51,4;25,9;19,8;2,8;156;39,2
312;35 421;33 306;FUMEL COMMUNAUTE;46,5;44.481444;0.945323;267432;NOUVELLE AQUITAINE;47179;2093;47;47302;Fumel;11735;unités urbaines de moins de 20 000 habitants et zones rurales;2;53;1 509;6%;De 30 à 40 000 entrées;catégorie E;RDJPPR;banlieue;329;218;16;54,6;30,7;11,3;3,5;222;37,1
280;41 049;40 677;COMMUNAUTE DE COMMUNES TERRES DE MONTAIGU;34,6;46.98002;-1.316083;268122;PAYS DE LA LOIRE;85146;5180;85;85302;Montaigu;13921;unités urbaines de moins de 20 000 habitants et zones rurales;2;48;1 375;1%;De 40 à 50 000 entrées;catégorie E;JP;commune-centre;221;161;32;54,9;30,6;14,1;0,5;109;29
461;39 418;42 873;CGR;92,7;44.016766;1.361386;268813;OCCITANIE;82121;59982;82;82501;Montauban;78084;unités urbaines de 20 000 à 100 000 habitants;3;49;3 543;-8,10%;De 30 à 40 000 entrées;catégorie D;RDJPPR;commune-centre;241;157;81;66,9;10,8;14,9;7,4;222;92,3
607;16 061;38 524;ROYAL CINEMA;25,3;43.889338;-0.504397;270562;NOUVELLE AQUITAINE;40192;30629;40;40401;Mont-de-Marsan;40141;unités urbaines de 20 000 à 100 000 habitants;4;49;3 501;-58,30%;De 10 à 20 000 entrées;catégorie D;;commune-centre;176;130;23;50,7;38,8;9,8;0,6;78;29,4
120;8 696;4 524;ROYAL CINEMA;39,4;45.283756;-0.408153;271162;NOUVELLE AQUITAINE;17240;3210;17;17112;Montendre;3576;unités urbaines de moins de 20 000 habitants et zones rurales;1;50;401;92%;De 5 à 10 000 entrées;non classé;;commune-centre;251;215;20;63;24,7;10,3;2,1;127;26,7
133;11 064;12 416;VILLE DE MONTGUYON;48,9;45.217551;-0.186333;272481;NOUVELLE AQUITAINE;17241;1593;17;0;Zone rurale;14541106;unités urbaines de 100 000 habitants et plus;1;53;599;-10,90%;De 10 à 20 000 entrées;catégorie E;JPPR;territoire rural;242;186;4;59,5;20,5;13,9;6,2;133;47,1
176;16 556;15 468;VILLE DE MONTIGNAC;57,6;45.063871;1.163498;272701;NOUVELLE AQUITAINE;24291;2807;24;24104;Montignac;2807;unités urbaines de moins de 20 000 habitants et zones rurales;1;53;637;7%;De 10 à 20 000 entrées;catégorie E;RDJPPR;commune isolée;233;160;4;55,4;24,4;15,3;5;152;48,8
92;3 826;3 712;VILLE DE MONTMOREAU SAINT CYBARD;42,4;45.396196;0.130119;274682;NOUVELLE AQUITAINE;16230;2591;16;0;Zone rurale;14541106;unités urbaines de 100 000 habitants et plus;1;53;172;3%;De 2 à 5 000 entrées;non classé;;territoire rural;137;111;1;54,6;29;13,1;3,3;70;43
166;22 232;22 027;ASSOCIATION L'ETOILE;43,4;46.424909;0.870092;274732;NOUVELLE AQUITAINE;86165;6095;86;86202;Montmorillon;6095;unités urbaines de moins de 20 000 habitants et zones rurales;1;53;931;1%;De 20 à 30 000 entrées;catégorie E;RDJPPR;commune isolée;293;219;3;58,8;27,9;10,1;3,2;161;37,6
202;3 184;3 198;ASSOCIATION MONTREDONNAISE ART ET CULTURE CINEMATOGRAPHIQUE;12,4;43.720217;2.323868;275751;OCCITANIE;81182;2036;81;0;Zone rurale;14541106;unités urbaines de 100 000 habitants et plus;1;34;89;-0,40%;De 2 à 5 000 entrées;non classé;;territoire rural;43;35;0;62,9;28;9,1;0;7;13
200;6 821;6 109;LADEVEZE BERNARD;44;43.084724;0.571254;275771;OCCITANIE;31390;2863;31;252;Montréjeau;5468;unités urbaines de moins de 20 000 habitants et zones rurales;1;51;731;12%;De 5 à 10 000 entrées;catégorie E;JP;commune-centre;203;160;1;58,3;17;15,6;9,1;102;54
441;11 339;13 130;VILLE DE MORCENX;22;44.033295;-0.911916;277721;NOUVELLE AQUITAINE;40197;4415;40;40107;Morcenx;4415;unités urbaines de moins de 20 000 habitants et zones rurales;1;53;660;-13,60%;De 10 à 20 000 entrées;catégorie E;JP;commune isolée;209;180;76;48,1;40,6;9,2;2,1;76;15,2
238;20 042;21 948;;44,1;43.369451;-0.629102;280894;NOUVELLE AQUITAINE;64410;6536;64;64302;Mourenx;14531;unités urbaines de moins de 20 000 habitants et zones rurales;2;53;2 457;-8,70%;De 20 à 30 000 entrées;catégorie E;RDJPPR;commune-centre;259;186;31;53,8;27;16,5;2,7;167;40,3
192;9 626;9 432;VILLE DE MUGRON;48,9;43.750527;-0.749807;282411;NOUVELLE AQUITAINE;40201;1456;40;0;Zone rurale;14541106;unités urbaines de 100 000 habitants et plus;1;52;760;2%;De 5 à 10 000 entrées;catégorie E;RDJP;territoire rural;276;225;9;61,3;21,6;13,9;3,2;165;53
94;2 994;3 090;;50,8;44.844783;2.659612;282999;OCCITANIE;12164;785;12;0;Zone rurale;14541106;unités urbaines de 100 000 habitants et plus;1;52;181;-3,10%;De 2 à 5 000 entrées;catégorie E;;territoire rural;154;127;0;54,8;23,3;17,3;4,5;80;46,4
1041;511 060;527 343;VEO-MURET;26,5;43.465865;1.326927;283105;OCCITANIE;31395;25264;31;31701;Toulouse;948433;unités urbaines de 100 000 habitants et plus;8;53;13 957;-3,10%;De 450 à 700 000 entrées;catégorie C;RDJPPR;banlieue;473;287;155;38,3;49,3;11,4;1;285;12,4
141;15 614;15 805;VILLE DE MUSSIDAN;37;45.034377;0.364624;283412;NOUVELLE AQUITAINE;24299;2730;24;24204;Mussidan;7146;unités urbaines de moins de 20 000 habitants et zones rurales;1;53;691;-1,20%;De 10 à 20 000 entrées;catégorie E;JP;commune-centre;214;172;4;56,6;27;11,7;4,7;91;32,1
236;16 816;15 457;VILLE DE NERAC;47;44.13533;0.339366;286912;NOUVELLE AQUITAINE;47195;6969;47;47301;Nérac;11723;unités urbaines de moins de 20 000 habitants et zones rurales;1;52;572;9%;De 10 à 20 000 entrées;catégorie E;JPPR;commune-centre;237;165;1;54,8;25,5;12,5;7,1;140;44,1
144;7 062;7 281;VILLE DE NEUVIC;27,4;45.38274;2.272379;288571;NOUVELLE AQUITAINE;19148;1689;19;0;Zone rurale;14541106;unités urbaines de 100 000 habitants et plus;1;52;452;-3,00%;De 5 à 10 000 entrées;non classé;;territoire rural;233;188;1;49,4;32,1;11,9;6,6;92;31,1
134;10 955;10 195;VILLE DE NEUVILLE DE POITOU;45,8;46.68787;0.246293;288922;NOUVELLE AQUITAINE;86177;5352;86;86115;Neuville-de-Poitou;5352;unités urbaines de moins de 20 000 habitants et zones rurales;1;44;260;7%;De 10 à 20 000 entrées;catégorie E;;commune isolée;115;87;0;68;11,2;8,9;11,9;54;59,9
893;53 191;56 495;CENTRE D'ACTION CULTURELLE DE NIORT ET DE SA REGION;91,3;46.326112;-0.468239;291114;NOUVELLE AQUITAINE;79191;58952;79;79501;Niort;72991;unités urbaines de 20 000 à 100 000 habitants;2;49;1 844;-5,80%;De 50 à 80 000 entrées;catégorie D;RDJPPR;commune-centre;140;84;50;59,5;18,4;15,2;6,8;138;99,3
2052;443 248;453 737;CGR;14,3;46.337524;-0.481854;291144;NOUVELLE AQUITAINE;79191;58952;79;79501;Niort;72991;unités urbaines de 20 000 à 100 000 habitants;12;53;24 264;-2,30%;De 300 à 450 000 entrées;non classé;;commune-centre;286;232;222;41,7;46,5;11,3;0,5;67;8,3
296;13 828;14 244;DEPARTEMENT DU GERS;46,6;43.758956;-0.034329;291731;OCCITANIE;32296;1980;32;0;Zone rurale;14541106;unités urbaines de 100 000 habitants et plus;1;52;341;-2,90%;De 10 à 20 000 entrées;catégorie E;JPPR;territoire rural;252;201;15;54,7;30;11;4,3;129;47,2
500;49 462;52 305;CINEMAS MIMOSAS;34;47.004998;-2.240623;292231;PAYS DE LA LOIRE;85163;4666;85;85131;Noirmoutier-en-l'Île;4666;unités urbaines de moins de 20 000 habitants et zones rurales;2;53;1 523;-5,40%;De 40 à 50 000 entrées;catégorie E;;commune isolée;232;205;42;57,8;28,8;12,4;1,1;101;24,8
169;20 498;18 906;COMMUNAUTE DE COMMUNES DU PERIGORD NONTRONNAIS;42,6;45.523215;0.659963;292782;NOUVELLE AQUITAINE;24311;3121;24;24109;Nontron;3923;unités urbaines de moins de 20 000 habitants et zones rurales;1;50;802;8%;De 20 à 30 000 entrées;catégorie E;JP;commune-centre;260;189;4;52,6;28,4;12,7;6,3;141;40,9
400;6 730;8 831;VILLE DE NOTRE DAME DES MONTS;12,3;46.829294;-2.137105;293531;PAYS DE LA LOIRE;85164;2029;85;85301;Saint-Jean-de-Monts;12838;unités urbaines de moins de 20 000 habitants et zones rurales;1;35;342;-23,80%;De 5 à 10 000 entrées;non classé;;banlieue;117;107;8;41,6;49,5;8,9;0;23;6,4
429;57 119;59 925;PARIS;37,8;43.192296;-0.613402;297122;NOUVELLE AQUITAINE;64422;10818;64;64303;Oloron-Sainte-Marie;17065;unités urbaines de moins de 20 000 habitants et zones rurales;3;53;3 595;-4,70%;De 50 à 80 000 entrées;non classé;;commune-centre;285;202;69;48,1;35,8;13,7;2,4;183;29,6
299;55 163;56 166;;40,6;43.487215;-0.777436;299685;NOUVELLE AQUITAINE;64430;10672;64;64301;Orthez;12917;unités urbaines de moins de 20 000 habitants et zones rurales;2;51;2 000;-1,80%;De 50 à 80 000 entrées;catégorie E;RDJPPR;commune-centre;280;197;28;47,5;37,1;13,3;2,1;177;31,5
275;40 386;46 670;LES TOILES DU REX;6,1;43.116608;1.612993;302933;OCCITANIE;9225;15317;9;9401;Pamiers;26453;unités urbaines de 20 000 à 100 000 habitants;2;53;1 845;-13,50%;De 40 à 50 000 entrées;non classé;;commune-centre;126;102;51;39,4;50,6;9,4;0,6;26;8,9
356;36 198;33 713;ASSOCIATION DE GESTION DU CINEMA LE FOYER;33;46.644644;-0.244668;304442;NOUVELLE AQUITAINE;79202;10381;79;79303;Parthenay;18221;unités urbaines de moins de 20 000 habitants et zones rurales;2;53;1 486;7%;De 30 à 40 000 entrées;catégorie E;JP;commune-centre;254;184;46;63,6;24,1;11,4;0,9;133;34,2
412;108 622;107 016;ASSOCIATION CINE MA PASSION;88;43.301543;-0.372504;305014;NOUVELLE AQUITAINE;64445;77215;64;64601;Pau;197713;unités urbaines de 100 000 habitants et plus;2;53;3 623;2%;De 100 à 150 000 entrées;catégorie B;RDJPPR;commune-centre;306;176;106;58,9;12,4;16,4;12,2;278;95
1148;72 685;64 978;CGR;43,5;43.295774;-0.370121;305031;NOUVELLE AQUITAINE;64445;77215;64;64601;Pau;197713;unités urbaines de 100 000 habitants et plus;7;53;11 601;12%;De 50 à 80 000 entrées;non classé;;commune-centre;207;179;156;37,4;39;21,5;2,1;105;36,1
2570;390 166;412 450;CGR;8,8;43.302981;-0.369831;305041;NOUVELLE AQUITAINE;64445;77215;64;64601;Pau;197713;unités urbaines de 100 000 habitants et plus;12;53;24 429;-5,40%;De 300 à 450 000 entrées;non classé;;commune-centre;234;189;186;35;52,3;12,3;0,4;28;6,7
283;14 893;14 025;VILLE DE PAUILLAC;39,6;45.201428;-0.746674;305101;NOUVELLE AQUITAINE;33314;4861;33;33201;Pauillac;4861;unités urbaines de moins de 20 000 habitants et zones rurales;1;51;621;6%;De 10 à 20 000 entrées;catégorie E;JP;commune isolée;221;167;7;61;23,1;10,6;5,3;110;40,1
1864;351 396;372 123;CGR;24,5;45.182579;0.718006;307135;NOUVELLE AQUITAINE;24322;29829;24;24501;Périgueux;74257;unités urbaines de 20 000 à 100 000 habitants;10;53;20 299;-5,60%;De 300 à 450 000 entrées;catégorie D;RDJPPR;commune-centre;491;344;182;43,6;42,9;11,8;1,7;299;19,8
767;207 732;214 806;VILLE DE PESSAC;74,3;44.80514;-0.632009;308361;NOUVELLE AQUITAINE;33318;61332;33;33701;Bordeaux;904359;unités urbaines de 100 000 habitants et plus;5;53;7 023;-3,30%;De 200 à 300 000 entrées;catégorie C;RDJPPR;banlieue;378;171;88;54,3;22,6;15,7;7,3;303;71,1
200;3 019;2 278;BANDE ORIGINALE;37,7;45.813639;1.772698;309331;NOUVELLE AQUITAINE;87117;952;87;0;Zone rurale;14541106;unités urbaines de 100 000 habitants et plus;1;51;204;33%;De 2 à 5 000 entrées;non classé;;territoire rural;174;144;0;46,4;36,1;16,6;0,9;75;31,6
199;26 549;24 278;CIN ORTHE;29,5;43.545174;-1.102823;309443;NOUVELLE AQUITAINE;40224;3616;40;40204;Peyrehorade;7357;unités urbaines de moins de 20 000 habitants et zones rurales;1;53;837;9%;De 20 à 30 000 entrées;catégorie E;JP;commune-centre;275;216;3;48,3;40,2;10,5;1,1;129;20,5
1084;277 180;290 377;MEGARAMA;4,8;44.952219;-0.629792;310180;NOUVELLE AQUITAINE;33322;6442;33;33701;Bordeaux;904359;unités urbaines de 100 000 habitants et plus;6;53;10 372;-4,50%;De 200 à 300 000 entrées;non classé;;banlieue;122;103;97;28,5;60,8;10,8;0;7;2,4
181;8 622;8 616;ASSOCIATION CINE EUROPE;52,5;43.604768;0.0448;312973;OCCITANIE;32319;1487;32;0;Zone rurale;14541106;unités urbaines de 100 000 habitants et plus;1;52;375;0%;De 5 à 10 000 entrées;catégorie E;PR;territoire rural;280;218;16;57,8;25,1;15,3;1,9;155;53,4
537;115 424;146 101;ECRAN 7;15;43.56314;1.291519;312981;OCCITANIE;31424;17896;31;31701;Toulouse;948433;unités urbaines de 100 000 habitants et plus;3;46;4 132;-21,00%;De 100 à 150 000 entrées;non classé;;banlieue;213;188;68;40;45,3;14;0,6;86;7,4
459;81 167;76 453;VILLE DE POITIERS;94,7;46.580669;0.339687;317345;NOUVELLE AQUITAINE;86194;87918;86;86601;Poitiers;130502;unités urbaines de 100 000 habitants et plus;3;51;5 019;6%;De 80 à 100 000 entrées;catégorie B;RDJPPR;commune-centre;260;157;99;63,9;10,7;14,6;10,7;238;97,9
141;29 046;25 425;KRIEF GROUP;85,4;46.589505;0.346095;317384;NOUVELLE AQUITAINE;86194;87918;86;86601;Poitiers;130502;unités urbaines de 100 000 habitants et plus;1;53;1 468;14%;De 20 à 30 000 entrées;catégorie B;RDJPPR;commune-centre;170;74;27;45,4;25;10,2;19,4;140;86,9
719;91 368;93 883;CGR;27,7;46.580197;0.338977;317394;NOUVELLE AQUITAINE;86194;87918;86;86601;Poitiers;130502;unités urbaines de 100 000 habitants et plus;5;53;7 625;-2,70%;De 80 à 100 000 entrées;non classé;;commune-centre;165;121;109;32;45,1;21;1,9;64;22,7
234;10 293;10 515;VILLE DE PONS;38,6;45.580586;-0.546711;318483;NOUVELLE AQUITAINE;17283;4121;17;17116;Pons;4121;unités urbaines de moins de 20 000 habitants et zones rurales;2;51;1 333;-2,10%;De 10 à 20 000 entrées;catégorie E;;commune isolée;253;211;5;59,7;25,3;11;4;116;37,4
220;10 697;10 973;VILLE DE PONTONX SUR ADOUR;20,1;43.787182;-0.923978;320561;NOUVELLE AQUITAINE;40230;2739;40;0;Zone rurale;14541106;unités urbaines de 100 000 habitants et plus;1;53;546;-2,50%;De 10 à 20 000 entrées;catégorie E;;territoire rural;193;167;86;51,9;37,6;10;0,5;61;18,6
150;12 641;8 465;ARTS ET TECHNIQUES;29,8;44.8722;-1.092786;321121;NOUVELLE AQUITAINE;33333;2875;33;0;Zone rurale;14541106;unités urbaines de 100 000 habitants et plus;1;53;349;49%;De 10 à 20 000 entrées;catégorie E;JP;territoire rural;167;153;23;51,7;36,5;11,3;0,5;68;22,7
0;8 216;8 228;;41,6;43.608168;-0.998487;322592;NOUVELLE AQUITAINE;40233;3042;40;40202;Pouillon;5571;unités urbaines de moins de 20 000 habitants et zones rurales;1;44;279;-0,10%;De 5 à 10 000 entrées;catégorie E;;commune-centre;157;116;0;68,2;23,8;7,5;0,5;80;45,6
154;22 506;24 311;COMMUNAUTE DE COMMUNES DU PAYS DE POUZAUGES;24,8;46.773329;-0.84843;323493;PAYS DE LA LOIRE;85182;5525;85;85201;Pouzauges;5525;unités urbaines de moins de 20 000 habitants et zones rurales;1;51;1 053;-7,40%;De 20 à 30 000 entrées;catégorie E;;commune isolée;199;167;36;59,3;30,9;9,7;0,1;66;15,6
250;14 157;13 977;CINE 46;60,4;44.503225;1.187579;324302;OCCITANIE;46225;2452;46;46102;Prayssac;3372;unités urbaines de moins de 20 000 habitants et zones rurales;1;49;313;1%;De 10 à 20 000 entrées;catégorie E;;commune-centre;168;138;0;63,1;15,6;18;3,3;106;54,2
99;12 279;12 049;VILLE DE RABASTENS;60,9;43.822342;1.724822;330574;OCCITANIE;81220;5448;81;81203;Rabastens;8235;unités urbaines de moins de 20 000 habitants et zones rurales;1;49;601;2%;De 10 à 20 000 entrées;catégorie E;JP;commune-centre;210;171;1;46,5;28,7;20,8;4;136;64,7
201;33 900;34 465;VILLE DE RAMONVILLE SAINT AGNE;65,6;43.545097;1.484818;331401;OCCITANIE;31446;13829;31;31701;Toulouse;948433;unités urbaines de 100 000 habitants et plus;1;53;1 042;-1,60%;De 30 à 40 000 entrées;catégorie C;JPPR;banlieue;313;211;5;59,4;19,6;15,6;5,3;229;68,6
249;17 420;16 473;VILLE DE LA REOLE;42,3;44.582404;-0.036426;335303;NOUVELLE AQUITAINE;33352;4173;33;33206;La Réole;6644;unités urbaines de moins de 20 000 habitants et zones rurales;1;53;925;6%;De 10 à 20 000 entrées;catégorie E;RDJPPR;commune-centre;293;227;4;52,8;31,1;12,9;3,3;151;37,3
88;6 491;5 165;VILLE DE REQUISTA;32,5;44.032421;2.535913;335473;OCCITANIE;12197;2005;12;0;Zone rurale;14541106;unités urbaines de 100 000 habitants et plus;1;53;431;26%;De 5 à 10 000 entrées;non classé;;territoire rural;115;92;0;73,8;19,8;4,9;1,4;47;29,3
193;37 186;34 586;VEO CINEMAS;25;43.457554;2.006074;336023;OCCITANIE;31451;9546;31;31209;Revel;9546;unités urbaines de moins de 20 000 habitants et zones rurales;1;53;956;8%;De 30 à 40 000 entrées;catégorie E;JP;commune isolée;191;141;37;58,9;30,3;8,6;2,2;87;22,1
314;25 128;23 278;VILLE DE RIBERAC;46,5;45.244774;0.339095;336801;NOUVELLE AQUITAINE;24352;3932;24;24202;Ribérac;5555;unités urbaines de moins de 20 000 habitants et zones rurales;1;53;897;8%;De 20 à 30 000 entrées;catégorie E;RDJPPR;commune-centre;309;209;10;52,1;31,9;12,8;3,2;178;37,8
239;10 576;9 138;COMMUNAUTE DE COMMUNES AVEYRON SEGALA VIAUR;68,8;44.3078;2.237623;337353;OCCITANIE;12198;1990;12;0;Zone rurale;14541106;unités urbaines de 100 000 habitants et plus;1;53;353;16%;De 10 à 20 000 entrées;catégorie E;;territoire rural;273;228;0;63,5;13,6;11,1;11,8;198;71,3
64;4 978;5 051;CHORALE ANTOINE RIQUOIR;22,9;43.913839;-0.91372;338172;NOUVELLE AQUITAINE;40243;2937;40;0;Zone rurale;14541106;unités urbaines de 100 000 habitants et plus;1;53;485;-1,40%;De 2 à 5 000 entrées;catégorie E;;territoire rural;209;175;51;56,9;32;10;1,1;67;18,3
161;12 881;11 466;VILLE DE LA ROCHE CHALAIS;34,5;45.148742;0.014338;339491;NOUVELLE AQUITAINE;24354;2970;24;170;La Roche-Chalais - Saint-Aigulin;4865;unités urbaines de moins de 20 000 habitants et zones rurales;1;53;667;12%;De 10 à 20 000 entrées;catégorie E;;commune-centre;229;187;2;55,9;28,3;11,6;4,1;94;25,7
1310;254 498;261 362;;20,2;45.93763;-0.966174;339664;NOUVELLE AQUITAINE;17299;24045;17;17403;Rochefort;38325;unités urbaines de 20 000 à 100 000 habitants;8;53;12 421;-2,60%;De 200 à 300 000 entrées;catégorie D;;commune-centre;288;235;158;41,7;46,2;11,4;0,7;127;13,4
130;8 963;8 036;VILLE DE LA ROCHEFOUCAULD;44,1;45.740934;0.383249;339713;NOUVELLE AQUITAINE;16281;2954;16;16104;La Rochefoucauld;2954;unités urbaines de moins de 20 000 habitants et zones rurales;1;52;426;12%;De 5 à 10 000 entrées;catégorie E;;commune isolée;200;168;1;58,7;20,1;19,8;1,4;97;41,7
777;29 917;24 019;CGR;96,6;46.162612;-1.152316;339851;NOUVELLE AQUITAINE;17300;75404;17;17601;La Rochelle;128466;unités urbaines de 100 000 habitants et plus;3;53;2 472;25%;De 20 à 30 000 entrées;catégorie B;;commune-centre;147;119;72;56,1;10,7;23,9;9,4;138;97
1280;49 568;53 500;COMMUNAUTE D'AGGLOMERATION DE LA ROCHELLE;90,1;46.156657;-1.154697;339852;NOUVELLE AQUITAINE;17300;75404;17;17601;La Rochelle;128466;unités urbaines de 100 000 habitants et plus;2;46;1 420;-7,30%;De 40 à 50 000 entrées;catégorie B;RDJPPR;commune-centre;106;66;54;66,9;5;11,2;16,9;105;100
1024;158 342;163 469;CGR;55,4;46.157744;-1.153595;339871;NOUVELLE AQUITAINE;17300;75404;17;17601;La Rochelle;128466;unités urbaines de 100 000 habitants et plus;6;53;10 891;-3,10%;De 150 à 200 000 entrées;non classé;;commune-centre;211;169;157;58,5;23,3;15,5;2,7;122;53,7
2421;638 115;658 882;CGR;6,6;46.147254;-1.153689;339911;NOUVELLE AQUITAINE;17300;75404;17;17601;La Rochelle;128466;unités urbaines de 100 000 habitants et plus;12;53;24 794;-3,20%;De 450 à 700 000 entrées;non classé;;commune-centre;236;200;189;35;52,4;12,1;0,5;30;3,8
233;7 370;6 134;VILLE DE LA ROCHE POSAY;49,9;46.785295;0.811448;340043;NOUVELLE AQUITAINE;86207;1551;86;0;Zone rurale;14541106;unités urbaines de 100 000 habitants et plus;1;49;505;20%;De 5 à 10 000 entrées;catégorie E;;territoire rural;216;172;0;59,9;14,7;15,2;10,2;121;51,3
50;13 777;13 431;ASSOCIATION CONTACT RURAL CINEMA ARGENCE TARDOIRE BONNIEURE;40,5;45.815626;0.307695;340411;NOUVELLE AQUITAINE;16282;530;16;0;Zone rurale;14541106;unités urbaines de 100 000 habitants et plus;1;51;338;3%;De 10 à 20 000 entrées;catégorie E;JP;territoire rural;140;87;0;71,3;12,3;15,8;0,7;68;43,4
1603;292 214;318 409;CGR;21,6;44.34873;2.57572;340874;OCCITANIE;12202;23949;12;12402;Rodez;50571;unités urbaines de 20 000 à 100 000 habitants;10;53;20 691;-8,20%;De 200 à 300 000 entrées;catégorie D;RDPR;commune-centre;372;283;215;48,3;39,7;10,9;1;181;13,8
230;1 667;1 899;VILLE DE ROQUES;46,4;43.510867;1.379784;343010;OCCITANIE;31458;4469;31;31701;Toulouse;948433;unités urbaines de 100 000 habitants et plus;1;12;28;-12,20%;Moins de 2000 entrées;non classé;;banlieue;13;4;0;40,2;40,9;18,9;0;11;97,5
1100;167 801;75 775;CINEMA & LOISIRS;11;45.62416;-1.025656;346502;NOUVELLE AQUITAINE;17306;18393;17;17402;Royan;35729;unités urbaines de 20 000 à 100 000 habitants;6;53;6 910;121%;De 150 à 200 000 entrées;non classé;;commune-centre;186;157;117;47,6;43,1;9,3;0;39;7,4
388;19 449;59 998;SOCIETE D'EXPLOITATION CINEMATOGRAPHIQUE ROYANNAISE SEX CIROY;12,6;45.624116;-1.026288;346514;NOUVELLE AQUITAINE;17306;18393;17;17402;Royan;35729;unités urbaines de 20 000 à 100 000 habitants;2;17;802;-67,60%;De 10 à 20 000 entrées;non classé;;commune-centre;52;38;12;47,7;37,8;14,5;0;14;13,7
271;16 140;16 670;ASSOCIATION D'EDUCATION POPULAIRE DE RUFFEC;34,3;46.027187;0.203603;347302;NOUVELLE AQUITAINE;16292;3477;16;16106;Ruffec;3947;unités urbaines de moins de 20 000 habitants et zones rurales;2;50;836;-3,20%;De 10 à 20 000 entrées;catégorie E;JP;commune-centre;226;186;10;59,1;26,6;13,6;0,6;106;30,1
798;200 233;207 133;LE PALACE DES SABLES D'OLONNE;21,2;46.501653;-1.786349;348296;PAYS DE LA LOIRE;85194;13940;85;85403;Les Sables-d'Olonne;42649;unités urbaines de 20 000 à 100 000 habitants;5;53;5 914;-3,30%;De 200 à 300 000 entrées;non classé;;commune-centre;227;166;123;47,3;43,2;9,2;0,4;79;13,9
103;4 480;4 847;VILLE DE SABRES;40,9;44.152438;-0.737033;348442;NOUVELLE AQUITAINE;40246;1196;40;0;Zone rurale;14541106;unités urbaines de 100 000 habitants et plus;1;50;359;-7,60%;De 2 à 5 000 entrées;catégorie E;JP;territoire rural;167;144;5;57,5;30;10,8;1,7;79;46,1
520;42 135;40 257;GALLIA THEATRE;88,8;45.747157;-0.634183;349492;NOUVELLE AQUITAINE;17415;25288;17;17401;Saintes;29362;unités urbaines de 20 000 à 100 000 habitants;2;48;1 620;5%;De 40 à 50 000 entrées;catégorie D;RDJPPR;commune-centre;200;127;42;59;9,8;21,4;9,8;178;90,2
1254;381 360;415 633;BROCELIANDE;10,5;45.74154;-0.691811;349524;NOUVELLE AQUITAINE;17415;25288;17;17401;Saintes;29362;unités urbaines de 20 000 à 100 000 habitants;8;53;10 805;-8,20%;De 300 à 450 000 entrées;non classé;;commune-centre;227;191;179;40,9;48,7;10,4;0;35;5,6
138;19 101;18 715;VILLE DE SALIES DE BEARN;48,2;43.471607;-0.927756;350169;NOUVELLE AQUITAINE;64499;4741;64;64107;Salies-de-Béarn;4741;unités urbaines de moins de 20 000 habitants et zones rurales;1;52;1 145;2%;De 10 à 20 000 entrées;catégorie E;RDJPPR;commune isolée;259;183;23;54;27,5;14,5;4;161;42,3
162;14 976;15 355;COMMUNAUTE DE COMMUNES DU VAL DE L'EYRE;35,5;44.550748;-0.869882;350641;NOUVELLE AQUITAINE;33498;6785;33;33204;Salles;6785;unités urbaines de moins de 20 000 habitants et zones rurales;1;53;442;-2,50%;De 10 à 20 000 entrées;catégorie E;;commune isolée;234;196;29;46,6;37,9;13;2,6;117;24,6
187;11 721;12 277;VILLE DE SAMATAN;39,3;43.490681;0.929457;351333;OCCITANIE;32410;2377;32;0;Zone rurale;14541106;unités urbaines de 100 000 habitants et plus;1;53;443;-4,50%;De 10 à 20 000 entrées;catégorie E;JP;territoire rural;302;240;35;55,1;28,8;12,6;3,5;144;43,2
979;142 245;143 041;AMB 3V;29,7;44.885645;1.216981;352923;NOUVELLE AQUITAINE;24520;9030;24;24205;Sarlat-la-Canéda;9030;unités urbaines de moins de 20 000 habitants et zones rurales;6;53;8 681;-0,60%;De 100 à 150 000 entrées;catégorie E;RDJPPR;commune isolée;439;282;166;46;40,3;11,3;2,5;237;20,2
189;6 881;6 673;VILLE DE SAVERDUN;45,9;43.236313;1.574721;355993;OCCITANIE;9282;4734;9;9105;Saverdun;4734;unités urbaines de moins de 20 000 habitants et zones rurales;1;49;292;3%;De 5 à 10 000 entrées;non classé;;commune isolée;215;175;0;46,3;40,4;11,4;1,9;118;39,3
390;40 162;40 008;SARL LE CLUB (PFISTER);28,4;43.664191;-1.395;365721;NOUVELLE AQUITAINE;40304;3823;40;40301;Capbreton;12599;unités urbaines de moins de 20 000 habitants et zones rurales;1;53;1 009;0%;De 40 à 50 000 entrées;catégorie E;;banlieue;242;213;99;54,2;33,1;10,7;1,9;102;24,9
344;11 968;13 115;CINEODE;26,2;44.897861;1.477417;366992;OCCITANIE;46309;3353;46;46107;Souillac;4141;unités urbaines de moins de 20 000 habitants et zones rurales;2;53;1 277;-8,70%;De 10 à 20 000 entrées;catégorie E;;commune-centre;251;201;11;57,4;32,3;9,2;1,1;122;24,2
287;24 258;27 152;VILLE DE SOULAC SUR MER;35,9;45.51424;-1.123506;367052;NOUVELLE AQUITAINE;33514;2621;33;33104;Soulac-sur-Mer;2621;unités urbaines de moins de 20 000 habitants et zones rurales;1;53;593;-10,70%;De 20 à 30 000 entrées;catégorie E;;commune isolée;252;217;47;48,1;39,7;11,2;1;133;23,5
206;19 381;19 816;SARL LE CLUB (PFISTER);41,4;43.753649;-1.327299;367871;NOUVELLE AQUITAINE;40310;7664;40;40205;Soustons;7664;unités urbaines de moins de 20 000 habitants et zones rurales;1;53;1 177;-2,20%;De 10 à 20 000 entrées;catégorie E;JP;commune isolée;286;213;33;48,1;35,6;12,3;4,1;159;27,3
190;13 655;13 871;MAISON DES JEUNES ET DE LA CULTURE DE LA VILLE DE LA SOUTERRAINE;35,2;46.236572;1.486137;367911;NOUVELLE AQUITAINE;23176;5315;23;23201;La Souterraine;5315;unités urbaines de moins de 20 000 habitants et zones rurales;1;52;721;-1,60%;De 10 à 20 000 entrées;catégorie E;JPPR;commune isolée;238;190;1;56,6;26;9,2;8,2;108;34,1
210;27 455;28 050;ESPACE CULTUREL LE PALACE;37,6;46.108206;-0.750249;370483;NOUVELLE AQUITAINE;17434;6750;17;17203;Surgères;6750;unités urbaines de moins de 20 000 habitants et zones rurales;1;53;1 205;-2,10%;De 20 à 30 000 entrées;catégorie E;JP;commune isolée;291;245;37;56,6;28,6;12,1;2,7;138;28,5
243;31 723;35 420;ECRANS SPECTACLES SUD AVEYRON;29,9;43.955721;2.884014;371131;OCCITANIE;12208;8236;12;12202;Saint-Affrique;9417;unités urbaines de moins de 20 000 habitants et zones rurales;2;53;1 705;-10,40%;De 30 à 40 000 entrées;catégorie E;JP;commune-centre;223;193;38;55;33,5;10,3;1,3;101;22,3
236;13 824;15 945;VILLE DE SAINT ANDRE DE CUBZAC;39,4;44.991993;-0.446968;372921;NOUVELLE AQUITAINE;33366;10791;33;33306;Saint-André-de-Cubzac;22342;unités urbaines de 20 000 à 100 000 habitants;1;52;507;-13,30%;De 10 à 20 000 entrées;catégorie E;JP;commune-centre;245;203;21;60,4;23,9;11,5;4,1;129;41,4
108;10 873;10 343;SEVEGNES LILIANE;64,5;44.150668;1.754536;373722;OCCITANIE;82155;1866;82;0;Zone rurale;14541106;unités urbaines de 100 000 habitants et plus;1;53;558;5%;De 10 à 20 000 entrées;catégorie E;;territoire rural;103;84;2;40,4;16,9;39;3,7;73;57,9
341;20 815;20 445;VILLE DE SAINT ASTIER;43,7;45.145584;0.526425;374082;NOUVELLE AQUITAINE;24372;5530;24;24203;Saint-Astier;6790;unités urbaines de moins de 20 000 habitants et zones rurales;1;53;925;2%;De 20 à 30 000 entrées;catégorie E;JP;commune-centre;206;154;6;55,3;28,8;10,2;5,7;111;37,4
186;5 292;4 906;VILLE DE SAINT AULAYE;28,4;45.201563;0.134975;375012;NOUVELLE AQUITAINE;24376;1448;24;0;Zone rurale;14541106;unités urbaines de 100 000 habitants et plus;1;53;387;8%;De 5 à 10 000 entrées;non classé;;territoire rural;150;124;0;51,4;31;13;4,6;51;25,1
284;12 038;12 884;MAISON DES JEUNES ET DE LA CULTURE DE SAINT CERE;35;44.85779;1.896668;377892;OCCITANIE;46251;3476;46;46106;Saint-Céré;4572;unités urbaines de moins de 20 000 habitants et zones rurales;1;52;663;-6,60%;De 10 à 20 000 entrées;catégorie E;;commune-centre;200;153;0;51,8;35,1;10,9;2,2;96;28,1
225;5 236;5 658;VILLE DE SAINT CIERS SUR GIRONDE;31,6;45.290626;-0.610204;379013;NOUVELLE AQUITAINE;33389;3039;33;33107;Saint-Ciers-sur-Gironde;3039;unités urbaines de moins de 20 000 habitants et zones rurales;1;52;487;-7,50%;De 5 à 10 000 entrées;catégorie E;;commune isolée;211;187;3;53,6;27,2;9,8;9,3;82;21,2
1251;312 187;288 826;STE EXPLOITATION GRAND ECRAN (Fridemann);7,3;44.906415;-0.484312;384532;NOUVELLE AQUITAINE;33397;4576;33;33701;Bordeaux;904359;unités urbaines de 100 000 habitants et plus;7;53;12 442;8%;De 300 à 450 000 entrées;non classé;;banlieue;193;148;141;35,9;53,7;10;0,3;37;3,7
427;25 188;24 890;VILLE DE SAINTE FOY LA GRANDE;35,1;44.842499;0.219805;385793;NOUVELLE AQUITAINE;33402;2414;33;553;Bergerac;64508;unités urbaines de 20 000 à 100 000 habitants;1;52;892;1%;De 20 à 30 000 entrées;catégorie D;;banlieue;281;224;24;52,3;30,3;14,3;3;128;31
1020;193 146;195 760;SOCIETE LANDAISE D'ENTREPRISES CINEMATOGRAPHIQUE;31,8;43.108339;0.718892;386264;OCCITANIE;31483;11327;31;31302;Saint-Gaudens;15830;unités urbaines de moins de 20 000 habitants et zones rurales;7;53;11 760;-1,30%;De 150 à 200 000 entrées;catégorie E;RDJPPR;commune-centre;480;351;228;44,6;42,5;11,4;1,6;278;18
127;8 611;8 447;FOYER RURAL DE SAINT GENIES BELLEVUE;39,7;43.682793;1.486048;386961;OCCITANIE;31484;2342;31;31701;Toulouse;948433;unités urbaines de 100 000 habitants et plus;1;49;421;2%;De 5 à 10 000 entrées;catégorie C;;banlieue;270;227;8;61,6;21,2;14,5;2,7;137;32,7
204;4 590;3 563;VILLE DE SAINT GENIEZ D'OLT;32,1;44.465282;2.972204;387041;OCCITANIE;12224;2200;12;0;Zone rurale;14541106;unités urbaines de 100 000 habitants et plus;1;51;156;29%;De 2 à 5 000 entrées;non classé;;territoire rural;125;104;1;66;25,8;7,9;0,4;47;25,1
282;5 984;5 235;VILLE DE SAINT GENIS DE SAINTONGE;24,6;45.485115;-0.566824;387092;NOUVELLE AQUITAINE;17331;1240;17;0;Zone rurale;14541106;unités urbaines de 100 000 habitants et plus;1;52;236;14%;De 5 à 10 000 entrées;non classé;;territoire rural;164;136;2;55;27,1;16,2;1,6;50;23,1
192;32 718;34 069;VILLE DE SAINT GEORGES DE DIDONNE;71,7;45.59922;-0.993953;387501;NOUVELLE AQUITAINE;17333;5268;17;17402;Royan;35729;unités urbaines de 20 000 à 100 000 habitants;1;51;986;-4,00%;De 30 à 40 000 entrées;catégorie D;RDJPPR;banlieue;236;160;35;59,4;16,6;16,7;7,2;182;77,5
763;187 018;198 095;ACC CINEMARINE;15,9;46.699163;-1.927816;390024;PAYS DE LA LOIRE;85222;7540;85;85401;Saint-Hilaire-de-Riez;25377;unités urbaines de 20 000 à 100 000 habitants;4;53;4 109;-5,60%;De 150 à 200 000 entrées;catégorie D;;commune-centre;199;168;87;52,2;37,9;9,5;0,4;87;11
298;18 908;19 750;VILLE DE SAINT GIRONS;35,1;42.983492;1.146819;390184;OCCITANIE;9261;6324;9;9203;Saint-Girons;9722;unités urbaines de moins de 20 000 habitants et zones rurales;1;52;427;-4,30%;De 10 à 20 000 entrées;catégorie E;;commune-centre;164;127;0;52,6;28,4;13,7;5,3;77;35,8
0;6 568;2 195;;30;49.7511844;0.40355909999993855;390680;NOUVELLE AQUITAINE;33417;2732;33;0;Zone rurale;14541106;unités urbaines de 100 000 habitants et plus;1;50;407;199%;De 5 à 10 000 entrées;non classé;;territoire rural;182;147;3;54,7;26,1;17,3;1,9;67;34,9
162;6 930;6 725;AEP HERMINE VENDEENNE;34,3;46.556503;-1.061779;390821;PAYS DE LA LOIRE;85223;2884;85;0;Zone rurale;14541106;unités urbaines de 100 000 habitants et plus;1;47;242;3%;De 5 à 10 000 entrées;catégorie E;JP;territoire rural;107;90;0;72,7;16;11,2;0,1;40;59,4
251;9 046;8 370;AEP LE REVEIL DU MARAIS;43,8;46.269476;-0.715321;391451;NOUVELLE AQUITAINE;79257;1575;79;0;Zone rurale;14541106;unités urbaines de 100 000 habitants et plus;1;52;347;8%;De 5 à 10 000 entrées;catégorie E;;territoire rural;121;100;1;69,2;18,9;10,1;1,9;66;37,9
174;20 137;18 996;VEO CINEMAS;40;45.94953;-0.518149;392671;NOUVELLE AQUITAINE;17347;7106;17;17207;Saint-Jean-d'Angély;8393;unités urbaines de moins de 20 000 habitants et zones rurales;1;53;808;6%;De 20 à 30 000 entrées;catégorie E;JPPR;commune-centre;251;175;7;59,4;25,2;10,9;4,4;146;42,8
775;234 834;233 463;LES ECRANS LUZIENS;40,4;43.388314;-1.659851;393253;NOUVELLE AQUITAINE;64483;14133;64;751;Bayonne (partie française);236730;unités urbaines de 100 000 habitants et plus;5;53;7 313;1%;De 200 à 300 000 entrées;catégorie C;RDJPPR;banlieue;394;307;246;49,2;34,1;14,2;2,5;202;31,3
298;25 053;23 016;AEP COUSINS DE MONTS;26,9;46.793577;-2.061566;393312;PAYS DE LA LOIRE;85234;8621;85;85301;Saint-Jean-de-Monts;12838;unités urbaines de moins de 20 000 habitants et zones rurales;1;53;747;9%;De 20 à 30 000 entrées;catégorie E;;commune-centre;233;186;9;52,8;35,6;9,2;2,4;104;25,2
300;17 394;18 684;GARAZIKUS;45,2;43.16402;-1.237591;394201;NOUVELLE AQUITAINE;64485;1580;64;64106;Saint-Jean-Pied-de-Port;4416;unités urbaines de moins de 20 000 habitants et zones rurales;1;53;630;-6,90%;De 10 à 20 000 entrées;catégorie E;JP;commune-centre;275;212;6;56,3;22,3;16,3;5,1;138;41,9
290;18 661;18 042;ASSOCIATION A CONTIS;59,9;44.079661;-1.257781;395463;NOUVELLE AQUITAINE;40266;1589;40;0;Zone rurale;14541106;unités urbaines de 100 000 habitants et plus;1;51;1 031;3%;De 10 à 20 000 entrées;catégorie E;RDJPPR;territoire rural;268;229;70;47,7;29;20,3;3,1;171;48,3
328;41 676;38 539;COMMUNAUTE DE COMMUNES DE VIENNE-GLANE;34,2;45.887637;0.903224;395872;NOUVELLE AQUITAINE;87154;11156;87;87301;Saint-Junien;11156;unités urbaines de moins de 20 000 habitants et zones rurales;2;53;1 710;8%;De 40 à 50 000 entrées;catégorie E;JP;commune isolée;295;216;41;50,7;37,8;9,3;2,2;182;23,7
336;14 845;13 738;VILLE DE SAINT LARY SOULAN;3,9;42.815993;0.320259;396502;OCCITANIE;65388;854;65;0;Zone rurale;14541106;unités urbaines de 100 000 habitants et plus;2;49;719;8%;De 10 à 20 000 entrées;non classé;;territoire rural;77;66;17;65,1;28,3;6,2;0,4;7;1,9
326;2 467;3 583;VILLE DE SAINT LAURENT DE NESTE;45,4;43.08008;0.480895;396961;OCCITANIE;65389;921;65;0;Zone rurale;14541106;unités urbaines de 100 000 habitants et plus;1;51;108;-31,10%;De 2 à 5 000 entrées;non classé;;territoire rural;102;91;27;63,2;26,9;8;1,9;49;33
192;9 082;9 178;VILLE DE SAINT LEONARD DE NOBLAT;43,3;45.838161;1.487619;398251;NOUVELLE AQUITAINE;87161;4633;87;87106;Saint-Léonard-de-Noblat;4633;unités urbaines de moins de 20 000 habitants et zones rurales;1;53;374;-1,00%;De 5 à 10 000 entrées;catégorie E;JP;commune isolée;175;135;0;59,4;30;7,9;2,7;90;43,7
50;7 951;7 779;ASSOCIATION ART CINE (TIERS FERME);71,4;44.397257;0.588996;398525;NOUVELLE AQUITAINE;47252;6298;47;47401;Villeneuve-sur-Lot;48824;unités urbaines de 20 000 à 100 000 habitants;1;51;695;2%;De 5 à 10 000 entrées;catégorie E;RDJPPR;banlieue;233;153;0;53,9;13;21,6;11,6;192;75,8
119;17 414;18 219;ASSOCIATION ART CINE (TIERS FERME);43,9;44.398567;0.590542;398526;NOUVELLE AQUITAINE;47252;6298;47;47401;Villeneuve-sur-Lot;48824;unités urbaines de 20 000 à 100 000 habitants;1;51;750;-4,40%;De 10 à 20 000 entrées;catégorie D;JP;banlieue;187;119;2;66,8;18,2;8,6;6,3;104;60,1
1072;81 311;85 327;VILLE DE SAINT MEDARD EN JALLES;31,9;44.893791;-0.715027;405772;NOUVELLE AQUITAINE;33449;30547;33;33701;Bordeaux;904359;unités urbaines de 100 000 habitants et plus;3;53;2 994;-4,70%;De 80 à 100 000 entrées;catégorie C;JP;banlieue;316;230;90;47,1;39,8;11,3;1,7;184;20,1
0;6 965;6 218;;72,1;44.203862;1.018776;407140;OCCITANIE;82168;363;82;0;Zone rurale;14541106;unités urbaines de 100 000 habitants et plus;1;53;283;12%;De 5 à 10 000 entrées;catégorie E;JP;territoire rural;69;29;0;66,4;20,3;10,1;3,2;49;71,8
496;26 020;27 699;ASSOCIATION ARGITZE;39;43.327875;-1.034919;408682;NOUVELLE AQUITAINE;64493;1850;64;64102;Saint-Palais;2969;unités urbaines de moins de 20 000 habitants et zones rurales;2;53;1 425;-6,10%;De 20 à 30 000 entrées;catégorie E;RDJPPR;commune-centre;398;324;44;54,1;28,6;15,3;2;206;30,6
195;7 149;17 062;VILLE DE SAINT PALAIS SUR MER;17,8;45.64428;-1.088823;408744;NOUVELLE AQUITAINE;17380;3875;17;17402;Royan;35729;unités urbaines de 20 000 à 100 000 habitants;1;35;488;-58,10%;De 5 à 10 000 entrées;non classé;;banlieue;107;91;10;53,6;42,4;3,8;0,2;35;16,4
630;88 769;98 065;VILLE DE SAINT PIERRE D'OLERON;46,2;45.943128;-1.308557;411461;NOUVELLE AQUITAINE;17385;6751;17;17204;Saint-Pierre-d'Oléron;6751;unités urbaines de moins de 20 000 habitants et zones rurales;3;53;3 535;-9,50%;De 80 à 100 000 entrées;catégorie E;RDJPPR;commune isolée;345;252;85;54,6;29,2;12,1;4,1;226;34,3
299;76 028;85 349;;3,5;43.885758;-0.521675;411540;NOUVELLE AQUITAINE;40281;9512;40;40401;Mont-de-Marsan;40141;unités urbaines de 20 000 à 100 000 habitants;4;53;6 595;-10,90%;De 50 à 80 000 entrées;non classé;;banlieue;106;91;78;34,7;53,3;11,9;0,1;18;1,9
188;7 202;6 974;ECRAN SAVINOIS;55,2;45.87583;-0.681096;416021;NOUVELLE AQUITAINE;17397;2427;17;0;Zone rurale;14541106;unités urbaines de 100 000 habitants et plus;1;49;377;3%;De 5 à 10 000 entrées;catégorie E;JP;territoire rural;185;143;2;56,1;22;14;7,9;109;52,8
200;12 306;12 833;VILLE DE SAINT SEVER;22,8;43.758985;-0.574071;416622;NOUVELLE AQUITAINE;40282;4884;40;40108;Saint-Sever;4884;unités urbaines de moins de 20 000 habitants et zones rurales;1;53;610;-4,10%;De 10 à 20 000 entrées;catégorie E;;commune isolée;208;182;66;50,9;38,5;10;0,7;70;15,4
167;13 070;18 541;VEO;26,8;43.77186;1.688125;417332;OCCITANIE;81271;8778;81;81204;Saint-Sulpice;8778;unités urbaines de moins de 20 000 habitants et zones rurales;1;40;630;-29,50%;De 10 à 20 000 entrées;catégorie E;JP;commune isolée;134;106;15;47,4;41,5;8,5;2,6;60;25,9
286;20 677;20 803;VILLE DE SAINT VINCENT DE TYROSSE;45,1;43.660752;-1.304343;419912;NOUVELLE AQUITAINE;40284;7661;40;40303;Saint-Vincent-de-Tyrosse;15408;unités urbaines de moins de 20 000 habitants et zones rurales;1;52;690;-0,60%;De 20 à 30 000 entrées;catégorie E;JPPR;commune-centre;260;210;20;54,7;31,2;11,5;2,5;148;41,8
264;27 472;24 899;COMMUNAUTE DE COMMUNES DU PAYS DE SAINT YRIEIX;37,1;45.51138;1.20357;420443;NOUVELLE AQUITAINE;87187;6813;87;87203;Saint-Yrieix-la-Perche;6813;unités urbaines de moins de 20 000 habitants et zones rurales;2;53;1 340;10%;De 20 à 30 000 entrées;catégorie E;JP;commune isolée;272;228;9;58;29,9;9,1;3,1;146;26,3
2315;316 465;377 887;Les cinemas GAUMONT-PATHE;21,7;44.811682;-0.592543;421242;NOUVELLE AQUITAINE;33522;42171;33;33701;Bordeaux;904359;unités urbaines de 100 000 habitants et plus;11;53;21 515;-16,30%;De 300 à 450 000 entrées;non classé;;banlieue;258;172;167;34,8;48,6;16;0,5;99;16,6
328;6 213;5 554;VILLE DE TALMONT SAINT HILAIRE;34;46.465494;-1.62086;421441;PAYS DE LA LOIRE;85288;7363;85;85204;Talmont-Saint-Hilaire;7363;unités urbaines de moins de 20 000 habitants et zones rurales;1;51;476;12%;De 5 à 10 000 entrées;catégorie E;;commune isolée;199;169;3;51;37,7;10,9;0,4;85;26,3
200;10 000;7 944;VILLE DE TARASCON SUR ARIEGE;29,7;42.846422;1.603935;421923;OCCITANIE;9306;3231;9;9201;Tarascon-sur-Ariège;5525;unités urbaines de moins de 20 000 habitants et zones rurales;1;52;435;26%;De 10 à 20 000 entrées;catégorie E;;commune-centre;182;147;0;55,3;27,8;14,6;2,3;79;34,7
2049;377 699;400 076;CGR;10,6;43.240399;0.079601;421997;OCCITANIE;65440;40593;65;65501;Tarbes;75605;unités urbaines de 20 000 à 100 000 habitants;11;53;22 459;-5,60%;De 300 à 450 000 entrées;non classé;;commune-centre;245;208;204;38;50,3;11,3;0,4;35;5,6
2567;269 539;280 266;CGR;9,3;43.536908;-1.461264;422160;NOUVELLE AQUITAINE;40312;12387;40;751;Bayonne (partie française);236730;unités urbaines de 100 000 habitants et plus;12;53;23 181;-3,80%;De 200 à 300 000 entrées;non classé;;banlieue;256;211;204;35,5;52;12;0,5;39;5,8
228;25 076;25 785;VILLE DE TERRASSON LA VILLEDIEU;41,2;45.131093;1.301938;423865;NOUVELLE AQUITAINE;24547;6173;24;265;Terrasson-Lavilledieu;7839;unités urbaines de moins de 20 000 habitants et zones rurales;1;53;1 306;-2,70%;De 20 à 30 000 entrées;non classé;;commune-centre;401;311;8;53,6;29,2;11,8;5,4;234;35,8
1375;274 273;292 268;STE EXPLOITATION GRAND ECRAN (Fridemann);30,3;44.637099;-1.153746;424194;NOUVELLE AQUITAINE;33529;26110;33;33501;La Teste-de-Buch - Arcachon;65500;unités urbaines de 20 000 à 100 000 habitants;10;53;14 850;-6,20%;De 200 à 300 000 entrées;catégorie D;;commune-centre;425;331;203;36,2;50,2;12,6;1;222;13,5
173;17 162;15 627;VILLE DE THIVIERS;48,2;45.413265;0.918749;426463;NOUVELLE AQUITAINE;24551;2893;24;24108;Thiviers;3849;unités urbaines de moins de 20 000 habitants et zones rurales;1;53;743;10%;De 10 à 20 000 entrées;catégorie E;JPPR;commune-centre;274;208;5;56,3;23;14,5;6,3;160;40,8
235;37 594;38 707;SCOP SARL CINE THOUARS (ex ASSOCIATION CINEMA FAMILIA);26,3;46.977963;-0.211033;427363;NOUVELLE AQUITAINE;79329;9225;79;79302;Thouars;14299;unités urbaines de moins de 20 000 habitants et zones rurales;1;53;859;-2,90%;De 30 à 40 000 entrées;catégorie E;;commune-centre;185;144;21;56,8;32,9;9,2;1,2;86;18,6
200;22 136;20 166;ASSOCIATION CINE PASSION EN PERIGORD;41,5;45.252655;0.493333;428711;NOUVELLE AQUITAINE;24553;1667;24;0;Zone rurale;14541106;unités urbaines de 100 000 habitants et plus;1;52;496;10%;De 20 à 30 000 entrées;catégorie E;JP;territoire rural;147;101;5;58;24;12,2;5,7;71;38,8
173;3 703;3 800;CINE REX;45,2;45.966024;-0.705655;428921;NOUVELLE AQUITAINE;17448;1161;17;0;Zone rurale;14541106;unités urbaines de 100 000 habitants et plus;1;52;314;-2,60%;De 2 à 5 000 entrées;catégorie E;;territoire rural;146;117;1;67,2;12,9;13;7;72;45,8
320;34 563;34 330;VILLE DE TONNEINS;42,3;44.391294;0.311793;428942;NOUVELLE AQUITAINE;47310;9014;47;47201;Tonneins;9853;unités urbaines de moins de 20 000 habitants et zones rurales;2;53;1 805;1%;De 30 à 40 000 entrées;catégorie E;RDJPPR;commune-centre;431;327;65;53,7;32,6;10,3;3,4;239;27,6
1554;276 231;319 639;UGC;18,7;43.605557;1.448068;430202;OCCITANIE;31555;471941;31;31701;Toulouse;948433;unités urbaines de 100 000 habitants et plus;9;53;17 578;-13,60%;De 200 à 300 000 entrées;non classé;;commune-centre;219;138;133;29,2;53,6;17,1;0;87;15,7
396;158 031;167 017;ASSOCIATION PROMOTION DU CINEMA ABC;91,9;43.60903;1.443975;430222;OCCITANIE;31555;471941;31;31701;Toulouse;948433;unités urbaines de 100 000 habitants et plus;3;51;5 755;-5,40%;De 150 à 200 000 entrées;catégorie A;RDJPPR;commune-centre;268;137;110;61,4;10,4;15,4;12,8;227;95,2
441;232 923;209 760;UTOPIA LATIN;92,8;43.604016;1.446784;430243;OCCITANIE;31555;471941;31;31701;Toulouse;948433;unités urbaines de 100 000 habitants et plus;3;53;5 784;11%;De 200 à 300 000 entrées;catégorie A;RDJPPR;commune-centre;303;151;124;48;12,4;24,1;15,5;249;95,8
79;21 398;18 587;ASSOCIATION CINEFOL 31;83,6;43.588909;1.445984;430261;OCCITANIE;31555;471941;31;31701;Toulouse;948433;unités urbaines de 100 000 habitants et plus;1;48;1 128;15%;De 20 à 30 000 entrées;catégorie A;RDJP;commune-centre;285;165;1;54,3;17,1;13,8;14,7;260;93,4
132;2 543;3 684;CENTRE SOCIO CULTUREL SPORT MINVIL;71,9;43.563857;1.404136;430404;OCCITANIE;31555;471941;31;31701;Toulouse;948433;unités urbaines de 100 000 habitants et plus;1;27;65;-31,00%;De 2 à 5 000 entrées;non classé;;commune-centre;38;23;2;49;30,4;16,9;3,6;31;92,4
3529;1 007 594;1 064 187;Les cinemas GAUMONT-PATHE;30,4;43.60456;1.44782;430446;OCCITANIE;31555;471941;31;31701;Toulouse;948433;unités urbaines de 100 000 habitants et plus;15;53;28 822;-5,30%;De 1 à 1,5 million d'entrées;non classé;;commune-centre;374;277;260;31,8;50;16,4;1,8;149;24,7
94;3 264;0;;72,6;43.599736;1.415553;430458;OCCITANIE;31555;471941;31;31701;Toulouse;948433;unités urbaines de 100 000 habitants et plus;1;16;117;#DIV/0!;De 2 à 5 000 entrées;non classé;;commune-centre;71;8;1;32,3;35,4;14;18,3;51;73,6
300;25 744;20 767;ASSOCIATION CINEFOL 31;62,9;43.216817;0.882662;431351;OCCITANIE;31028;1201;31;0;Zone rurale;14541106;unités urbaines de 100 000 habitants et plus;1;53;1 058;24%;De 20 à 30 000 entrées;catégorie E;JP;territoire rural;157;89;1;61,8;23,2;13,4;1,6;97;49,3
486;222 039;217 527;UTOPIA LATIN;87,4;43.581932;1.345083;431352;OCCITANIE;31557;26477;31;31701;Toulouse;948433;unités urbaines de 100 000 habitants et plus;4;53;7 176;2%;De 200 à 300 000 entrées;catégorie C;RDJPPR;banlieue;272;173;114;61,9;13,8;18,2;6,1;235;86,5
266;31 836;34 398;VILLE DE LA TRANCHE SUR MER;31,3;46.34852;-1.448152;432661;PAYS DE LA LOIRE;85294;2863;85;85104;La Tranche-sur-Mer;2863;unités urbaines de moins de 20 000 habitants et zones rurales;2;49;1 942;-7,40%;De 30 à 40 000 entrées;catégorie E;;commune isolée;238;207;50;53,4;36,8;8,8;0,9;99;18,1
259;13 534;16 816;SECIC;17,1;45.796268;-1.166123;433913;NOUVELLE AQUITAINE;17452;4641;17;17301;La Tremblade;11935;unités urbaines de moins de 20 000 habitants et zones rurales;1;39;662;-19,50%;De 10 à 20 000 entrées;non classé;;commune-centre;98;79;16;57;35,7;7,3;0,1;29;13,3
228;3 056;3 455;ASSOCIATION L'ETOILE;37,3;46.46634;1.038441;435331;NOUVELLE AQUITAINE;86273;901;86;0;Zone rurale;14541106;unités urbaines de 100 000 habitants et plus;1;53;306;-11,50%;De 2 à 5 000 entrées;catégorie E;;territoire rural;161;140;0;56,3;24,3;18,7;0,7;70;28,8
708;134 576;133 270;VEO;27,7;45.272941;1.776816;436927;NOUVELLE AQUITAINE;19272;14390;19;19401;Tulle;21196;unités urbaines de 20 000 à 100 000 habitants;5;53;7 999;1%;De 100 à 150 000 entrées;catégorie D;RDJPPR;commune-centre;382;270;131;48,7;39;10,8;1,4;222;16,9
200;22 510;22 719;VILLE DE L'UNION;39,6;43.654225;1.491185;437682;OCCITANIE;31561;11595;31;31701;Toulouse;948433;unités urbaines de 100 000 habitants et plus;1;49;555;-0,90%;De 20 à 30 000 entrées;catégorie C;;banlieue;289;240;7;58,6;23,6;15,8;2;148;35,6
229;19 379;17 568;ASSOCIATION SAINT VINCENT;79,4;43.36278;-1.696856;438001;NOUVELLE AQUITAINE;64545;9674;64;751;Bayonne (partie française);236730;unités urbaines de 100 000 habitants et plus;1;48;1 535;10%;De 10 à 20 000 entrées;catégorie C;RDJPPR;banlieue;243;184;20;53,2;10,9;28,1;7,9;202;80,6
491;32 314;34 562;VILLE D'USSEL;21,7;45.550069;2.312425;438291;NOUVELLE AQUITAINE;19275;9783;19;19301;Ussel;9783;unités urbaines de moins de 20 000 habitants et zones rurales;2;48;1 390;-6,50%;De 30 à 40 000 entrées;catégorie E;JP;commune isolée;215;160;26;53,9;35,6;8,8;1,7;107;15,5
187;9 983;10 084;VILLE D'UZERCHE;33,9;45.424402;1.563016;438622;NOUVELLE AQUITAINE;19276;2889;19;19103;Uzerche;2889;unités urbaines de moins de 20 000 habitants et zones rurales;1;52;413;-1,00%;De 5 à 10 000 entrées;catégorie E;;commune isolée;192;156;1;54;32,3;10,5;3,3;82;31,4
148;11 888;8 756;ASSOCIATION VIE CULTURELLE ET ARTISTIQUE VALENCIENNES;44,5;44.107657;0.889685;439901;OCCITANIE;82186;5277;82;82202;Valence;7776;unités urbaines de moins de 20 000 habitants et zones rurales;1;49;425;36%;De 10 à 20 000 entrées;catégorie E;;commune-centre;214;183;2;49,1;34,3;13,1;3,5;103;36,6
200;9 496;9 461;VILLE DE VAYRAC;45,9;44.954501;1.70171;445201;OCCITANIE;46330;1291;46;155;Vayrac;2488;unités urbaines de moins de 20 000 habitants et zones rurales;1;53;381;0%;De 5 à 10 000 entrées;catégorie E;;commune-centre;231;191;1;67,4;16,3;14,5;1,8;119;41,8
0;3 424;2 111;;0;45.355735;-1.060588;446204;NOUVELLE AQUITAINE;33540;2453;33;0;Zone rurale;14541106;unités urbaines de 100 000 habitants et plus;1;7;11;62%;De 2 à 5 000 entrées;non classé;;territoire rural;9;2;0;41,3;58,7;0;0;0;0
98;4 919;5 833;VILLE DE VERDUN SUR GARONNE;50,6;43.851122;1.234903;447605;OCCITANIE;82190;4727;82;82104;Verdun-sur-Garonne;4727;unités urbaines de moins de 20 000 habitants et zones rurales;1;53;425;-15,70%;De 2 à 5 000 entrées;catégorie E;JPPR;commune isolée;262;202;5;54,6;31;11,4;3,1;150;45,3
110;7 808;8 697;COMMUNAUTE DE COMMUNES VIC-MONTANER;30,4;43.387059;0.055241;451594;OCCITANIE;65460;5030;65;65201;Vic-en-Bigorre;5030;unités urbaines de moins de 20 000 habitants et zones rurales;1;52;494;-10,20%;De 5 à 10 000 entrées;catégorie E;;commune isolée;195;156;1;53,8;24,4;18,5;3,3;79;35,4
112;8 018;8 423;OFFICE DE TOURISME DE VIC FEZENSAC;44,5;43.757919;0.302664;451631;OCCITANIE;32462;3488;32;32104;Vic-Fezensac;3946;unités urbaines de moins de 20 000 habitants et zones rurales;1;53;335;-4,80%;De 5 à 10 000 entrées;catégorie E;JPPR;commune-centre;253;189;10;57,2;28,8;11,8;2,3;127;40,3
436;7 050;8 849;SARL LE CLUB (PFISTER);20,2;43.78629;-1.402582;452961;NOUVELLE AQUITAINE;40328;1580;40;0;Zone rurale;14541106;unités urbaines de 100 000 habitants et plus;1;26;322;-20,30%;De 5 à 10 000 entrées;non classé;;territoire rural;77;69;18;29,4;61,4;8,6;0,7;32;11,3
162;14 701;14 739;VILLE DE VILLEFRANCHE DE LAURAGAIS;51,9;43.398281;1.715623;456362;OCCITANIE;31582;4345;31;31114;Villefranche-de-Lauragais;4885;unités urbaines de moins de 20 000 habitants et zones rurales;1;52;674;-0,30%;De 10 à 20 000 entrées;catégorie E;RDJP;commune-centre;325;271;0;53;25,5;14,9;6,6;191;47,2
305;31 793;31 072;SOCIETE EN NOM COLLECTIF CHIAPPINI DIDIER;13,7;44.351282;2.034728;456402;OCCITANIE;12300;11892;12;12301;Villefranche-de-Rouergue;12642;unités urbaines de moins de 20 000 habitants et zones rurales;2;53;1 400;2%;De 30 à 40 000 entrées;non classé;;commune-centre;123;88;21;57;33;8,4;1,6;44;15,2
3271;850 479;871 707;CGR;9,7;44.788343;-0.532977;457411;NOUVELLE AQUITAINE;33550;31620;33;33701;Bordeaux;904359;unités urbaines de 100 000 habitants et plus;15;53;30 626;-2,40%;De 700 000 à 1 million d'entrées;non classé;;banlieue;254;214;210;29,6;57,6;12,5;0,4;39;5,2
581;81 124;83 652;STE EXPLOITATION GRAND ECRAN (Fridemann);6,3;44.408808;0.704017;458401;NOUVELLE AQUITAINE;47323;22686;47;47401;Villeneuve-sur-Lot;48824;unités urbaines de 20 000 à 100 000 habitants;4;53;4 849;-3,00%;De 80 à 100 000 entrées;non classé;;commune-centre;134;121;81;38,3;52,3;9,4;0;17;3,1
120;43 339;46 040;LA LIGUE ENSEIGNEMENT POITOU CHARENTES;32,2;46.716996;0.536753;465651;NOUVELLE AQUITAINE;86298;2142;86;0;Zone rurale;14541106;unités urbaines de 100 000 habitants et plus;1;52;912;-5,90%;De 40 à 50 000 entrées;catégorie E;JPPR;territoire rural;139;79;0;69,2;18,7;9,3;2,8;73;37,6
200;269;2 235;SECIC;6,3;45.714055;-1.142718;703700;NOUVELLE AQUITAINE;17225;1945;17;0;Zone rurale;14541106;unités urbaines de 100 000 habitants et plus;1;8;16;-88,00%;Moins de 2000 entrées;non classé;;territoire rural;12;9;1;29;67,7;3,3;0;1;10,8
201;3 740;3 451;VILLE DE BESSIERES;36,8;43.795535;1.6077;706850;OCCITANIE;31066;3959;31;31109;Bessières;3959;unités urbaines de moins de 20 000 habitants et zones rurales;1;43;117;8%;De 2 à 5 000 entrées;non classé;;commune isolée;86;71;0;50,5;17,7;22,3;9,6;39;39,9
2014;509 435;538 361;CINEVILLE;10,8;46.697805;-1.426619;718200;PAYS DE LA LOIRE;85191;53578;85;85501;La Roche-sur-Yon;53578;unités urbaines de 20 000 à 100 000 habitants;9;53;14 233;-5,40%;De 450 à 700 000 entrées;non classé;;commune isolée;291;218;152;42,3;47,3;10;0,3;89;5,7
294;75 023;78 597;VILLE DE LA ROCHE SUR YON;88,7;46.673549;-1.425858;718210;PAYS DE LA LOIRE;85191;53578;85;85501;La Roche-sur-Yon;53578;unités urbaines de 20 000 à 100 000 habitants;2;53;3 473;-4,50%;De 50 à 80 000 entrées;catégorie D;RDJPPR;commune isolée;324;203;52;58,7;15;17,7;8,6;264;86,7
1096;224 189;229 660;CGR;9,9;43.485068;-1.471948;720600;NOUVELLE AQUITAINE;64102;49207;64;751;Bayonne (partie française);236730;unités urbaines de 100 000 habitants et plus;7;53;13 869;-2,40%;De 200 à 300 000 entrées;non classé;;commune-centre;177;141;128;33,7;53,4;12,9;0,1;27;7,7
1958;426 099;448 284;CGR;7,2;43.973656;1.38232;720750;OCCITANIE;82121;59982;82;82501;Montauban;78084;unités urbaines de 20 000 à 100 000 habitants;10;53;20 718;-4,90%;De 300 à 450 000 entrées;non classé;;commune-centre;221;189;184;36;52,6;11;0,4;24;3,3
288;65 876;57 940;VILLE D'AGEN;88,8;44.204672;0.62747;721602;NOUVELLE AQUITAINE;47001;33988;47;47501;Agen;81266;unités urbaines de 20 000 à 100 000 habitants;2;51;2 566;14%;De 50 à 80 000 entrées;catégorie D;RDJPPR;commune-centre;407;204;46;54,7;14,6;19,4;11,3;363;92,4
1533;241 665;259 811;CGR;19,2;43.923796;2.144604;721750;OCCITANIE;81004;49475;81;81502;Albi;74751;unités urbaines de 20 000 à 100 000 habitants;8;53;15 956;-7,00%;De 200 à 300 000 entrées;non classé;;commune-centre;273;210;173;41,1;47,7;10,6;0,6;111;11,5
1327;188 986;155 830;;26,8;43.887186;-0.501779;721850;NOUVELLE AQUITAINE;40192;30629;40;40401;Mont-de-Marsan;40141;unités urbaines de 20 000 à 100 000 habitants;8;53;11 990;21%;De 150 à 200 000 entrées;non classé;;commune-centre;309;249;202;37,9;50,4;10,6;1,1;144;15
275;14 003;14 214;;61;43.961546;1.342434;722000;OCCITANIE;82025;3696;82;82501;Montauban;78084;unités urbaines de 20 000 à 100 000 habitants;1;50;1 021;-1,50%;De 10 à 20 000 entrées;catégorie D;RDJP;banlieue;277;202;3;53,8;21,7;17,2;7,3;194;66
1575;278 677;280 825;CGR;6,1;43.319282;-0.433455;722040;NOUVELLE AQUITAINE;64335;9958;64;64601;Pau;197713;unités urbaines de 100 000 habitants et plus;9;53;18 553;-0,80%;De 200 à 300 000 entrées;non classé;;banlieue;199;156;146;38,3;50,4;11,1;0,2;21;4
118;11 029;7 284;;42;45.182708;0.762663;722720;NOUVELLE AQUITAINE;24053;10510;24;24501;Périgueux;74257;unités urbaines de 20 000 à 100 000 habitants;1;50;412;51%;De 10 à 20 000 entrées;catégorie D;;banlieue;203;153;3;58,9;24,6;10,8;5,7;104;42
1161;237 103;224 934;KINEPOLIS;8,5;43.690447;1.403453;723480;OCCITANIE;31182;5065;31;31701;Toulouse;948433;unités urbaines de 100 000 habitants et plus;8;53;13 657;5%;De 200 à 300 000 entrées;non classé;;banlieue;219;168;142;30,7;57,2;11,7;0,4;33;4
268;8 591;8 280;COMMUNAUTE DE COMMUNES DU PAYS D' AIRE;34,1;50.639733;2.390569;13161;HAUTS DE FRANCE;62014;9853;62;752;Béthune;355543;unités urbaines de 100 000 habitants et plus;1;19;88;4%;De 5 à 10 000 entrées;non classé;;banlieue;45;29;0;63,8;20,7;10,3;5,2;19;31,3
206;18 545;22 409;ASSOCIATION FESTIVE ET CINEMATOGRAPHIQUE ANICHOISE;25,2;50.33114;3.252155;19702;HAUTS DE FRANCE;59008;10372;59;59701;Valenciennes (partie française);335992;unités urbaines de 100 000 habitants et plus;1;46;524;-17,20%;De 10 à 20 000 entrées;non classé;;banlieue;165;116;0;41,3;40,9;10,4;7,3;47;25,9
720;159 080;159 522;C2L;15,4;50.686113;2.894624;24246;HAUTS DE FRANCE;59017;25066;59;59501;Armentières (partie française);78130;unités urbaines de 20 000 à 100 000 habitants;5;53;9 630;-0,30%;De 150 à 200 000 entrées;catégorie D;;commune-centre;277;200;97;39,4;47,3;12,3;1;133;9,7
679;267 167;265 171;KLOECKNER;23,9;50.29185;2.780997;25032;HAUTS DE FRANCE;62041;40721;62;62502;Arras;86845;unités urbaines de 20 000 à 100 000 habitants;6;53;9 212;1%;De 200 à 300 000 entrées;catégorie D;JPPR;commune-centre;405;274;170;44,3;42,5;12,1;1;207;16,8
624;10 749;9 855;CGR;25,8;50.290001;2.776931;25037;HAUTS DE FRANCE;62041;40721;62;62502;Arras;86845;unités urbaines de 20 000 à 100 000 habitants;1;2;31;9%;De 10 à 20 000 entrées;non classé;;commune-centre;24;14;0;90,5;6,1;2,9;0,4;6;20,7
492;13 304;11 615;VILLE D'AUCHEL;11,6;50.506306;2.472945;29144;HAUTS DE FRANCE;62048;10574;62;752;Béthune;355543;unités urbaines de 100 000 habitants et plus;1;53;389;15%;De 10 à 20 000 entrées;non classé;;banlieue;90;75;2;52,5;38,7;8,8;0;16;10,5
269;18 071;19 454;VILLE D'AVESNES SUR HELPE;8,3;50.124842;3.926833;33621;HAUTS DE FRANCE;59036;4663;59;59209;Avesnes-sur-Helpe;8298;unités urbaines de moins de 20 000 habitants et zones rurales;2;53;1 066;-7,10%;De 10 à 20 000 entrées;non classé;;commune-centre;184;140;32;51,5;37,1;8,1;3,3;47;15,6
193;11 709;10 387;VILLE D'AVION;39,7;50.408702;2.824662;33912;HAUTS DE FRANCE;62065;18245;62;756;Douai - Lens;504537;unités urbaines de 100 000 habitants et plus;1;47;383;13%;De 10 à 20 000 entrées;non classé;;banlieue;64;42;2;48,5;34,7;14,1;2,8;27;38,4
145;16 190;16 981;VILLE DE BAILLEUL;42,1;50.740146;2.736651;36352;HAUTS DE FRANCE;59043;14337;59;59501;Armentières (partie française);78130;unités urbaines de 20 000 à 100 000 habitants;1;50;675;-4,70%;De 10 à 20 000 entrées;catégorie D;JP;commune-centre;165;114;0;53,4;26,3;13;7,2;84;37,2
211;55 619;59 469;CINE LIGUE NORD PAS DE CALAIS;38,2;50.427424;1.879935;45471;HAUTS DE FRANCE;62100;2083;62;62111;Beaurainville;3279;unités urbaines de moins de 20 000 habitants et zones rurales;1;52;835;-6,50%;De 50 à 80 000 entrées;catégorie E;JP;commune-centre;167;90;3;48,2;27,1;15;9,7;99;44,7
566;156 646;142 896;0;18,9;50.408345;1.593105;50033;HAUTS DE FRANCE;62108;14509;62;62401;Berck;44863;unités urbaines de 20 000 à 100 000 habitants;3;53;4 422;10%;De 150 à 200 000 entrées;catégorie D;;commune-centre;265;202;90;50,4;40,1;9,3;0,2;126;8,2
944;210 123;227 860;ODETTO;23;50.722562;1.605722;66761;HAUTS DE FRANCE;62160;42366;62;62503;Boulogne-sur-Mer;87013;unités urbaines de 20 000 à 100 000 habitants;7;53;10 873;-7,80%;De 200 à 300 000 entrées;catégorie D;JP;commune-centre;281;218;159;45,2;43;10,8;1;124;14,8
356;16 444;14 383;ASSOCIATION CERCLE FAMILIAL;54,9;50.770801;3.08126;69231;HAUTS DE FRANCE;59098;4908;59;59702;Lille (partie française);1039397;unités urbaines de 100 000 habitants et plus;1;48;273;14%;De 10 à 20 000 entrées;catégorie C;;banlieue;126;96;0;53,8;30;13,9;2,2;86;38,5
195;17 469;16 481;VILLE DE BRAY DUNES;17;51.070372;2.519444;71791;HAUTS DE FRANCE;59107;4599;59;59134;Bray-Dunes;4599;unités urbaines de moins de 20 000 habitants et zones rurales;1;53;749;6%;De 10 à 20 000 entrées;catégorie E;;commune isolée;160;129;1;47,2;35,4;15,8;1,6;38;14,2
497;54 672;55 300;CINEMA LES ETOILES;60;50.479971;2.545868;76821;HAUTS DE FRANCE;62178;22119;62;752;Béthune;355543;unités urbaines de 100 000 habitants et plus;4;53;4 510;-1,10%;De 50 à 80 000 entrées;catégorie C;RDJPPR;commune-centre;317;231;10;51,8;26,9;16,6;4,7;196;51,1
2560;485 809;480 406;CGR;6,6;50.49234;2.569387;76825;HAUTS DE FRANCE;62178;22119;62;752;Béthune;355543;unités urbaines de 100 000 habitants et plus;12;53;24 218;1%;De 450 à 700 000 entrées;non classé;;commune-centre;234;196;192;40,6;50;9,2;0,2;24;2,1
498;51 881;53 608;LES FILMS DE LA BASSE COUR;75,4;50.9517558;1.8543260999999802;82133;HAUTS DE FRANCE;62193;75961;62;62504;Calais;100640;unités urbaines de 100 000 habitants et plus;4;53;5 475;-3,20%;De 50 à 80 000 entrées;catégorie D;RDJPPR;commune-centre;309;213;40;43,5;31,4;19,3;5,8;238;61,1
605;198 846;206 765;C2L;11,4;50.174792;3.236568;83071;HAUTS DE FRANCE;59122;33004;59;59403;Cambrai;47459;unités urbaines de 20 000 à 100 000 habitants;5;53;8 469;-3,80%;De 150 à 200 000 entrées;non classé;;commune-centre;248;197;108;38,1;51,3;9,8;0,8;113;7,5
178;10 888;9 289;VILLE DE CATEAU CAMBRESIS;13;50.106254;3.54484;89152;HAUTS DE FRANCE;59136;7033;59;59208;Le Cateau-Cambrésis;7355;unités urbaines de moins de 20 000 habitants et zones rurales;1;49;300;17%;De 10 à 20 000 entrées;non classé;;commune-centre;122;88;0;53,8;36,2;9,3;0,7;21;11,6
590;56 090;50 502;VILLE DE CAUDRY;28,2;50.127719;3.415275;89644;HAUTS DE FRANCE;59139;14935;59;59307;Caudry;18989;unités urbaines de moins de 20 000 habitants et zones rurales;2;53;1 572;11%;De 50 à 80 000 entrées;catégorie E;;commune-centre;219;171;32;44,9;43,7;10;1,4;95;16
2371;501 491;488 371;Les cinemas GAUMONT-PATHE;10;50.931939;1.8108;120181;HAUTS DE FRANCE;62239;2519;62;62504;Calais;100640;unités urbaines de 100 000 habitants et plus;12;53;24 129;3%;De 450 à 700 000 entrées;non classé;;banlieue;250;209;200;37,3;51,8;10,6;0,3;43;4,2
314;14 039;13 699;VILLE DE COUDEKERQUE BRANCHE;46;51.018022;2.380798;122525;HAUTS DE FRANCE;59155;21360;59;59602;Dunkerque;177103;unités urbaines de 100 000 habitants et plus;1;46;161;2%;De 10 à 20 000 entrées;non classé;;banlieue;72;45;0;50,4;22,1;15,5;12;37;42,6
292;22 541;21 206;VILLE DE COURRIERES;12,2;50.453829;2.940575;125322;HAUTS DE FRANCE;62250;10696;62;756;Douai - Lens;504537;unités urbaines de 100 000 habitants et plus;1;48;516;6%;De 20 à 30 000 entrées;non classé;;banlieue;126;105;6;55,2;32,5;12,3;0;20;10,9
111;7 992;7 424;VILLE DE DESVRES;15,4;50.668276;1.837675;137663;HAUTS DE FRANCE;62268;5031;62;62203;Desvres;6474;unités urbaines de moins de 20 000 habitants et zones rurales;1;48;377;8%;De 5 à 10 000 entrées;non classé;;commune-centre;85;63;1;60,1;33,6;4,2;2,1;20;10,4
123;21 194;16 413;CENTRE ACTION CULTURELLE DE DOUAI DIT L' HIPPODROME;83,2;50.365337;3.083696;141631;HAUTS DE FRANCE;59178;39989;59;756;Douai - Lens;504537;unités urbaines de 100 000 habitants et plus;1;43;786;29%;De 20 à 30 000 entrées;catégorie C;RDJP;commune-centre;162;103;7;56,8;19,4;13,2;10,6;137;86,2
2000;417 932;415 573;TUPIN - MAJESTIC SA;11,2;50.375978;3.075606;141657;HAUTS DE FRANCE;59178;39989;59;756;Douai - Lens;504537;unités urbaines de 100 000 habitants et plus;10;53;17 734;1%;De 300 à 450 000 entrées;non classé;;commune-centre;316;218;195;37,7;51,8;9,8;0,7;98;5,4
166;31 556;24 994;VILLE DE DOUCHY LES MINES;39;50.300211;3.390251;141823;HAUTS DE FRANCE;59179;10783;59;59701;Valenciennes (partie française);335992;unités urbaines de 100 000 habitants et plus;1;49;761;26%;De 30 à 40 000 entrées;catégorie C;;banlieue;271;202;3;48,2;33;13,4;5,4;144;31,6
2763;543 651;562 875;OCINE;12,7;51.033536;2.372294;143720;HAUTS DE FRANCE;59183;88876;59;59602;Dunkerque;177103;unités urbaines de 100 000 habitants et plus;15;53;24 777;-3,40%;De 450 à 700 000 entrées;non classé;;commune-centre;275;227;221;39,1;49,8;10,9;0,3;52;4,8
456;58 671;58 460;VILLE DE DUNKERQUE;86;51.033536;2.372294;143731;HAUTS DE FRANCE;59183;88876;59;59602;Dunkerque;177103;unités urbaines de 100 000 habitants et plus;2;53;3 285;0%;De 50 à 80 000 entrées;catégorie B;RDJPPR;commune-centre;385;224;46;50,5;17,7;17;14,8;310;86,3
133;6 247;7 303;CINEODE;13;50.013373;4.04454;167035;HAUTS DE FRANCE;59249;12364;59;59305;Fourmies;15330;unités urbaines de moins de 20 000 habitants et zones rurales;1;53;849;-14,50%;De 5 à 10 000 entrées;non classé;;commune-centre;176;150;16;55,7;34,5;7,8;2;49;17,8
227;29 717;30 073;VILLE DE GRANDE SYNTHE;17,4;51.018143;2.300028;182931;HAUTS DE FRANCE;59271;23634;59;59602;Dunkerque;177103;unités urbaines de 100 000 habitants et plus;1;53;988;-1,20%;De 20 à 30 000 entrées;non classé;;banlieue;149;112;2;45,9;38,1;11,4;4,6;46;20,3
369;37 437;30 579;REGIE GRAVELINOISE DES EQUIPEMENTS DE SPORTS ET DE LOISIRS;24,7;51.003064;2.131258;184364;HAUTS DE FRANCE;59273;11586;59;59602;Dunkerque;177103;unités urbaines de 100 000 habitants et plus;2;53;1 576;22%;De 30 à 40 000 entrées;non classé;;banlieue;209;172;37;41,5;44,1;12,1;2,3;86;12,4
237;31 385;32 976;VILLE DE HALLUIN;18,8;50.780027;3.127664;190194;HAUTS DE FRANCE;59279;20662;59;59702;Lille (partie française);1039397;unités urbaines de 100 000 habitants et plus;1;48;521;-4,80%;De 30 à 40 000 entrées;non classé;;banlieue;143;114;1;47,5;39,3;11,2;2;39;17,4
362;16 706;12 352;VILLE DE HARNES;13,7;50.445859;2.905974;191372;HAUTS DE FRANCE;62413;12595;62;756;Douai - Lens;504537;unités urbaines de 100 000 habitants et plus;1;50;460;35%;De 10 à 20 000 entrées;non classé;;banlieue;98;74;1;44,6;46;9,3;0,1;25;11,2
560;4 353;4 038;VILLE DE HAUTMONT;13;50.257558;3.913904;192833;HAUTS DE FRANCE;59291;14685;59;59601;Maubeuge (partie française);112020;unités urbaines de 100 000 habitants et plus;1;44;162;8%;De 2 à 5 000 entrées;non classé;;banlieue;78;56;1;54,3;26,1;8;11,5;14;29,6
540;152 573;153 481;LES TOILES DU NORD;17,8;50.724833;2.533715;193731;HAUTS DE FRANCE;59295;21709;59;59401;Hazebrouck;26633;unités urbaines de 20 000 à 100 000 habitants;4;53;5 098;-0,60%;De 150 à 200 000 entrées;catégorie D;;commune-centre;258;194;111;49,5;40,5;9,3;0,7;106;10,1
2401;614 179;639 127;CINEVILLE;9,8;50.409044;2.9707;194671;HAUTS DE FRANCE;62427;26379;62;756;Douai - Lens;504537;unités urbaines de 100 000 habitants et plus;12;53;19 117;-3,90%;De 450 à 700 000 entrées;non classé;;commune-centre;333;252;197;34,2;55,5;9,9;0,4;99;3,9
580;16 389;15 033;ASSOCIATION CINEMA LE REGENT;12,5;50.296328;4.097609;204312;HAUTS DE FRANCE;59324;10093;59;59601;Maubeuge (partie française);112020;unités urbaines de 100 000 habitants et plus;1;53;727;9%;De 10 à 20 000 entrées;non classé;;banlieue;152;118;13;48,9;39,7;8;3,5;33;18,2
181;22 283;25 004;LES TOILES DU NORD;31,3;50.651234;3.02797;213491;HAUTS DE FRANCE;59328;27517;59;59702;Lille (partie française);1039397;unités urbaines de 100 000 habitants et plus;1;48;619;-10,90%;De 20 à 30 000 entrées;non classé;;banlieue;146;120;1;70,6;17,2;9,9;2,4;59;32
114;14 530;12 116;AMICALE LAIQUE MIXTE;46,4;50.679317;3.243787;221842;HAUTS DE FRANCE;59339;9620;59;59702;Lille (partie française);1039397;unités urbaines de 100 000 habitants et plus;1;49;524;20%;De 10 à 20 000 entrées;non classé;;banlieue;140;102;0;60,1;20,8;11;8,1;62;43,2
3391;585 440;572 320;Les cinemas GAUMONT-PATHE;11,7;50.42314;2.777484;226125;HAUTS DE FRANCE;62510;31237;62;756;Douai - Lens;504537;unités urbaines de 100 000 habitants et plus;15;53;26 388;2%;De 450 à 700 000 entrées;non classé;;commune-centre;328;266;218;36,5;52,5;10,6;0,4;102;5
2725;673 263;720 201;UGC;28,9;50.633831;3.063221;226974;HAUTS DE FRANCE;59350;232741;59;59702;Lille (partie française);1039397;unités urbaines de 100 000 habitants et plus;14;53;27 157;-6,50%;De 450 à 700 000 entrées;non classé;;commune-centre;246;194;189;35;46,9;16,7;1,3;96;22,8
466;129 883;130 070;CINEMAS LUMIERE (Vermoesen);92,5;50.636559;3.066988;227031;HAUTS DE FRANCE;59350;232741;59;59702;Lille (partie française);1039397;unités urbaines de 100 000 habitants et plus;4;53;7 747;-0,10%;De 100 à 150 000 entrées;catégorie A;RD;commune-centre;217;175;136;68,4;5;16,1;10,6;203;94,5
660;221 301;220 978;CINEMAS LUMIERE (Vermoesen);87,3;50.633401;3.06284;227281;HAUTS DE FRANCE;59350;232741;59;59702;Lille (partie française);1039397;unités urbaines de 100 000 habitants et plus;6;53;11 803;0%;De 200 à 300 000 entrées;catégorie A;RDJPPR;commune-centre;369;183;144;39,1;26,6;23,8;10,5;329;88,8
7358;1 870 153;1 933 866;KINEPOLIS;17,3;50.651256;2.975116;231270;HAUTS DE FRANCE;59350;232741;59;59702;Lille (partie française);1039397;unités urbaines de 100 000 habitants et plus;23;53;36 094;-3,30%;De 1,5 à 2 millions d'entrées;non classé;;commune-centre;395;287;270;30,7;55,9;12,7;0,7;98;6,6
226;49 354;47 811;VILLE DE MARCQ EN BAROEUL;43,2;50.664345;3.072348;246501;HAUTS DE FRANCE;59378;39298;59;59702;Lille (partie française);1039397;unités urbaines de 100 000 habitants et plus;1;50;1 106;3%;De 40 à 50 000 entrées;catégorie C;;banlieue;210;155;30;61,8;21,2;10,6;6,4;116;44,2
305;31 728;28 844;VILLE DE MERVILLE;27,4;50.641083;2.637315;258812;HAUTS DE FRANCE;59400;9967;59;752;Béthune;355543;unités urbaines de 100 000 habitants et plus;1;51;595;10%;De 30 à 40 000 entrées;non classé;;banlieue;178;142;3;51,9;30;10,5;7,6;66;21,7
204;5 396;5 125;;49,2;50.461411;1.759867;276221;HAUTS DE FRANCE;62588;2133;62;62201;Montreuil;5014;unités urbaines de moins de 20 000 habitants et zones rurales;1;47;406;5%;De 5 à 10 000 entrées;catégorie E;JP;commune-centre;177;135;0;55,4;30,5;11,4;2,6;97;40,7
332;23 761;24 062;VILLE DE NEUFCHATEL HARDELOT;16,6;50.632496;1.578876;287462;HAUTS DE FRANCE;62604;3750;62;62207;Neufchâtel-Hardelot;7249;unités urbaines de moins de 20 000 habitants et zones rurales;2;52;1 847;-1,30%;De 20 à 30 000 entrées;non classé;;commune-centre;108;92;14;59,1;32,4;7,7;0,8;22;9
137;17 599;19 737;ASSOCIATION CINEMA GERARD PHILIPPE;29,4;50.750026;3.123334;342332;HAUTS DE FRANCE;59508;13657;59;59702;Lille (partie française);1039397;unités urbaines de 100 000 habitants et plus;1;48;487;-10,80%;De 10 à 20 000 entrées;non classé;;banlieue;161;128;1;50,4;29,2;13,1;7,4;57;28,4
1590;224 424;242 685;C2L;15,4;50.691883;3.165548;344352;HAUTS DE FRANCE;59512;96077;59;59702;Lille (partie française);1039397;unités urbaines de 100 000 habitants et plus;9;53;14 693;-7,50%;De 200 à 300 000 entrées;catégorie C;;banlieue;332;243;173;33,7;53,2;11,1;2;135;13,3
426;17 737;13 835;VILLE DE SANTES;52,2;50.59221;2.959712;352223;HAUTS DE FRANCE;59553;5811;59;59702;Lille (partie française);1039397;unités urbaines de 100 000 habitants et plus;1;43;136;28%;De 10 à 20 000 entrées;non classé;;banlieue;79;49;0;60,1;21;7,7;11,1;38;49
192;13 863;14 288;BOUREL PHILIPPE;11,4;50.174295;4.093165;364991;HAUTS DE FRANCE;59572;1833;59;0;Zone rurale;14541106;unités urbaines de 100 000 habitants et plus;1;51;492;-3,00%;De 10 à 20 000 entrées;non classé;;territoire rural;120;93;10;54,7;33,3;7,3;4,7;26;13,3
1007;351 233;343 497;CINE HAINAUT;6,4;50.437378;3.449925;372146;HAUTS DE FRANCE;59526;16534;59;59402;Saint-Amand-les-Eaux;33873;unités urbaines de 20 000 à 100 000 habitants;6;53;8 815;2%;De 300 à 450 000 entrées;non classé;;commune-centre;208;160;113;34,2;55,7;9,9;0,2;58;2,3
1546;375 644;365 863;OCINE;17;50.750679;2.250328;407871;HAUTS DE FRANCE;62765;14343;62;62501;Saint-Omer;62105;unités urbaines de 20 000 à 100 000 habitants;9;53;14 120;3%;De 300 à 450 000 entrées;catégorie D;;commune-centre;298;240;145;46,1;44,4;9,1;0,3;144;6,1
140;39 066;38 640;VILLE DE SAINT POL SUR TERNOISE;34;50.381554;2.33712;412322;HAUTS DE FRANCE;62767;5029;62;62209;Saint-Pol-sur-Ternoise;8619;unités urbaines de moins de 20 000 habitants et zones rurales;1;53;1 416;1%;De 30 à 40 000 entrées;catégorie E;JPPR;commune-centre;171;106;20;65,2;26;8,5;0,2;95;21,2
170;40 707;38 362;LES TOILES DU NORD;8;50.527126;3.168609;423382;HAUTS DE FRANCE;59586;5930;59;59211;Templeuve;10210;unités urbaines de moins de 20 000 habitants et zones rurales;1;53;1 074;6%;De 40 à 50 000 entrées;non classé;;commune-centre;95;75;27;62,6;25,7;8,9;2,8;24;8,9
126;26 845;24 566;;30;50.526289;3.170036;423383;HAUTS DE FRANCE;59586;5930;59;59211;Templeuve;10210;unités urbaines de moins de 20 000 habitants et zones rurales;1;53;1 103;9%;De 20 à 30 000 entrées;non classé;;commune-centre;173;130;17;43,2;42,4;13,3;1,1;77;28,7
270;17 249;16 178;ASSOCIATION ARTS ET LOISIRS;8,7;50.471998;3.073172;427703;HAUTS DE FRANCE;59592;3942;59;756;Douai - Lens;504537;unités urbaines de 100 000 habitants et plus;1;45;286;7%;De 10 à 20 000 entrées;non classé;;banlieue;93;79;1;40,6;44,7;12,3;2,4;13;7
682;113 021;118 853;PECOURT JOSEPH EMILE;28,7;50.524614;1.585193;430620;HAUTS DE FRANCE;62826;4285;62;62401;Berck;44863;unités urbaines de 20 000 à 100 000 habitants;5;53;8 747;-4,90%;De 100 à 150 000 entrées;catégorie D;RDPR;banlieue;350;247;157;48,1;39,8;11,5;0,6;182;16,2
299;21 218;21 053;REGION NORD PAS DE CALAIS;80,1;50.699907;3.155883;430771;HAUTS DE FRANCE;59599;96809;59;59702;Lille (partie française);1039397;unités urbaines de 100 000 habitants et plus;2;48;881;1%;De 20 à 30 000 entrées;catégorie C;RDJP;banlieue;171;121;0;48,4;19,9;19,7;12,1;146;83,9
638;133 502;141 094;C2L;11,3;50.721235;3.15888;430886;HAUTS DE FRANCE;59599;96809;59;59702;Lille (partie française);1039397;unités urbaines de 100 000 habitants et plus;5;53;8 577;-5,40%;De 100 à 150 000 entrées;non classé;;banlieue;231;179;95;30,7;55,9;11,7;1,7;96;9,8
3710;706 771;698 003;Les cinemas GAUMONT-PATHE;16,1;50.339838;3.514954;440044;HAUTS DE FRANCE;59606;44043;59;59701;Valenciennes (partie française);335992;unités urbaines de 100 000 habitants et plus;15;53;26 534;1%;De 700 000 à 1 million d'entrées;non classé;;commune-centre;399;297;244;36,4;51,6;10,8;1,2;170;9,3
316;7 488;8 258;REGION NORD PAS DE CALAIS;80,2;50.608989;3.134086;457562;HAUTS DE FRANCE;59009;61920;59;59702;Lille (partie française);1039397;unités urbaines de 100 000 habitants et plus;1;48;490;-9,30%;De 5 à 10 000 entrées;catégorie C;RDJPPR;banlieue;147;66;3;42,7;25,2;11,4;20,7;134;94,6
167;54 346;53 760;REGION NORD PAS DE CALAIS;75,5;50.616176;3.139061;457563;HAUTS DE FRANCE;59009;61920;59;59702;Lille (partie française);1039397;unités urbaines de 100 000 habitants et plus;1;48;1 329;1%;De 50 à 80 000 entrées;catégorie C;RDJPPR;banlieue;311;197;1;43;24,1;19,5;13,3;263;76,7
2835;865 332;929 672;UGC;10,4;50.615793;3.126269;457576;HAUTS DE FRANCE;59009;61920;59;59702;Lille (partie française);1039397;unités urbaines de 100 000 habitants et plus;12;53;23 951;-6,90%;De 700 000 à 1 million d'entrées;non classé;;banlieue;273;184;157;36,5;51,9;11,6;0;99;6,5
96;10 574;9 416;ASSOCIATION CINEMA GERARD PHILIPE;42;50.68623;3.14461;467301;HAUTS DE FRANCE;59646;20963;59;59702;Lille (partie française);1039397;unités urbaines de 100 000 habitants et plus;1;52;398;12%;De 10 à 20 000 entrées;non classé;;banlieue;162;127;1;44,4;29,2;15,9;10,5;70;40,4
1744;311 247;318 442;OCINE;18,1;50.273088;3.97037;720700;HAUTS DE FRANCE;59392;30100;59;59601;Maubeuge (partie française);112020;unités urbaines de 100 000 habitants et plus;9;53;14 546;-2,30%;De 300 à 450 000 entrées;catégorie C;JPPR;commune-centre;355;256;155;39,9;50,4;8,9;0,8;183;7,3
345;11 028;11 615;REGIE SERVICE PUBLIC STATION VALMOPARC;17,3;45.46071;6.441929;12401;AUVERGNE / RHONE-ALPES;73024;766;73;0;Zone rurale;14541106;unités urbaines de 100 000 habitants et plus;2;28;734;-5,10%;De 10 à 20 000 entrées;non classé;;territoire rural;134;112;23;50,7;39,7;9,4;0,2;32;9,3
870;54 752;62 194;SAS JFR;85,4;45.68994;5.909791;13513;AUVERGNE / RHONE-ALPES;73008;29822;73;73601;Chambéry;187010;unités urbaines de 100 000 habitants et plus;5;51;5 715;-12,00%;De 50 à 80 000 entrées;catégorie C;PR;banlieue;295;206;130;55,5;15,3;21,4;7,8;245;84,8
247;31 152;33 091;LES AMIS DU CINEMA;0;45.677069;6.392496;14071;AUVERGNE / RHONE-ALPES;73011;18969;73;73401;Albertville;40293;unités urbaines de 20 000 à 100 000 habitants;1;50;1 045;-5,90%;De 30 à 40 000 entrées;non classé;;commune-centre;85;77;48;44,2;47,1;8,6;0;0;0
365;45 391;48 967;LES AMIS DU CINEMA;66,7;45.676502;6.391967;14073;AUVERGNE / RHONE-ALPES;73011;18969;73;73401;Albertville;40293;unités urbaines de 20 000 à 100 000 habitants;2;50;2 461;-7,30%;De 40 à 50 000 entrées;catégorie D;RDJP;commune-centre;179;129;49;66,6;14,9;13,9;4,6;138;63,2
214;4 621;3 302;VILLE D'ALBIEZ MONTROND;20,4;45.217522;6.343043;14222;AUVERGNE / RHONE-ALPES;73013;382;73;0;Zone rurale;14541106;unités urbaines de 100 000 habitants et plus;1;30;216;40%;De 2 à 5 000 entrées;non classé;;territoire rural;95;76;14;60,3;31,2;8,2;0,3;31;14,6
241;32 603;33 756;FELICINE;28,5;45.394059;6.075331;15374;AUVERGNE / RHONE-ALPES;38006;4124;38;358;Allevard;14573;unités urbaines de moins de 20 000 habitants et zones rurales;2;53;1 184;-3,40%;De 30 à 40 000 entrées;catégorie E;JP;commune-centre;214;177;48;49,9;37;11,7;1,5;102;23
172;5 377;5 619;;23,8;45.404713;6.578019;15792;AUVERGNE / RHONE-ALPES;73015;1848;73;0;Zone rurale;14541106;unités urbaines de 100 000 habitants et plus;1;31;361;-4,30%;De 5 à 10 000 entrées;non classé;;territoire rural;76;58;3;53,1;35,9;11;0;22;15,1
307;24 129;22 006;VILLE D'AMBERT;27,5;45.547184;3.745498;16573;AUVERGNE / RHONE-ALPES;63003;6743;63;63203;Ambert;7287;unités urbaines de moins de 20 000 habitants et zones rurales;2;52;1 146;10%;De 20 à 30 000 entrées;catégorie E;;commune-centre;174;133;6;57,4;31,3;9,5;1,9;76;22,9
347;20 615;20 814;CINEMA DE LA VIOUZE;33,4;45.928236;2.829038;17961;AUVERGNE / RHONE-ALPES;63004;1590;63;63112;Saint-Georges-de-Mons;3588;unités urbaines de moins de 20 000 habitants et zones rurales;1;51;983;-1,00%;De 20 à 30 000 entrées;catégorie E;JP;banlieue;248;200;5;52,3;34,4;11,5;1,8;125;21,9
1839;579 049;608 076;Les cinemas GAUMONT-PATHE;10,4;45.912917;6.125425;19901;AUVERGNE / RHONE-ALPES;74010;125694;74;74601;Annecy;168098;unités urbaines de 100 000 habitants et plus;10;53;18 701;-4,80%;De 450 à 700 000 entrées;non classé;;commune-centre;260;188;181;35,6;51,2;12,8;0,3;59;7
448;124 020;115 064;SAS JFR;96,8;45.898226;6.123792;19941;AUVERGNE / RHONE-ALPES;74010;125694;74;74601;Annecy;168098;unités urbaines de 100 000 habitants et plus;4;50;5 408;8%;De 100 à 150 000 entrées;catégorie B;;commune-centre;234;156;128;59,2;13,3;19,9;7,7;203;96,8
174;24 691;23 462;MJC POUR TOUS D'ANNECY NOVEL;57,7;45.917017;6.134075;19945;AUVERGNE / RHONE-ALPES;74010;125694;74;74601;Annecy;168098;unités urbaines de 100 000 habitants et plus;1;48;736;5%;De 20 à 30 000 entrées;catégorie B;JPPR;commune-centre;166;77;4;45,1;23,1;22,6;9,2;118;63,9
1188;4 145;4 707;VILLE D'ANNECY;24,3;45.902197;6.128472;19951;AUVERGNE / RHONE-ALPES;74010;125694;74;74601;Annecy;168098;unités urbaines de 100 000 habitants et plus;2;2;37;-11,90%;De 2 à 5 000 entrées;non classé;;commune-centre;26;6;0;31,3;0;68,7;0;9;33
111;25 275;26 212;MJC CENTRE ANNEMASSE;82,7;46.191752;6.231982;19983;AUVERGNE / RHONE-ALPES;74012;35234;74;652;Genève (SUI) - Annemasse (partie française);178404;unités urbaines de 100 000 habitants et plus;1;47;805;-3,60%;De 20 à 30 000 entrées;catégorie C;RDJP;commune-centre;144;86;1;52,3;24;17,6;6,2;129;83
475;19 933;22 277;BAUD PHILIPPE- CINEMONDE;7,1;46.192243;6.232615;19984;AUVERGNE / RHONE-ALPES;74012;35234;74;652;Genève (SUI) - Annemasse (partie française);178404;unités urbaines de 100 000 habitants et plus;2;53;1 492;-10,50%;De 10 à 20 000 entrées;non classé;;commune-centre;101;85;68;35,7;49,2;15,1;0;10;4,4
525;94 466;95 408;baud georges - sa baucine / CINE MONT BLANC;14,9;45.242757;4.670325;20203;AUVERGNE / RHONE-ALPES;7010;16698;7;7401;Annonay;27378;unités urbaines de 20 000 à 100 000 habitants;4;53;3 387;-1,00%;De 80 à 100 000 entrées;catégorie D;;commune-centre;196;154;94;48,9;40,5;8,7;2;78;14,5
103;2 249;1 995;ASSOCIATION ANOST CINEMA;65,2;47.068237;4.09482;20311;BOURGOGNE / FRANCHE-COMTE;71009;728;71;0;Zone rurale;14541106;unités urbaines de 100 000 habitants et plus;1;52;132;13%;De 2 à 5 000 entrées;non classé;;territoire rural;68;50;0;76;8,4;13,9;1,7;47;60,8
240;11 660;10 613;baud georges - sa baucine / CINE MONT BLANC;12,9;46.042963;6.631059;21571;AUVERGNE / RHONE-ALPES;74014;1928;74;0;Zone rurale;14541106;unités urbaines de 100 000 habitants et plus;1;26;317;10%;De 10 à 20 000 entrées;non classé;;territoire rural;98;76;47;58,3;32,2;9,1;0,4;21;8,7
2648;580 764;628 178;Les cinemas GAUMONT-PATHE;15,1;46.1393558;6.124697400000059;22231;AUVERGNE / RHONE-ALPES;74016;2585;74;652;Genève (SUI) - Annemasse (partie française);178404;unités urbaines de 100 000 habitants et plus;12;53;21 043;-7,50%;De 450 à 700 000 entrées;non classé;;banlieue;276;221;215;29,3;56,1;14,3;0,3;54;8,7
2576;742 451;864 104;CINEALPES;12,8;45.756523;3.143499;28462;AUVERGNE / RHONE-ALPES;63014;10012;63;63701;Clermont-Ferrand;265892;unités urbaines de 100 000 habitants et plus;14;53;25 506;-14,10%;De 700 000 à 1 million d'entrées;non classé;;banlieue;258;210;206;36,3;50,8;12,3;0,6;47;6,9
150;10 554;13 011;CINE PARC;58,6;45.71712;3.633074;29741;AUVERGNE / RHONE-ALPES;63016;883;63;0;Zone rurale;14541106;unités urbaines de 100 000 habitants et plus;1;51;336;-18,90%;De 10 à 20 000 entrées;catégorie E;JP;territoire rural;66;37;0;57,5;21,3;17,1;4,2;46;78,4
1073;199 618;200 861;CINEALPES;20,7;44.92393;2.442797;31236;AUVERGNE / RHONE-ALPES;15014;25875;15;15401;Aurillac;32127;unités urbaines de 20 000 à 100 000 habitants;7;53;11 798;-0,60%;De 150 à 200 000 entrées;catégorie D;;commune-centre;322;228;125;46,4;40;13;0,7;159;18,4
97;520;413;;10;45.037556;6.081406;31331;AUVERGNE / RHONE-ALPES;38020;201;38;0;Zone rurale;14541106;unités urbaines de 100 000 habitants et plus;1;10;10;26%;Moins de 2000 entrées;non classé;;territoire rural;10;9;2;77,1;14,4;8,5;0;1;8,5
160;9 974;9 671;VILLE D'AUTRANS;29,5;45.1750733;5.540751;32092;AUVERGNE / RHONE-ALPES;38225;2934;38;0;Zone rurale;14541106;unités urbaines de 100 000 habitants et plus;1;49;528;3%;De 5 à 10 000 entrées;catégorie E;;territoire rural;225;199;46;55,6;29,7;11,6;3,1;98;31,4
417;64 875;60 449;CINEMA ARLETTY;31,4;46.95158;4.296621;32363;BOURGOGNE / FRANCHE-COMTE;71014;13635;71;71302;Autun;13635;unités urbaines de moins de 20 000 habitants et zones rurales;4;51;3 212;7%;De 50 à 80 000 entrées;catégorie E;RDJPPR;commune isolée;306;223;59;48,7;38,2;12,3;0,9;162;22,3
244;11 551;10 602;VILLE D'AUXONNE;22,5;47.193943;5.404892;32771;BOURGOGNE / FRANCHE-COMTE;21038;7743;21;21206;Auxonne;7743;unités urbaines de moins de 20 000 habitants et zones rurales;1;47;418;9%;De 10 à 20 000 entrées;non classé;;commune isolée;110;90;3;51,4;41,2;7,3;0,1;37;18,5
194;9 271;7 129;AEP LE FOYER BAUMOIS STELLA CINEMA;32;47.353131;6.359659;42201;BOURGOGNE / FRANCHE-COMTE;25047;5241;25;25201;Baume-les-Dames;5241;unités urbaines de moins de 20 000 habitants et zones rurales;2;16;378;30%;De 5 à 10 000 entrées;non classé;;commune isolée;100;86;1;54,4;29,3;12,7;3,5;35;25,4
80;4 764;4 378;VILLE DE BEAUFORT;24,5;45.717264;6.575641;44005;AUVERGNE / RHONE-ALPES;73034;2088;73;73106;Beaufort;3611;unités urbaines de moins de 20 000 habitants et zones rurales;1;28;229;9%;De 2 à 5 000 entrées;non classé;;commune-centre;104;84;15;57,4;32,1;10,1;0,5;33;15,1
0;9 123;10 463;JULIEN GEORGES ARSENE ALBERT;0;44.368236;4.268552;44239;AUVERGNE / RHONE-ALPES;7028;487;7;0;Zone rurale;14541106;unités urbaines de 100 000 habitants et plus;1;16;43;-12,80%;De 5 à 10 000 entrées;non classé;;territoire rural;11;10;7;8,9;91,1;0;0;0;0
898;187 170;217 215;CGR;14,7;47.026717;4.841456;45266;BOURGOGNE / FRANCHE-COMTE;21054;21661;21;21401;Beaune;21661;unités urbaines de 20 000 à 100 000 habitants;6;53;11 153;-13,80%;De 150 à 200 000 entrées;catégorie D;JP;commune isolée;255;205;114;42,7;47,6;9,4;0,3;127;9,7
374;52 170;49 408;COMMUNAUTE DE COMMUNES DU PAYS DE BEAUREPAIRE;25,9;45.338891;5.057286;45602;AUVERGNE / RHONE-ALPES;38034;4891;38;38202;Beaurepaire;5853;unités urbaines de moins de 20 000 habitants et zones rurales;2;49;1 944;6%;De 50 à 80 000 entrées;catégorie E;JP;commune-centre;273;232;33;55,4;33,2;10,2;1,1;118;21
2973;468 085;481 801;Les cinemas GAUMONT-PATHE;28,3;47.63059;6.861946;47476;BOURGOGNE / FRANCHE-COMTE;90010;49519;90;555;Belfort;81651;unités urbaines de 20 000 à 100 000 habitants;14;53;25 431;-2,80%;De 450 à 700 000 entrées;catégorie D;RDPR;commune-centre;456;320;281;38,1;47,7;12,8;1,4;236;17,6
390;43 254;44 795;VILLE DE BELLEGARDE SUR VALSERINE;19,9;46.107207;5.825389;47950;AUVERGNE / RHONE-ALPES;1033;11809;1;357;Bellegarde-sur-Valserine;12642;unités urbaines de moins de 20 000 habitants et zones rurales;2;52;1 497;-3,40%;De 40 à 50 000 entrées;catégorie E;;commune-centre;159;117;39;44;45;10,7;0,3;70;16,9
247;5 925;5 901;VILLE;18;45.57230759999999;6.741789599999947;48241;AUVERGNE / RHONE-ALPES;73150;3685;73;73201;Aime;8119;unités urbaines de moins de 20 000 habitants et zones rurales;1;29;261;0%;De 5 à 10 000 entrées;non classé;;banlieue;124;105;18;52,3;36,7;11;0;27;7,8
299;83 596;102 314;;42,7;46.10617;4.748173;48422;AUVERGNE / RHONE-ALPES;69019;8293;69;451;Belleville;23718;unités urbaines de 20 000 à 100 000 habitants;2;53;2 476;-18,30%;De 80 à 100 000 entrées;catégorie D;JP;commune-centre;326;267;46;54,2;35;9,6;1,1;198;23,4
434;53 000;42 152;CINE L'ARLEQUIN;18,6;45.759249;5.690752;48503;AUVERGNE / RHONE-ALPES;1034;9058;1;1205;Belley;10229;unités urbaines de moins de 20 000 habitants et zones rurales;3;53;3 297;26%;De 50 à 80 000 entrées;catégorie E;;commune-centre;271;232;92;44,8;44,4;9,2;1,6;123;13,6
337;99 042;99 644;CINEMA DU COLISEE;97,1;47.240015;6.025346;52141;BOURGOGNE / FRANCHE-COMTE;25056;116676;25;25602;Besançon;135448;unités urbaines de 100 000 habitants et plus;3;53;5 355;-0,60%;De 80 à 100 000 entrées;catégorie B;RDJPPR;commune-centre;225;138;115;65,2;13,2;12,6;9;204;98,5
426;24 547;23 519;ASSOCIATION ESPACE BESANCON PLANOISE;76,9;47.21818;5.973484;52162;BOURGOGNE / FRANCHE-COMTE;25056;116676;25;25602;Besançon;135448;unités urbaines de 100 000 habitants et plus;1;47;329;4%;De 20 à 30 000 entrées;catégorie B;JPPR;commune-centre;97;24;0;54,3;11;27,9;6,7;93;95,9
1330;197 159;221 083;MEGARAMA;23,5;47.240272;6.023995;52174;BOURGOGNE / FRANCHE-COMTE;25056;116676;25;25602;Besançon;135448;unités urbaines de 100 000 habitants et plus;8;53;14 022;-10,80%;De 150 à 200 000 entrées;non classé;;commune-centre;216;168;145;41;42,6;15,2;1,2;69;18,7
0;7 269;2 708;;36,7;45.512152;2.93212;52532;AUVERGNE / RHONE-ALPES;63038;1502;63;0;Zone rurale;14541106;unités urbaines de 100 000 habitants et plus;1;48;626;168%;De 5 à 10 000 entrées;non classé;;territoire rural;199;160;1;56,5;24,5;16;3;99;32,2
150;20 266;20 893;ASSOCIATION CINEVASION;35,7;47.9228694;6.6550746000000345;58121;AUVERGNE / RHONE-ALPES;43165;1536;43;0;Zone rurale;14541106;unités urbaines de 100 000 habitants et plus;1;53;982;-3,00%;De 20 à 30 000 entrées;catégorie E;JP;territoire rural;119;92;0;66,7;21,7;9,8;1,8;50;38,5
183;10 896;11 583;ASSOCIATION CINEMA L'ENTRACT;46,3;45.7445112;4.006010699999933;59211;AUVERGNE / RHONE-ALPES;42019;3308;42;42201;Boën;7311;unités urbaines de moins de 20 000 habitants et zones rurales;1;49;406;-5,90%;De 10 à 20 000 entrées;catégorie E;;commune-centre;189;157;1;72,3;19,5;7,3;0,9;105;41,2
152;14 795;16 021;VILLE DE BOURBON LANCY;20,8;46.618744;3.759124;67304;BOURGOGNE / FRANCHE-COMTE;71047;5054;71;71201;Bourbon-Lancy;5054;unités urbaines de moins de 20 000 habitants et zones rurales;1;52;768;-7,70%;De 10 à 20 000 entrées;catégorie E;JP;commune isolée;187;139;16;59,6;30,4;9,8;0,3;66;16,9
124;3 072;3 013;VILLE DE BOURBON L'ARCHAMBAULT;24,2;46.585435;3.054345;67312;AUVERGNE / RHONE-ALPES;3036;2556;3;3102;Bourbon-l'Archambault;2556;unités urbaines de moins de 20 000 habitants et zones rurales;1;53;231;2%;De 2 à 5 000 entrées;non classé;;commune isolée;71;55;0;78,4;10,8;8,2;2,6;25;27
192;11 952;10 787;LE ROXY;52,8;45.585925;2.742025;67333;AUVERGNE / RHONE-ALPES;63047;1786;63;63102;La Bourboule;2267;unités urbaines de moins de 20 000 habitants et zones rurales;1;50;430;11%;De 10 à 20 000 entrées;catégorie E;;commune-centre;106;88;4;60,6;28;9;2,4;58;29,6
213;18 406;18 064;ASSOCIATION DU CINEMA LE FOYER;32,9;45.295097;4.558306;67734;AUVERGNE / RHONE-ALPES;42023;2902;42;42102;Bourg-Argental;2902;unités urbaines de moins de 20 000 habitants et zones rurales;1;51;359;2%;De 10 à 20 000 entrées;catégorie E;;commune isolée;161;133;1;63,1;22,9;11,3;2,7;68;30
0;4 746;4 566;LES CINEMAS ASSOCIES;54,8;45.075098;6.013937;67903;AUVERGNE / RHONE-ALPES;38052;3239;38;38116;Le Bourg-d'Oisans;3239;unités urbaines de moins de 20 000 habitants et zones rurales;1;27;124;4%;De 2 à 5 000 entrées;non classé;;commune isolée;64;31;1;57,7;17,4;13,9;11;34;52,6
106;6 928;6 721;0;35,5;45.055549;6.028706;67904;AUVERGNE / RHONE-ALPES;38052;3239;38;38116;Le Bourg-d'Oisans;3239;unités urbaines de moins de 20 000 habitants et zones rurales;1;53;341;3%;De 5 à 10 000 entrées;catégorie E;;commune isolée;153;129;7;58,8;27,4;12;1,7;62;29,6
594;36 364;37 259;SOCIETE CINEMA LE PARIS;91,8;46.206273;5.22595;67981;AUVERGNE / RHONE-ALPES;1053;40819;1;1501;Bourg-en-Bresse;59778;unités urbaines de 20 000 à 100 000 habitants;3;49;3 159;-2,40%;De 30 à 40 000 entrées;catégorie D;;commune-centre;169;128;40;64,3;10,9;12,2;12,6;152;91,4
2010;507 230;530 834;KINEPOLIS;17,4;45.590599;5.277321;68423;AUVERGNE / RHONE-ALPES;38053;27502;38;38501;Bourgoin-Jallieu;57928;unités urbaines de 20 000 à 100 000 habitants;12;53;20 417;-4,40%;De 450 à 700 000 entrées;non classé;;commune-centre;372;262;199;36,2;52,6;10,7;0,6;145;8,3
388;51 720;55 517;;34,7;45.622605;6.777587;68517;AUVERGNE / RHONE-ALPES;73054;7228;73;73204;Bourg-Saint-Maurice;9626;unités urbaines de moins de 20 000 habitants et zones rurales;3;53;3 244;-6,80%;De 50 à 80 000 entrées;catégorie E;JP;commune-centre;271;226;90;45,3;40,7;13,1;1;133;20,3
358;16 730;17 925;CINEALPES;29,6;45.452663;6.567576;74553;AUVERGNE / RHONE-ALPES;73057;517;73;0;Zone rurale;14541106;unités urbaines de 100 000 habitants et plus;2;48;1 106;-6,70%;De 10 à 20 000 entrées;catégorie E;;territoire rural;159;125;38;72,8;14,3;10,9;2;66;29,1
427;31 614;31 569;VILLE DE BRIOUDE;33,2;45.292071;3.387558;75492;AUVERGNE / RHONE-ALPES;43040;6743;43;43202;Brioude;7392;unités urbaines de moins de 20 000 habitants et zones rurales;2;49;1 367;0%;De 30 à 40 000 entrées;catégorie E;JP;commune-centre;247;197;18;55;29,9;11,4;3,6;119;30
345;60 717;67 367;VILLE DE BRON;55,4;45.731192;4.914994;76073;AUVERGNE / RHONE-ALPES;69029;40694;69;758;Lyon;1639558;unités urbaines de 100 000 habitants et plus;2;47;2 262;-9,90%;De 50 à 80 000 entrées;catégorie C;RDJP;banlieue;261;187;53;68,7;17,6;8,9;4,9;174;54,4
151;20 369;18 825;LES AMIS DU CINEMA DE BUIS;57,2;44.275689;5.27174;78505;AUVERGNE / RHONE-ALPES;26063;2287;26;26101;Buis-les-Baronnies;2287;unités urbaines de moins de 20 000 habitants et zones rurales;1;53;977;8%;De 20 à 30 000 entrées;catégorie E;RDJPPR;commune isolée;311;248;1;58,4;21,3;15,4;4,9;195;51,3
267;19 118;17 684;ASSOCIATION CATHOLIQUE FAMILLES DE VASSIEUX CREPIEUX;58,9;45.797955;4.866922;82603;AUVERGNE / RHONE-ALPES;69034;42292;69;758;Lyon;1639558;unités urbaines de 100 000 habitants et plus;1;48;613;8%;De 10 à 20 000 entrées;catégorie C;;banlieue;161;127;0;75,6;9,9;10,9;3,6;106;56,6
270;24 514;29 857;UNION REGIONALE DES FEDERATIONS DES OEUVRES LAIQUES RHONE ALPES;57,6;45.804798;4.853092;82604;AUVERGNE / RHONE-ALPES;69034;42292;69;758;Lyon;1639558;unités urbaines de 100 000 habitants et plus;1;53;838;-17,90%;De 20 à 30 000 entrées;catégorie C;;banlieue;204;142;4;64,5;14,6;17,4;3,6;130;58,7
141;43 202;41 790;VILLE DE CHALLES LES EAUX;34,1;45.548622;5.986578;94802;AUVERGNE / RHONE-ALPES;73064;5346;73;73601;Chambéry;187010;unités urbaines de 100 000 habitants et plus;1;50;1 198;3%;De 40 à 50 000 entrées;catégorie C;;banlieue;190;155;11;57;28,2;13;1,8;97;24,9
722;80 742;101 957;MEGARAMA;59,8;46.781288;4.850256;95044;BOURGOGNE / FRANCHE-COMTE;71076;45390;71;71501;Chalon-sur-Saône;74911;unités urbaines de 20 000 à 100 000 habitants;4;53;5 720;-20,80%;De 80 à 100 000 entrées;catégorie D;;commune-centre;259;188;84;51;26,5;16,2;6,4;197;63,8
1134;8 002;6 358;VILLE DE CHALON SUR SAONE;28,5;46.779485;4.849123;95052;BOURGOGNE / FRANCHE-COMTE;71076;45390;71;71501;Chalon-sur-Saône;74911;unités urbaines de 20 000 à 100 000 habitants;2;14;123;26%;De 5 à 10 000 entrées;non classé;;commune-centre;19;11;2;33,2;28,1;28,3;10,4;12;48,6
1637;163 427;0;MEGARAMA;3,3;46.775786;4.864432;95076;BOURGOGNE / FRANCHE-COMTE;71076;45390;71;71501;Chalon-sur-Saône;74911;unités urbaines de 20 000 à 100 000 habitants;12;53;9 435;#DIV/0!;De 150 à 200 000 entrées;non classé;;commune-centre;142;121;100;44,6;43,6;11,4;0,4;9;2,2
154;10 805;9 401;FORUM CINEMA;56,3;45.563024;5.924935;95405;AUVERGNE / RHONE-ALPES;73065;59697;73;73601;Chambéry;187010;unités urbaines de 100 000 habitants et plus;1;43;624;15%;De 10 à 20 000 entrées;catégorie B;JPPR;commune-centre;160;33;4;38,1;33,4;19,1;9,4;120;78,9
584;104 896;99 942;FORUM CINEMA;95,8;45.566066;5.923359;95413;AUVERGNE / RHONE-ALPES;73065;59697;73;73601;Chambéry;187010;unités urbaines de 100 000 habitants et plus;4;53;6 441;5%;De 100 à 150 000 entrées;catégorie B;RDJPPR;commune-centre;315;196;154;55,5;13,9;20,3;10,3;271;94,5
235;19 765;19 484;FORUM CINEMA;83,1;45.592248;5.919227;95451;AUVERGNE / RHONE-ALPES;73065;59697;73;73601;Chambéry;187010;unités urbaines de 100 000 habitants et plus;2;39;1 861;1%;De 10 à 20 000 entrées;catégorie B;RDJPPR;commune-centre;246;133;14;51,8;19,5;20,1;8,5;217;79,9
196;10 680;11 608;VILLE DE CHAMBON SUR LIGNON;61,8;45.061194;4.302941;95732;AUVERGNE / RHONE-ALPES;43051;2521;43;0;Zone rurale;14541106;unités urbaines de 100 000 habitants et plus;2;50;889;-8,00%;De 10 à 20 000 entrées;catégorie E;RDJP;territoire rural;216;168;0;69,1;14;12;4,9;144;57,6
508;48 583;55 096;CHAMONIX SPECTACLES;33,8;45.923063;6.86902;96184;AUVERGNE / RHONE-ALPES;74056;8906;74;74301;Chamonix-Mont-Blanc;11840;unités urbaines de moins de 20 000 habitants et zones rurales;3;53;3 002;-11,80%;De 40 à 50 000 entrées;catégorie E;;commune-centre;223;178;51;51,3;34,4;12,5;1,8;124;29,6
389;30 655;26 219;LES TROIS REPUBLIQUES;23,2;46.748543;5.906232;96611;BOURGOGNE / FRANCHE-COMTE;39097;7916;39;39301;Champagnole;9841;unités urbaines de moins de 20 000 habitants et zones rurales;3;53;2 582;17%;De 30 à 40 000 entrées;catégorie E;;commune-centre;205;164;51;51,4;36,7;9,8;2;103;17,4
170;3 480;3 733;VILLE;13,8;45.454122;6.692461;96641;AUVERGNE / RHONE-ALPES;73071;605;73;0;Zone rurale;14541106;unités urbaines de 100 000 habitants et plus;1;27;298;-6,80%;De 2 à 5 000 entrées;non classé;;territoire rural;102;89;7;49,4;41,1;9,2;0,3;18;8,9
400;14 947;15 920;UNION REGIONALE DES FEDERATIONS DES OEUVRES LAIQUES RHONE ALPES;31,8;45.626941;4.935433;101491;AUVERGNE / RHONE-ALPES;69270;4098;69;758;Lyon;1639558;unités urbaines de 100 000 habitants et plus;1;44;305;-6,10%;De 10 à 20 000 entrées;catégorie E;JP;banlieue;133;89;0;59,8;19,2;16,3;4,6;57;36,7
300;31 874;30 621;VILLE DE CHARBONNIERES LES BAINS;41,4;45.780835;4.739883;101692;AUVERGNE / RHONE-ALPES;69044;5003;69;758;Lyon;1639558;unités urbaines de 100 000 habitants et plus;1;49;692;4%;De 30 à 40 000 entrées;non classé;;banlieue;150;116;3;70,1;16,2;12,2;1,6;75;33,7
301;14 818;17 211;VILLE DE LA CHARITE SUR LOIRE;56,8;47.176632;3.0219310999999607;102173;BOURGOGNE / FRANCHE-COMTE;58059;4966;58;254;La Charité-sur-Loire;5450;unités urbaines de moins de 20 000 habitants et zones rurales;2;48;1 539;-13,90%;De 10 à 20 000 entrées;catégorie E;RDJPPR;commune-centre;272;196;4;60,4;25,3;10,2;4;169;42,8
210;27 491;28 707;COMMUNAUTE DE COMMUNES DU PAYS DE CHARLIEU;51,7;46.158309;4.170764;102284;AUVERGNE / RHONE-ALPES;42052;3694;42;42204;Charlieu;9321;unités urbaines de moins de 20 000 habitants et zones rurales;2;53;1 622;-4,20%;De 20 à 30 000 entrées;catégorie E;RDJPPR;commune-centre;282;214;10;65,4;20;10,4;4,2;172;44,1
212;9 941;9 502;CINEMA DE CHARMOILLE;30,8;47.246351;6.672576;102531;BOURGOGNE / FRANCHE-COMTE;25125;335;25;0;Zone rurale;14541106;unités urbaines de 100 000 habitants et plus;1;50;295;5%;De 5 à 10 000 entrées;catégorie E;;territoire rural;142;117;0;62,9;28,2;8,6;0,3;54;29,7
233;25 364;23 215;AEP DE LA VILLE DE CHAROLLES;28;46.435078;4.273364;102853;BOURGOGNE / FRANCHE-COMTE;71106;2758;71;71105;Charolles;2758;unités urbaines de moins de 20 000 habitants et zones rurales;2;53;1 088;9%;De 20 à 30 000 entrées;catégorie E;;commune isolée;194;162;8;66,1;24,5;9,1;0,3;85;24,8
185;5 793;5 665;VILLE DE CHATEAU CHINON;47,4;47.064474;3.93279;104091;BOURGOGNE / FRANCHE-COMTE;58062;2071;58;58101;Château-Chinon (Ville);2071;unités urbaines de moins de 20 000 habitants et zones rurales;1;51;454;2%;De 5 à 10 000 entrées;catégorie E;;commune isolée;193;150;0;59,8;29,7;7,8;2,7;110;34,6
275;14 263;13 662;SOCIETE DES CINEMAS DU CHABLAIS;2,7;46.278127;6.859481;105091;AUVERGNE / RHONE-ALPES;74063;1224;74;74108;Abondance;3487;unités urbaines de moins de 20 000 habitants et zones rurales;1;30;401;4%;De 10 à 20 000 entrées;non classé;;commune-centre;58;40;28;60,7;32,7;6,1;0,5;8;3,5
100;4 851;6 117;SOCIETE DES CINEMAS DU CHABLAIS;19,9;46.2662845;6.84154239999998;105092;AUVERGNE / RHONE-ALPES;74063;1224;74;74108;Abondance;3487;unités urbaines de moins de 20 000 habitants et zones rurales;1;27;292;-20,70%;De 2 à 5 000 entrées;non classé;;commune-centre;45;34;5;71,6;17,2;11,2;0;10;10,5
245;19 616;19 676;VILLE DE CHATILLON SUR CHALARONNE;41,1;46.119679;4.956909;106072;AUVERGNE / RHONE-ALPES;1093;4914;1;1124;Châtillon-sur-Chalaronne;4914;unités urbaines de moins de 20 000 habitants et zones rurales;1;48;518;-0,30%;De 10 à 20 000 entrées;catégorie E;;commune isolée;204;152;2;58,3;27,6;12,1;1,9;111;33,1
197;18 015;14 547;CHATILLON SUR SEINE;33,5;47.858822;4.57312;106181;BOURGOGNE / FRANCHE-COMTE;21154;5385;21;21203;Châtillon-sur-Seine;5385;unités urbaines de moins de 20 000 habitants et zones rurales;2;50;913;24%;De 10 à 20 000 entrées;catégorie E;JPPR;commune isolée;218;174;13;68,4;24,3;7,2;0,1;111;18,2
250;5 994;5 387;VILLE DE CHAUDES AIGUES;27,2;44.855415;3.005081;106582;AUVERGNE / RHONE-ALPES;15045;891;15;0;Zone rurale;14541106;unités urbaines de 100 000 habitants et plus;1;52;246;11%;De 5 à 10 000 entrées;catégorie E;;territoire rural;115;95;0;74,7;16,8;8,6;0;43;19,9
147;13 291;13 753;CINE ACTION PALACE;36,3;46.206256;4.339632;106673;BOURGOGNE / FRANCHE-COMTE;71120;3725;71;258;Chauffailles;6220;unités urbaines de moins de 20 000 habitants et zones rurales;1;53;915;-3,40%;De 10 à 20 000 entrées;catégorie E;JPPR;commune-centre;220;157;5;58,2;30,5;10,6;0,8;106;25,9
195;5 808;5 610;0;35,2;45.877437;4.7121;108298;AUVERGNE / RHONE-ALPES;69052;4095;69;758;Lyon;1639558;unités urbaines de 100 000 habitants et plus;1;36;88;4%;De 5 à 10 000 entrées;non classé;;banlieue;77;65;1;64,9;21,4;12,4;1,3;29;32
159;10 461;10 485;ASSOCIATION SOU DES ECOLES LAIQUES DE LA VILLE DU CHEYLARD;15,8;44.907088;4.421455;111071;AUVERGNE / RHONE-ALPES;7064;3032;7;7114;Le Cheylard;4014;unités urbaines de moins de 20 000 habitants et zones rurales;1;46;240;-0,20%;De 10 à 20 000 entrées;non classé;;commune-centre;101;80;0;49,2;36,4;9,7;4,8;19;19,1
400;1 676;1 249;0;22,2;44.7543898;4.69809029999999;112151;AUVERGNE / RHONE-ALPES;7066;3051;7;7104;Chomérac;3051;unités urbaines de moins de 20 000 habitants et zones rurales;1;7;9;34%;Moins de 2000 entrées;non classé;;commune isolée;9;4;0;95,5;0;4,5;0;2;15,6
243;23 571;25 411;VILLE DE CLAMECY;22;47.458201;3.515322;113611;BOURGOGNE / FRANCHE-COMTE;58079;3867;58;58107;Clamecy;4165;unités urbaines de moins de 20 000 habitants et zones rurales;2;53;1 853;-7,20%;De 20 à 30 000 entrées;non classé;;commune-centre;252;190;28;52,8;36,1;9,5;1,6;118;21,6
193;11 048;10 703;ASSOCIATION CULTURE ET LOISIRS CINEMA;39,8;46.290173;4.304916;114062;BOURGOGNE / FRANCHE-COMTE;71133;1706;71;71110;La Clayette;2947;unités urbaines de moins de 20 000 habitants et zones rurales;1;52;485;3%;De 10 à 20 000 entrées;catégorie E;;commune-centre;179;140;1;67,3;21;11;0,7;89;27,9
129;3 563;3 318;VILLE DE CLELLES;61,7;44.814065;5.63181;114211;AUVERGNE / RHONE-ALPES;38113;571;38;0;Zone rurale;14541106;unités urbaines de 100 000 habitants et plus;1;51;94;7%;De 2 à 5 000 entrées;non classé;;territoire rural;81;61;1;62,1;20,9;13,9;3,1;52;64,7
670;108 155;112 268;CINEALPES;86,8;45.776195;3.081674;114621;AUVERGNE / RHONE-ALPES;63113;141398;63;63701;Clermont-Ferrand;265892;unités urbaines de 100 000 habitants et plus;5;53;8 423;-3,70%;De 100 à 150 000 entrées;catégorie A;PR;commune-centre;231;148;136;55;23;14,9;7,1;195;89,8
159;24 727;26 691;ASSOCIATION LES AMIS DU RIO;81,3;45.803623;3.108544;114664;AUVERGNE / RHONE-ALPES;63113;141398;63;63701;Clermont-Ferrand;265892;unités urbaines de 100 000 habitants et plus;1;49;1 537;-7,40%;De 20 à 30 000 entrées;catégorie A;RDJPPR;commune-centre;210;102;36;56,4;14,5;20;9,1;180;89,9
1234;144 197;111 902;CINEALPES;6;45.77645;3.08216;114701;AUVERGNE / RHONE-ALPES;63113;141398;63;63701;Clermont-Ferrand;265892;unités urbaines de 100 000 habitants et plus;7;53;11 293;29%;De 100 à 150 000 entrées;non classé;;commune-centre;143;117;115;37,6;49,4;13;0;11;4,8
269;66 734;70 687;CGR;94,4;45.778539;3.081053;114717;AUVERGNE / RHONE-ALPES;63113;141398;63;63701;Clermont-Ferrand;265892;unités urbaines de 100 000 habitants et plus;3;53;5 448;-5,60%;De 50 à 80 000 entrées;catégorie A;RDJPPR;commune-centre;197;125;117;49,4;7,9;30,4;12,3;182;97,4
1162;192 790;244 165;CGR;12,3;45.774394;3.08166;114720;AUVERGNE / RHONE-ALPES;63113;141398;63;63701;Clermont-Ferrand;265892;unités urbaines de 100 000 habitants et plus;7;53;13 970;-21,00%;De 150 à 200 000 entrées;non classé;;commune-centre;148;124;118;31,4;53,2;15,3;0;20;9,7
2218;261 560;146 294;CGR;6,2;45.807582;3.109175;114727;AUVERGNE / RHONE-ALPES;63113;141398;63;63701;Clermont-Ferrand;265892;unités urbaines de 100 000 habitants et plus;12;53;24 119;79%;De 200 à 300 000 entrées;non classé;;commune-centre;263;184;179;34,1;52,4;12,8;0,6;36;4,5
150;19 514;20 551;FEDERATION DEPARTEMENTALE FOYERS RURAUX S.L;64,1;46.4211271;4.821967699999959;114971;BOURGOGNE / FRANCHE-COMTE;71135;848;71;0;Zone rurale;14541106;unités urbaines de 100 000 habitants et plus;1;49;540;-5,00%;De 10 à 20 000 entrées;catégorie E;JP;territoire rural;79;20;0;72,5;10,9;13,4;3,2;67;71,2
289;11 245;11 342;VILLE DE CLUNY;58,6;46.43482;4.657216;115511;BOURGOGNE / FRANCHE-COMTE;71137;4803;71;71112;Cluny;4803;unités urbaines de moins de 20 000 habitants et zones rurales;1;48;423;-0,90%;De 10 à 20 000 entrées;catégorie E;JPPR;commune isolée;168;119;0;62,8;15,3;16,7;5,2;111;63,7
313;12 257;10 477;ASSOCIATION ACTION CULTURELLE ET SOCIALE CLUSAZ;5,9;45.904524;6.425393;115521;AUVERGNE / RHONE-ALPES;74080;1770;74;0;Zone rurale;14541106;unités urbaines de 100 000 habitants et plus;1;33;358;17%;De 10 à 20 000 entrées;non classé;;territoire rural;73;58;32;61,6;31,2;7,2;0;7;3,2
256;8 616;9 227;baud georges - sa baucine /  CINE MONT BLANC;12,8;46.050618;6.587273;115562;AUVERGNE / RHONE-ALPES;74081;17538;74;74502;Cluses;89490;unités urbaines de 20 000 à 100 000 habitants;1;29;281;-6,60%;De 5 à 10 000 entrées;non classé;;commune-centre;94;73;42;50,2;38,2;11,3;0,3;19;9,2
600;15 016;14 952;VILLE DE CLUSES;80,4;46.058081;6.580638;115565;AUVERGNE / RHONE-ALPES;74081;17538;74;74502;Cluses;89490;unités urbaines de 20 000 à 100 000 habitants;1;53;439;0%;De 10 à 20 000 entrées;catégorie D;;commune-centre;206;150;0;52,1;26,5;14,9;6,5;171;73,7
0;14 452;13 428;UNION DEPARTEMENT ASSOCIATIONS D'ANIMATION MILIEU RURAL ALLIER;24,6;46.287439;2.74393;118073;AUVERGNE / RHONE-ALPES;3082;6329;3;3203;Commentry;7140;unités urbaines de moins de 20 000 habitants et zones rurales;1;48;386;8%;De 10 à 20 000 entrées;non classé;;commune-centre;52;34;0;87,2;2,4;9,6;0,9;20;33,2
320;58 161;62 142;EDEN CINEMA SARL;22,3;47.409738;2.924065;121951;BOURGOGNE / FRANCHE-COMTE;58086;10388;58;58301;Cosne-Cours-sur-Loire;11508;unités urbaines de moins de 20 000 habitants et zones rurales;2;53;1 868;-6,40%;De 50 à 80 000 entrées;catégorie E;;commune-centre;226;174;31;51,5;42;6,2;0,4;92;11,1
476;49 865;53 957;VILLE DE COURNON D'AUVERGNE;23,8;45.731555;3.199146;125201;AUVERGNE / RHONE-ALPES;63124;19768;63;63701;Clermont-Ferrand;265892;unités urbaines de 100 000 habitants et plus;3;53;3 427;-7,60%;De 40 à 50 000 entrées;catégorie C;;banlieue;150;127;49;59,1;27,6;11,9;1,3;61;23
124;6 270;6 308;VILLE DE COURPIERE;39,6;45.755201;3.536932;125291;AUVERGNE / RHONE-ALPES;63125;4234;63;63115;Courpière;4234;unités urbaines de moins de 20 000 habitants et zones rurales;1;52;333;-0,60%;De 5 à 10 000 entrées;non classé;;commune isolée;154;131;1;58,2;23,7;16,1;2;71;41,3
189;3 289;2 877;VILLE DE COURS LA VILLE;28,4;46.100564;4.328791;125424;AUVERGNE / RHONE-ALPES;69066;4589;69;69106;Cours-la-Ville;4589;unités urbaines de moins de 20 000 habitants et zones rurales;1;43;148;14%;De 2 à 5 000 entrées;non classé;;commune isolée;124;102;0;60,6;25,5;13,1;0,8;39;19,3
183;59 036;63 227;VILLE DE CRAN GEVRIER;58,7;45.904817;6.100656;127103;AUVERGNE / RHONE-ALPES;74010;125694;74;74601;Annecy;168098;unités urbaines de 100 000 habitants et plus;1;53;1 509;-6,60%;De 50 à 80 000 entrées;catégorie C;RDJPPR;commune-centre;381;270;6;55,9;18,5;18,2;7,4;250;56,7
349;10 148;9 487;VILLE DE CRAPONNE;44,7;45.745756;4.718034;127232;AUVERGNE / RHONE-ALPES;69069;10979;69;758;Lyon;1639558;unités urbaines de 100 000 habitants et plus;1;40;197;7%;De 10 à 20 000 entrées;non classé;;banlieue;101;81;0;66;15,9;15,1;3;53;49,6
544;79 554;78 135;LE NAVIRE;38,2;44.726462;5.02496;128421;AUVERGNE / RHONE-ALPES;26108;8270;26;26302;Crest;13877;unités urbaines de moins de 20 000 habitants et zones rurales;3;52;2 908;2%;De 50 à 80 000 entrées;catégorie E;RDJPPR;commune-centre;348;256;39;50,8;32,5;13,5;3,2;199;35,5
456;64 257;67 907;CINEALPES;14,9;46.805596;4.420044;128605;BOURGOGNE / FRANCHE-COMTE;71153;21887;71;71401;Le Creusot;33444;unités urbaines de 20 000 à 100 000 habitants;4;53;4 487;-5,40%;De 50 à 80 000 entrées;non classé;;commune-centre;196;146;70;42,3;46,4;10,9;0,3;90;11,1
156;9 304;7 721;VILLE DE CRUAS;12,2;44.656708;4.761992;130653;AUVERGNE / RHONE-ALPES;7076;2976;7;7105;Cruas;2976;unités urbaines de moins de 20 000 habitants et zones rurales;1;42;392;21%;De 5 à 10 000 entrées;non classé;;commune isolée;92;77;0;38,7;49,5;10,9;0,9;16;9,4
250;29 558;26 700;URFOL FRANCHE COMTE;55,6;47.049645;6.481499;133681;BOURGOGNE / FRANCHE-COMTE;25271;1615;25;0;Zone rurale;14541106;unités urbaines de 100 000 habitants et plus;1;50;547;11%;De 20 à 30 000 entrées;catégorie E;JP;territoire rural;124;55;0;62;24,3;9,3;4,4;89;64,3
271;7 646;6 497;UNION REGIONALE DES FEDERATIONS DES OEUVRES LAIQUES RHONE ALPES;49,6;45.810538;4.754801;136201;AUVERGNE / RHONE-ALPES;69072;8622;69;758;Lyon;1639558;unités urbaines de 100 000 habitants et plus;1;44;141;18%;De 5 à 10 000 entrées;non classé;;banlieue;123;100;1;52,9;23,5;17;6,7;66;49,9
144;30 871;30 051;REGIE AUTONOME DE GESTION DU TOBOGGAN;58,1;45.768904;4.955836;136753;AUVERGNE / RHONE-ALPES;69275;27362;69;758;Lyon;1639558;unités urbaines de 100 000 habitants et plus;1;49;1 117;3%;De 30 à 40 000 entrées;catégorie C;JPPR;banlieue;277;184;3;60,4;18,1;17,3;4,2;189;65
345;28 119;29 246;VILLE DE DECIZE;14;46.831224;3.459781;136773;BOURGOGNE / FRANCHE-COMTE;58095;5623;58;58201;Decize;7550;unités urbaines de moins de 20 000 habitants et zones rurales;2;51;1 558;-3,90%;De 20 à 30 000 entrées;catégorie E;;commune-centre;170;136;13;48;43,2;8,4;0,4;52;12,3
113;9 254;9 038;VILLE DE DELLE;26,2;47.512144;7.007276;136912;BOURGOGNE / FRANCHE-COMTE;90033;5749;90;90301;Delle (partie française);10029;unités urbaines de moins de 20 000 habitants et zones rurales;1;53;549;2%;De 5 à 10 000 entrées;non classé;;commune-centre;131;101;0;47,7;36,6;15,7;0;41;36
207;23 111;30 580;VILLE DE DIE;70,7;44.750763;5.3764;138172;AUVERGNE / RHONE-ALPES;26113;4576;26;26110;Die;4576;unités urbaines de moins de 20 000 habitants et zones rurales;1;31;547;-24,40%;De 20 à 30 000 entrées;catégorie E;RDJPPR;commune isolée;120;86;2;61,9;16,9;14,1;7,1;96;68,3
139;10 433;9 801;CERCLE LABOR;81,9;44.527384;5.066722;138462;AUVERGNE / RHONE-ALPES;26114;3093;26;26109;Dieulefit;4007;unités urbaines de moins de 20 000 habitants et zones rurales;1;52;199;6%;De 10 à 20 000 entrées;catégorie E;;commune-centre;66;49;1;71;11,2;12,2;5,6;56;78,7
221;24 962;26 414;PANACEA ENTERTAINMENT;35,8;46.480212;3.977127;138641;BOURGOGNE / FRANCHE-COMTE;71176;7908;71;353;Digoin;10044;unités urbaines de moins de 20 000 habitants et zones rurales;1;53;1 348;-5,50%;De 20 à 30 000 entrées;catégorie E;RDJPPR;commune-centre;245;185;40;52,6;37,2;9,3;0,9;125;23,3
1634;249 842;267 272;MASSU;7;47.323594;5.030088;138712;BOURGOGNE / FRANCHE-COMTE;21231;155114;21;21701;Dijon;243244;unités urbaines de 100 000 habitants et plus;10;53;17 693;-6,50%;De 200 à 300 000 entrées;non classé;;commune-centre;187;152;142;23,1;59;17,5;0,4;22;4,8
1059;120 960;115 414;MASSU;31,3;47.323572;5.034663;138715;BOURGOGNE / FRANCHE-COMTE;21231;155114;21;21701;Dijon;243244;unités urbaines de 100 000 habitants et plus;6;53;9 909;5%;De 100 à 150 000 entrées;non classé;;commune-centre;118;93;90;72,1;21,4;6,3;0,1;38;34,7
403;83 697;92 557;LUGANO;91,9;47.314412;5.048804;138741;BOURGOGNE / FRANCHE-COMTE;21231;155114;21;21701;Dijon;243244;unités urbaines de 100 000 habitants et plus;3;53;6 040;-9,60%;De 80 à 100 000 entrées;catégorie A;RDJPPR;commune-centre;291;125;104;64,1;14,5;11,6;9,8;267;96,7
812;77 488;80 924;CINEALPES;89,2;47.325966;5.037826;138751;BOURGOGNE / FRANCHE-COMTE;21231;155114;21;21701;Dijon;243244;unités urbaines de 100 000 habitants et plus;5;53;8 820;-4,20%;De 50 à 80 000 entrées;catégorie A;RDJPPR;commune-centre;266;174;154;48,3;17;24,3;10,4;218;93,1
1037;118 102;121 935;CGR;17,2;47.095429;5.494926;139541;BOURGOGNE / FRANCHE-COMTE;39198;23373;39;39402;Dole;29916;unités urbaines de 20 000 à 100 000 habitants;6;53;8 489;-3,10%;De 100 à 150 000 entrées;non classé;;commune-centre;279;212;94;44,6;42,2;11,7;1,5;159;15,1
198;7 162;19 633;VILLE DE DOLE;87,5;47.088217;5.490063;139552;BOURGOGNE / FRANCHE-COMTE;39198;23373;39;39402;Dole;29916;unités urbaines de 20 000 à 100 000 habitants;1;17;321;-63,50%;De 5 à 10 000 entrées;non classé;;commune-centre;64;29;1;63,8;13,5;16,5;6,2;60;93,7
130;14 049;13 717;VILLE DE DOMPIERRE SUR BESBRE;25;46.512529;3.675133;140713;AUVERGNE / RHONE-ALPES;3102;3071;3;3105;Dompierre-sur-Besbre;3071;unités urbaines de moins de 20 000 habitants et zones rurales;1;52;759;2%;De 10 à 20 000 entrées;catégorie E;JPPR;commune isolée;224;145;17;56,6;31,6;11,2;0,7;115;21,6
200;7 545;8 633;UNION REGIONALE DES FEDERATIONS DES OEUVRES LAIQUES RHONE ALPES;47,9;44.379202;4.696224000000029;141262;AUVERGNE / RHONE-ALPES;26116;5541;26;26111;Donzère;5541;unités urbaines de moins de 20 000 habitants et zones rurales;1;49;287;-12,60%;De 5 à 10 000 entrées;catégorie E;JP;commune isolée;127;91;0;50,4;28;15,5;6,1;70;47,1
208;19 241;20 471;SOCIETE DES CINEMAS DU CHABLAIS;14,9;46.302008;6.310919;142311;AUVERGNE / RHONE-ALPES;74105;5716;74;74115;Douvaine;5716;unités urbaines de moins de 20 000 habitants et zones rurales;1;53;706;-6,00%;De 10 à 20 000 entrées;non classé;;commune isolée;116;86;47;56,4;31;12,3;0,3;35;23,2
182;6 915;7 019;ASSOCIATION CINEMA LE MAUBOURG;38,3;45.217931;4.34228;143691;AUVERGNE / RHONE-ALPES;43087;2856;43;43101;Dunières;2856;unités urbaines de moins de 20 000 habitants et zones rurales;1;50;266;-1,50%;De 5 à 10 000 entrées;catégorie E;;commune isolée;135;114;0;65,8;22,7;8,7;2,9;62;26
2925;710 572;703 420;Les cinemas GAUMONT-PATHE;9,7;45.147822;5.718011;144981;AUVERGNE / RHONE-ALPES;38151;35648;38;38701;Grenoble;511598;unités urbaines de 100 000 habitants et plus;12;53;23 710;1%;De 700 000 à 1 million d'entrées;non classé;;banlieue;278;190;181;33,4;54,4;11,8;0,3;52;6,4
1973;488 632;532 378;MEGARAMA;10,2;47.278354;5.995713;145241;BOURGOGNE / FRANCHE-COMTE;25212;2476;25;25602;Besançon;135448;unités urbaines de 100 000 habitants et plus;13;53;22 638;-8,20%;De 450 à 700 000 entrées;non classé;;banlieue;228;195;192;38,6;50,6;10,2;0,5;33;5,7
171;21 944;21 543;;54,7;45.779053;4.778383;145792;AUVERGNE / RHONE-ALPES;69081;17947;69;758;Lyon;1639558;unités urbaines de 100 000 habitants et plus;1;48;651;2%;De 20 à 30 000 entrées;catégorie C;JP;banlieue;184;123;1;66,1;17;13,3;3,6;117;50
222;9 810;9 670;ASSOCIATION CULTURELLE CINEMA LE MONTCELET;33,8;45.432581;5.756014;147521;AUVERGNE / RHONE-ALPES;38155;1699;38;161;Entre-deux-Guiers;3248;unités urbaines de moins de 20 000 habitants et zones rurales;1;51;471;1%;De 5 à 10 000 entrées;catégorie E;;commune-centre;169;147;1;51;35,4;11,7;1,9;66;22,4
162;10 470;11 451;SOCIETE DES CINEMAS DU CHABLAIS;17,2;46.400244;6.59546;154251;AUVERGNE / RHONE-ALPES;74119;8968;74;74501;Thonon-les-Bains;75939;unités urbaines de 20 000 à 100 000 habitants;1;51;705;-8,60%;De 10 à 20 000 entrées;non classé;;banlieue;112;84;43;59,9;26;13;1,1;33;42
435;128 321;136 531;CINEMAS VOLTAIRE (ex MARGUIN SARL);21,9;46.253781;6.118753;157971;AUVERGNE / RHONE-ALPES;1160;9482;1;652;Genève (SUI) - Annemasse (partie française);178404;unités urbaines de 100 000 habitants et plus;3;53;4 650;-6,00%;De 100 à 150 000 entrées;catégorie C;;banlieue;247;202;125;37,7;46,9;14,1;1,3;111;16,8
141;22 381;23 678;ASSOCIATION FOREZIENNE DU CINEMA FAMILIAL ET CULTU;35,6;45.743661;4.225721;159361;AUVERGNE / RHONE-ALPES;42094;8056;42;42203;Feurs;9432;unités urbaines de moins de 20 000 habitants et zones rurales;1;51;716;-5,50%;De 20 à 30 000 entrées;catégorie E;JP;commune-centre;212;174;2;61,9;28,5;7,8;1,8;108;30,1
837;73 269;73 599;VILLE DE FIRMINY;23,4;45.389679;4.28977;159923;AUVERGNE / RHONE-ALPES;42095;16839;42;753;Saint-Étienne;373130;unités urbaines de 100 000 habitants et plus;2;53;2 735;-0,40%;De 50 à 80 000 entrées;non classé;;banlieue;200;156;66;49,2;42,3;8;0,5;92;13,7
150;1 157;758;ASSOCIATION COMITE DES FETES CINEMA;0;46.656698;6.0275;162501;BOURGOGNE / FRANCHE-COMTE;39228;1048;39;0;Zone rurale;14541106;unités urbaines de 100 000 habitants et plus;1;23;34;53%;Moins de 2000 entrées;non classé;;territoire rural;26;21;0;81;18,1;1;0;0;0
250;8 856;9 376;VILLE DE FONTCOUVERTE LA TOUSSUIRE;10,2;45.247083;6.304557;163811;AUVERGNE / RHONE-ALPES;73116;534;73;0;Zone rurale;14541106;unités urbaines de 100 000 habitants et plus;1;35;311;-5,50%;De 5 à 10 000 entrées;non classé;;territoire rural;102;85;43;55;33,3;11,5;0,2;12;6,5
174;9 046;8 151;SYNDICAT INTERCOMMUNAL DU CANTON DE MODANE;33,3;45.191425;6.648346;167151;AUVERGNE / RHONE-ALPES;73117;666;73;73109;Modane;3846;unités urbaines de moins de 20 000 habitants et zones rurales;1;53;492;11%;De 5 à 10 000 entrées;catégorie E;;banlieue;210;173;8;59,9;29,2;10,8;0,1;87;31,4
193;3 947;4 289;UNION REGIONALE DES FEDERATIONS DES OEUVRES LAIQUES RHONE ALPES;47,8;45.73125;4.765987;168071;AUVERGNE / RHONE-ALPES;69089;14361;69;758;Lyon;1639558;unités urbaines de 100 000 habitants et plus;1;38;90;-8,00%;De 2 à 5 000 entrées;non classé;;banlieue;74;51;1;48,1;26,1;23;2,8;40;65,9
131;18 557;16 593;VILLE DE GANNAT;40,6;46.097274;3.197027;172682;AUVERGNE / RHONE-ALPES;3118;5841;3;3202;Gannat;5841;unités urbaines de moins de 20 000 habitants et zones rurales;1;53;876;12%;De 10 à 20 000 entrées;catégorie E;RDJP;commune isolée;235;184;1;60,1;24,9;13,7;1,3;123;34,9
266;5 336;3 904;PANORAMIC 21;26,7;47.241889;5.217949;175404;BOURGOGNE / FRANCHE-COMTE;21292;5342;21;21202;Genlis;5342;unités urbaines de moins de 20 000 habitants et zones rurales;1;48;288;37%;De 5 à 10 000 entrées;catégorie E;;commune isolée;128;99;12;75,6;18,1;6,2;0,1;50;16,2
220;11 489;11 760;baud georges - sa baucine /  CINE MONT BLANC;11,9;46.152434;6.657281;176722;AUVERGNE / RHONE-ALPES;74134;1251;74;0;Zone rurale;14541106;unités urbaines de 100 000 habitants et plus;1;26;311;-2,30%;De 10 à 20 000 entrées;non classé;;territoire rural;94;78;50;58,2;31,4;9,9;0,4;17;7,6
110;15 400;17 206;VILLE DE GEX;70,6;46.332254;6.05905;176873;AUVERGNE / RHONE-ALPES;1173;11687;1;1301;Gex;16504;unités urbaines de moins de 20 000 habitants et zones rurales;1;53;1 000;-10,50%;De 10 à 20 000 entrées;catégorie E;RDJPPR;commune-centre;296;177;1;43,9;22,5;24,6;9;226;70,1
294;1 149;1 367;VILLE DE GIERES;47,6;45.1800066;5.791162699999973;177140;AUVERGNE / RHONE-ALPES;38179;6483;38;38701;Grenoble;511598;unités urbaines de 100 000 habitants et plus;1;16;21;-15,90%;Moins de 2000 entrées;non classé;;banlieue;21;18;0;64,6;11,7;14,3;9,5;10;50,7
199;11 082;10 142;VILLE DU GRAND BORNAND;19,5;45.935346;6.473902;182461;AUVERGNE / RHONE-ALPES;74136;2154;74;74101;Le Grand-Bornand;2154;unités urbaines de moins de 20 000 habitants et zones rurales;1;33;406;9%;De 10 à 20 000 entrées;non classé;;commune isolée;154;126;54;58,1;30,6;10,8;0,6;46;9,5
150;9 096;8 938;ARAVIS CINE;15,4;45.969321;6.446761;182462;AUVERGNE / RHONE-ALPES;74136;2154;74;74101;Le Grand-Bornand;2154;unités urbaines de moins de 20 000 habitants et zones rurales;1;30;382;2%;De 5 à 10 000 entrées;non classé;;commune isolée;136;114;46;55,5;33,8;10,8;0;34;9,4
1009;100 439;107 553;ADIRA;0,4;45.189425;5.728332;185002;AUVERGNE / RHONE-ALPES;38185;160649;38;38701;Grenoble;511598;unités urbaines de 100 000 habitants et plus;6;53;11 283;-6,60%;De 100 à 150 000 entrées;non classé;;commune-centre;107;95;93;28,6;59,2;12,2;0;1;0,2
479;118 952;118 168;BETAPHI;94,6;45.187177;5.722453;185023;AUVERGNE / RHONE-ALPES;38185;160649;38;38701;Grenoble;511598;unités urbaines de 100 000 habitants et plus;5;53;8 848;1%;De 100 à 150 000 entrées;catégorie A;RD;commune-centre;247;159;144;50,8;13,5;24,8;10,8;220;97
876;114 338;118 115;ADIRA;48,5;45.190618;5.723517;185044;AUVERGNE / RHONE-ALPES;38185;160649;38;38701;Grenoble;511598;unités urbaines de 100 000 habitants et plus;7;53;12 261;-3,20%;De 100 à 150 000 entrées;non classé;;commune-centre;210;154;139;54,8;27,2;16,5;1,4;99;47
100;93;1 508;ADIRA;0;45.187597;5.721494;185081;AUVERGNE / RHONE-ALPES;38185;160649;38;38701;Grenoble;511598;unités urbaines de 100 000 habitants et plus;1;4;24;-93,80%;Moins de 2000 entrées;non classé;;commune-centre;3;0;0;91,2;8,8;0;0;0;0
2984;605 768;653 097;Les cinemas GAUMONT-PATHE;29,5;45.185486;5.731291;185116;AUVERGNE / RHONE-ALPES;38185;160649;38;38701;Grenoble;511598;unités urbaines de 100 000 habitants et plus;10;53;19 123;-7,20%;De 450 à 700 000 entrées;non classé;;commune-centre;293;200;189;33,1;49,7;15,7;1,6;104;20,2
154;3 290;3 656;;23,4;44.900658;5.555056;185241;AUVERGNE / RHONE-ALPES;38186;395;38;0;Zone rurale;14541106;unités urbaines de 100 000 habitants et plus;1;53;111;-10,00%;De 2 à 5 000 entrées;non classé;;territoire rural;88;76;0;44,4;40,5;14,2;0,9;24;18,8
180;22 069;21 615;VILLE DE GUEUGNON;34,3;46.600458;4.067349;187852;BOURGOGNE / FRANCHE-COMTE;71230;7184;71;71204;Gueugnon;7184;unités urbaines de moins de 20 000 habitants et zones rurales;1;53;1 289;2%;De 20 à 30 000 entrées;catégorie E;JPPR;commune isolée;235;178;12;57,3;32,8;8,9;1;118;25
238;13 893;14 063;ASSOCIATION COMITE MUNICIPAL DES FETES;37;44.932115;4.875562;188251;AUVERGNE / RHONE-ALPES;7102;10862;7;651;Valence;129705;unités urbaines de 100 000 habitants et plus;1;45;227;-1,20%;De 10 à 20 000 entrées;non classé;;banlieue;80;58;0;81,1;4,9;7,5;6,6;36;39,8
177;8 190;7 909;COMMUNAUTE DE COMMUNES DU PLATEAU D'HAUTEVILLE;20,9;45.977393;5.601461;192631;AUVERGNE / RHONE-ALPES;1185;3739;1;1120;Hauteville-Lompnes;3739;unités urbaines de moins de 20 000 habitants et zones rurales;1;49;559;4%;De 5 à 10 000 entrées;non classé;;commune isolée;132;106;1;54,7;33,1;10,6;1,6;38;23,3
312;2 538;3 360;MEGARAMA;6,8;45.080667;6.0585;199152;AUVERGNE / RHONE-ALPES;38191;1335;38;0;Zone rurale;14541106;unités urbaines de 100 000 habitants et plus;1;26;308;-24,50%;De 2 à 5 000 entrées;non classé;;territoire rural;42;33;18;55,3;37,9;6,8;0;5;3,7
258;11 049;10 508;VILLE D'HUEZ;14,2;45.090313;6.07033;199153;AUVERGNE / RHONE-ALPES;38191;1335;38;0;Zone rurale;14541106;unités urbaines de 100 000 habitants et plus;2;31;642;5%;De 10 à 20 000 entrées;non classé;;territoire rural;142;121;14;50,5;36,8;12,4;0,4;28;8,2
408;87 405;87 435;CINEALPES;16,6;45.543752;3.244977;202085;AUVERGNE / RHONE-ALPES;63178;14564;63;63304;Issoire;15450;unités urbaines de moins de 20 000 habitants et zones rurales;3;53;3 673;0,00%;De 80 à 100 000 entrées;catégorie E;;commune-centre;162;125;58;45,7;42,9;10,9;0,5;80;11,7
156;1 939;1 786;;95,2;45.557131;5.910739;202891;AUVERGNE / RHONE-ALPES;73137;3899;73;73601;Chambéry;187010;unités urbaines de 100 000 habitants et plus;1;21;21;9%;Moins de 2000 entrées;non classé;;banlieue;21;18;0;44;41,4;14,6;0;20;97,6
50;6 826;8 884;CINEMAFOR;31,9;45.72693270000001;3.834929299999999;204141;AUVERGNE / RHONE-ALPES;42039;451;42;0;Zone rurale;14541106;unités urbaines de 100 000 habitants et plus;1;44;135;-23,20%;De 5 à 10 000 entrées;non classé;;territoire rural;85;64;0;60,2;23,8;13,3;2,7;38;24,6
66;2 937;2 836;PANORAMIC 21;54,9;47.842504;4.365197;212450;BOURGOGNE / FRANCHE-COMTE;21336;734;21;0;Zone rurale;14541106;unités urbaines de 100 000 habitants et plus;1;48;162;4%;De 2 à 5 000 entrées;non classé;;territoire rural;148;120;1;75,9;14,9;8;1,2;87;46,6
400;1 877;1 985;ASSOCIATION DU CINEMA LE FOYER;53,7;45.120045;4.534213;213122;AUVERGNE / RHONE-ALPES;7128;404;7;0;Zone rurale;14541106;unités urbaines de 100 000 habitants et plus;1;9;41;-5,40%;Moins de 2000 entrées;non classé;;territoire rural;22;21;0;71,6;21,3;3,4;3,8;13;55,7
160;5 927;6 426;VILLE DE LANDRY;29,9;45.557325;6.763374;215092;AUVERGNE / RHONE-ALPES;73142;843;73;0;Zone rurale;14541106;unités urbaines de 100 000 habitants et plus;1;30;348;-7,80%;De 5 à 10 000 entrées;non classé;;territoire rural;121;104;13;53,4;36,7;9,9;0;39;18
184;13 700;12 783;;68,6;45.128093;5.589034;216371;AUVERGNE / RHONE-ALPES;38205;2649;38;0;Zone rurale;14541106;unités urbaines de 100 000 habitants et plus;1;50;414;7%;De 10 à 20 000 entrées;catégorie E;;territoire rural;221;169;0;51,3;19,8;22,2;6,8;162;66,3
92;1 393;511;VILLE DE LANS EN VERCORS;48,9;45.126881;5.59068;216372;AUVERGNE / RHONE-ALPES;38205;2649;38;0;Zone rurale;14541106;unités urbaines de 100 000 habitants et plus;1;3;45;173%;Moins de 2000 entrées;non classé;;territoire rural;34;18;0;26;17,5;29,1;27,3;19;55,5
180;6 098;7 439;VILLE DE LANSLEBOURG MONT CENIS;9;45.285761;6.879713;216451;AUVERGNE / RHONE-ALPES;73290;2141;73;0;Zone rurale;14541106;unités urbaines de 100 000 habitants et plus;1;30;233;-18,00%;De 5 à 10 000 entrées;non classé;;territoire rural;81;64;33;58,6;33,6;7,8;0;11;9,4
166;7 152;7 175;VILLE DE LANSLEVILLARD;8,8;45.302343;6.947815;216471;AUVERGNE / RHONE-ALPES;73290;2141;73;0;Zone rurale;14541106;unités urbaines de 100 000 habitants et plus;1;28;217;-0,30%;De 5 à 10 000 entrées;non classé;;territoire rural;76;63;31;62,3;29,4;7,9;0,4;7;5,8
445;19 220;14 149;MEGARAMA;15,1;46.673494;5.556147;232572;BOURGOGNE / FRANCHE-COMTE;39300;17459;39;39401;Lons-le-Saunier;26894;unités urbaines de 20 000 à 100 000 habitants;3;53;3 155;36%;De 10 à 20 000 entrées;non classé;;commune-centre;147;121;4;57,8;28,6;12,6;1;26;14,9
256;31 202;29 939;ESPACE COMMUNAUTAIRE LONS AGGLOMERATION;92,7;46.674335;5.555107;232584;BOURGOGNE / FRANCHE-COMTE;39300;17459;39;39401;Lons-le-Saunier;26894;unités urbaines de 20 000 à 100 000 habitants;2;51;1 579;4%;De 30 à 40 000 entrées;catégorie D;RDJPPR;commune-centre;182;127;13;57,6;12,6;20,9;8,9;172;97,1
995;214 337;230 281;MEGARAMA;5,4;46.673143;5.558777;232586;BOURGOGNE / FRANCHE-COMTE;39300;17459;39;39401;Lons-le-Saunier;26894;unités urbaines de 20 000 à 100 000 habitants;7;53;12 660;-6,90%;De 200 à 300 000 entrées;non classé;;commune-centre;203;169;141;43,5;46,7;9,7;0,1;37;4,2
124;17 135;18 302;REGIE DU SECTEUR SOCIO CULTUREL;31,4;44.75382;4.824625;233062;AUVERGNE / RHONE-ALPES;26166;6487;26;26303;Livron-sur-Drôme;16046;unités urbaines de moins de 20 000 habitants et zones rurales;1;46;703;-6,40%;De 10 à 20 000 entrées;catégorie E;JP;banlieue;164;133;3;52,6;31,1;13,9;2,4;66;30,7
469;20 476;29 377;FOURNIER CHRISTOPHE CINEMA;22,6;46.630199;5.222983;233941;BOURGOGNE / FRANCHE-COMTE;71263;6354;71;71301;Louhans;11877;unités urbaines de moins de 20 000 habitants et zones rurales;3;52;2 950;-30,30%;De 20 à 30 000 entrées;non classé;;commune-centre;173;125;31;38,5;44,3;15,1;2;80;25,8
178;3 890;4 067;VILLE DE LUZY;46,1;46.790178;3.969574;237821;BOURGOGNE / FRANCHE-COMTE;58149;1981;58;0;Zone rurale;14541106;unités urbaines de 100 000 habitants et plus;1;51;382;-4,40%;De 2 à 5 000 entrées;catégorie E;;territoire rural;175;150;0;64,9;24,2;7,4;3,5;96;36
2104;638 884;694 782;Les cinemas GAUMONT-PATHE;33,2;45.758734;4.834873;237903;AUVERGNE / RHONE-ALPES;69123;513275;69;758;Lyon;1639558;unités urbaines de 100 000 habitants et plus;10;53;19 596;-8,00%;De 450 à 700 000 entrées;non classé;;commune-centre;195;157;146;35,5;46,4;16,9;1,2;75;24,7
1281;386 757;310 895;PLEIN CHAMP;90,3;45.747368;4.835557;237933;AUVERGNE / RHONE-ALPES;69123;513275;69;758;Lyon;1639558;unités urbaines de 100 000 habitants et plus;9;53;16 338;24%;De 300 à 450 000 entrées;catégorie A;RDJPPR;commune-centre;410;241;231;51,6;18,3;20,3;9,8;356;90,7
46;3 387;3 293;CINERHONE;93,4;45.768607;4.834444;237945;AUVERGNE / RHONE-ALPES;69123;513275;69;758;Lyon;1639558;unités urbaines de 100 000 habitants et plus;1;49;1 239;3%;De 2 à 5 000 entrées;non classé;;commune-centre;118;101;1;53,1;13,1;22,5;11,3;111;95,5
91;20 107;19 932;VILLE DE LYON;67,4;45.787163;4.799719;238013;AUVERGNE / RHONE-ALPES;69123;513275;69;758;Lyon;1639558;unités urbaines de 100 000 habitants et plus;1;48;857;1%;De 20 à 30 000 entrées;catégorie A;JPPR;commune-centre;204;124;2;69,5;14,9;10,8;4,8;152;72,6
214;52 991;55 345;;97,4;45.757455;4.835595;238021;AUVERGNE / RHONE-ALPES;69123;513275;69;758;Lyon;1639558;unités urbaines de 100 000 habitants et plus;3;53;4 467;-4,30%;De 50 à 80 000 entrées;catégorie A;RD;commune-centre;234;136;95;57,5;9,9;18,7;13,8;217;97,6
894;209 288;219 181;UGC;62,4;45.769811;4.855776;238032;AUVERGNE / RHONE-ALPES;69123;513275;69;758;Lyon;1639558;unités urbaines de 100 000 habitants et plus;5;53;10 097;-4,50%;De 200 à 300 000 entrées;non classé;;commune-centre;154;105;88;61,8;17,1;17;4,1;103;61,5
136;49 568;49 836;;86,4;45.763283;4.843832;238163;AUVERGNE / RHONE-ALPES;69123;513275;69;758;Lyon;1639558;unités urbaines de 100 000 habitants et plus;3;53;4 442;-0,50%;De 40 à 50 000 entrées;catégorie A;JP;commune-centre;297;221;8;62,5;10,5;18;8,9;262;85,5
2387;471 763;539 574;UGC;6,9;45.759486;4.846313;238164;AUVERGNE / RHONE-ALPES;69123;513275;69;758;Lyon;1639558;unités urbaines de 100 000 habitants et plus;14;53;27 743;-12,60%;De 450 à 700 000 entrées;non classé;;commune-centre;186;165;162;27,8;59;13,1;0,1;18;5,4
290;10 610;9 327;ASSOCIATION BIENFAISANCE CHARMETTES;49,4;45.765819;4.865911;238244;AUVERGNE / RHONE-ALPES;69123;513275;69;758;Lyon;1639558;unités urbaines de 100 000 habitants et plus;1;42;318;14%;De 10 à 20 000 entrées;non classé;;commune-centre;175;138;0;52,3;24,8;16,8;6,2;91;48,5
326;107 176;94 492;;98,8;45.765294;4.834225;238351;AUVERGNE / RHONE-ALPES;69123;513275;69;758;Lyon;1639558;unités urbaines de 100 000 habitants et plus;4;53;6 793;13%;De 100 à 150 000 entrées;catégorie A;;commune-centre;146;96;84;52,8;18;18,1;11,2;136;99,2
97;11 737;16 225;CINERHONE;80,3;45.76732;4.835049;238421;AUVERGNE / RHONE-ALPES;69123;513275;69;758;Lyon;1639558;unités urbaines de 100 000 habitants et plus;1;50;1 557;-27,70%;De 10 à 20 000 entrées;catégorie A;PR;commune-centre;168;99;20;40,9;12;36,4;10,7;127;67,9
2830;437 074;489 911;UGC;28,7;45.784585;4.852131;238461;AUVERGNE / RHONE-ALPES;69123;513275;69;758;Lyon;1639558;unités urbaines de 100 000 habitants et plus;14;53;27 303;-10,80%;De 300 à 450 000 entrées;non classé;;commune-centre;304;234;210;30,5;50;16,5;3;140;21,7
237;38 101;36 830;L' ESPOIR DU PLATEAU;66,1;45.779971;4.832347;238494;AUVERGNE / RHONE-ALPES;69123;513275;69;758;Lyon;1639558;unités urbaines de 100 000 habitants et plus;1;45;548;3%;De 30 à 40 000 entrées;non classé;;commune-centre;170;113;0;65,1;19,7;11;4,3;121;66,3
2801;768 323;816 602;Les cinemas GAUMONT-PATHE;19,1;45.787335;4.812112;238886;AUVERGNE / RHONE-ALPES;69123;513275;69;758;Lyon;1639558;unités urbaines de 100 000 habitants et plus;14;53;28 072;-5,90%;De 700 000 à 1 million d'entrées;non classé;;commune-centre;296;236;228;31,7;53,8;13,8;0,7;73;12,5
2085;534 554;561 705;CINEALPES;22,9;46.316471;4.838508;239353;BOURGOGNE / FRANCHE-COMTE;71270;33236;71;464;Mâcon;47775;unités urbaines de 20 000 à 100 000 habitants;11;53;18 634;-4,80%;De 450 à 700 000 entrées;catégorie D;RDPR;commune-centre;449;281;199;44,8;42,6;11,6;1,1;248;15
250;5 494;5 518;VILLE DE MACOT LA PLAGNE;25,9;45.508685;6.679705;239412;AUVERGNE / RHONE-ALPES;73150;3685;73;73201;Aime;8119;unités urbaines de moins de 20 000 habitants et zones rurales;1;30;267;-0,40%;De 5 à 10 000 entrées;non classé;;banlieue;127;112;23;51,5;37,9;10,1;0,5;37;13
195;4 430;4 928;MAISON DU TOURISME D AIME MACOT LA PLAGNE;16,1;45.513546;6.697341;239413;AUVERGNE / RHONE-ALPES;73150;3685;73;73201;Aime;8119;unités urbaines de moins de 20 000 habitants et zones rurales;1;27;168;-10,10%;De 2 à 5 000 entrées;non classé;;banlieue;87;77;19;57;35,3;7,4;0,2;22;5,1
320;17 783;18 897;ASSOCIATION SALLE SAINT MICHEL;32,4;47.252947;6.800494;240661;BOURGOGNE / FRANCHE-COMTE;25356;4273;25;25109;Maîche;4273;unités urbaines de moins de 20 000 habitants et zones rurales;1;52;408;-5,90%;De 10 à 20 000 entrées;catégorie E;;commune isolée;147;121;1;68,4;25,2;6,1;0,2;54;27,5
175;10 857;11 020;VILLE DE MARCIGNY;36;46.276444;4.040561;245911;BOURGOGNE / FRANCHE-COMTE;71275;1809;71;71109;Marcigny;2974;unités urbaines de moins de 20 000 habitants et zones rurales;1;53;508;-1,50%;De 10 à 20 000 entrées;catégorie E;;commune-centre;207;164;1;59,1;26,4;12,6;1,9;89;35,5
199;5 148;6 318;VILLE DE MATOUR;39;46.306676;4.481344;252342;BOURGOGNE / FRANCHE-COMTE;71289;1068;71;0;Zone rurale;14541106;unités urbaines de 100 000 habitants et plus;1;52;213;-18,50%;De 5 à 10 000 entrées;non classé;;territoire rural;184;146;0;63,2;21,8;13,5;1,5;75;42,3
256;14 875;15 199;LE PRE BOURGES;42,9;45.216795;2.333982;253164;AUVERGNE / RHONE-ALPES;15120;3671;15;15105;Mauriac;4502;unités urbaines de moins de 20 000 habitants et zones rurales;1;49;506;-2,10%;De 10 à 20 000 entrées;catégorie E;;commune-centre;172;140;0;57,2;27,4;13,5;1,8;89;35,6
414;9 002;11 516;MEGARAMA;12,2;45.857368;6.618789;255071;AUVERGNE / RHONE-ALPES;74173;3210;74;462;Sallanches;44281;unités urbaines de 20 000 à 100 000 habitants;2;30;637;-21,80%;De 5 à 10 000 entrées;non classé;;banlieue;45;33;19;61,2;33,6;4,6;0,6;8;6,8
315;855;2 219;MEGARAMA;4,5;45.861574;6.626043;255072;AUVERGNE / RHONE-ALPES;74173;3210;74;462;Sallanches;44281;unités urbaines de 20 000 à 100 000 habitants;1;2;22;-61,50%;Moins de 2000 entrées;non classé;;banlieue;14;14;3;42,3;34,2;20,2;3,3;1;1,5
100;9 246;7 710;;2,5;46.245266;5.347704;255421;AUVERGNE / RHONE-ALPES;1241;1316;1;0;Zone rurale;14541106;unités urbaines de 100 000 habitants et plus;1;43;241;20%;De 5 à 10 000 entrées;non classé;;territoire rural;18;11;0;65,3;34,7;0;0;3;2,6
212;25 780;26 395;VILLE DE METABIEF;22,7;46.773516;6.350469;260602;BOURGOGNE / FRANCHE-COMTE;25380;1179;25;0;Zone rurale;14541106;unités urbaines de 100 000 habitants et plus;2;50;1 961;-2,30%;De 20 à 30 000 entrées;catégorie E;JP;territoire rural;246;212;43;48,3;40,4;9,7;1,6;95;13,9
161;36 678;36 383;ASSOCIATION CINEMA L'HORLOGE;36;45.90391;5.192869;261273;AUVERGNE / RHONE-ALPES;1244;7655;1;1206;Meximieux;10144;unités urbaines de moins de 20 000 habitants et zones rurales;1;51;985;1%;De 30 à 40 000 entrées;catégorie E;JPPR;commune-centre;271;191;8;53,7;28,7;14,5;3,1;136;29,5
287;22 298;20 586;COMMUNAUTE DE L'AGGLOMERATION D'ANNECY;34,7;45.916394;6.090209;261581;AUVERGNE / RHONE-ALPES;74010;125694;74;74601;Annecy;168098;unités urbaines de 100 000 habitants et plus;1;51;683;8%;De 20 à 30 000 entrées;catégorie C;;commune-centre;197;147;4;56,4;22,9;19,1;1,6;88;32,7
408;60 059;61 650;VILLE DE MEYZIEU;23,8;45.765107;5.00317;261603;AUVERGNE / RHONE-ALPES;69282;32863;69;758;Lyon;1639558;unités urbaines de 100 000 habitants et plus;3;53;3 058;-2,60%;De 50 à 80 000 entrées;catégorie C;JP;banlieue;268;218;76;49,4;37,6;12,1;0,9;112;17,2
200;2 334;1 736;VILLE DE MEYZIEU;4,9;46.36675;5.996859;262461;AUVERGNE / RHONE-ALPES;1247;336;1;0;Zone rurale;14541106;unités urbaines de 100 000 habitants et plus;1;20;61;34%;De 2 à 5 000 entrées;non classé;;territoire rural;24;18;5;78,9;19,5;1,6;0;2;4,4
300;12 223;14 583;UNION REGIONALE DES FEDERATIONS DES OEUVRES LAIQUES RHONE ALPES;41,3;45.871817;4.913437;263612;AUVERGNE / RHONE-ALPES;1249;9574;1;758;Lyon;1639558;unités urbaines de 100 000 habitants et plus;1;43;286;-16,20%;De 10 à 20 000 entrées;catégorie E;JP;banlieue;166;114;0;67,7;16,4;13,2;2,6;83;44,5
220;5 263;5 831;COMMUNAUTE DE COMMUNES DE LA NORMA;12,9;45.14954;6.634433;264123;AUVERGNE / RHONE-ALPES;73157;3180;73;73109;Modane;3846;unités urbaines de moins de 20 000 habitants et zones rurales;1;28;178;-9,70%;De 5 à 10 000 entrées;non classé;;commune-centre;75;63;13;59,6;33,7;6,1;0,6;14;5,7
330;6 684;6 730;VILLE DE MOIRANS EN MONTAGNE;38,6;46.457868;5.758014;264442;BOURGOGNE / FRANCHE-COMTE;39333;2088;39;39102;Moirans-en-Montagne;2088;unités urbaines de moins de 20 000 habitants et zones rurales;1;52;311;-0,70%;De 5 à 10 000 entrées;catégorie E;;commune isolée;192;164;33;58,3;27,6;12,4;1,6;100;34,5
348;61 498;62 171;VILLE DE MONISTROL SUR LOIRE;33,1;45.284509;4.176668;266962;AUVERGNE / RHONE-ALPES;43137;8793;43;43301;Monistrol-sur-Loire;13126;unités urbaines de moins de 20 000 habitants et zones rurales;2;52;1 510;-1,10%;De 50 à 80 000 entrées;catégorie E;RDJP;commune-centre;263;212;23;52,1;36,1;10,5;1,3;126;19
165;21 372;23 533;VILLE DE MONTBARD;40,3;47.6229;4.338005;269141;BOURGOGNE / FRANCHE-COMTE;21425;5331;21;21205;Montbard;5662;unités urbaines de moins de 20 000 habitants et zones rurales;1;53;986;-9,20%;De 20 à 30 000 entrées;catégorie E;JPPR;commune-centre;268;215;1;51;36,2;11;1,8;138;22,7
1053;45 183;46 788;KIEFER;65,3;47.50866;6.801618;269255;BOURGOGNE / FRANCHE-COMTE;25388;25336;25;25601;Montbéliard;106486;unités urbaines de 100 000 habitants et plus;4;53;4 988;-3,40%;De 40 à 50 000 entrées;catégorie C;RDJPPR;commune-centre;266;193;73;65,1;18,1;10,9;5,8;195;72,2
816;219 762;220 589;;32,4;45.612675;4.067565;269635;AUVERGNE / RHONE-ALPES;42147;15526;42;42401;Montbrison;23170;unités urbaines de 20 000 à 100 000 habitants;5;53;7 044;-0,40%;De 200 à 300 000 entrées;catégorie D;RDJP;commune-centre;382;275;163;49,5;39,7;9,7;1,1;218;15,3
662;75 617;76 200;CINEALPES;14;46.674118;4.364044;269843;BOURGOGNE / FRANCHE-COMTE;71306;18772;71;71402;Montceau-les-Mines;39188;unités urbaines de 20 000 à 100 000 habitants;3;53;3 463;-0,80%;De 50 à 80 000 entrées;catégorie D;;commune-centre;180;133;55;44;45,3;10,5;0,3;90;11
178;9 342;7 694;CINEMA OLYMPIC;28;45.575851;2.809534;270673;AUVERGNE / RHONE-ALPES;63236;1328;63;0;Zone rurale;14541106;unités urbaines de 100 000 habitants et plus;1;49;378;21%;De 5 à 10 000 entrées;non classé;;territoire rural;84;76;4;79,9;15,3;4,6;0,2;38;15,8
613;105 365;105 721;SOCIETE DU CINEMA PALACE - MONTELIMAR;11,4;44.561459;4.748988;271052;AUVERGNE / RHONE-ALPES;26198;38397;26;551;Montélimar;55791;unités urbaines de 20 000 à 100 000 habitants;5;53;4 952;-0,30%;De 100 à 150 000 entrées;non classé;;commune-centre;105;92;81;36;50,4;13,6;0;19;7,3
118;28 272;26 810;COMMUNAUTE D'AGGLOMERATION MONTELIMAR-SESAME;75,7;44.557962;4.751413;271055;AUVERGNE / RHONE-ALPES;26198;38397;26;551;Montélimar;55791;unités urbaines de 20 000 à 100 000 habitants;1;44;1 258;5%;De 20 à 30 000 entrées;catégorie D;RDJP;commune-centre;296;170;12;51,6;17,7;18,9;11,8;246;82
627;124 520;133 910;ADIRA;15,8;44.560981;4.749382;271071;AUVERGNE / RHONE-ALPES;26198;38397;26;551;Montélimar;55791;unités urbaines de 20 000 à 100 000 habitants;7;53;9 655;-7,00%;De 100 à 150 000 entrées;non classé;;commune-centre;155;130;109;44,1;47,9;7,7;0,3;37;9,2
662;171 497;181 283;CINE 2000;14,7;46.338813;2.602249;274201;AUVERGNE / RHONE-ALPES;3185;36946;3;3501;Montluçon;56615;unités urbaines de 20 000 à 100 000 habitants;5;53;6 624;-5,40%;De 150 à 200 000 entrées;catégorie D;;commune-centre;223;179;124;44,9;45,2;9,3;0,6;81;9,3
171;6 301;5 975;VILLE DE MONTLUEL;47,6;45.85006;5.057372;274272;AUVERGNE / RHONE-ALPES;1262;7032;1;758;Lyon;1639558;unités urbaines de 100 000 habitants et plus;1;44;126;5%;De 5 à 10 000 entrées;non classé;;banlieue;92;68;0;64,2;20,8;12,6;2,5;50;44,9
158;11 595;11 272;VILLE DE MONTMELIAN;66,8;45.500407;6.048642;274543;AUVERGNE / RHONE-ALPES;73171;4112;73;73202;Montmélian;6849;unités urbaines de moins de 20 000 habitants et zones rurales;1;49;304;3%;De 10 à 20 000 entrées;catégorie E;;commune-centre;132;98;0;65,9;19,6;10,7;3,9;88;63
0;8 945;2 995;LE NAVIRE;64,1;44.794674;4.937598;274900;AUVERGNE / RHONE-ALPES;26208;1908;26;0;Zone rurale;14541106;unités urbaines de 100 000 habitants et plus;1;9;39;199%;De 5 à 10 000 entrées;non classé;;territoire rural;30;16;0;66,5;18,6;12,9;2;19;60,6
0;16 435;11 173;GRAND ECRAN;71,7;44.495224;4.20018;275460;AUVERGNE / RHONE-ALPES;7189;297;7;0;Zone rurale;14541106;unités urbaines de 100 000 habitants et plus;1;52;336;47%;De 10 à 20 000 entrées;catégorie E;;territoire rural;145;102;1;69,6;9,4;17,1;3,8;98;70,2
315;4 113;4 092;SA COOPERATIVE MONTRICHER ALBANNECOOP;12,3;45.22819;6.404581;276361;AUVERGNE / RHONE-ALPES;73173;477;73;0;Zone rurale;14541106;unités urbaines de 100 000 habitants et plus;1;28;236;1%;De 2 à 5 000 entrées;non classé;;territoire rural;85;67;36;48;39,6;11,4;0,9;10;8,8
291;6 122;6 960;VILLE;22,8;45.62746;6.848058;277331;AUVERGNE / RHONE-ALPES;73176;695;73;0;Zone rurale;14541106;unités urbaines de 100 000 habitants et plus;2;30;557;-12,00%;De 5 à 10 000 entrées;non classé;;territoire rural;145;121;13;50;37,7;11,8;0,6;46;14
161;23 556;25 226;VILLE DE MORESTEL;26;45.676633;5.469622;277851;AUVERGNE / RHONE-ALPES;38261;4364;38;38302;Morestel;16051;unités urbaines de moins de 20 000 habitants et zones rurales;1;53;778;-6,60%;De 20 à 30 000 entrées;catégorie E;JP;commune-centre;197;157;3;50,2;35,8;11,7;2,3;76;19,6
308;14 261;15 685;VILLE DE MORESTEL;16,4;46.523212;6.020616;277940;BOURGOGNE / FRANCHE-COMTE;39368;5391;39;39202;Morez;7715;unités urbaines de moins de 20 000 habitants et zones rurales;2;50;1 074;-9,10%;De 10 à 20 000 entrées;non classé;;commune-centre;200;172;26;54,1;34,1;11,4;0,4;63;19,6
298;30 447;28 734;COMMUNAUTE DE COMMUNES DU PAYS MORNANTAIS;56;45.616568;4.675055;278432;AUVERGNE / RHONE-ALPES;69141;5582;69;69205;Mornant;5582;unités urbaines de moins de 20 000 habitants et zones rurales;1;49;787;6%;De 30 à 40 000 entrées;catégorie E;RDJPPR;commune-centre;200;132;0;66,9;16,9;11,6;4,6;135;55,2
120;17 496;16 494;COMMUNAUTE DE COMMUNES DU VAL DE MORTEAU;9,8;47.056013;6.605836;278802;BOURGOGNE / FRANCHE-COMTE;25411;6849;25;25204;Morteau;9904;unités urbaines de moins de 20 000 habitants et zones rurales;1;47;703;6%;De 10 à 20 000 entrées;non classé;;commune-centre;105;86;8;55,6;34;10;0,5;20;16,9
340;9 846;9 693;MAISON DES JEUNES ET DE LA CULTURE DE MORTEAU;82,9;47.05651;6.604743;278805;BOURGOGNE / FRANCHE-COMTE;25411;6849;25;25204;Morteau;9904;unités urbaines de moins de 20 000 habitants et zones rurales;1;43;275;2%;De 5 à 10 000 entrées;catégorie E;;commune-centre;82;55;0;74,8;15,5;6,5;3,3;69;78,8
288;11 756;12 729;baud georges - sa baucine / CINE MONT BLANC;12,3;46.179604;6.706652;279184;AUVERGNE / RHONE-ALPES;74191;2870;74;74114;Morzine;4604;unités urbaines de moins de 20 000 habitants et zones rurales;1;30;383;-7,60%;De 10 à 20 000 entrées;non classé;;commune-centre;101;84;49;50,7;36,8;11,1;1,3;17;7,1
261;17 319;19 062;BAUD PHILIPPE- CINEMONDE;9,5;46.191005;6.776904;279191;AUVERGNE / RHONE-ALPES;74191;2870;74;74114;Morzine;4604;unités urbaines de moins de 20 000 habitants et zones rurales;1;27;420;-9,10%;De 10 à 20 000 entrées;non classé;;commune-centre;77;64;50;49,7;41,1;9,1;0;8;7,2
1118;202 501;215 674;CGR;18,3;46.56427;3.339458;280653;AUVERGNE / RHONE-ALPES;3190;19697;3;3401;Moulins;38277;unités urbaines de 20 000 à 100 000 habitants;9;53;18 299;-6,10%;De 200 à 300 000 entrées;catégorie D;RDPR;commune-centre;379;283;161;46,3;42,6;10,3;0,9;203;13,4
263;16 039;16 090;CINEALPES;17;45.483587;6.527476;281723;AUVERGNE / RHONE-ALPES;73181;3607;73;73110;Moûtiers;4612;unités urbaines de moins de 20 000 habitants et zones rurales;2;53;1 100;-0,30%;De 10 à 20 000 entrées;catégorie E;;commune-centre;177;136;29;45,6;43,1;9,6;1,7;73;17,7
100;8 375;8 270;VILLE DE MURAT;44,8;45.110108;2.86664;282922;AUVERGNE / RHONE-ALPES;15138;1951;15;15101;Murat;1951;unités urbaines de moins de 20 000 habitants et zones rurales;1;49;560;1%;De 5 à 10 000 entrées;catégorie E;JP;commune isolée;213;170;1;59,7;22,3;16,3;1,7;112;39,8
505;31 398;29 937;LA MURE CINEMA THEATRE;38,8;44.901927;5.786028;283051;AUVERGNE / RHONE-ALPES;38269;4992;38;38204;La Mure;6587;unités urbaines de moins de 20 000 habitants et zones rurales;2;52;1 814;5%;De 30 à 40 000 entrées;catégorie E;JPPR;commune-centre;255;193;9;54;32,1;12,4;1,5;135;32,2
298;23 929;23 613;VILLE DE NANTUA;38;46.153678;5.603874;285872;AUVERGNE / RHONE-ALPES;1269;3525;1;1123;Nantua;4160;unités urbaines de moins de 20 000 habitants et zones rurales;1;49;1 187;1%;De 20 à 30 000 entrées;catégorie E;RDJPPR;commune-centre;286;197;8;55,8;28,7;13;2,5;159;31,3
269;41 900;43 700;VILLE DE NEUVILLE SUR SAONE;24,2;45.87473;4.841744;289344;AUVERGNE / RHONE-ALPES;69143;7376;69;758;Lyon;1639558;unités urbaines de 100 000 habitants et plus;2;53;1 849;-4,10%;De 40 à 50 000 entrées;catégorie C;;banlieue;163;121;41;52,5;35,1;11,8;0,7;70;21,2
1816;322 051;343 140;CINEALPES;21;46.989632;3.150328;289783;BOURGOGNE / FRANCHE-COMTE;58194;34228;58;58501;Nevers;58395;unités urbaines de 20 000 à 100 000 habitants;10;53;16 401;-6,10%;De 300 à 450 000 entrées;catégorie D;;commune-centre;349;266;178;41,9;46,6;10,9;0,6;182;12,4
181;9 465;9 619;AEP ARTS ET THEATRE;28;45.8173155;3.7672235;292201;AUVERGNE / RHONE-ALPES;42159;1611;42;0;Zone rurale;14541106;unités urbaines de 100 000 habitants et plus;1;52;282;-1,60%;De 5 à 10 000 entrées;non classé;;territoire rural;109;85;0;67,4;25;6,1;1,5;40;26,5
252;14 153;13 974;MAISON DES JEUNES ET DE LA CULTURE DE NUITS SAINT GEORGES;29,1;47.135748;4.94934;295122;BOURGOGNE / FRANCHE-COMTE;21464;5552;21;21204;Nuits-Saint-Georges;6003;unités urbaines de moins de 20 000 habitants et zones rurales;1;50;901;1%;De 10 à 20 000 entrées;catégorie E;JP;commune-centre;141;117;34;63,1;27,8;7,8;1,2;55;34
284;60 126;60 839;REGAIN;53,6;44.360368;5.13899;295254;AUVERGNE / RHONE-ALPES;26220;6690;26;26202;Nyons;6690;unités urbaines de moins de 20 000 habitants et zones rurales;2;49;2 280;-1,20%;De 50 à 80 000 entrées;catégorie E;RDJPPR;commune isolée;407;313;107;57;24,1;13;5,9;265;47
100;1 786;1 706;ASSOCIATION L'IMAGE BUISSONNIERE;47,2;44.807704;4.628561;296921;AUVERGNE / RHONE-ALPES;7167;970;7;0;Zone rurale;14541106;unités urbaines de 100 000 habitants et plus;1;44;108;5%;Moins de 2000 entrées;non classé;;territoire rural;31;20;0;60,9;26,6;11,1;1,4;16;34,8
150;37 951;35 859;CENTRE DEPARTEMENTAL DE PROMOTION DU CINEMA;52,2;46.174778;6.496059;297601;AUVERGNE / RHONE-ALPES;74205;1260;74;0;Zone rurale;14541106;unités urbaines de 100 000 habitants et plus;1;53;867;6%;De 30 à 40 000 entrées;catégorie E;RDJPPR;territoire rural;319;210;3;61,1;20,5;14,6;3,8;199;53,9
153;18 684;18 315;VILLE D'ORNANS;14,8;47.106949;6.144394;299281;BOURGOGNE / FRANCHE-COMTE;25434;4357;25;25110;Ornans;4357;unités urbaines de moins de 20 000 habitants et zones rurales;1;53;1 097;2%;De 10 à 20 000 entrées;non classé;;commune isolée;158;126;20;60,9;30,6;7,6;0,9;47;26,2
164;16 941;19 427;VILLE D'OYONNAX;74,4;46.255796;5.651795;301624;AUVERGNE / RHONE-ALPES;1283;22392;1;1401;Oyonnax;33118;unités urbaines de 20 000 à 100 000 habitants;2;48;1 251;-12,80%;De 10 à 20 000 entrées;catégorie D;RDJP;commune-centre;236;167;28;58;17;15,2;9,8;188;73,9
479;71 306;71 291;VILLE D'OYONNAX;5,9;46.258908;5.655149;301633;AUVERGNE / RHONE-ALPES;1283;22392;1;1401;Oyonnax;33118;unités urbaines de 20 000 à 100 000 habitants;3;53;2 526;0%;De 50 à 80 000 entrées;non classé;;commune-centre;155;135;106;40,3;50,3;8,4;1,1;22;4,2
148;11 841;11 723;VILLE DE PANISSIERES;32,9;45.792194;4.341577;303122;AUVERGNE / RHONE-ALPES;42165;2943;42;42101;Panissières;2943;unités urbaines de moins de 20 000 habitants et zones rurales;1;47;298;1%;De 10 à 20 000 entrées;catégorie E;;commune isolée;153;119;0;65,7;24,2;9,3;0,9;62;26,5
330;34 988;36 703;VEGA;20,8;46.449045;4.116312;303472;BOURGOGNE / FRANCHE-COMTE;71342;9201;71;71205;Paray-le-Monial;9201;unités urbaines de moins de 20 000 habitants et zones rurales;2;53;2 327;-4,70%;De 30 à 40 000 entrées;catégorie E;;commune isolée;225;175;42;52,8;36,4;10,5;0,3;101;13
360;60 610;64 423;UNION REGIONALE DES FEDERATIONS DES OEUVRES LAIQUES RHONE ALPES;15,8;45.371031;4.797096;305632;AUVERGNE / RHONE-ALPES;38298;6622;38;556;Vienne;94687;unités urbaines de 20 000 à 100 000 habitants;3;51;2 971;-5,90%;De 50 à 80 000 entrées;catégorie D;;banlieue;238;182;44;46,4;45,1;7,7;0,8;96;10,7
164;25 276;23 484;COMMUNAUTE DE COMMUNES DU PILAT RHODANIEN;43,5;45.418565;4.675401;306243;AUVERGNE / RHONE-ALPES;42168;3757;42;42108;Pélussin;4660;unités urbaines de moins de 20 000 habitants et zones rurales;1;48;607;8%;De 20 à 30 000 entrées;catégorie E;JPPR;commune-centre;215;157;3;63,5;24,6;10,4;1,5;120;38,2
88;12 700;11 903;VILLE DE PIERRE BENITE;55,9;45.703741;4.823295;310542;AUVERGNE / RHONE-ALPES;69152;10257;69;758;Lyon;1639558;unités urbaines de 100 000 habitants et plus;1;46;873;7%;De 10 à 20 000 entrées;catégorie C;;banlieue;234;159;0;67;18,6;10,4;4;149;62,8
291;57 510;57 697;LE NAVIRE;20,8;44.376008;4.701762;310925;AUVERGNE / RHONE-ALPES;26235;13105;26;26301;Pierrelatte;13105;unités urbaines de moins de 20 000 habitants et zones rurales;2;53;2 052;-0,30%;De 50 à 80 000 entrées;catégorie E;JP;commune isolée;253;201;58;39,8;47,4;11,9;0,9;100;16
350;248;48;0;100;45.133956;2.227009;313704;AUVERGNE / RHONE-ALPES;15153;1517;15;0;Zone rurale;14541106;unités urbaines de 100 000 habitants et plus;1;1;2;417%;Moins de 2000 entrées;non classé;;territoire rural;1;0;0;0;100;0;0;1;100
212;27 042;27 915;VILLE DE POLIGNY;23,7;46.836349;5.702889;317613;BOURGOGNE / FRANCHE-COMTE;39434;4104;39;39107;Poligny;4104;unités urbaines de moins de 20 000 habitants et zones rurales;1;53;1 202;-3,10%;De 20 à 30 000 entrées;catégorie E;;commune isolée;220;177;28;57,3;32,3;10;0,3;105;23,6
100;13 026;17 045;CENTRE CULTUREL MONTS LYONNAIS;20,6;45.640438;4.467393;317831;AUVERGNE / RHONE-ALPES;69155;1136;69;0;Zone rurale;14541106;unités urbaines de 100 000 habitants et plus;1;47;574;-23,60%;De 10 à 20 000 entrées;non classé;;territoire rural;71;45;0;63,2;23,9;10,3;2,6;25;22,9
50;32 462;31 566;UNION DEPARTEMENTALE MAISON DES JEUNES & DE LA CULTURE COTE D'OR;39,6;47.306004;5.410506;318612;BOURGOGNE / FRANCHE-COMTE;21496;1293;21;0;Zone rurale;14541106;unités urbaines de 100 000 habitants et plus;1;50;695;3%;De 30 à 40 000 entrées;catégorie E;JP;territoire rural;82;50;0;68,4;21;6;4,5;41;44,2
964;231 415;245 724;CINEMA OLYMPIA;15;46.901894;6.357637;318711;BOURGOGNE / FRANCHE-COMTE;25462;17140;25;25401;Pontarlier;21760;unités urbaines de 20 000 à 100 000 habitants;6;53;8 061;-5,80%;De 200 à 300 000 entrées;non classé;;commune-centre;255;202;153;44,9;44,2;10,7;0,3;77;10,3
288;52 234;49 413;FELICINE;29,7;45.432083;6.020106;318981;AUVERGNE / RHONE-ALPES;38314;7258;38;270;Pontcharra;9333;unités urbaines de moins de 20 000 habitants et zones rurales;1;53;915;6%;De 50 à 80 000 entrées;catégorie E;JP;commune-centre;220;174;48;48,6;39,2;10,5;1,7;109;24,7
169;27 081;27 752;LE DIAMANT;18,5;45.53638;5.670755;319161;AUVERGNE / RHONE-ALPES;38315;3574;38;360;Le Pont-de-Beauvoisin;16178;unités urbaines de moins de 20 000 habitants et zones rurales;1;49;801;-2,40%;De 20 à 30 000 entrées;non classé;;commune-centre;186;149;10;52,2;36,6;10,4;0,9;60;17,9
749;136 834;139 942;CINEMA VARIETES;10;45.749757;5.175101;319302;AUVERGNE / RHONE-ALPES;38316;5629;38;38402;Charvieu-Chavagneux;26024;unités urbaines de 20 000 à 100 000 habitants;5;53;5 747;-2,20%;De 100 à 150 000 entrées;non classé;;commune-centre;144;113;90;34,9;54;10,5;0,6;35;6,3
100;5 604;4 887;ASSOCIATION L'UNION OUVRIERE AEP;29,6;47.383873;6.769949;319582;BOURGOGNE / FRANCHE-COMTE;25463;4215;25;25203;Pont-de-Roide;5695;unités urbaines de moins de 20 000 habitants et zones rurales;1;53;399;15%;De 5 à 10 000 entrées;catégorie E;;commune-centre;100;79;3;74,1;17;5,1;3,8;36;34,3
117;11 615;10 723;VILLE DE PORTES LES VALENCE;54,5;44.874731;4.88233;321594;AUVERGNE / RHONE-ALPES;26252;10209;26;651;Valence;129705;unités urbaines de 100 000 habitants et plus;1;44;517;8%;De 10 à 20 000 entrées;catégorie C;;banlieue;104;75;5;67,5;17,1;12,4;3,1;64;50,9
300;11 015;10 435;SCENI QUA NON;33;47.184077;3.945032;322721;BOURGOGNE / FRANCHE-COMTE;58205;645;58;0;Zone rurale;14541106;unités urbaines de 100 000 habitants et plus;1;50;638;6%;De 10 à 20 000 entrées;catégorie E;JP;territoire rural;91;62;0;74,4;16,7;5,9;2,9;45;40,1
150;7 238;7 448;VILLE DE PRALOGNAN LA VANNOISE;15,5;45.381523;6.722351;324021;AUVERGNE / RHONE-ALPES;73206;744;73;0;Zone rurale;14541106;unités urbaines de 100 000 habitants et plus;1;30;297;-2,80%;De 5 à 10 000 entrées;non classé;;territoire rural;125;109;16;54,2;36,9;8,6;0,3;23;8,4
350;54 213;53 276;;38,9;44.734637;4.59441;326085;AUVERGNE / RHONE-ALPES;7186;8321;7;7301;Privas;14767;unités urbaines de moins de 20 000 habitants et zones rurales;3;53;2 581;2%;De 50 à 80 000 entrées;catégorie E;RDJPPR;commune-centre;310;241;58;51,9;31,8;13,1;3,2;186;32,9
1151;231 487;233 768;CINE DYKE;27,6;45.040387;3.886089;328244;AUVERGNE / RHONE-ALPES;43157;18909;43;43401;Le Puy-en-Velay;38205;unités urbaines de 20 000 à 100 000 habitants;6;53;7 690;-1,00%;De 200 à 300 000 entrées;catégorie D;;commune-centre;279;200;111;49,8;38,9;9,5;1,7;143;15,8
2393;775 837;802 695;CINEALPES;9,6;47.311707;5.092506;329531;BOURGOGNE / FRANCHE-COMTE;21515;9651;21;21701;Dijon;243244;unités urbaines de 100 000 habitants et plus;12;53;21 761;-3,30%;De 700 000 à 1 million d'entrées;non classé;;banlieue;234;197;194;35,9;52;11,9;0,2;34;4,7
200;23 102;24 796;CINEBUS;65,4;46.153096;6.238556;333751;AUVERGNE / RHONE-ALPES;74220;7585;74;652;Genève (SUI) - Annemasse (partie française);178404;unités urbaines de 100 000 habitants et plus;1;53;638;-6,80%;De 20 à 30 000 entrées;catégorie E;JP;banlieue;150;104;0;67,5;17,7;11,8;3;102;64,6
100;8 080;11 812;CINE LUX;40,8;45.186514;4.029204;335751;AUVERGNE / RHONE-ALPES;43162;2899;43;0;Zone rurale;14541106;unités urbaines de 100 000 habitants et plus;1;48;400;-31,60%;De 5 à 10 000 entrées;catégorie E;;territoire rural;102;76;0;64,4;21,4;11,4;2,9;47;48,4
590;34 146;9 862;VILLE DE RILLIEUX LA PAPE;33,9;45.81862;4.904221;337784;AUVERGNE / RHONE-ALPES;69286;30375;69;758;Lyon;1639558;unités urbaines de 100 000 habitants et plus;3;53;3 095;246%;De 30 à 40 000 entrées;catégorie C;;banlieue;322;224;23;50,9;34,7;12,6;1,7;175;32,6
543;12 880;0;;50,3;45.894648;3.119978;338145;AUVERGNE / RHONE-ALPES;63300;18987;63;63401;Riom;33406;unités urbaines de 20 000 à 100 000 habitants;3;49;923;#DIV/0!;De 10 à 20 000 entrées;catégorie D;JPPR;commune-centre;114;70;5;43,5;32,6;14,9;9;76;57,8
184;9 777;10 214;0;36,7;45.281368;2.657031;338212;AUVERGNE / RHONE-ALPES;15162;2591;15;15102;Riom-ès-Montagnes;2591;unités urbaines de moins de 20 000 habitants et zones rurales;1;49;316;-4,30%;De 5 à 10 000 entrées;catégorie E;;commune isolée;160;133;0;62;27,9;9;1,2;78;25,1
384;59 060;59 297;VILLE DE RIVE DE GIER;37,5;45.528846;4.614829;338461;AUVERGNE / RHONE-ALPES;42186;15182;42;753;Saint-Étienne;373130;unités urbaines de 100 000 habitants et plus;2;53;2 735;-0,40%;De 50 à 80 000 entrées;catégorie C;JPPR;banlieue;275;182;37;47,6;34,6;11,4;6,4;159;34,7
429;59 197;54 353;CINE RIVAGE;93;46.038163;4.069538;338953;AUVERGNE / RHONE-ALPES;42187;34831;42;42502;Roanne;79899;unités urbaines de 20 000 à 100 000 habitants;2;49;2 560;9%;De 50 à 80 000 entrées;catégorie D;RDJPPR;commune-centre;237;153;35;64;12,7;14,4;8,9;223;95,8
1919;356 212;367 997;BAUD PHILIPPE- CINEMONDE;10,2;46.037107;4.06479;339013;AUVERGNE / RHONE-ALPES;42187;34831;42;42502;Roanne;79899;unités urbaines de 20 000 à 100 000 habitants;9;53;13 806;-3,20%;De 300 à 450 000 entrées;non classé;;commune-centre;201;176;174;42,2;47,6;10,2;0;24;5,1
258;9 036;15 486;VILLE DE LA ROCHE SUR FORON;67;46.066503;6.314579;339254;AUVERGNE / RHONE-ALPES;74224;11659;74;74502;Cluses;89490;unités urbaines de 20 000 à 100 000 habitants;1;17;194;-41,70%;De 5 à 10 000 entrées;catégorie D;JP;commune-centre;55;45;0;57,7;15,6;20,4;6,3;40;58,3
350;9 228;7 572;VILLE DE ROCHE LA MOLIERE;33,3;45.434822;4.32352;339810;AUVERGNE / RHONE-ALPES;42189;9868;42;753;Saint-Étienne;373130;unités urbaines de 100 000 habitants et plus;1;38;94;22%;De 5 à 10 000 entrées;non classé;;banlieue;60;35;0;57,3;28,7;12,4;1,6;24;43,3
1069;182 330;180 798;SOCIETE ROMANAISE CINEMATOGRAPHIQUE;11,6;45.045939;5.054595;341752;AUVERGNE / RHONE-ALPES;26281;33465;26;26501;Romans-sur-Isère;57105;unités urbaines de 20 000 à 100 000 habitants;8;53;10 193;1%;De 150 à 200 000 entrées;non classé;;commune-centre;213;195;182;40,8;48,6;10,3;0,3;61;5,6
434;41 201;42 640;SOCIETE ROMANAISE CINEMATOGRAPHIQUE;87,4;45.046219;5.050587;341771;AUVERGNE / RHONE-ALPES;26281;33465;26;26501;Romans-sur-Isère;57105;unités urbaines de 20 000 à 100 000 habitants;3;47;2 281;-3,40%;De 40 à 50 000 entrées;catégorie D;JP;commune-centre;136;91;59;61,3;18,2;10,1;10,3;112;88,7
292;21 566;26 939;AEP JEAN BECQUE;27,9;44.482369;4.255896;343491;AUVERGNE / RHONE-ALPES;7199;1188;7;7402;Aubenas;41552;unités urbaines de 20 000 à 100 000 habitants;1;46;917;-19,90%;De 20 à 30 000 entrées;non classé;;banlieue;240;213;3;51,5;35,9;10,8;1,8;92;17,3
291;22 820;25 102;MODERNE CINEMA;14,1;46.484074;6.058293;345631;BOURGOGNE / FRANCHE-COMTE;39470;3410;39;0;Zone rurale;14541106;unités urbaines de 100 000 habitants et plus;2;53;1 764;-9,10%;De 20 à 30 000 entrées;non classé;;territoire rural;231;185;38;45,7;43,9;9,5;0,8;83;11,7
516;75 398;57 685;VILLE DE RUMILLY;28,9;45.85878;5.957306;347732;AUVERGNE / RHONE-ALPES;74225;14931;74;74302;Rumilly;16812;unités urbaines de moins de 20 000 habitants et zones rurales;3;53;3 141;31%;De 50 à 80 000 entrées;non classé;;commune-centre;325;250;98;47,1;39,3;11,8;1,8;148;17
245;11 023;11 537;ASSOCIATION D' EDUCATION POPULAIRE CINEMA LE FOYER;25,5;44.453436;4.339659;347831;AUVERGNE / RHONE-ALPES;7201;2258;7;7111;Ruoms;3764;unités urbaines de moins de 20 000 habitants et zones rurales;1;53;548;-4,50%;De 10 à 20 000 entrées;catégorie E;;commune-centre;235;210;0;48,4;38,7;11,6;1,2;81;19,7
199;12 474;12 764;VILLE DE SAIN BEL;50,3;45.809747;4.596802;349322;AUVERGNE / RHONE-ALPES;69171;2309;69;69303;L'Arbresle;20735;unités urbaines de 20 000 à 100 000 habitants;1;44;191;-2,30%;De 10 à 20 000 entrées;catégorie E;;banlieue;155;118;1;66,7;21,1;11,7;0,5;89;46,1
149;536;562;PANORAMIC 21;31,6;47.620428;4.88235;350390;BOURGOGNE / FRANCHE-COMTE;21579;217;21;0;Zone rurale;14541106;unités urbaines de 100 000 habitants et plus;1;35;38;-4,60%;Moins de 2000 entrées;non classé;;territoire rural;35;31;0;83,6;10,9;5,6;0;12;20,9
1554;394 874;398 664;baud georges - sa baucine / CINE MONT BLANC;18,2;45.944805;6.630005;350414;AUVERGNE / RHONE-ALPES;74256;16050;74;462;Sallanches;44281;unités urbaines de 20 000 à 100 000 habitants;10;53;16 115;-1,00%;De 300 à 450 000 entrées;catégorie D;;commune-centre;334;267;199;40,4;47,4;11,9;0,4;143;10,5
304;12 455;11 842;BAUD PHILIPPE- CINEMONDE;9,5;46.0819758;6.727133399999957;351441;AUVERGNE / RHONE-ALPES;74258;2396;74;74110;Samoëns;3743;unités urbaines de moins de 20 000 habitants et zones rurales;1;29;409;5%;De 10 à 20 000 entrées;non classé;;commune-centre;79;64;50;52,3;38,9;8,9;0;9;6,9
151;12 012;13 226;ASSOCIATION CINEMA THEATRE EXPRESSION SEDELOCIEN;30,7;47.280282;4.229497;354301;BOURGOGNE / FRANCHE-COMTE;21584;2473;21;21104;Saulieu;2473;unités urbaines de moins de 20 000 habitants et zones rurales;1;53;623;-9,20%;De 10 à 20 000 entrées;catégorie E;JP;commune isolée;218;169;1;51,6;35,8;11,1;1,5;85;26,8
124;18 039;17 839;ASSOCIATION L' OEIL ECOUTE;53,6;47.49215;4.334794;359082;BOURGOGNE / FRANCHE-COMTE;21603;4124;21;21109;Semur-en-Auxois;4124;unités urbaines de moins de 20 000 habitants et zones rurales;1;53;730;1%;De 10 à 20 000 entrées;catégorie E;RDJPPR;commune isolée;253;187;1;61,9;21,2;13,7;3,2;156;48
277;25 529;26 626;AUDITORIUM DE SEYNOD;40,2;45.889595;6.101037;362651;AUVERGNE / RHONE-ALPES;74010;125694;74;74601;Annecy;168098;unités urbaines de 100 000 habitants et plus;1;48;589;-4,10%;De 20 à 30 000 entrées;catégorie C;JP;commune-centre;218;155;5;48,6;28,9;17,7;4,8;110;42,4
128;6 846;4 818;VILLE DE SEYSSEL;32,8;45.95807;5.835541;362693;AUVERGNE / RHONE-ALPES;74269;2290;74;164;Seyssel;4526;unités urbaines de moins de 20 000 habitants et zones rurales;1;51;201;42%;De 5 à 10 000 entrées;non classé;;commune-centre;144;118;0;60,8;26;12,8;0,4;52;37
0;38 069;38 675;CINEBUS;55,3;45.941027;6.035993;363480;AUVERGNE / RHONE-ALPES;74272;5045;74;74601;Annecy;168098;unités urbaines de 100 000 habitants et plus;1;53;1 028;-1,60%;De 30 à 40 000 entrées;catégorie E;RDJP;banlieue;164;100;1;62,6;22;12,1;3,4;114;55,9
100;15 756;15 204;CINE PARC;63,2;45.583013;3.621912;372341;AUVERGNE / RHONE-ALPES;63314;500;63;0;Zone rurale;14541106;unités urbaines de 100 000 habitants et plus;1;51;410;4%;De 10 à 20 000 entrées;catégorie E;JP;territoire rural;93;54;0;52,1;23,8;19,2;4,8;68;80,6
100;840;1 075;;33,3;45.174031;5.218117;373599;AUVERGNE / RHONE-ALPES;38359;1167;38;0;Zone rurale;14541106;unités urbaines de 100 000 habitants et plus;1;8;12;-21,90%;Moins de 2000 entrées;non classé;;territoire rural;11;3;1;70;0;20;10;4;40
258;6 632;6 345;MEGARAMA;8,1;45.411405;6.633802;376531;AUVERGNE / RHONE-ALPES;73227;2370;73;0;Zone rurale;14541106;unités urbaines de 100 000 habitants et plus;1;27;322;5%;De 5 à 10 000 entrées;non classé;;territoire rural;43;33;20;52,2;41,6;6,1;0;5;8,5
145;19 200;19 306;COMMUNAUTE DE COMMUNES DE SAINT BONNET LE CHATEAU;43,5;45.421496;4.064272;376842;AUVERGNE / RHONE-ALPES;42204;1552;42;0;Zone rurale;14541106;unités urbaines de 100 000 habitants et plus;1;53;1 155;-0,50%;De 10 à 20 000 entrées;catégorie E;RDJPPR;territoire rural;301;249;6;56,9;27,2;11,4;4,4;173;37,7
330;62 924;81 623;VILLE DE SAINT CHAMOND;33,1;45.476836;4.506032;378132;AUVERGNE / RHONE-ALPES;42207;34870;42;753;Saint-Étienne;373130;unités urbaines de 100 000 habitants et plus;2;45;1 914;-22,90%;De 50 à 80 000 entrées;catégorie C;JPPR;banlieue;176;130;30;56,2;35,4;7,5;0,9;86;22,1
419;35 205;36 360;ASSOCIATION LA FRATERNELLE;36,1;46.387715;5.86346;379403;BOURGOGNE / FRANCHE-COMTE;39478;9732;39;39302;Saint-Claude;10346;unités urbaines de moins de 20 000 habitants et zones rurales;3;53;2 742;-3,20%;De 30 à 40 000 entrées;catégorie E;RDJPPR;commune-centre;320;226;55;50,6;35,7;11,9;1,9;190;28,9
232;10 307;9 725;COMMUNAUTE DE COMMUNES DU PAYS DE L'HERBASSE;47,5;45.122686;4.98172;382660;AUVERGNE / RHONE-ALPES;26301;4018;26;26104;Saint-Donat-sur-l'Herbasse;4018;unités urbaines de moins de 20 000 habitants et zones rurales;1;53;280;6%;De 10 à 20 000 entrées;catégorie E;;commune isolée;181;138;2;60,4;22,2;14,6;2,8;94;53,8
432;59 174;56 554;VILLE DE SAINT EGREVE;37,9;45.230283;5.681963;382760;AUVERGNE / RHONE-ALPES;38382;15738;38;38701;Grenoble;511598;unités urbaines de 100 000 habitants et plus;2;50;1 833;5%;De 50 à 80 000 entrées;catégorie C;JP;banlieue;309;251;35;56,6;28,4;12,3;2,6;170;32,8
2006;302 520;326 061;MASSU depuis fev 2015 (ex-EUROPALACES);11,1;45.441579;4.383999;383245;AUVERGNE / RHONE-ALPES;42218;171057;42;753;Saint-Étienne;373130;unités urbaines de 100 000 habitants et plus;10;53;17 392;-7,20%;De 300 à 450 000 entrées;non classé;;commune-centre;184;151;139;35,3;54,3;10;0,4;24;5,3
477;46 850;45 209;"CENTRE CULTUREL CINEMATOGRAPHIQUE LES ""3C""";86,2;45.43924;4.401579;383261;AUVERGNE / RHONE-ALPES;42218;171057;42;753;Saint-Étienne;373130;unités urbaines de 100 000 habitants et plus;2;48;2 763;4%;De 40 à 50 000 entrées;catégorie A;RDJPPR;commune-centre;292;176;34;55;20,4;16,2;8,3;264;86,2
630;141 151;143 700;SOCIETE BRAYTOISE D'EXPLOITATION CINEMATOGRAPHIQUES;91,8;45.441646;4.387294;383585;AUVERGNE / RHONE-ALPES;42218;171057;42;753;Saint-Étienne;373130;unités urbaines de 100 000 habitants et plus;4;53;7 317;-1,80%;De 100 à 150 000 entrées;catégorie A;RDJPPR;commune-centre;320;215;158;56,8;17,1;17,9;8,3;291;93,2
1640;212 442;213 011;MASSU depuis fev 2015 (ex-EUROPALACES);7,8;45.4379;4.395893;383589;AUVERGNE / RHONE-ALPES;42218;171057;42;753;Saint-Étienne;373130;unités urbaines de 100 000 habitants et plus;10;53;17 652;-0,30%;De 200 à 300 000 entrées;non classé;;commune-centre;170;136;128;33,4;53,9;12,4;0,3;27;4,7
950;23 519;0;;19,8;45.472045;4.505391;383599;AUVERGNE / RHONE-ALPES;42207;34870;42;753;Saint-Étienne;373130;unités urbaines de 100 000 habitants et plus;6;6;899;#DIV/0!;De 20 à 30 000 entrées;non classé;;banlieue;47;37;15;53,8;35,9;9,6;0,7;23;18,7
252;35 041;32 482;REGIE PERSONNALISEE LA PASSERELLE;34;45.03382;3.095174;385491;AUVERGNE / RHONE-ALPES;15187;6630;15;15201;Saint-Flour;6630;unités urbaines de moins de 20 000 habitants et zones rurales;2;53;1 248;8%;De 30 à 40 000 entrées;catégorie E;RDJP;commune isolée;262;217;10;51,4;33,8;14,1;0,7;143;23,2
280;80 463;77 122;;59,7;45.73594;4.79997;385823;AUVERGNE / RHONE-ALPES;69202;21978;69;758;Lyon;1639558;unités urbaines de 100 000 habitants et plus;2;53;2 489;4%;De 80 à 100 000 entrées;catégorie C;RDJPPR;banlieue;344;222;58;65,5;13,3;14,9;6,4;231;63,1
160;5 928;5 747;SIVOM DE SAINT FRANCOIS LONGCHAMP;9;45.415068;6.357553;385941;AUVERGNE / RHONE-ALPES;73235;460;73;0;Zone rurale;14541106;unités urbaines de 100 000 habitants et plus;1;28;223;3%;De 5 à 10 000 entrées;non classé;;territoire rural;84;67;28;48,5;41,4;10,1;0;8;5,3
202;27 518;24 965;VILLE DE SAINT GALMIER;32;45.591253;4.316478;386192;AUVERGNE / RHONE-ALPES;42222;5688;42;42501;Saint-Just-Saint-Rambert;60716;unités urbaines de 20 000 à 100 000 habitants;1;53;1 097;10%;De 20 à 30 000 entrées;catégorie D;JPPR;banlieue;276;206;9;53,4;29,5;14,1;3;126;29,6
221;12 202;12 200;VILLE DE SAINT GENEST MALIFAUX;31,6;45.339698;4.414174;386792;AUVERGNE / RHONE-ALPES;42224;2874;42;0;Zone rurale;14541106;unités urbaines de 100 000 habitants et plus;1;50;272;0%;De 10 à 20 000 entrées;catégorie E;;territoire rural;124;95;0;73,9;15,4;9,3;1,4;53;30,3
301;15 498;16 859;VILLE DE SAINT GENIS LAVAL;67,3;45.696745;4.795075;387142;AUVERGNE / RHONE-ALPES;69204;21342;69;758;Lyon;1639558;unités urbaines de 100 000 habitants et plus;1;35;394;-8,10%;De 10 à 20 000 entrées;catégorie C;;banlieue;147;87;0;68,8;15,2;11,1;4,9;111;71,3
147;11 695;11 894;VILLE DE SAINT GENIX SUR GUIERS;47,7;45.599999;5.633175;387191;AUVERGNE / RHONE-ALPES;73236;2384;73;167;Aoste;5246;unités urbaines de moins de 20 000 habitants et zones rurales;1;51;667;-1,70%;De 10 à 20 000 entrées;catégorie E;JPPR;banlieue;180;145;4;63,4;21,1;9,7;5,8;100;40,3
179;4 221;3 762;VILLE DE SAINT GENIS LAVAL;61,3;46.905158;3.842831;391951;BOURGOGNE / FRANCHE-COMTE;58246;756;58;0;Zone rurale;14541106;unités urbaines de 100 000 habitants et plus;1;51;389;12%;De 2 à 5 000 entrées;catégorie E;;territoire rural;171;131;0;72,8;15,9;6;5,3;109;60,4
215;12 352;13 476;VILLE DE SAINT GENIS LAVAL;24,3;45.214928;6.260483;392710;AUVERGNE / RHONE-ALPES;73242;265;73;0;Zone rurale;14541106;unités urbaines de 100 000 habitants et plus;1;49;461;-8,30%;De 10 à 20 000 entrées;catégorie E;;territoire rural;171;141;27;53,7;36,7;9,4;0,2;64;13,4
285;12 838;13 219;VILLE DE SAINT JEAN DE BOURNAY;38,7;45.501585;5.142493;392882;AUVERGNE / RHONE-ALPES;38399;4622;38;38123;Saint-Jean-de-Bournay;4622;unités urbaines de moins de 20 000 habitants et zones rurales;1;46;380;-2,90%;De 10 à 20 000 entrées;catégorie E;;commune isolée;161;131;0;55,6;27,6;15,8;1;69;33,7
265;35 247;37 628;VAL LOISIRS;18,9;45.277364;6.348249;393293;AUVERGNE / RHONE-ALPES;73248;7809;73;73301;Saint-Jean-de-Maurienne;9474;unités urbaines de moins de 20 000 habitants et zones rurales;1;53;1 139;-6,30%;De 30 à 40 000 entrées;non classé;;commune-centre;217;177;84;43,7;45,5;10,4;0,4;87;11,7
92;8 677;9 130;VILLE DE SAINT JORIOZ;49,4;45.832006;6.161597;394522;AUVERGNE / RHONE-ALPES;74242;5747;74;74601;Annecy;168098;unités urbaines de 100 000 habitants et plus;1;52;239;-5,00%;De 5 à 10 000 entrées;catégorie C;;banlieue;167;127;1;65,2;14,8;17,1;2,9;96;47,3
123;32 390;33 863;VILLE DE SAINT JULIEN EN GENEVOIS;68,2;46.144524;6.080637;395484;AUVERGNE / RHONE-ALPES;74243;14085;74;652;Genève (SUI) - Annemasse (partie française);178404;unités urbaines de 100 000 habitants et plus;1;50;1 020;-4,30%;De 30 à 40 000 entrées;catégorie C;JPPR;banlieue;226;164;9;57,5;14,7;20,8;7;171;71,3
0;2 185;1 749;ASSOCIATION DU CINEMA LE FOYER;70,5;45.319731;4.616216;395720;AUVERGNE / RHONE-ALPES;42246;1160;42;0;Zone rurale;14541106;unités urbaines de 100 000 habitants et plus;1;34;61;25%;De 2 à 5 000 entrées;non classé;;territoire rural;51;35;0;65,2;14,4;14,3;6,1;40;74,7
1277;305 554;284 724;;24,6;45.51246;4.263395;396275;AUVERGNE / RHONE-ALPES;42279;14935;42;42501;Saint-Just-Saint-Rambert;60716;unités urbaines de 20 000 à 100 000 habitants;7;53;10 079;7%;De 300 à 450 000 entrées;catégorie D;PR;commune-centre;306;235;165;45,8;43,4;10,3;0,6;133;12,5
187;12 889;11 917;ASSOCIATION CULTURE ET LOISIRS CINEMA LE CARTUS;30,9;45.388247;5.73148;397231;AUVERGNE / RHONE-ALPES;38412;4543;38;38124;Saint-Laurent-du-Pont;4543;unités urbaines de moins de 20 000 habitants et zones rurales;1;51;482;8%;De 10 à 20 000 entrées;non classé;;commune isolée;179;151;1;57,6;30;11;1,4;67;23,5
330;42 558;43 127;VILLE DE SAINT MARCELLIN;25,5;45.155481;5.318377;400305;AUVERGNE / RHONE-ALPES;38416;8133;38;38401;Saint-Marcellin;21027;unités urbaines de 20 000 à 100 000 habitants;2;53;1 536;-1,30%;De 40 à 50 000 entrées;catégorie D;;commune-centre;262;230;78;58;30,4;10,2;1,4;112;16,2
180;5 500;5 179;MEGARAMA;17,1;45.295246;6.58263;402242;AUVERGNE / RHONE-ALPES;73257;2975;73;0;Zone rurale;14541106;unités urbaines de 100 000 habitants et plus;1;32;357;6%;De 5 à 10 000 entrées;non classé;;territoire rural;133;110;12;53,1;38,3;7,8;0,8;31;11,8
344;9 727;9 625;MEGARAMA;19;45.323346;6.538468;402243;AUVERGNE / RHONE-ALPES;73257;2975;73;0;Zone rurale;14541106;unités urbaines de 100 000 habitants et plus;2;31;673;1%;De 5 à 10 000 entrées;non classé;;territoire rural;142;120;14;48,8;41,6;9,4;0,2;36;8,7
290;6 814;5 111;MEGARAMA;16,4;45.323346;6.538468;402249;AUVERGNE / RHONE-ALPES;73257;2975;73;0;Zone rurale;14541106;unités urbaines de 100 000 habitants et plus;1;31;341;33%;De 5 à 10 000 entrées;non classé;;territoire rural;135;109;11;59,7;31,9;8,2;0,2;35;14,5
25;8 828;9 270;;62,2;44.833366;5.59397;402431;AUVERGNE / RHONE-ALPES;38419;181;38;0;Zone rurale;14541106;unités urbaines de 100 000 habitants et plus;1;51;439;-4,80%;De 5 à 10 000 entrées;catégorie E;;territoire rural;83;61;1;56,3;25,4;15;3,3;54;67
140;27 255;27 714;VILLE DE SAINT MARTIN D'HERES;73;45.185764;5.747373;403281;AUVERGNE / RHONE-ALPES;38421;38479;38;38701;Grenoble;511598;unités urbaines de 100 000 habitants et plus;1;45;1 057;-1,70%;De 20 à 30 000 entrées;catégorie C;RDJP;banlieue;200;139;5;53,6;19;21,8;5,6;162;85,2
299;63 421;62 119;CINEMA PARADISO;29,1;45.660214;4.558851;403681;AUVERGNE / RHONE-ALPES;69227;3907;69;69105;Saint-Martin-en-Haut;3907;unités urbaines de moins de 20 000 habitants et zones rurales;2;53;2 955;2%;De 50 à 80 000 entrées;catégorie E;RDJPPR;commune isolée;420;319;48;54,9;31;11,6;2,5;216;23,3
187;9 778;9 432;VILLE DE SAINT MICHEL DE MAURIENNE;42,2;45.21706;6.474053;406333;AUVERGNE / RHONE-ALPES;73261;2472;73;73104;Saint-Michel-de-Maurienne;2831;unités urbaines de moins de 20 000 habitants et zones rurales;1;49;467;4%;De 5 à 10 000 entrées;catégorie E;;commune-centre;236;191;13;61,5;22,4;12,5;3,6;121;38,4
159;32 330;30 584;VILLE DE SAINT PAUL TROIS CHATEAUX;20;44.353475;4.739599;409903;AUVERGNE / RHONE-ALPES;26324;8969;26;26203;Saint-Paul-Trois-Châteaux;10328;unités urbaines de moins de 20 000 habitants et zones rurales;1;53;1 233;6%;De 30 à 40 000 entrées;non classé;;commune-centre;209;175;43;45;44,4;8,7;1,9;95;22,3
300;2 867;2 547;SAS JFR;43,1;45.569699;6.15397;410631;AUVERGNE / RHONE-ALPES;73270;3936;73;73108;Saint-Pierre-d'Albigny;4838;unités urbaines de moins de 20 000 habitants et zones rurales;1;42;123;13%;De 2 à 5 000 entrées;non classé;;commune-centre;63;43;0;43,2;33,3;23,5;0;28;26,2
0;8 025;6 855;;29,8;46.307498;3.289943;412532;AUVERGNE / RHONE-ALPES;3254;5090;3;3201;Saint-Pourçain-sur-Sioule;5090;unités urbaines de moins de 20 000 habitants et zones rurales;1;50;382;17%;De 5 à 10 000 entrées;non classé;;commune isolée;156;127;0;61;26,1;11,4;1,5;61;26,4
395;64 526;59 224;VILLE DE SAINT PRIEST;27,4;45.694405;4.936379;412623;AUVERGNE / RHONE-ALPES;69290;45097;69;758;Lyon;1639558;unités urbaines de 100 000 habitants et plus;2;53;2 861;9%;De 50 à 80 000 entrées;catégorie C;JP;banlieue;284;195;45;41,7;45,7;10,6;1,9;161;23
208;13 340;11 511;CIN'ETOILES;38,7;45.24015;4.233176;416701;AUVERGNE / RHONE-ALPES;43224;5959;43;43203;Sainte-Sigolène;8231;unités urbaines de moins de 20 000 habitants et zones rurales;1;53;455;16%;De 10 à 20 000 entrées;catégorie E;;commune-centre;211;172;0;61,3;25,1;9,9;3,8;106;23,3
376;30 001;28 383;AEP CINEMA LE FOYER;29,4;45.629307;4.452451;418121;AUVERGNE / RHONE-ALPES;69238;3627;69;69103;Saint-Symphorien-sur-Coise;3627;unités urbaines de moins de 20 000 habitants et zones rurales;2;53;1 246;6%;De 30 à 40 000 entrées;catégorie E;JPPR;commune isolée;246;198;10;62,6;27,4;9;1;104;19,1
354;67 175;65 127;VILLE DE SAINT VALLIER SUR RHONE;20,9;45.176008;4.816127;419082;AUVERGNE / RHONE-ALPES;26333;3935;26;269;Saint-Vallier;9130;unités urbaines de moins de 20 000 habitants et zones rurales;2;53;2 530;3%;De 50 à 80 000 entrées;catégorie E;RDJPPR;commune-centre;275;224;68;46,1;42,2;10,2;1,5;141;18,4
150;3 045;1 776;"CENTRE CULTUREL CINEMATOGRAPHIQUE LES ""3C""";63;45.474022;4.380177;421203;AUVERGNE / RHONE-ALPES;42275;6175;42;753;Saint-Étienne;373130;unités urbaines de 100 000 habitants et plus;1;25;46;71%;De 2 à 5 000 entrées;non classé;;banlieue;21;0;0;53,4;29,5;8,7;8,4;15;82,5
277;7 938;7 589;VILLE DE LA TALAUDIERE;38,7;45.482487;4.429981;421204;AUVERGNE / RHONE-ALPES;42305;6608;42;753;Saint-Étienne;373130;unités urbaines de 100 000 habitants et plus;1;46;140;5%;De 5 à 10 000 entrées;non classé;;banlieue;120;93;0;55,9;33,1;7,4;3,5;46;44,4
357;49 737;51 102;FELICINE;27,1;45.898249;4.4318;421911;AUVERGNE / RHONE-ALPES;69243;10639;69;69302;Tarare;16613;unités urbaines de moins de 20 000 habitants et zones rurales;2;53;1 900;-2,70%;De 40 à 50 000 entrées;catégorie E;RDJP;commune-centre;259;193;43;48,2;39;10,7;2,1;123;18,5
245;39 385;38 496;ASSOCIATION DIFFUSION EXPLOITATION CINEMATOGRAPHIQUE SUD EST;55,3;45.761019;4.761288;422432;AUVERGNE / RHONE-ALPES;69244;21793;69;758;Lyon;1639558;unités urbaines de 100 000 habitants et plus;1;48;932;2%;De 30 à 40 000 entrées;catégorie C;;banlieue;196;141;10;65,2;18,5;13,2;3,1;123;51,7
189;32 834;30 655;VILLE DU TEIL;45,6;44.550873;4.681776;423061;AUVERGNE / RHONE-ALPES;7319;8449;7;551;Montélimar;55791;unités urbaines de 20 000 à 100 000 habitants;2;52;1 720;7%;De 30 à 40 000 entrées;catégorie D;RD;banlieue;283;220;38;57,1;22,9;15,1;4,9;165;41,7
172;12 378;10 402;CINE TENCE;32,9;45.114054;4.290647;423422;AUVERGNE / RHONE-ALPES;43244;3106;43;43102;Tence;3106;unités urbaines de moins de 20 000 habitants et zones rurales;1;51;511;19%;De 10 à 20 000 entrées;catégorie E;JP;commune isolée;204;164;1;57;32,8;7,4;2,8;87;23,2
341;21 911;22 688;VILLE DE THIERS;38;45.855676;3.547437;425783;AUVERGNE / RHONE-ALPES;63430;11805;63;63303;Thiers;13925;unités urbaines de moins de 20 000 habitants et zones rurales;3;53;1 765;-3,40%;De 20 à 30 000 entrées;catégorie E;;commune-centre;179;138;5;59,3;26,4;11,8;2,4;92;29,8
333;4 822;4 789;VILLE DE THIZY;30,7;46.030249;4.313447;426533;AUVERGNE / RHONE-ALPES;69248;6150;69;69203;Thizy;6150;unités urbaines de moins de 20 000 habitants et zones rurales;2;47;597;1%;De 2 à 5 000 entrées;catégorie E;;commune isolée;151;111;4;73,7;18,7;6;1,6;60;38,8
193;2 248;2 470;SOCIETE DES CINEMAS DU CHABLAIS;18,3;46.389621;6.718783;426761;AUVERGNE / RHONE-ALPES;74279;760;74;0;Zone rurale;14541106;unités urbaines de 100 000 habitants et plus;1;23;213;-9,00%;De 2 à 5 000 entrées;non classé;;territoire rural;65;52;0;51,9;31,4;16,8;0;20;11,9
189;22 405;20 934;VILLE DE THONES;19,4;45.881671;6.325794;426831;AUVERGNE / RHONE-ALPES;74280;6549;74;74205;Thônes;10092;unités urbaines de moins de 20 000 habitants et zones rurales;1;47;504;7%;De 20 à 30 000 entrées;non classé;;commune-centre;131;95;34;54,6;27;15,1;3,4;48;31,8
412;52 576;50 754;baud georges - sa baucine / CINE MONT BLANC;83,6;46.369762;6.481305;426921;AUVERGNE / RHONE-ALPES;74281;34895;74;74501;Thonon-les-Bains;75939;unités urbaines de 20 000 à 100 000 habitants;3;53;3 663;4%;De 50 à 80 000 entrées;catégorie D;;commune-centre;183;134;72;54,4;20,2;19,6;5,8;136;83,3
1392;389 200;414 207;baud georges - sa baucine / CINE LEMAN;7,3;46.352812;6.468439;426924;AUVERGNE / RHONE-ALPES;74281;34895;74;74501;Thonon-les-Bains;75939;unités urbaines de 20 000 à 100 000 habitants;8;53;13 295;-6,00%;De 300 à 450 000 entrées;non classé;;commune-centre;218;178;167;35,9;51,3;12,6;0,2;38;4,7
135;12 195;11 950;VILLE DE THORENS GLIERES;56,3;45.99595;6.239124;427042;AUVERGNE / RHONE-ALPES;74282;9104;74;0;Zone rurale;14541106;unités urbaines de 100 000 habitants et plus;1;42;396;2%;De 10 à 20 000 entrées;catégorie E;JP;territoire rural;143;75;4;57,3;23,9;16,6;2,3;93;54,8
282;22 838;25 780;SOCIETE D' AMENAGEMENT ET DE GESTION DU SECTEUR DE;17,2;45.456559;6.900294;428103;AUVERGNE / RHONE-ALPES;73296;2569;73;0;Zone rurale;14541106;unités urbaines de 100 000 habitants et plus;2;41;1 024;-11,40%;De 20 à 30 000 entrées;non classé;;territoire rural;179;146;37;47,3;43,3;8,7;0,7;52;12,3
208;23 482;24 299;VILLE DE LA TOUR DU PIN;26,5;45.562468;5.444145;431023;AUVERGNE / RHONE-ALPES;38509;7970;38;38304;La Tour-du-Pin;21762;unités urbaines de 20 000 à 100 000 habitants;1;42;910;-3,40%;De 20 à 30 000 entrées;non classé;;commune-centre;195;156;11;60,8;25;13,2;1;83;32,1
285;34 734;34 576;ASSOCIATION RHONE COMMUNICATIONS;25,4;45.065738;4.834751;431551;AUVERGNE / RHONE-ALPES;7324;10326;7;457;Tournon-sur-Rhône;29832;unités urbaines de 20 000 à 100 000 habitants;2;52;1 205;0%;De 30 à 40 000 entrées;catégorie D;JP;commune-centre;174;132;34;52,9;32,8;9,1;5,2;68;26,6
219;17 525;17 542;VILLE DE TOURNUS;57,5;46.562498;4.912313;431604;BOURGOGNE / FRANCHE-COMTE;71543;5663;71;71202;Tournus;5663;unités urbaines de moins de 20 000 habitants et zones rurales;1;44;661;-0,10%;De 10 à 20 000 entrées;catégorie E;JPPR;commune isolée;240;132;1;60,3;20,9;16,3;2,5;174;63,3
106;15 051;15 794;VILLE DE TULLINS;30,1;45.297176;5.483039;436962;AUVERGNE / RHONE-ALPES;38517;7655;38;38206;Tullins;8805;unités urbaines de moins de 20 000 habitants et zones rurales;1;49;721;-4,70%;De 10 à 20 000 entrées;catégorie E;;commune-centre;169;138;4;61;25,4;11,5;2,1;69;28,4
615;79 229;83 343;COMMUNAUTE DE COMMUNES DE LA REGION D'ALBERTVILLE;24;45.754303;6.417593;437401;AUVERGNE / RHONE-ALPES;73303;7042;73;73203;Ugine;8717;unités urbaines de moins de 20 000 habitants et zones rurales;2;53;2 524;-4,90%;De 50 à 80 000 entrées;catégorie E;JP;commune-centre;187;154;89;45,3;43,7;10,7;0,3;82;11
377;22 561;21 732;VILLE D'UNIEUX;31,5;45.396194;4.281269;437674;AUVERGNE / RHONE-ALPES;42316;8975;42;753;Saint-Étienne;373130;unités urbaines de 100 000 habitants et plus;1;45;1 176;4%;De 20 à 30 000 entrées;non classé;;banlieue;213;165;6;58,5;29;10,9;1,6;93;30,5
241;14 917;16 399;ASSOCIATION LA VAILLANTE CINEMA PAX;34,6;47.148814;6.343241;439583;BOURGOGNE / FRANCHE-COMTE;25578;5474;25;25114;Valdahon;5474;unités urbaines de moins de 20 000 habitants et zones rurales;1;52;358;-9,00%;De 10 à 20 000 entrées;catégorie E;;commune isolée;184;156;0;61,6;29,7;8,1;0,6;63;37,2
156;10 347;11 306;;21,5;45.44673400000001;6.975815000000011;439745;AUVERGNE / RHONE-ALPES;73304;1583;73;0;Zone rurale;14541106;unités urbaines de 100 000 habitants et plus;1;41;521;-8,50%;De 10 à 20 000 entrées;non classé;;territoire rural;185;162;56;51,6;37;11;0,4;64;14,8
739;103 483;101 097;KIEFER;94,7;44.93274;4.89523;439941;AUVERGNE / RHONE-ALPES;26362;62479;26;651;Valence;129705;unités urbaines de 100 000 habitants et plus;5;53;8 497;2%;De 100 à 150 000 entrées;catégorie B;RDJPPR;commune-centre;339;212;177;55,6;12,5;19,7;12,1;310;95,8
402;33 498;32 007;LUX SCENE NATIONALE DE VALENCE;74,7;44.930191;4.893946;439942;AUVERGNE / RHONE-ALPES;26362;62479;26;651;Valence;129705;unités urbaines de 100 000 habitants et plus;2;46;1 486;5%;De 30 à 40 000 entrées;catégorie B;JPPR;commune-centre;173;45;17;49,4;17,2;23,3;10,2;156;93,7
2343;621 139;623 394;Les cinemas GAUMONT-PATHE;11;44.933197;4.901186;439990;AUVERGNE / RHONE-ALPES;26362;62479;26;651;Valence;129705;unités urbaines de 100 000 habitants et plus;12;53;23 869;-0,40%;De 450 à 700 000 entrées;non classé;;commune-centre;257;204;201;35,1;52,9;11,8;0,2;37;7
334;16 776;18 792;AEP DE  VALLOIRE;26,3;45.164163;6.429287;441063;AUVERGNE / RHONE-ALPES;73306;1135;73;0;Zone rurale;14541106;unités urbaines de 100 000 habitants et plus;1;50;501;-10,70%;De 10 à 20 000 entrées;catégorie E;;territoire rural;183;135;43;59,1;32;8,5;0,4;75;14,6
274;8 181;8 337;VILLE DE VALMEINIER;16;45.174957;6.493547;441172;AUVERGNE / RHONE-ALPES;73307;510;73;0;Zone rurale;14541106;unités urbaines de 100 000 habitants et plus;2;27;476;-1,90%;De 5 à 10 000 entrées;non classé;;territoire rural;116;93;38;53,1;35,3;11,1;0,5;26;7,7
218;7 718;7 353;CINE MONTBLANC (G. Baud);23,4;44.655637;4.36656;441383;AUVERGNE / RHONE-ALPES;7331;3500;7;7402;Aubenas;41552;unités urbaines de 20 000 à 100 000 habitants;2;52;637;5%;De 5 à 10 000 entrées;catégorie D;;banlieue;169;145;1;58,3;21;15,8;4,8;51;32,7
316;20 485;19 058;VILLE DES VANS;63;44.402406;4.132968;441953;AUVERGNE / RHONE-ALPES;7334;2672;7;7110;Les Vans;3526;unités urbaines de moins de 20 000 habitants et zones rurales;1;53;682;7%;De 20 à 30 000 entrées;catégorie E;JP;commune-centre;270;217;3;56,9;22,4;14,3;6,3;198;57,7
160;5 334;6 170;VILLE DE CHAMROUSSE;15,8;45.111573;5.875976;444091;AUVERGNE / RHONE-ALPES;38567;462;38;0;Zone rurale;14541106;unités urbaines de 100 000 habitants et plus;1;26;291;-13,50%;De 5 à 10 000 entrées;non classé;;territoire rural;114;97;3;51;34,6;14;0,4;27;9,4
177;9 630;8 453;VILLE DE VAULX EN VELIN;56,1;45.789822;4.917721;444143;AUVERGNE / RHONE-ALPES;69256;47313;69;758;Lyon;1639558;unités urbaines de 100 000 habitants et plus;1;45;583;14%;De 5 à 10 000 entrées;catégorie C;;banlieue;143;108;2;59,4;23,3;13,7;3,6;82;70,3
3669;1 120 433;1 178 807;Les cinemas GAUMONT-PATHE;9;45.763741;4.920277;444144;AUVERGNE / RHONE-ALPES;69256;47313;69;758;Lyon;1639558;unités urbaines de 100 000 habitants et plus;15;53;29 783;-5,00%;De 1 à 1,5 million d'entrées;non classé;;banlieue;244;194;189;27,2;59,7;12,7;0,4;33;5,5
473;84 768;89 754;VILLE DE VENISSIEUX;32,7;45.697279;4.8697;446804;AUVERGNE / RHONE-ALPES;69259;64273;69;758;Lyon;1639558;unités urbaines de 100 000 habitants et plus;3;53;4 166;-5,60%;De 80 à 100 000 entrées;catégorie C;JPPR;banlieue;282;191;86;47,5;41,2;9;2,3;162;29,7
280;14 306;15 069;VILLE DE VENOSC;15,9;44.995012;6.117879;446901;AUVERGNE / RHONE-ALPES;38253;1894;38;0;Zone rurale;14541106;unités urbaines de 100 000 habitants et plus;2;36;571;-5,10%;De 10 à 20 000 entrées;non classé;;territoire rural;158;130;21;50,7;38,4;10,1;0,8;36;9,8
250;14 720;13 905;ECRAN VILLAGE;68,4;44.996549;4.552256;449133;AUVERGNE / RHONE-ALPES;7129;2361;7;7102;Lamastre;2361;unités urbaines de moins de 20 000 habitants et zones rurales;1;51;488;6%;De 10 à 20 000 entrées;catégorie E;RDJPPR;commune isolée;196;134;1;66,7;16,6;9,7;7;144;55,1
1437;341 756;350 618;SOCIETE CINEMA LE PARIS;18,9;45.520383;4.86896;452571;AUVERGNE / RHONE-ALPES;38544;29162;38;556;Vienne;94687;unités urbaines de 20 000 à 100 000 habitants;8;53;12 195;-2,50%;De 300 à 450 000 entrées;catégorie D;;commune-centre;319;231;157;40,9;47,7;10,7;0,8;149;11,9
528;84 444;81 677;COMMUNAUTE DE COMMUNES DU PAYS DU GRESIVAUDAN;39,5;45.238286;5.888231;454504;AUVERGNE / RHONE-ALPES;38547;7096;38;38701;Grenoble;511598;unités urbaines de 100 000 habitants et plus;2;49;1 955;3%;De 80 à 100 000 entrées;catégorie C;JP;banlieue;289;196;41;55,2;28,6;13;3,2;168;32,8
419;29 459;27 030;CINEALPES;23,5;45.070607;5.549868;454531;AUVERGNE / RHONE-ALPES;38548;4175;38;38119;Villard-de-Lans;4175;unités urbaines de moins de 20 000 habitants et zones rurales;2;53;1 495;9%;De 20 à 30 000 entrées;catégorie E;;commune isolée;267;216;77;51,2;36,4;11,1;1,3;123;20
136;38 197;37 925;;53,9;46.216827;6.440326;454671;AUVERGNE / RHONE-ALPES;74301;760;74;0;Zone rurale;14541106;unités urbaines de 100 000 habitants et plus;1;52;1 262;1%;De 30 à 40 000 entrées;catégorie E;RDJPPR;territoire rural;245;193;5;56,9;25,9;13,6;3,6;143;34,8
204;4 982;4 409;VILLE DE VILLAREMBERT;7,5;45.244201;6.263395;454712;AUVERGNE / RHONE-ALPES;73318;249;73;0;Zone rurale;14541106;unités urbaines de 100 000 habitants et plus;1;29;228;13%;De 2 à 5 000 entrées;non classé;;territoire rural;81;66;27;54,7;36,7;8,5;0,1;9;3,4
137;11 636;11 509;VILLE DE VILLARS LES DOMBES;21,9;45.999263;5.031235;455071;AUVERGNE / RHONE-ALPES;1443;4460;1;1122;Villars-les-Dombes;4460;unités urbaines de moins de 20 000 habitants et zones rurales;1;50;704;1%;De 10 à 20 000 entrées;catégorie E;;commune isolée;169;144;5;56,4;33,7;9,1;0,8;66;16,1
600;71 961;73 436;FELICINE;25,6;45.612006;5.156182;456251;AUVERGNE / RHONE-ALPES;38553;18891;38;38403;Villefontaine;35978;unités urbaines de 20 000 à 100 000 habitants;4;53;3 906;-2,00%;De 50 à 80 000 entrées;catégorie D;RDJP;commune-centre;385;298;101;38,2;46,1;12,8;3;205;25,5
573;14 894;80 203;ASSOCIATION DIFFUSION EXPLOITATION CINEMATOGRAPHIQUE SUD EST;38,6;45.990559;4.717166;456491;AUVERGNE / RHONE-ALPES;69264;36671;69;758;Lyon;1639558;unités urbaines de 100 000 habitants et plus;3;18;870;-81,40%;De 10 à 20 000 entrées;non classé;;banlieue;42;25;12;67,7;21,4;9,1;1,8;20;32
392;57 778;55 039;VILLE DE VILLEFRANCHE SUR SAONE;92,4;45.989404;4.716509;456493;AUVERGNE / RHONE-ALPES;69264;36671;69;758;Lyon;1639558;unités urbaines de 100 000 habitants et plus;3;51;2 722;5%;De 50 à 80 000 entrées;catégorie C;RDJPPR;banlieue;252;137;58;69,8;10;12,1;8,1;228;93,9
240;63 561;68 391;ASSOCIATION POUR LE CINEMA;77,4;45.770555;4.874404;460784;AUVERGNE / RHONE-ALPES;69266;148665;69;758;Lyon;1639558;unités urbaines de 100 000 habitants et plus;1;51;1 232;-7,10%;De 50 à 80 000 entrées;catégorie C;RDJPPR;banlieue;300;174;3;52,3;14,7;20,4;12,6;235;80,8
420;49 563;49 783;VILLE DE VIZILLE;35,7;45.07319;5.771446;464453;AUVERGNE / RHONE-ALPES;38562;7468;38;38303;Vizille;20127;unités urbaines de 20 000 à 100 000 habitants;2;53;2 154;-0,40%;De 40 à 50 000 entrées;catégorie E;RDJP;commune-centre;251;183;15;55,1;27,2;15,4;2,3;133;34,4
389;40 868;46 099;LE ROYAL;69,6;45.365575;5.589119;464692;AUVERGNE / RHONE-ALPES;38563;20529;38;38701;Grenoble;511598;unités urbaines de 100 000 habitants et plus;3;47;2 781;-11,30%;De 40 à 50 000 entrées;catégorie C;;banlieue;114;82;37;72,4;7,1;14,9;5,7;77;63,4
1076;268 242;278 603;LE ROYAL;9,4;45.364057;5.593001;464706;AUVERGNE / RHONE-ALPES;38563;20529;38;38701;Grenoble;511598;unités urbaines de 100 000 habitants et plus;6;53;9 542;-3,70%;De 200 à 300 000 entrées;non classé;;banlieue;199;141;126;38;50,6;11;0,4;46;6,8
218;24 054;10 327;VILLE DE VOREPPE;37,4;45.296452;5.636354;465193;AUVERGNE / RHONE-ALPES;38565;9441;38;38701;Grenoble;511598;unités urbaines de 100 000 habitants et plus;2;50;1 610;133%;De 20 à 30 000 entrées;catégorie C;;banlieue;285;239;8;55,9;24,4;16,3;3,5;139;39,9
182;1 233;1 784;VILLE D'YDES;19,7;45.348209;2.438915;469181;AUVERGNE / RHONE-ALPES;15265;1777;15;15103;Ydes;2861;unités urbaines de moins de 20 000 habitants et zones rurales;1;40;61;-30,90%;Moins de 2000 entrées;non classé;;commune-centre;47;35;0;33;13,3;43,9;9,7;8;65,4
252;37 526;37 471;VILLE D'YSSINGEAUX;30,2;45.143821;4.124759;469500;AUVERGNE / RHONE-ALPES;43268;7122;43;43201;Yssingeaux;7122;unités urbaines de moins de 20 000 habitants et zones rurales;2;53;1 525;0%;De 30 à 40 000 entrées;catégorie E;JPPR;commune isolée;240;191;21;59,1;29,1;9,4;2,4;117;20,9
3297;808 383;869 159;CGR;11,5;45.683172;4.766021;700000;AUVERGNE / RHONE-ALPES;69027;11327;69;758;Lyon;1639558;unités urbaines de 100 000 habitants et plus;15;53;31 283;-7,00%;De 700 000 à 1 million d'entrées;non classé;;banlieue;274;232;230;35;52,9;11,6;0,5;44;6
110;20 825;23 083;COMMUNAUTE DE COMMUNES SAONE VALLEE;43,4;45.94045500000001;4.77174500000001;700250;AUVERGNE / RHONE-ALPES;1427;6768;1;758;Lyon;1639558;unités urbaines de 100 000 habitants et plus;1;49;814;-9,80%;De 20 à 30 000 entrées;catégorie C;;banlieue;174;129;1;64,7;20;11,5;3,8;94;38,6
195;13 543;12 617;ECRAN VILLAGE;68,3;44.89487;4.642625;702550;AUVERGNE / RHONE-ALPES;7338;1946;7;0;Zone rurale;14541106;unités urbaines de 100 000 habitants et plus;1;51;476;7%;De 10 à 20 000 entrées;catégorie E;RDJPPR;territoire rural;186;135;1;54,6;26,4;13,4;5,5;140;57,4
258;11 330;10 869;ASSOCIATION BALBIGNOISE POUR LE CINEMA;34,8;45.817369;4.183976;709650;AUVERGNE / RHONE-ALPES;42011;2989;42;42105;Balbigny;4243;unités urbaines de moins de 20 000 habitants et zones rurales;1;48;279;4%;De 10 à 20 000 entrées;catégorie E;;commune-centre;160;124;0;64,9;27,4;7,6;0,2;64;29,2
145;12 307;12 333;VILLE D'USSON EN FOREZ;42,6;45.390497;3.946964;710250;AUVERGNE / RHONE-ALPES;42318;1500;42;0;Zone rurale;14541106;unités urbaines de 100 000 habitants et plus;1;52;758;-0,20%;De 10 à 20 000 entrées;catégorie E;JP;territoire rural;228;180;4;66,5;23,6;8,1;1,8;128;26,4
196;24 824;24 471;ASSOCIATION DU CINEMA DE VAUGNERAY;43,4;45.736994;4.657674;715100;AUVERGNE / RHONE-ALPES;69255;5418;69;758;Lyon;1639558;unités urbaines de 100 000 habitants et plus;1;50;601;1%;De 20 à 30 000 entrées;catégorie C;;banlieue;230;192;1;53,7;28,7;13;4,6;128;38,5
311;3 608;3 111;VILLE DE LES ALLUES;26,8;45.398217;6.56643;715700;AUVERGNE / RHONE-ALPES;73015;1848;73;0;Zone rurale;14541106;unités urbaines de 100 000 habitants et plus;1;31;213;16%;De 2 à 5 000 entrées;non classé;;territoire rural;81;59;3;48,1;36,7;13,6;1,7;28;27,8
524;173 619;172 885;LIGUE DE L'ENSEIGNEMENT FEDERATION DEPARTEMENTALE DE L'ISERE;91;45.182643;5.723905;719456;AUVERGNE / RHONE-ALPES;38185;160649;38;38701;Grenoble;511598;unités urbaines de 100 000 habitants et plus;3;53;5 904;0%;De 150 à 200 000 entrées;catégorie A;RDJPPR;commune-centre;281;124;105;49,9;14,3;18,5;17,3;235;96,7
1012;273 566;287 300;CINEMA L'ELYSEE PALACE (Henochsberg);17,5;46.129437;3.429201;720350;AUVERGNE / RHONE-ALPES;3310;25068;3;3502;Vichy;65272;unités urbaines de 20 000 à 100 000 habitants;7;53;10 675;-4,80%;De 200 à 300 000 entrées;catégorie D;;commune-centre;286;211;154;46,1;43,5;9,9;0,5;128;13,1
1880;401 072;432 236;MEGARAMA;7,1;47.489082;6.838484;720450;BOURGOGNE / FRANCHE-COMTE;25031;14121;25;25601;Montbéliard;106486;unités urbaines de 100 000 habitants et plus;10;53;17 883;-7,20%;De 300 à 450 000 entrées;non classé;;commune-centre;211;179;174;36,8;53,7;9,4;0,1;35;5,3
595;140 503;141 240;CINEMA MODERNE;18,7;45.961254;5.356402;720500;AUVERGNE / RHONE-ALPES;1004;14127;1;1302;Ambérieu-en-Bugey;17920;unités urbaines de moins de 20 000 habitants et zones rurales;3;53;3 541;-0,50%;De 100 à 150 000 entrées;catégorie E;;commune-centre;179;128;60;36,3;51,6;11,5;0,5;87;10,6
1480;332 291;341 550;SAS JFR;8,6;45.693031;5.895383;720800;AUVERGNE / RHONE-ALPES;73008;29822;73;73601;Chambéry;187010;unités urbaines de 100 000 habitants et plus;8;53;14 421;-2,70%;De 300 à 450 000 entrées;non classé;;banlieue;220;190;186;41,3;47,7;10,6;0,4;32;5,2
3464;798 194;853 911;UGC;29,7;45.738623;4.82112;721000;AUVERGNE / RHONE-ALPES;69123;513275;69;758;Lyon;1639558;unités urbaines de 100 000 habitants et plus;14;53;27 904;-6,50%;De 700 000 à 1 million d'entrées;non classé;;commune-centre;298;208;182;35,1;47,2;16,9;0,9;142;22,7
1938;420 630;440 160;SOCIETE CINEMA LE PARIS;12,6;46.209005;5.230481;721100;AUVERGNE / RHONE-ALPES;1053;40819;1;1501;Bourg-en-Bresse;59778;unités urbaines de 20 000 à 100 000 habitants;9;53;13 424;-4,40%;De 300 à 450 000 entrées;non classé;;commune-centre;241;196;184;39,5;49,5;10,6;0,4;58;7,7
1611;394 834;417 937;Les cinemas GAUMONT-PATHE;9,8;45.566568;5.91835;721450;AUVERGNE / RHONE-ALPES;73065;59697;73;73601;Chambéry;187010;unités urbaines de 100 000 habitants et plus;10;53;19 854;-5,50%;De 300 à 450 000 entrées;non classé;;commune-centre;256;199;192;33,5;53,3;13;0,3;40;6,3
905;167 387;127 540;;33,2;44.618656;4.384301;722120;AUVERGNE / RHONE-ALPES;7019;12248;7;7402;Aubenas;41552;unités urbaines de 20 000 à 100 000 habitants;6;53;6 554;31%;De 150 à 200 000 entrées;catégorie D;RDJP;commune-centre;377;274;123;45,3;39,9;12,3;2,5;213;26,5
87;5 351;5 187;;24,7;45.370156;4.199354;722200;AUVERGNE / RHONE-ALPES;43012;6102;43;753;Saint-Étienne;373130;unités urbaines de 100 000 habitants et plus;1;45;446;3%;De 5 à 10 000 entrées;non classé;;banlieue;134;113;0;55,2;31,1;12,3;1,5;40;21,3
64;260;0;;62,1;44.665847;1.193196;723200;BOURGOGNE / FRANCHE-COMTE;58205;645;58;0;Zone rurale;14541106;unités urbaines de 100 000 habitants et plus;1;8;29;#DIV/0!;Moins de 2000 entrées;non classé;;territoire rural;20;19;0;85,4;3,8;10,8;0;12;56,9
1749;337 591;36 042;CGR;7,3;45.989161;4.724226;723800;AUVERGNE / RHONE-ALPES;69264;36671;69;758;Lyon;1639558;unités urbaines de 100 000 habitants et plus;10;53;20 446;837%;De 300 à 450 000 entrées;non classé;;banlieue;201;176;172;35,1;52,7;12;0,2;21;3,9
757;139 806;138 198;LE FESTIVAL;23,7;43.31185;3.473009;11527;OCCITANIE;34003;26946;34;34401;Agde;26946;unités urbaines de 20 000 à 100 000 habitants;4;52;5 937;1%;De 100 à 150 000 entrées;catégorie D;JP;commune isolée;281;218;98;48,4;40,7;10,3;0,6;144;16,3
164;9 662;9 155;VILLE D'AIGUES MORTES;24,7;43.566091;4.189267;12454;OCCITANIE;30003;8385;30;30210;Aigues-Mortes;8385;unités urbaines de moins de 20 000 habitants et zones rurales;1;50;923;6%;De 5 à 10 000 entrées;catégorie E;JP;commune isolée;191;149;21;41,5;37,2;19,4;2;102;27,6
431;148 828;157 104;SOCIETE AIXOISE CINEMATOGRAPHIQUE;85,3;43.526562;5.448932;13405;PROVENCE-ALPES-COTE D'AZUR;13001;142668;13;759;Marseille - Aix-en-Provence;1585498;unités urbaines de 100 000 habitants et plus;3;53;4 592;-5,30%;De 100 à 150 000 entrées;catégorie C;RD;banlieue;143;113;104;37,5;33,1;23,9;5,5;124;87,3
1642;530 487;532 941;Les cinemas GAUMONT-PATHE;12,9;43.525387;5.446893;13413;PROVENCE-ALPES-COTE D'AZUR;13001;142668;13;759;Marseille - Aix-en-Provence;1585498;unités urbaines de 100 000 habitants et plus;9;53;17 029;-0,50%;De 450 à 700 000 entrées;non classé;;banlieue;202;164;159;39,8;45,6;14,1;0,5;37;10,6
438;133 568;136 272;Les cinemas GAUMONT-PATHE;93,7;43.526103;5.448686;13423;PROVENCE-ALPES-COTE D'AZUR;13001;142668;13;759;Marseille - Aix-en-Provence;1585498;unités urbaines de 100 000 habitants et plus;3;53;4 832;-2,00%;De 100 à 150 000 entrées;catégorie C;RDJPPR;banlieue;200;144;120;61,1;3,6;19,9;15,4;187;97,6
165;21 548;20 840;INSTITUT DE L'IMAGE;89,6;43.524462;5.439812;13454;PROVENCE-ALPES-COTE D'AZUR;13001;142668;13;759;Marseille - Aix-en-Provence;1585498;unités urbaines de 100 000 habitants et plus;1;48;956;3%;De 20 à 30 000 entrées;catégorie C;PR;banlieue;205;11;0;39,5;22,1;19,7;18,7;188;94,2
319;3 075;4 552;VILLE D AJACCIO;53,5;41.915976;8.731036;13683;CORSE;2A004;68462;2A;2A501;Ajaccio;68462;unités urbaines de 20 000 à 100 000 habitants;1;2;43;-32,40%;De 2 à 5 000 entrées;non classé;;commune isolée;19;6;0;11,2;12,9;49,8;26,2;11;56,3
432;4 599;5 097;CHAMBRE DE COMMERCE ET D'INDUSTRIE D'AJACIO SARTENE;83;41.921426;8.739468;13684;CORSE;2A004;68462;2A;2A501;Ajaccio;68462;unités urbaines de 20 000 à 100 000 habitants;1;4;47;-9,80%;De 2 à 5 000 entrées;non classé;;commune isolée;38;35;1;66,8;2,1;13;18,1;34;90,1
295;3 451;4 445;VILLE D AJACCIO;81,9;41.915976;8.731036;13685;CORSE;2A004;68462;2A;2A501;Ajaccio;68462;unités urbaines de 20 000 à 100 000 habitants;1;22;94;-22,40%;De 2 à 5 000 entrées;non classé;;commune isolée;48;19;0;31,6;6,6;18;43,7;44;96,3
1147;343 793;366 309;0;23,7;41.943558;8.753935;13686;CORSE;2A004;68462;2A;2A501;Ajaccio;68462;unités urbaines de 20 000 à 100 000 habitants;6;53;10 097;-6,10%;De 300 à 450 000 entrées;catégorie D;JPPR;commune isolée;408;279;174;31,5;52,5;14,8;1,2;205;14,6
432;2 476;2 736;CHAMBRE DE COMMERCE ET D'INDUSTRIE D'AJACCIO ET DE CORSE DU SUD;55;41.921426;8.739468;13692;CORSE;2A004;68462;2A;2A501;Ajaccio;68462;unités urbaines de 20 000 à 100 000 habitants;1;2;20;-9,50%;De 2 à 5 000 entrées;non classé;;commune isolée;12;9;0;9,1;0;90,9;0;7;46,5
1309;289 875;293 757;0;25,9;44.125939;4.077527;14533;OCCITANIE;30007;39535;30;30501;Alès;94393;unités urbaines de 20 000 à 100 000 habitants;8;53;13 634;-1,30%;De 200 à 300 000 entrées;catégorie D;RD;commune-centre;476;375;225;41,5;46,4;10,9;1,2;254;13,4
187;6 191;5 688;CINE L' UBAYE;13,6;44.283294;6.539965;15741;PROVENCE-ALPES-COTE D'AZUR;4006;697;4;0;Zone rurale;14541106;unités urbaines de 100 000 habitants et plus;1;27;352;9%;De 5 à 10 000 entrées;non classé;;territoire rural;120;98;28;44,3;45,8;9,6;0,3;20;6,2
440;3 774;2 957;MGS;26,6;42.472951;2.670403;17082;OCCITANIE;66003;3493;66;66204;Amélie-les-Bains-Palalda;6188;unités urbaines de moins de 20 000 habitants et zones rurales;1;49;199;28%;De 2 à 5 000 entrées;non classé;;commune-centre;101;87;1;81;12,1;3,9;2,9;31;21,5
197;6 683;6 783;REGIE AUTONOME DES SPORTS ET LOISIRS LES ANGLES;23,5;42.577018;2.075079;19242;OCCITANIE;66004;528;66;0;Zone rurale;14541106;unités urbaines de 100 000 habitants et plus;1;35;264;-1,50%;De 5 à 10 000 entrées;non classé;;territoire rural;125;102;4;47,3;37,1;15,2;0,4;45;13,9
456;130 418;134 126;CASINO CINEMA D'ANTIBES;27,2;43.57983;7.122516;20672;PROVENCE-ALPES-COTE D'AZUR;6004;74875;6;6701;Nice;943354;unités urbaines de 100 000 habitants et plus;3;53;5 531;-2,80%;De 100 à 150 000 entrées;non classé;;banlieue;214;172;110;40,2;46,9;12,6;0,3;95;18,4
415;54 561;56 120;CGR;27;43.875034;5.396362;21532;PROVENCE-ALPES-COTE D'AZUR;84003;11846;84;84302;Apt;15834;unités urbaines de moins de 20 000 habitants et zones rurales;3;53;4 417;-2,80%;De 50 à 80 000 entrées;catégorie E;RDJPPR;commune-centre;282;208;100;47,5;37,8;10,8;3,8;155;23,8
360;5 493;8 485;LINETTE;3;42.559388;3.044855;23094;OCCITANIE;66008;10383;66;66401;Saint-Cyprien;53068;unités urbaines de 20 000 à 100 000 habitants;1;8;165;-35,30%;De 5 à 10 000 entrées;non classé;;commune-centre;17;17;5;26,3;68,9;4,8;0;1;1,5
234;18 079;18 201;VILLE D'ARGELES SUR MER;38,1;42.547269;3.023455;23102;OCCITANIE;66008;10383;66;66401;Saint-Cyprien;53068;unités urbaines de 20 000 à 100 000 habitants;1;53;904;-0,70%;De 10 à 20 000 entrées;catégorie D;;commune-centre;237;171;32;62,3;20,2;13,1;4,4;137;46,5
159;12 999;13 634;VILLE DE L'ARGENTIERE LA BESSEE;40,8;44.792274;6.558372;23392;PROVENCE-ALPES-COTE D'AZUR;5006;2307;5;5101;L'Argentière-la-Bessée;2307;unités urbaines de moins de 20 000 habitants et zones rurales;1;53;699;-4,70%;De 10 à 20 000 entrées;catégorie E;PR;commune isolée;333;272;12;48,4;32,6;14,8;4,1;162;35,9
483;64 221;66 288;SARL CBR;4,1;43.674097;4.627703;23933;PROVENCE-ALPES-COTE D'AZUR;13004;52886;13;552;Arles;55766;unités urbaines de 20 000 à 100 000 habitants;3;52;3 520;-3,10%;De 50 à 80 000 entrées;non classé;;commune-centre;144;118;92;34,4;55,4;10,1;0,1;25;4
231;53 188;55 252;LE MEJAN;82,9;43.678479;4.624726;23951;PROVENCE-ALPES-COTE D'AZUR;13004;52886;13;552;Arles;55766;unités urbaines de 20 000 à 100 000 habitants;3;53;4 494;-3,70%;De 50 à 80 000 entrées;catégorie D;RDJPPR;commune-centre;220;153;65;57,3;13,6;20,4;8,7;183;87,1
579;112 264;112 126;CINEMA NEMO;28,1;43.293397;5.567708;27833;PROVENCE-ALPES-COTE D'AZUR;13005;45410;13;759;Marseille - Aix-en-Provence;1585498;unités urbaines de 100 000 habitants et plus;4;53;6 327;0%;De 100 à 150 000 entrées;catégorie C;;banlieue;188;149;118;49,9;34,9;14,4;0,8;82;24
721;14 493;17 399;REYNAUD ROGER ANDRE;6,9;43.292517;5.566079;27834;PROVENCE-ALPES-COTE D'AZUR;13005;45410;13;759;Marseille - Aix-en-Provence;1585498;unités urbaines de 100 000 habitants et plus;5;53;6 837;-16,70%;De 10 à 20 000 entrées;non classé;;banlieue;108;94;58;33,4;53,3;12,4;0,9;16;3,2
650;18 547;41 601;;25,3;43.946457;4.805415;33741;PROVENCE-ALPES-COTE D'AZUR;84007;92130;84;754;Avignon;456042;unités urbaines de 100 000 habitants et plus;3;26;1 823;-55,40%;De 10 à 20 000 entrées;non classé;;commune-centre;81;46;20;17,6;59,2;14,5;8,6;36;23
379;28 759;23 374;CINEVOX;18,3;43.949433;4.806281;33751;PROVENCE-ALPES-COTE D'AZUR;84007;92130;84;754;Avignon;456042;unités urbaines de 100 000 habitants et plus;2;47;2 389;23%;De 20 à 30 000 entrées;non classé;;commune-centre;110;88;16;71,6;13,5;13,5;1,4;45;11,8
139;30 585;31 819;UTOPIA LATIN;95,3;43.947217;4.806805;33772;PROVENCE-ALPES-COTE D'AZUR;84007;92130;84;754;Avignon;456042;unités urbaines de 100 000 habitants et plus;1;50;1 434;-3,90%;De 30 à 40 000 entrées;catégorie B;RDPR;commune-centre;270;202;81;51,7;23,6;17;7,7;260;97,3
456;192 202;192 792;UTOPIA LATIN;93,3;43.951249;4.808538;33791;PROVENCE-ALPES-COTE D'AZUR;84007;92130;84;754;Avignon;456042;unités urbaines de 100 000 habitants et plus;4;53;8 395;-0,30%;De 150 à 200 000 entrées;catégorie B;RDJPPR;commune-centre;421;247;172;57,9;12,4;19,4;10,2;379;95,1
2604;594 889;645 939;Les cinemas GAUMONT-PATHE;15,4;43.929048;4.837198;33801;PROVENCE-ALPES-COTE D'AZUR;84007;92130;84;754;Avignon;456042;unités urbaines de 100 000 habitants et plus;14;53;27 639;-7,90%;De 450 à 700 000 entrées;non classé;;commune-centre;283;238;232;32,9;53,8;12,6;0,8;63;9
678;72 565;74 331;SOCIETE D'EXPLOITATION DES CINEMAS CONSTANT;10,6;44.16605;4.620681;36122;OCCITANIE;30028;18203;30;30401;Bagnols-sur-Cèze;22289;unités urbaines de 20 000 à 100 000 habitants;4;48;2 822;-2,40%;De 50 à 80 000 entrées;non classé;;commune-centre;139;117;80;43;45,8;11,1;0,2;32;10
200;22 965;23 401;CINE PLAN;29,6;43.662182;4.013467;36282;OCCITANIE;34022;7105;34;34212;Baillargues;9958;unités urbaines de moins de 20 000 habitants et zones rurales;1;48;405;-1,90%;De 20 à 30 000 entrées;catégorie E;;commune-centre;77;48;0;53,1;37,3;7,9;1,7;26;19,3
275;20 172;19 835;CAMERA CINEMA;22,5;43.137499;5.752051;37881;PROVENCE-ALPES-COTE D'AZUR;83009;8122;83;757;Toulon;569793;unités urbaines de 100 000 habitants et plus;1;53;941;2%;De 20 à 30 000 entrées;non classé;;banlieue;94;72;13;72,6;17,1;10,1;0,2;39;20,5
260;34 596;32 424;VILLE DE BARCELONNETTE;26,1;44.387012;6.653653;38931;PROVENCE-ALPES-COTE D'AZUR;4019;2622;4;4106;Barcelonnette;3269;unités urbaines de moins de 20 000 habitants et zones rurales;2;53;2 344;7%;De 30 à 40 000 entrées;catégorie E;JPPR;commune-centre;344;260;68;47,1;39,5;11,4;2;194;23,4
90;8 249;7 862;VILLE DE BARJAC;60,7;44.307917;4.346467;39428;OCCITANIE;30029;1576;30;0;Zone rurale;14541106;unités urbaines de 100 000 habitants et plus;1;53;321;5%;De 5 à 10 000 entrées;catégorie E;;territoire rural;243;199;0;61,8;15,2;14,1;8,9;172;57,6
131;8 499;9 542;POLYMAGES;33,4;43.558187;6.006581;39442;PROVENCE-ALPES-COTE D'AZUR;83012;3051;83;83109;Barjols;3051;unités urbaines de moins de 20 000 habitants et zones rurales;1;46;539;-10,90%;De 5 à 10 000 entrées;non classé;;commune isolée;120;101;11;49,2;33,3;16,3;1,3;56;29,2
344;49 227;58 648;STUDIO CINEMA;35,1;42.695783;9.447861;41134;CORSE;2B033;44355;2B;2B501;Bastia;67699;unités urbaines de 20 000 à 100 000 habitants;2;51;2 660;-16,10%;De 40 à 50 000 entrées;catégorie D;;commune-centre;202;132;60;32,9;37,9;26,7;2,5;113;34,6
299;95 285;97 396;;16,5;42.697652;9.448441;41142;CORSE;2B033;44355;2B;2B501;Bastia;67699;unités urbaines de 20 000 à 100 000 habitants;3;53;3 881;-2,20%;De 80 à 100 000 entrées;non classé;;commune-centre;174;127;86;30,7;57,9;10,6;0,8;70;12,5
120;20 270;20 336;VILLE DE BEAULIEU SUR MER;46,6;43.705177;7.329524;44502;PROVENCE-ALPES-COTE D'AZUR;6011;3726;6;6701;Nice;943354;unités urbaines de 100 000 habitants et plus;1;51;920;-0,30%;De 20 à 30 000 entrées;catégorie C;JP;banlieue;257;199;3;53,7;25,7;18,1;2,5;131;45,8
258;22 241;22 065;BRIQUE BERNARD;31,9;43.6161334;3.155826700000034;46602;OCCITANIE;34028;5966;34;34302;Bédarieux;13279;unités urbaines de moins de 20 000 habitants et zones rurales;3;52;2 805;1%;De 20 à 30 000 entrées;catégorie E;RDJPPR;commune-centre;281;215;36;49,6;37,3;10,6;2,4;154;26,2
196;33 194;34 036;VILLE DE BERRE L' ETANG;36,3;43.476136;5.167368;51261;PROVENCE-ALPES-COTE D'AZUR;13014;13477;13;759;Marseille - Aix-en-Provence;1585498;unités urbaines de 100 000 habitants et plus;1;50;1 348;-2,50%;De 30 à 40 000 entrées;catégorie C;JP;banlieue;275;208;22;54;28,9;14,7;2,4;153;30,7
84;9 055;8 467;;19,3;43.349529;6.177013;52619;PROVENCE-ALPES-COTE D'AZUR;83018;3049;83;83206;Carnoules;10421;unités urbaines de moins de 20 000 habitants et zones rurales;1;45;580;7%;De 5 à 10 000 entrées;non classé;;commune-centre;114;98;3;49,9;36,7;13,3;0,1;32;11,6
1462;299 992;304 912;MULTICINES PYRENEES SARL;23;43.342559;3.212618;54604;OCCITANIE;34032;75999;34;34501;Béziers;90841;unités urbaines de 20 000 à 100 000 habitants;9;53;15 889;-1,60%;De 200 à 300 000 entrées;non classé;;commune-centre;261;200;174;37,8;50,5;10,9;0,7;113;14,7
97;19 790;19 060;ASSOCIATION CINEBOL;42,8;43.974273;7.312365;61132;PROVENCE-ALPES-COTE D'AZUR;84019;13617;84;84301;Bollène;13617;unités urbaines de moins de 20 000 habitants et zones rurales;1;53;1 191;4%;De 10 à 20 000 entrées;catégorie E;RDJP;commune isolée;277;232;4;53;29,2;13,1;4,8;144;36,6
330;2 216;3 053;;7,5;42.524735;2.832419;67021;OCCITANIE;66024;5554;66;66201;Le Boulou;5554;unités urbaines de moins de 20 000 habitants et zones rurales;1;35;40;-27,40%;De 2 à 5 000 entrées;non classé;;commune isolée;34;27;0;69,7;27,5;2,8;0;3;4,2
98;15 604;21 416;VILLE DE BRIANCON;77,8;44.889994;6.634449;74322;PROVENCE-ALPES-COTE D'AZUR;5023;12370;5;5301;Briançon;17468;unités urbaines de moins de 20 000 habitants et zones rurales;1;49;859;-27,10%;De 10 à 20 000 entrées;catégorie E;RDJPPR;commune-centre;201;137;2;63,8;13,7;17,4;5,1;169;82,8
240;35 662;32 509;VILLE DE BRIANCON;2;44.897804;6.637943;74324;PROVENCE-ALPES-COTE D'AZUR;5023;12370;5;5301;Briançon;17468;unités urbaines de moins de 20 000 habitants et zones rurales;1;53;1 231;10%;De 30 à 40 000 entrées;non classé;;commune-centre;74;61;31;36,9;53,1;9,2;0,8;5;0,9
253;46 586;45 366;LE CINEMA DU SOLEIL;20,3;43.407348;6.063887;75021;PROVENCE-ALPES-COTE D'AZUR;83023;17093;83;83401;Brignoles;22801;unités urbaines de 20 000 à 100 000 habitants;2;53;2 521;3%;De 40 à 50 000 entrées;catégorie D;;commune-centre;199;157;61;40,8;47,9;10,7;0,5;92;11,2
248;16 135;14 749;VILLE DE CABESTANY;43,3;42.680362;2.934603;80942;OCCITANIE;66028;9790;66;66601;Perpignan;200971;unités urbaines de 100 000 habitants et plus;1;52;395;9%;De 10 à 20 000 entrées;catégorie C;;banlieue;173;132;28;58,7;20,3;16;4,9;88;39,8
0;15 760;18 203;CINEALPES;25,3;43.655944;6.87474;81080;PROVENCE-ALPES-COTE D'AZUR;6026;1295;6;6701;Nice;943354;unités urbaines de 100 000 habitants et plus;1;48;359;-13,40%;De 10 à 20 000 entrées;non classé;;banlieue;93;74;13;57,7;28,9;12,4;1;30;19,3
296;22 338;23 116;CAGNES CONGRES;47,2;43.662147;7.148711;81541;PROVENCE-ALPES-COTE D'AZUR;6027;49322;6;6701;Nice;943354;unités urbaines de 100 000 habitants et plus;1;47;991;-3,40%;De 20 à 30 000 entrées;catégorie C;;banlieue;272;209;1;62,8;23,6;10,9;2,6;157;50,8
1800;498 164;497 673;CGR;8,7;43.661565;7.1357;81545;PROVENCE-ALPES-COTE D'AZUR;6027;49322;6;6701;Nice;943354;unités urbaines de 100 000 habitants et plus;10;53;20 273;0%;De 450 à 700 000 entrées;non classé;;banlieue;216;187;182;31;55,1;13,7;0,2;27;5,3
0;10 893;9 623;CINEVAL;49,5;44.162816;4.889682;82752;PROVENCE-ALPES-COTE D'AZUR;84029;4607;84;84111;Camaret-sur-Aigues;5328;unités urbaines de moins de 20 000 habitants et zones rurales;1;48;319;13%;De 10 à 20 000 entrées;catégorie E;JP;commune-centre;118;86;0;60;16,3;15,6;8,2;67;63
835;164 876;180 286;UGC Méditerranée (Aubert);7,1;43.552366;7.016598;84711;PROVENCE-ALPES-COTE D'AZUR;6029;74285;6;6701;Nice;943354;unités urbaines de 100 000 habitants et plus;4;53;6 670;-8,50%;De 150 à 200 000 entrées;non classé;;banlieue;152;135;95;30,2;57,3;12,4;0,2;16;4,7
453;89 880;90 572;BORYS Arlette;76,9;43.552517;7.015358;84712;PROVENCE-ALPES-COTE D'AZUR;6029;74285;6;6701;Nice;943354;unités urbaines de 100 000 habitants et plus;3;52;5 280;-0,80%;De 80 à 100 000 entrées;catégorie C;RD;banlieue;231;145;102;42,3;20,1;29,5;8,1;173;76,1
300;6 563;6 560;VILLE DE CANNES;91,4;43.550716;7.001343;84734;PROVENCE-ALPES-COTE D'AZUR;6029;74285;6;6701;Nice;943354;unités urbaines de 100 000 habitants et plus;2;38;548;0%;De 5 à 10 000 entrées;catégorie C;;banlieue;127;74;0;45,7;23,1;15,2;16;114;93,6
164;11 360;11 619;VILLE DE CANNES;47,4;43.567121;6.963836;84745;PROVENCE-ALPES-COTE D'AZUR;6029;74285;6;6701;Nice;943354;unités urbaines de 100 000 habitants et plus;1;41;350;-2,20%;De 10 à 20 000 entrées;catégorie C;;banlieue;136;99;0;39,2;33,6;25,2;2;75;44,5
502;138 880;148 977;UGC Méditerranée (Aubert);11;43.552366;7.016598;84761;PROVENCE-ALPES-COTE D'AZUR;6029;74285;6;6701;Nice;943354;unités urbaines de 100 000 habitants et plus;5;53;8 971;-6,80%;De 100 à 150 000 entrées;non classé;;banlieue;191;163;112;40,3;50,8;8,2;0,7;23;9
432;12 561;12 065;VILLE DE CANNES;54,5;43.54938;6.981931;84774;PROVENCE-ALPES-COTE D'AZUR;6029;74285;6;6701;Nice;943354;unités urbaines de 100 000 habitants et plus;1;26;101;4%;De 10 à 20 000 entrées;non classé;;banlieue;73;13;0;55,3;19,8;20,3;4,6;49;57,7
370;10 183;15 759;VILLE DE CANNES;31,9;43.550134;7.029043;84781;PROVENCE-ALPES-COTE D'AZUR;6029;74285;6;6701;Nice;943354;unités urbaines de 100 000 habitants et plus;1;22;69;-35,40%;De 10 à 20 000 entrées;non classé;;banlieue;42;8;0;68,5;7,3;18,2;6;17;28,7
176;4 997;2 921;VILLE DE CANNES;53,8;43.546541;7.036474;84782;PROVENCE-ALPES-COTE D'AZUR;6029;74285;6;6701;Nice;943354;unités urbaines de 100 000 habitants et plus;1;24;39;71%;De 2 à 5 000 entrées;non classé;;banlieue;27;5;0;68,5;17;14,5;0;15;45
90;17 318;18 898;VILLE DE LE CANNET;49;43.576083;7.017663;84830;PROVENCE-ALPES-COTE D'AZUR;6030;41571;6;6701;Nice;943354;unités urbaines de 100 000 habitants et plus;1;53;1 061;-8,40%;De 10 à 20 000 entrées;catégorie C;;banlieue;184;150;10;64,7;20,7;12,2;2,5;96;46,4
88;15 409;7 291;;39,3;43.56912;7.005225;84831;PROVENCE-ALPES-COTE D'AZUR;6030;41571;6;6701;Nice;943354;unités urbaines de 100 000 habitants et plus;1;53;1 065;111%;De 10 à 20 000 entrées;non classé;;banlieue;183;149;11;59,6;27,5;10,4;2,6;76;38,7
202;44 528;47 398;CGR;93,2;43.21645;2.352328;86054;OCCITANIE;11069;45996;11;11501;Carcassonne;48527;unités urbaines de 20 000 à 100 000 habitants;3;49;3 547;-6,10%;De 40 à 50 000 entrées;catégorie D;RDJPPR;commune-centre;267;180;85;61,4;12,4;19,8;6,5;240;93,3
1830;330 762;359 163;CGR;7,9;43.235546;2.367714;86103;OCCITANIE;11069;45996;11;11501;Carcassonne;48527;unités urbaines de 20 000 à 100 000 habitants;9;53;18 482;-7,90%;De 300 à 450 000 entrées;non classé;;commune-centre;217;183;179;37,1;51,4;11,2;0,3;26;3,9
100;5 488;5 967;LE CINEMA DU SOLEIL;24,5;43.4765018;6.182329100000061;86173;PROVENCE-ALPES-COTE D'AZUR;83032;3463;83;83204;Carcès;7028;unités urbaines de moins de 20 000 habitants et zones rurales;1;40;147;-8,00%;De 5 à 10 000 entrées;non classé;;commune-centre;65;49;13;65,2;21,4;13,4;0;21;33,3
306;3 501;3 027;VILLE DE CARNOUX EN PROVENCE;21,9;43.256071;5.568869;86693;PROVENCE-ALPES-COTE D'AZUR;13119;6615;13;13209;Carnoux-en-Provence;6615;unités urbaines de moins de 20 000 habitants et zones rurales;1;37;187;16%;De 2 à 5 000 entrées;non classé;;commune isolée;132;115;0;56,5;29,6;13,2;0,7;35;17,5
0;4 844;5 892;;51,7;44.109395;5.112026;86772;PROVENCE-ALPES-COTE D'AZUR;84030;3249;84;754;Avignon;456042;unités urbaines de 100 000 habitants et plus;1;42;172;-17,80%;De 2 à 5 000 entrées;catégorie E;;banlieue;97;68;0;79,1;8;7;5,9;55;56,7
612;144 386;143 381;PRO SPECT IMAGES;41,8;44.050347;5.047636;86781;PROVENCE-ALPES-COTE D'AZUR;84031;28699;84;754;Avignon;456042;unités urbaines de 100 000 habitants et plus;4;53;6 536;1%;De 100 à 150 000 entrées;catégorie C;RDJP;banlieue;289;212;136;53,1;30,8;14,3;1,8;174;33,9
277;7 598;5 645;COMMUNAUTE DE COMMUNES DES COTEAUX D'AZUR;50,9;43.772944;7.193186;86930;PROVENCE-ALPES-COTE D'AZUR;6033;12008;6;6701;Nice;943354;unités urbaines de 100 000 habitants et plus;1;22;106;35%;De 5 à 10 000 entrées;non classé;;banlieue;100;83;1;62,7;16,9;16,3;4,1;49;58,4
200;31 403;33 977;morzin;31,2;43.332335;5.151827;86952;PROVENCE-ALPES-COTE D'AZUR;13021;5891;13;13303;Sausset-les-Pins - Carry-le-Rouet;13515;unités urbaines de moins de 20 000 habitants et zones rurales;1;53;1 758;-7,60%;De 30 à 40 000 entrées;catégorie E;JP;banlieue;232;189;22;50,7;31,4;16;1,9;102;24
111;10 068;10 931;VILLE DE CASSIS;51,9;43.215622;5.538828;87646;PROVENCE-ALPES-COTE D'AZUR;13022;7221;13;13211;Cassis;7221;unités urbaines de moins de 20 000 habitants et zones rurales;1;45;788;-7,90%;De 10 à 20 000 entrées;catégorie E;RD;commune isolée;165;138;0;53,5;27,8;16,5;2,2;98;42,5
276;21 719;20 279;VILLE DE CASTELNAUDARY;34,7;43.318786;1.952581;88235;OCCITANIE;11076;10969;11;11302;Castelnaudary;12212;unités urbaines de moins de 20 000 habitants et zones rurales;1;53;714;7%;De 20 à 30 000 entrées;catégorie E;JP;commune-centre;234;163;35;57,4;24,9;13,6;4;123;35,9
387;92 317;101 053;FEMINA CINEMA;29;43.837243;5.040229;90312;PROVENCE-ALPES-COTE D'AZUR;84035;26707;84;754;Avignon;456042;unités urbaines de 100 000 habitants et plus;3;53;6 094;-8,60%;De 80 à 100 000 entrées;catégorie C;;banlieue;324;266;181;54,5;33,1;11,6;0,8;159;27,5
360;35 362;36 036;LA CIGALE;15;43.834515;5.041736;90313;PROVENCE-ALPES-COTE D'AZUR;84035;26707;84;754;Avignon;456042;unités urbaines de 100 000 habitants et plus;1;53;806;-1,90%;De 30 à 40 000 entrées;non classé;;banlieue;98;76;44;46,7;39;13,7;0,6;45;11,6
149;9 606;10 043;VILLE DE CAVALAIRE SUR MER;19;43.172524;6.530347;90345;PROVENCE-ALPES-COTE D'AZUR;83036;7139;83;83207;Cavalaire-sur-Mer;10949;unités urbaines de moins de 20 000 habitants et zones rurales;1;52;600;-4,40%;De 5 à 10 000 entrées;non classé;;commune-centre;98;87;4;56,1;39,1;4,8;0;25;13,5
170;6 458;6 331;LAPORTA MICHEL;44,3;42.486293;2.749588;92302;OCCITANIE;66049;7705;66;66302;Céret;13808;unités urbaines de moins de 20 000 habitants et zones rurales;1;38;79;2%;De 5 à 10 000 entrées;non classé;;commune-centre;50;32;0;57,5;20,5;15,2;6,8;19;54
465;83 388;82 435;ASSOCIATION POUR LA GESTION DU CINEMATOGRAPHE;36,9;44.068241;5.987231;103985;PROVENCE-ALPES-COTE D'AZUR;4049;5184;4;4203;Château-Arnoux-Saint-Auban;7189;unités urbaines de moins de 20 000 habitants et zones rurales;3;53;4 009;1%;De 80 à 100 000 entrées;catégorie E;RDJPPR;commune-centre;293;225;123;48,5;37,8;11,6;2;170;27,6
120;9 628;8 986;VILLE DE CHATEAUNEUF LES MARTIGUES;26,7;43.383798;5.16491;104661;PROVENCE-ALPES-COTE D'AZUR;13026;15057;13;759;Marseille - Aix-en-Provence;1585498;unités urbaines de 100 000 habitants et plus;1;39;694;7%;De 5 à 10 000 entrées;non classé;;banlieue;98;70;5;38,1;47,8;11,3;2,9;35;17,4
329;42 238;40 842;VILLE DE CHATEAURENARD;29,7;43.885453;4.855476;104824;PROVENCE-ALPES-COTE D'AZUR;13027;15624;13;754;Avignon;456042;unités urbaines de 100 000 habitants et plus;3;52;3 278;3%;De 40 à 50 000 entrées;catégorie C;;banlieue;283;210;59;47,2;36,3;13,5;3;151;23
270;6 624;6 638;;62,7;44.76726;6.010559;106681;PROVENCE-ALPES-COTE D'AZUR;5039;383;5;0;Zone rurale;14541106;unités urbaines de 100 000 habitants et plus;1;34;241;-0,20%;De 5 à 10 000 entrées;catégorie E;;territoire rural;29;12;1;70,7;14,1;15,2;0;22;64,7
426;72 325;77 112;LE LUMIERE;27,6;43.175703;5.604941;112811;PROVENCE-ALPES-COTE D'AZUR;13028;35580;13;757;Toulon;569793;unités urbaines de 100 000 habitants et plus;3;53;4 484;-6,20%;De 50 à 80 000 entrées;catégorie C;;banlieue;323;270;129;45,1;40,5;12,9;1,5;168;21,7
142;20 216;14 853;;70,8;43.177341;5.610704;112825;PROVENCE-ALPES-COTE D'AZUR;13028;35580;13;757;Toulon;569793;unités urbaines de 100 000 habitants et plus;1;53;873;36%;De 20 à 30 000 entrées;catégorie C;JPPR;banlieue;283;117;3;56,5;18,8;17,3;7,4;212;66,6
230;62 922;63 590;OFFICE CULTUREL CLERMONTAIS;40,3;43.625579;3.435522;114564;OCCITANIE;34079;8667;34;34213;Clermont-l'Hérault;10400;unités urbaines de moins de 20 000 habitants et zones rurales;1;53;1 389;-1,10%;De 50 à 80 000 entrées;catégorie E;RDJPPR;commune-centre;276;210;33;49,4;34,7;13,4;2,5;167;29,4
130;18 756;17 070;VILLE DE COGOLIN;31,9;43.250728;6.537455;116021;PROVENCE-ALPES-COTE D'AZUR;83042;12387;83;83305;Cogolin;12387;unités urbaines de moins de 20 000 habitants et zones rurales;1;50;1 267;10%;De 10 à 20 000 entrées;catégorie E;;commune isolée;147;129;27;50,9;37,7;10,4;1;74;20,2
0;7 252;7 496;;19,5;43.803799;7.330148;119812;PROVENCE-ALPES-COTE D'AZUR;6048;7412;6;6701;Nice;943354;unités urbaines de 100 000 habitants et plus;1;52;123;-3,30%;De 5 à 10 000 entrées;non classé;;banlieue;84;72;3;64;29,9;6,2;0;22;14,4
615;15 882;15 672;SARL CINE FOGATA LUCIANI;12,9;42.627056;8.921392;120241;CORSE;2B093;957;2B;0;Zone rurale;14541106;unités urbaines de 100 000 habitants et plus;2;52;715;1%;De 10 à 20 000 entrées;non classé;;territoire rural;139;111;22;33,4;55;9,3;2,3;45;15,8
232;16 961;20 634;CINEMA L' ALBA;2,7;42.301162;9.151626;121792;CORSE;2B096;7331;2B;2B203;Corte;7331;unités urbaines de moins de 20 000 habitants et zones rurales;2;48;754;-17,80%;De 10 à 20 000 entrées;non classé;;commune isolée;66;48;23;18,5;64,6;16,8;0;10;4,8
54;7 611;7 057;;57,3;43.527138;6.149835;122243;PROVENCE-ALPES-COTE D'AZUR;83046;2254;83;83204;Carcès;7028;unités urbaines de moins de 20 000 habitants et zones rurales;1;50;288;8%;De 5 à 10 000 entrées;catégorie E;;commune-centre;215;175;1;53,9;24;16,6;5,6;138;60,4
93;23 301;21 376;LE LUBERON;69,5;43.774382;5.440971;131031;PROVENCE-ALPES-COTE D'AZUR;84042;1781;84;0;Zone rurale;14541106;unités urbaines de 100 000 habitants et plus;1;53;1 015;9%;De 20 à 30 000 entrées;catégorie E;RDJPPR;territoire rural;279;172;2;55,3;13,8;21,7;9,3;211;73,2
256;4 753;6 453;VILLE DE DIGNE LES BAINS;83,3;44.089715;6.239647;138594;PROVENCE-ALPES-COTE D'AZUR;4070;16246;4;4301;Digne-les-Bains;17038;unités urbaines de moins de 20 000 habitants et zones rurales;1;29;72;-26,30%;De 2 à 5 000 entrées;non classé;;commune-centre;58;29;0;44,4;16,1;26,7;12,8;53;89,6
767;104 033;107 505;CINE ESPACE EVASION;30,6;44.087669;6.231264;138595;PROVENCE-ALPES-COTE D'AZUR;4070;16246;4;4301;Digne-les-Bains;17038;unités urbaines de moins de 20 000 habitants et zones rurales;4;53;5 844;-3,20%;De 100 à 150 000 entrées;catégorie E;RDJP;commune-centre;340;275;204;46,3;42,3;9,8;1,6;179;21,2
1288;283 176;292 609;CGR;8,4;43.532372;6.472812;142626;PROVENCE-ALPES-COTE D'AZUR;83050;40278;83;83501;Draguignan;81139;unités urbaines de 20 000 à 100 000 habitants;7;53;14 503;-3,20%;De 200 à 300 000 entrées;non classé;;commune-centre;258;196;144;36,3;51,5;12;0,2;91;6,8
0;5 968;7 052;CINE GARRIGUES;62,4;43.990835;3.955297;144230;OCCITANIE;30106;689;30;0;Zone rurale;14541106;unités urbaines de 100 000 habitants et plus;1;31;93;-15,40%;De 5 à 10 000 entrées;non classé;;territoire rural;38;24;0;54,5;32,6;10,9;2;24;50,5
157;9 749;10 718;VILLE DE ELNE;37,2;42.601026;2.9735;146576;OCCITANIE;66065;8659;66;66401;Saint-Cyprien;53068;unités urbaines de 20 000 à 100 000 habitants;1;53;549;-9,00%;De 5 à 10 000 entrées;catégorie D;JP;commune-centre;182;146;27;43,7;12,9;28,4;15;93;61
388;53 832;56 548;CINEMAS G LAMIC;34,2;44.564376;6.493852;146762;PROVENCE-ALPES-COTE D'AZUR;5046;6177;5;5201;Embrun;6736;unités urbaines de moins de 20 000 habitants et zones rurales;2;50;1 427;-4,80%;De 50 à 80 000 entrées;catégorie E;JP;commune-centre;242;198;59;49,2;35,8;13,2;1,8;121;29,4
208;3 374;2 858;VILLE D'ENCHASTRAYES;15,4;44.371085;6.682435;146931;PROVENCE-ALPES-COTE D'AZUR;4073;391;4;0;Zone rurale;14541106;unités urbaines de 100 000 habitants et plus;1;25;285;18%;De 2 à 5 000 entrées;non classé;;territoire rural;97;79;22;44,1;39,8;14,3;1,7;17;10,8
198;8 462;9 290;VILLE D'EYGUIERES;37;43.695168;5.030541;154712;PROVENCE-ALPES-COTE D'AZUR;13035;6996;13;13207;Eyguières;6996;unités urbaines de moins de 20 000 habitants et zones rurales;1;47;365;-8,90%;De 5 à 10 000 entrées;catégorie E;;commune isolée;128;93;16;57,4;27,5;13,8;1,4;66;32,3
150;18 531;17 419;CINEM'AUDE 2000 VILLATGE AL PAIS;37,3;43.158478;2.727734;155143;OCCITANIE;11140;1173;11;0;Zone rurale;14541106;unités urbaines de 100 000 habitants et plus;1;53;1 063;6%;De 10 à 20 000 entrées;catégorie E;JPPR;territoire rural;238;159;1;68,2;21,3;8,6;2;130;36
254;4 273;3 415;VILLE DE FAYENCE;32,8;43.620961;6.698294;157011;PROVENCE-ALPES-COTE D'AZUR;83055;5670;83;83301;Fayence;11161;unités urbaines de moins de 20 000 habitants et zones rurales;1;50;137;25%;De 2 à 5 000 entrées;non classé;;commune-centre;125;104;9;54,6;37;8;0,3;39;45,8
0;2 891;3 280;;60,2;43.382416;6.204033;160410;PROVENCE-ALPES-COTE D'AZUR;83057;3485;83;83108;Flassans-sur-Issole;3485;unités urbaines de moins de 20 000 habitants et zones rurales;1;49;181;-11,90%;De 2 à 5 000 entrées;non classé;;commune isolée;139;114;0;61,1;16,2;20,3;2,4;88;44,2
237;4 826;4 948;CYAN LOISIR;13,6;42.505205;2.040244;164731;OCCITANIE;66124;1954;66;0;Zone rurale;14541106;unités urbaines de 100 000 habitants et plus;1;37;176;-2,50%;De 2 à 5 000 entrées;non classé;;territoire rural;93;72;4;50,2;39,4;10,2;0,1;19;7,1
135;12 592;12 876;VILLE DE FONTVIEILLE;33,2;43.726491;4.708604;164771;PROVENCE-ALPES-COTE D'AZUR;13038;3627;13;13106;Fontvieille;3627;unités urbaines de moins de 20 000 habitants et zones rurales;1;51;632;-2,20%;De 10 à 20 000 entrées;catégorie E;;commune isolée;167;144;0;56,1;27,6;14,9;1,4;69;29,8
135;31 327;30 861;VILLE DE FORCALQUIER;72,3;43.959829;5.781061;164831;PROVENCE-ALPES-COTE D'AZUR;4088;4981;4;4202;Forcalquier;6348;unités urbaines de moins de 20 000 habitants et zones rurales;1;51;1 179;2%;De 30 à 40 000 entrées;catégorie E;RDJPPR;commune-centre;274;183;2;58,7;16,4;15,4;9,5;224;70,2
392;36 028;38 979;SAN OUEST PROVENCE;35,5;43.453954;4.943629;165884;PROVENCE-ALPES-COTE D'AZUR;13039;15831;13;759;Marseille - Aix-en-Provence;1585498;unités urbaines de 100 000 habitants et plus;2;52;2 039;-7,60%;De 30 à 40 000 entrées;catégorie C;RDJPPR;banlieue;283;200;37;42,8;40,6;14;2,6;160;23,9
502;49 716;43 008;JEAN-MARIE CHARVET;83,9;43.432981;6.732812;168942;PROVENCE-ALPES-COTE D'AZUR;83061;52897;83;83502;Fréjus;95721;unités urbaines de 20 000 à 100 000 habitants;3;53;4 336;16%;De 40 à 50 000 entrées;catégorie D;;commune-centre;241;172;71;47;28,1;16,8;8,1;190;76,2
450;8 946;10 331;CINE SAUSSET;14;43.3974611;6.718800399999964;168953;PROVENCE-ALPES-COTE D'AZUR;83061;52897;83;83502;Fréjus;95721;unités urbaines de 20 000 à 100 000 habitants;1;15;100;-13,40%;De 5 à 10 000 entrées;non classé;;commune-centre;43;43;13;29,2;61;9,8;0;9;7
152;56 385;52 334;SNES (DSP);38;43.447733;3.752698;171242;OCCITANIE;34108;22771;34;34502;Sète;91281;unités urbaines de 20 000 à 100 000 habitants;1;53;1 660;8%;De 50 à 80 000 entrées;catégorie D;RDJP;commune-centre;286;212;34;54,8;28,7;14,2;2,3;161;30,4
263;51 415;49 044;STUDIO CINEMA;5,6;42.657224;9.423381;171650;CORSE;2B120;5736;2B;2B501;Bastia;67699;unités urbaines de 20 000 à 100 000 habitants;1;49;1 133;5%;De 50 à 80 000 entrées;non classé;;banlieue;81;50;35;27,2;58;13,9;1;15;10,8
166;19 312;21 527;COMMUNAUTE DE COMMUNES DES CEVENNES GANGEOISES ET SUMENOISES;25;43.936455;3.709731;172662;OCCITANIE;34111;3950;34;34209;Ganges;7942;unités urbaines de moins de 20 000 habitants et zones rurales;1;53;1 193;-10,30%;De 10 à 20 000 entrées;non classé;;commune-centre;233;200;33;54,5;31,6;12,7;1,2;109;25
640;155 209;159 208;LE PALACE;5,9;44.557036;6.078807;172741;PROVENCE-ALPES-COTE D'AZUR;5061;40776;5;5401;Gap;41248;unités urbaines de 20 000 à 100 000 habitants;6;53;8 545;-2,50%;De 150 à 200 000 entrées;non classé;;commune-centre;161;133;121;41,3;48;10,7;0;19;4,6
274;24 419;23 522;ASSOCIATION CONFERENCE JEANNE D'ARC;64,6;44.559365;6.078993;172743;PROVENCE-ALPES-COTE D'AZUR;5061;40776;5;5401;Gap;41248;unités urbaines de 20 000 à 100 000 habitants;1;53;1 410;4%;De 20 à 30 000 entrées;non classé;;commune-centre;69;53;39;54;27,5;15,6;2,9;48;70,3
104;18 721;21 691;ASSOCIATION CONFERENCE JEANNE D'ARC;97,6;44.55986;6.07839;172744;PROVENCE-ALPES-COTE D'AZUR;5061;40776;5;5401;Gap;41248;unités urbaines de 20 000 à 100 000 habitants;1;53;1 383;-13,70%;De 10 à 20 000 entrées;catégorie D;RDJP;commune-centre;116;83;19;65,4;6,4;15,9;12,3;111;98,7
423;30 149;31 280;GARDANNE ACTION CINEMA;65;43.454749;5.470731;172961;PROVENCE-ALPES-COTE D'AZUR;13041;19749;13;759;Marseille - Aix-en-Provence;1585498;unités urbaines de 100 000 habitants et plus;3;53;2 501;-3,60%;De 30 à 40 000 entrées;catégorie C;;banlieue;335;238;27;59,1;17,5;17;6,4;232;64,1
141;10 246;9 783;VILLE DE LA GARDE;76,7;43.124317;6.009199;173083;PROVENCE-ALPES-COTE D'AZUR;83062;25047;83;757;Toulon;569793;unités urbaines de 100 000 habitants et plus;1;39;407;5%;De 10 à 20 000 entrées;catégorie C;;banlieue;83;52;0;70,7;13,5;10,4;5,4;66;77,4
177;11 964;13 280;DK PRODUCTION;33,2;43.721609;7.149739;173991;PROVENCE-ALPES-COTE D'AZUR;6065;6415;6;6701;Nice;943354;unités urbaines de 100 000 habitants et plus;1;52;696;-9,90%;De 10 à 20 000 entrées;non classé;;banlieue;230;201;6;58,3;28,4;10,6;2,8;105;32,2
323;2 469;2 269;VILLE DE GEMENOS;26,5;43.287544;5.6229;174813;PROVENCE-ALPES-COTE D'AZUR;13042;6387;13;759;Marseille - Aix-en-Provence;1585498;unités urbaines de 100 000 habitants et plus;1;36;196;9%;De 2 à 5 000 entrées;non classé;;banlieue;106;92;0;66,6;19;14;0,3;31;18,9
295;18 182;18 501;SAN OUEST PROVENCE;58,2;43.608373;5.064398;183942;PROVENCE-ALPES-COTE D'AZUR;13044;4703;13;13501;Salon-de-Provence;60408;unités urbaines de 20 000 à 100 000 habitants;1;51;932;-1,70%;De 10 à 20 000 entrées;catégorie D;RDJPPR;banlieue;231;157;0;54;26,5;16,3;3,2;159;49,1
230;16 798;16 717;VILLE;51,2;43.659584;6.922053;184053;PROVENCE-ALPES-COTE D'AZUR;6069;50937;6;6701;Nice;943354;unités urbaines de 100 000 habitants et plus;2;49;2 046;0%;De 10 à 20 000 entrées;catégorie C;JP;banlieue;358;297;28;55,4;24,1;16,7;3,8;207;53,7
425;41 445;41 485;SARL VOG;26,5;43.544412;4.131107;184213;OCCITANIE;30133;8434;30;362;Le Grau-du-Roi;17189;unités urbaines de moins de 20 000 habitants et zones rurales;2;53;2 802;-0,10%;De 40 à 50 000 entrées;catégorie E;;banlieue;287;241;92;61;28,2;9,6;1,2;121;21
641;46 028;48 129;DURANCE LUBERON VERDON AGGLOMERATION;27,6;43.757246;5.886021;185173;PROVENCE-ALPES-COTE D'AZUR;4094;2628;4;4101;Gréoux-les-Bains;2628;unités urbaines de moins de 20 000 habitants et zones rurales;2;51;2 358;-4,40%;De 40 à 50 000 entrées;catégorie E;;commune isolée;210;190;19;64;25,6;9,3;1,2;104;26,9
0;2 045;2 642;DURANCE LUBERON VERDON AGGLOMERATION;3,4;43.757189;5.886009;185175;PROVENCE-ALPES-COTE D'AZUR;4094;2628;4;4101;Gréoux-les-Bains;2628;unités urbaines de moins de 20 000 habitants et zones rurales;1;8;29;-22,60%;De 2 à 5 000 entrées;non classé;;commune isolée;9;9;1;22,5;77,5;0;0;1;1
185;14 087;11 737;VILLE DE GUILLESTRE;34,9;44.662223;6.649662;188341;PROVENCE-ALPES-COTE D'AZUR;5065;2301;5;5102;Guillestre;3208;unités urbaines de moins de 20 000 habitants et zones rurales;1;50;831;20%;De 10 à 20 000 entrées;non classé;;commune-centre;200;153;8;52,5;29,4;15,2;2,9;100;31,5
733;182 397;189 088;CINEMA OLBIA;27,1;43.118684;6.128014;199831;PROVENCE-ALPES-COTE D'AZUR;83069;56478;83;757;Toulon;569793;unités urbaines de 100 000 habitants et plus;6;53;9 228;-3,50%;De 150 à 200 000 entrées;catégorie C;;banlieue;251;196;157;50,4;37,6;11,1;1;105;22,8
92;8 634;9 412;VILLE DE L'ISLE SUR LA SORGUE;65,2;43.916183;5.048509;201753;PROVENCE-ALPES-COTE D'AZUR;84054;19483;84;754;Avignon;456042;unités urbaines de 100 000 habitants et plus;1;48;396;-8,30%;De 5 à 10 000 entrées;catégorie C;;banlieue;187;131;0;59,4;22,2;11,2;7,1;126;65,7
150;6 248;5 001;DK PRODUCTION;4,4;44.18736;7.045728;201821;PROVENCE-ALPES-COTE D'AZUR;6073;693;6;0;Zone rurale;14541106;unités urbaines de 100 000 habitants et plus;1;26;315;25%;De 5 à 10 000 entrées;non classé;;territoire rural;64;51;5;54,8;34,2;10,8;0,2;4;1,9
435;104 533;103 981;SAN OUEST PROVENCE;27;43.514195;4.987268;202292;PROVENCE-ALPES-COTE D'AZUR;13047;43086;13;759;Marseille - Aix-en-Provence;1585498;unités urbaines de 100 000 habitants et plus;4;53;5 897;1%;De 100 à 150 000 entrées;catégorie C;RDJP;banlieue;307;216;92;32,2;55,3;11,7;0,8;180;15,3
100;18 065;17 742;ASSOCIATION LA STRADA;67,2;43.847212;5.273548;210701;PROVENCE-ALPES-COTE D'AZUR;84058;409;84;0;Zone rurale;14541106;unités urbaines de 100 000 habitants et plus;1;53;600;2%;De 10 à 20 000 entrées;catégorie E;JP;territoire rural;174;129;0;60,2;16,5;13,9;9,3;120;70,7
107;6 095;5 871;VILLE DE LAMALOU LES BAINS;42;43.593733;3.082206;213233;OCCITANIE;34126;2576;34;34302;Bédarieux;13279;unités urbaines de moins de 20 000 habitants et zones rurales;1;44;426;4%;De 5 à 10 000 entrées;catégorie E;;banlieue;135;118;0;64,9;21,2;12,1;1,7;66;39,8
137;27 597;23 274;CINE BONNE NOUVELLE;21;43.653486;5.262357;213542;PROVENCE-ALPES-COTE D'AZUR;13050;9584;13;13213;Lambesc;9584;unités urbaines de moins de 20 000 habitants et zones rurales;1;49;942;19%;De 20 à 30 000 entrées;non classé;;commune isolée;123;82;0;48,1;34,7;15,7;1,5;37;28
299;11 782;11 655;COMMUNAUTE DE COMMUNES DU HAUT ALLIER;22,6;44.726847;3.856667;215581;OCCITANIE;48080;2894;48;48102;Langogne;3246;unités urbaines de moins de 20 000 habitants et zones rurales;1;51;434;1%;De 10 à 20 000 entrées;non classé;;commune-centre;105;85;1;53,3;34,3;11,7;0,7;27;15,3
160;7 739;9 078;SCHWENDEMANN THOMAS ANTONIN;45,9;44.314841;5.822237;217372;PROVENCE-ALPES-COTE D'AZUR;5070;3455;5;5104;Laragne-Montéglin;3816;unités urbaines de moins de 20 000 habitants et zones rurales;1;38;633;-14,70%;De 5 à 10 000 entrées;catégorie E;RDJP;commune-centre;201;159;2;61,2;26,7;10,1;2;107;41,1
2002;426 485;474 156;CGR;8,7;43.584563;3.935363;219191;OCCITANIE;34129;16298;34;34701;Montpellier;428909;unités urbaines de 100 000 habitants et plus;12;53;24 082;-10,10%;De 300 à 450 000 entrées;non classé;;banlieue;244;204;200;36,4;51,5;11,9;0,2;33;5,6
544;13 974;16 806;DPL DEPANNAGES LAVANDOURAINS;0;43.135578;6.358877;220334;PROVENCE-ALPES-COTE D'AZUR;83070;5533;83;83308;Bormes-les-Mimosas - Le Lavandou;14116;unités urbaines de moins de 20 000 habitants et zones rurales;1;10;54;-16,90%;De 10 à 20 000 entrées;non classé;;banlieue;19;19;8;23,6;71,7;4,7;0;0;0
451;62 886;64 844;CINEX LOISIRS;21,6;42.841052;3.039151;224165;OCCITANIE;11202;4373;11;0;Zone rurale;14541106;unités urbaines de 100 000 habitants et plus;3;53;4 024;-3,00%;De 50 à 80 000 entrées;catégorie E;JP;territoire rural;277;202;73;45,3;44,8;8,1;1,8;144;15,3
0;8 905;9 520;JEAN-MARIE CHARVET;19,4;43.860403;7.223268;224532;PROVENCE-ALPES-COTE D'AZUR;6075;4741;6;6108;Levens;4741;unités urbaines de moins de 20 000 habitants et zones rurales;1;52;258;-6,50%;De 5 à 10 000 entrées;non classé;;commune isolée;100;75;0;59,8;25;13;2,3;28;27,7
199;10 346;9 883;VILLE DE LEZIGNAN CORBIERES;51,8;43.200704;2.758263;225081;OCCITANIE;11203;11285;11;11206;Lézignan-Corbières;11285;unités urbaines de moins de 20 000 habitants et zones rurales;1;53;496;5%;De 10 à 20 000 entrées;catégorie E;JPPR;commune isolée;266;189;1;64,6;12,6;14,4;8,3;166;72,4
350;10 400;9 407;VILLE DE LIMOUX;48,3;43.055193;2.214156;228531;OCCITANIE;11206;10214;11;11301;Limoux;12989;unités urbaines de moins de 20 000 habitants et zones rurales;1;53;470;11%;De 10 à 20 000 entrées;catégorie E;PR;commune-centre;264;197;1;64,2;17,8;14,2;3,8;160;56,8
270;33 961;33 657;VILLE DE LODEVE;34,4;43.732596;3.314911;230475;OCCITANIE;34142;7409;34;34214;Lodève;9751;unités urbaines de moins de 20 000 habitants et zones rurales;2;53;1 962;1%;De 30 à 40 000 entrées;catégorie E;RD;commune-centre;201;152;25;44,9;36,3;15,4;3,3;111;31
120;13 802;13 054;VILLE DE LORGUES;69,9;43.493104;6.361864;232943;PROVENCE-ALPES-COTE D'AZUR;83072;9042;83;83303;Lorgues;10853;unités urbaines de moins de 20 000 habitants et zones rurales;1;53;737;6%;De 10 à 20 000 entrées;non classé;;commune-centre;218;177;2;51,1;21,1;17,8;10;163;76,6
100;9 222;8 255;POLYMAGES;22,4;43.395569;6.311016;235561;PROVENCE-ALPES-COTE D'AZUR;83073;10821;83;83307;Le Luc;15177;unités urbaines de moins de 20 000 habitants et zones rurales;1;44;554;12%;De 5 à 10 000 entrées;catégorie E;;commune-centre;153;133;1;50,1;36,2;12,1;1,6;48;15,2
375;80 563;83 417;FALISSARD ALAIN JEAN-PIERRE;18,4;43.677738;4.131204;236511;OCCITANIE;34145;25178;34;463;Lunel;49914;unités urbaines de 20 000 à 100 000 habitants;3;50;3 013;-3,40%;De 80 à 100 000 entrées;catégorie D;;commune-centre;235;182;71;44,7;43,1;11,4;0,8;106;15,7
259;14 021;11 800;JEAN-MARIE CHARVET;28,8;43.535959;6.929182;243839;PROVENCE-ALPES-COTE D'AZUR;6079;22360;6;6701;Nice;943354;unités urbaines de 100 000 habitants et plus;1;52;299;19%;De 10 à 20 000 entrées;non classé;;banlieue;133;108;1;52,7;40;7,3;0;44;25,5
97;1 701;1 813;;49,5;42.235245;8.804724;247550;CORSE;2A154;106;2A;0;Zone rurale;14541106;unités urbaines de 100 000 habitants et plus;1;52;283;-6,20%;Moins de 2000 entrées;non classé;;territoire rural;166;114;0;48,6;27,3;16,6;7,6;84;52,6
240;39 200;42 753;ASSOCIATION LOISIRS COMMUNICATION;25,9;43.419763;5.213706;247565;PROVENCE-ALPES-COTE D'AZUR;13054;33929;13;759;Marseille - Aix-en-Provence;1585498;unités urbaines de 100 000 habitants et plus;2;53;2 920;-8,30%;De 30 à 40 000 entrées;catégorie C;JP;banlieue;209;165;44;39,2;48,2;10,9;1,8;90;23,1
1590;399 023;428 283;UGC Méditerranée (Aubert);12,6;43.28385;5.384511;249441;PROVENCE-ALPES-COTE D'AZUR;13055;861635;13;759;Marseille - Aix-en-Provence;1585498;unités urbaines de 100 000 habitants et plus;11;53;18 451;-6,80%;De 300 à 450 000 entrées;non classé;;commune-centre;282;203;184;36;49,9;13,6;0,5;63;9,3
806;146 750;158 289;SOCIETE DES CINEMAS DE BONNEVEINE;7,9;43.249625;5.389984;249451;PROVENCE-ALPES-COTE D'AZUR;13055;861635;13;759;Marseille - Aix-en-Provence;1585498;unités urbaines de 100 000 habitants et plus;5;53;7 825;-7,30%;De 100 à 150 000 entrées;non classé;;commune-centre;106;80;76;35,7;51,7;12,4;0,2;24;8,3
1358;279 744;286 545;Les cinemas GAUMONT-PATHE;26,3;43.300347;5.399852;249471;PROVENCE-ALPES-COTE D'AZUR;13055;861635;13;759;Marseille - Aix-en-Provence;1585498;unités urbaines de 100 000 habitants et plus;8;53;15 414;-2,40%;De 200 à 300 000 entrées;non classé;;commune-centre;252;175;166;35,6;47,3;15,1;2;81;23,3
458;129 856;72 949;MIZRAHI (SARL CESAR);96,3;43.28624;5.383262;249563;PROVENCE-ALPES-COTE D'AZUR;13055;861635;13;759;Marseille - Aix-en-Provence;1585498;unités urbaines de 100 000 habitants et plus;3;53;5 946;78%;De 100 à 150 000 entrées;catégorie A;;commune-centre;182;124;104;51,4;11,2;21,4;16;169;98,4
460;137 231;136 943;UGC Méditerranée (Aubert);44,3;43.273044;5.391418;249581;PROVENCE-ALPES-COTE D'AZUR;13055;861635;13;759;Marseille - Aix-en-Provence;1585498;unités urbaines de 100 000 habitants et plus;4;53;6 019;0%;De 100 à 150 000 entrées;non classé;;commune-centre;111;83;72;40,2;36,5;22,3;1;39;47,3
694;82 936;138 038;MIZRAHI (SARL CINEMA LES VARIETES);91,2;43.297447;5.379767;249791;PROVENCE-ALPES-COTE D'AZUR;13055;861635;13;759;Marseille - Aix-en-Provence;1585498;unités urbaines de 100 000 habitants et plus;5;31;5 085;-39,90%;De 80 à 100 000 entrées;catégorie A;RDJPPR;commune-centre;195;134;118;55,3;18,4;19;7,3;177;94
2436;1 060 120;1 070 690;Les cinemas GAUMONT-PATHE;7,8;43.289155;5.481134;249831;PROVENCE-ALPES-COTE D'AZUR;13055;861635;13;759;Marseille - Aix-en-Provence;1585498;unités urbaines de 100 000 habitants et plus;11;53;17 413;-1,00%;De 1 à 1,5 million d'entrées;non classé;;commune-centre;168;145;136;26;62,1;11,9;0;23;4,5
256;42 483;43 484;CINEMARSEILLE;73;43.360713;5.330247;249942;PROVENCE-ALPES-COTE D'AZUR;13055;861635;13;759;Marseille - Aix-en-Provence;1585498;unités urbaines de 100 000 habitants et plus;1;49;1 200;-2,30%;De 40 à 50 000 entrées;catégorie A;RDJPPR;commune-centre;218;133;10;51,7;14,3;26,4;7,6;163;81,9
345;19 723;18 178;VILLE DE MARSEILLE;45,7;43.294553;5.498707;250410;PROVENCE-ALPES-COTE D'AZUR;13055;861635;13;759;Marseille - Aix-en-Provence;1585498;unités urbaines de 100 000 habitants et plus;1;51;1 235;8%;De 10 à 20 000 entrées;non classé;;commune-centre;151;76;0;30,8;37,1;23,7;8,4;89;46,9
230;32 697;32 261;;58,6;43.312724;5.384422;250412;PROVENCE-ALPES-COTE D'AZUR;13055;861635;13;759;Marseille - Aix-en-Provence;1585498;unités urbaines de 100 000 habitants et plus;1;45;918;1%;De 30 à 40 000 entrées;catégorie A;RDJPPR;commune-centre;201;99;12;43;30,7;21,8;4,5;146;66,4
166;27 835;28 858;VILLE DE MARTIGUES;82,6;43.410526;5.052683;250935;PROVENCE-ALPES-COTE D'AZUR;13056;49403;13;759;Marseille - Aix-en-Provence;1585498;unités urbaines de 100 000 habitants et plus;1;53;1 343;-3,50%;De 20 à 30 000 entrées;catégorie C;RDJPPR;banlieue;234;155;4;55,6;18,7;19,2;6,4;212;92,4
177;15 408;15 053;TRIANON CINEMA SARL;32,2;44.551614;3.291609;251251;OCCITANIE;48092;4841;48;48201;Marvejols;6066;unités urbaines de moins de 20 000 habitants et zones rurales;1;51;1 004;2%;De 10 à 20 000 entrées;catégorie E;;commune-centre;150;122;4;48,3;34,7;16,2;0,8;59;25,2
260;16 134;16 467;CINEMAGINAIRE;25,6;42.814211;2.600537;253313;OCCITANIE;66107;802;66;0;Zone rurale;14541106;unités urbaines de 100 000 habitants et plus;1;51;367;-2,00%;De 10 à 20 000 entrées;catégorie E;JP;territoire rural;129;90;17;52;36,9;10,7;0,3;49;22,4
402;63 105;66 263;SOCIETE ANONYME IMMOBILIERE D'ECONOMIE MIXTE MENDE FONTANILLES;29,9;44.519155;3.499538;256211;OCCITANIE;48095;11641;48;48301;Mende;11641;unités urbaines de moins de 20 000 habitants et zones rurales;3;51;2 679;-4,80%;De 50 à 80 000 entrées;catégorie E;;commune isolée;199;159;53;48,9;34,7;15,5;0,8;96;22,5
377;87 844;82 144;JEAN-MARIE CHARVET;20;43.775396;7.50197;257302;PROVENCE-ALPES-COTE D'AZUR;6083;28231;6;6501;Menton - Monaco (partie française);68326;unités urbaines de 20 000 à 100 000 habitants;3;53;4 676;7%;De 80 à 100 000 entrées;non classé;;commune-centre;210;178;77;44,3;43,2;11,8;0,7;80;15,9
144;28 525;28 939;VILLE DE MEZE;28,6;43.421612;3.601996;261623;OCCITANIE;34157;11537;34;34301;Mèze;11537;unités urbaines de moins de 20 000 habitants et zones rurales;1;50;868;-1,40%;De 20 à 30 000 entrées;catégorie E;JP;commune isolée;218;169;18;49,2;35,6;14,2;1;110;22,7
178;24 853;22 565;SAN OUEST PROVENCE;44,7;43.581558;5.001721;263261;PROVENCE-ALPES-COTE D'AZUR;13063;25639;13;759;Marseille - Aix-en-Provence;1585498;unités urbaines de 100 000 habitants et plus;1;50;1 293;10%;De 20 à 30 000 entrées;catégorie C;;banlieue;256;186;1;46,3;32,6;16,2;4,8;141;41,8
128;8 049;8 419;VILLE LE MONETIER LES MINES;27;44.975571;6.50728;266752;PROVENCE-ALPES-COTE D'AZUR;5079;1024;5;0;Zone rurale;14541106;unités urbaines de 100 000 habitants et plus;2;39;769;-4,40%;De 5 à 10 000 entrées;non classé;;territoire rural;63;50;3;59,6;26,5;12,9;1;23;27,8
279;34 296;32 243;ASSOCIATION FOYER RURAL MAISON POUR TOUS;33,8;43.618473;6.771904;268972;PROVENCE-ALPES-COTE D'AZUR;83081;6298;83;83205;Montauroux;9536;unités urbaines de moins de 20 000 habitants et zones rurales;1;53;1 157;6%;De 30 à 40 000 entrées;catégorie E;JP;commune-centre;268;220;11;53,8;33,1;11,2;1,9;131;28,6
188;5 157;6 143;VILLE DE MONTGENEVRE;12,4;44.932175;6.724754;272358;PROVENCE-ALPES-COTE D'AZUR;5085;510;5;0;Zone rurale;14541106;unités urbaines de 100 000 habitants et plus;1;35;290;-16,10%;De 5 à 10 000 entrées;non classé;;territoire rural;110;91;31;49;40,1;10,9;0;17;8,8
1067;336 091;323 266;DIAGONAL;92,5;43.607742;3.880324;275201;OCCITANIE;34172;277639;34;34701;Montpellier;428909;unités urbaines de 100 000 habitants et plus;6;53;11 970;4%;De 300 à 450 000 entrées;catégorie A;RDJPPR;commune-centre;359;260;231;54,4;15,5;20,2;9,8;325;92,9
265;98 167;104 036;UTOPIA LATIN;86,9;43.628906;3.869104;275203;OCCITANIE;34172;277639;34;34701;Montpellier;428909;unités urbaines de 100 000 habitants et plus;3;53;5 580;-5,60%;De 80 à 100 000 entrées;catégorie A;RDJPPR;commune-centre;292;174;52;58,5;12,1;18,8;10,6;246;86,6
1113;267 692;293 405;Les cinemas GAUMONT-PATHE;13,9;43.609061;3.880069;275273;OCCITANIE;34172;277639;34;34701;Montpellier;428909;unités urbaines de 100 000 habitants et plus;8;53;14 713;-8,80%;De 200 à 300 000 entrées;non classé;;commune-centre;255;168;156;30,3;51,8;17;0,9;56;10,5
3919;1 232 208;1 360 800;Les cinemas GAUMONT-PATHE;19;43.603985;3.91557;275311;OCCITANIE;34172;277639;34;34701;Montpellier;428909;unités urbaines de 100 000 habitants et plus;17;53;33 614;-9,40%;De 1 à 1,5 million d'entrées;non classé;;commune-centre;320;243;240;29,3;56,3;13,5;0,9;93;12,3
107;23 114;22 482;VILLE DE MONTPELLIER;71,4;43.61435;3.828731;275334;OCCITANIE;34172;277639;34;34701;Montpellier;428909;unités urbaines de 100 000 habitants et plus;1;50;1 471;3%;De 20 à 30 000 entrées;catégorie A;RDJPPR;commune-centre;298;181;6;49,8;13,1;28,3;8,9;242;80,6
88;1 809;0;;16;43.624323;3.817591;275336;OCCITANIE;34172;277639;34;34701;Montpellier;428909;unités urbaines de 100 000 habitants et plus;1;12;150;#DIV/0!;Moins de 2000 entrées;non classé;;commune-centre;29;27;0;56,1;43;0,4;0,5;6;24,9
200;1 026;773;CINEALPES;0;43.620396;6.969027;279662;PROVENCE-ALPES-COTE D'AZUR;6084;9510;6;6701;Nice;943354;unités urbaines de 100 000 habitants et plus;1;7;7;33%;Moins de 2000 entrées;non classé;;banlieue;7;7;0;14,9;85,1;0;0;0;0
847;330 287;318 169;CINEALPES;23,7;43.617882;6.97286;279663;PROVENCE-ALPES-COTE D'AZUR;6084;9510;6;6701;Nice;943354;unités urbaines de 100 000 habitants et plus;5;53;8 839;4%;De 300 à 450 000 entrées;catégorie C;;banlieue;308;226;116;37,4;48,5;13,2;1;176;12,2
1258;351 200;359 719;CGR;8,6;43.163076;2.984491;285966;OCCITANIE;11262;53462;11;11502;Narbonne;53462;unités urbaines de 20 000 à 100 000 habitants;9;53;18 437;-2,40%;De 300 à 450 000 entrées;non classé;;commune isolée;215;184;177;36,6;52,6;10,8;0,1;27;4,6
260;27 097;25 749;CENTRE D'ART ET DE CULTURE DE NARBONNE;83,5;43.180232;3.014167;285975;OCCITANIE;11262;53462;11;11502;Narbonne;53462;unités urbaines de 20 000 à 100 000 habitants;1;48;600;5%;De 20 à 30 000 entrées;catégorie D;RDJP;commune isolée;151;110;18;67,4;9,5;15,1;8;142;95,9
704;114 343;113 854;UGC Méditerranée (Aubert);93,8;43.696032;7.258586;290022;PROVENCE-ALPES-COTE D'AZUR;6088;342522;6;6701;Nice;943354;unités urbaines de 100 000 habitants et plus;5;53;9 314;0%;De 100 à 150 000 entrées;catégorie A;RD;commune-centre;200;163;145;50,7;14,6;23,7;11;181;93,3
1133;135 795;149 586;UGC Méditerranée (Aubert);12,3;43.699902;7.26609;290032;PROVENCE-ALPES-COTE D'AZUR;6088;342522;6;6701;Nice;943354;unités urbaines de 100 000 habitants et plus;7;53;12 770;-9,20%;De 100 à 150 000 entrées;non classé;;commune-centre;139;122;120;42,2;43,6;14,1;0,2;22;12,6
1366;342 830;421 490;Les cinemas GAUMONT-PATHE;43,6;43.702059;7.266941;290044;PROVENCE-ALPES-COTE D'AZUR;6088;342522;6;6701;Nice;943354;unités urbaines de 100 000 habitants et plus;7;53;14 380;-18,70%;De 300 à 450 000 entrées;non classé;;commune-centre;181;151;130;55,6;31,8;10,8;1,8;84;34,6
149;10 069;7 923;VILLE DE NICE;61,5;43.692782;7.245773;290063;PROVENCE-ALPES-COTE D'AZUR;6088;342522;6;6701;Nice;943354;unités urbaines de 100 000 habitants et plus;1;23;148;27%;De 10 à 20 000 entrées;non classé;;commune-centre;37;8;1;41,4;15;39,8;3,8;28;73,6
652;566;0;;0;43.739249;7.308078;290064;PROVENCE-ALPES-COTE D'AZUR;6088;342522;6;6701;Nice;943354;unités urbaines de 100 000 habitants et plus;1;5;5;#DIV/0!;Moins de 2000 entrées;non classé;;commune-centre;5;0;0;0;100;0;0;0;0
154;74 173;71 708;DEPARTEMENT DES ALPES MARITIMES;78,5;43.700772;7.280789;290093;PROVENCE-ALPES-COTE D'AZUR;6088;342522;6;6701;Nice;943354;unités urbaines de 100 000 habitants et plus;3;48;4 852;3%;De 50 à 80 000 entrées;catégorie A;RDJP;commune-centre;523;395;102;62,3;13,5;15,1;9,1;386;71,6
2816;928 495;1 043 055;Les cinemas GAUMONT-PATHE;10,3;43.671643;7.203332;290191;PROVENCE-ALPES-COTE D'AZUR;6088;342522;6;6701;Nice;943354;unités urbaines de 100 000 habitants et plus;13;53;26 426;-11,00%;De 700 000 à 1 million d'entrées;non classé;;commune-centre;243;195;192;27,8;59,3;12,6;0,2;36;6,7
979;93 268;207 498;Les cinemas GAUMONT-PATHE;14,6;43.704136;7.266397;290363;PROVENCE-ALPES-COTE D'AZUR;6088;342522;6;6701;Nice;943354;unités urbaines de 100 000 habitants et plus;5;53;7 774;-55,10%;De 80 à 100 000 entrées;non classé;;commune-centre;197;175;39;33,7;54,3;10;2;39;9,5
154;2 217;3 339;EPA VILLA D' ARSON;100;43.720507;7.25283;290387;PROVENCE-ALPES-COTE D'AZUR;6088;342522;6;6701;Nice;943354;unités urbaines de 100 000 habitants et plus;1;7;26;-33,60%;De 2 à 5 000 entrées;non classé;;commune-centre;6;3;0;100;0;0;0;6;100
1537;384 499;0;Les cinemas GAUMONT-PATHE;7,6;43.709724;7.261413;290388;PROVENCE-ALPES-COTE D'AZUR;6088;342522;6;6701;Nice;943354;unités urbaines de 100 000 habitants et plus;9;44;15 343;#DIV/0!;De 300 à 450 000 entrées;non classé;;commune-centre;162;149;119;16,9;63,7;19,2;0,2;25;6,4
464;35 592;58 566;KINEPOLIS;2,8;43.837841;4.362383;290933;OCCITANIE;30189;150672;30;30601;Nîmes;184750;unités urbaines de 100 000 habitants et plus;4;53;6 180;-39,20%;De 30 à 40 000 entrées;non classé;;commune-centre;102;74;52;27,3;56;16,1;0,6;13;4,4
571;198 186;193 988;LE SEMAPHORE;92;43.833909;4.357425;290975;OCCITANIE;30189;150672;30;30601;Nîmes;184750;unités urbaines de 100 000 habitants et plus;6;53;11 294;2%;De 150 à 200 000 entrées;catégorie B;RDJPPR;commune-centre;450;248;214;56,9;14,6;18,9;9,6;404;93,5
2928;662 687;819 210;KINEPOLIS;11,1;43.814338;4.367462;291014;OCCITANIE;30189;150672;30;30601;Nîmes;184750;unités urbaines de 100 000 habitants et plus;12;53;20 394;-19,10%;De 450 à 700 000 entrées;non classé;;commune-centre;288;212;207;33;55,3;11,4;0,3;41;5,4
1610;232 482;15 936;CGR;6,7;43.856426;4.403645;291027;OCCITANIE;30189;150672;30;30601;Nîmes;184750;unités urbaines de 100 000 habitants et plus;10;53;20 416;1359%;De 200 à 300 000 entrées;non classé;;commune-centre;212;178;172;35,9;51,7;12,2;0,2;26;4,1
161;4 053;4 161;VILLE DE NOVES;49,4;43.875599;4.9035;294314;PROVENCE-ALPES-COTE D'AZUR;13066;5761;13;754;Avignon;456042;unités urbaines de 100 000 habitants et plus;1;43;174;-2,60%;De 2 à 5 000 entrées;non classé;;banlieue;142;108;0;62,6;20,7;12,8;3,9;75;39,9
283;60 764;65 757;CINE FORUM;17,8;44.13782;4.809493;297871;PROVENCE-ALPES-COTE D'AZUR;84087;29561;84;754;Avignon;456042;unités urbaines de 100 000 habitants et plus;3;52;4 145;-7,60%;De 50 à 80 000 entrées;non classé;;banlieue;191;157;74;47,2;41,9;10,6;0,2;78;14,3
244;9 819;10 227;VILLE D'ORCIERES MERLETTE;6,7;44.708057;6.341919;298142;PROVENCE-ALPES-COTE D'AZUR;5096;715;5;0;Zone rurale;14541106;unités urbaines de 100 000 habitants et plus;2;28;665;-4,00%;De 5 à 10 000 entrées;non classé;;territoire rural;84;70;12;49,6;42,6;7,5;0,3;12;4,4
255;5 846;5 257;CINEMAS G LAMIC;7,8;44.493107;6.556982;299451;PROVENCE-ALPES-COTE D'AZUR;5098;569;5;0;Zone rurale;14541106;unités urbaines de 100 000 habitants et plus;1;29;281;11%;De 5 à 10 000 entrées;non classé;;territoire rural;88;73;29;42,7;42,6;14,6;0;9;1,9
255;10 705;10 546;VILLE D'OSSEJA;23,2;42.4151068;1.9811399999999821;300171;OCCITANIE;66130;1328;66;0;Zone rurale;14541106;unités urbaines de 100 000 habitants et plus;1;50;263;2%;De 10 à 20 000 entrées;catégorie E;;territoire rural;134;114;9;40,3;39,4;15,7;4,6;44;19,9
212;4 359;4 024;VILLE DE PALAVAS LES FLOTS;30;43.527952;3.931577;302596;OCCITANIE;34192;6173;34;34206;Palavas-les-Flots;6173;unités urbaines de moins de 20 000 habitants et zones rurales;1;47;240;8%;De 2 à 5 000 entrées;non classé;;commune isolée;66;49;0;64,1;24,5;9,4;2;24;29,2
3825;1 546 869;1 597 981;Les cinemas GAUMONT-PATHE;13,1;43.413496;5.356466;306521;PROVENCE-ALPES-COTE D'AZUR;13071;21387;13;759;Marseille - Aix-en-Provence;1585498;unités urbaines de 100 000 habitants et plus;17;53;29 898;-3,20%;De 1,5 à 2 millions d'entrées;non classé;;banlieue;269;225;223;27;58,9;13,6;0,5;54;7,7
251;10 143;10 310;SYNDICAT INTERCOMMUNAL DE VALBERG;16,5;44.0967176;6.928323500000033;306601;PROVENCE-ALPES-COTE D'AZUR;6094;866;6;0;Zone rurale;14541106;unités urbaines de 100 000 habitants et plus;1;27;315;-1,60%;De 10 à 20 000 entrées;non classé;;territoire rural;93;78;5;40,4;47,3;11,9;0,4;22;4,8
626;163 069;166 590;SNES (Font);86,7;42.701362;2.894282;307502;OCCITANIE;66136;121934;66;66601;Perpignan;200971;unités urbaines de 100 000 habitants et plus;7;53;11 434;-2,10%;De 150 à 200 000 entrées;catégorie B;RDJPPR;commune-centre;537;308;191;53,7;16,1;20,7;9,6;443;86,4
2609;740 924;772 858;SNES (Font);8,8;42.663168;2.880281;307543;OCCITANIE;66136;121934;66;66601;Perpignan;200971;unités urbaines de 100 000 habitants et plus;14;53;25 643;-4,10%;De 700 000 à 1 million d'entrées;non classé;;commune-centre;261;213;208;35,4;52,7;11,8;0,2;35;5,3
363;84 218;87 194;VILLE DE PERTUIS;28,1;43.692404;5.499464;308231;PROVENCE-ALPES-COTE D'AZUR;84089;19645;84;84303;Pertuis;19645;unités urbaines de moins de 20 000 habitants et zones rurales;3;53;4 443;-3,40%;De 80 à 100 000 entrées;catégorie E;RDJP;commune isolée;335;262;139;41,5;44,8;11,6;2,1;183;16,4
219;10 777;11 162;VILLE DE PEZENAS;57,9;43.460841;3.42083;309891;OCCITANIE;34199;8156;34;34215;Pézenas;9696;unités urbaines de moins de 20 000 habitants et zones rurales;1;37;356;-3,40%;De 10 à 20 000 entrées;catégorie E;;commune-centre;137;102;1;68,1;12,5;16;3,4;90;67,4
100;7 964;8 408;LE CINEMA DU SOLEIL;29,5;43.22419;6.144814;310645;PROVENCE-ALPES-COTE D'AZUR;83091;6074;83;83201;Pierrefeu-du-Var;6074;unités urbaines de moins de 20 000 habitants et zones rurales;1;48;261;-5,30%;De 5 à 10 000 entrées;catégorie E;;commune isolée;103;75;16;56,5;34,8;7,3;1,4;46;28,1
188;19 774;18 454;UNION REGIONALE DES FEDERATIONS DES OEUVRES LAIQUES RHONE ALPES;43,1;44.266447;4.644976;320783;OCCITANIE;30202;10279;30;30304;Pont-Saint-Esprit;15266;unités urbaines de moins de 20 000 habitants et zones rurales;2;51;1 593;7%;De 10 à 20 000 entrées;catégorie E;JPPR;commune-centre;197;154;11;56,2;29,4;12,2;2,3;99;38,2
155;20 707;20 447;ASSOCIATION CENTRE DE CONCEPTION ET DE DIFFUSION DE L'IMAGE;53,1;43.404425;4.98382;321343;PROVENCE-ALPES-COTE D'AZUR;13077;17090;13;759;Marseille - Aix-en-Provence;1585498;unités urbaines de 100 000 habitants et plus;1;53;1 516;1%;De 20 à 30 000 entrées;catégorie C;RDJP;banlieue;418;307;11;49,1;24;21,3;5,6;264;54,5
213;13 728;13 335;SAN OUEST PROVENCE;43,9;43.39359;4.796834;321854;PROVENCE-ALPES-COTE D'AZUR;13078;8588;13;13214;Port-Saint-Louis-du-Rhône;8588;unités urbaines de moins de 20 000 habitants et zones rurales;1;50;934;3%;De 10 à 20 000 entrées;catégorie E;JPPR;commune isolée;236;160;0;48,8;35,7;11,7;3,8;140;28,6
233;6 848;5 327;VILLE DE PORT VENDRES;31,6;42.515622;3.105129;321912;OCCITANIE;66148;4195;66;66401;Saint-Cyprien;53068;unités urbaines de 20 000 à 100 000 habitants;1;52;310;29%;De 5 à 10 000 entrées;catégorie D;;banlieue;163;133;28;65;21,7;10,1;3,2;75;25,4
189;30 796;28 587;VILLE DE PRADES;38,6;42.616153;2.421654;323812;OCCITANIE;66149;6040;66;66205;Prades;9414;unités urbaines de moins de 20 000 habitants et zones rurales;1;53;876;8%;De 30 à 40 000 entrées;catégorie E;;commune-centre;240;183;10;50,7;29,9;15,1;4,3;135;35,4
200;2 209;3 071;;43,6;43.697918;3.864705;323840;OCCITANIE;34217;5203;34;34701;Montpellier;428909;unités urbaines de 100 000 habitants et plus;1;20;39;-28,10%;De 2 à 5 000 entrées;non classé;;banlieue;20;15;0;75;4;17,3;3,7;9;43,5
199;11 607;11 840;LE CINEMA DU SOLEIL;41,9;43.108927;6.020419;323884;PROVENCE-ALPES-COTE D'AZUR;83098;10217;83;757;Toulon;569793;unités urbaines de 100 000 habitants et plus;1;47;453;-2,00%;De 10 à 20 000 entrées;non classé;;banlieue;197;170;1;67,8;16,2;13,2;2,9;99;42,3
159;2 343;3 054;VILLE DE PRATS DE MOLLO - LA PRESTE;34,1;42.403764;2.481748;324212;OCCITANIE;66150;1127;66;0;Zone rurale;14541106;unités urbaines de 100 000 habitants et plus;1;44;177;-23,30%;De 2 à 5 000 entrées;non classé;;territoire rural;122;118;22;56,7;33,8;6,8;2,7;54;19,4
400;9 971;10 349;THEATRE DE PROPRIANO;13,1;41.671492;8.91212;326263;CORSE;2A249;3806;2A;2A104;Propriano;4531;unités urbaines de moins de 20 000 habitants et zones rurales;1;51;335;-3,70%;De 5 à 10 000 entrées;non classé;;commune-centre;108;95;1;35,6;51,4;12,9;0,2;21;9,5
200;5 822;5 243;BOUIS ANGELE JEANNE (NÉE DELFINO);26,3;42.003231;9.362695;326741;CORSE;2B251;3578;2B;2B101;Prunelli-di-Fiumorbo;3578;unités urbaines de moins de 20 000 habitants et zones rurales;1;43;170;11%;De 5 à 10 000 entrées;non classé;;commune isolée;70;51;0;45;41,7;12,6;0,7;28;39,3
100;4 553;4 217;LE CINEMA DU SOLEIL;31,7;43.288803;6.130491;327092;PROVENCE-ALPES-COTE D'AZUR;83100;4177;83;83111;Puget-Ville;4177;unités urbaines de moins de 20 000 habitants et zones rurales;1;43;82;8%;De 2 à 5 000 entrées;non classé;;commune isolée;54;38;6;49,2;36,8;14;0;17;37,3
195;5 558;5 809;SOCIETE ANONYME D'ECONOMIE MIXTE DES ECRINS;11,1;44.82571;6.498622;328621;PROVENCE-ALPES-COTE D'AZUR;5110;283;5;0;Zone rurale;14541106;unités urbaines de 100 000 habitants et plus;1;26;287;-4,30%;De 5 à 10 000 entrées;non classé;;territoire rural;94;79;27;41,5;43,8;14,7;0;11;7,4
210;7 415;6 998;VILLE DE QUILLAN;49,5;42.875502;2.184954;329941;OCCITANIE;11304;3336;11;11109;Quillan;3653;unités urbaines de moins de 20 000 habitants et zones rurales;1;53;461;6%;De 5 à 10 000 entrées;catégorie E;PR;commune-centre;262;198;1;56,5;17,6;23,1;2,9;163;58,6
0;705;1 561;LE CINEMA DU SOLEIL;6,7;43.657393;6.130635;333600;PROVENCE-ALPES-COTE D'AZUR;83102;2512;83;0;Zone rurale;14541106;unités urbaines de 100 000 habitants et plus;1;9;15;-54,80%;Moins de 2000 entrées;non classé;;territoire rural;11;11;2;17,9;52,5;29,6;0;1;2,7
308;13 445;13 283;VILLE DE RISOUL;4,8;44.647615;6.629737;338342;PROVENCE-ALPES-COTE D'AZUR;5119;638;5;0;Zone rurale;14541106;unités urbaines de 100 000 habitants et plus;2;29;863;1%;De 10 à 20 000 entrées;non classé;;territoire rural;68;54;16;45,8;38,7;15,2;0,3;5;3,5
2143;338 304;350 453;CGR;6,5;42.765685;2.868611;338590;OCCITANIE;66164;8678;66;66601;Perpignan;200971;unités urbaines de 100 000 habitants et plus;12;53;24 294;-3,50%;De 300 à 450 000 entrées;non classé;;banlieue;234;193;190;33,3;55,4;11,1;0,2;24;3,1
172;1 590;2 010;CINE VALETTOISE;0;43.498621;6.646282;342681;PROVENCE-ALPES-COTE D'AZUR;83107;13195;83;83306;Roquebrune-sur-Argens;13195;unités urbaines de moins de 20 000 habitants et zones rurales;1;10;67;-20,90%;Moins de 2000 entrées;non classé;;commune isolée;39;38;0;29,9;57,9;12,1;0;0;0
372;33 151;26 108;COMMUNAUTE D'AGGLOMERATION DE SOPHIA ANTIPOLIS;33,6;43.665141;7.049995;342900;PROVENCE-ALPES-COTE D'AZUR;6105;6628;6;6701;Nice;943354;unités urbaines de 100 000 habitants et plus;2;53;2 276;27%;De 30 à 40 000 entrées;catégorie C;;banlieue;290;258;36;46;35,1;17,3;1,6;135;30,3
112;15 863;18 012;ASSOCIATION POUR LE DEVELOPPEMENT AUDIOVISUEL EN MILIEU RURAL;14,5;43.839788;6.151962;345421;PROVENCE-ALPES-COTE D'AZUR;4172;746;4;0;Zone rurale;14541106;unités urbaines de 100 000 habitants et plus;1;49;512;-11,90%;De 10 à 20 000 entrées;non classé;;territoire rural;108;88;3;47,8;43,8;7,7;0,7;23;17,3
172;8 650;9 779;LE CINEMA DU SOLEIL;32,1;43.561544;6.236388;350023;PROVENCE-ALPES-COTE D'AZUR;83121;3889;83;83202;Salernes;6051;unités urbaines de moins de 20 000 habitants et zones rurales;1;51;579;-11,50%;De 5 à 10 000 entrées;catégorie E;;commune-centre;137;107;17;60,7;27,6;9,3;2,4;68;29,3
430;10 072;9 642;MEGARAMA;9,6;44.915761;6.542422;350542;PROVENCE-ALPES-COTE D'AZUR;5161;1003;5;5301;Briançon;17468;unités urbaines de moins de 20 000 habitants et zones rurales;2;27;667;4%;De 10 à 20 000 entrées;non classé;;banlieue;46;35;20;51;42,1;6,9;0;6;4,9
472;63 879;64 328;BORYS Arlette;27,8;43.637405;5.099136;351034;PROVENCE-ALPES-COTE D'AZUR;13103;44836;13;13501;Salon-de-Provence;60408;unités urbaines de 20 000 à 100 000 habitants;2;53;3 237;-0,70%;De 50 à 80 000 entrées;catégorie D;RDJP;commune-centre;245;218;36;40,4;46,8;11;1,8;128;12,6
838;149 685;150 732;BORYS Arlette;25,4;43.637886;5.099752;351052;PROVENCE-ALPES-COTE D'AZUR;13103;44836;13;13501;Salon-de-Provence;60408;unités urbaines de 20 000 à 100 000 habitants;6;53;10 010;-0,70%;De 100 à 150 000 entrées;catégorie D;RDJP;commune-centre;439;301;196;32,5;50,7;14,3;2,5;239;22,3
234;44 561;43 093;CINEMA A B C;26,8;43.117504;5.799215;351621;PROVENCE-ALPES-COTE D'AZUR;83123;16168;83;757;Toulon;569793;unités urbaines de 100 000 habitants et plus;1;53;1 857;3%;De 40 à 50 000 entrées;non classé;;banlieue;165;150;104;61,9;28,1;9,6;0,4;59;23,8
481;81 985;90 335;SNES-Cinéma Sète;36,9;43.404513;3.695345;362034;OCCITANIE;34301;43620;34;34502;Sète;91281;unités urbaines de 20 000 à 100 000 habitants;3;53;4 389;-9,20%;De 80 à 100 000 entrées;catégorie D;RDJPPR;commune-centre;335;249;71;50,7;34;11,1;4,3;213;35,8
200;2 334;941;;50;43.103927;5.878774;362614;PROVENCE-ALPES-COTE D'AZUR;83126;64903;83;757;Toulon;569793;unités urbaines de 100 000 habitants et plus;1;15;36;148%;De 2 à 5 000 entrées;non classé;;banlieue;32;31;2;65,1;12,1;19;3,8;17;62,1
206;11 708;11 623;VILLE DE SIGEAN;16,1;43.028712;2.979248;363131;OCCITANIE;11379;5463;11;11201;Sigean;5463;unités urbaines de moins de 20 000 habitants et zones rurales;1;48;583;1%;De 10 à 20 000 entrées;non classé;;commune isolée;82;65;13;54,9;30,8;13,8;0,5;25;18,9
225;16 996;16 526;MICHEL GUY HENRI PIERRE;14,5;44.194031;5.94255;364121;PROVENCE-ALPES-COTE D'AZUR;4209;7213;4;4204;Sisteron;7213;unités urbaines de moins de 20 000 habitants et zones rurales;2;51;1 263;3%;De 10 à 20 000 entrées;non classé;;commune isolée;150;130;28;54,2;37,2;8,3;0,2;38;10,7
450;198 093;198 158;;24,4;43.093086;5.83938;364205;PROVENCE-ALPES-COTE D'AZUR;83129;33339;83;757;Toulon;569793;unités urbaines de 100 000 habitants et plus;3;53;5 443;0,00%;De 150 à 200 000 entrées;catégorie C;RDJPPR;banlieue;316;225;90;42,5;44,9;11,9;0,8;167;16,8
200;693;836;BEL ARIA;0;41.904436;9.388834;364632;CORSE;2B283;706;2B;0;Zone rurale;14541106;unités urbaines de 100 000 habitants et plus;1;7;42;-17,10%;Moins de 2000 entrées;non classé;;territoire rural;25;25;9;21,5;67,1;11,4;0;0;0
178;8 308;4 729;VILLE DE SOLLIES PONT;17,3;43.190268;6.038903;364945;PROVENCE-ALPES-COTE D'AZUR;83130;10951;83;757;Toulon;569793;unités urbaines de 100 000 habitants et plus;1;41;248;76%;De 5 à 10 000 entrées;non classé;;banlieue;74;62;1;64,8;21,7;13,4;0;17;22,9
0;433;512;LE CINEMA DU SOLEIL;0;43.19314;6.005894;364961;PROVENCE-ALPES-COTE D'AZUR;83131;5756;83;757;Toulon;569793;unités urbaines de 100 000 habitants et plus;1;4;6;-15,40%;Moins de 2000 entrées;non classé;;banlieue;5;5;0;40,9;59,1;0;0;0;0
297;40 411;44 288;SARL CBR;25,4;43.782561;4.087698;365434;OCCITANIE;30321;4753;30;30208;Sommières;7520;unités urbaines de moins de 20 000 habitants et zones rurales;3;44;1 982;-8,80%;De 40 à 50 000 entrées;catégorie E;;commune-centre;160;126;108;49,5;36,4;13,5;0,6;69;19,5
212;4 516;4 857;SAINT JEAN ASSOCIATION (TIERS FERME);71,9;44.682199;6.075234;376802;PROVENCE-ALPES-COTE D'AZUR;5132;2021;5;0;Zone rurale;14541106;unités urbaines de 100 000 habitants et plus;1;40;114;-7,00%;De 2 à 5 000 entrées;non classé;;territoire rural;55;35;0;54,9;29,2;11,8;4,1;42;64
170;7 523;8 356;VILLE DE SAINT CHAFFREY;4,9;44.932417;6.590074;378061;PROVENCE-ALPES-COTE D'AZUR;5133;1643;5;5301;Briançon;17468;unités urbaines de moins de 20 000 habitants et zones rurales;2;30;851;-10,00%;De 5 à 10 000 entrées;non classé;;banlieue;69;55;16;46,7;36,9;14;2,3;6;3,4
152;25 886;27 731;VILLE DE SAINT-CHELY D'APCHER;36,4;44.803412;3.275679;378233;OCCITANIE;48140;4156;48;48103;Saint-Chély-d'Apcher;4156;unités urbaines de moins de 20 000 habitants et zones rurales;1;53;1 274;-6,70%;De 20 à 30 000 entrées;catégorie E;JP;commune isolée;222;170;1;54,8;32,5;11,5;1,2;121;26,2
110;21 012;17 490;LE CINEMA DU SOLEIL;25,4;43.19174;5.713725;381260;PROVENCE-ALPES-COTE D'AZUR;83112;12103;83;757;Toulon;569793;unités urbaines de 100 000 habitants et plus;1;53;1 176;20%;De 20 à 30 000 entrées;non classé;;banlieue;230;179;24;47,4;39,6;11,7;1,4;109;22,2
250;7 251;5 978;SOCIETE D'ECONOMIE MIXTE DES CIMES DU MERCANTOUR;6,1;44.225131;6.93274;384051;PROVENCE-ALPES-COTE D'AZUR;6120;1468;6;0;Zone rurale;14541106;unités urbaines de 100 000 habitants et plus;1;32;342;21%;De 5 à 10 000 entrées;non classé;;territoire rural;81;66;5;49,9;39;10,7;0,5;10;3,9
299;3 116;3 443;SOCIETE D'ECONOMIE MIXTE DES CIMES DU MERCANTOUR;3,2;42.676812;9.302536;385371;CORSE;2B298;1604;2B;0;Zone rurale;14541106;unités urbaines de 100 000 habitants et plus;1;16;93;-9,50%;De 2 à 5 000 entrées;non classé;;territoire rural;52;50;10;20,8;67,4;11,9;0;3;1,1
100;24 394;24 851;CINECO;66,5;44.217236;3.808519;388371;OCCITANIE;48155;440;48;0;Zone rurale;14541106;unités urbaines de 100 000 habitants et plus;1;52;910;-1,80%;De 20 à 30 000 entrées;catégorie E;RDJP;territoire rural;103;52;1;59;23,9;13,7;3,4;78;66,6
176;1 572;1 796;VILLE DE SAINT LAURENT DE CERDANS;18,2;42.38271;2.614735;396771;OCCITANIE;66179;1136;66;0;Zone rurale;14541106;unités urbaines de 100 000 habitants et plus;1;41;55;-12,50%;Moins de 2000 entrées;non classé;;territoire rural;54;43;10;56,7;29,6;9,6;4,1;10;16,4
150;5 295;5 933;POLYMAGES;40,5;43.074223;5.927991;399893;PROVENCE-ALPES-COTE D'AZUR;83153;5787;83;757;Toulon;569793;unités urbaines de 100 000 habitants et plus;1;53;333;-10,80%;De 5 à 10 000 entrées;catégorie C;;banlieue;196;167;1;61,4;20;15,7;2,9;98;53,5
134;18 423;16 114;VILLE DE SAINT MARTIN DE CRAU;27;43.638749;4.813461;402493;PROVENCE-ALPES-COTE D'AZUR;13097;13673;13;13301;Saint-Martin-de-Crau;13673;unités urbaines de moins de 20 000 habitants et zones rurales;1;51;751;14%;De 10 à 20 000 entrées;catégorie E;;commune isolée;152;121;2;44,9;37,9;15;2,2;53;18,3
0;10 225;11 156;CINEALPES;27,3;44.073396;7.263839;404350;PROVENCE-ALPES-COTE D'AZUR;6127;1394;6;0;Zone rurale;14541106;unités urbaines de 100 000 habitants et plus;1;53;289;-8,30%;De 10 à 20 000 entrées;non classé;;territoire rural;93;71;11;71,6;20,5;7,4;0,5;35;24,1
450;146 128;146 236;JEAN-MARIE CHARVET;12,6;43.32495;6.62431;405462;PROVENCE-ALPES-COTE D'AZUR;83115;14289;83;83310;Sainte-Maxime;18589;unités urbaines de moins de 20 000 habitants et zones rurales;3;53;4 806;-0,10%;De 100 à 150 000 entrées;non classé;;commune-centre;194;163;95;40,3;47,8;11,8;0,2;60;9
140;51 987;57 833;VILLE DE SAINT MAXIMIN LA SAINTE BAUME;11,4;43.453509;5.860383;405509;PROVENCE-ALPES-COTE D'AZUR;83116;16037;83;83309;Saint-Maximin-la-Sainte-Baume;16037;unités urbaines de moins de 20 000 habitants et zones rurales;1;48;1 412;-10,10%;De 50 à 80 000 entrées;non classé;;commune isolée;157;117;40;44,3;47,9;6,8;1;56;9,3
260;5 857;5 759;COMMUNAUTE DE COMMUNES DE LA COSTA VERDE;0;42.366924;9.53137;407321;CORSE;2B313;1901;2B;0;Zone rurale;14541106;unités urbaines de 100 000 habitants et plus;1;11;71;2%;De 5 à 10 000 entrées;non classé;;territoire rural;34;34;13;9,8;82,1;8,1;0;0;0
99;1 059;890;VILLE DE SAINT PAUL LEZ DURANCE;4,9;43.687155;5.708539;409303;PROVENCE-ALPES-COTE D'AZUR;13099;841;13;0;Zone rurale;14541106;unités urbaines de 100 000 habitants et plus;1;21;41;19%;Moins de 2000 entrées;non classé;;territoire rural;21;18;0;40;52,1;7,8;0;1;0,5
172;2 036;2 225;CINEMAGINAIRE;42,5;42.811446;2.505248;409463;OCCITANIE;66187;1812;66;0;Zone rurale;14541106;unités urbaines de 100 000 habitants et plus;1;46;273;-8,50%;De 2 à 5 000 entrées;catégorie E;;territoire rural;156;131;9;61,6;17,1;16,4;4,9;75;37,5
155;8 117;9 164;COMMUNAUTE DE COMMUNES DU PAYS SAINT PONAIS;21,4;43.48939;2.758039;412415;OCCITANIE;34284;1892;34;0;Zone rurale;14541106;unités urbaines de 100 000 habitants et plus;1;49;968;-11,40%;De 5 à 10 000 entrées;catégorie E;;territoire rural;151;128;6;48,2;36,5;12,8;2,5;51;21,5
190;36 248;30 474;ASSOCIATION CINE PALACE;37,5;43.788778;4.829098;414162;PROVENCE-ALPES-COTE D'AZUR;13100;9775;13;13302;Saint-Rémy-de-Provence;12731;unités urbaines de moins de 20 000 habitants et zones rurales;1;53;1 417;19%;De 30 à 40 000 entrées;catégorie E;JP;commune-centre;283;241;21;51,6;26,3;17,3;4,8;142;36,6
168;12 848;12 906;VILLE DE SAINT TROPEZ;17,8;43.269837;6.635574;418633;PROVENCE-ALPES-COTE D'AZUR;83119;4305;83;83304;Saint-Tropez;8975;unités urbaines de moins de 20 000 habitants et zones rurales;1;49;813;-0,40%;De 10 à 20 000 entrées;non classé;;commune-centre;115;92;20;56,3;30,2;13,6;0;39;15
218;4 230;4 004;VILLE DE SAINTE TULLE;40,9;43.786667;5.762877;418651;PROVENCE-ALPES-COTE D'AZUR;4197;3449;4;4401;Manosque;30036;unités urbaines de 20 000 à 100 000 habitants;1;49;335;6%;De 2 à 5 000 entrées;catégorie D;;banlieue;229;184;2;53,3;30,9;14,3;1,5;106;43,5
336;27 293;27 839;SARL CBR;16,5;43.806585;4.660803;421932;PROVENCE-ALPES-COTE D'AZUR;13108;15056;13;456;Beaucaire;31150;unités urbaines de 20 000 à 100 000 habitants;2;50;1 884;-2,00%;De 20 à 30 000 entrées;non classé;;banlieue;174;142;52;44,5;43,7;11,3;0,5;61;14,8
157;3 395;3 208;VILLE DE TENDE;21;44.08886;7.593211;423501;PROVENCE-ALPES-COTE D'AZUR;6163;2174;6;0;Zone rurale;14541106;unités urbaines de 100 000 habitants et plus;1;52;105;6%;De 2 à 5 000 entrées;non classé;;territoire rural;105;97;1;53,1;34;12,9;0;22;15,3
386;111 220;105 427;ASSOCIATION CINEMA LE ROYAL - TOULON;96,1;43.124501;5.96296;429951;PROVENCE-ALPES-COTE D'AZUR;83137;167479;83;757;Toulon;569793;unités urbaines de 100 000 habitants et plus;3;53;5 407;5%;De 100 à 150 000 entrées;catégorie A;RD;commune-centre;212;147;105;54,6;14,4;18,9;12,2;204;98
100;4 208;3 193;;3;42.666461;2.836131;430102;OCCITANIE;66213;6686;66;66601;Perpignan;200971;unités urbaines de 100 000 habitants et plus;1;22;33;32%;De 2 à 5 000 entrées;non classé;;banlieue;16;12;0;71,8;28,2;0;0;1;0,5
220;6 361;6 345;VILLE DE TRETS;37,3;43.447455;5.684694;434682;PROVENCE-ALPES-COTE D'AZUR;13110;10963;13;759;Marseille - Aix-en-Provence;1585498;unités urbaines de 100 000 habitants et plus;1;46;260;0%;De 5 à 10 000 entrées;non classé;;banlieue;97;76;13;60,1;26,4;11,5;2;42;25,6
200;6 480;6 725;VILLE D'UVERNET FOURS;11,4;44.369873;6.605179;438461;PROVENCE-ALPES-COTE D'AZUR;4226;583;4;0;Zone rurale;14541106;unités urbaines de 100 000 habitants et plus;1;30;385;-3,60%;De 5 à 10 000 entrées;non classé;;territoire rural;121;105;39;49,5;38,1;12,4;0;17;5
510;60 969;64 096;ATMOSPHERE ATMOSPHERE;49,6;44.014623;4.419527;438631;OCCITANIE;30334;8540;30;30301;Uzès;11726;unités urbaines de moins de 20 000 habitants et zones rurales;3;53;3 723;-4,90%;De 50 à 80 000 entrées;catégorie E;RD;commune-centre;272;212;94;51,4;33,6;11,7;3,2;143;40
217;39 285;37 861;REGAIN;53,2;44.241087;5.071514;439293;PROVENCE-ALPES-COTE D'AZUR;84137;6072;84;84203;Vaison-la-Romaine;7872;unités urbaines de moins de 20 000 habitants et zones rurales;2;50;2 173;4%;De 30 à 40 000 entrées;catégorie E;RDJPPR;commune-centre;397;314;47;57,1;25,9;12,5;4,5;253;43,4
230;6 718;6 945;ALMA CENTRE CULTUREL;34,7;43.619739;7.039277;439502;PROVENCE-ALPES-COTE D'AZUR;6152;13183;6;6701;Nice;943354;unités urbaines de 100 000 habitants et plus;1;40;121;-3,30%;De 5 à 10 000 entrées;non classé;;banlieue;54;32;0;33,3;47;19;0,7;28;56,9
230;20 578;19 474;LES VISITEURS DU SOIR;87,2;43.641892;7.006394;439503;PROVENCE-ALPES-COTE D'AZUR;6152;13183;6;6701;Nice;943354;unités urbaines de 100 000 habitants et plus;1;48;282;6%;De 20 à 30 000 entrées;catégorie C;;banlieue;162;117;0;57,4;19,4;13,1;10,1;144;89,5
109;18 492;17 951;POLYMAGES;40,3;43.131815;5.988887;440286;PROVENCE-ALPES-COTE D'AZUR;83144;23347;83;757;Toulon;569793;unités urbaines de 100 000 habitants et plus;1;53;978;3%;De 10 à 20 000 entrées;catégorie C;;banlieue;272;227;1;60,8;21;15,7;2,5;137;40,6
807;35 158;32 954;LES THEATRES PIERRE ROUX;16,1;44.384549;4.991924;441352;PROVENCE-ALPES-COTE D'AZUR;84138;9492;84;84204;Valréas;9492;unités urbaines de moins de 20 000 habitants et zones rurales;2;48;2 608;7%;De 30 à 40 000 entrées;non classé;;commune isolée;208;180;51;49,4;39,5;10,8;0,2;63;11,6
188;7 739;7 035;CINEODE;19,3;44.569752;6.68318;442861;PROVENCE-ALPES-COTE D'AZUR;5177;573;5;0;Zone rurale;14541106;unités urbaines de 100 000 habitants et plus;2;30;605;10%;De 5 à 10 000 entrées;non classé;;territoire rural;90;68;8;48,1;41;10,3;0,6;22;12,4
281;29 846;32 761;CINE SAUSSET;35,7;43.723214;7.110472;446171;PROVENCE-ALPES-COTE D'AZUR;6157;18393;6;6701;Nice;943354;unités urbaines de 100 000 habitants et plus;2;51;1 543;-8,90%;De 20 à 30 000 entrées;catégorie C;;banlieue;218;176;47;64,6;21,5;11,9;2;114;43,3
276;4 441;4 519;VILLE DE VEYNES;56,6;44.532911;5.816268;450871;PROVENCE-ALPES-COTE D'AZUR;5179;3159;5;5103;Veynes;3302;unités urbaines de moins de 20 000 habitants et zones rurales;1;52;431;-1,70%;De 2 à 5 000 entrées;catégorie E;;commune-centre;240;202;6;60,6;23,3;12,8;3,3;148;61,4
300;1 807;1 932;;0;42.114293;8.698973;451772;CORSE;2A348;907;2A;0;Zone rurale;14541106;unités urbaines de 100 000 habitants et plus;1;9;33;-6,50%;Moins de 2000 entrées;non classé;;territoire rural;14;14;10;3,5;89,4;7,1;0;0;0
158;17 746;11 215;VILLE DE LE VIGAN;25,9;43.991372;3.607058;453462;OCCITANIE;30350;3896;30;30209;Le Vigan;7165;unités urbaines de moins de 20 000 habitants et zones rurales;1;52;1 033;58%;De 10 à 20 000 entrées;non classé;;commune-centre;185;167;27;57;29,3;13,1;0,6;88;27,3
0;8 347;8 673;CINEMAU;16;43.701093;7.311425;456305;PROVENCE-ALPES-COTE D'AZUR;6159;5112;6;6701;Nice;943354;unités urbaines de 100 000 habitants et plus;1;50;156;-3,80%;De 5 à 10 000 entrées;non classé;;banlieue;98;89;7;27,7;59,5;12,8;0;22;8,8
160;6 465;6 480;COMMUNAUTE DES COMMUNES LUBERON DURANCE VERDON;17,4;43.733221;5.808646;462644;PROVENCE-ALPES-COTE D'AZUR;83150;4196;83;83112;Vinon-sur-Verdon;4196;unités urbaines de moins de 20 000 habitants et zones rurales;1;53;937;-0,20%;De 5 à 10 000 entrées;non classé;;commune isolée;158;143;3;50,6;37,8;10,9;0,7;32;11,8
130;7 281;8 066;CINEVAL;46,9;44.312781;4.951099;463372;PROVENCE-ALPES-COTE D'AZUR;84150;1961;84;0;Zone rurale;14541106;unités urbaines de 100 000 habitants et plus;1;48;303;-9,70%;De 5 à 10 000 entrées;catégorie E;JP;territoire rural;124;78;1;62;19;12,8;6,1;75;57
393;23 876;23 952;REGIE PERSONNALISEE CINEMA LES LUMIERES;71,4;43.447301;5.250042;463723;PROVENCE-ALPES-COTE D'AZUR;13117;34089;13;759;Marseille - Aix-en-Provence;1585498;unités urbaines de 100 000 habitants et plus;3;51;2 707;-0,30%;De 20 à 30 000 entrées;catégorie C;RDJPPR;banlieue;352;165;0;40,4;19,9;24,6;15;257;80,9
250;2 627;3 140;PINNA JEAN DANIEL;1,2;41.687469;9.365073;470161;CORSE;2A362;2675;2A;0;Zone rurale;14541106;unités urbaines de 100 000 habitants et plus;1;13;84;-16,30%;De 2 à 5 000 entrées;non classé;;territoire rural;30;30;13;12,1;78,4;9,5;0;1;0,4
0;2 795;1 855;;8,6;44.6771389;5.926679000000036;701400;PROVENCE-ALPES-COTE D'AZUR;5139;994;5;0;Zone rurale;14541106;unités urbaines de 100 000 habitants et plus;1;26;220;51%;De 2 à 5 000 entrées;non classé;;territoire rural;63;49;4;59,2;31,5;9,1;0,1;8;3,9
89;2 637;2 412;;5,8;44.72169;5.924351;701401;PROVENCE-ALPES-COTE D'AZUR;5139;994;5;0;Zone rurale;14541106;unités urbaines de 100 000 habitants et plus;1;26;240;9%;De 2 à 5 000 entrées;non classé;;territoire rural;61;49;4;59,2;29,9;10,8;0;7;4,5
380;6 067;4 386;VILLE DES SAINTES MARIES DE LA MER;15,3;43.450397;4.427827;703300;PROVENCE-ALPES-COTE D'AZUR;13096;2680;13;13101;Saintes-Maries-de-la-Mer;2680;unités urbaines de moins de 20 000 habitants et zones rurales;1;48;111;38%;De 5 à 10 000 entrées;non classé;;commune isolée;63;52;1;47,3;43;9,7;0;11;9,3
298;26 239;29 731;VILLE DE PORTO VECCHIO;21,6;41.592115;9.276211;704450;CORSE;2A247;11826;2A;2A301;Porto-Vecchio;11826;unités urbaines de moins de 20 000 habitants et zones rurales;1;52;769;-11,70%;De 20 à 30 000 entrées;catégorie E;;commune isolée;155;125;6;34,2;50,1;12,7;3,1;60;18,9
1480;286 355;89 516;VILLE DE PORTO VECCHIO;9,2;43.682089;3.806546;707900;OCCITANIE;34255;9826;34;34701;Montpellier;428909;unités urbaines de 100 000 habitants et plus;8;53;14 768;220%;De 200 à 300 000 entrées;non classé;;banlieue;175;153;147;37;49,7;13,1;0,1;16;7
450;6 905;5 762;;45,2;43.658327;7.12373;720000;PROVENCE-ALPES-COTE D'AZUR;6161;14266;6;6701;Nice;943354;unités urbaines de 100 000 habitants et plus;1;41;124;20%;De 5 à 10 000 entrées;non classé;;banlieue;112;91;2;72;14,6;11,7;1,6;54;48,8
1605;374 859;442 143;Les cinemas GAUMONT-PATHE;23;43.123515;5.948704;720150;PROVENCE-ALPES-COTE D'AZUR;83137;167479;83;757;Toulon;569793;unités urbaines de 100 000 habitants et plus;9;53;15 802;-15,20%;De 300 à 450 000 entrées;non classé;;commune-centre;227;183;171;39,6;46,2;13,4;0,8;67;16,8
1991;374 310;395 828;CGR;8,1;43.32208;3.271565;720200;OCCITANIE;34336;4266;34;34501;Béziers;90841;unités urbaines de 20 000 à 100 000 habitants;12;53;24 212;-5,40%;De 300 à 450 000 entrées;non classé;;banlieue;230;195;189;38,4;49,9;11,3;0,4;30;4,2
2092;371 768;375 959;STE EXPLOITATION DU PALACE (Lavalee);9,6;43.43362;5.050227;720250;PROVENCE-ALPES-COTE D'AZUR;13056;49403;13;759;Marseille - Aix-en-Provence;1585498;unités urbaines de 100 000 habitants et plus;11;53;20 230;-1,10%;De 300 à 450 000 entrées;non classé;;banlieue;218;189;183;30,6;56,8;12,3;0,4;30;4,9
2236;738 520;769 396;UGC Méditerranée (Aubert);11,3;43.980769;4.874683;721200;PROVENCE-ALPES-COTE D'AZUR;84092;17563;84;754;Avignon;456042;unités urbaines de 100 000 habitants et plus;11;53;19 048;-4,00%;De 700 000 à 1 million d'entrées;non classé;;banlieue;250;192;187;31;57,3;11,5;0,2;47;5,6
1305;349 552;355 142;JEAN-MARIE CHARVET;11,6;43.42402;6.769447;721250;PROVENCE-ALPES-COTE D'AZUR;83118;35296;83;83502;Fréjus;95721;unités urbaines de 20 000 à 100 000 habitants;7;53;11 903;-1,60%;De 300 à 450 000 entrées;non classé;;banlieue;208;184;181;39,7;49;11,1;0,3;35;6,9
2490;409 921;387 878;CGR;5,8;43.437442;5.25529;721900;PROVENCE-ALPES-COTE D'AZUR;13117;34089;13;759;Marseille - Aix-en-Provence;1585498;unités urbaines de 100 000 habitants et plus;12;53;24 579;6%;De 300 à 450 000 entrées;non classé;;banlieue;238;198;194;29,4;58;12,4;0,2;24;2,6
263;2 958;1 835;;80,4;43.297725;5.360374;722240;PROVENCE-ALPES-COTE D'AZUR;13055;861635;13;759;Marseille - Aix-en-Provence;1585498;unités urbaines de 100 000 habitants et plus;1;18;102;61%;De 2 à 5 000 entrées;non classé;;commune-centre;70;12;0;53,4;9,2;32,3;5,1;56;90,2
3299;1 411 116;1 370 167;;9,9;43.137099;6.003711;722760;PROVENCE-ALPES-COTE D'AZUR;83144;23347;83;757;Toulon;569793;unités urbaines de 100 000 habitants et plus;16;53;31 014;3%;De 1 à 1,5 million d'entrées;non classé;;banlieue;228;194;192;27,8;59,1;12,7;0,4;32;7
89;11 540;0;;71,5;43.2936968;5.383868200000052;723560;PROVENCE-ALPES-COTE D'AZUR;13055;861635;13;759;Marseille - Aix-en-Provence;1585498;unités urbaines de 100 000 habitants et plus;1;16;571;#DIV/0!;De 10 à 20 000 entrées;non classé;;commune-centre;81;44;5;65,8;15,1;10,4;8,7;57;88,2
1214;135 862;0;CGR;19,2;43.836195;5.779884;723960;PROVENCE-ALPES-COTE D'AZUR;4112;21754;4;4401;Manosque;30036;unités urbaines de 20 000 à 100 000 habitants;8;52;8 196;#DIV/0!;De 100 à 150 000 entrées;catégorie D;JPPR;commune-centre;274;204;118;39,4;47;12,8;0,7;138;12,5
576;106 027;113 213;CINEMAS DES PAYS D'OUCHE ET DU PERCHE;16,4;47.62383;7.236058;16081;GRAND EST;68004;5740;68;68206;Altkirch;8921;unités urbaines de moins de 20 000 habitants et zones rurales;4;53;4 989;-6,30%;De 100 à 150 000 entrées;catégorie E;JP;commune-centre;332;244;95;33,3;52,8;13,4;0,5;171;10,5
2568;403 555;377 663;Les cinemas GAUMONT-PATHE;7,5;49.244796;6.132187;17545;GRAND EST;57019;10657;57;57701;Metz;285268;unités urbaines de 100 000 habitants et plus;12;53;20 154;7%;De 300 à 450 000 entrées;non classé;;banlieue;237;197;190;34,6;54,4;10,6;0,4;31;3,8
194;17 126;16 865;UNION D' ARS SUR MOSELLE;28,8;49.076026;6.07804;25571;GRAND EST;57032;4720;57;57701;Metz;285268;unités urbaines de 100 000 habitants et plus;1;46;240;2%;De 10 à 20 000 entrées;non classé;;banlieue;82;63;0;74,8;13,4;11,6;0,2;30;24,7
134;1 749;1 341;MAISON DES JEUNES ET DE LA CULTURE D'AUDUN LE TICHE;38,5;49.470467;5.957243;29563;GRAND EST;57038;6753;57;366;Esch-sur-Alzette (LUX) - Villerupt (partie française);20247;unités urbaines de 20 000 à 100 000 habitants;1;15;39;30%;Moins de 2000 entrées;non classé;;commune-centre;14;5;0;69,3;9,7;21;0;9;83,1
171;13 533;15 430;COMMUNAUTE DE COMMUNES BENFELD ET ENVIRONS;29,4;48.369448;7.595426;49522;GRAND EST;67028;5724;67;67210;Benfeld;8426;unités urbaines de moins de 20 000 habitants et zones rurales;1;51;919;-12,30%;De 10 à 20 000 entrées;catégorie E;JP;commune-centre;220;178;0;40,1;39,2;17,4;3,4;108;26,4
214;3 889;4 186;;73,1;48.766357;7.85143;56558;GRAND EST;67046;12579;67;67501;Haguenau;59194;unités urbaines de 20 000 à 100 000 habitants;1;34;67;-7,10%;De 2 à 5 000 entrées;non classé;;banlieue;57;38;0;66,4;17,5;2;14,1;44;87,4
2827;500 966;525 545;Les cinemas GAUMONT-PATHE;14,8;48.744007;7.692978;77351;GRAND EST;67067;9840;67;67302;Brumath;11074;unités urbaines de moins de 20 000 habitants et zones rurales;14;53;25 523;-4,70%;De 450 à 700 000 entrées;non classé;;commune-centre;330;269;221;33,3;53,9;12,3;0,5;110;8,6
408;27 051;31 816;VILLE DE CERNAY;33,7;47.806567;7.173935;92542;GRAND EST;68063;11608;68;68402;Thann - Cernay;31817;unités urbaines de 20 000 à 100 000 habitants;1;53;946;-15,00%;De 20 à 30 000 entrées;catégorie D;;commune-centre;226;184;59;42,9;43,7;12,2;1,1;107;23,5
190;3 408;3 807;VILLE DE CHATEAU SALINS;6,5;48.822643;6.507084;104933;GRAND EST;57132;2442;57;57113;Château-Salins;2442;unités urbaines de moins de 20 000 habitants et zones rurales;1;50;166;-10,50%;De 2 à 5 000 entrées;non classé;;commune isolée;57;46;0;57,8;31,6;10,5;0;5;7,7
1030;38 606;81 877;KIEFER;85,2;48.080633;7.356607;116803;GRAND EST;68066;70284;68;68501;Colmar;95712;unités urbaines de 20 000 à 100 000 habitants;4;27;2 952;-52,80%;De 30 à 40 000 entrées;catégorie D;RDJPPR;commune-centre;130;77;60;46,5;25,6;20,5;7,3;114;87,7
250;18 635;21 530;COOPERATIVE REGIONALE DU CINEMA CULTUREL;41,1;48.539414;7.423392;139022;GRAND EST;67098;1418;67;67401;Molsheim;26662;unités urbaines de 20 000 à 100 000 habitants;1;43;484;-13,40%;De 10 à 20 000 entrées;catégorie E;;banlieue;150;85;2;38,6;33,1;25,1;3,2;78;44,5
2041;594 326;628 826;LE TREFLE (LETZGUS);17,6;48.521892;7.500139;141410;GRAND EST;67101;2588;67;67401;Molsheim;26662;unités urbaines de 20 000 à 100 000 habitants;13;53;25 223;-5,50%;De 450 à 700 000 entrées;catégorie D;;banlieue;408;313;207;34,4;53,7;11,5;0,3;183;7,4
400;37 877;39 355;ERSTEIN CINEMA;27,7;48.421595;7.661242;149631;GRAND EST;67130;10969;67;67301;Erstein;11826;unités urbaines de moins de 20 000 habitants et zones rurales;2;53;1 697;-3,80%;De 30 à 40 000 entrées;catégorie E;JP;commune-centre;251;198;31;49,1;30,1;17,4;3,4;120;28,6
774;46 976;47 254;CINEPLEX;8,7;49.187501;6.899493;164811;GRAND EST;57227;21639;57;57501;Sarrebruck (ALL) - Forbach (partie française);83893;unités urbaines de 20 000 à 100 000 habitants;5;53;4 272;-0,60%;De 40 à 50 000 entrées;non classé;;commune-centre;152;116;58;26,9;59,2;13,7;0,2;59;9,7
2474;272 204;297 976;CGR;8,5;49.141819;6.81071;170435;GRAND EST;57240;13059;57;57501;Sarrebruck (ALL) - Forbach (partie française);83893;unités urbaines de 20 000 à 100 000 habitants;10;53;19 206;-8,60%;De 200 à 300 000 entrées;non classé;;commune-centre;285;234;178;33;56;10,6;0,3;82;4,7
493;141 610;132 358;VILLE DE GUEBWILLER;19;47.908949;7.211201;187022;GRAND EST;68112;11319;68;68401;Guebwiller;29102;unités urbaines de 20 000 à 100 000 habitants;4;53;4 963;7%;De 100 à 150 000 entrées;catégorie D;;commune-centre;331;255;73;33,4;51,9;14,2;0,5;160;12,2
1650;337 087;348 440;SOCIETE DU CINEMA MEGAREX;8;48.80003;7.834416;189741;GRAND EST;67180;34846;67;67501;Haguenau;59194;unités urbaines de 20 000 à 100 000 habitants;10;53;14 764;-3,30%;De 300 à 450 000 entrées;non classé;;commune-centre;226;176;159;29,3;59,1;11,4;0,3;40;4
244;6 118;5 005;VILLE DE KEMBS;30;47.668953;7.496743;207170;GRAND EST;68163;5106;68;68205;Kembs;8954;unités urbaines de moins de 20 000 habitants et zones rurales;1;41;90;22%;De 5 à 10 000 entrées;non classé;;commune-centre;76;57;0;51,3;30,9;15,4;2,4;22;30,3
146;23 361;21 521;MARLYMAGES;41,9;49.06744;6.148929;248151;GRAND EST;57447;10023;57;57701;Metz;285268;unités urbaines de 100 000 habitants et plus;1;51;649;9%;De 20 à 30 000 entrées;catégorie C;;banlieue;210;159;9;59,4;21,7;14,3;4,5;101;31,9
664;76 779;90 322;HUMBERT;86,2;49.118909;6.173803;260701;GRAND EST;57463;117492;57;57701;Metz;285268;unités urbaines de 100 000 habitants et plus;4;36;4 671;-15,00%;De 50 à 80 000 entrées;catégorie A;RDJPPR;commune-centre;240;155;122;47,6;22,4;23,8;6,2;213;90,8
1496;54 394;170 257;HUMBERT;81,8;49.118892;6.175464;260731;GRAND EST;57463;117492;57;57701;Metz;285268;unités urbaines de 100 000 habitants et plus;7;20;4 879;-68,10%;De 50 à 80 000 entrées;non classé;;commune-centre;166;110;88;54,6;13,5;22,5;9,4;137;73,2
126;31 028;30 639;ASSOCIATION CENTRE SOCIO-CULTUREL BEL AIR;89,2;47.733763;7.30706;282583;GRAND EST;68224;110370;68;68701;Mulhouse;246511;unités urbaines de 100 000 habitants et plus;1;51;1 701;1%;De 30 à 40 000 entrées;catégorie A;RDJPPR;commune-centre;222;109;44;57,9;9,4;21,5;11,2;188;90,8
4533;546 793;615 975;KINEPOLIS;9,4;47.760377;7.351564;282631;GRAND EST;68224;110370;68;68701;Mulhouse;246511;unités urbaines de 100 000 habitants et plus;14;53;23 479;-11,20%;De 450 à 700 000 entrées;non classé;;commune-centre;309;223;216;26,8;60,3;11,9;1;40;3,9
854;110 992;133 915;C2L;59,3;47.755602;7.334726;282651;GRAND EST;68224;110370;68;68701;Mulhouse;246511;unités urbaines de 100 000 habitants et plus;8;53;11 592;-17,10%;De 100 à 150 000 entrées;non classé;;commune-centre;277;187;158;45,8;32;19,5;2,8;184;50,7
247;22 041;22 340;COMMUNAUTE DE COMMUNES VALLEE DE MUNSTER;34,7;48.03997;7.14025;282842;GRAND EST;68226;4603;68;68302;Munster;11780;unités urbaines de moins de 20 000 habitants et zones rurales;1;53;649;-1,30%;De 20 à 30 000 entrées;catégorie E;JP;commune-centre;196;134;1;47,5;30,8;16,7;5;94;37,9
252;2 815;1 793;0;9,3;48.101851;7.468382;282860;GRAND EST;68227;1192;68;0;Zone rurale;14541106;unités urbaines de 100 000 habitants et plus;1;26;43;57%;De 2 à 5 000 entrées;non classé;;territoire rural;24;16;0;39,2;47,4;13,4;0;4;12,6
226;4 541;4 207;VILLE DE MUTZIG;65,3;48.536154;7.453136;283523;GRAND EST;67313;5926;67;67401;Molsheim;26662;unités urbaines de 20 000 à 100 000 habitants;1;52;269;8%;De 2 à 5 000 entrées;catégorie D;;commune-centre;167;125;2;55,8;15,1;15,8;13,3;126;73,6
173;12 631;14 578;ASSOCIATION CULTURELLE D'OBERNAI - ESPACE ATHIC;50,2;48.462351;7.479092;295493;GRAND EST;67348;10751;67;67303;Obernai;12211;unités urbaines de moins de 20 000 habitants et zones rurales;1;53;605;-13,40%;De 10 à 20 000 entrées;catégorie E;JPPR;commune-centre;241;176;0;54,3;24,5;16;5,2;142;57,6
186;9 374;11 178;CERCLE DES LOISIRS CULTURELS DU VAL D'ORBEY;31,4;48.125889;7.163437;297962;GRAND EST;68249;3576;68;68116;Orbey;3576;unités urbaines de moins de 20 000 habitants et zones rurales;1;51;398;-16,10%;De 5 à 10 000 entrées;catégorie E;;commune isolée;153;125;0;45,7;33,1;19,1;2,1;59;20,4
160;4 263;4 339;VILLE DE PHALSBOURG;72,9;48.768553;7.258661;310106;GRAND EST;57540;4729;57;57201;Phalsbourg;5094;unités urbaines de moins de 20 000 habitants et zones rurales;1;49;155;-1,80%;De 2 à 5 000 entrées;non classé;;commune-centre;86;65;0;55;18,2;18,1;8,7;61;70,2
341;15 092;15 960;ASSOCIATION CULTURELLE DE REICHSHOFFEN;32,2;48.931499;7.660695;333683;GRAND EST;67388;5397;67;67305;Reichshoffen - Niederbronn-les-Bains;14545;unités urbaines de moins de 20 000 habitants et zones rurales;1;44;543;-5,40%;De 10 à 20 000 entrées;catégorie E;JP;commune-centre;161;110;0;46,4;27,5;19,6;6,5;76;41,4
190;8 640;9 511;SOCIETE CINOR;42,9;48.194474;7.323025;336732;GRAND EST;68269;4746;68;68124;Ribeauvillé;4746;unités urbaines de moins de 20 000 habitants et zones rurales;1;52;315;-9,20%;De 5 à 10 000 entrées;catégorie E;;commune isolée;184;144;0;48,9;32,3;17,4;1,4;96;43,6
224;23 997;24 070;ASSOCIATION CENTRE SOCIO CULTUREL LA PASSERELLE;35,9;47.750793;7.411718;338902;GRAND EST;68278;13990;68;68701;Mulhouse;246511;unités urbaines de 100 000 habitants et plus;1;50;994;-0,30%;De 20 à 30 000 entrées;catégorie C;JP;banlieue;250;195;3;49,8;30;15,9;4,2;128;41,3
145;4 788;5 063;VILLE DE ROTHAU;29,9;48.459054;7.210973;344002;GRAND EST;67414;1554;67;67304;La Broque;13376;unités urbaines de moins de 20 000 habitants et zones rurales;1;42;144;-5,40%;De 2 à 5 000 entrées;non classé;;commune-centre;112;79;1;58,1;29,8;7,1;5,1;34;34,2
853;166 678;176 192;VILLE DE SARREBOURG;18,1;48.736261;7.05462;353161;GRAND EST;57630;12259;57;57302;Sarrebourg;15917;unités urbaines de moins de 20 000 habitants et zones rurales;5;53;6 013;-5,40%;De 150 à 200 000 entrées;catégorie E;JP;commune-centre;300;210;135;39,2;49,7;10,7;0,4;136;11,2
1394;205 357;226 138;STE NOUVELLE DES CINEMAS MELIES (Carpels);18,2;49.11063;7.070985;353201;GRAND EST;57631;21236;57;57401;Sarreguemines (partie française);29359;unités urbaines de 20 000 à 100 000 habitants;8;53;10 265;-9,20%;De 200 à 300 000 entrées;catégorie D;;commune-centre;290;232;157;35,9;52,6;11,1;0,4;121;10,2
412;59 500;65 040;VILLE DE SAVERNE;23,9;48.739119;7.36694;356024;GRAND EST;67437;11238;67;67307;Saverne;18828;unités urbaines de moins de 20 000 habitants et zones rurales;2;53;2 815;-8,50%;De 50 à 80 000 entrées;catégorie E;JP;commune-centre;216;147;74;41,9;40,4;15,8;1,9;89;20,4
594;95 177;97 098;SOCIETE GESTION EXPLOITATION CINEMATOGRAPHIQUES;22,7;48.257586;7.452058;358333;GRAND EST;67462;19252;67;67306;Sélestat;19252;unités urbaines de moins de 20 000 habitants et zones rurales;3;53;4 612;-2,00%;De 80 à 100 000 entrées;catégorie E;RDJP;commune isolée;266;187;77;37,7;47,8;12,8;1,7;125;14,7
158;11 806;9 904;VILLE DE SEREMANGE ERZANGE;39,7;49.317865;6.093266;360572;GRAND EST;57647;4343;57;57601;Thionville;132722;unités urbaines de 100 000 habitants et plus;1;49;484;19%;De 10 à 20 000 entrées;catégorie C;;banlieue;162;133;1;43,6;37,7;16,1;2,6;84;31,8
225;2 974;3 572;0;22,7;48.935358;7.883424;367453;GRAND EST;67474;3127;67;67115;Soultz-sous-Forêts;3127;unités urbaines de moins de 20 000 habitants et zones rurales;1;37;75;-16,70%;De 2 à 5 000 entrées;non classé;;commune isolée;43;27;0;23,9;51,4;24,6;0;12;18,7
304;44 601;41 907;VILLE DE STRASBOURG;72,9;48.582601;7.745895;368723;GRAND EST;67482;277270;67;67701;Strasbourg (partie française);461101;unités urbaines de 100 000 habitants et plus;2;53;4 814;6%;De 40 à 50 000 entrées;catégorie A;RDJPPR;commune-centre;417;60;2;32,5;22,8;30,2;14,5;315;78,9
964;178 662;190 255;LE TREFLE (LETZGUS);8,7;48.581785;7.746387;368764;GRAND EST;67482;277270;67;67701;Strasbourg (partie française);461101;unités urbaines de 100 000 habitants et plus;6;53;11 669;-6,10%;De 150 à 200 000 entrées;non classé;;commune-centre;224;144;131;21,8;60,4;16,5;1,2;47;7,4
529;149 341;146 214;LE CINEMATOGRAPHE;91;48.583754;7.742752;368801;GRAND EST;67482;277270;67;67701;Strasbourg (partie française);461101;unités urbaines de 100 000 habitants et plus;5;53;10 027;2%;De 100 à 150 000 entrées;catégorie A;RDJPPR;commune-centre;402;235;152;58,4;10,5;20,2;10,9;338;93,4
691;169 688;170 313;CINEST;73,2;48.582805;7.74237;369781;GRAND EST;67482;277270;67;67701;Strasbourg (partie française);461101;unités urbaines de 100 000 habitants et plus;5;53;9 608;-0,40%;De 150 à 200 000 entrées;catégorie A;RDPR;commune-centre;377;199;115;42;23,9;23,9;10,3;241;73,3
5412;1 274 311;1 378 877;UGC;30,7;48.572723;7.764957;369792;GRAND EST;67482;277270;67;67701;Strasbourg (partie française);461101;unités urbaines de 100 000 habitants et plus;22;53;43 861;-7,60%;De 1 à 1,5 million d'entrées;non classé;;commune-centre;454;313;293;34,3;49,1;14,7;1,9;217;21,5
205;11 961;12 927;VILLE DE SAINT AVOLD;63,9;49.106153;6.700789;375325;GRAND EST;57606;15748;57;57402;Saint-Avold (partie française);34694;unités urbaines de 20 000 à 100 000 habitants;1;47;327;-7,50%;De 10 à 20 000 entrées;catégorie D;;commune-centre;137;99;0;47,3;26,4;21,6;4,7;89;60,3
4058;915 417;909 231;KINEPOLIS;16,2;49.133075;6.200124;395671;GRAND EST;57616;3214;57;57701;Metz;285268;unités urbaines de 100 000 habitants et plus;14;53;23 295;1%;De 700 000 à 1 million d'entrées;non classé;;banlieue;336;248;243;32,9;53,8;12,8;0,5;61;8
491;76 007;83 429;VILLE DE SAINT LOUIS;18,1;47.586452;7.564551;398731;GRAND EST;68297;20401;68;68403;Bâle (SUI) - Saint-Louis (partie française);38768;unités urbaines de 20 000 à 100 000 habitants;3;53;3 594;-8,90%;De 50 à 80 000 entrées;catégorie D;;commune-centre;183;123;63;36,7;47,8;14,3;1,2;89;14
536;29 042;30 886;ASSOCIATION RELAIS CULTUREL REGIONAL DE THANN;36,5;47.805797;7.101395;424465;GRAND EST;68334;7898;68;68402;Thann - Cernay;31817;unités urbaines de 20 000 à 100 000 habitants;2;49;1 337;-6,00%;De 20 à 30 000 entrées;catégorie D;JPPR;commune-centre;234;183;58;50,3;29,6;18,5;1,6;114;27,2
299;40 211;38 379;VILLE DE THIONVILLE;90,1;49.357979;6.167955;426273;GRAND EST;57672;40665;57;57601;Thionville;132722;unités urbaines de 100 000 habitants et plus;2;45;2 760;5%;De 40 à 50 000 entrées;catégorie C;RDJPPR;commune-centre;258;164;49;55,1;16,5;19,8;8,6;216;84
2844;388 811;601 818;KINEPOLIS;8,2;49.362347;6.111437;426301;GRAND EST;57672;40665;57;57601;Thionville;132722;unités urbaines de 100 000 habitants et plus;10;53;16 568;-35,40%;De 300 à 450 000 entrées;non classé;;commune-centre;241;187;180;29,5;57,6;12,5;0,3;29;3,2
102;1 625;1 517;VILLE D'UNGERSHEIM;32;47.876905;7.309221;437630;GRAND EST;68343;2177;68;68207;Ensisheim;9600;unités urbaines de moins de 20 000 habitants et zones rurales;1;37;50;7%;Moins de 2000 entrées;non classé;;banlieue;47;34;0;44,9;34,5;12,7;7,9;16;32,4
0;20 111;21 816;;47;48.918237;7.370931;468243;GRAND EST;67538;1623;67;0;Zone rurale;14541106;unités urbaines de 100 000 habitants et plus;1;48;574;-7,80%;De 20 à 30 000 entrées;catégorie E;JPPR;territoire rural;184;117;0;51,1;22;19,1;7,8;108;57,2
411;2 753;3 028;;19,4;49.036084;7.946947;468473;GRAND EST;67544;7662;67;67212;Wissembourg (partie française);7662;unités urbaines de moins de 20 000 habitants et zones rurales;1;16;36;-9,10%;De 2 à 5 000 entrées;non classé;;commune isolée;34;26;0;21,4;56,4;21,6;0,5;7;18,5
240;12 850;14 208;VILLE DE WITTENHEIM;32,6;47.822671;7.337178;468533;GRAND EST;68376;14512;68;68701;Mulhouse;246511;unités urbaines de 100 000 habitants et plus;1;51;863;-9,60%;De 10 à 20 000 entrées;non classé;;banlieue;214;164;2;43,7;40,7;14,3;1,3;110;33,2
100;21 072;21 865;CENTRE REGIONAL AUDIOVISUEL DE LORRAINE;29,6;49.150597;6.146816;468741;GRAND EST;57751;13608;57;57701;Metz;285268;unités urbaines de 100 000 habitants et plus;1;52;443;-3,60%;De 20 à 30 000 entrées;catégorie E;JP;banlieue;144;99;3;53,8;23,9;15,1;7,2;65;42,3
2458;494 937;517 426;CGR;14,9;48.081767;7.355074;720850;GRAND EST;68066;70284;68;68501;Colmar;95712;unités urbaines de 20 000 à 100 000 habitants;12;53;24 241;-4,30%;De 450 à 700 000 entrées;non classé;;commune-centre;338;274;224;36,4;51,1;11,9;0,6;103;7,9
245;8 739;8 596;ASSOCIATION D' EDUCATION POPULAIRE ET SOCIALE;20,9;48.447747;6.736992;35272;GRAND EST;54039;4540;54;54201;Baccarat;5075;unités urbaines de moins de 20 000 habitants et zones rurales;1;52;163;2%;De 5 à 10 000 entrées;non classé;;commune-centre;86;61;0;46,2;43,8;10;0;20;29,2
423;2 825;1 947;VILLE DE BAINS LES BAINS;16,1;48.003606;6.264555;36672;GRAND EST;88029;1700;88;0;Zone rurale;14541106;unités urbaines de 100 000 habitants et plus;1;50;143;45%;De 2 à 5 000 entrées;non classé;;territoire rural;86;69;0;60,6;33,4;6;0;18;17,9
617;102 038;109 640;0;15,3;48.775088;5.160512;39474;GRAND EST;55029;15548;55;55301;Bar-le-Duc;18845;unités urbaines de moins de 20 000 habitants et zones rurales;5;53;7 016;-6,90%;De 100 à 150 000 entrées;catégorie E;;commune-centre;217;171;117;46,5;43,8;9;0,7;80;11,4
600;17 328;17 241;CENTRE REGIONAL AUDIOVISUEL DE LORRAINE;24,2;48.564457;6.411473;57303;GRAND EST;54076;3955;54;54205;Blainville-sur-l'Eau;7125;unités urbaines de moins de 20 000 habitants et zones rurales;1;49;343;1%;De 10 à 20 000 entrées;catégorie E;JP;commune-centre;113;65;5;59,3;31;7,1;2,6;52;21,6
274;6 807;6 208;VILLE DE BLAMONT;18,6;48.589226;6.84543;57451;GRAND EST;54077;1091;54;0;Zone rurale;14541106;unités urbaines de 100 000 habitants et plus;1;51;113;10%;De 5 à 10 000 entrées;non classé;;territoire rural;97;78;10;58,4;28,1;11,5;2,1;18;22,2
218;5 405;4 210;VILLE DE BLENOD LES PONT A MOUSSON;47,5;48.883026;6.051403;58272;GRAND EST;54079;4563;54;54404;Pont-à-Mousson;24248;unités urbaines de 20 000 à 100 000 habitants;1;46;282;28%;De 5 à 10 000 entrées;catégorie D;;banlieue;130;99;1;51;23,5;22,6;2,9;70;60,3
217;7 637;7 788;VILLE DE LA BRESSE;43,6;48.004696;6.873744;72881;GRAND EST;88075;4243;88;88402;La Bresse;24384;unités urbaines de 20 000 à 100 000 habitants;1;53;459;-1,90%;De 5 à 10 000 entrées;catégorie D;;commune-centre;126;108;1;56,5;27,7;12,9;3;60;37,3
215;17 133;17 449;ASSOCIATION OFFICE MUNICIPAL D'ANIMATION;32,6;48.763489;5.589497;118135;GRAND EST;55122;5826;55;55203;Commercy;5826;unités urbaines de moins de 20 000 habitants et zones rurales;1;49;485;-1,80%;De 10 à 20 000 entrées;catégorie E;;commune isolée;172;134;2;54,7;32,9;9,9;2,6;74;32,6
159;9 831;11 085;VILLE DE CONFLANS EN JARNISY;9,6;49.168276;5.857616;119281;GRAND EST;54136;2356;54;54301;Jarny;12197;unités urbaines de moins de 20 000 habitants et zones rurales;1;52;280;-11,30%;De 5 à 10 000 entrées;non classé;;banlieue;69;57;12;61,6;29,2;9,2;0;12;6,3
250;3 235;3 474;SOCIETE D'EXPLOITATION DU CASINO ET HOTELS DE CONTREXEVILLE;21,7;48.187388;5.923709;120071;GRAND EST;88114;3259;88;88109;Contrexéville;3259;unités urbaines de moins de 20 000 habitants et zones rurales;1;53;780;-6,90%;De 2 à 5 000 entrées;non classé;;commune isolée;102;81;4;70;21,1;8,9;0;30;13
168;7 149;6 702;COMMUNAUTE DE COMMUNES DES 4 RIVIERES;21,4;47.553711;5.676507;133621;BOURGOGNE / FRANCHE-COMTE;70198;1281;70;0;Zone rurale;14541106;unités urbaines de 100 000 habitants et plus;1;44;168;7%;De 5 à 10 000 entrées;non classé;;territoire rural;83;64;0;66,8;23,1;7,3;2,7;21;21,1
1600;415 121;444 945;SEM PALACE EPINAL;29,9;48.177085;6.455937;148227;GRAND EST;88160;31938;88;88501;Épinal;61800;unités urbaines de 20 000 à 100 000 habitants;8;53;11 163;-6,70%;De 300 à 450 000 entrées;catégorie D;RDJPPR;commune-centre;412;299;173;44,5;44,3;10,6;0,6;230;14,5
402;26 410;26 389;CASINO DE GERARDMER;1,9;48.069277;6.867186;175923;GRAND EST;88196;8294;88;88301;Gérardmer;9835;unités urbaines de moins de 20 000 habitants et zones rurales;1;53;928;0%;De 20 à 30 000 entrées;non classé;;commune-centre;90;72;36;56,8;35,7;7,1;0,4;8;1,5
211;16 009;14 848;MAISON DE LA CULTURE ET DES LOISIRS DE GERARDMER;66,2;48.071742;6.881569;175924;GRAND EST;88196;8294;88;88301;Gérardmer;9835;unités urbaines de moins de 20 000 habitants et zones rurales;1;49;708;8%;De 10 à 20 000 entrées;catégorie E;RDJP;commune-centre;150;107;1;66,3;13,1;15,6;5,1;111;71,4
252;43 304;43 300;COMMUNAUTE DE COMMUNES DU VAL DE GRAY;25,7;47.448741;5.587904;184581;BOURGOGNE / FRANCHE-COMTE;70279;5484;70;70301;Gray;9470;unités urbaines de moins de 20 000 habitants et zones rurales;2;51;1 558;0%;De 40 à 50 000 entrées;catégorie E;JPPR;commune-centre;170;116;33;50,6;38,6;9,7;1;83;21
310;13 177;12 694;COMMUNAUTE DES COMMUNES DE JARNISY;29;49.157279;5.882037;203523;GRAND EST;54273;8307;54;54301;Jarny;12197;unités urbaines de moins de 20 000 habitants et zones rurales;1;53;618;4%;De 10 à 20 000 entrées;non classé;;commune-centre;128;97;7;53,4;27,6;18,1;0,9;48;27,4
100;6 553;5 345;FEDERATION DEPARTEMENTALE DES FOYERS RURAUX DE MOSELLE;40,6;48.842059;6.241568;204111;GRAND EST;54276;801;54;0;Zone rurale;14541106;unités urbaines de 100 000 habitants et plus;1;34;139;23%;De 5 à 10 000 entrées;non classé;;territoire rural;44;28;0;75,2;17,9;7;0;20;49,8
234;11 891;11 527;VILLE DE JOEUF;50,7;49.229366;6.019184;204451;GRAND EST;54280;6518;54;454;Joeuf;22306;unités urbaines de 20 000 à 100 000 habitants;1;51;515;3%;De 10 à 20 000 entrées;catégorie D;;commune-centre;131;99;0;54,6;20,8;19,6;5;75;47,7
1330;231 598;256 474;KINEPOLIS;20,2;49.518361;5.770719;232454;GRAND EST;54323;14437;54;54405;Longwy (partie française);45883;unités urbaines de 20 000 à 100 000 habitants;7;53;11 070;-9,70%;De 200 à 300 000 entrées;catégorie D;JPPR;commune-centre;302;209;131;35,2;53,2;11,1;0,5;148;9
2996;752 006;858 334;UGC;16;48.617851;6.173437;236001;GRAND EST;54328;6363;54;54206;Ludres;8676;unités urbaines de moins de 20 000 habitants et zones rurales;14;53;27 926;-12,40%;De 700 000 à 1 million d'entrées;non classé;;commune-centre;256;186;184;46,1;43,3;10,1;0,5;88;10,3
352;48 945;50 568;VILLE DE LURE;20,5;47.686072;6.497922;236833;BOURGOGNE / FRANCHE-COMTE;70310;8253;70;70302;Lure;11135;unités urbaines de moins de 20 000 habitants et zones rurales;2;53;1 417;-3,20%;De 40 à 50 000 entrées;catégorie E;JP;commune-centre;225;166;20;46,4;38,8;12,3;2,6;88;20
490;33 796;34 960;VILLE DE LUXEUIL LES BAINS;19,3;47.820086;6.375487;237554;BOURGOGNE / FRANCHE-COMTE;70311;6821;70;70304;Luxeuil-les-Bains;12366;unités urbaines de moins de 20 000 habitants et zones rurales;2;53;1 236;-3,30%;De 30 à 40 000 entrées;catégorie E;;commune-centre;196;152;37;52,8;33;10,6;3,6;95;17,7
332;21 454;24 106;VILLE DE MIRECOURT;10,6;48.299898;6.132591;263484;GRAND EST;88304;5325;88;88205;Mirecourt;7359;unités urbaines de moins de 20 000 habitants et zones rurales;1;53;814;-11,00%;De 20 à 30 000 entrées;non classé;;commune-centre;157;128;10;54,2;38;7,8;0;33;12,8
98;6 526;6 777;VILLE DE MONTMEDY;40,8;49.519626;5.363556;274502;GRAND EST;55351;2199;55;55103;Montmédy;2199;unités urbaines de moins de 20 000 habitants et zones rurales;1;47;461;-3,70%;De 5 à 10 000 entrées;catégorie E;;commune isolée;151;125;2;53,2;30,4;12,7;3,7;67;27,7
1046;202 055;124 192;UGC;24,2;48.689694;6.178976;284111;GRAND EST;54395;105162;54;54701;Nancy;285659;unités urbaines de 100 000 habitants et plus;8;53;15 739;63%;De 200 à 300 000 entrées;non classé;;commune-centre;200;144;132;39,6;43,9;15,6;0,9;67;18,3
1062;124 755;142 564;HUMBERT;84,6;48.689045;6.178729;284113;GRAND EST;54395;105162;54;54701;Nancy;285659;unités urbaines de 100 000 habitants et plus;4;53;6 909;-12,50%;De 100 à 150 000 entrées;catégorie A;RDJPPR;commune-centre;236;191;121;51,4;21,8;16,2;10,6;206;88,6
450;117 864;121 889;HUMBERT;96,2;48.687007;6.172177;284121;GRAND EST;54395;105162;54;54701;Nancy;285659;unités urbaines de 100 000 habitants et plus;4;53;6 966;-3,30%;De 100 à 150 000 entrées;catégorie A;RDJPPR;commune-centre;272;200;144;60,4;8,6;24,2;6,9;260;97,5
163;509;519;ASSOCIATION LORRAINE DE FORMATION ET DE RECHERCHE EN ACTION SOCI;87,5;48.704545;6.157804;284155;GRAND EST;54395;105162;54;54701;Nancy;285659;unités urbaines de 100 000 habitants et plus;1;8;8;-1,90%;Moins de 2000 entrées;non classé;;commune-centre;8;3;0;87;0;0;13;7;68,4
2644;667 861;732 567;KINEPOLIS;9,9;48.691512;6.195241;284207;GRAND EST;54395;105162;54;54701;Nancy;285659;unités urbaines de 100 000 habitants et plus;10;53;17 217;-8,80%;De 450 à 700 000 entrées;non classé;;commune-centre;254;190;180;30;57,8;12;0,3;32;5,5
370;45 360;26 277;VILLE DE NEUFCHATEAU;17;48.353974;5.695801;287452;GRAND EST;88321;6615;88;88204;Neufchâteau;6615;unités urbaines de moins de 20 000 habitants et zones rurales;3;48;1 970;73%;De 40 à 50 000 entrées;non classé;;commune isolée;204;152;55;51,7;37;10,9;0,4;82;11,2
123;4 759;4 721;ART EN STOCK;14,2;49.301154;5.786676;310485;GRAND EST;54425;2480;54;54111;Piennes;4620;unités urbaines de moins de 20 000 habitants et zones rurales;1;50;190;1%;De 2 à 5 000 entrées;non classé;;commune-centre;68;51;0;59,3;32,9;7,8;0;16;25
82;2 746;2 305;AEP DU CINEMA DE PLANCHER LES MINES;10,1;47.763891;6.743534;313151;BOURGOGNE / FRANCHE-COMTE;70414;1006;70;70101;Plancher-les-Mines;2969;unités urbaines de moins de 20 000 habitants et zones rurales;1;44;129;19%;De 2 à 5 000 entrées;non classé;;banlieue;61;47;0;43,3;48,1;8,6;0;8;13,3
400;1 937;2 517;VILLE DE PLOMBIERES LES BAINS;38,5;47.963557;6.457663;314931;GRAND EST;88351;1699;88;0;Zone rurale;14541106;unités urbaines de 100 000 habitants et plus;1;37;91;-23,00%;Moins de 2000 entrées;non classé;;territoire rural;42;39;0;72,7;19,8;6,7;0,8;17;28,6
283;59 302;61 329;LES CINEMAS D' ANGE;15,6;48.902416;6.055412;318661;GRAND EST;54431;14901;54;54404;Pont-à-Mousson;24248;unités urbaines de 20 000 à 100 000 habitants;2;53;3 757;-3,30%;De 50 à 80 000 entrées;catégorie D;JP;commune-centre;306;233;85;43,5;44,1;11,9;0,6;125;11,9
403;24 185;21 967;;9,4;48.406279;6.8448;331964;GRAND EST;88372;6420;88;266;Raon-l'Étape;8069;unités urbaines de moins de 20 000 habitants et zones rurales;1;53;689;10%;De 20 à 30 000 entrées;non classé;;commune-centre;116;92;34;46,8;41,9;11,1;0,1;31;9,2
374;53 629;58 530;TUPIN;16,9;48.016226;6.594837;334601;GRAND EST;88383;7741;88;88401;Remiremont;21669;unités urbaines de 20 000 à 100 000 habitants;2;53;2 187;-8,40%;De 50 à 80 000 entrées;non classé;;commune-centre;185;142;55;49,5;40,4;9,5;0,6;90;12,8
210;15 821;18 104;;9,2;49.487702;5.197037;368614;GRAND EST;55502;2745;55;55105;Stenay;3173;unités urbaines de moins de 20 000 habitants et zones rurales;1;53;830;-12,60%;De 10 à 20 000 entrées;non classé;;commune-centre;167;133;10;54,2;36,9;8,6;0,3;28;7,4
900;66 501;78 846;CINEMA LORRAIN CINELOR;16,5;48.284403;6.952124;382412;GRAND EST;88413;20079;88;88403;Saint-Dié-des-Vosges;41934;unités urbaines de 20 000 à 100 000 habitants;4;53;3 853;-15,70%;De 50 à 80 000 entrées;non classé;;commune-centre;235;200;96;41;49,6;9,3;0,1;78;7,7
96;14 407;14 688;ASSOCIATION CINEMA D'ART ET D'ESSAI;72,7;48.284368;6.952934;382423;GRAND EST;88413;20079;88;88403;Saint-Dié-des-Vosges;41934;unités urbaines de 20 000 à 100 000 habitants;1;48;976;-1,90%;De 10 à 20 000 entrées;catégorie D;JP;commune-centre;174;106;2;61,9;5,5;24,7;7,9;156;85,8
274;61 558;61 775;CINEMA ROYAL;13,2;48.699609;6.207734;405441;GRAND EST;54482;9822;54;54701;Nancy;285659;unités urbaines de 100 000 habitants et plus;2;53;3 260;-0,40%;De 50 à 80 000 entrées;non classé;;banlieue;198;147;70;50,9;37,1;12;0;57;21,7
332;18 308;18 127;ROUEFF THIERRY;8,8;47.881078;6.765526;426151;GRAND EST;88468;3513;88;88303;Le Thillot;15370;unités urbaines de moins de 20 000 habitants et zones rurales;2;51;1 024;1%;De 10 à 20 000 entrées;non classé;;commune-centre;134;118;28;57;34,6;8,4;0;19;8,1
246;34 840;32 573;VILLE DE TOUL;46,3;48.676183;5.893159;429814;GRAND EST;54528;16021;54;54402;Toul;23131;unités urbaines de 20 000 à 100 000 habitants;1;50;1 025;7%;De 30 à 40 000 entrées;non classé;;commune-centre;287;238;2;56,3;27,1;14,5;2,2;145;47,5
183;12 036;12 775;VILLE DE VAGNEY;31,1;48.008328;6.71485;439061;GRAND EST;88486;3949;88;88402;La Bresse;24384;unités urbaines de 20 000 à 100 000 habitants;1;51;318;-5,80%;De 10 à 20 000 entrées;catégorie D;;commune-centre;178;135;2;59;27,5;11,8;1,7;75;25,5
1161;198 962;208 883;BLN MAJESTIC;18,7;49.159325;5.38635;447622;GRAND EST;55545;18139;55;55401;Verdun;24283;unités urbaines de 20 000 à 100 000 habitants;8;53;10 868;-4,70%;De 150 à 200 000 entrées;catégorie D;;commune-centre;345;253;185;46,3;43,3;9,8;0,5;145;10,2
370;3 733;5 153;VILLE DE VESOUL;69,7;47.636582;6.166288;450575;BOURGOGNE / FRANCHE-COMTE;70550;15058;70;70401;Vesoul;28707;unités urbaines de 20 000 à 100 000 habitants;1;8;33;-27,60%;De 2 à 5 000 entrées;non classé;;commune-centre;9;3;1;0;23,1;47,8;29;8;97,6
127;9 139;11 252;ASSOCIATION POLE DE L'IMAGE;47,5;49.469111;5.928509;460135;GRAND EST;54580;9552;54;366;Esch-sur-Alzette (LUX) - Villerupt (partie française);20247;unités urbaines de 20 000 à 100 000 habitants;1;21;122;-18,80%;De 5 à 10 000 entrées;non classé;;commune-centre;51;28;1;40,9;8,2;50,9;0;29;46,2
313;26 665;24 903;VILLE DE VITTEL;12,2;48.201738;5.943243;464001;GRAND EST;88516;5213;88;88202;Vittel;5213;unités urbaines de moins de 20 000 habitants et zones rurales;1;53;566;7%;De 20 à 30 000 entrées;non classé;;commune isolée;126;107;27;51,3;40,7;8;0;26;5,7
1961;338 901;354 733;SARL CINE 70 (TUPIN);17,3;47.634045;6.139787;720551;BOURGOGNE / FRANCHE-COMTE;70550;15058;70;70401;Vesoul;28707;unités urbaines de 20 000 à 100 000 habitants;10;53;17 591;-4,50%;De 300 à 450 000 entrées;catégorie D;;commune-centre;477;318;199;43;43,2;9,3;4,5;244;14,3
