fauteuils;entrees_2020;entrees_2019;proprietaire;part des seances de films Art et Essai;latitude;longitude;num_auto;region_administrative;code_INSEE;population_de_la_commune;departement;num_UU;unite_urbaine;population_unite_urbaine;situation_geographique;ecrans;semaines_d_activite;seances;evolution_entrees;tranche_d_entrees;categorie_Art_et_Essai;label_Art_et_Essai;zone_de_la_commune;nombre_de_films_programmes;nombre_de_films_inedits;nombre_de_films_en_semaine_1;PdM_en_entrees_des_films_francais;PdM_en_entrees_des_films_americains;PdM_en_entrees_des_films_europeens;PdM_en_entrees_des_autres_films;films_Art_et_Essai;PdM_en_entrees_des_films_Art_et_Essai
1666;81 917;412 142;UGC SAS;30,1;48.873073;2.298394;12;ILE-DE-FRANCE;75108;36694;75;851;Paris;10706072;01-Paris;11;11;5 033;-0,8;De 80 à 100 000 entrées;NON;;C;79;44;39;38;46,5;14;1,6;37;29,1
1610;75 648;202 673;UGC SAS;57,6;48.872265;2.300938;31;ILE-DE-FRANCE;75108;36694;75;851;Paris;10706072;01-Paris;4;31;3 360;-0,6;De 50 à 80 000 entrées;NON;;C;80;47;39;41,1;36;19,2;3,7;43;52,8
589;45 293;118 069;CINELBA;82,8;48.872431;2.299525;35;ILE-DE-FRANCE;75108;36694;75;851;Paris;10706072;01-Paris;3;29;2 389;-0,6;De 40 à 50 000 entrées;A;RD;C;102;43;28;61;4;19,6;15,4;76;81,3
1597;80 996;277 795;LES CINEMAS PATHE GAUMONT;23,6;48.869654;2.306873;54;ILE-DE-FRANCE;75108;36694;75;851;Paris;10706072;01-Paris;6;31;5 341;-0,7;De 80 à 100 000 entrées;NON;;C;99;65;61;24,3;59,4;14,7;1,7;24;22
448;19 379;49 579;STUDIO DU DRAGON;88,7;48.870512;2.303157;55;ILE-DE-FRANCE;75108;36694;75;851;Paris;10706072;01-Paris;3;29;2 742;-0,6;De 10 à 20 000 entrées;A;RD;C;75;59;53;48,8;5,6;26,4;19,2;61;87,6
760;55 232;178 752;UGC SAS;49,2;48.871332;2.335302;204;ILE-DE-FRANCE;75109;59408;75;851;Paris;10706072;01-Paris;4;31;3 422;-0,7;De 50 à 80 000 entrées;NON;;C;64;41;41;47,2;42,3;10,5;0;33;53,3
591;37 409;421 267;PARAFRANCE COMMUNICATION;50,8;48.871363;2.344886;301;ILE-DE-FRANCE;75109;59408;75;851;Paris;10706072;01-Paris;1;31;852;-0,9;De 30 à 40 000 entrées;A;;C;80;12;8;7;50;35,6;7,5;64;53,7
4274;148 381;123 832;THEATRE LE REX;12,8;48.86872;2.347608;311;ILE-DE-FRANCE;75102;20796;75;851;Paris;10706072;01-Paris;7;29;5 026;0,2;De 100 à 150 000 entrées;NON;;C;246;56;52;16,4;55,9;17,1;10,7;81;16,5
1138;123 537;736 722;GAUMONT;51,4;48.870632;2.334338;321;ILE-DE-FRANCE;75102;20796;75;851;Paris;10706072;01-Paris;6;31;5 355;-0,8;De 100 à 150 000 entrées;NON;;C;90;63;59;36,8;37,7;22,7;2,9;47;47,9
1592;124 223;356 071;UGC SAS;35,1;48.84351;2.325646;451;ILE-DE-FRANCE;75106;42428;75;851;Paris;10706072;01-Paris;7;31;6 061;-0,7;De 100 à 150 000 entrées;NON;;C;101;68;63;43,6;38,3;15,7;2,4;45;39,6
2876;283 901;409 922;PARAFRANCE COMMUNICATION;42,9;48.843074;2.324424;481;ILE-DE-FRANCE;75114;139992;75;851;Paris;10706072;01-Paris;15;31;14 053;-0,3;De 200 à 300 000 entrées;NON;;C;222;173;164;42,9;37,7;15,2;4,1;91;41,8
250;19 479;963 224;MANUFACTURE A FILMS;74,4;48.83393;2.31652;483;ILE-DE-FRANCE;75114;139992;75;851;Paris;10706072;01-Paris;3;31;2 211;-1;De 10 à 20 000 entrées;A;RDJP;C;210;76;18;45,3;20;15,2;19,6;159;84,7
557;129 665;35 866;MK2 CINEMAS;84,3;48.861555;2.352217;531;ILE-DE-FRANCE;75103;35049;75;851;Paris;10706072;01-Paris;6;31;7 786;2,6;De 100 à 150 000 entrées;A;RDPR;C;98;68;61;55,9;13,7;10,6;19,8;80;89,6
764;50 265;305 715;PARAFRANCE COMMUNICATION;54,3;48.878512;2.282965;612;ILE-DE-FRANCE;75117;168533;75;851;Paris;10706072;01-Paris;4;31;3 134;-0,8;De 50 à 80 000 entrées;NON;;C;95;64;45;52,6;29,8;14,4;3,1;57;54,3
510;60 802;169 342;LES CINEMAS PATHE GAUMONT;80,1;48.852188;2.342788;721;ILE-DE-FRANCE;75106;42428;75;851;Paris;10706072;01-Paris;4;31;4 851;-0,6;De 50 à 80 000 entrées;A;RD;C;79;64;41;58,5;7,1;19,2;15,2;61;84,3
678;101 335;145 188;PARAFRANCE COMMUNICATION;68,4;48.852437;2.338266;731;ILE-DE-FRANCE;75106;42428;75;851;Paris;10706072;01-Paris;5;31;5 946;-0,3;De 100 à 150 000 entrées;NON;;C;67;62;58;55,9;24,3;13,3;6,4;48;68,8
97;7 337;272 449;STUDIO GALANDE BERUCHET;81;48.851619;2.347076;733;ILE-DE-FRANCE;75105;59333;75;851;Paris;10706072;01-Paris;1;29;631;-1;De 5 à 10 000 entrées;A;;C;107;58;5;42,1;15,9;36,5;5,5;81;83,9
334;33 324;20 644;CINEPOQUE;88,3;48.84824;2.340797;741;ILE-DE-FRANCE;75106;42428;75;851;Paris;10706072;01-Paris;3;31;2 367;0,6;De 30 à 40 000 entrées;A;RD;C;157;50;18;50,5;20,4;16,9;12,2;131;91,2
510;18 589;77 832;SOCIETE CINEMA SAINT ANDRE DES ARTS;68;48.853361;2.34211;751;ILE-DE-FRANCE;75106;42428;75;851;Paris;10706072;01-Paris;3;29;2 935;-0,8;De 10 à 20 000 entrées;A;;C;163;56;28;64,8;10,4;9;15,8;117;60
250;27 111;52 629;MK2 CINEMAS;73,7;48.842813;2.330525;801;ILE-DE-FRANCE;75106;42428;75;851;Paris;10706072;01-Paris;3;31;3 137;-0,5;De 20 à 30 000 entrées;A;;C;149;84;2;48,8;18;5,4;27,8;126;80,9
454;39 046;68 457;UGC SAS;74,9;48.842318;2.328975;802;ILE-DE-FRANCE;75106;42428;75;851;Paris;10706072;01-Paris;3;31;2 468;-0,4;De 30 à 40 000 entrées;NON;;C;67;37;31;46,6;15,7;21;16,7;45;77,9
1020;10 222;111 149;CINEMAS RYTMANN SAS;21,3;48.843752;2.324925;803;ILE-DE-FRANCE;75106;42428;75;851;Paris;10706072;01-Paris;2;28;1 643;-0,9;De 10 à 20 000 entrées;NON;;C;23;10;9;0;76,7;20,2;3,2;7;25,2
148;17 790;46 984;LE LUCERNAIRE FORUM;81,4;48.844244;2.330407;814;ILE-DE-FRANCE;75106;42428;75;851;Paris;10706072;01-Paris;3;21;1 660;-0,6;De 10 à 20 000 entrées;A;JP;C;110;46;10;43;19,1;18,7;19,2;92;82,3
842;55 381;45 652;LES CINQ PARNASSIENS;97,5;48.842443;2.327625;821;ILE-DE-FRANCE;75114;139992;75;851;Paris;10706072;01-Paris;7;15;3 772;0,2;De 50 à 80 000 entrées;A;RD;C;78;47;44;73,7;6,6;15,7;4;62;87,9
234;30 183;232 842;TRIOMPH CINEMA;92,4;48.854455;2.340132;883;ILE-DE-FRANCE;75106;42428;75;851;Paris;10706072;01-Paris;2;30;1 719;-0,9;De 30 à 40 000 entrées;A;PR;C;242;5;2;8,2;74,8;15,2;1,7;223;90,5
252;5 017;56 566;CINEMA LE BILBOQUET;80;48.85467;2.333052;891;ILE-DE-FRANCE;75106;42428;75;851;Paris;10706072;01-Paris;1;11;250;-0,9;De 5 à 10 000 entrées;A;;C;31;11;0;58,8;8,3;10,8;22;25;76,9
609;19 663;15 366;EUROPALACES ETOILE;58,6;48.872794;2.296984;1031;ILE-DE-FRANCE;75108;36694;75;851;Paris;10706072;01-Paris;2;29;1 852;0,3;De 10 à 20 000 entrées;NON;;C;108;63;26;36,3;35,6;9,7;18,5;52;55
204;12 905;53 875;PARIS CINE;86,1;48.870455;2.35466;1392;ILE-DE-FRANCE;75110;91770;75;851;Paris;10706072;01-Paris;2;18;848;-0,8;De 10 à 20 000 entrées;A;RDJPPR;C;122;36;1;64,1;10,4;11,7;13,8;109;95,1
139;34 632;3 631;SOCIETE THEATRE LE BRADY;78,9;48.871771;2.355398;1393;ILE-DE-FRANCE;75110;91770;75;851;Paris;10706072;01-Paris;2;31;2 785;8,5;De 30 à 40 000 entrées;A;RDJPPR;C;234;60;1;46,5;15,9;16,1;21,5;174;84,7
3894;1 082 659;36 968;UGC CINE CITE ILE DE FRANCE;52,8;48.861424;2.345829;1681;ILE-DE-FRANCE;75101;16545;75;851;Paris;10706072;01-Paris;27;31;36 212;28,3;De 1 à 1,5 million d'entrées;NON;;C;372;221;217;39;37,7;14,6;8,8;207;50,5
238;33 837;73 963;CARLOTTA CINEMAS;66,4;48.858689;2.353591;1791;ILE-DE-FRANCE;75104;27146;75;851;Paris;10706072;01-Paris;2;30;1 713;-0,5;De 30 à 40 000 entrées;A;RDJP;C;147;43;17;38,1;18,9;12,6;30,4;104;78,8
617;42 641;3 012 613;LES ECRANS DE PARIS;55,4;48.858204;2.282104;2251;ILE-DE-FRANCE;75116;165487;75;851;Paris;10706072;01-Paris;3;29;2 581;-1;De 40 à 50 000 entrées;NON;;C;101;51;28;50,8;39,3;7,1;2,8;64;63,8
137;3 846;86 030;CINEMA MAC MAHON;100;48.875715;2.294655;2543;ILE-DE-FRANCE;75117;168533;75;851;Paris;10706072;01-Paris;1;10;187;-1;De 2 à 5 000 entrées;NON;;C;15;0;0;45,5;28,9;24,6;1;15;100
501;78 870;154 753;CINEVOG SARL;85,5;48.87561;2.32791;2982;ILE-DE-FRANCE;75109;59408;75;851;Paris;10706072;01-Paris;5;29;4 853;-0,5;De 50 à 80 000 entrées;A;;C;74;67;65;64,6;12,7;17,5;5,2;59;78,7
478;70 514;15 631;SARL DES AUTEURS REALISATEURS PRODUCTEURS ARP;86,1;48.884303;2.326888;3211;ILE-DE-FRANCE;75117;168533;75;851;Paris;10706072;01-Paris;3;31;2 657;3,5;De 50 à 80 000 entrées;A;RDJP;C;86;41;36;65,4;9,4;17;8,1;73;87,7
2077;255 340;213 401;LES CINEMAS PATHE GAUMONT;33,5;48.883938;2.328034;3222;ILE-DE-FRANCE;75118;197580;75;851;Paris;10706072;01-Paris;11;31;10 695;0,2;De 200 à 300 000 entrées;NON;;C;192;120;108;42,2;40,6;14,5;2,6;57;34,5
172;18 127;178 817;STUDIO 28;68,3;48.886142;2.335342;3741;ILE-DE-FRANCE;75118;197580;75;851;Paris;10706072;01-Paris;1;21;559;-0,9;De 10 à 20 000 entrées;A;;C;104;69;0;48,6;35,3;8,5;7,6;70;70,9
992;172 475;693 746;MK2 QUAI DE SEINE;76,5;48.885073;2.371493;4731;ILE-DE-FRANCE;75119;185654;75;851;Paris;10706072;01-Paris;6;31;7 384;-0,8;De 150 à 200 000 entrées;A;RDJP;C;127;97;70;58,3;19,8;12,3;9,6;90;78,3
1140;144 054;52 483;MK2 CINEMAS;64,7;48.864763;2.399555;5691;ILE-DE-FRANCE;75120;195556;75;851;Paris;10706072;01-Paris;6;31;7 166;1,7;De 100 à 150 000 entrées;NON;;C;141;77;55;49,8;32,6;13,1;4,5;95;66,4
423;78 853;7 865;BASTILLE SAINT ANTOINE (DOUBLON N° 95 7200);88,9;48.853157;2.370719;5841;ILE-DE-FRANCE;75111;149834;75;851;Paris;10706072;01-Paris;3;31;3 632;9;De 50 à 80 000 entrées;A;RD;C;51;39;29;74,6;4,9;14,4;6;38;90,5
356;40 402;433 102;LES ECRANS DE PARIS;85;48.860238;2.37214;5852;ILE-DE-FRANCE;75111;149834;75;851;Paris;10706072;01-Paris;2;31;2 035;-0,9;De 40 à 50 000 entrées;A;RDJP;C;110;43;28;44,8;29,1;17,8;8,2;82;84,8
469;94 158;411 805;MK2 CINEMAS;68,7;48.854674;2.369381;5861;ILE-DE-FRANCE;75111;149834;75;851;Paris;10706072;01-Paris;4;31;4 705;-0,8;De 80 à 100 000 entrées;A;RDJP;C;73;55;40;44;23,3;22,5;10,2;53;68,9
551;131 257;184 006;MK2 CINEMAS;52,5;48.848213;2.39311;6212;ILE-DE-FRANCE;75112;142340;75;851;Paris;10706072;01-Paris;6;31;7 887;-0,3;De 100 à 150 000 entrées;NON;;C;96;77;52;54,2;31,4;12,8;1,6;59;53,5
1274;84 853;112 149;UGC SAS;18,4;48.847502;2.371855;6531;ILE-DE-FRANCE;75112;142340;75;851;Paris;10706072;01-Paris;7;31;5 746;-0,2;De 80 à 100 000 entrées;NON;;C;123;74;70;49,2;43,1;5,8;1,9;46;16
4440;496 865;274 823;UGC CINE CITE ILE DE FRANCE;37,1;48.833595;2.38604;6611;ILE-DE-FRANCE;75112;142340;75;851;Paris;10706072;01-Paris;18;31;17 459;0,8;De 450 à 700 000 entrées;NON;;C;264;158;157;35,2;45,8;14,4;4,6;129;32,8
363;38 484;42 191;CINEMA CHAPLIN;61,6;48.843204;2.298558;7231;ILE-DE-FRANCE;75115;234994;75;851;Paris;10706072;01-Paris;3;30;2 923;-0,1;De 30 à 40 000 entrées;A;JP;C;208;108;1;57,8;25;10,2;6,9;145;70,8
1263;174 210;307 651;GAUMONT;62,8;48.837759;2.296259;7394;ILE-DE-FRANCE;75115;234994;75;851;Paris;10706072;01-Paris;9;31;8 274;-0,4;De 150 à 200 000 entrées;NON;;C;141;109;94;53,7;25,2;18;3,1;77;61,4
2583;197 201;1 758 521;GAUMONT;20,1;48.830408;2.276322;7491;ILE-DE-FRANCE;75115;234994;75;851;Paris;10706072;01-Paris;14;31;12 231;-0,9;De 150 à 200 000 entrées;NON;;C;215;128;114;28,6;56,8;10,7;3,9;56;15,1
397;56 355;88 034;CINEMAS RYTMANN SAS;66,1;48.841914;2.324596;7711;ILE-DE-FRANCE;75114;139992;75;851;Paris;10706072;01-Paris;4;31;3 640;-0,4;De 50 à 80 000 entrées;NON;;C;86;74;25;53,1;29,6;9,2;8,1;48;62,9
1384;164 857;529 754;GAUMONT;33,2;48.828166;2.327463;8132;ILE-DE-FRANCE;75114;139992;75;851;Paris;10706072;01-Paris;8;31;7 412;-0,7;De 150 à 200 000 entrées;NON;;C;151;97;79;39,6;46,3;12,8;1,3;59;33,4
133;14 844;695 177;SOCIETE D'EXPLOITATION DU THEATRE DENFERT ROCHEREAU;59,4;48.833879;2.330976;8161;ILE-DE-FRANCE;75114;139992;75;851;Paris;10706072;01-Paris;1;29;881;-1;De 10 à 20 000 entrées;A;JP;C;130;49;0;59,1;21,8;11,8;7,2;89;72,9
595;49 941;151 155;LES ECRANS DE PARIS;86,2;48.851278;2.330648;8291;ILE-DE-FRANCE;75106;42428;75;851;Paris;10706072;01-Paris;3;30;2 495;-0,7;De 40 à 50 000 entrées;A;RDPR;C;120;35;29;52,9;14,5;27,7;5;74;79,7
684;70 774;512 221;UGC SAS;61,6;48.852138;2.338995;8331;ILE-DE-FRANCE;75106;42428;75;851;Paris;10706072;01-Paris;4;31;3 877;-0,9;De 50 à 80 000 entrées;NON;;C;61;55;37;49,7;29,1;14,5;6,7;33;63,6
119;14 474;36 427;CINEDEVIL;91,6;48.850764;2.341747;8341;ILE-DE-FRANCE;75106;42428;75;851;Paris;10706072;01-Paris;1;28;819;-0,6;De 10 à 20 000 entrées;A;RDJP;C;86;20;1;72,3;14,1;5,9;7,7;79;95,9
722;85 435;144 823;UGC SAS;58,4;48.852353;2.339834;8353;ILE-DE-FRANCE;75106;42428;75;851;Paris;10706072;01-Paris;5;31;4 883;-0,4;De 80 à 100 000 entrées;NON;;C;110;67;49;53,8;20,8;17,7;7,7;69;59
210;20 163;230 842;SOCIETE DE DIFFUSION AUDIOVISUELLE;90,8;48.853093;2.344228;8361;ILE-DE-FRANCE;75105;59333;75;851;Paris;10706072;01-Paris;2;24;1 888;-0,9;De 20 à 30 000 entrées;A;RD;C;33;22;21;40,1;7,9;38,3;13,7;26;93,6
200;28 076;31 750;CINELUX;77,5;48.848384;2.348973;8374;ILE-DE-FRANCE;75105;59333;75;851;Paris;10706072;01-Paris;2;31;1 853;-0,1;De 20 à 30 000 entrées;A;PR;C;294;4;1;35,7;51,7;11;1,5;224;74,2
200;17 171;252 265;LES FILMS DE LA GARENNE;74,5;48.847502;2.342301;8391;ILE-DE-FRANCE;75105;59333;75;851;Paris;10706072;01-Paris;1;30;972;-0,9;De 10 à 20 000 entrées;A;RD;C;46;9;2;90,8;5;2,1;2;39;95,4
240;41 281;47 744;SOCIETE D'EXPLOITATION DU CHAMPOLLION STUDIO DES ECOLES;89,8;48.849983;2.343211;8422;ILE-DE-FRANCE;75105;59333;75;851;Paris;10706072;01-Paris;2;31;1 904;-0,1;De 40 à 50 000 entrées;A;PR;C;99;8;1;29,6;21;27,8;21,6;87;92,4
164;55 838;33 370;CINE SORBONNE;83,1;48.849504;2.342788;8425;ILE-DE-FRANCE;75105;59333;75;851;Paris;10706072;01-Paris;2;31;2 008;0,7;De 50 à 80 000 entrées;A;PR;C;356;2;0;9,3;67;11,1;12,6;326;88,1
122;11 615;23 061;SARL DES AUTEURS REALISATEURS PRODUCTEURS ARP;44,4;48.842733;2.342044;8451;ILE-DE-FRANCE;75105;59333;75;851;Paris;10706072;01-Paris;1;27;682;-0,5;De 10 à 20 000 entrées;A;JPPR;C;67;8;7;50,5;12,2;19,9;17,4;49;80,4
372;47 300;6 143;LES ECRANS DE PARIS;74;48.849591;2.342836;8513;ILE-DE-FRANCE;75105;59333;75;851;Paris;10706072;01-Paris;3;31;2 476;6,7;De 40 à 50 000 entrées;A;RDPR;C;177;20;15;36,7;7,5;34,2;21,6;130;77
140;19 746;103 248;STUDIO 43;81,3;48.841535;2.34958;8514;ILE-DE-FRANCE;75105;59333;75;851;Paris;10706072;01-Paris;2;31;1 842;-0,8;De 10 à 20 000 entrées;A;;C;99;60;0;66,8;13,4;7,1;12,7;79;87,1
346;25 325;102 958;ACTION RIVE GAUCHE;81,7;48.847537;2.352122;8531;ILE-DE-FRANCE;75105;59333;75;851;Paris;10706072;01-Paris;2;31;1 621;-0,8;De 20 à 30 000 entrées;A;PR;C;167;14;11;20,9;53,7;19,1;6,4;129;83,4
645;55 439;27 165;GAUMONT;49,4;48.833574;2.353775;8621;ILE-DE-FRANCE;75113;183216;75;851;Paris;10706072;01-Paris;5;31;4 719;1;De 50 à 80 000 entrées;NON;;C;94;59;55;46,1;33,5;13,3;7,1;38;53,9
1138;170 162;100 495;UGC SAS;49,9;48.832888;2.354241;8632;ILE-DE-FRANCE;75113;183216;75;851;Paris;10706072;01-Paris;11;31;9 405;0,7;De 150 à 200 000 entrées;NON;;C;226;135;119;50,4;31,4;12,4;5,8;124;50,8
329;30 666;36 774;LES ECRANS DE PARIS;86,3;48.836817;2.349632;8661;ILE-DE-FRANCE;75113;183216;75;851;Paris;10706072;01-Paris;2;24;1 644;-0,2;De 30 à 40 000 entrées;A;RDJP;C;100;44;25;63,9;11,2;21,8;3,1;88;86,1
104;4 649;56 639;MK2 CINEMAS;85,2;48.8649;2.314116;9351;ILE-DE-FRANCE;75108;36694;75;851;Paris;10706072;01-Paris;1;13;305;-0,9;De 2 à 5 000 entrées;NON;;C;10;4;0;79,4;15,4;2,1;3,1;9;86
556;92 428;168 403;CINELOUXOR;77,7;48.883487;2.349853;9452;ILE-DE-FRANCE;75110;91770;75;851;Paris;10706072;01-Paris;3;31;3 180;-0,5;De 80 à 100 000 entrées;A;RDJPPR;C;158;48;35;39;27,2;23,4;10,4;120;79,1
2952;428 669;487 926;MK2 CINEMAS;43,5;48.833718;2.373922;9600;ILE-DE-FRANCE;75113;183216;75;851;Paris;10706072;01-Paris;16;31;20 278;-0,1;De 300 à 450 000 entrées;NON;;C;274;181;163;32,3;40;17,4;10,3;135;43,3
520;41 420;91 197;MK2 A & E;69,2;48.832993;2.378615;9616;ILE-DE-FRANCE;75113;183216;75;851;Paris;10706072;01-Paris;4;16;2 712;-0,5;De 40 à 50 000 entrées;NON;;C;66;52;19;44,2;29,6;8,9;17,3;46;70,8
1962;261 343;12 896;PATHE BEAUGRENELLE;31,8;48.848895;2.282585;9700;ILE-DE-FRANCE;75115;234994;75;851;Paris;10706072;01-Paris;10;31;9 367;19,3;De 200 à 300 000 entrées;NON;;C;154;88;79;33,2;46,8;16,3;3,7;47;32,6
161;2 392;255 631;SOCIETE CINEMATOGRAPHIQUE THEATRALE ET AUDIOVISUELLE CTAV 14;59,2;48.876113;2.295345;9802;ILE-DE-FRANCE;75117;168533;75;851;Paris;10706072;01-Paris;1;14;103;-1;De 2 à 5 000 entrées;NON;;C;40;14;1;27,7;38,1;9,6;24,6;19;32,2
1151;51 795;1 330 204;LES 7 BATIGNOLLES;41,7;48.893315;2.311503;9803;ILE-DE-FRANCE;75117;168533;75;851;Paris;10706072;01-Paris;7;31;6 084;-1;De 50 à 80 000 entrées;NON;;C;152;82;72;39,9;39,2;14,7;6,2;76;44,6
1108;173 285;149 092;MK2 QUAI DE LOIRE;51;48.885067;2.374123;9900;ILE-DE-FRANCE;75119;185654;75;851;Paris;10706072;01-Paris;6;31;7 223;0,2;De 150 à 200 000 entrées;NON;;C;131;94;57;40,9;35,5;19,9;3,7;77;52,5
2790;177 666;807 114;UGC CINE CITE;36,6;48.898991;2.376757;9906;ILE-DE-FRANCE;75119;185654;75;851;Paris;10706072;01-Paris;14;31;13 252;-0,8;De 150 à 200 000 entrées;NON;;C;257;154;137;38,5;44,6;12,4;4,5;128;32,9
2901;187 681;10 101;PATHE LA VILLETTE;18;48.897016;2.385181;9920;ILE-DE-FRANCE;75119;185654;75;851;Paris;10706072;01-Paris;16;31;15 260;17,6;De 150 à 200 000 entrées;NON;;C;224;123;106;25,5;58,4;10,8;5,3;56;12,1
1394;82 424;127 852;CINELILAS;13,7;48.852605;2.406733;9950;ILE-DE-FRANCE;75120;195556;75;851;Paris;10706072;01-Paris;7;31;7 033;-0,4;De 80 à 100 000 entrées;NON;;C;117;68;64;36,2;50,9;7,3;5,5;24;11,2
511;12 265;19 939;RD DIFFUSION;27,5;50.108677;1.834667;10184;HAUTS DE FRANCE;80001;23278;80;80401;Abbeville;26023;05-Unités urbaines de 20 000 à 100 000 hbts;3;30;1 161;-0,4;De 10 à 20 000 entrées;D;RDJPPR;C;136;66;22;74,4;15,3;4,7;5,6;104;17,1
1209;79 017;5 102;ABBEVILLE CINE;63;50.115049;1.824393;10192;HAUTS DE FRANCE;80001;23278;80;80401;Abbeville;26023;05-Unités urbaines de 20 000 à 100 000 hbts;8;31;8 073;14,5;De 50 à 80 000 entrées;NON;;C;119;83;81;61,5;22;9,7;6,9;16;65,6
188;514;450 743;LES BORDS DE SCENES;35,3;48.724181;2.420302;10552;ILE-DE-FRANCE;94001;5527;94;851;Paris;10706072;02-Grande Couronne;1;14;40;-1;Moins de 2000 entrées;NON;;B;36;36;1;73,8;20,5;3,2;2,5;11;35,9
257;30 614;547 650;CINE ACHERES PANDORA;64,9;48.960956;2.067774;10992;ILE-DE-FRANCE;78005;21053;78;851;Paris;10706072;03-Petite couronne;3;26;2 219;-0,9;De 30 à 40 000 entrées;C;RDJP;B;138;91;43;64,7;20,4;9,3;5,6;93;63,5
268;11 347;11 281;ASSOCIATION POUR LE DEVELOPPEMENT DU CINEMA A ACIGNE;71,5;48.135609;-1.537695;11101;BRETAGNE;35001;6521;35;35206;Acigné;6521;06-autres communes et unités urbaines;2;25;429;0;De 10 à 20 000 entrées;E;;I;131;95;7;60,9;15,1;15,5;8,4;72;77,7
757;39 662;14 848;LE FESTIVAL;13,4;43.31185;3.473009;11527;OCCITANIE;34003;26946;34;34401;Agde;26946;05-Unités urbaines de 20 000 à 100 000 hbts;4;30;2 832;1,7;De 30 à 40 000 entrées;D;RDJPPR;I;159;115;61;34,2;56,6;5,2;4;79;8,3
1595;86 644;19 806;CAP CINEMA AGEN;68,4;44.204567;0.624721;11592;NOUVELLE AQUITAINE;47001;33988;47;47501;Agen;81266;05-Unités urbaines de 20 000 à 100 000 hbts;10;31;9 985;3,4;De 80 à 100 000 entrées;NON;;C;172;129;119;59,8;15,4;11,3;13,5;54;78,7
79;3 642;8 493;ASSOCIATION DU CINEMA DE LA PLAGE;38,8;49.048659;-1.595352;11854;NORMANDIE;50003;2796;50;50203;Agon-Coutainville;7475;06-autres communes et unités urbaines;1;30;281;-0,6;De 2 à 5 000 entrées;E;JPPR;C;98;78;2;56,1;25,3;9,5;9,1;51;39,8
490;11 705;17 191;CINEMA L' AIGLON (EX CASINO DE JOINVILLE SARL);0;48.762976;0.62734;12101;NORMANDIE;61214;8053;61;61301;L'Aigle;11190;06-autres communes et unités urbaines;1;31;515;-0,3;De 10 à 20 000 entrées;E;;C;133;87;13;20,4;79,6;0;0;73;0
345;6 590;6 619;REGIE SERVICE PUBLIC STATION VALMOPARC;47;45.46071;6.441929;12401;AUVERGNE / RHONE-ALPES;73024;766;73;0;Zone rurale;14541106;04-Unités urbaines de 100 000 hbts ou plus;2;21;549;0;De 5 à 10 000 entrées;NON;;R;95;75;12;49,6;34,2;13,2;3;29;49,2
168;3 343;31 740;GRAND ECRAN POUR TOUS;45;43.566091;4.189267;12454;OCCITANIE;30003;8385;30;30210;Aigues-Mortes;8385;06-autres communes et unités urbaines;1;29;521;-0,9;De 2 à 5 000 entrées;E;JP;I;118;88;15;57,7;20,2;16,4;5,7;50;52,5
254;5 260;155 968;CIRCUIT ARTS ET LOISIRS;35;44.299994;0.336667;12562;NOUVELLE AQUITAINE;47004;4346;47;47103;Aiguillon;4631;06-autres communes et unités urbaines;1;31;345;-1;De 5 à 10 000 entrées;E;JPPR;C;141;116;0;55;32;9,9;3,1;73;29,6
320;3 833;23 217;SOCIETE CINEMATOGRAPHIQUE LUCONNAISE;61,6;46.332847;-1.303138;12572;PAYS DE LA LOIRE;85001;2121;85;85114;L'Aiguillon-sur-Mer;2792;06-autres communes et unités urbaines;1;25;492;-0,8;De 2 à 5 000 entrées;NON;;C;118;79;8;61,1;27,4;6,4;5;43;66
286;3 172;11 922;VILLE D'AIGURANDE;48,8;46.431926;1.830697;12612;CENTRE-VAL DE LOIRE;36001;1458;36;0;Zone rurale;14541106;04-Unités urbaines de 100 000 hbts ou plus;1;26;335;-0,7;De 2 à 5 000 entrées;E;;R;72;60;0;48,3;34,1;13,9;3,7;31;57,8
150;1 081;10 747;73210 ZIMAGES;15,6;45.555539;6.651442;12833;AUVERGNE / RHONE-ALPES;73006;4434;73;73201;Aime;8119;06-autres communes et unités urbaines;1;16;34;-0,9;Moins de 2000 entrées;NON;;C;31;29;2;28,8;61,7;6,6;3;12;8,6
444;3 266;20 689;CUNY ROBERT JOSEPH AUGUST;38,8;43.699953;-0.265292;13151;NOUVELLE AQUITAINE;40001;6099;40;263;Aire-sur-l'Adour;7462;06-autres communes et unités urbaines;2;29;546;-0,8;De 2 à 5 000 entrées;NON;;C;111;85;0;20,8;66,5;12,7;0;49;31,5
268;3 943;5 112;OCINE;69,9;50.639733;2.390569;13161;HAUTS DE FRANCE;62014;9853;62;752;Béthune;355543;04-Unités urbaines de 100 000 hbts ou plus;1;16;61;-0,2;De 2 à 5 000 entrées;NON;;B;32;18;0;57,1;16,6;9,7;16,6;17;77,5
431;64 001;7 477;SOCIETE AIXOISE CINEMATOGRAPHIQUE;16,2;43.526562;5.448932;13405;PROVENCE-ALPES-COTE D'AZUR;13001;142668;13;759;Marseille - Aix-en-Provence;1585498;04-Unités urbaines de 100 000 hbts ou plus;3;31;2 270;7,6;De 50 à 80 000 entrées;C;RD;B;79;57;52;62,6;30,2;5,1;2,1;69;24,3
1539;143 527;28 965;LE CEZANNE;44,3;43.525387;5.446893;13413;PROVENCE-ALPES-COTE D'AZUR;13001;142668;13;759;Marseille - Aix-en-Provence;1585498;04-Unités urbaines de 100 000 hbts ou plus;9;31;8 346;4;De 100 à 150 000 entrées;NON;;B;133;96;93;68,3;21,6;6,6;3,4;34;58,5
438;54 697;188 613;CINEMAZARIN;33,2;43.526103;5.448686;13423;PROVENCE-ALPES-COTE D'AZUR;13001;142668;13;759;Marseille - Aix-en-Provence;1585498;04-Unités urbaines de 100 000 hbts ou plus;3;31;2 438;-0,7;De 50 à 80 000 entrées;C;RD;B;120;77;64;67,9;18,1;4,8;9,3;106;52,2
165;12 670;204 415;INSTITUT DE L'IMAGE;33,1;43.524462;5.439812;13454;PROVENCE-ALPES-COTE D'AZUR;13001;142668;13;759;Marseille - Aix-en-Provence;1585498;04-Unités urbaines de 100 000 hbts ou plus;1;27;519;-0,9;De 10 à 20 000 entrées;C;JPPR;B;129;9;2;56,4;31;7,8;4,9;94;23,1
870;16 629;45 974;VICTORIA;30,1;45.68994;5.909791;13513;AUVERGNE / RHONE-ALPES;73008;29822;73;73601;Chambéry;187010;04-Unités urbaines de 100 000 hbts ou plus;5;28;2 696;-0,6;De 10 à 20 000 entrées;C;PR;B;153;109;69;55,5;32,6;8,5;3,4;117;26,4
250;9 408;295 538;ASSOCIATION CINE AIZENAY;51,5;46.744249;-1.6164029999999912;13622;PAYS DE LA LOIRE;85003;9212;85;85206;Aizenay;9212;06-autres communes et unités urbaines;2;29;632;-1;De 5 à 10 000 entrées;E;;I;138;108;8;60,3;33,4;4,1;2,1;51;53,4
319;2 939;17 721;ASSOCIATION LATINITA;43,4;41.915976;8.731036;13683;CORSE;2A004;68462;2A;2A501;Ajaccio;68462;05-Unités urbaines de 20 000 à 100 000 hbts;1;2;37;-0,8;De 2 à 5 000 entrées;NON;;I;16;3;0;62,9;22,3;7,3;7,5;11;60,1
295;1 111;5 010;VILLE D AJACCIO;37,2;41.915976;8.731036;13685;CORSE;2A004;68462;2A;2A501;Ajaccio;68462;05-Unités urbaines de 20 000 à 100 000 hbts;1;7;15;-0,8;Moins de 2000 entrées;NON;;I;10;2;0;66,7;21,8;6,7;4,8;8;30
1147;92 569;68 288;MSGCINEMA;36,2;41.943558;8.753935;13686;CORSE;2A004;68462;2A;2A501;Ajaccio;68462;05-Unités urbaines de 20 000 à 100 000 hbts;6;29;5 000;0,4;De 80 à 100 000 entrées;D;JPPR;I;253;158;96;68,2;22,7;9,1;0;110;60,3
360;12 635;5 354;BLED ALAIN JOSEPH CHARLES;51,1;50.004652;2.648257;14033;HAUTS DE FRANCE;80016;9931;80;80301;Albert;9931;06-autres communes et unités urbaines;2;27;678;1,4;De 10 à 20 000 entrées;NON;;I;98;65;20;54;29,7;8,7;7,5;24;54,5
247;5 679;334 960;LES AMIS DU CINEMA;29;45.677069;6.392496;14071;AUVERGNE / RHONE-ALPES;73011;18969;73;73401;Albertville;40293;05-Unités urbaines de 20 000 à 100 000 hbts;1;17;294;-1;De 5 à 10 000 entrées;NON;;C;27;20;13;54,5;27,6;11,2;6,7;2;23
365;19 309;113 700;LES AMIS DU CINEMA;80;45.676502;6.391967;14073;AUVERGNE / RHONE-ALPES;73011;18969;73;73401;Albertville;40293;05-Unités urbaines de 20 000 à 100 000 hbts;2;29;1 187;-0,8;De 10 à 20 000 entrées;D;RDJP;C;147;103;34;54,9;5;22,6;17,5;89;88,7
467;15 562;33 263;PLOUHEL;38;43.92676;2.149209;14102;OCCITANIE;81004;49475;81;81502;Albi;74751;05-Unités urbaines de 20 000 à 100 000 hbts;3;27;1 362;-0,5;De 10 à 20 000 entrées;D;RDJPPR;C;117;78;55;48,2;38,1;12,6;1,1;95;36,1
142;7 493;32 221;ASSOCIATION DE GESTION DE LA SCENE NATIONALE D'ALBI;25,4;43.923796;2.144604;14114;OCCITANIE;81004;49475;81;81502;Albi;74751;05-Unités urbaines de 20 000 à 100 000 hbts;1;25;397;-0,8;De 5 à 10 000 entrées;D;RDJPPR;C;107;56;2;32,2;51,8;5,8;10,3;89;33,5
214;2 182;132 243;SYNDICAT INITIATIVE ALBIEZ;100;45.217522;6.343043;14222;AUVERGNE / RHONE-ALPES;73013;382;73;0;Zone rurale;14541106;04-Unités urbaines de 100 000 hbts ou plus;1;20;139;-1;De 2 à 5 000 entrées;NON;;R;73;57;6;0;36,2;0;63,8;19;100
1199;80 071;27 972;LES ECRANS D' ALENCON;23,9;48.433552;0.063775;14445;NORMANDIE;61001;26069;61;461;Alençon;41758;05-Unités urbaines de 20 000 à 100 000 hbts;7;31;4 382;1,9;De 80 à 100 000 entrées;D;;C;174;125;83;46,3;45,3;6,8;1,6;82;21,7
1309;86 008;7 749;COMPAGNIE CINEMATOGRAPHIQUE IMMOBILIERE CEVENOLE;40,9;44.125939;4.077527;14533;OCCITANIE;30007;39535;30;30501;Alès;94393;05-Unités urbaines de 20 000 à 100 000 hbts;8;31;6 713;10,1;De 80 à 100 000 entrées;D;RD;C;276;157;147;64;27,8;4,5;3,7;95;45,5
410;2 815;613 992;L'AVANT-SCENE;36,2;48.807586;2.422346;14693;ILE-DE-FRANCE;94002;44410;94;851;Paris;10706072;02-Grande Couronne;1;18;34;-1;De 2 à 5 000 entrées;NON;;B;33;25;0;61;26,4;7;5,6;12;37,2
241;12 147;333 276;BOCCA BERNARD ALBERT;36,2;45.394059;6.075331;15374;AUVERGNE / RHONE-ALPES;38006;4124;38;358;Allevard;14573;06-autres communes et unités urbaines;2;31;744;-1;De 10 à 20 000 entrées;E;JP;C;119;100;28;59,2;27,4;6,3;7,1;59;38,1
600;14 642;18 177;CINEAMBUL 72;36,1;47.983405;0.148339;15682;PAYS DE LA LOIRE;72003;11128;72;72701;Le Mans;210018;04-Unités urbaines de 100 000 hbts ou plus;1;28;390;-0,2;De 10 à 20 000 entrées;NON;;B;77;31;0;55,5;30,6;8,9;4,9;39;42,3
187;4 563;28 958;LEATHOM;56,9;44.283294;6.539965;15741;PROVENCE-ALPES-COTE D'AZUR;4006;697;4;0;Zone rurale;14541106;04-Unités urbaines de 100 000 hbts ou plus;1;23;310;-0,8;De 2 à 5 000 entrées;NON;;R;109;88;31;55;31,5;5,6;7,9;34;62,3
172;2 364;11 022;GERARD DAVOINE ET SES ENFANTS;27,4;45.404713;6.578019;15792;AUVERGNE / RHONE-ALPES;73015;1848;73;0;Zone rurale;14541106;04-Unités urbaines de 100 000 hbts ou plus;1;20;224;-0,8;De 2 à 5 000 entrées;NON;;R;52;37;3;35,9;51,8;8,5;3,8;16;18,5
576;30 283;7 739;CHARLES PAUL;46,8;47.62383;7.236058;16081;GRAND EST;68004;5740;68;68206;Altkirch;8921;06-autres communes et unités urbaines;4;31;2 440;2,9;De 30 à 40 000 entrées;E;JP;C;178;116;51;48;27,3;8,5;16,3;95;57,7
307;6 821;73 409;COMMUNE D'AMBERT;22,1;45.547184;3.745498;16573;AUVERGNE / RHONE-ALPES;63003;6743;63;63203;Ambert;7287;06-autres communes et unités urbaines;2;30;570;-0,9;De 5 à 10 000 entrées;E;JP;C;98;73;1;37,3;51,6;6,2;5;44;22,2
354;13 505;33 578;SARL MERLIN L;54,8;47.41057;0.980035;16803;CENTRE-VAL DE LOIRE;37003;13119;37;37701;Tours;353042;04-Unités urbaines de 100 000 hbts ou plus;2;31;1 011;-0,6;De 10 à 20 000 entrées;NON;;B;97;67;36;58,9;27,5;10,1;3,5;35;53,1
196;643;437 310;SA CASINO D'AMELIE LES BAINS;59,7;42.472951;2.670403;17082;OCCITANIE;66003;3493;66;66204;Amélie-les-Bains-Palalda;6188;06-autres communes et unités urbaines;1;19;117;-1;Moins de 2000 entrées;NON;;C;57;54;0;58,1;31,2;5,8;4,9;18;62,8
175;10 922;11 145;MAISON DE LA CULTURE D AMIENS;41,5;49.89407;2.292451;17303;HAUTS DE FRANCE;80021;132874;80;80601;Amiens;162637;04-Unités urbaines de 100 000 hbts ou plus;1;28;606;0;De 10 à 20 000 entrées;B;RDJPPR;C;104;52;7;57,6;31,1;8,4;2,9;86;50
254;25 039;420 743;ASS JOURNEES CINE AMIENS CONTRE RACISME;37;49.896685;2.302146;17325;HAUTS DE FRANCE;80021;132874;80;80601;Amiens;162637;04-Unités urbaines de 100 000 hbts ou plus;1;31;820;-0,9;De 20 à 30 000 entrées;B;RDJPPR;C;91;48;20;52,9;37,5;5,1;4,5;79;38,9
2682;229 212;785 467;GAUMONT PICARDIE;35;49.889445;2.304933;17326;HAUTS DE FRANCE;80021;132874;80;80601;Amiens;162637;04-Unités urbaines de 100 000 hbts ou plus;12;31;10 329;-0,7;De 200 à 300 000 entrées;NON;;C;217;134;122;51,7;41;5,6;1,6;62;29,8
2568;105 557;64 245;GAUMONT;13;49.244796;6.132187;17545;GRAND EST;57019;10657;57;57701;Metz;285268;04-Unités urbaines de 100 000 hbts ou plus;12;31;9 715;0,6;De 100 à 150 000 entrées;NON;;B;186;110;96;21,9;66;9,1;3;43;8,6
549;49 471;537 008;ASSOCIATION LOUIS LUMIERE;24,5;47.364116;-1.178442;17803;PAYS DE LA LOIRE;44003;7510;44;44301;Ancenis;10403;06-autres communes et unités urbaines;3;30;1 526;-0,9;De 40 à 50 000 entrées;E;JPPR;C;237;165;19;21,3;61,3;10,1;7,2;138;20,7
347;6 042;875 469;CINEMA DE LA VIOUZE;40;45.928236;2.829038;17961;AUVERGNE / RHONE-ALPES;63004;1590;63;63112;Saint-Georges-de-Mons;3588;06-autres communes et unités urbaines;1;28;457;-1;De 5 à 10 000 entrées;E;JP;B;131;97;1;67,6;12,5;8;11,8;54;50,4
407;26 206;306 340;LE PALACE;59,7;49.246748;1.416469;18291;NORMANDIE;27016;8141;27;27207;Les Andelys;8404;06-autres communes et unités urbaines;3;31;1 807;-0,9;De 20 à 30 000 entrées;E;JP;C;161;111;46;68,1;17,3;7,8;6,8;81;60,7
250;3 532;9 380;COMMUNE D'ANET;45,3;48.857505;1.439036;18701;CENTRE-VAL DE LOIRE;28007;2690;28;361;Ézy-sur-Eure;17334;06-autres communes et unités urbaines;1;26;113;-0,6;De 2 à 5 000 entrées;NON;;C;54;40;0;61,9;26,1;8,2;3,8;16;48,2
811;137 014;31 260;CYBELE;58,9;47.472132;-0.553522;18861;PAYS DE LA LOIRE;49007;151520;49;49701;Angers;225978;04-Unités urbaines de 100 000 hbts ou plus;7;31;6 331;3,4;De 100 à 150 000 entrées;A;RDJPPR;C;255;153;141;82,5;11,6;1,8;4,1;204;70,9
2522;216 384;4 577;GAUMONT;33;47.478647;-0.549339;18866;PAYS DE LA LOIRE;49007;151520;49;49701;Angers;225978;04-Unités urbaines de 100 000 hbts ou plus;12;31;10 398;46,3;De 200 à 300 000 entrées;NON;;C;228;130;114;49,5;37,8;7,4;5,2;62;34
197;3 510;7 121;REGIE AUTONOME DES SPORTS ET LOISIRS LES ANGLES;47;42.577018;2.075079;19242;OCCITANIE;66004;528;66;0;Zone rurale;14541106;04-Unités urbaines de 100 000 hbts ou plus;1;25;197;-0,5;De 2 à 5 000 entrées;NON;;R;93;76;0;57,7;30,9;6,2;5,2;36;47,6
1095;72 003;11 694;MULTICINES PYRENEES SARL;100;43.483711;-1.508634;19325;NOUVELLE AQUITAINE;64024;38724;64;751;Bayonne (partie française);236730;04-Unités urbaines de 100 000 hbts ou plus;7;31;6 247;5,2;De 50 à 80 000 entrées;NON;;C;118;90;85;60,9;39,1;0;0;24;100
294;19 882;7 658;CITE INTERNATIONALE DE LA BANDE DESSINEE ET DE L IMAGE;38,3;45.653155;0.150537;19464;NOUVELLE AQUITAINE;16015;42081;16;16601;Angoulême;109054;04-Unités urbaines de 100 000 hbts ou plus;2;31;1 442;1,6;De 10 à 20 000 entrées;C;RDJPPR;C;142;75;50;54,9;34,3;8,1;2,7;122;35,9
1876;73 336;11 083;RAYCHAMOND;43,5;45.650367;0.164018;19491;NOUVELLE AQUITAINE;16015;42081;16;16601;Angoulême;109054;04-Unités urbaines de 100 000 hbts ou plus;11;31;10 949;5,6;De 50 à 80 000 entrées;NON;;C;177;131;116;61,8;28,1;3,6;6,5;51;62,4
172;2 806;12 091;RAYCHAMOND;20,5;45.650091;0.162338;19507;NOUVELLE AQUITAINE;16015;42081;16;16601;Angoulême;109054;04-Unités urbaines de 100 000 hbts ou plus;1;13;293;-0,8;De 2 à 5 000 entrées;NON;;C;14;9;6;30,2;57,9;9,5;2,4;1;12,7
206;5 316;15 424;FESTIVE ET CINEMATOGRAPHIQUE ANICHOISE;30,3;50.33114;3.252155;19702;HAUTS DE FRANCE;59008;10372;59;59701;Valenciennes (partie française);335992;04-Unités urbaines de 100 000 hbts ou plus;1;25;258;-0,7;De 5 à 10 000 entrées;NON;;B;80;53;0;47,3;38,3;7,1;7,3;20;27,3
1839;180 146;26 535;PATHE ANNECY DECAVISION;46,2;45.912917;6.125425;19901;AUVERGNE / RHONE-ALPES;74010;125694;74;74601;Annecy;168098;04-Unités urbaines de 100 000 hbts ou plus;10;31;9 049;5,8;De 150 à 200 000 entrées;NON;;C;207;113;106;41,1;36,2;11,8;11;50;43,8
448;49 609;620 831;ROUEX;16,6;45.898226;6.123792;19941;AUVERGNE / RHONE-ALPES;74010;125694;74;74601;Annecy;168098;04-Unités urbaines de 100 000 hbts ou plus;4;31;3 178;-0,9;De 40 à 50 000 entrées;A;RD;C;136;84;74;35,8;63;0;1,1;106;11,5
174;12 782;6 200;MJC POUR TOUS D'ANNECY NOVEL;0;45.917017;6.134075;19945;AUVERGNE / RHONE-ALPES;74010;125694;74;74601;Annecy;168098;04-Unités urbaines de 100 000 hbts ou plus;1;31;459;1,1;De 10 à 20 000 entrées;B;JP;C;89;36;0;48,3;13,1;38,7;0;63;0
111;12 934;215 706;MJC CENTRE ANNEMASSE;54,6;46.191752;6.231982;19983;AUVERGNE / RHONE-ALPES;74012;35234;74;652;Genève (SUI) - Annemasse (partie française);178404;04-Unités urbaines de 100 000 hbts ou plus;1;29;502;-0,9;De 10 à 20 000 entrées;C;RDJP;C;83;45;0;65,4;20,2;9,2;5,1;63;67,5
475;3 388;659 381;CINEMONDE;51,8;46.192243;6.232615;19984;AUVERGNE / RHONE-ALPES;74012;35234;74;652;Genève (SUI) - Annemasse (partie française);178404;04-Unités urbaines de 100 000 hbts ou plus;2;11;340;-1;De 2 à 5 000 entrées;NON;;C;30;22;22;34,6;39,2;11,3;14,9;4;57,7
525;24 580;259 567;BAUCINE;56,6;45.242757;4.670325;20203;AUVERGNE / RHONE-ALPES;7010;16698;7;7401;Annonay;27378;05-Unités urbaines de 20 000 à 100 000 hbts;4;27;1 481;-0,9;De 20 à 30 000 entrées;D;;C;97;75;44;61,6;15,1;8;15,3;36;61,2
103;1 414;50 440;ASSOCIATION ANOST CINEMA;80;47.068237;4.09482;20311;BOURGOGNE / FRANCHE-COMTE;71009;728;71;0;Zone rurale;14541106;04-Unités urbaines de 100 000 hbts ou plus;1;30;84;-1;Moins de 2000 entrées;NON;;R;48;31;0;66,9;12,8;14,6;5,7;30;75,9
456;34 463;18 019;LA COTENTINE;18,9;43.57983;7.122516;20672;PROVENCE-ALPES-COTE D'AZUR;6004;74875;6;6701;Nice;943354;04-Unités urbaines de 100 000 hbts ou plus;3;31;2 322;0,9;De 30 à 40 000 entrées;C;;B;117;89;63;39,3;52,6;6;2,1;52;13,6
665;85 492;281 868;CENTRE CULTUREL MUNICIPAL D'ANTONY;25,8;48.753029;2.304782;20931;ILE-DE-FRANCE;92002;61711;92;851;Paris;10706072;02-Grande Couronne;4;27;2 990;-0,7;De 80 à 100 000 entrées;C;RDJPPR;B;204;155;89;60,3;28,5;6,1;5,1;143;30,2
432;15 976;9 834;JOUVE MICHELE;27,2;43.875034;5.396362;21532;PROVENCE-ALPES-COTE D'AZUR;84003;11846;84;84302;Apt;15834;06-autres communes et unités urbaines;3;28;1 940;0,6;De 10 à 20 000 entrées;E;RDJPPR;C;142;99;64;54,7;37,2;6,6;1,6;78;29,7
240;5 412;462 714;BAUCINE;25;46.042963;6.631059;21571;AUVERGNE / RHONE-ALPES;74014;1928;74;0;Zone rurale;14541106;04-Unités urbaines de 100 000 hbts ou plus;1;18;217;-1;De 5 à 10 000 entrées;NON;;R;57;45;34;37,5;43;17,3;2,2;13;29,6
519;20 015;3 398;SARL GRAND ECRAN;84;44.660258;-1.168378;22051;NOUVELLE AQUITAINE;33009;10891;33;33501;La Teste-de-Buch - Arcachon;65500;05-Unités urbaines de 20 000 à 100 000 hbts;3;30;1 473;4,9;De 20 à 30 000 entrées;D;RDJP;B;129;70;42;81,8;16;1,4;0,8;74;93,8
2648;177 988;14 994;SOCIETE DES GRANDS ECRANS DU GENEVOIS;35,5;46.1393558;6.124697400000059;22231;AUVERGNE / RHONE-ALPES;74016;2585;74;652;Genève (SUI) - Annemasse (partie française);178404;04-Unités urbaines de 100 000 hbts ou plus;12;31;9 865;10,9;De 150 à 200 000 entrées;NON;;B;235;130;116;56,9;29,7;7,9;5,5;79;36,7
328;12 942;20 721;COMMUNE D ARCUEIL;33,9;48.801352;2.330702;22634;ILE-DE-FRANCE;94003;21516;94;851;Paris;10706072;02-Grande Couronne;2;29;1 089;-0,4;De 10 à 20 000 entrées;C;RDJPPR;B;165;118;1;46,6;41,5;10,6;1,3;125;29,9
781;68 669;251 965;CINEARCUEIL;65,3;48.810228;2.328168;22636;ILE-DE-FRANCE;94003;21516;94;851;Paris;10706072;02-Grande Couronne;6;31;5 780;-0,7;De 50 à 80 000 entrées;NON;;B;98;79;74;52,4;31,8;14,3;1,5;13;79,5
234;6 423;4 580;CINEMAGINAIRE;93,1;42.547269;3.023455;23102;OCCITANIE;66008;10383;66;66401;Saint-Cyprien;53068;05-Unités urbaines de 20 000 à 100 000 hbts;1;29;498;0,4;De 5 à 10 000 entrées;D;;C;116;82;14;21,8;76,3;0;1,9;55;100
288;4 161;27 442;ASSOCIATION LE PARVIS SCENE NATIONALE TARBES PYRENEES;16,1;43.005826;-0.095968;23131;OCCITANIE;65025;2980;65;65204;Argelès-Gazost;6974;06-autres communes et unités urbaines;1;24;224;-0,8;De 2 à 5 000 entrées;E;;C;112;90;24;28;57,3;7,9;6,9;56;8,5
534;18 007;220 944;LES FEUX DE LA RAMPE;36,7;48.745411;-0.019397;23241;NORMANDIE;61006;13769;61;61302;Argentan;15038;06-autres communes et unités urbaines;3;29;1 096;-0,9;De 10 à 20 000 entrées;E;JP;C;100;76;44;70,8;16,2;7,2;5,8;39;38,5
187;3 602;4 234;CENTRE REGIONAL PROMOTION IMAGE LE SENECHAL;19,8;45.091845;1.943901;23262;NOUVELLE AQUITAINE;19010;3084;19;19102;Argentat;3084;06-autres communes et unités urbaines;1;30;207;-0,1;De 2 à 5 000 entrées;E;;I;85;66;0;45,7;46,8;5,9;1,6;35;14,6
128;4 116;81 429;COMMUNAUTE D AGGLOMERATION ARGENTEUIL BEZONS;80,5;48.946909;2.249331;23301;ILE-DE-FRANCE;95018;110388;95;851;Paris;10706072;03-Petite couronne;1;25;399;-0,9;De 2 à 5 000 entrées;C;RDJP;B;77;43;0;79,7;5,3;8,8;6,2;63;88,9
826;23 428;25 808;COMMUNAUTE D AGGLOMERATION ARGENTEUIL BEZONS;13,8;48.943679;2.24855;23323;ILE-DE-FRANCE;95018;110388;95;851;Paris;10706072;03-Petite couronne;3;30;1 948;-0,1;De 20 à 30 000 entrées;C;RDJPPR;B;163;99;29;27,6;60,6;6,2;5,6;92;6,6
159;4 721;20 642;CINEMAS G LAMIC;73,7;44.792274;6.558372;23392;PROVENCE-ALPES-COTE D'AZUR;5006;2307;5;5101;L'Argentière-la-Bessée;2307;06-autres communes et unités urbaines;1;30;389;-0,8;De 2 à 5 000 entrées;E;;I;170;128;3;60,7;21;14,2;4;82;69,5
223;1 342;46 949;ASSOCIATION SAINTE CECILE;20,1;46.983737;-0.446514;23491;NOUVELLE AQUITAINE;79013;3212;79;0;Zone rurale;14541106;04-Unités urbaines de 100 000 hbts ou plus;1;28;178;-1;Moins de 2000 entrées;NON;;R;89;72;5;40,8;48,3;8;2,9;34;21,3
187;9 149;50 439;ASSOCIATION EDEN PALACE;49;46.588805;1.51986;23513;CENTRE-VAL DE LOIRE;36006;4954;36;36203;Argenton-sur-Creuse;8392;06-autres communes et unités urbaines;1;31;374;-0,8;De 5 à 10 000 entrées;E;JPPR;C;97;78;3;60,8;25,8;5,3;8,1;43;58,1
158;2 763;604 549;LES JEUNES D'ARGENTRE;46,9;48.058076;-1.148927;23541;BRETAGNE;35006;4294;35;35126;Argentré-du-Plessis;4294;06-autres communes et unités urbaines;1;20;171;-1;De 2 à 5 000 entrées;E;;I;65;47;1;43,9;36,9;9,4;9,8;24;50,2
126;3 494;2 132;LES AMIS DU CINEMA;65,5;47.558659;2.446881;23561;CENTRE-VAL DE LOIRE;18011;2142;18;18101;Argent-sur-Sauldre;2142;06-autres communes et unités urbaines;1;30;199;0,6;De 2 à 5 000 entrées;NON;;I;68;58;4;66,3;13,8;11,9;7,9;20;70,6
483;15 731;12 306;LE CAPITOLE;56,8;43.674097;4.627703;23933;PROVENCE-ALPES-COTE D'AZUR;13004;52886;13;552;Arles;55766;05-Unités urbaines de 20 000 à 100 000 hbts;3;30;1 835;0,3;De 10 à 20 000 entrées;NON;;C;87;66;56;67,8;18,6;4,9;8,7;10;57,2
231;22 579;15 267;LE CAPITOLE;41,3;43.678479;4.624726;23951;PROVENCE-ALPES-COTE D'AZUR;13004;52886;13;552;Arles;55766;05-Unités urbaines de 20 000 à 100 000 hbts;3;31;2 520;0,5;De 20 à 30 000 entrées;D;RDJPPR;C;149;82;44;61,6;22,5;11,2;4,7;109;43,2
720;54 143;3 304;MLPA;28,8;50.686113;2.894624;24246;HAUTS DE FRANCE;59017;25066;59;59501;Armentières (partie française);78130;05-Unités urbaines de 20 000 à 100 000 hbts;5;31;4 902;15,4;De 50 à 80 000 entrées;D;;C;121;75;69;58,3;41,7;0;0;33;78,2
829;553;149 128;CINAEA;50;48.590692;2.250123;24753;ILE-DE-FRANCE;91021;10481;91;851;Paris;10706072;03-Petite couronne;5;1;115;-1;Moins de 2000 entrées;NON;;B;7;1;1;40,9;50,6;4,1;4,5;0;74,4
679;78 772;5 979;LECA;38,1;50.29185;2.780997;25032;HAUTS DE FRANCE;62041;40721;62;62502;Arras;86845;05-Unités urbaines de 20 000 à 100 000 hbts;6;31;5 753;12,2;De 50 à 80 000 entrées;D;RDJPPR;C;197;137;113;66,5;25,7;5,3;2,5;88;40,6
930;0;358 406;LECA;39,7;50.290037;2.776981;25038;HAUTS DE FRANCE;62041;40721;62;62502;Arras;86845;05-Unités urbaines de 20 000 à 100 000 hbts;1;1;1;-1;Moins de 2000 entrées;NON;;C;1;1;0;70,8;18,1;9,7;1,4;0;64,7
75;422;27 715;ASSOCIATION LE PARVIS SCENE NATIONALE TARBES PYRENEES;52,6;42.955828;-0.213947;25179;OCCITANIE;65032;723;65;65204;Argelès-Gazost;6974;06-autres communes et unités urbaines;1;30;50;-1;Moins de 2000 entrées;NON;;B;47;42;1;61,7;19,6;13,7;5;10;58,7
194;5 714;90 583;UNION ARS SUR MOSELLE;57,1;49.076026;6.07804;25571;GRAND EST;57032;4720;57;57701;Metz;285268;04-Unités urbaines de 100 000 hbts ou plus;1;23;112;-0,9;De 5 à 10 000 entrées;C;;B;42;29;1;59,6;28,8;4,3;7,3;17;61,1
100;8 573;15 338;AGENCE POUR DEVELOPPEMENT ACTIVITES TOURISTIQUES ET CULTURELLES;56,3;48.083036;1.87847;25722;CENTRE-VAL DE LOIRE;45008;1832;45;0;Zone rurale;14541106;04-Unités urbaines de 100 000 hbts ou plus;1;26;447;-0,4;De 5 à 10 000 entrées;E;JPPR;R;51;29;0;64,5;20;9,8;5,8;25;60,4
200;4 171;17 877;UNION SAINT MICHEL;25;43.10327;-0.430803;26132;NOUVELLE AQUITAINE;64062;2206;64;64105;Arudy;3708;06-autres communes et unités urbaines;1;31;339;-0,8;De 2 à 5 000 entrées;E;JP;C;144;113;1;49,2;50,8;0;0;72;4,5
920;6 160;9 406;MONDES ET MULTITUDES;52,1;44.174083;2.607518;26180;OCCITANIE;12011;787;12;0;Zone rurale;14541106;04-Unités urbaines de 100 000 hbts ou plus;1;27;129;-0,3;De 5 à 10 000 entrées;E;JP;R;52;33;0;68,6;20,3;6,3;4,8;22;59,2
246;10 051;3 872;DORMOY SEBIRE AUDREY;21,6;47.546509;-2.910816;26402;BRETAGNE;56005;2095;56;56102;Arzon;2095;06-autres communes et unités urbaines;2;30;1 046;1,6;De 10 à 20 000 entrées;NON;;I;115;87;22;52,4;39,4;6,5;1,8;52;20,2
646;60 803;325 249;ASSOCIATION DE GESTION DES CINEMAS D ASNIERES;52,1;48.906327;2.284046;26662;ILE-DE-FRANCE;92004;86512;92;851;Paris;10706072;02-Grande Couronne;4;31;2 965;-0,8;De 50 à 80 000 entrées;C;JPPR;B;118;88;72;69,5;24;2,4;4,2;62;55,9
175;3 600;10 185;LE CENTRE CULTUREL DES PORTES DE L' ESSONNE;50;48.7102;2.388137;27573;ILE-DE-FRANCE;91027;32792;91;851;Paris;10706072;03-Petite couronne;1;26;278;-0,6;De 2 à 5 000 entrées;C;;B;92;75;0;45,7;30,9;14,2;9,1;49;59,1
579;24 661;250 009;CINEMA NEMO;80;43.293397;5.567708;27833;PROVENCE-ALPES-COTE D'AZUR;13005;45410;13;759;Marseille - Aix-en-Provence;1585498;04-Unités urbaines de 100 000 hbts ou plus;4;23;2 722;-0,9;De 20 à 30 000 entrées;C;;B;98;80;63;60,2;19,5;9,5;10,8;42;82,8
721;3 394;37 336;REYNAUD ROGER ANDRE;15,3;43.292517;5.566079;27834;PROVENCE-ALPES-COTE D'AZUR;13005;45410;13;759;Marseille - Aix-en-Provence;1585498;04-Unités urbaines de 100 000 hbts ou plus;5;30;3 618;-0,9;De 2 à 5 000 entrées;NON;;B;78;63;25;22,5;63,2;11;3,3;28;9,5
169;6 705;39 095;SCENE ET ECRAN;27,5;48.9589;1.855229;28113;ILE-DE-FRANCE;78029;11557;78;851;Paris;10706072;03-Petite couronne;1;30;816;-0,8;De 5 à 10 000 entrées;NON;;B;123;104;2;61,8;27,9;4,5;5,8;51;27,8
127;12 932;10 702;ASSOCIATION CINEMA LE STUDIO;50,8;48.910534;2.384966;28264;ILE-DE-FRANCE;93001;83782;93;851;Paris;10706072;02-Grande Couronne;1;30;619;0,2;De 10 à 20 000 entrées;C;JPPR;B;152;85;7;80,7;11,6;2,9;4,8;106;70,7
2576;191 441;73 590;SOCIETE DES CINEMAS D'AUBIERE;54,1;45.756523;3.143499;28462;AUVERGNE / RHONE-ALPES;63014;10012;63;63701;Clermont-Ferrand;265892;04-Unités urbaines de 100 000 hbts ou plus;14;31;11 699;1,6;De 150 à 200 000 entrées;NON;;B;202;121;109;72,1;16;8,7;3,2;43;67,5
238;3 387;15 005;ASSOCIATION JEUNESSE LOISIRS ET AVENIR;26,8;46.623209;-1.427738;28661;PAYS DE LA LOIRE;85008;6285;85;85108;Aubigny;6285;06-autres communes et unités urbaines;1;26;144;-0,8;De 2 à 5 000 entrées;E;;I;78;53;0;56,4;35;5,8;2,8;29;25,8
163;4 735;10 431;ATOMIC CINEMA;25,8;47.488316;2.43949;28732;CENTRE-VAL DE LOIRE;18015;5539;18;18201;Aubigny-sur-Nère;5539;06-autres communes et unités urbaines;1;30;467;-0,5;De 2 à 5 000 entrées;E;JPPR;I;114;90;0;35,5;48,7;13,7;2,1;53;22,1
379;7 306;23 106;ASSOCIATION CINEMA LE COLBERT;20,9;45.956961;2.170097;28991;NOUVELLE AQUITAINE;23008;3496;23;23102;Aubusson;3496;06-autres communes et unités urbaines;2;30;904;-0,7;De 5 à 10 000 entrées;E;RDJPPR;I;161;131;1;30,2;58,1;9,1;2,6;87;13,4
188;6 700;1 490;ASSOCIATION CINEFOL 31;65,3;43.671301;1.43582;29062;OCCITANIE;31022;8138;31;31701;Toulouse;948433;04-Unités urbaines de 100 000 hbts ou plus;1;30;412;3,5;De 5 à 10 000 entrées;C;JP;B;145;113;0;63,5;24,3;6,5;5,7;84;81,9
835;68 204;19 657;CINE 32;23,8;43.651097;0.594265;29123;OCCITANIE;32013;21943;32;32401;Auch;25276;05-Unités urbaines de 20 000 à 100 000 hbts;5;30;3 140;2,5;De 50 à 80 000 entrées;D;RDJPPR;C;266;162;91;62,8;19,1;18,1;0;172;28,9
514;3 144;4 332;COMMUNE D'AUCHEL;36,9;50.506306;2.472945;29144;HAUTS DE FRANCE;62048;10574;62;752;Béthune;355543;04-Unités urbaines de 100 000 hbts ou plus;1;27;184;-0,3;De 2 à 5 000 entrées;NON;;B;51;40;0;63;23,9;5,8;7,3;13;34,6
516;9 106;12 615;VIGOUROUX YVES;28,4;48.022078;-4.5389;29373;BRETAGNE;29003;3708;29;29213;Plouhinec - Audierne;7719;06-autres communes et unités urbaines;1;31;475;-0,3;De 5 à 10 000 entrées;E;JP;B;104;79;8;58,6;32,4;8,3;0,7;55;29,8
134;531;8 009;MAISON DES JEUNES ET DE LA CULTURE D'AUDUN LE TICHE;51,1;49.470467;5.957243;29563;GRAND EST;57038;6753;57;366;Esch-sur-Alzette (LUX) - Villerupt (partie française);20247;05-Unités urbaines de 20 000 à 100 000 hbts;1;4;13;-0,9;Moins de 2000 entrées;NON;;C;5;0;0;68,1;23;7,8;1;2;48,5
150;4 364;228 152;CINE PARC;49,5;45.71712;3.633074;29741;AUVERGNE / RHONE-ALPES;63016;883;63;0;Zone rurale;14541106;04-Unités urbaines de 100 000 hbts ou plus;1;29;150;-1;De 2 à 5 000 entrées;E;JP;R;32;14;0;55,5;29,3;9,6;5,6;20;55,3
789;11 295;9 494;INSTITUT AULNAYSIEN DE DEVELOPPEMENT CULTUREL;71,1;48.940586;2.496291;30164;ILE-DE-FRANCE;93005;83584;93;851;Paris;10706072;02-Grande Couronne;2;20;486;0,2;De 10 à 20 000 entrées;C;JP;B;133;95;0;67,5;17,5;10,7;4,3;67;73,5
2592;273 569;10 674;UGC CINE CITE;17,2;48.960325;2.473606;30184;ILE-DE-FRANCE;93005;83584;93;851;Paris;10706072;02-Grande Couronne;14;31;13 158;24,6;De 200 à 300 000 entrées;NON;;B;228;104;103;36;55,8;5,5;2,7;73;9,7
181;6 788;11 841;ANCELOT PHILIPPE MARCEL;85,3;49.770863;1.753271;30482;NORMANDIE;76035;2177;76;157;Aumale;2579;06-autres communes et unités urbaines;1;30;460;-0,4;De 5 à 10 000 entrées;NON;;C;47;37;7;50,6;2,8;30,5;16;12;87,8
199;7 575;20 173;ASSOCIATION DU CINEMA PARADISO;48,2;49.020149;-0.629742;30761;NORMANDIE;14027;4740;14;14113;Aunay-sur-Odon;4740;06-autres communes et unités urbaines;1;31;309;-0,6;De 5 à 10 000 entrées;E;JP;C;85;58;1;57;30,2;9,5;3,3;35;46,2
866;61 123;5 830;SARL G K L B;46,5;47.669814;-2.985582;30891;BRETAGNE;56007;13746;56;56401;Auray;28513;05-Unités urbaines de 20 000 à 100 000 hbts;5;29;3 360;9,5;De 50 à 80 000 entrées;D;JP;C;201;115;66;54,7;28,6;11,7;5;97;50,1
1073;67 758;26 993;SOCIETE DES CINEMAS D AURILLAC;68,7;44.92393;2.442797;31236;AUVERGNE / RHONE-ALPES;15014;25875;15;15401;Aurillac;32127;05-Unités urbaines de 20 000 à 100 000 hbts;7;31;6 242;1,5;De 50 à 80 000 entrées;D;RDJP;C;191;127;84;57,3;16,9;11,8;13,9;77;75,4
97;156;10 941;SKI CLUB AURIS EN OISANS;43,5;45.037556;6.081406;31331;AUVERGNE / RHONE-ALPES;38020;201;38;0;Zone rurale;14541106;04-Unités urbaines de 100 000 hbts ou plus;1;4;4;-1;Moins de 2000 entrées;NON;;R;4;3;0;59;24,2;9,7;7;0;42,7
179;7 621;7 390;ASSOCIATION CINEFOL 31;20,6;43.350358;1.474329;31544;OCCITANIE;31033;9417;31;31208;Auterive;9417;06-autres communes et unités urbaines;1;30;490;0;De 5 à 10 000 entrées;E;RDJPPR;I;189;133;3;39,5;53,6;2,9;4;101;23,4
160;6 036;54 624;MC4  DISTRIBUTION;33,3;45.1750733;5.540751;32092;AUVERGNE / RHONE-ALPES;38225;2934;38;0;Zone rurale;14541106;04-Unités urbaines de 100 000 hbts ou plus;1;28;318;-0,9;De 5 à 10 000 entrées;E;;R;148;116;20;55,1;31,2;10,2;3,4;69;38,8
417;25 713;30 950;CINEMA ARLETTY;27,2;46.95158;4.296621;32363;BOURGOGNE / FRANCHE-COMTE;71014;13635;71;71302;Autun;13635;06-autres communes et unités urbaines;4;30;1 885;-0,2;De 20 à 30 000 entrées;E;RDJPPR;I;149;105;39;52,2;40,5;5,4;1,9;75;22,4
1593;98 103;7 181;SOCIETE D EXPLOITATION CINEMATOGRAPHIQUE AUXERROISE;31,3;47.793473;3.56576;32651;BOURGOGNE / FRANCHE-COMTE;89024;34583;89;89402;Auxerre;41853;05-Unités urbaines de 20 000 à 100 000 hbts;8;31;8 263;12,7;De 80 à 100 000 entrées;D;JPPR;C;187;129;101;52,1;36,2;3,2;8,5;78;25,5
192;2 435;455 436;COMMUNE D'AUXONNE;58,8;47.193943;5.404892;32771;BOURGOGNE / FRANCHE-COMTE;21038;7743;21;21206;Auxonne;7743;06-autres communes et unités urbaines;1;22;160;-1;De 2 à 5 000 entrées;NON;;I;46;43;0;44,3;36,3;10,7;8,7;16;69,4
98;15 294;16 296;CINEMA STUDIO 7;42,5;43.543431;1.565026;32941;OCCITANIE;31036;1393;31;31701;Toulouse;948433;04-Unités urbaines de 100 000 hbts ou plus;1;30;569;-0,1;De 10 à 20 000 entrées;C;JPPR;B;167;102;3;66,1;26,4;2,5;5,1;114;36,5
451;15 108;39 369;COMMUNE D'AVALLON;53,1;47.490254;3.909327;33122;BOURGOGNE / FRANCHE-COMTE;89025;6807;89;89203;Avallon;6807;06-autres communes et unités urbaines;2;28;1 041;-0,6;De 10 à 20 000 entrées;E;RDJP;I;120;87;24;64,7;28,3;3,2;3,8;61;44,6
269;1 761;31 039;ASSOCIATION LE SONHIR 3;38,6;50.124842;3.926833;33621;HAUTS DE FRANCE;59036;4663;59;59209;Avesnes-sur-Helpe;8298;06-autres communes et unités urbaines;2;8;145;-0,9;Moins de 2000 entrées;NON;;C;31;18;4;53,9;24,3;12,2;9,6;9;44,5
379;13 278;31 751;CINEVOX;78,5;43.949433;4.806281;33751;PROVENCE-ALPES-COTE D'AZUR;84007;92130;84;754;Avignon;456042;04-Unités urbaines de 100 000 hbts ou plus;2;30;1 680;-0,6;De 10 à 20 000 entrées;NON;;C;86;53;13;59,8;18,8;9,2;12,2;36;79,5
139;9 972;20 804;FELICITE FILMS;67,1;43.947217;4.806805;33772;PROVENCE-ALPES-COTE D'AZUR;84007;92130;84;754;Avignon;456042;04-Unités urbaines de 100 000 hbts ou plus;1;23;487;-0,5;De 5 à 10 000 entrées;B;RDPR;C;133;92;38;65,5;20,4;6,5;7,5;107;70,2
456;84 672;9 281;FELICITE FILMS;47,4;43.951249;4.808538;33791;PROVENCE-ALPES-COTE D'AZUR;84007;92130;84;754;Avignon;456042;04-Unités urbaines de 100 000 hbts ou plus;4;29;3 973;8,1;De 80 à 100 000 entrées;B;RDJPPR;C;248;126;90;60,9;25,1;7,3;6,6;202;59,2
2604;155 449;21 841;PATHE AVIGNON;14,3;43.929048;4.837198;33801;PROVENCE-ALPES-COTE D'AZUR;84007;92130;84;754;Avignon;456042;04-Unités urbaines de 100 000 hbts ou plus;14;31;12 546;6,1;De 150 à 200 000 entrées;NON;;C;217;135;123;61,3;28,6;7,9;2,2;59;26,5
193;5 332;4 206;ASSOCIATION GESTION CINEMA FAMILIA;51,1;50.408702;2.824662;33912;HAUTS DE FRANCE;62065;18245;62;756;Douai - Lens;504537;04-Unités urbaines de 100 000 hbts ou plus;1;31;233;0,3;De 5 à 10 000 entrées;NON;;B;37;22;1;67;20,3;8,5;4,2;18;57,7
617;22 807;42 030;CINE PINEL;74;48.684271;-1.35894;34182;NORMANDIE;50025;7766;50;50301;Avranches;15372;06-autres communes et unités urbaines;3;31;1 188;-0,5;De 20 à 30 000 entrées;E;;C;96;70;46;54,1;19,5;17;9,3;34;70,8
336;2 343;24 644;SOCIETE DU CASINO D'AX LES THERMES;50,7;42.72135;1.838852;34482;OCCITANIE;9032;1231;9;0;Zone rurale;14541106;04-Unités urbaines de 100 000 hbts ou plus;1;24;110;-0,9;De 2 à 5 000 entrées;E;;R;79;59;0;63,1;20;5,8;11,1;41;58,8
245;1 981;153 399;ASSOCIATION D' EDUCATION POPULAIRE ET SOCIALE;30,5;48.447747;6.736992;35272;GRAND EST;54039;4540;54;54201;Baccarat;5075;06-autres communes et unités urbaines;1;24;42;-1;Moins de 2000 entrées;NON;;C;29;20;0;52,6;27,5;5,8;14,1;5;45,2
132;5 162;27 257;ASSOCIATION LE PARVIS SCENE NATIONALE TARBES PYRENEES;40;43.062858;0.15111;35861;OCCITANIE;65059;7571;65;65301;Bagnères-de-Bigorre;12857;06-autres communes et unités urbaines;1;31;328;-0,8;De 5 à 10 000 entrées;E;;C;136;109;29;43,1;40,6;7,3;9;71;59,2
378;17 895;6 809;CINEMAS REX;43,1;42.788987;0.591188;35872;OCCITANIE;31042;2384;31;31113;Bagnères-de-Luchon;3934;06-autres communes et unités urbaines;2;29;1 333;1,6;De 10 à 20 000 entrées;E;RDJP;C;81;64;31;51,8;31,6;12,2;4,3;39;42,8
418;4 348;9 030;COMMUNE DE BAGNEUX;16,1;48.804045;2.321692;35953;ILE-DE-FRANCE;92007;39487;92;851;Paris;10706072;02-Grande Couronne;1;15;67;-0,5;De 2 à 5 000 entrées;NON;;B;30;12;2;35;43,4;13,5;8;15;9,8
288;14 047;9 586;ASSOCIATION BAGNOLETAISE DU CINEMA;19,7;48.869237;2.417029;36013;ILE-DE-FRANCE;93006;35881;93;851;Paris;10706072;02-Grande Couronne;2;27;1 003;0,5;De 10 à 20 000 entrées;C;RDJPPR;B;141;87;4;42,7;52,9;3,9;0,4;111;22
346;8 065;470 196;SOGECOM - CASINO DE BAGNOLES DE L  ORNE;53,3;48.557714;-0.418487;36071;NORMANDIE;61483;2697;61;61105;Bagnoles-de-l'Orne;3084;06-autres communes et unités urbaines;1;30;507;-1;De 5 à 10 000 entrées;E;JP;C;92;78;6;62,5;26,2;6,8;4,5;25;55,7
678;20 843;34 864;SOCIETE D EXPLOITATION DES CINEMAS CONSTANT;45,1;44.16605;4.620681;36122;OCCITANIE;30028;18203;30;30401;Bagnols-sur-Cèze;22289;05-Unités urbaines de 20 000 à 100 000 hbts;4;21;1 211;-0,4;De 20 à 30 000 entrées;NON;;C;63;48;33;47,6;42,4;6,8;3,2;15;57,3
200;10 305;916 112;CINE PLAN;37,4;43.662182;4.013467;36282;OCCITANIE;34022;7105;34;34212;Baillargues;9958;06-autres communes et unités urbaines;1;25;194;-1;De 10 à 20 000 entrées;NON;;C;34;18;0;52,7;35,7;9,3;2,3;16;35,2
145;6 202;22 303;OFFICE MUNICIPAL DE LA JEUNESSE ET DE LA CULTURE EDUCATION PERMA;70;50.740146;2.736651;36352;HAUTS DE FRANCE;59043;14337;59;59501;Armentières (partie française);78130;05-Unités urbaines de 20 000 à 100 000 hbts;1;29;409;-0,7;De 5 à 10 000 entrées;D;JP;C;86;63;1;59,7;24,5;8,7;7,1;44;66,5
294;7 246;6 463;CINE SPECTACLES DE BAIN DE BRETAGNE;23,6;47.845691;-1.687075;36602;BRETAGNE;35012;7335;35;35212;Bain-de-Bretagne;7335;06-autres communes et unités urbaines;2;29;304;0,1;De 5 à 10 000 entrées;E;JP;I;114;85;3;41,2;47,8;8,5;2,5;44;17,6
97;61;340 664;CENTRE REGIONAL AUDIO VISUEL LORRAINE;65,4;48.003606;6.264555;36672;GRAND EST;88029;1700;88;0;Zone rurale;14541106;04-Unités urbaines de 100 000 hbts ou plus;1;1;1;-1;Moins de 2000 entrées;NON;;R;1;1;0;51,1;29,7;10,6;8,6;0;65,6
189;4 258;754;CINEMA CONFLUENCES MENNECY;41,5;48.528643;2.388787;37350;ILE-DE-FRANCE;91045;7538;91;91402;Ballancourt-sur-Essonne;35283;03-Petite couronne;1;19;210;4,6;De 2 à 5 000 entrées;NON;;C;47;38;30;49,2;24,2;16,1;10,4;12;38,6
275;3 874;2 342;CAMERA CINEMA;45,8;43.137499;5.752051;37881;PROVENCE-ALPES-COTE D'AZUR;83009;8122;83;757;Toulon;569793;04-Unités urbaines de 100 000 hbts ou plus;1;26;266;0,7;De 2 à 5 000 entrées;NON;;B;46;33;3;58,1;36,1;3,5;2,3;15;80
164;1 652;10 681;LES LUMIERES DE LA VILLE;65,9;44.277667;2.43172;38501;OCCITANIE;12056;3141;12;12101;Baraqueville;3141;06-autres communes et unités urbaines;1;25;306;-0,8;Moins de 2000 entrées;E;JP;I;88;80;0;55,2;17,2;19,2;8,4;37;67,1
90;714;28 415;ASSOCIATION PROMOTION ACTIVITE CULTURELLE AUDIOVISUELLE MARMANDE;26,1;44.169886;0.285632;38592;NOUVELLE AQUITAINE;47021;1495;47;47301;Nérac;11723;06-autres communes et unités urbaines;1;26;29;-1;Moins de 2000 entrées;NON;;B;26;22;0;55,6;21,2;11,7;11,5;5;38,7
239;12 146;20 454;LES BONIMENTEURS;43,7;45.471503;-0.152462;38772;NOUVELLE AQUITAINE;16028;4687;16;16107;Barbezieux-Saint-Hilaire;4687;06-autres communes et unités urbaines;2;31;819;-0,4;De 10 à 20 000 entrées;E;RDJP;I;149;97;17;42;42,9;10,4;4,7;69;37,1
260;7 868;45 458;CINE ESPACE EVASION;75,2;44.387012;6.653653;38931;PROVENCE-ALPES-COTE D'AZUR;4019;2622;4;4106;Barcelonnette;3269;06-autres communes et unités urbaines;2;24;728;-0,8;De 5 à 10 000 entrées;E;RDJPPR;C;101;69;10;59,8;23,6;10,6;6;52;80,7
136;1 331;51 690;ASSOCIATION LE PARVIS SCENE NATIONALE TARBES PYRENEES;32,3;42.8964384;0.06247450000000754;39131;OCCITANIE;65481;176;65;0;Zone rurale;14541106;04-Unités urbaines de 100 000 hbts ou plus;1;27;85;-1;Moins de 2000 entrées;NON;;R;65;56;4;64,6;20,4;11,6;3,4;15;38,8
345;4 576;1 575;COMMUNE DE BARENTIN;41,1;49.544612;0.95126;39174;NORMANDIE;76057;12249;76;76401;Barentin;20372;05-Unités urbaines de 20 000 à 100 000 hbts;1;24;69;1,9;De 2 à 5 000 entrées;NON;;C;54;34;0;57,8;30,7;7,6;3,9;19;44,9
90;4 314;29 468;COMMUNE DE BARJAC;44,3;44.307917;4.346467;39428;OCCITANIE;30029;1576;30;0;Zone rurale;14541106;04-Unités urbaines de 100 000 hbts ou plus;1;31;205;-0,9;De 2 à 5 000 entrées;E;;R;145;95;2;63,6;25,7;5,9;4,8;95;51,1
131;285;336 548;POLYMAGES;27,1;43.558187;6.006581;39442;PROVENCE-ALPES-COTE D'AZUR;83012;3051;83;83109;Barjols;3051;06-autres communes et unités urbaines;1;2;20;-1;Moins de 2000 entrées;NON;;I;7;0;0;61,1;30,8;6;2,2;5;31,2
617;30 421;226 341;LES OISEAUX;34,5;48.775088;5.160512;39474;GRAND EST;55029;15548;55;55301;Bar-le-Duc;18845;06-autres communes et unités urbaines;5;31;3 360;-0,9;De 30 à 40 000 entrées;E;JP;C;129;101;79;76,5;14;1,1;8,3;46;40,4
270;8 349;11 965;CHAMPALAUNE BRUNO MAURICE GERARD;18,8;49.380918;-1.77881;39662;NORMANDIE;50031;2218;50;0;Zone rurale;14541106;04-Unités urbaines de 100 000 hbts ou plus;1;29;345;-0,3;De 5 à 10 000 entrées;E;;R;71;57;15;49,6;43,8;6,1;0,6;28;16,5
439;5 510;539 333;IMPACT CINE VIDEO;31,5;48.230581;4.709869;40293;GRAND EST;10033;4978;10;10201;Bar-sur-Aube;5216;06-autres communes et unités urbaines;2;16;516;-1;De 5 à 10 000 entrées;E;RDJPPR;C;83;41;3;50,3;32,8;11,9;5;53;39,8
1890;215 259;58 130;CINE POLE SUD;77,5;47.215304;-1.465696;40708;PAYS DE LA LOIRE;44009;8698;44;44701;Nantes;633690;04-Unités urbaines de 100 000 hbts ou plus;10;31;10 283;2,7;De 200 à 300 000 entrées;NON;;B;116;96;91;50,5;37,7;6,8;5;21;85,4
344;16 324;9 043;STUDIO CINEMA;21,1;42.695783;9.447861;41134;CORSE;2B033;44355;2B;2B501;Bastia;67699;05-Unités urbaines de 20 000 à 100 000 hbts;2;30;1 475;0,8;De 10 à 20 000 entrées;D;JPPR;C;129;76;41;47;48,4;4,5;0,2;62;18
299;23 681;139;SOCIETE INSULAIRE CINEMATOGRAPHIQUE LE REGENT;33,8;42.697652;9.448441;41142;CORSE;2B033;44355;2B;2B501;Bastia;67699;05-Unités urbaines de 20 000 à 100 000 hbts;3;31;1 763;169,4;De 20 à 30 000 entrées;NON;;C;96;66;57;33,4;49,5;12,6;4,4;27;26,4
255;6 123;13 806;LES ENFANTS DE LA CLARTE;25,4;47.877156;-3.017589;41781;BRETAGNE;56010;6230;56;56204;Baud;6230;06-autres communes et unités urbaines;1;16;283;-0,6;De 5 à 10 000 entrées;E;JP;I;73;46;4;55;35,3;5,5;4,1;28;29,6
203;3 277;3 876;ASSOCIATION SAINT LAURENT;54,8;47.542333;-0.107495;42011;PAYS DE LA LOIRE;49018;11862;49;49201;Baugé;11862;06-autres communes et unités urbaines;1;31;147;-0,2;De 2 à 5 000 entrées;NON;;I;115;87;1;59,7;22,2;12,6;5,6;55;61
804;39 333;15 673;SAEM LOCALE GULF STREAM;57,6;47.283747;-2.391924;42075;PAYS DE LA LOIRE;44055;15611;44;44601;Saint-Nazaire;152164;04-Unités urbaines de 100 000 hbts ou plus;5;31;4 335;1,5;De 30 à 40 000 entrées;NON;;B;115;93;78;68,5;14,2;14,3;3;34;66,5
194;5 863;125 947;AEP LE FOYER BAUMOIS STELLA CINEMA;21,2;47.353131;6.359659;42201;BOURGOGNE / FRANCHE-COMTE;25047;5241;25;25201;Baume-les-Dames;5241;06-autres communes et unités urbaines;2;26;473;-1;De 5 à 10 000 entrées;NON;;I;141;118;1;44,2;44,5;6;5,3;58;22,3
444;23 595;114 934;SOCIETE DU CINEMA LE MELIES;60,2;49.278064;-0.70355;42621;NORMANDIE;14047;13656;14;14303;Bayeux;18093;06-autres communes et unités urbaines;3;31;1 306;-0,8;De 20 à 30 000 entrées;E;JP;C;78;54;37;62,4;21;5,8;10,8;27;57,6
400;57 794;2 843;CINEMA L'ATALANTE;21,6;43.495508;-1.471382;42717;NOUVELLE AQUITAINE;64102;49207;64;751;Bayonne (partie française);236730;04-Unités urbaines de 100 000 hbts ou plus;3;31;2 375;19,3;De 50 à 80 000 entrées;C;RDJPPR;C;166;105;74;31,1;59,2;6,6;3;137;12,8
154;6 431;19 085;BAZAS CULTURE CINEMA;60,9;44.432356;-0.21416;42841;NOUVELLE AQUITAINE;33036;4734;33;33122;Bazas;4734;06-autres communes et unités urbaines;1;30;413;-0,7;De 5 à 10 000 entrées;E;JPPR;I;153;110;2;59,7;30,7;8,2;1,4;90;68
80;2 855;21 877;OFFICE DE TOURISME D'ARECHES BEAUFORT;42,3;45.717264;6.575641;44005;AUVERGNE / RHONE-ALPES;73034;2088;73;73106;Beaufort;3611;06-autres communes et unités urbaines;1;22;165;-0,9;De 2 à 5 000 entrées;NON;;C;62;45;3;59,5;28,4;11,7;0,4;23;46,7
144;2 817;16 774;GRAND ECRAN;12,8;47.440442;-0.217892;44042;PAYS DE LA LOIRE;49021;7104;49;49204;Beaufort-en-Vallée;7104;06-autres communes et unités urbaines;1;24;194;-0,8;De 2 à 5 000 entrées;E;;C;126;103;0;42,5;49,2;5,8;2,4;67;8,3
200;7 939;5 227;COMMUNE DE BEAUGENCY;19,5;47.777284;1.628684;44131;CENTRE-VAL DE LOIRE;45028;7475;45;45207;Beaugency;8818;06-autres communes et unités urbaines;1;25;260;0,5;De 5 à 10 000 entrées;E;JPPR;C;99;64;3;54,2;40,1;4,6;1,1;52;21
0;2 029;24 726;VILLERMAUX CYRILLE JOSEPH GERARD;32,8;44.368236;4.268552;44239;AUVERGNE / RHONE-ALPES;7028;487;7;0;Zone rurale;14541106;04-Unités urbaines de 100 000 hbts ou plus;1;8;18;-0,9;De 2 à 5 000 entrées;NON;;R;10;8;0;57,4;29,4;4,6;8,6;2;39
120;7 866;3 064;GRAND CASINO DE BEAULIEU;70,2;43.705177;7.329524;44502;PROVENCE-ALPES-COTE D'AZUR;6011;3726;6;6701;Nice;943354;04-Unités urbaines de 100 000 hbts ou plus;1;30;471;1,6;De 5 à 10 000 entrées;C;;B;149;116;10;60,5;23,3;7,8;8,4;81;70
212;3 146;9 530;COMMUNE DE BEAUMONT DE LOMAGNE;55,5;43.880921;0.98659;44892;OCCITANIE;82013;3744;82;82103;Beaumont-de-Lomagne;3744;06-autres communes et unités urbaines;1;30;161;-0,7;De 2 à 5 000 entrées;E;;I;112;89;0;62,7;24,4;8;4,9;39;58,9
353;6 642;10 647;COMMUNE DE BEAUMONT SUR OISE;23,7;49.141412;2.283076;45132;ILE-DE-FRANCE;95052;9699;95;459;Persan - Beaumont-sur-Oise;37357;03-Petite couronne;1;26;454;-0,4;De 5 à 10 000 entrées;D;JPPR;C;120;87;0;25,9;56,8;11,4;5,8;58;18,8
898;39 414;43 434;CAP  CINEMA BEAUNE;38,6;47.026717;4.841456;45266;BOURGOGNE / FRANCHE-COMTE;21054;21661;21;21401;Beaune;21661;05-Unités urbaines de 20 000 à 100 000 hbts;6;31;4 757;-0,1;De 30 à 40 000 entrées;D;RDJP;I;129;94;64;73,1;16,7;5,1;5,1;51;46,8
160;4 752;59 859;FAMILLES RURALES FEDERATION REGIONALE DES PAYS DE LA LOIRE;38;47.20201;-0.995912;45372;PAYS DE LA LOIRE;49023;22965;49;49206;Beaupréau;22965;05-Unités urbaines de 20 000 à 100 000 hbts;1;29;180;-0,9;De 2 à 5 000 entrées;D;;I;98;66;0;56,9;30;11;2,1;49;39,9
211;19 280;21 417;CINE LIGUE HAUTS DE FRANCE;24,6;50.427424;1.879935;45471;HAUTS DE FRANCE;62100;2083;62;62111;Beaurainville;3279;06-autres communes et unités urbaines;1;29;341;-0,1;De 10 à 20 000 entrées;E;JP;C;89;42;2;52,5;39,5;5,4;2,5;51;23
374;20 095;7 993;CLEMENCON BERNADETTE EPOUSE BRACOUD;56,1;45.338891;5.057286;45602;AUVERGNE / RHONE-ALPES;38034;4891;38;38202;Beaurepaire;5853;06-autres communes et unités urbaines;2;30;1 057;1,5;De 20 à 30 000 entrées;E;RDJP;C;167;132;18;57,6;22,2;14,1;6,1;66;60,9
205;5 332;8 511;ASSOCIATION CULTURELLE ARGENTINE;51,2;49.437982;2.099627;45876;HAUTS DE FRANCE;60057;54881;60;60501;Beauvais;58742;05-Unités urbaines de 20 000 à 100 000 hbts;1;30;352;-0,4;De 5 à 10 000 entrées;D;JPPR;C;93;43;1;56;22,2;11,1;10,7;64;60,8
2108;126 576;195 279;BEAUVAIS CINEMA COMMUNICATION;71,9;49.426913;2.091861;45877;HAUTS DE FRANCE;60057;54881;60;60501;Beauvais;58742;05-Unités urbaines de 20 000 à 100 000 hbts;12;31;11 613;-0,4;De 100 à 150 000 entrées;D;RDJPPR;C;241;167;147;48;23,1;21,9;7,1;100;72,7
402;14 733;14 244;CINE2MA;7,3;43.611508;3.171558;46613;OCCITANIE;34028;5966;34;34302;Bédarieux;13279;06-autres communes et unités urbaines;3;30;1 879;0;De 10 à 20 000 entrées;NON;;C;219;175;57;18,8;58,7;7,1;15,4;103;3,7
374;12 762;7 261;FLIP BOOK;40,5;44.813225;-0.563936;46862;NOUVELLE AQUITAINE;33039;27197;33;33701;Bordeaux;904359;04-Unités urbaines de 100 000 hbts ou plus;2;31;1 372;0,8;De 10 à 20 000 entrées;C;JP;B;77;31;9;67,7;22,1;2,7;7,5;38;52,3
2973;153 048;2 698;PATHE BELFORT;0;47.63059;6.861946;47476;BOURGOGNE / FRANCHE-COMTE;90010;49519;90;555;Belfort;81651;05-Unités urbaines de 20 000 à 100 000 hbts;14;31;11 642;55,7;De 150 à 200 000 entrées;D;RDJPPR;C;288;182;156;0;100;0;0;122;0
292;3 457;25 236;ASSOCIATION LOISIRS ET CULTURE;38,4;46.122277;1.045319;47645;NOUVELLE AQUITAINE;87011;4107;87;87202;Bellac;5191;06-autres communes et unités urbaines;1;29;420;-0,9;De 2 à 5 000 entrées;E;JP;C;124;91;1;43,9;45,6;8,1;2,3;58;44,1
390;12 693;5 668;COMMUNE DE BELLEGARDE SUR VALSERINE;76,6;46.107207;5.825389;47950;AUVERGNE / RHONE-ALPES;1033;11809;1;357;Bellegarde-sur-Valserine;12642;06-autres communes et unités urbaines;2;29;766;1,2;De 10 à 20 000 entrées;E;;C;83;64;22;57,1;21,8;12;9,1;34;84,2
247;2 860;4 580;DAVOINE ET COMPAGNIE;62,6;45.57230759999999;6.741789599999947;48241;AUVERGNE / RHONE-ALPES;73150;3685;73;73201;Aime;8119;06-autres communes et unités urbaines;1;20;191;-0,4;De 2 à 5 000 entrées;NON;;B;97;79;14;67,6;17,8;7,7;7;38;62,1
299;27 477;135 934;ASSOCIATION IDEAL CINEMA;37,1;46.10617;4.748173;48422;AUVERGNE / RHONE-ALPES;69019;8293;69;451;Belleville;23718;05-Unités urbaines de 20 000 à 100 000 hbts;2;31;1 417;-0,8;De 20 à 30 000 entrées;D;RDJP;C;203;161;42;42;43,1;11,7;3,3;117;37,1
434;17 239;22 361;CINE L'ARLEQUIN;71,8;45.759249;5.690752;48503;AUVERGNE / RHONE-ALPES;1034;9058;1;1205;Belley;10229;06-autres communes et unités urbaines;3;31;1 487;-0,2;De 10 à 20 000 entrées;E;;C;160;127;61;62,7;22,7;9;5,6;68;69,8
171;4 120;123 926;COMMUNAUTE DE COMMUNES BENFELD ET ENVIRONS;72;48.369448;7.595426;49522;GRAND EST;67028;5724;67;67210;Benfeld;8426;06-autres communes et unités urbaines;1;27;468;-1;De 2 à 5 000 entrées;E;JP;C;107;90;5;60,2;20,2;11,5;8,2;49;72,2
326;12 708;118 142;LES TOILES DE MER;64,2;47.874121;-4.110036;49632;BRETAGNE;29006;3505;29;29402;Fouesnant;23955;05-Unités urbaines de 20 000 à 100 000 hbts;2;26;1 071;-0,9;De 10 à 20 000 entrées;D;;B;117;100;54;57,2;27,2;9,6;6;50;61,6
566;49 725;8 109;CINOS;26,3;50.408345;1.593105;50033;HAUTS DE FRANCE;62108;14509;62;62401;Berck;44863;05-Unités urbaines de 20 000 à 100 000 hbts;3;30;2 585;5,1;De 40 à 50 000 entrées;D;JP;C;197;132;65;57,3;29,7;6,7;6,3;86;31,9
1082;46 537;807 718;SOBAMA;17,1;44.853174;0.486443;50151;NOUVELLE AQUITAINE;24037;27419;24;553;Bergerac;64508;05-Unités urbaines de 20 000 à 100 000 hbts;9;30;5 085;-0,9;De 40 à 50 000 entrées;D;;C;226;147;97;27,6;61,4;8,1;3;120;10,3
268;8 199;776 350;SOCIETE NORMANDE D EXPLOITATION INDUSTRIELLE ET COMMERCIALE;21,9;49.090933;0.602729;50833;NORMANDIE;27056;10432;27;27301;Bernay;11804;06-autres communes et unités urbaines;1;28;396;-1;De 5 à 10 000 entrées;E;;C;108;66;10;30,7;56,4;8,9;4,1;46;11,4
218;4 390;1 169;AVENIR BERNERIE CINEMA;42,8;47.079739;-2.03865;50901;PAYS DE LA LOIRE;44012;2834;44;44304;Pornic;19312;06-autres communes et unités urbaines;1;29;128;2,8;De 2 à 5 000 entrées;NON;;B;70;58;4;52,3;19;15,3;13,4;23;57,7
196;11 046;8 717;ASS FORUM DES JEUNES ET DE LA CULTURE;48;43.476136;5.167368;51261;PROVENCE-ALPES-COTE D'AZUR;13014;13477;13;759;Marseille - Aix-en-Provence;1585498;04-Unités urbaines de 100 000 hbts ou plus;1;26;614;0,3;De 10 à 20 000 entrées;C;JPPR;B;134;101;12;46,1;34,9;8,8;10,1;73;49,6
337;35 703;15 081;SAUCIER COLARD CHARLOTTE;11,1;47.240015;6.025346;52141;BOURGOGNE / FRANCHE-COMTE;25056;116676;25;25602;Besançon;135448;04-Unités urbaines de 100 000 hbts ou plus;3;31;2 802;1,4;De 30 à 40 000 entrées;B;RDJPPR;C;143;85;72;21,5;67,5;8,6;2,4;118;6,6
426;11 900;62 195;ASSOCIATION ESPACE BESANCON PLANOISE;48,3;47.21818;5.973484;52162;BOURGOGNE / FRANCHE-COMTE;25056;116676;25;25602;Besançon;135448;04-Unités urbaines de 100 000 hbts ou plus;1;24;203;-0,8;De 10 à 20 000 entrées;B;PR;C;63;9;2;66,9;15,8;11,2;6,1;58;57
1330;72 087;14 564;MEGARAMA BEAUX ARTS;16,5;47.240272;6.023995;52174;BOURGOGNE / FRANCHE-COMTE;25056;116676;25;25602;Besançon;135448;04-Unités urbaines de 100 000 hbts ou plus;8;31;7 466;3,9;De 50 à 80 000 entrées;NON;;C;147;118;111;49,1;44,8;3,8;2,3;58;12,9
0;2 982;12 962;BOULARAND CHRISTIAN MICHEL;30,2;45.512152;2.93212;52532;AUVERGNE / RHONE-ALPES;63038;1502;63;0;Zone rurale;14541106;04-Unités urbaines de 100 000 hbts ou plus;1;24;264;-0,8;De 2 à 5 000 entrées;NON;;R;90;76;0;73,2;9,5;3,2;14,1;49;47,1
84;2 784;7 940;CINEMA LE MARILYN;71,4;43.349529;6.177013;52619;PROVENCE-ALPES-COTE D'AZUR;83018;3049;83;83206;Carnoules;10421;06-autres communes et unités urbaines;1;25;218;-0,6;De 2 à 5 000 entrées;NON;;C;59;45;0;60,4;24,1;10,7;4,8;14;68,5
1483;37 711;6 126;ETOILE CINEMAS DEVELOPPEMENT;19,2;50.521692;2.641202;53122;HAUTS DE FRANCE;62119;24995;62;752;Béthune;355543;04-Unités urbaines de 100 000 hbts ou plus;9;21;4 809;5,2;De 30 à 40 000 entrées;NON;;C;141;91;62;41,3;49,8;6,2;2,6;40;12,8
183;7 492;164 035;EVEIL TRISKEL;59,3;48.183726;-1.649328;53461;BRETAGNE;35024;10879;35;35301;Betton;13005;06-autres communes et unités urbaines;1;22;177;-1;De 5 à 10 000 entrées;E;;C;84;60;1;51,3;38,4;7,3;3;39;68,3
292;3 950;7 881;SYNDICAT INTERCOMMUNAL DE GESTION DES ACTIVITES DU CENTRE CULTUR;18,6;48.855732;1.875104;54292;ILE-DE-FRANCE;78062;7552;78;78205;Beynes;8069;03-Petite couronne;1;22;193;-0,5;De 2 à 5 000 entrées;NON;;C;71;57;0;35,7;44,9;11,6;7,8;26;22,5
1462;85 452;20 950;MULTICINES PYRENEES SARL;43,5;43.342559;3.212618;54604;OCCITANIE;34032;75999;34;34501;Béziers;90841;05-Unités urbaines de 20 000 à 100 000 hbts;9;31;8 427;3,1;De 80 à 100 000 entrées;D;;C;163;124;115;63,9;25,9;5,9;4,3;55;61,2
598;9 537;1 012;THEATRE PAUL ELUARD;33,3;48.931156;2.207081;54692;ILE-DE-FRANCE;95063;28674;95;851;Paris;10706072;03-Petite couronne;2;30;743;8,4;De 5 à 10 000 entrées;C;JP;B;125;101;6;57,7;29,5;8,4;4,5;57;37,4
458;32 177;19 764;ROYAL CINEMA DE BIARRITZ;55,4;43.481231;-1.559098;54891;NOUVELLE AQUITAINE;64122;24457;64;751;Bayonne (partie française);236730;04-Unités urbaines de 100 000 hbts ou plus;3;30;2 252;0,6;De 30 à 40 000 entrées;C;RDJPPR;C;158;102;57;60,1;25,1;10,9;3,9;117;53,8
186;7 324;106 655;ASSOCIATION MAISON DES JEUNES ET DE LA CULTURE BRETENOUX;33,6;44.92068;1.841345;54931;OCCITANIE;46029;2082;46;46104;Biars-sur-Cère;4524;06-autres communes et unités urbaines;1;31;388;-0,9;De 5 à 10 000 entrées;E;JP;C;139;94;1;48,9;37,4;11,6;2;86;39,4
298;2 208;16 941;ARTS ET TECHNIQUES;86,3;44.637692;-0.974856;55532;NOUVELLE AQUITAINE;33051;10258;33;33304;Biganos;17668;06-autres communes et unités urbaines;1;23;155;-0,9;De 2 à 5 000 entrées;E;;C;93;75;1;46,1;21,4;18,2;14,3;44;85,9
536;30 487;48 869;MANDEAU MICHEL PIERRE;59,6;44.39654;-1.166475;56475;NOUVELLE AQUITAINE;40046;14336;40;40302;Biscarrosse;14336;06-autres communes et unités urbaines;4;31;2 693;-0,4;De 30 à 40 000 entrées;E;RDJPPR;I;210;132;63;54,9;24;11,8;9,3;106;73,2
214;2 352;21 260;ASS GESTION MAISON DES ASSOCIATIONS ET CULTURE DE BISCHWILLER;53;48.766357;7.85143;56558;GRAND EST;67046;12579;67;67501;Haguenau;59194;05-Unités urbaines de 20 000 à 100 000 hbts;1;26;68;-0,9;De 2 à 5 000 entrées;NON;;B;55;40;0;51,3;30,4;12,4;6;42;49,9
2857;203 672;52 190;BLAMOND;52,5;43.643857;1.370839;57141;OCCITANIE;31069;23759;31;31701;Toulouse;948433;04-Unités urbaines de 100 000 hbts ou plus;15;31;15 041;2,9;De 200 à 300 000 entrées;NON;;B;165;115;113;68,8;16,9;5;9,4;33;60,9
213;12 144;38 664;COMMUNE DE BLAGNAC;47,3;43.636005;1.384463;57172;OCCITANIE;31069;23759;31;31701;Toulouse;948433;04-Unités urbaines de 100 000 hbts ou plus;1;26;413;-0,7;De 10 à 20 000 entrées;C;JP;B;154;100;1;75,2;23,6;1,3;0;97;47,4
285;10 649;5 947;ASSOCIATION  CINEMA SAINT LAURENT;23,8;47.476369;-1.763766;57221;PAYS DE LA LOIRE;44015;9638;44;44213;Blain;9638;06-autres communes et unités urbaines;1;30;343;0,8;De 10 à 20 000 entrées;E;;I;102;82;11;55,3;37,3;4;3,4;32;25,3
600;4 607;144 257;CENTRE REGIONAL AUDIO VISUEL LORRAINE;44,2;48.564457;6.411473;57303;GRAND EST;54076;3955;54;54205;Blainville-sur-l'Eau;7125;06-autres communes et unités urbaines;1;23;112;-1;De 2 à 5 000 entrées;E;JP;C;51;30;1;66;23,1;4,9;6;20;49,8
274;2 030;320 862;ASSOCIATION BON ACCUEIL CINEMA;50;48.589226;6.84543;57451;GRAND EST;54077;1091;54;0;Zone rurale;14541106;04-Unités urbaines de 100 000 hbts ou plus;1;23;62;-1;De 2 à 5 000 entrées;NON;;R;54;42;0;66,2;33,8;0;0;14;100
253;9 599;53 911;GIRAUDET COSSET ANNIE;54,9;46.631877;1.067624;57473;CENTRE-VAL DE LOIRE;36018;6572;36;36201;Le Blanc;6572;06-autres communes et unités urbaines;2;26;619;-0,8;De 5 à 10 000 entrées;E;RDJPPR;I;91;73;8;53,8;27,3;10,8;8,1;43;57,4
447;23 861;155 555;COMMUNE DE BLANC MESNIL;41,9;48.941761;2.457313;57582;ILE-DE-FRANCE;93007;55297;93;851;Paris;10706072;02-Grande Couronne;3;31;1 705;-0,8;De 20 à 30 000 entrées;C;JPPR;B;139;101;25;53,5;33;10,2;3,3;63;38,3
339;12 701;41 547;ETABLISSEMENT LOCAL ACTION CULTURELLES LES COLONNES;45;44.910625;-0.633757;57821;NOUVELLE AQUITAINE;33056;15425;33;33701;Bordeaux;904359;04-Unités urbaines de 100 000 hbts ou plus;2;31;1 371;-0,7;De 10 à 20 000 entrées;C;JPPR;B;161;115;10;63,1;26;5,5;5,4;92;43,7
114;777;24 134;LES BONIMENTEURS;43,9;45.46093;0.034513;57851;NOUVELLE AQUITAINE;16046;931;16;0;Zone rurale;14541106;04-Unités urbaines de 100 000 hbts ou plus;1;20;57;-1;Moins de 2000 entrées;NON;;R;50;35;0;64,3;26;6,2;3,6;18;42,1
150;7 376;2 032;ASSOCIATION CINEVASION;18,2;47.9228694;6.6550746000000345;58121;AUVERGNE / RHONE-ALPES;43165;1536;43;0;Zone rurale;14541106;04-Unités urbaines de 100 000 hbts ou plus;1;30;465;2,6;De 5 à 10 000 entrées;E;JP;R;66;44;0;26,4;59,9;7,5;6,2;28;10,5
408;16 387;94 829;SOCIETE DE DEVELOPPEMENT DU CINEMA EN GIRONDE;16,8;45.12999;-0.661334;58143;NOUVELLE AQUITAINE;33058;4813;33;33301;Blaye;10376;06-autres communes et unités urbaines;2;31;1 278;-0,8;De 10 à 20 000 entrées;E;RDJPPR;C;166;116;51;33,3;56,6;7,2;2,9;90;9,9
218;1 698;447 869;LE PETIT LORRAIN;27,9;48.883026;6.051403;58272;GRAND EST;54079;4563;54;54404;Pont-à-Mousson;24248;05-Unités urbaines de 20 000 à 100 000 hbts;1;19;94;-1;Moins de 2000 entrées;D;;B;43;24;0;38,7;48,7;8,8;3,9;26;18,7
683;30 182;3 208;CINECAP;27,2;47.590803;1.335364;58735;CENTRE-VAL DE LOIRE;41018;45710;41;41501;Blois;66763;05-Unités urbaines de 20 000 à 100 000 hbts;3;26;2 018;8,4;De 30 à 40 000 entrées;D;RDJPPR;C;186;105;54;40;47,4;9,9;2,7;165;21,4
2148;131 110;20 733;CINECAP;15;47.612706;1.336917;58773;CENTRE-VAL DE LOIRE;41018;45710;41;41501;Blois;66763;05-Unités urbaines de 20 000 à 100 000 hbts;11;32;8 691;5,3;De 100 à 150 000 entrées;NON;;C;169;107;102;31,8;58,2;6,7;3,3;41;7,9
117;1 111;58 004;COMMUNE DE BLONVILLE SUR MER;12;49.318522;0.044034;58841;NORMANDIE;14079;1516;14;14402;Dives-sur-Mer;34823;05-Unités urbaines de 20 000 à 100 000 hbts;1;16;164;-1;Moins de 2000 entrées;NON;;B;63;54;0;30;61;4,9;4;17;4,8
400;4 922;550 188;EST ENSEMBLE;19,5;48.909510;2.436542;59033;ILE-DE-FRANCE;93008;51716;93;851;Paris;10706072;02-Grande Couronne;1;30;437;-1;De 2 à 5 000 entrées;E;;B;100;69;3;30,3;55,6;11,5;2,5;56;14,9
183;3 066;57 737;ASSOCIATION CINEMA L'ENTRACT;19;45.7445112;4.006010699999933;59211;AUVERGNE / RHONE-ALPES;42019;3308;42;42201;Boën;7311;06-autres communes et unités urbaines;1;22;190;-0,9;De 2 à 5 000 entrées;E;;C;83;62;0;45,4;46,5;6,5;1,6;38;12,7
142;2 758;11 687;COMMUNE DE BOHAIN EN VERMANDOIS;36,2;49.983958;3.455918;59351;HAUTS DE FRANCE;2095;5670;2;2202;Bohain-en-Vermandois;5670;06-autres communes et unités urbaines;1;27;206;-0,8;De 2 à 5 000 entrées;NON;;I;67;50;0;40,4;44,4;10,9;4,3;16;25,5
300;8 031;135 869;COMMUNE DE BOIS COLOMBES;32,9;48.916548;2.266897;59604;ILE-DE-FRANCE;92009;28043;92;851;Paris;10706072;02-Grande Couronne;1;21;175;-0,9;De 5 à 10 000 entrées;NON;;B;51;28;0;44,1;42;11,1;2,8;28;29,8
338;4 186;24 914;COMMUNE DE BOIS D'ARCY;13,6;48.800013;2.023763;59690;ILE-DE-FRANCE;78073;14299;78;851;Paris;10706072;03-Petite couronne;1;25;304;-0,8;De 2 à 5 000 entrées;NON;;B;75;61;0;34,8;55,6;4,9;4,6;30;9
114;1 951;61 122;COMMUNE DE BOISSY SAINT LEGER;72,8;48.754035;2.502015;60942;ILE-DE-FRANCE;94004;15922;94;851;Paris;10706072;02-Grande Couronne;1;19;47;-1;Moins de 2000 entrées;NON;;B;26;15;0;57,1;16,1;13,6;13,2;11;75,6
495;8 236;14 071;CAVELAN ANDRE FERNAND ERNEST;13,5;49.571514;0.475348;61082;NORMANDIE;76114;11679;76;76302;Bolbec;18045;06-autres communes et unités urbaines;2;31;1 153;-0,4;De 5 à 10 000 entrées;NON;;C;53;45;13;51,4;44,2;2,9;1,5;9;9,7
97;6 015;327 818;ASSOCIATION CINEBOL;45;43.974273;7.312365;61132;PROVENCE-ALPES-COTE D'AZUR;84019;13617;84;84301;Bollène;13617;06-autres communes et unités urbaines;1;30;569;-1;De 5 à 10 000 entrées;E;RDJPPR;I;145;127;3;68,9;20;7,1;4;73;42,9
324;12 659;23 163;COMMUNE DE BONDY;46,3;48.901598;2.480089;61504;ILE-DE-FRANCE;93010;53439;93;851;Paris;10706072;02-Grande Couronne;1;30;654;-0,5;De 10 à 20 000 entrées;C;JP;B;132;87;6;61,7;25,4;7;5,9;79;47,1
245;4 130;3 321;COMMUNE DE BONNEUIL SUR MARNE;26,4;48.774577;2.486664;62121;ILE-DE-FRANCE;94011;16903;94;851;Paris;10706072;02-Grande Couronne;1;25;283;0,2;De 2 à 5 000 entrées;NON;;B;59;46;1;48;46,7;4,4;0,8;21;20,4
1900;111 684;120 434;HELMANI;41,8;44.841914;-0.577194;62802;NOUVELLE AQUITAINE;33063;249712;33;33701;Bordeaux;904359;04-Unités urbaines de 100 000 hbts ou plus;12;31;12 091;-0,1;De 100 à 150 000 entrées;NON;;C;148;110;107;70,1;19,9;8,8;1,1;30;35,7
2648;263 278;135 617;UGC SAS;19,8;44.8405;-0.582021;62804;NOUVELLE AQUITAINE;33063;249712;33;33701;Bordeaux;904359;04-Unités urbaines de 100 000 hbts ou plus;18;31;15 332;0,9;De 200 à 300 000 entrées;NON;;C;315;163;153;59;37,1;2,7;1,1;169;24,9
2878;146 187;613 151;AGORA CINEMAS;22,4;44.841593;-0.562257;62871;NOUVELLE AQUITAINE;33063;249712;33;33701;Bordeaux;904359;04-Unités urbaines de 100 000 hbts ou plus;17;31;17 563;-0,8;De 100 à 150 000 entrées;NON;;C;184;129;126;55,2;37,3;5,4;2,1;48;20
553;122 280;42 193;UTOPIA ST SIMEON;34,6;44.838942;-0.572524;63411;NOUVELLE AQUITAINE;33063;249712;33;33701;Bordeaux;904359;04-Unités urbaines de 100 000 hbts ou plus;5;28;3 874;1,9;De 100 à 150 000 entrées;A;RDJPPR;C;284;112;79;79,3;19,3;1,5;0;195;36,4
358;2 531;1 131;COMMUNE DE BORT LES ORGUES;21,9;45.401122;2.498735;64352;NOUVELLE AQUITAINE;19028;2745;19;19104;Bort-les-Orgues;2745;06-autres communes et unités urbaines;2;28;334;1,2;De 2 à 5 000 entrées;E;;I;95;78;0;60,4;31,4;4,2;4,1;32;24,6
338;11 268;28 420;ASSOCIATION CINEMA LE BEAULIEU;84;47.178021;-1.624832;65861;PAYS DE LA LOIRE;44020;18815;44;44701;Nantes;633690;04-Unités urbaines de 100 000 hbts ou plus;1;25;248;-0,6;De 10 à 20 000 entrées;C;JP;B;101;67;0;42,1;26,8;10,5;20,7;60;85,6
221;1 709;3 759;ASSOCIATION CINE PASSION;86,6;43.290386;0.651246;66714;OCCITANIE;31080;1593;31;0;Zone rurale;14541106;04-Unités urbaines de 100 000 hbts ou plus;1;29;264;-0,5;Moins de 2000 entrées;E;;R;56;47;0;51,1;14,7;20,9;13,2;24;93,4
944;65 267;12 935;L ETOILE;22,2;50.722562;1.605722;66761;HAUTS DE FRANCE;62160;42366;62;62503;Boulogne-sur-Mer;87013;05-Unités urbaines de 20 000 à 100 000 hbts;7;31;6 013;4;De 50 à 80 000 entrées;D;;C;187;140;118;41,3;48,5;7,6;2,6;82;18
154;22 897;4 259;COMMUNE DE BOULOGNE-BILLANCOURT;39,4;48.83591;2.239289;66835;ILE-DE-FRANCE;92012;117931;92;851;Paris;10706072;02-Grande Couronne;1;26;843;4,4;De 20 à 30 000 entrées;C;RDJPPR;B;81;46;36;56,6;33,3;7;3,1;68;28,1
1492;180 567;4 504;EUROPALACES NICE BOULOGNE;20,9;48.837649;2.239534;66923;ILE-DE-FRANCE;92012;117931;92;851;Paris;10706072;02-Grande Couronne;7;31;6 272;39,1;De 150 à 200 000 entrées;NON;;B;124;88;85;46,6;45,3;6,3;1,8;47;14,3
330;988;81 441;LAPORTA GERMAIN;25,7;42.524735;2.832419;67021;OCCITANIE;66024;5554;66;66201;Le Boulou;5554;06-autres communes et unités urbaines;1;13;14;-1;Moins de 2000 entrées;NON;;I;11;6;0;48,6;34,8;6,8;9,9;0;24,2
152;4 961;37 276;CINEVASION;75,5;46.618744;3.759124;67304;BOURGOGNE / FRANCHE-COMTE;71047;5054;71;71201;Bourbon-Lancy;5054;06-autres communes et unités urbaines;1;28;506;-0,9;De 2 à 5 000 entrées;E;JP;I;138;76;4;55,5;20,8;16;7,8;61;77,7
124;1 368;61 181;S.E.C.B.A. SA SOCIETE D EXPLOITATION DU CASINO DE BOURBON-L ARCH;21,2;46.585435;3.054345;67312;AUVERGNE / RHONE-ALPES;3036;2556;3;3102;Bourbon-l'Archambault;2556;06-autres communes et unités urbaines;1;29;122;-1;Moins de 2000 entrées;NON;;I;39;32;0;41;47,3;9,4;2,3;14;17,3
150;3 237;53 224;CASINO DE BOURBONNE LES BAINS;20,5;47.950629;5.747761;67324;GRAND EST;52060;2118;52;52101;Bourbonne-les-Bains;2118;06-autres communes et unités urbaines;1;29;579;-0,9;De 2 à 5 000 entrées;NON;;I;50;38;1;60,6;34,9;4,3;0,2;12;20,6
192;5 366;10 392;LE ROXY;34,2;45.585925;2.742025;67333;AUVERGNE / RHONE-ALPES;63047;1786;63;63102;La Bourboule;2267;06-autres communes et unités urbaines;1;29;255;-0,5;De 5 à 10 000 entrées;E;JP;C;65;56;1;70,8;19,3;7,1;2,8;27;37,5
410;4 351;12 158;BENNAAMANE AHMED;32,2;45.953962;1.755702;67711;NOUVELLE AQUITAINE;23030;2732;23;23101;Bourganeuf;2732;06-autres communes et unités urbaines;1;29;333;-0,6;De 2 à 5 000 entrées;E;;I;108;81;1;62,9;34,7;2,1;0,2;32;20,4
213;8 119;11 067;ASSOCIATION DU CINEMA LE FOYER;21,6;45.295097;4.558306;67734;AUVERGNE / RHONE-ALPES;42023;2902;42;42102;Bourg-Argental;2902;06-autres communes et unités urbaines;1;30;204;-0,3;De 5 à 10 000 entrées;E;JP;I;96;73;1;72,4;18,8;6,3;2,4;41;25,7
0;688;172 876;LES CINEMAS ASSOCIES;30,9;45.075098;6.013937;67903;AUVERGNE / RHONE-ALPES;38052;3239;38;38116;Le Bourg-d'Oisans;3239;06-autres communes et unités urbaines;1;16;24;-1;Moins de 2000 entrées;NON;;I;21;17;1;63,6;27,8;7,3;1,4;3;39,8
106;2 329;597 420;LES CINEMAS ASSOCIES;41,1;45.055549;6.028706;67904;AUVERGNE / RHONE-ALPES;38052;3239;38;38116;Le Bourg-d'Oisans;3239;06-autres communes et unités urbaines;1;29;169;-1;De 2 à 5 000 entrées;E;JP;I;84;69;5;70,3;19,1;9;1,6;32;44,6
594;10 416;18 137;ALLIANCE BOURGUIGNONNE CINEMATOGRAPHIQUE;34,5;46.206273;5.22595;67981;AUVERGNE / RHONE-ALPES;1053;40819;1;1501;Bourg-en-Bresse;59778;05-Unités urbaines de 20 000 à 100 000 hbts;3;15;840;-0,4;De 10 à 20 000 entrées;D;;C;61;32;11;60,6;28,9;8,1;2,5;47;35,2
110;17 338;35 275;MAISON DE LA CULTURE DE BOURGES;46,7;47.10605;2.431929;68025;CENTRE-VAL DE LOIRE;18033;66071;18;18501;Bourges;82558;05-Unités urbaines de 20 000 à 100 000 hbts;1;31;872;-0,5;De 10 à 20 000 entrées;D;RDJPPR;C;122;69;14;71,2;20,9;4,7;3,2;115;52,1
2510;134 798;321 585;SOCIETE CINEMATOGRAPHIQUE DU BERRY;18;47.082905;2.387262;68046;CENTRE-VAL DE LOIRE;18033;66071;18;18501;Bourges;82558;05-Unités urbaines de 20 000 à 100 000 hbts;12;31;12 153;-0,6;De 100 à 150 000 entrées;NON;;C;165;119;117;81,2;16,5;2,2;0;33;20,3
83;1 974;347 942;COMMUNE DU BOURGET;32,4;48.932361;2.424858;68114;ILE-DE-FRANCE;93013;16239;93;851;Paris;10706072;02-Grande Couronne;1;26;327;-1;Moins de 2000 entrées;NON;;B;64;52;0;58,3;28,6;8,3;4,8;16;33,5
177;235;2 689;LES GEMEAUX SCENE NATIONALE;29,5;48.778884;2.317531;68212;ILE-DE-FRANCE;92014;20249;92;851;Paris;10706072;02-Grande Couronne;1;3;3;-0,9;Moins de 2000 entrées;NON;;B;3;0;0;58;32,8;5,9;3,4;3;26,9
318;3 168;56 986;LE TRIANON;23,6;48.162712;-0.971524;68371;PAYS DE LA LOIRE;53039;1792;53;0;Zone rurale;14541106;04-Unités urbaines de 100 000 hbts ou plus;1;26;103;-0,9;De 2 à 5 000 entrées;E;;R;90;67;0;48,6;43,9;4,8;2,7;50;20,7
2010;143 231;6 302;KINEPOLIS BOURGOIN;34,7;45.590599;5.277321;68423;AUVERGNE / RHONE-ALPES;38053;27502;38;38501;Bourgoin-Jallieu;57928;05-Unités urbaines de 20 000 à 100 000 hbts;12;31;10 012;21,7;De 100 à 150 000 entrées;D;;C;255;139;112;65,7;27;4,3;2,9;83;32,7
388;19 588;19 731;B.S.M CINE;21,1;45.622605;6.777587;68517;AUVERGNE / RHONE-ALPES;73054;7228;73;73204;Bourg-Saint-Maurice;9626;06-autres communes et unités urbaines;3;31;1 737;0;De 10 à 20 000 entrées;E;RDJP;C;160;128;76;58,6;34,6;6,4;0,4;68;21,6
224;4 183;67 870;AMICALE DES ANCIENS ELEVES ECOLE LAIQUE;24,9;47.28271;0.171969;68561;CENTRE-VAL DE LOIRE;37031;3896;37;37201;Bourgueil;6107;06-autres communes et unités urbaines;1;31;203;-0,9;De 2 à 5 000 entrées;E;;C;97;72;4;72,3;23,3;3,8;0,6;62;25,4
380;1 505;57 900;ASSOCIATION DE L'ABBAYE DE BOURGUEIL;32,9;47.281285;0.171088;68562;CENTRE-VAL DE LOIRE;37031;3896;37;37201;Bourgueil;6107;06-autres communes et unités urbaines;1;29;94;-1;Moins de 2000 entrées;NON;;C;36;28;0;54,9;35,9;7,5;1,7;16;24,7
356;4 776;26 579;ASSOCIATION CERCLE FAMILIAL;36,2;50.770801;3.08126;69231;HAUTS DE FRANCE;59098;4908;59;59702;Lille (partie française);1039397;04-Unités urbaines de 100 000 hbts ou plus;1;23;101;-0,8;De 2 à 5 000 entrées;C;;B;59;37;0;68,2;19,1;12,5;0,2;37;39,7
797;29 093;45 804;ASSOCIATION DES CINEMAS INDEPENDANTS;28,7;48.683571;2.535014;69641;ILE-DE-FRANCE;91097;7027;91;851;Paris;10706072;03-Petite couronne;5;27;2 928;-0,4;De 20 à 30 000 entrées;C;;B;121;91;63;74,3;19,9;5,1;0,7;48;29
195;4 899;5 977;COMMUNE DE BRAY DUNES;37,8;51.070372;2.519444;71791;HAUTS DE FRANCE;59107;4599;59;59134;Bray-Dunes;4599;06-autres communes et unités urbaines;1;30;387;-0,2;De 2 à 5 000 entrées;E;JP;I;91;70;0;55,5;41,7;1,1;1,7;26;36,2
105;1 226;28 959;LEMOINE DENISE;15,8;48.415251;3.237856;71901;ILE-DE-FRANCE;77051;2222;77;77116;Bray-sur-Seine;3334;03-Petite couronne;1;23;127;-1;Moins de 2000 entrées;E;;C;57;39;0;46,8;45,4;5,9;1,9;26;11,4
293;19 602;473 892;LE CINEMA LA BOBINE;26,5;48.0505921;-1.8653428000000076;71942;BRETAGNE;35037;5815;35;35130;Bréal-sous-Montfort;5815;06-autres communes et unités urbaines;2;24;473;-1;De 10 à 20 000 entrées;E;JP;I;141;99;18;54,1;35,3;2,8;7,8;70;29,8
217;3 299;332 441;ASSOCIATION MAISON DES LOISIRS ET DE LA CULTURE;42,9;48.004696;6.873744;72881;GRAND EST;88075;4243;88;88402;La Bresse;24384;05-Unités urbaines de 20 000 à 100 000 hbts;1;30;224;-1;De 2 à 5 000 entrées;D;;C;82;65;0;66,3;17,2;10;6,5;33;42,7
813;61 752;170 796;CINEMAS BOCAGE;25,8;46.850232;-0.474956;72985;NOUVELLE AQUITAINE;79049;19411;79;79304;Bressuire;19411;06-autres communes et unités urbaines;5;31;3 971;-0,6;De 50 à 80 000 entrées;E;RDJPPR;I;210;127;74;65,5;24;9,9;0,6;86;24,2
892;36 917;515 859;SOCIETE CINEMAS CELTIC;25,9;48.398083;-4.473843;73021;BRETAGNE;29019;139163;29;29701;Brest;200530;04-Unités urbaines de 100 000 hbts ou plus;8;31;7 745;-0,9;De 30 à 40 000 entrées;NON;;C;117;78;73;49,4;43,1;6,7;0,9;11;23,5
2805;213 689;10 785;MAJESTIC BREST;43,8;48.39126;-4.488243;73083;BRETAGNE;29019;139163;29;29701;Brest;200530;04-Unités urbaines de 100 000 hbts ou plus;15;31;12 336;18,8;De 200 à 300 000 entrées;NON;;C;205;128;117;68,8;20;8,5;2,7;50;44,7
267;311;86 317;BREST'AIM;36,9;48.391567;-4.434751;73098;BRETAGNE;29019;139163;29;29701;Brest;200530;04-Unités urbaines de 100 000 hbts ou plus;1;3;18;-1;Moins de 2000 entrées;NON;;C;2;0;0;68,3;22,8;2,6;6,3;1;47,8
757;70 781;20 543;LES FEUX DE LA RAMPE;40,6;48.396163;-4.477034;73099;BRETAGNE;29019;139163;29;29701;Brest;200530;04-Unités urbaines de 100 000 hbts ou plus;7;31;7 122;2,4;De 50 à 80 000 entrées;A;RDJPPR;C;233;162;153;65,3;18,1;11,7;4,9;182;41,4
290;1 689;7 788;ASSOCIATION CINEMA LE FIEF CAFE;64,2;46.629207;-1.852443;73371;PAYS DE LA LOIRE;85035;4434;85;85203;Bretignolles-sur-Mer;7035;06-autres communes et unités urbaines;1;19;180;-0,8;Moins de 2000 entrées;NON;;C;77;67;0;44,1;44,7;6,3;4,9;31;69
368;15 946;54 550;ASSOCIATION CINE 220;26,3;48.608596;2.303919;73423;ILE-DE-FRANCE;91103;26215;91;851;Paris;10706072;03-Petite couronne;2;31;1 232;-0,7;De 10 à 20 000 entrées;C;RDJPPR;B;179;110;11;41,1;50,3;6,1;2,5;94;14,8
190;1 398;42 705;LIGUE DE L' ENSEIGNEMENT DE BASSE-NORMANDIE;38;49.044986;-0.326254;73582;NORMANDIE;14100;1812;14;0;Zone rurale;14541106;04-Unités urbaines de 100 000 hbts ou plus;1;18;34;-1;Moins de 2000 entrées;NON;;R;30;17;1;69,1;25,5;4,7;0,7;10;40,2
98;8 612;12 200;MAISON DES JEUNES ET DE LA CULTURE DU BRIANCONNAI;26,3;44.889994;6.634449;74322;PROVENCE-ALPES-COTE D'AZUR;5023;12370;5;5301;Briançon;17468;06-autres communes et unités urbaines;1;30;522;-0,3;De 5 à 10 000 entrées;E;RDJPPR;C;123;80;6;43,9;41,1;10,9;4,1;102;34,9
417;22 560;10 537;COSMO;32;44.900658;6.632743;74339;PROVENCE-ALPES-COTE D'AZUR;5023;12370;5;5301;Briançon;17468;06-autres communes et unités urbaines;4;31;3 121;1,1;De 20 à 30 000 entrées;NON;;C;87;65;52;81,2;13;4,5;1,3;17;38
203;3 281;485 390;LETOURNEUR LANIEPCE MARGUERITE;39,5;49.471445;-1.631851;74471;NORMANDIE;50082;5970;50;50110;Bricquebec;5970;06-autres communes et unités urbaines;1;29;237;-1;De 2 à 5 000 entrées;E;;I;74;57;3;72;21,8;6,2;0;31;42
358;7 123;7 447;LES AMIS DU CINEMA;21,6;45.452663;6.567576;74553;AUVERGNE / RHONE-ALPES;73057;517;73;0;Zone rurale;14541106;04-Unités urbaines de 100 000 hbts ou plus;2;29;670;0;De 5 à 10 000 entrées;E;;R;154;116;7;60,3;32,2;4;3,5;74;23,1
168;9 636;35 921;COMMUNE DE BRIE-COMTE-ROBERT;43,1;48.696652;2.607228;74662;ILE-DE-FRANCE;77053;16635;77;77306;Brie-Comte-Robert;16635;03-Petite couronne;1;30;599;-0,7;De 5 à 10 000 entrées;E;RDJP;I;153;105;1;71,3;22,4;4,8;1,5;74;39,1
253;13 298;208 490;LE CINEMA DU SOLEIL;80,9;43.407348;6.063887;75021;PROVENCE-ALPES-COTE D'AZUR;83023;17093;83;83401;Brignoles;22801;05-Unités urbaines de 20 000 à 100 000 hbts;2;31;1 069;-0,9;De 10 à 20 000 entrées;D;;C;107;78;33;57,1;22;14,3;6,6;53;82,2
427;9 354;5 869;CINEMA LE PARIS;13,9;45.292071;3.387558;75492;AUVERGNE / RHONE-ALPES;43040;6743;43;43202;Brioude;7392;06-autres communes et unités urbaines;2;29;700;0,6;De 5 à 10 000 entrées;NON;;C;105;87;10;43,9;47,7;6,4;2;41;10,8
1504;90 818;12 378;CINEMA THEATRE LE SPLENDID;23,2;45.165031;1.542022;75694;NOUVELLE AQUITAINE;19031;47349;19;554;Brive-la-Gaillarde;75329;05-Unités urbaines de 20 000 à 100 000 hbts;9;31;8 604;6,3;De 80 à 100 000 entrées;NON;;C;125;91;89;55,2;28,8;8,2;7,8;20;31,9
587;22 953;16 130;BRIVE MEDIA CULTURE;22,3;45.158027;1.529898;75703;NOUVELLE AQUITAINE;19031;47349;19;554;Brive-la-Gaillarde;75329;05-Unités urbaines de 20 000 à 100 000 hbts;3;31;3 050;0,4;De 20 à 30 000 entrées;D;RDJPPR;C;135;102;83;38;41,9;3,5;16,6;117;36
345;23 477;53 620;ASSOCIATION LES AMIS DU CINEMA;14,1;45.731192;4.914994;76073;AUVERGNE / RHONE-ALPES;69029;40694;69;758;Lyon;1639558;04-Unités urbaines de 100 000 hbts ou plus;2;27;1 296;-0,6;De 20 à 30 000 entrées;C;RDJPPR;B;130;84;31;46,7;51;2;0,3;81;10,8
497;19 650;10 642;SOCIETE D'ECONOMIE MIXTE ARTOIS EXPANSION;48,8;50.479971;2.545868;76821;HAUTS DE FRANCE;62178;22119;62;752;Béthune;355543;04-Unités urbaines de 100 000 hbts ou plus;4;31;2 413;0,8;De 10 à 20 000 entrées;C;RDJPPR;C;163;108;21;75,6;18,1;4,3;2;94;64,2
2404;127 512;85 435;BRUAYMOND;19;50.49234;2.569387;76825;HAUTS DE FRANCE;62178;22119;62;752;Béthune;355543;04-Unités urbaines de 100 000 hbts ou plus;12;31;12 027;0,5;De 100 à 150 000 entrées;NON;;C;142;98;95;66,4;23,1;9,1;1,4;20;30,9
2755;155 682;50 735;PATHE BRUMATH;86,1;48.744007;7.692978;77351;GRAND EST;67067;9840;67;67302;Brumath;11074;06-autres communes et unités urbaines;14;31;11 629;2,1;De 150 à 200 000 entrées;NON;;C;210;129;114;52,8;11,8;27;8,5;53;89,3
322;2 821;8 316;COMMUNE DE BRUZ;18,4;48.02352;-1.744768;77732;BRETAGNE;35047;17978;35;35701;Rennes;330871;04-Unités urbaines de 100 000 hbts ou plus;1;2;35;-0,7;De 2 à 5 000 entrées;NON;;B;14;1;0;42,8;48,3;6,5;2,4;1;13,7
991;50 890;17 608;CINEVILLE;49,5;48.028980;-1.753490;77733;BRETAGNE;35047;17978;35;35701;Rennes;330871;04-Unités urbaines de 100 000 hbts ou plus;6;31;4 788;1,9;De 50 à 80 000 entrées;NON;;B;165;102;63;74,7;17,5;2,7;5,1;74;38,5
151;8 032;57 045;REGAIN;45,8;44.275689;5.27174;78505;AUVERGNE / RHONE-ALPES;26063;2287;26;26101;Buis-les-Baronnies;2287;06-autres communes et unités urbaines;1;30;544;-0,9;De 5 à 10 000 entrées;E;RDJPPR;I;171;137;1;46,4;34,5;11,4;7,6;108;45
281;13 889;13 820;COMMUNE DE BUISSON DE CADOUIN;45,7;44.845348;0.909131;78542;NOUVELLE AQUITAINE;24068;1999;24;0;Zone rurale;14541106;04-Unités urbaines de 100 000 hbts ou plus;2;30;941;0;De 10 à 20 000 entrées;E;RDJPPR;R;166;106;18;65,2;26,2;8,2;0,4;93;56,8
2174;136 118;111 572;BUXEMOND;34,5;46.610272;0.367025;80391;NOUVELLE AQUITAINE;86041;9996;86;86601;Poitiers;130502;04-Unités urbaines de 100 000 hbts ou plus;12;31;12 461;0,2;De 100 à 150 000 entrées;NON;;B;150;105;103;66,2;27,6;3,2;3;27;26
210;2 699;50 804;CINE-OFF;12;46.888094;1.419282;80572;CENTRE-VAL DE LOIRE;36031;4473;36;36109;Buzançais;4473;06-autres communes et unités urbaines;1;26;160;-0,9;De 2 à 5 000 entrées;E;;I;73;51;0;35,6;53,4;8,1;2,9;43;12,8
248;5 130;70 848;COMMUNE DE CABESTANY;20,3;42.680362;2.934603;80942;OCCITANIE;66028;9790;66;66601;Perpignan;200971;04-Unités urbaines de 100 000 hbts ou plus;1;29;195;-0,9;De 5 à 10 000 entrées;C;;B;98;76;13;38,9;49,5;9,2;2,4;44;16,3
238;16 938;9 858;LA COMPAGNIE DES CINEMAS DE LA COTE;27,8;49.290634;-0.113862;80981;NORMANDIE;14117;3664;14;14402;Dives-sur-Mer;34823;05-Unités urbaines de 20 000 à 100 000 hbts;2;29;1 219;0,7;De 10 à 20 000 entrées;D;;C;85;67;34;0;0;47,6;52,4;42;52,4
150;5 182;21 177;FEDERATION DEPARTEMENTALE DES FOYERS RURAUX DU LOT;78,2;44.530413;1.555391;80991;OCCITANIE;46040;230;46;0;Zone rurale;14541106;04-Unités urbaines de 100 000 hbts ou plus;1;29;165;-0,8;De 5 à 10 000 entrées;E;JP;R;64;23;0;54,3;22,9;13,2;9,6;43;80,5
0;5 060;12 650;THALIE;35,3;43.655944;6.87474;81080;PROVENCE-ALPES-COTE D'AZUR;6026;1295;6;6701;Nice;943354;04-Unités urbaines de 100 000 hbts ou plus;1;26;178;-0,6;De 5 à 10 000 entrées;NON;;B;52;37;1;62;21,9;5,9;10,1;19;47,7
802;22 063;21 537;ASSOCIATION CENTRE CULTUREL COMMUNAL CACHAN;35,9;48.795796;2.335316;81101;ILE-DE-FRANCE;94016;30433;94;851;Paris;10706072;02-Grande Couronne;3;26;1 864;0;De 20 à 30 000 entrées;C;JP;B;158;111;43;48,8;41;9,7;0,6;95;26,3
286;16 822;34 777;LE PARADIS;2,9;44.636357;-0.320145;81311;NOUVELLE AQUITAINE;33081;2761;33;33121;Cadillac;5066;06-autres communes et unités urbaines;2;30;1 320;-0,5;De 10 à 20 000 entrées;E;RDJP;C;148;97;23;0;7;93;0;94;1,6
768;3 359;14 892;AEP CINEMA LUX;23;49.17442;-0.333727;81414;NORMANDIE;14118;106260;14;14601;Caen;198639;04-Unités urbaines de 100 000 hbts ou plus;1;11;13;-0,8;De 2 à 5 000 entrées;NON;;C;13;4;0;48,5;42,7;7,3;1,5;10;20,4
477;68 548;71 717;AEP CINEMA LUX;49,4;49.168683;-0.337953;81451;NORMANDIE;14118;106260;14;14601;Caen;198639;04-Unités urbaines de 100 000 hbts ou plus;3;33;3 110;0;De 50 à 80 000 entrées;B;RDJPPR;C;208;123;79;79,3;13,7;6,3;0,8;141;48,7
1870;195 646;48 972;PATHE CAEN;29,9;49.177395;-0.349774;81456;NORMANDIE;14118;106260;14;14601;Caen;198639;04-Unités urbaines de 100 000 hbts ou plus;10;31;9 313;3;De 150 à 200 000 entrées;NON;;C;170;101;85;77,7;13,3;6,7;2,2;52;28,1
296;6 420;5 456;CAGNES CONGRES;76,9;43.662147;7.148711;81541;PROVENCE-ALPES-COTE D'AZUR;6027;49322;6;6701;Nice;943354;04-Unités urbaines de 100 000 hbts ou plus;1;26;447;0,2;De 5 à 10 000 entrées;C;JP;B;115;89;1;48,9;3,3;35,1;12,7;65;75,8
1728;138 138;49 978;CAP CINEMA CAGNES SUR MER;70,2;43.661565;7.1357;81545;PROVENCE-ALPES-COTE D'AZUR;6027;49322;6;6701;Nice;943354;04-Unités urbaines de 100 000 hbts ou plus;10;31;9 966;1,8;De 100 à 150 000 entrées;NON;;B;140;104;101;57,1;20,4;13,8;8,8;23;68,5
360;1 976;20 530;SOCIETE CINEMATOGRAPHIQUE LE QUERCY;23,8;44.447834;1.439163;81673;OCCITANIE;46042;19340;46;46401;Cahors;22764;05-Unités urbaines de 20 000 à 100 000 hbts;1;9;96;-0,9;Moins de 2000 entrées;D;RDJPPR;C;19;5;2;34,9;52,9;10,5;1,7;18;21,1
498;20 002;30 495;LES FILMS DE LA BASSE COUR;48,3;50.9517558;1.8543260999999802;82133;HAUTS DE FRANCE;62193;75961;62;62504;Calais;100640;04-Unités urbaines de 100 000 hbts ou plus;4;31;2 846;-0,3;De 20 à 30 000 entrées;B;RDJPPR;C;162;95;30;52,2;28,3;11,6;7,9;125;53,5
148;3 747;8 739;ASSOCIATION LA BELLE EQUIPE;36,1;48.404288;-3.427185;82392;BRETAGNE;22025;2211;22;0;Zone rurale;14541106;04-Unités urbaines de 100 000 hbts ou plus;1;30;315;-0,6;De 2 à 5 000 entrées;E;JPPR;R;172;128;2;58,8;26,2;11,1;4;104;45,1
267;7 358;12 339;CALUIRE PAROISSES;32,9;45.797955;4.866922;82603;AUVERGNE / RHONE-ALPES;69034;42292;69;758;Lyon;1639558;04-Unités urbaines de 100 000 hbts ou plus;1;26;314;-0,4;De 5 à 10 000 entrées;C;;B;83;67;1;59;30,3;4,4;6,3;51;43,7
270;7 145;51 319;UNION REG FEDERATIONS OEUVRES LAIQUES AUVERGNE RHONE ALPES;60;45.804798;4.853092;82604;AUVERGNE / RHONE-ALPES;69034;42292;69;758;Lyon;1639558;04-Unités urbaines de 100 000 hbts ou plus;1;27;299;-0,9;De 5 à 10 000 entrées;C;JP;B;71;48;0;66,9;15,8;13,5;3,8;39;64,8
172;884;16 711;COMMUNE DE CAMARES;24,7;43.824209;2.878911;82741;OCCITANIE;12044;1000;12;0;Zone rurale;14541106;04-Unités urbaines de 100 000 hbts ou plus;1;25;75;-0,9;Moins de 2000 entrées;NON;;R;26;24;0;52,7;31,8;11,5;4;11;23,2
0;4 470;8 720;CINEVAL;60,3;44.162816;4.889682;82752;PROVENCE-ALPES-COTE D'AZUR;84029;4607;84;84111;Camaret-sur-Aigues;5328;06-autres communes et unités urbaines;1;29;151;-0,5;De 2 à 5 000 entrées;E;JP;C;67;40;0;62,7;27,6;0,8;8,9;37;59,9
200;5 242;159 636;CINES DU BOUT DU MONDE;54,7;48.27416;-4.599116;82762;BRETAGNE;29022;2583;29;29104;Camaret-sur-Mer;2583;06-autres communes et unités urbaines;1;30;321;-1;De 5 à 10 000 entrées;E;;I;112;89;19;63,1;22,3;8,7;5,8;47;55,6
110;3 803;104 790;DOILLET MARIE-HELENE CATHERINE;18,4;43.35874;-1.397218;82961;NOUVELLE AQUITAINE;64160;6708;64;64203;Cambo-les-Bains;6708;06-autres communes et unités urbaines;1;29;291;-1;De 2 à 5 000 entrées;E;JP;I;128;100;4;69,7;24,5;5,1;0,7;57;15,9
605;58 153;34 968;LE PALACE;35;50.174792;3.236568;83071;HAUTS DE FRANCE;59122;33004;59;59403;Cambrai;47459;05-Unités urbaines de 20 000 à 100 000 hbts;5;31;4 563;0,7;De 50 à 80 000 entrées;NON;;C;117;78;66;57,4;31,6;6,8;4,2;32;33,6
500;2 745;638 752;L ESPERANCE DE CAMPBON;31,8;47.41167;-1.965724;83601;PAYS DE LA LOIRE;44025;3974;44;0;Zone rurale;14541106;04-Unités urbaines de 100 000 hbts ou plus;1;30;161;-1;De 2 à 5 000 entrées;E;;R;80;61;2;79,7;15;5,1;0,3;33;34,2
228;5 328;21 190;LA MOUETTE CANCALAISE;25,6;48.676977;-1.85005;84292;BRETAGNE;35049;5166;35;35203;Cancale;5166;06-autres communes et unités urbaines;1;23;160;-0,7;De 5 à 10 000 entrées;E;JP;I;94;74;5;46,4;48,5;2,8;2,3;59;31,4
142;1 288;547 980;COMITE DES FETES DE CANDE;34,1;47.551609;-1.038715;84382;PAYS DE LA LOIRE;49054;2869;49;49109;Candé;2869;06-autres communes et unités urbaines;1;20;166;-1;Moins de 2000 entrées;NON;;I;80;64;1;51,8;35,5;7,6;5,1;23;38,6
383;2 347;16 847;COMMUNE DE CANEJAN;57,7;44.761134;-0.654322;84441;NOUVELLE AQUITAINE;33090;5417;33;33701;Bordeaux;904359;04-Unités urbaines de 100 000 hbts ou plus;1;18;78;-0,9;De 2 à 5 000 entrées;NON;;B;49;33;0;62,5;22;11,1;4,5;21;58
299;21 969;4 515;L'YRE CANET;26,8;42.701936;3.019408;84556;OCCITANIE;66037;11965;66;66301;Canet-en-Roussillon;11965;06-autres communes et unités urbaines;3;30;2 125;3,9;De 20 à 30 000 entrées;NON;;I;156;106;56;62,4;34,4;2,6;0,6;70;24,8
727;36 043;8 506;SOCIETE PROVENCALE DE GERANCES CINEMATOGRAPHIQUES;46;43.552366;7.016598;84711;PROVENCE-ALPES-COTE D'AZUR;6029;74285;6;6701;Nice;943354;04-Unités urbaines de 100 000 hbts ou plus;4;30;3 685;3,2;De 30 à 40 000 entrées;NON;;B;84;68;45;69,5;17,5;7,7;5,3;18;44,5
453;39 955;5 968;EURO VIDEO INTERNATIONAL;14,8;43.552517;7.015358;84712;PROVENCE-ALPES-COTE D'AZUR;6029;74285;6;6701;Nice;943354;04-Unités urbaines de 100 000 hbts ou plus;3;32;2 601;5,7;De 30 à 40 000 entrées;C;RD;B;128;83;67;44,1;49,5;4,5;1,9;88;10,8
300;1 722;12 045;MJC DE CANNES PICAUD;76,7;43.550716;7.001343;84734;PROVENCE-ALPES-COTE D'AZUR;6029;74285;6;6701;Nice;943354;04-Unités urbaines de 100 000 hbts ou plus;2;17;186;-0,9;Moins de 2000 entrées;C;;B;43;15;0;57,9;22,2;12,8;7,1;33;76,4
177;5 787;19 038;MJC CENTRE SOCIAL COEUR DE RANGUIN;15,7;43.567121;6.963836;84745;PROVENCE-ALPES-COTE D'AZUR;6029;74285;6;6701;Nice;943354;04-Unités urbaines de 100 000 hbts ou plus;1;26;217;-0,7;De 5 à 10 000 entrées;C;;B;93;71;0;34,7;57,7;5,2;2,4;49;8,4
469;35 014;29 708;OLYMPIA;0;43.552366;7.016598;84761;PROVENCE-ALPES-COTE D'AZUR;6029;74285;6;6701;Nice;943354;04-Unités urbaines de 100 000 hbts ou plus;5;30;4 656;0,2;De 30 à 40 000 entrées;NON;;B;135;86;47;100;0;0;0;26;0
432;4 361;7 791;CANNES CINEMA;30,9;43.54938;6.981931;84774;PROVENCE-ALPES-COTE D'AZUR;6029;74285;6;6701;Nice;943354;04-Unités urbaines de 100 000 hbts ou plus;1;16;43;-0,4;De 2 à 5 000 entrées;NON;;B;34;0;0;53,2;35,8;9,9;1;26;30,5
370;4 514;71 699;CANNES CINEMA;47,4;43.550134;7.029043;84781;PROVENCE-ALPES-COTE D'AZUR;6029;74285;6;6701;Nice;943354;04-Unités urbaines de 100 000 hbts ou plus;1;12;24;-0,9;De 2 à 5 000 entrées;NON;;B;23;9;0;70,2;16,6;6,8;6,4;6;41,6
176;2 371;9 721;CANNES CINEMA;24,1;43.546541;7.036474;84782;PROVENCE-ALPES-COTE D'AZUR;6029;74285;6;6701;Nice;943354;04-Unités urbaines de 100 000 hbts ou plus;1;15;20;-0,8;De 2 à 5 000 entrées;NON;;B;17;0;0;45,5;46,8;5,4;2,3;10;17,7
90;4 861;50 081;COMMUNE LE CANNET;30,4;43.576083;7.017663;84830;PROVENCE-ALPES-COTE D'AZUR;6030;41571;6;6701;Nice;943354;04-Unités urbaines de 100 000 hbts ou plus;1;28;379;-0,9;De 2 à 5 000 entrées;C;;B;89;70;2;44,1;46,3;6,4;3,2;45;20
88;5 410;121 726;COMMUNE LE CANNET;43,8;43.56912;7.005225;84831;PROVENCE-ALPES-COTE D'AZUR;6030;41571;6;6701;Nice;943354;04-Unités urbaines de 100 000 hbts ou plus;1;29;445;-1;De 5 à 10 000 entrées;C;;B;98;82;2;70,8;21,1;6,1;2;40;42,8
170;1 353;26 627;COMMUNE DE CANTELEU;33,9;49.452077;1.037664;84981;NORMANDIE;76157;14848;76;755;Rouen;467133;04-Unités urbaines de 100 000 hbts ou plus;1;20;63;-0,9;Moins de 2000 entrées;NON;;B;24;11;0;62,3;24,9;5;7,8;15;35,7
172;8 211;8 621;ASSOCIATION SCENA RIO;25,2;43.641276;-1.432502;85211;NOUVELLE AQUITAINE;40065;8776;40;40301;Capbreton;12599;06-autres communes et unités urbaines;1;28;515;0;De 5 à 10 000 entrées;E;RDJPPR;C;133;98;39;60,7;34,9;2,8;1,5;68;19,6
263;4 538;29 463;LES LUMIERES DE LA VILLE;51,6;44.574792;2.081445;85323;OCCITANIE;12052;4542;12;364;Figeac;16530;06-autres communes et unités urbaines;1;28;359;-0,8;De 2 à 5 000 entrées;E;JP;B;105;78;0;76;18,9;3,7;1,3;54;57,7
195;1 073;8 176;ARTS ET TECHNIQUES;19,5;44.292217;-0.259312;85851;NOUVELLE AQUITAINE;33095;1268;33;0;Zone rurale;14541106;04-Unités urbaines de 100 000 hbts ou plus;1;26;177;-0,9;Moins de 2000 entrées;E;;R;93;77;0;53;41,4;3,7;1,9;39;18,3
99;1 177;342 806;ASSOCIATION LE PARVIS SCENE NATIONALE TARBES PYRENEES;32,4;43.120092;0.309567;85861;OCCITANIE;65127;1325;65;0;Zone rurale;14541106;04-Unités urbaines de 100 000 hbts ou plus;1;30;96;-1;Moins de 2000 entrées;E;;R;81;66;0;68;24,5;7,3;0,1;48;38,3
161;4 121;54 187;ASSOCIATION ETOILE CINE;20,7;48.667568;-3.912861;85902;BRETAGNE;29023;3149;29;29124;Carantec;4470;06-autres communes et unités urbaines;1;29;172;-0,9;De 2 à 5 000 entrées;E;JPPR;C;109;76;1;61,3;31,4;4,8;2,5;68;15,2
196;1 074;7 305;ARTS ET TECHNIQUES;36,1;44.895434;-0.508506;85981;NOUVELLE AQUITAINE;33096;7578;33;33701;Bordeaux;904359;04-Unités urbaines de 100 000 hbts ou plus;1;16;36;-0,9;Moins de 2000 entrées;NON;;B;29;20;2;59,4;34,1;4,3;2,2;11;42,2
206;5 050;29 680;ASSOCIATION CINEFOL 31;52,1;43.286407;1.200892;85993;OCCITANIE;31107;5502;31;31204;Carbonne;6499;06-autres communes et unités urbaines;1;30;277;-0,8;De 5 à 10 000 entrées;E;JP;C;206;156;0;59,6;30,1;6,7;3,6;131;59,9
248;1 301;6 926;ARTS ET TECHNIQUES;34,5;45.069909;-1.142214;86031;NOUVELLE AQUITAINE;33097;2388;33;0;Zone rurale;14541106;04-Unités urbaines de 100 000 hbts ou plus;1;26;161;-0,8;Moins de 2000 entrées;NON;;R;71;64;3;62,7;31,2;5,2;0,9;22;38,2
337;610;8 445;LE COLISEE;78,6;43.216587;2.352707;86072;OCCITANIE;11069;45996;11;11501;Carcassonne;48527;05-Unités urbaines de 20 000 à 100 000 hbts;3;1;60;-0,9;Moins de 2000 entrées;NON;;C;12;2;1;69,7;8,1;19,4;2,8;11;88,9
1830;99 473;65 252;CAP  CINEMA  CARCASSONNE;21,6;43.235546;2.367714;86103;OCCITANIE;11069;45996;11;11501;Carcassonne;48527;05-Unités urbaines de 20 000 à 100 000 hbts;9;31;8 906;0,5;De 80 à 100 000 entrées;D;;C;208;151;129;48,9;44,9;4;2,3;89;13,1
100;2 135;142 828;LE CINEMA DU SOLEIL;22,2;43.4765018;6.182329100000061;86173;PROVENCE-ALPES-COTE D'AZUR;83032;3463;83;83204;Carcès;7028;06-autres communes et unités urbaines;1;27;114;-1;De 2 à 5 000 entrées;NON;;C;48;36;3;45,2;46;4,4;4,4;15;20
316;6 737;9 655;CHAMPALAUNE BRUNO MAURICE GERARD;43,7;49.302896;-1.247604;86313;NORMANDIE;50099;7920;50;50204;Carentan;9305;06-autres communes et unités urbaines;2;28;847;-0,3;De 5 à 10 000 entrées;E;;C;112;86;19;70,2;20,5;3,4;5,9;45;41,4
215;11 487;21 486;ASSOCIATION CONTRECHAMP;24,8;48.283143;-3.572343;86353;BRETAGNE;29024;7305;29;271;Carhaix-Plouguer;9131;06-autres communes et unités urbaines;1;31;520;-0,5;De 10 à 20 000 entrées;E;RDJPPR;C;151;118;27;65,9;24,5;8,8;0,8;76;34,6
573;18 587;18 119;L YRE CINEMAS;28,7;44.049028;2.157496;86544;OCCITANIE;81060;9460;81;81304;Carmaux;16697;06-autres communes et unités urbaines;4;29;2 043;0;De 10 à 20 000 entrées;E;RDJPPR;C;157;100;48;54;38,3;5,5;2,2;67;23,6
422;10 320;24 017;CINEGYR CARNAC;18,3;47.572383;-3.075775;86561;BRETAGNE;56034;4236;56;56215;Carnac;8003;06-autres communes et unités urbaines;2;27;584;-0,6;De 10 à 20 000 entrées;E;;C;79;66;42;48,6;46,8;3;1,7;22;17,3
306;862;57 693;POLYMAGES;29;43.256071;5.568869;86693;PROVENCE-ALPES-COTE D'AZUR;13119;6615;13;13209;Carnoux-en-Provence;6615;06-autres communes et unités urbaines;1;22;85;-1;Moins de 2000 entrées;NON;;I;72;60;0;58;29,8;9,1;3,1;20;29,3
200;2 224;90 061;CINEVAL;82,8;44.109395;5.112026;86772;PROVENCE-ALPES-COTE D'AZUR;84030;3249;84;754;Avignon;456042;04-Unités urbaines de 100 000 hbts ou plus;1;21;77;-1;De 2 à 5 000 entrées;C;;B;51;27;0;52,2;20,6;18,9;8,4;31;79
612;52 036;25 258;PRO SPECT IMAGES;16,3;44.050347;5.047636;86781;PROVENCE-ALPES-COTE D'AZUR;84031;28699;84;754;Avignon;456042;04-Unités urbaines de 100 000 hbts ou plus;4;31;3 124;1,1;De 50 à 80 000 entrées;C;RDJPPR;B;168;109;79;42,8;48,6;6,1;2,5;90;12,5
768;2 240;2 963;ASSOCIATION DEVELOPPEMENT CULTUREL CARQUEFOU;42,6;47.279819;-1.508095;86832;PAYS DE LA LOIRE;44026;19411;44;44701;Nantes;633690;04-Unités urbaines de 100 000 hbts ou plus;1;12;39;-0,2;De 2 à 5 000 entrées;NON;;B;39;33;0;65,2;19,9;9,3;5,5;10;48,7
0;1 829;14 212;ASSOCIATION BEARN ADOUR TOURISME ET LOISIRS;24,6;43.4817151;-0.2803853000000345;86860;NOUVELLE AQUITAINE;64167;215;64;0;Zone rurale;14541106;04-Unités urbaines de 100 000 hbts ou plus;1;19;61;-0,9;Moins de 2000 entrées;NON;;R;18;12;0;49,1;40,9;7,5;2,5;6;18,8
277;1 843;9 108;TOURNEE FAMILIA;36,1;43.772944;7.193186;86930;PROVENCE-ALPES-COTE D'AZUR;6033;12008;6;6701;Nice;943354;04-Unités urbaines de 100 000 hbts ou plus;1;11;45;-0,8;Moins de 2000 entrées;NON;;B;43;24;1;45,8;40,3;9,8;4,1;25;35
200;8 541;11 293;ASSOCIATION CULTURELLE CARRY LE ROUET;37,9;43.332335;5.151827;86952;PROVENCE-ALPES-COTE D'AZUR;13021;5891;13;13303;Sausset-les-Pins - Carry-le-Rouet;13515;06-autres communes et unités urbaines;1;31;792;-0,2;De 5 à 10 000 entrées;E;JP;B;119;87;9;65,3;25,2;5,6;4;54;36,2
111;3 574;69 881;CENTRE CULTUREL EMMANUEL AGOSTINI;40,5;43.215622;5.538828;87646;PROVENCE-ALPES-COTE D'AZUR;13022;7221;13;13211;Cassis;7221;06-autres communes et unités urbaines;1;27;444;-0,9;De 2 à 5 000 entrées;E;RD;I;99;79;3;55,9;27,8;4,5;11,8;55;44,3
178;10 248;9 854;MJC DE CASTANET TOLOSAN;23;43.516624;1.498262;87772;OCCITANIE;31113;12833;31;31701;Toulouse;948433;04-Unités urbaines de 100 000 hbts ou plus;1;30;669;0;De 10 à 20 000 entrées;C;;B;205;151;2;56,3;36,3;5,2;2,2;115;24,5
190;8 796;3 669;VEO CINEMAS;34,6;43.693325;1.429742;87941;OCCITANIE;31116;9917;31;31701;Toulouse;948433;04-Unités urbaines de 100 000 hbts ou plus;1;31;485;1,4;De 5 à 10 000 entrées;C;;B;114;71;5;65,3;26;3,3;5,4;58;29,4
185;4 216;40 373;CINE 2000 - L'ODYSSEE;45,8;44.313986;0.084494;87966;NOUVELLE AQUITAINE;47052;4659;47;47102;Casteljaloux;4659;06-autres communes et unités urbaines;1;30;282;-0,9;De 2 à 5 000 entrées;E;JPPR;I;120;86;1;63,7;32,9;3,4;0;73;47,6
193;4 964;136 408;ASSOCIATION CINEFOL 31;63,2;43.680383;1.534648;88111;OCCITANIE;31117;4168;31;31701;Toulouse;948433;04-Unités urbaines de 100 000 hbts ou plus;1;27;273;-1;De 2 à 5 000 entrées;C;;B;137;101;15;73,8;10,5;0;15,8;69;53,5
447;26 920;7 726;VEO CASTELNAUDARY;22,6;43.320632;1.951331;88236;OCCITANIE;11076;10969;11;11302;Castelnaudary;12212;06-autres communes et unités urbaines;3;31;1 965;2,5;De 20 à 30 000 entrées;NON;;C;190;126;53;46,3;45,7;4,8;3,2;95;27,4
80;2 788;17 877;ASSOCIATION DEVELOPPEMENT ACTION CULTURELLE FOIX ARIEGE;32,6;43.001442;1.33357;88371;OCCITANIE;9082;444;9;0;Zone rurale;14541106;04-Unités urbaines de 100 000 hbts ou plus;1;28;169;-0,8;De 2 à 5 000 entrées;E;JP;R;32;18;0;63,3;30,3;4,1;2,4;26;32,1
184;3 462;552 147;COMMUNE DE CASTELSARRASIN;37,3;44.037315;1.109842;88512;OCCITANIE;82033;13886;82;82401;Castelsarrasin;26467;05-Unités urbaines de 20 000 à 100 000 hbts;1;29;173;-1;De 2 à 5 000 entrées;D;;C;99;75;0;57;31,1;10,4;1,5;54;28,9
106;2 879;42 060;ASSOCIATION CASTESIENNE CINE KURSAAL;35,4;43.882158;-1.145369;88751;NOUVELLE AQUITAINE;40075;2120;40;0;Zone rurale;14541106;04-Unités urbaines de 100 000 hbts ou plus;1;30;304;-0,9;De 2 à 5 000 entrées;E;;R;123;106;1;50,3;34,1;4,9;10,7;55;40,1
205;5 219;17 014;ASSOCIATION LES AMIS DE CINE 4;45;44.651621;0.591622;88991;NOUVELLE AQUITAINE;47057;1436;47;0;Zone rurale;14541106;04-Unités urbaines de 100 000 hbts ou plus;1;30;275;-0,7;De 5 à 10 000 entrées;E;JP;R;145;107;0;42,6;39,7;9,8;7,9;80;63
660;48 333;152 692;SOCIETE D'EXPLOITATION CINEMATOGRAPHIQUE;21,2;43.606683;2.243043;89105;OCCITANIE;81065;41483;81;81501;Castres;56432;05-Unités urbaines de 20 000 à 100 000 hbts;5;31;4 226;-0,7;De 40 à 50 000 entrées;D;RDJPPR;C;179;102;71;42,4;49,7;6,2;1,8;93;16,2
178;2 567;33 770;COMMUNE DE CATEAU CAMBRESIS;39,9;50.106254;3.54484;89152;HAUTS DE FRANCE;59136;7033;59;59208;Le Cateau-Cambrésis;7355;06-autres communes et unités urbaines;1;20;109;-0,9;De 2 à 5 000 entrées;NON;;C;49;30;0;64,9;23,9;9,6;1,6;11;40,7
386;3 238;11 917;COMMUNE DE RIVES-EN-SEINE;35,8;49.525593;0.72697;89481;NORMANDIE;76164;4141;76;76105;Caudebec-en-Caux;4141;06-autres communes et unités urbaines;1;31;311;-0,7;De 2 à 5 000 entrées;E;;I;109;89;2;67,1;19,6;4,9;8,4;50;42,9
598;15 630;18 367;COMMUNE DE CAUDRY;29,9;50.127719;3.415275;89644;HAUTS DE FRANCE;59139;14935;59;59307;Caudry;18989;06-autres communes et unités urbaines;2;30;803;-0,1;De 10 à 20 000 entrées;E;JP;C;121;97;10;69,1;23,7;4,9;2,3;49;25,7
240;8 918;16 318;ACTION CINEMATOGRAPHIQUE DU TARN;18,8;44.162933;1.538724;90112;OCCITANIE;82037;6841;82;82203;Caussade;8205;06-autres communes et unités urbaines;1;31;510;-0,5;De 5 à 10 000 entrées;E;RDJPPR;C;163;86;7;61,2;34,2;3,8;0,8;107;16,8
500;6 174;603 674;SOCIETE D' EXPLOITATION DES CASINOS PYREEENS;24;42.88755;-0.114879;90191;OCCITANIE;65138;933;65;0;Zone rurale;14541106;04-Unités urbaines de 100 000 hbts ou plus;1;26;271;-1;De 5 à 10 000 entrées;E;;R;90;74;12;57,6;36,1;5,1;1,2;27;23,6
392;30 331;35 909;LES CINEMAS DE CAVAILLON;31,3;43.837243;5.040229;90312;PROVENCE-ALPES-COTE D'AZUR;84035;26707;84;754;Avignon;456042;04-Unités urbaines de 100 000 hbts ou plus;3;31;2 785;-0,2;De 30 à 40 000 entrées;C;;B;171;136;95;64,6;28,6;2,4;4,4;79;38,7
360;5 490;431 476;LES CINEMAS DE CAVAILLON;86,3;43.834515;5.041736;90313;PROVENCE-ALPES-COTE D'AZUR;84035;26707;84;754;Avignon;456042;04-Unités urbaines de 100 000 hbts ou plus;1;25;216;-1;De 5 à 10 000 entrées;NON;;B;32;18;12;66,1;18,1;10,5;5,3;15;89,6
149;811;211 823;LEROY PATRICK;24,2;43.172524;6.530347;90345;PROVENCE-ALPES-COTE D'AZUR;83036;7139;83;83207;Cavalaire-sur-Mer;10949;06-autres communes et unités urbaines;1;12;120;-1;Moins de 2000 entrées;NON;;C;27;21;1;50,9;43,2;4,5;1,4;4;14,6
186;2 912;61 525;COMMUNE DE CAZAUBON;30,1;43.947931;-0.041716;90763;OCCITANIE;32096;1661;32;0;Zone rurale;14541106;04-Unités urbaines de 100 000 hbts ou plus;1;31;150;-1;De 2 à 5 000 entrées;E;;R;119;99;8;55,2;37,3;5,2;2,4;58;28,5
237;3 092;45 702;ASSOCIATION CINEFOL 31;47,4;43.203101;1.083573;90932;OCCITANIE;31135;4865;31;31203;Cazères;6105;06-autres communes et unités urbaines;1;29;234;-0,9;De 2 à 5 000 entrées;E;JP;C;152;122;0;61,1;28,4;7,2;3,2;76;49,5
150;386;6 968;ROAD MOVIES;49,2;43.392145;3.103753;91033;OCCITANIE;34069;4918;34;34129;Cazouls-lès-Béziers;4918;06-autres communes et unités urbaines;1;3;14;-0,9;Moins de 2000 entrées;NON;;I;12;5;0;56,8;29,3;7,1;6,7;2;42,4
319;4 110;3 974;VILLE DE LA CELLE SAINT CLOUD;26,3;48.847416;2.136047;91492;ILE-DE-FRANCE;78126;21037;78;851;Paris;10706072;03-Petite couronne;1;23;123;0;De 2 à 5 000 entrées;NON;;B;88;64;1;62;29,9;6,3;1,8;54;23,2
170;3 682;364 523;LAPORTA GERMAIN;30;42.486293;2.749588;92302;OCCITANIE;66049;7705;66;66302;Céret;13808;06-autres communes et unités urbaines;1;15;41;-1;De 2 à 5 000 entrées;NON;;C;24;6;0;91,7;0;8,3;0;12;22,1
2768;142 257;255 206;UGC CINE CITE;17,5;49.048453;2.010977;92329;ILE-DE-FRANCE;95127;63395;95;851;Paris;10706072;03-Petite couronne;14;31;11 721;-0,4;De 100 à 150 000 entrées;NON;;B;233;132;129;61,5;28,4;3,9;6,3;91;12,2
200;2 451;114 671;ASSOCIATION CINEMA DU BOCAGE;65,2;46.821515;-0.668137;92441;NOUVELLE AQUITAINE;79062;4784;79;79204;Cerizay;5757;06-autres communes et unités urbaines;1;16;222;-1;De 2 à 5 000 entrées;E;JP;C;71;51;0;64,7;16,1;9,4;9,8;19;74,2
408;5 744;71 785;ESPACE GRUN;100;47.806567;7.173935;92542;GRAND EST;68063;11608;68;68402;Thann - Cernay;31817;05-Unités urbaines de 20 000 à 100 000 hbts;1;25;343;-0,9;De 5 à 10 000 entrées;D;;C;105;85;31;100;0;0;0;47;100
293;14 716;17 404;LOISIRS CULTURE LE SEVIGNE-CESSON;23,5;48.118209;-1.610628;93201;BRETAGNE;35051;17414;35;35701;Rennes;330871;04-Unités urbaines de 100 000 hbts ou plus;1;23;260;-0,2;De 10 à 20 000 entrées;C;;B;101;66;8;50,8;32,1;5,4;11,7;62;28,2
544;14 147;79 794;ORGANISATION DES CIRCUITS CINEMATOGRAPHIQUES PRIVES;43,1;44.742006;-0.685394;93261;NOUVELLE AQUITAINE;33122;16573;33;33701;Bordeaux;904359;04-Unités urbaines de 100 000 hbts ou plus;2;31;1 338;-0,8;De 10 à 20 000 entrées;C;JP;B;136;103;28;70,7;20,8;7,3;1,2;67;45
393;2 648;13 907;CERCLE FAMILIALE DES CINEPHILES DU PAYS DE CHALINDREY;51;47.803369;5.431466;94711;GRAND EST;52093;2437;52;52104;Chalindrey;3544;06-autres communes et unités urbaines;1;25;82;-0,8;De 2 à 5 000 entrées;NON;;C;39;29;0;57,9;26,9;14,2;1,1;12;57,5
516;16 296;18 406;SECIM;22,3;46.848712;-1.879118;94743;PAYS DE LA LOIRE;85047;20133;85;85402;Challans;27389;05-Unités urbaines de 20 000 à 100 000 hbts;2;11;613;-0,1;De 10 à 20 000 entrées;D;JPPR;C;70;31;22;40,2;49,9;6,3;3,6;36;14,2
780;25 994;19 751;CINE AVENIR;24,8;46.84884;-1.872212;94745;PAYS DE LA LOIRE;85047;20133;85;85402;Challans;27389;05-Unités urbaines de 20 000 à 100 000 hbts;5;19;1 952;0,3;De 20 à 30 000 entrées;NON;;C;121;94;56;49,6;39,1;9,2;2,1;49;25,1
141;11 256;18 789;COMMUNE DE CHALLES LES EAUX;29,6;45.548622;5.986578;94802;AUVERGNE / RHONE-ALPES;73064;5346;73;73601;Chambéry;187010;04-Unités urbaines de 100 000 hbts ou plus;1;27;493;-0,4;De 10 à 20 000 entrées;C;;B;67;54;2;48,5;43,4;6,2;1,9;21;23,2
274;5 611;194 121;COMMUNE DE CHALONNES SUR LOIRE;27,8;47.353192;-0.764716;94922;PAYS DE LA LOIRE;49063;6513;49;49203;Chalonnes-sur-Loire;6513;06-autres communes et unités urbaines;1;28;250;-1;De 5 à 10 000 entrées;E;;I;139;110;0;57,9;23,2;4,7;14,2;79;27,7
1601;72 285;7 649;CINE CHAMPAGNE;45,1;48.940758;4.397745;94997;GRAND EST;51108;45268;51;51501;Châlons-en-Champagne;57901;05-Unités urbaines de 20 000 à 100 000 hbts;9;31;8 925;8,5;De 50 à 80 000 entrées;NON;;C;124;90;87;60,9;22,8;9,9;6,4;20;45,1
153;12 592;19 644;LA COMETE SCENE NATIONALE DE CHALONS EN CHAMPAGNE;19,1;48.956167;4.363554;95006;GRAND EST;51108;45268;51;51501;Châlons-en-Champagne;57901;05-Unités urbaines de 20 000 à 100 000 hbts;1;25;463;-0,4;De 10 à 20 000 entrées;D;RDJPPR;C;123;70;1;62,5;31,9;5,2;0,4;96;13,1
686;144;75 403;ANEMONE SARL;48,7;46.781473;4.853059;95041;BOURGOGNE / FRANCHE-COMTE;71076;45390;71;71501;Chalon-sur-Saône;74911;05-Unités urbaines de 20 000 à 100 000 hbts;5;2;6;-1;Moins de 2000 entrées;NON;;C;5;0;0;66,5;18,1;8;7,5;5;53,9
722;15 803;11 714;CINEMA RITZ SARL;62,3;46.781288;4.850256;95044;BOURGOGNE / FRANCHE-COMTE;71076;45390;71;71501;Chalon-sur-Saône;74911;05-Unités urbaines de 20 000 à 100 000 hbts;4;27;2 324;0,3;De 10 à 20 000 entrées;D;;C;125;83;44;66,2;18,4;7,3;8,1;111;58,7
1134;3 511;35 737;COMMUNE DE CHALON SUR SAONE;43,1;46.779485;4.849123;95052;BOURGOGNE / FRANCHE-COMTE;71076;45390;71;71501;Chalon-sur-Saône;74911;05-Unités urbaines de 20 000 à 100 000 hbts;2;7;62;-0,9;De 2 à 5 000 entrées;NON;;C;15;3;0;65,6;20,9;8,2;5,3;10;41,6
1637;154 675;30 109;CINEMA RITZ SARL;26,4;46.775786;4.864432;95076;BOURGOGNE / FRANCHE-COMTE;71076;45390;71;71501;Chalon-sur-Saône;74911;05-Unités urbaines de 20 000 à 100 000 hbts;12;31;11 717;4,1;De 150 à 200 000 entrées;NON;;C;173;124;121;45,7;45,1;7,2;2;51;20,8
157;5 389;179 095;ASSOCIATION MAISON DE LA CULTURE DE CHAMBERY ET DE SAVOIE;32,6;45.563024;5.924935;95405;AUVERGNE / RHONE-ALPES;73065;59697;73;73601;Chambéry;187010;04-Unités urbaines de 100 000 hbts ou plus;1;23;338;-1;De 5 à 10 000 entrées;B;JPPR;C;72;20;6;66,6;25,5;5,2;2,7;56;23
584;44 928;5 972;SOCIETES DES CINEMAS ASTREE ET ALPHA;50,6;45.566066;5.923359;95413;AUVERGNE / RHONE-ALPES;73065;59697;73;73601;Chambéry;187010;04-Unités urbaines de 100 000 hbts ou plus;4;31;3 302;6,5;De 40 à 50 000 entrées;B;RDJPPR;C;167;92;80;58,7;27,6;10,2;3,5;127;45,2
235;8 502;38 768;FORUM CINEMA;38,9;45.592248;5.919227;95451;AUVERGNE / RHONE-ALPES;73065;59697;73;73601;Chambéry;187010;04-Unités urbaines de 100 000 hbts ou plus;2;19;870;-0,8;De 5 à 10 000 entrées;B;RDJP;C;120;49;7;53,8;25;13,5;7,7;93;34,1
1314;87 633;5 364;CHAMBLY CINEMA;33,3;49.155627;2.248819;95562;HAUTS DE FRANCE;60139;10034;60;459;Persan - Beaumont-sur-Oise;37357;05-Unités urbaines de 20 000 à 100 000 hbts;7;31;6 697;15,3;De 80 à 100 000 entrées;NON;;C;118;92;89;62,7;32;3,4;1,9;25;29
196;4 247;12 410;CINEMA SCOOP;26,5;45.061194;4.302941;95732;AUVERGNE / RHONE-ALPES;43051;2521;43;0;Zone rurale;14541106;04-Unités urbaines de 100 000 hbts ou plus;2;25;485;-0,7;De 2 à 5 000 entrées;E;RDJP;R;118;89;0;52,8;41;4,7;1,5;76;24,3
508;22 946;88 654;CHAMONIX SPECTACLES;28,6;45.923063;6.86902;96184;AUVERGNE / RHONE-ALPES;74056;8906;74;74301;Chamonix-Mont-Blanc;11840;06-autres communes et unités urbaines;3;27;1 701;-0,7;De 20 à 30 000 entrées;E;RDJP;C;136;104;52;65,1;29,7;4,3;0,9;65;24,5
168;2 270;316 275;CINE MONTEREAU POINT COM;40,1;48.398755;2.80515;96533;ILE-DE-FRANCE;77079;6179;77;77404;Champagne-sur-Seine;28076;03-Petite couronne;1;21;158;-1;De 2 à 5 000 entrées;D;;C;58;38;1;55,9;23,4;15;5,7;33;42,1
389;10 108;7 463;LES TROIS REPUBLIQUES;32,8;46.748543;5.906232;96611;BOURGOGNE / FRANCHE-COMTE;39097;7916;39;39301;Champagnole;9841;06-autres communes et unités urbaines;3;30;1 212;0,4;De 10 à 20 000 entrées;E;RDJP;C;122;105;24;54,2;30,3;1,3;14,1;53;46,9
170;1 219;40 029;SOCIETE DES CINEMAS DE COURCHEVEL;26,2;45.454122;6.692461;96641;AUVERGNE / RHONE-ALPES;73071;605;73;0;Zone rurale;14541106;04-Unités urbaines de 100 000 hbts ou plus;1;20;237;-1;Moins de 2000 entrées;NON;;R;75;58;1;55,8;31,2;9,3;3,8;18;21,2
242;509;7 366;CINE-OFF;21,8;47.341938;0.723719;96950;CENTRE-VAL DE LOIRE;37050;11144;37;37701;Tours;353042;04-Unités urbaines de 100 000 hbts ou plus;1;4;4;-0,9;Moins de 2000 entrées;NON;;B;4;3;0;61,8;31,1;3,8;3,3;0;25,7
944;45 798;9 244;STUDIO 66;20;48.814397;2.508133;97431;ILE-DE-FRANCE;94017;76508;94;851;Paris;10706072;02-Grande Couronne;5;31;4 693;4;De 40 à 50 000 entrées;C;JP;B;160;104;70;55,8;37,9;6;0,3;73;21,8
520;26 833;50 525;CINE FRERES;75;49.191375;2.464237;99031;HAUTS DE FRANCE;60141;10849;60;60402;Chantilly;37349;05-Unités urbaines de 20 000 à 100 000 hbts;4;31;2 366;-0,5;De 20 à 30 000 entrées;D;JPPR;C;138;89;57;33,7;54,6;11,7;0;60;83,1
160;8 224;9 295;ASSOCIATION GESTION DU CINEMA LE SULLY;22,6;46.68832;-1.052512;99051;PAYS DE LA LOIRE;85051;8279;85;85207;Chantonnay;8279;06-autres communes et unités urbaines;1;28;487;-0,1;De 5 à 10 000 entrées;E;JP;I;88;70;18;63,7;29,7;4,3;2,3;29;15,8
300;3 551;8 688;FAMILLES RURALES FEDERATION DEPARTEMENTALE DE VENDEE;29,3;46.587908;-1.642858;99411;PAYS DE LA LOIRE;85152;4925;85;85125;La Mothe-Achard;4925;06-autres communes et unités urbaines;1;17;107;-0,6;De 2 à 5 000 entrées;NON;;C;30;13;0;57,2;35,1;4,3;3,3;8;21,8
189;4 115;168 656;ASSOCIATION JEANNE D'ARC;25;47.270881;-1.337067;99631;PAYS DE LA LOIRE;44029;6701;44;44120;La Chapelle-Basse-Mer;6701;06-autres communes et unités urbaines;1;30;190;-1;De 2 à 5 000 entrées;E;;I;105;88;0;54,1;28,3;14,5;3,2;59;21,9
400;4 813;5 575;UNION REG FEDERATIONS OEUVRES LAIQUES AUVERGNE RHONE ALPES;13,5;45.626941;4.935433;101491;AUVERGNE / RHONE-ALPES;69270;4098;69;758;Lyon;1639558;04-Unités urbaines de 100 000 hbts ou plus;1;21;119;-0,1;De 2 à 5 000 entrées;C;JP;B;59;37;0;39,4;53,9;5,9;0,8;21;13,6
300;8 498;38 440;ASSOCIATION CINEMATOGRAPHIQUE CHARBONNIERES LES BAINS;24,2;45.780835;4.739883;101692;AUVERGNE / RHONE-ALPES;69044;5003;69;758;Lyon;1639558;04-Unités urbaines de 100 000 hbts ou plus;1;26;319;-0,8;De 5 à 10 000 entrées;C;;B;91;66;2;55,7;34,7;5,8;3,8;52;31,6
301;6 595;113 706;ASSOCIATION ODESSA CINEMA;37,7;47.176632;3.0219310999999607;102173;BOURGOGNE / FRANCHE-COMTE;58059;4966;58;254;La Charité-sur-Loire;5450;06-autres communes et unités urbaines;2;31;922;-0,9;De 5 à 10 000 entrées;E;RDJPPR;C;165;119;2;60,1;30,1;7,5;2,4;106;37,3
2008;109 478;98 015;NORD EST CINEMA;18,1;49.773265;4.716286;102246;GRAND EST;8105;47847;8;8501;Charleville-Mézières;59465;05-Unités urbaines de 20 000 à 100 000 hbts;10;31;7 071;0,1;De 100 à 150 000 entrées;D;;C;237;138;100;42,8;47,1;6,4;3,8;108;17,9
210;10 171;72 013;ASSOCIATION AU FIL DU TEMPS;25,5;46.158309;4.170764;102284;AUVERGNE / RHONE-ALPES;42052;3694;42;42204;Charlieu;9321;06-autres communes et unités urbaines;2;26;802;-0,9;De 10 à 20 000 entrées;E;RDJPPR;C;134;92;12;40,9;50,1;3,3;5,7;72;32,3
212;3 208;396 093;CINEMA DE CHARMOILLE;31,9;47.246351;6.672576;102531;BOURGOGNE / FRANCHE-COMTE;25125;335;25;0;Zone rurale;14541106;04-Unités urbaines de 100 000 hbts ou plus;1;28;136;-1;De 2 à 5 000 entrées;E;;R;70;56;0;62,9;27,7;8,5;0,9;25;33,5
233;7 338;17 268;ASSOCIATION D'EDUCATION POULAIRE CINEMA;41,4;46.435078;4.273364;102853;BOURGOGNE / FRANCHE-COMTE;71106;2758;71;71105;Charolles;2758;06-autres communes et unités urbaines;2;29;482;-0,6;De 5 à 10 000 entrées;E;JP;I;78;63;7;60,8;26,5;9,2;3,5;26;31
2025;137 441;5 663;CINEPARADIS;30;48.442342;1.489294;103166;CENTRE-VAL DE LOIRE;28085;38875;28;28501;Chartres;89793;05-Unités urbaines de 20 000 à 100 000 hbts;11;31;7 639;23,3;De 100 à 150 000 entrées;D;JPPR;C;247;156;127;60,7;32,6;4,3;2,4;116;22,2
249;9 311;11 077;FEDERATION ESPERANCE CHARTRES DE BRETAGNE;15,7;48.040732;-1.692346;103201;BRETAGNE;35066;7355;35;35701;Rennes;330871;04-Unités urbaines de 100 000 hbts ou plus;1;25;192;-0,2;De 5 à 10 000 entrées;NON;;B;103;81;6;37,2;54,1;7;1,7;53;11,4
178;6 034;2 557;RENON IRENE EPOUSE VERGNAUD;36,5;45.823984;0.44846;103561;NOUVELLE AQUITAINE;16085;3036;16;16103;Chasseneuil-sur-Bonnieure;3036;06-autres communes et unités urbaines;1;28;384;1,4;De 5 à 10 000 entrées;E;;I;106;88;0;59,1;30,6;8,2;2,1;40;32,1
160;1 273;9 755;FAMILLES RURALES FEDERATION DEPARTEMENTALE DE VENDEE;74,2;46.647373;-0.742446;103922;PAYS DE LA LOIRE;85059;2536;85;85123;La Châtaigneraie;3843;06-autres communes et unités urbaines;1;9;40;-0,9;Moins de 2000 entrées;NON;;C;24;13;0;64,4;17,6;10,4;7,7;7;68,5
465;23 717;9 140;LE CINEMATOGRAPHE;27,7;44.068241;5.987231;103985;PROVENCE-ALPES-COTE D'AZUR;4049;5184;4;4203;Château-Arnoux-Saint-Auban;7189;06-autres communes et unités urbaines;3;31;2 143;1,6;De 20 à 30 000 entrées;E;RDJPPR;C;156;109;70;57,4;23,8;13,1;5,6;87;27,7
221;8 052;137 617;ASSOCIATION ETOILE CINEMA;42,3;48.110334;-1.405013;104032;BRETAGNE;35068;6917;35;35214;Châteaubourg;8907;06-autres communes et unités urbaines;1;31;192;-0,9;De 5 à 10 000 entrées;E;;C;105;81;1;54,6;27;12,2;6,2;50;48,5
748;35 182;8 139;EMERAUDE CINEMAS;39;47.721188;-1.376037;104051;PAYS DE LA LOIRE;44036;12067;44;44302;Châteaubriant;12067;06-autres communes et unités urbaines;4;29;1 987;3,3;De 30 à 40 000 entrées;E;JP;I;134;83;36;57,1;29,9;7,7;5,3;64;24,5
185;2 634;51 332;SCENI QUA NON;40,5;47.064474;3.93279;104091;BOURGOGNE / FRANCHE-COMTE;58062;2071;58;58101;Château-Chinon (Ville);2071;06-autres communes et unités urbaines;1;30;214;-0,9;De 2 à 5 000 entrées;E;PR;I;96;73;0;65,3;31,3;1,7;1,7;63;31,3
147;2 464;181 752;COMMUNE DE CHATEAU D'OLONNE;41,7;46.501324;-1.733545;104143;PAYS DE LA LOIRE;85060;13834;85;85403;Les Sables-d'Olonne;42649;05-Unités urbaines de 20 000 à 100 000 hbts;1;8;81;-1;De 2 à 5 000 entrées;NON;;C;33;15;0;57,2;33,2;6,4;3,3;28;39,5
127;6 777;15 897;CINE-OFF;28,6;47.696864;0.415325;104164;PAYS DE LA LOIRE;72071;6200;72;72204;Château-du-Loir;7439;06-autres communes et unités urbaines;1;26;246;-0,6;De 5 à 10 000 entrées;E;RDJPPR;C;94;63;0;56,4;31,9;8,5;3,2;55;22,5
412;18 117;2 447;BENTABET HOCINE;34,3;48.071336;1.331864;104181;CENTRE-VAL DE LOIRE;28088;12980;28;28302;Châteaudun;16558;06-autres communes et unités urbaines;3;30;1 446;6,4;De 10 à 20 000 entrées;E;JPPR;C;114;82;37;61,3;26,1;4,8;7,7;42;32
182;8 593;12 416;CASTEL CINEMA;23,6;48.045827;-1.499092;104282;BRETAGNE;35069;9561;35;35217;Châteaugiron;12746;06-autres communes et unités urbaines;1;26;170;-0,3;De 5 à 10 000 entrées;E;;C;92;68;3;58,5;39,4;1,7;0,4;34;21
445;29 908;18 474;LES 3 J;24,2;47.826896;-0.705609;104301;PAYS DE LA LOIRE;53062;11745;53;53302;Château-Gontier;16757;06-autres communes et unités urbaines;3;31;1 416;0,6;De 20 à 30 000 entrées;E;JP;C;145;103;55;38,1;40,9;5;16;48;41,3
194;5 337;4 431;LES CINEMAS DE L ODET;46,6;48.194912;-4.094078;104391;BRETAGNE;29026;5227;29;29204;Châteaulin;5616;06-autres communes et unités urbaines;1;25;252;0,2;De 5 à 10 000 entrées;E;JPPR;C;117;96;3;71,8;17,3;8,9;2;50;38
210;1 804;65 167;COMMUNAUTE DE COMMUNES BRIANCE-COMBADE;71,5;45.714496;1.608216;104642;NOUVELLE AQUITAINE;87040;1603;87;0;Zone rurale;14541106;04-Unités urbaines de 100 000 hbts ou plus;1;29;173;-1;Moins de 2000 entrées;E;;R;100;82;0;52,7;27,2;13,6;6,6;49;72,6
120;3 166;152 959;OFFICE MUNICIPAL DE LA CULTURE DE CHATEAUNEUF;87;43.383798;5.16491;104661;PROVENCE-ALPES-COTE D'AZUR;13026;15057;13;759;Marseille - Aix-en-Provence;1585498;04-Unités urbaines de 100 000 hbts ou plus;1;22;478;-1;De 2 à 5 000 entrées;NON;;B;61;46;0;33,5;33,3;19,3;13,9;17;96,7
62;4 777;27 378;VOX POPULI;15,7;47.931476;2.928439;104801;CENTRE-VAL DE LOIRE;45083;2237;45;0;Zone rurale;14541106;04-Unités urbaines de 100 000 hbts ou plus;1;30;384;-0,8;De 2 à 5 000 entrées;E;JPPR;R;103;57;0;34,9;55,8;7,1;2,1;63;11,7
329;11 613;61 463;POLYMAGES;35,5;43.885453;4.855476;104824;PROVENCE-ALPES-COTE D'AZUR;13027;15624;13;754;Avignon;456042;04-Unités urbaines de 100 000 hbts ou plus;3;28;1 357;-0,8;De 10 à 20 000 entrées;C;JPPR;B;139;92;19;60,7;26,7;7,5;5,1;69;32,2
216;8 906;15 015;ASSOCIATION CENTRE CULTUREL DE CHATEAU RENAULT;33,8;47.592055;0.915712;104851;CENTRE-VAL DE LOIRE;37063;5036;37;37203;Château-Renault;7221;06-autres communes et unités urbaines;1;28;550;-0,4;De 5 à 10 000 entrées;E;JPPR;C;127;82;2;64;27,1;5,2;3,7;60;26,8
328;14 347;3 059;ASSOCIATION POUR LA GESTION DES ESPACES CULTURELS;67,1;46.810828;1.697689;104863;CENTRE-VAL DE LOIRE;36044;43732;36;36501;Châteauroux;60779;05-Unités urbaines de 20 000 à 100 000 hbts;1;27;786;3,7;De 10 à 20 000 entrées;D;RDJPPR;C;100;49;12;50,4;23;18,1;8,5;91;75,6
1078;61 052;2 772;CINEMOVIDA;21,2;46.808819;1.690195;104881;CENTRE-VAL DE LOIRE;36044;43732;36;36501;Châteauroux;60779;05-Unités urbaines de 20 000 à 100 000 hbts;8;31;7 222;21;De 50 à 80 000 entrées;D;;C;153;110;93;46,6;47,1;2,8;3,6;52;13,6
190;1 536;25 558;COMMUNE DE CHATEAU SALINS;28,2;48.822643;6.507084;104933;GRAND EST;57132;2442;57;57113;Château-Salins;2442;06-autres communes et unités urbaines;1;27;93;-0,9;Moins de 2000 entrées;NON;;I;32;23;0;51,8;36;8,2;4;6;34,6
576;27 534;13 382;CINEMA THEATRE JEAN DE LA FONTAINE;44,1;49.046046;3.402936;104994;HAUTS DE FRANCE;2168;14602;2;2401;Château-Thierry;21591;05-Unités urbaines de 20 000 à 100 000 hbts;4;31;1 722;1,1;De 20 à 30 000 entrées;NON;;C;103;71;30;65,4;17,3;14,3;3;41;44,1
275;6 568;69 387;SOCIETE DES CINEMAS DU CHABLAIS;62,8;46.278127;6.859481;105091;AUVERGNE / RHONE-ALPES;74063;1224;74;74108;Abondance;3487;06-autres communes et unités urbaines;1;19;246;-0,9;De 5 à 10 000 entrées;NON;;C;43;34;24;54,3;23;12,3;10,4;9;63,7
100;2 272;26 546;SOCIETE DES CINEMAS DU CHABLAIS;34,4;46.2662845;6.84154239999998;105092;AUVERGNE / RHONE-ALPES;74063;1224;74;74108;Abondance;3487;06-autres communes et unités urbaines;1;11;140;-0,9;De 2 à 5 000 entrées;NON;;C;18;8;0;68,7;24,2;5,6;1,6;3;27,7
129;13 416;5 202;MJC LES 400 COUPS;64,9;46.810802;0.542436;105375;NOUVELLE AQUITAINE;86066;31809;86;86401;Châtellerault;40693;05-Unités urbaines de 20 000 à 100 000 hbts;1;31;665;1,6;De 10 à 20 000 entrées;D;RDJPPR;C;101;57;15;70,2;11,7;16,7;1,4;87;66,6
946;53 041;29 398;SARL CINEA;37,7;46.820621;0.544345;105404;NOUVELLE AQUITAINE;86066;31809;86;86401;Châtellerault;40693;05-Unités urbaines de 20 000 à 100 000 hbts;7;30;3 976;0,8;De 50 à 80 000 entrées;D;JP;C;198;115;96;60,4;24;9,5;6;58;44,9
551;18 879;36 170;ASSOCIATION CHATENAY ACTION CULTURE;24,3;48.765842;2.259825;105652;ILE-DE-FRANCE;92019;33330;92;851;Paris;10706072;02-Grande Couronne;2;26;1 182;-0,5;De 10 à 20 000 entrées;C;RDJPPR;B;113;76;45;69,4;23,9;1,2;5,5;73;27,7
199;2 141;6 242;ASSOCIATION CULTURELLE DU VENDELAIS;30,2;48.22475;-1.179471;105931;BRETAGNE;35072;1700;35;0;Zone rurale;14541106;04-Unités urbaines de 100 000 hbts ou plus;1;21;158;-0,7;De 2 à 5 000 entrées;E;JP;R;69;49;1;59,6;34;5,2;1,2;35;20,2
226;10 377;35 434;THEATRE DE CHATILLON;28,6;48.800675;2.288049;106031;ILE-DE-FRANCE;92020;37159;92;851;Paris;10706072;02-Grande Couronne;1;25;352;-0,7;De 10 à 20 000 entrées;C;;B;97;66;0;67,9;25,7;5,7;0,7;61;20,9
245;7 134;52 738;VILLE DE CHATILLON SUR CHALARONNE;33,3;46.119679;4.956909;106072;AUVERGNE / RHONE-ALPES;1093;4914;1;1124;Châtillon-sur-Chalaronne;4914;06-autres communes et unités urbaines;1;28;284;-0,9;De 5 à 10 000 entrées;E;JP;I;117;87;1;40,4;57,1;1,9;0,5;68;29,1
197;5 723;1 545 255;ALLIANCE BOURGUIGNONNE CINEMATOGRAPHIQUE;26,1;47.858822;4.57312;106181;BOURGOGNE / FRANCHE-COMTE;21154;5385;21;21203;Châtillon-sur-Seine;5385;06-autres communes et unités urbaines;2;28;463;-1;De 5 à 10 000 entrées;E;JPPR;I;111;85;4;41,9;48,1;7,4;2,5;52;17,5
459;24 968;6 439;ANIM ACTION;26,4;48.886917;2.156299;106262;ILE-DE-FRANCE;78146;31058;78;851;Paris;10706072;03-Petite couronne;2;25;855;2,9;De 20 à 30 000 entrées;NON;;B;65;43;19;55,1;33,9;4,2;6,7;26;33,7
193;4 537;11 603;GODET DIDIER;45,2;48.7407435;2.764804799999979;106291;CENTRE-VAL DE LOIRE;36046;4255;36;36202;La Châtre;6969;06-autres communes et unités urbaines;1;25;218;-0,6;De 2 à 5 000 entrées;E;;C;48;39;3;54,5;30,1;8,4;7;13;37
250;1 288;9 262;COMMUNE DE CHAUDES AIGUES;0;44.855415;3.005081;106582;AUVERGNE / RHONE-ALPES;15045;891;15;0;Zone rurale;14541106;04-Unités urbaines de 100 000 hbts ou plus;1;26;105;-0,9;Moins de 2000 entrées;E;;R;54;36;0;100;0;0;0;18;0
147;4 188;379 684;CINE ACTION PALACE;35,4;46.206256;4.339632;106673;BOURGOGNE / FRANCHE-COMTE;71120;3725;71;258;Chauffailles;6220;06-autres communes et unités urbaines;1;31;521;-1;De 2 à 5 000 entrées;E;JPPR;C;108;88;2;43,3;31,7;7,9;17,1;45;53,8
270;2 236;30 333;CINE VADROUILLE;22,8;44.76726;6.010559;106681;PROVENCE-ALPES-COTE D'AZUR;5039;383;5;0;Zone rurale;14541106;04-Unités urbaines de 100 000 hbts ou plus;1;13;72;-0,9;De 2 à 5 000 entrées;E;;R;9;3;0;62,2;31,7;4,3;1,8;6;23,1
1134;58 762;4 462;LES ECRANS DE CHAUMONT;23,5;48.110117;5.13491;107043;GRAND EST;52121;22333;52;52401;Chaumont;23370;05-Unités urbaines de 20 000 à 100 000 hbts;8;31;5 920;12,2;De 50 à 80 000 entrées;D;RDJP;C;214;157;111;52,6;43,8;3,6;0;101;23
380;13 421;47 917;ECRANPIC;17,6;49.622785;3.220456;107251;HAUTS DE FRANCE;2173;11831;2;2303;Chauny;17550;06-autres communes et unités urbaines;3;30;1 861;-0,7;De 10 à 20 000 entrées;E;JP;C;141;115;66;53;44,6;2,4;0;54;12,8
218;6 182;7 022;CHAUVIGNY CINEMA;15,9;46.568169;0.647781;107511;NOUVELLE AQUITAINE;86070;7105;86;86203;Chauvigny;7105;06-autres communes et unités urbaines;2;20;300;-0,1;De 5 à 10 000 entrées;E;RDJPPR;I;79;55;0;41,1;50,6;5,9;2,4;56;11,6
643;6 937;4 857;REGIE CULTURELLE ATRIUM DE CHAVILLE;48,8;48.813094;2.192579;108192;ILE-DE-FRANCE;92022;20001;92;851;Paris;10706072;02-Grande Couronne;1;27;216;0,4;De 5 à 10 000 entrées;NON;;B;80;60;2;71,8;24,2;3,2;0,8;37;59,4
195;1 868;15 837;UNION REG FEDERATIONS OEUVRES LAIQUES AUVERGNE RHONE ALPES;25,3;45.877437;4.7121;108298;AUVERGNE / RHONE-ALPES;69052;4095;69;758;Lyon;1639558;04-Unités urbaines de 100 000 hbts ou plus;1;15;34;-0,9;Moins de 2000 entrées;NON;;B;30;20;0;52,9;38,7;5,2;3,2;13;30
146;2 474;23 384;CINE CHEF;31;46.108833;-0.068552;108592;NOUVELLE AQUITAINE;79083;2137;79;79101;Chef-Boutonne;2137;06-autres communes et unités urbaines;1;29;189;-0,9;De 2 à 5 000 entrées;E;JP;I;97;79;0;55;35,8;6,7;2,5;46;26,6
645;22 477;112 618;STUDIO 43;21,1;48.877872;2.586341;108774;ILE-DE-FRANCE;77108;53833;77;851;Paris;10706072;03-Petite couronne;2;28;1 578;-0,8;De 20 à 30 000 entrées;C;JP;B;120;78;13;46,4;44,9;4,8;3,9;58;17,5
198;4 600;343 559;ABC49 LES AMIS DU BON CINEMA;0;47.212271;-0.72686;108932;PAYS DE LA LOIRE;49092;21492;49;49210;Chemillé;21492;05-Unités urbaines de 20 000 à 100 000 hbts;1;27;186;-1;De 2 à 5 000 entrées;D;;I;78;61;0;#N/A;#N/A;#N/A;#N/A;31;#DIV/0!
1025;23 035;7 563;SOCIETE RENNAISE DE DIFFUSION CINEMATOGRAPHIQUE;22,9;49.638968;-1.621407;109792;NORMANDIE;50129;80616;50;50501;Cherbourg-Octeville;83311;05-Unités urbaines de 20 000 à 100 000 hbts;5;27;3 697;2;De 20 à 30 000 entrées;B;RDJPPR;C;226;149;123;54;38,9;5,1;1,9;189;20,4
2487;110 875;19 155;MONCHERBOURG;43;49.642211;-1.613365;109836;NORMANDIE;50129;80616;50;50501;Cherbourg-Octeville;83311;05-Unités urbaines de 20 000 à 100 000 hbts;12;31;12 190;4,8;De 100 à 150 000 entrées;NON;;C;154;111;104;59;30,7;4,5;5,7;31;53,1
3923;233 168;23 905;GAUMONT;33,5;48.880488;2.772675;110351;ILE-DE-FRANCE;77111;5131;77;851;Paris;10706072;03-Petite couronne;15;31;13 689;8,8;De 200 à 300 000 entrées;NON;;B;194;102;100;52,3;26,5;12,2;9;34;32,6
216;16 327;49 598;LE CINEMA DE CHESSY;18,6;48.856412;2.773682;110372;ILE-DE-FRANCE;77111;5131;77;851;Paris;10706072;03-Petite couronne;2;31;2 078;-0,7;De 10 à 20 000 entrées;C;;B;194;100;17;44,1;45,8;7,6;2,5;81;14,7
405;5 823;93;CENTRE CULTUREL DE CHEVILLY LARUE;45,8;48.770432;2.350955;110761;ILE-DE-FRANCE;94021;19169;94;851;Paris;10706072;02-Grande Couronne;1;25;245;61,6;De 5 à 10 000 entrées;C;;B;72;55;0;58,3;30,7;8,2;2,9;39;50,7
159;2 605;181 654;ASSOCIATION SOU DES ECOLES LAIQUES DE LA VILLE DU CHEYLARD;7,5;44.907088;4.421455;111071;AUVERGNE / RHONE-ALPES;7064;3032;7;7114;Le Cheylard;4014;06-autres communes et unités urbaines;1;20;91;-1;De 2 à 5 000 entrées;NON;;C;44;34;0;42,8;50,9;4,8;1,5;12;4
409;17 622;23 072;ASSOCIATION FRANCOIS TRUFFAUT;54,6;48.703333;2.314917;111583;ILE-DE-FRANCE;91161;20258;91;851;Paris;10706072;03-Petite couronne;2;29;1 626;-0,2;De 10 à 20 000 entrées;C;RDJPPR;B;232;133;12;69,3;23,9;4,7;2,1;164;48,4
350;12 354;33 437;ASSOCIATION CINEMA LE RABELAIS;29,7;47.16663;0.240401;111621;CENTRE-VAL DE LOIRE;37072;8101;37;37205;Chinon;9906;06-autres communes et unités urbaines;1;31;441;-0,6;De 10 à 20 000 entrées;E;JPPR;C;139;103;17;74;19,4;4,5;2,1;83;31,1
181;13 046;52 169;CENTRE D'ACTION CULTURELLE THEATRE PAUL ELUARD CHOISY LE ROI;28,2;48.766383;2.414699;112014;ILE-DE-FRANCE;94022;43846;94;851;Paris;10706072;02-Grande Couronne;1;25;444;-0,7;De 10 à 20 000 entrées;C;JP;B;89;62;0;59,1;29,6;6,8;4,5;46;26,2
1443;118 531;64 231;SOCIETE NOUVELLE D  ENTREPRISE DE SPECTACLES;40,1;47.061739;-0.881773;112095;PAYS DE LA LOIRE;49099;53800;49;49501;Cholet;57841;05-Unités urbaines de 20 000 à 100 000 hbts;10;31;9 648;0,8;De 100 à 150 000 entrées;D;RDJPPR;C;231;139;118;56,5;31,9;9,3;2,3;102;41,9
426;18 977;8 573;SOCIETE DU KURSAAL CINEMA;46,2;43.175703;5.604941;112811;PROVENCE-ALPES-COTE D'AZUR;13028;35580;13;757;Toulon;569793;04-Unités urbaines de 100 000 hbts ou plus;3;31;2 115;1,2;De 10 à 20 000 entrées;C;RD;B;159;126;90;62;24,9;4;9,1;81;48,4
142;9 736;562;ASSOCIATION LES LUMIERES DE L' EDEN;42,1;43.177341;5.610704;112825;PROVENCE-ALPES-COTE D'AZUR;13028;35580;13;757;Toulon;569793;04-Unités urbaines de 100 000 hbts ou plus;1;30;568;16,3;De 5 à 10 000 entrées;C;JPPR;B;174;85;3;57,9;24,9;14;3,2;122;30,7
126;6 881;6 200;TEXIER PASCAL;17,3;46.148022;0.295463;113131;NOUVELLE AQUITAINE;86078;2664;86;86113;Civray;4019;06-autres communes et unités urbaines;1;29;563;0,1;De 5 à 10 000 entrées;E;RDJPPR;C;145;98;3;43,9;49,5;4,6;2;69;14,7
116;984;114 784;ASSOCIATION LE PARVIS SCENE NATIONALE TARBES PYRENEES;15,2;43.257218;0.483469;113271;OCCITANIE;65148;125;65;0;Zone rurale;14541106;04-Unités urbaines de 100 000 hbts ou plus;1;30;98;-1;Moins de 2000 entrées;E;;R;89;76;8;88,9;11,1;0;0;34;14,2
176;1 386;755 213;COMMUNE DE CLAMART;31;48.802513;2.263801;113523;ILE-DE-FRANCE;92023;52645;92;851;Paris;10706072;02-Grande Couronne;1;8;90;-1;Moins de 2000 entrées;C;RDJP;B;22;8;2;67,3;21,4;10,4;0,9;17;36,2
243;8 394;730 099;EDEN CINEMA SARL;31,1;47.458201;3.515322;113611;BOURGOGNE / FRANCHE-COMTE;58079;3867;58;58107;Clamecy;4165;06-autres communes et unités urbaines;2;30;917;-1;De 5 à 10 000 entrées;NON;;C;119;91;21;64,1;29,4;5,1;1,5;57;25,7
356;21 250;399 249;COMMUNE DE CLAYES SOUS BOIS;32,9;48.821274;1.987156;114032;ILE-DE-FRANCE;78165;17645;78;851;Paris;10706072;03-Petite couronne;2;31;1 184;-0,9;De 20 à 30 000 entrées;C;JP;B;137;94;11;59,2;23,4;12,4;5;67;27,5
193;3 460;51 048;ASSOCIATION CULTURE ET LOISIRS CINEMA;32;46.290173;4.304916;114062;BOURGOGNE / FRANCHE-COMTE;71133;1706;71;71110;La Clayette;2947;06-autres communes et unités urbaines;1;29;248;-0,9;De 2 à 5 000 entrées;E;JP;C;98;80;0;67,7;24,1;5,2;3;44;35,1
129;1 560;40 553;ECRAN VAGABOND DU TRIEVES;18,4;44.814065;5.63181;114211;AUVERGNE / RHONE-ALPES;38113;571;38;0;Zone rurale;14541106;04-Unités urbaines de 100 000 hbts ou plus;1;28;44;-1;Moins de 2000 entrées;NON;;R;42;33;0;38,1;56;4,3;1,6;26;25,7
110;8 202;39 601;COMMUNE DE CLERMONT;50;49.377974;2.414916;114523;HAUTS DE FRANCE;60157;10548;60;60401;Clermont;21674;05-Unités urbaines de 20 000 à 100 000 hbts;1;27;380;-0,8;De 5 à 10 000 entrées;D;JPPR;C;103;73;2;74,6;22,9;1,9;0,6;44;52,2
230;21 897;2 762;OFFICE CULTUREL CLERMONTAIS;83,1;43.625579;3.435522;114564;OCCITANIE;34079;8667;34;34213;Clermont-l'Hérault;10400;06-autres communes et unités urbaines;1;29;723;6,9;De 20 à 30 000 entrées;E;RDJPPR;C;160;115;22;58,8;16,6;16,4;8,3;87;87,7
670;40 613;92 212;UGC;21,8;45.776195;3.081674;114621;AUVERGNE / RHONE-ALPES;63113;141398;63;63701;Clermont-Ferrand;265892;04-Unités urbaines de 100 000 hbts ou plus;5;31;3 778;-0,6;De 40 à 50 000 entrées;A;RD;C;119;78;77;46,8;42,7;8,5;2;98;20,1
159;11 576;227 891;ASSOCIATION LES AMIS DU RIO;23,8;45.803623;3.108544;114664;AUVERGNE / RHONE-ALPES;63113;141398;63;63701;Clermont-Ferrand;265892;04-Unités urbaines de 100 000 hbts ou plus;1;27;766;-0,9;De 10 à 20 000 entrées;A;RDJPPR;C;120;43;9;63,7;36,3;0;0;97;29,8
1234;39 077;3 001;LES CINEMAS PATHE GAUMONT;28,6;45.77645;3.08216;114701;AUVERGNE / RHONE-ALPES;63113;141398;63;63701;Clermont-Ferrand;265892;04-Unités urbaines de 100 000 hbts ou plus;7;31;5 236;12;De 30 à 40 000 entrées;NON;;C;118;74;72;68,7;22,4;6,8;2;20;24,4
269;20 285;28 722;LE PARIS;35,1;45.778539;3.081053;114717;AUVERGNE / RHONE-ALPES;63113;141398;63;63701;Clermont-Ferrand;265892;04-Unités urbaines de 100 000 hbts ou plus;3;27;2 305;-0,3;De 20 à 30 000 entrées;A;RDJPPR;C;89;58;55;60,2;29,2;7,8;2,7;80;29,1
1162;52 380;13 189;LE PARIS;28,2;45.774394;3.08166;114720;AUVERGNE / RHONE-ALPES;63113;141398;63;63701;Clermont-Ferrand;265892;04-Unités urbaines de 100 000 hbts ou plus;7;31;6 662;3;De 50 à 80 000 entrées;NON;;C;102;72;69;60;14,7;24,1;1,2;18;36
2218;82 484;3 385;PROCHIMAT SARL;23,7;45.807582;3.109175;114727;AUVERGNE / RHONE-ALPES;63113;141398;63;63701;Clermont-Ferrand;265892;04-Unités urbaines de 100 000 hbts ou plus;12;31;12 112;23,4;De 80 à 100 000 entrées;NON;;C;144;102;99;64;30,6;2,9;2,5;22;28,6
150;6 462;298 104;FEDERATION DEPARTEMENTALE FOYERS RURAUX DE SAONE ET LOIRE;24,5;46.4211271;4.821967699999959;114971;BOURGOGNE / FRANCHE-COMTE;71135;848;71;0;Zone rurale;14541106;04-Unités urbaines de 100 000 hbts ou plus;1;22;175;-1;De 5 à 10 000 entrées;E;JP;R;31;2;0;46,2;43,3;7,5;2,9;24;19,1
549;10 495;116 090;COMMUNE DE CLICHY LA GARENNE;50;48.90196;2.309342;115104;ILE-DE-FRANCE;92024;60435;92;851;Paris;10706072;02-Grande Couronne;1;21;364;-0,9;De 10 à 20 000 entrées;C;;B;89;61;0;52,6;33,1;12;2,3;46;62
432;22 470;3 152;CINEMA LE CONNETABLE;17,9;47.083295;-1.287262;115334;PAYS DE LA LOIRE;44043;6883;44;365;Clisson;18440;06-autres communes et unités urbaines;2;31;663;6,1;De 20 à 30 000 entrées;E;JP;C;151;123;45;43;47,8;6,6;2,5;72;14,9
289;4 772;5 080;COMMUNE DE CLUNY;50,8;46.43482;4.657216;115511;BOURGOGNE / FRANCHE-COMTE;71137;4803;71;71112;Cluny;4803;06-autres communes et unités urbaines;1;25;219;-0,1;De 2 à 5 000 entrées;E;JPPR;I;77;52;0;61,6;25,7;6,2;6,5;45;52,5
313;5 021;15 051;DUO;16,2;45.904524;6.425393;115521;AUVERGNE / RHONE-ALPES;74080;1770;74;0;Zone rurale;14541106;04-Unités urbaines de 100 000 hbts ou plus;1;22;236;-0,7;De 5 à 10 000 entrées;NON;;R;50;40;23;46,9;47,5;4,5;1,1;10;12
256;3 747;10 808;DOMAINE SKIABLE DE FLAINE;33,8;46.050618;6.587273;115562;AUVERGNE / RHONE-ALPES;74081;17538;74;74502;Cluses;89490;05-Unités urbaines de 20 000 à 100 000 hbts;1;20;194;-0,7;De 2 à 5 000 entrées;NON;;C;62;45;33;67,3;24,9;7,8;0;15;36,5
600;3 848;57 986;CINEVALLEES;38,7;46.058081;6.580638;115565;AUVERGNE / RHONE-ALPES;74081;17538;74;74502;Cluses;89490;05-Unités urbaines de 20 000 à 100 000 hbts;1;10;87;-0,9;De 2 à 5 000 entrées;D;;C;43;18;0;60,7;30,6;4,9;3,7;35;34,5
655;9 988;14 807;CINEMONDE;20,8;46.063557;6.58368;115566;AUVERGNE / RHONE-ALPES;74081;17538;74;74502;Cluses;89490;05-Unités urbaines de 20 000 à 100 000 hbts;3;19;1 321;-0,3;De 5 à 10 000 entrées;NON;;C;104;85;26;43,9;48,5;5,4;2,2;65;16,5
962;23 390;2 896;RAYLUMOND;18,1;45.69146;-0.322862;115891;NOUVELLE AQUITAINE;16102;18654;16;16401;Cognac;26408;05-Unités urbaines de 20 000 à 100 000 hbts;7;10;1 515;7,1;De 20 à 30 000 entrées;NON;;C;43;30;24;35,8;53,4;8,3;2,4;10;12,4
130;5 542;34 142;POLYMAGES;32,9;43.250728;6.537455;116021;PROVENCE-ALPES-COTE D'AZUR;83042;12387;83;83305;Cogolin;12387;06-autres communes et unités urbaines;1;31;605;-0,8;De 5 à 10 000 entrées;E;;I;85;72;20;57,7;33,5;6;2,7;34;37,8
322;849;18 931;MAISON DES JEUNES ET DE LA CULTURE DU THEATRE DE COLOMBES;38,8;48.923862;2.250041;117025;ILE-DE-FRANCE;92025;85199;92;851;Paris;10706072;02-Grande Couronne;1;8;16;-1;Moins de 2000 entrées;C;;B;7;0;0;58,1;29;6,4;6,5;7;38,1
477;48 765;80 192;QUATRE CLUBS SARL;20;48.923159;2.255372;117051;ILE-DE-FRANCE;92025;85199;92;851;Paris;10706072;02-Grande Couronne;4;31;3 065;-0,4;De 40 à 50 000 entrées;C;JPPR;B;138;96;66;48,9;41,9;3;6,2;70;22,4
412;18 023;38 974;COMMUNE DE COLOMIERS;23,2;43.611008;1.332576;117341;OCCITANIE;31149;38801;31;31701;Toulouse;948433;04-Unités urbaines de 100 000 hbts ou plus;2;31;1 179;-0,5;De 10 à 20 000 entrées;C;RDJPPR;B;133;82;21;67;27,4;4,2;1,4;80;23,3
296;12 346;4 283;ASSOCIATION LA CHATEAUBRIAND;7,9;48.412765;-1.750635;117742;BRETAGNE;35085;5862;35;35205;Combourg;5862;06-autres communes et unités urbaines;2;32;761;1,9;De 10 à 20 000 entrées;E;RDJP;I;176;138;24;37,2;58,2;2,4;2,3;92;5,2
236;4 737;9 686;SCENE NATIONALE DE SENART;15,1;48.659579;2.566711;117921;ILE-DE-FRANCE;77122;22154;77;851;Paris;10706072;03-Petite couronne;1;26;301;-0,5;De 2 à 5 000 entrées;NON;;B;82;60;0;60,8;32,3;5,7;1,2;46;9,2
0;5 822;50 017;UNION DEPARTEMENT ASSOCIATIONS D'ANIMATION MILIEU RURAL ALLIER;21,8;46.287439;2.74393;118073;AUVERGNE / RHONE-ALPES;3082;6329;3;3203;Commentry;7140;06-autres communes et unités urbaines;1;25;170;-0,9;De 5 à 10 000 entrées;NON;;C;27;18;0;54,6;39,7;4,7;1,1;10;22
215;2 922;543 356;ASSOCIATION OFFICE MUNICIPAL D'ANIMATION;46,2;48.763489;5.589497;118135;GRAND EST;55122;5826;55;55203;Commercy;5826;06-autres communes et unités urbaines;1;19;141;-1;De 2 à 5 000 entrées;E;;I;62;58;1;59,9;26,4;8,1;5,6;32;41
801;53 413;157 487;SOCIETE DES CINEMAS CELTIC;73,8;47.899073;-3.909554;118495;BRETAGNE;29039;19182;29;29404;Concarneau;26225;05-Unités urbaines de 20 000 à 100 000 hbts;5;31;3 504;-0,7;De 50 à 80 000 entrées;D;JP;C;151;95;65;61,8;20,4;12;5,8;64;75,5
381;6 787;5 850;LES FEUX DE LA RAMPE;26,1;48.8506;-0.551002;119054;NORMANDIE;14174;6834;14;262;Condé-sur-Noireau;8255;06-autres communes et unités urbaines;1;30;353;0,2;De 5 à 10 000 entrées;E;JP;C;99;74;3;69,8;20,8;4,1;5,3;44;21,5
340;4 174;6 419;LIGUE DE L' ENSEIGNEMENT DE BASSE-NORMANDIE;63,2;49.06477;-1.036857;119122;NORMANDIE;50139;4082;50;50106;Condé-sur-Vire;4082;06-autres communes et unités urbaines;1;22;107;-0,3;De 2 à 5 000 entrées;E;JP;I;42;21;0;63,5;11,7;5,5;19,4;18;71,1
273;6 230;9 218;LES LUMIERES DE LA VILLE;16,8;43.955916;0.372655;119181;OCCITANIE;32107;6695;32;32203;Condom;6695;06-autres communes et unités urbaines;2;30;393;-0,3;De 5 à 10 000 entrées;E;RDJPPR;I;188;135;22;50,1;45;4,5;0,5;116;18,2
159;2 536;552 138;CENTRE CULTUREL JEAN VILAR - CINEMA LUX;79,5;49.168276;5.857616;119281;GRAND EST;54136;2356;54;54301;Jarny;12197;06-autres communes et unités urbaines;1;29;141;-1;De 2 à 5 000 entrées;NON;;B;39;31;1;69,8;16,3;8,7;5,1;11;81,9
3105;329 801;339 013;PATHE CONFLANS;44,8;49.004829;2.077668;119305;ILE-DE-FRANCE;78172;35019;78;851;Paris;10706072;03-Petite couronne;13;31;11 471;0;De 300 à 450 000 entrées;NON;;B;223;131;116;63,4;24,5;8,7;3,4;61;47,1
149;5 310;5 993;ASSOCIATION CULTURELLE EMILE ROUX;50,7;46.012696;0.670482;119331;NOUVELLE AQUITAINE;16106;2711;16;16102;Confolens;2711;06-autres communes et unités urbaines;1;28;494;-0,1;De 5 à 10 000 entrées;E;JP;I;143;99;0;60,1;33,3;3,8;2,7;78;57,4
100;2 633;34 582;DK PRODUCTION;28,4;43.803799;7.330148;119812;PROVENCE-ALPES-COTE D'AZUR;6048;7412;6;6701;Nice;943354;04-Unités urbaines de 100 000 hbts ou plus;1;29;62;-0,9;De 2 à 5 000 entrées;NON;;B;49;41;1;73,1;17,2;7,7;2;12;25,3
250;546;795 838;SOCIETE D EXPLOITATION DU CASINO ET HOTELS DE CONTREXEVILLE;37;48.187388;5.923709;120071;GRAND EST;88114;3259;88;88109;Contrexéville;3259;06-autres communes et unités urbaines;1;20;102;-1;Moins de 2000 entrées;NON;;I;39;30;0;30,2;62,1;7,2;0,5;11;41,5
2371;152 053;12 051;GAUMONT;77;50.931939;1.8108;120181;HAUTS DE FRANCE;62239;2519;62;62504;Calais;100640;04-Unités urbaines de 100 000 hbts ou plus;12;31;10 459;11,6;De 150 à 200 000 entrées;NON;;B;177;114;99;56,7;16,7;19,2;7,4;44;73,3
615;4 485;2 454;SARL CINE FOGATA LUCIANI;72,2;42.627056;8.921392;120241;CORSE;2B093;957;2B;0;Zone rurale;14541106;04-Unités urbaines de 100 000 hbts ou plus;2;28;401;0,8;De 2 à 5 000 entrées;NON;;R;81;56;1;59,9;19,7;10,9;9,5;31;77,5
380;17 699;694 551;EDEN CASINO;57,4;48.603813;2.469302;120293;ILE-DE-FRANCE;91174;50412;91;851;Paris;10706072;03-Petite couronne;3;31;1 975;-1;De 10 à 20 000 entrées;C;JPPR;B;158;114;54;57;29;7,9;6,1;82;65,7
371;2 036;6 947;CINE DOCKS;77;49.908852;2.515061;120434;HAUTS DE FRANCE;80212;6293;80;80208;Corbie;8149;06-autres communes et unités urbaines;1;13;19;-0,7;De 2 à 5 000 entrées;NON;;C;15;10;0;31,1;44,7;14;10,2;8;91,5
307;5 226;7 195;COMMUNE DE CORMEILLES EN PARISIS;23,8;48.959824;2.189151;120963;ILE-DE-FRANCE;95176;23661;95;851;Paris;10706072;03-Petite couronne;1;22;119;-0,3;De 5 à 10 000 entrées;NON;;B;99;59;0;62,5;30,9;3,4;3,2;51;19,6
232;3 200;5 421;SARL PIEVE DI TALCINI;32,1;42.301162;9.151626;121792;CORSE;2B096;7331;2B;2B203;Corte;7331;06-autres communes et unités urbaines;2;17;556;-0,4;De 2 à 5 000 entrées;NON;;I;41;31;10;61,9;31;3,2;3,9;11;30
320;16 472;9 731;EDEN CINEMA SARL;33,5;47.409738;2.924065;121951;BOURGOGNE / FRANCHE-COMTE;58086;10388;58;58301;Cosne-Cours-sur-Loire;11508;06-autres communes et unités urbaines;2;30;930;0,7;De 10 à 20 000 entrées;E;;C;117;93;11;57,7;29,4;6;6,8;43;43,7
54;3 393;7 720;ASSOCIATION COTIGNAC CINEMA;37,4;43.527138;6.149835;122243;PROVENCE-ALPES-COTE D'AZUR;83046;2254;83;83204;Carcès;7028;06-autres communes et unités urbaines;1;20;106;-0,6;De 2 à 5 000 entrées;E;;C;78;59;2;63;28,9;6;2,1;43;24,7
278;4 367;92 168;ASSOCIATION RETAISE DE DEVELOPPEMENT CULTUREL;22,7;46.191994;-1.426164;122291;NOUVELLE AQUITAINE;17121;1199;17;17118;Ars-en-Ré;4467;06-autres communes et unités urbaines;1;28;503;-1;De 2 à 5 000 entrées;E;;C;115;89;2;52,7;36,1;8,2;2,9;63;17,2
314;6 077;10 536;CINE LIGUE HAUTS DE FRANCE;36,8;51.018022;2.380798;122525;HAUTS DE FRANCE;59155;21360;59;59602;Dunkerque;177103;04-Unités urbaines de 100 000 hbts ou plus;1;27;98;-0,4;De 5 à 10 000 entrées;NON;;B;50;38;0;51,5;33,3;3,3;11,9;23;42,6
0;12 410;34 926;CINE RURAL 60;18,8;49.412798;1.840232;122720;HAUTS DE FRANCE;60164;951;60;0;Zone rurale;14541106;04-Unités urbaines de 100 000 hbts ou plus;1;27;372;-0,6;De 10 à 20 000 entrées;E;JPPR;R;64;29;0;39,7;55;4,5;0,7;30;15,3
568;16 105;265 965;ZARATHUSHTRA;44,4;48.809696;3.090876;123373;ILE-DE-FRANCE;77131;15116;77;77402;Coulommiers;27344;03-Petite couronne;4;19;1 016;-0,9;De 10 à 20 000 entrées;D;JP;C;43;30;19;100;0;0;0;11;68,4
360;1 544;50 554;ASSOCIATION ESPACE CARPEAUX;1,6;48.899883;2.259136;123905;ILE-DE-FRANCE;92026;83136;92;851;Paris;10706072;02-Grande Couronne;1;3;11;-1;Moins de 2000 entrées;NON;;B;8;4;1;80,7;19,3;0;0;0;1,4
139;18 446;269 904;ASSOCIATION ESPACE CARPEAUX;20,2;48.901327;2.271867;123914;ILE-DE-FRANCE;92026;83136;92;851;Paris;10706072;02-Grande Couronne;1;30;779;-0,9;De 10 à 20 000 entrées;NON;;B;126;78;2;48,6;44,4;5,3;1,7;69;13
195;8 592;19 280;ASSOCIATION DEVELOPPEMENT LOISIRS ET CULTURE;39,6;48.926821;2.391627;125135;ILE-DE-FRANCE;93027;41733;93;851;Paris;10706072;02-Grande Couronne;1;28;569;-0,6;De 5 à 10 000 entrées;C;RDJPPR;B;156;78;0;53,4;31,4;6,6;8,5;95;42,5
476;18 861;161 556;KALEIDOSCOPE;55,6;45.731555;3.199146;125201;AUVERGNE / RHONE-ALPES;63124;19768;63;63701;Clermont-Ferrand;265892;04-Unités urbaines de 100 000 hbts ou plus;3;31;2 477;-0,9;De 10 à 20 000 entrées;C;;B;119;100;33;38,9;15,8;19,7;25,5;62;54,1
124;2 640;2 623;ASSOCIATION COURPIERE CINEMA;76;45.755201;3.536932;125291;AUVERGNE / RHONE-ALPES;63125;4234;63;63115;Courpière;4234;06-autres communes et unités urbaines;1;31;184;0;De 2 à 5 000 entrées;NON;;I;90;69;1;61,4;17,5;11,9;9,2;43;82,1
292;5 860;14 822;ASSOCIATION CULTURE ET RENCONTRES;28,2;50.453829;2.940575;125322;HAUTS DE FRANCE;62250;10696;62;756;Douai - Lens;504537;04-Unités urbaines de 100 000 hbts ou plus;1;20;189;-0,6;De 5 à 10 000 entrées;NON;;B;55;45;2;44,7;40,7;12;2,6;9;25,3
189;1 177;345;UNION REG FEDERATIONS OEUVRES LAIQUES AUVERGNE RHONE ALPES;58,8;46.100564;4.328791;125424;AUVERGNE / RHONE-ALPES;69066;4589;69;69106;Cours-la-Ville;4589;06-autres communes et unités urbaines;1;24;69;2,4;Moins de 2000 entrées;NON;;I;59;39;0;49,2;40,6;10,2;0;23;40,1
240;5 432;12 240;SOCIETE NORMANDE D EXPLOITATION INDUSTRIELLE ET COMMERCIALE;37,8;49.334767;-0.457474;125513;NORMANDIE;14191;4118;14;14118;Courseulles-sur-Mer;4118;06-autres communes et unités urbaines;1;28;288;-0,6;De 5 à 10 000 entrées;E;;I;105;74;0;71,1;22,8;4,1;2;45;33,9
104;676;41 174;VILLE DE LA COURTINE;46,9;45.701627;2.260588;125933;NOUVELLE AQUITAINE;23067;710;23;0;Zone rurale;14541106;04-Unités urbaines de 100 000 hbts ou plus;1;30;85;-1;Moins de 2000 entrées;NON;;R;56;47;0;74,7;16,9;5,9;2,6;17;49,9
272;20 382;26 385;SOCIETE DU CINEMA MAJESTIC;42,4;49.050552;-1.444356;126311;NORMANDIE;50147;8688;50;50206;Coutances;9110;06-autres communes et unités urbaines;2;30;1 240;-0,2;De 20 à 30 000 entrées;E;RDJPPR;C;142;103;26;61,7;22,3;10,7;5,3;78;48,5
183;22 130;17 940;CENTRE DEPARTEMENTAL DE PROMOTION DU CINEMA;70,7;45.904817;6.100656;127103;AUVERGNE / RHONE-ALPES;74010;125694;74;74601;Annecy;168098;04-Unités urbaines de 100 000 hbts ou plus;1;31;708;0,2;De 20 à 30 000 entrées;C;RDJP;C;183;116;5;61,3;19;12,7;7;119;75,5
349;5 263;19 716;UNION REG FEDERATIONS OEUVRES LAIQUES AUVERGNE RHONE ALPES;14,9;45.745756;4.718034;127232;AUVERGNE / RHONE-ALPES;69069;10979;69;758;Lyon;1639558;04-Unités urbaines de 100 000 hbts ou plus;1;18;124;-0,7;De 5 à 10 000 entrées;NON;;B;70;50;0;44,9;44,3;1,5;9,3;38;22,2
222;5 227;41 001;COMMUNE DE LA CRECHE;49,6;46.362399;-0.298072;127501;NOUVELLE AQUITAINE;79048;5524;79;79202;La Crèche;5524;06-autres communes et unités urbaines;1;29;214;-0,9;De 5 à 10 000 entrées;E;JPPR;I;104;75;0;79,9;8,1;7,6;4,3;51;49,2
270;5 271;29 848;ESPACE PONTHIEU MARQUENTERRE;43,1;50.253278;1.884465;127571;HAUTS DE FRANCE;80222;1475;80;0;Zone rurale;14541106;04-Unités urbaines de 100 000 hbts ou plus;1;30;268;-0,8;De 5 à 10 000 entrées;E;JP;R;84;55;1;57,9;26,2;9,5;6,3;30;44,6
749;1 446;15 258;OFFICE MUNICIPAL CULTUREL DE CREIL;23,7;49.259398;2.472183;127661;HAUTS DE FRANCE;60175;35575;60;60601;Creil;120350;04-Unités urbaines de 100 000 hbts ou plus;1;16;60;-0,9;Moins de 2000 entrées;NON;;C;37;25;0;43,3;46,6;5,9;4,3;21;19,4
189;8 986;107 453;OFFICE CREONNAIS CULTURE LOISIRS;49,4;44.773724;-0.348948;127821;NOUVELLE AQUITAINE;33140;4579;33;33114;Créon;4579;06-autres communes et unités urbaines;1;31;590;-0,9;De 5 à 10 000 entrées;E;RDJPPR;I;154;108;2;49,2;37,3;7,1;6,4;90;44,2
548;36 329;16 209;AMBIANCE COMPIEGNOISE;28,8;49.231725;2.890294;128114;HAUTS DE FRANCE;60176;15049;60;60303;Crépy-en-Valois;15049;06-autres communes et unités urbaines;4;31;2 366;1,2;De 30 à 40 000 entrées;NON;;I;133;100;52;65,7;27,4;4,7;2,2;59;31,6
220;573;98 632;CINE PLAN;39,5;43.655112;3.943144;128142;OCCITANIE;34090;9220;34;34701;Montpellier;428909;04-Unités urbaines de 100 000 hbts ou plus;1;3;6;-1;Moins de 2000 entrées;NON;;B;6;2;0;69,2;16,5;7,2;7;4;38,8
544;27 486;64 044;LE NAVIRE;37,8;44.726462;5.02496;128421;AUVERGNE / RHONE-ALPES;26108;8270;26;26302;Crest;13877;06-autres communes et unités urbaines;3;31;1 287;-0,6;De 20 à 30 000 entrées;E;RDJPPR;C;164;110;20;72,9;18,9;5,5;2,7;93;32,5
92;6 289;625 517;MAISON DES JEUNES ET DE LA CULTURE DU MONT MESLY;25,2;48.777428;2.466468;128535;ILE-DE-FRANCE;94028;90739;94;851;Paris;10706072;02-Grande Couronne;1;29;684;-1;De 5 à 10 000 entrées;C;JP;B;121;82;0;54;37,9;5;3;79;18,1
490;32 547;137 344;CINEMAS DU PALAIS;41,3;48.786063;2.444158;128541;ILE-DE-FRANCE;94028;90739;94;851;Paris;10706072;02-Grande Couronne;3;30;2 458;-0,8;De 30 à 40 000 entrées;C;RDJPPR;B;162;105;66;61,9;31,2;2,2;4,7;124;38
456;15 016;9 637;GERARD DAVOINE ET SES ENFANTS;41,2;46.805596;4.420044;128605;BOURGOGNE / FRANCHE-COMTE;71153;21887;71;71401;Le Creusot;33444;05-Unités urbaines de 20 000 à 100 000 hbts;4;31;2 268;0,6;De 10 à 20 000 entrées;NON;;C;98;64;44;57,8;30,6;5,5;6;44;39,9
247;9 788;26 465;SOCIETE RENNAISE DE DIFFUSION CINEMATOGRAPHIQUE;51,9;47.292765;-2.509877;129441;PAYS DE LA LOIRE;44049;4040;44;44601;Saint-Nazaire;152164;04-Unités urbaines de 100 000 hbts ou plus;1;31;594;-0,6;De 5 à 10 000 entrées;C;;B;163;116;20;61,8;23,2;7,9;7,1;73;56,1
177;8 738;7 441;LES FEUX DE LA RAMPE;36,2;48.242699;-4.494348;130633;BRETAGNE;29042;7601;29;29212;Crozon;7601;06-autres communes et unités urbaines;1;30;383;0,2;De 5 à 10 000 entrées;E;JP;I;123;92;20;60,4;26,7;12,3;0,6;57;38
156;3 070;26 370;VILLE DE CRUAS;28,2;44.656708;4.761992;130653;AUVERGNE / RHONE-ALPES;7076;2976;7;7105;Cruas;2976;06-autres communes et unités urbaines;1;29;443;-0,9;De 2 à 5 000 entrées;NON;;I;96;80;0;58,3;26,5;5;10,2;28;32,4
93;9 221;77 909;ASSOCIATION CULTURE ET LOISIRS EDEN CINEMA;39,8;43.774382;5.440971;131031;PROVENCE-ALPES-COTE D'AZUR;84042;1781;84;0;Zone rurale;14541106;04-Unités urbaines de 100 000 hbts ou plus;1;31;516;-0,9;De 5 à 10 000 entrées;E;RDJPPR;R;126;84;2;65,6;19,4;11,6;3,4;93;37,6
151;4 196;9 402;CINE DAMGAN;25,8;47.520393;-2.585183;133141;BRETAGNE;56052;1703;56;0;Zone rurale;14541106;04-Unités urbaines de 100 000 hbts ou plus;1;29;214;-0,6;De 2 à 5 000 entrées;E;;R;108;90;4;49,5;43,6;5,4;1,6;39;20,7
2181;109 103;23 552;PATHE DAMMARIE;34,7;48.517401;2.627798;133212;ILE-DE-FRANCE;77152;21712;77;851;Paris;10706072;03-Petite couronne;10;31;8 709;3,6;De 100 à 150 000 entrées;NON;;B;184;118;101;59,8;25,6;12;2,7;51;27,1
189;2 010;7 126;LES CINEMAS GIENNOIS;26,5;47.766235;2.572005;133381;CENTRE-VAL DE LOIRE;45122;1423;45;0;Zone rurale;14541106;04-Unités urbaines de 100 000 hbts ou plus;1;19;96;-0,7;De 2 à 5 000 entrées;NON;;R;60;49;8;58,2;34,6;4,5;2,7;15;19,7
168;2 495;429 482;ASSOCIATION  DES FAMILLES DU  CANTON DE DAMPIERRE SUR SALON;21,3;47.553711;5.676507;133621;BOURGOGNE / FRANCHE-COMTE;70198;1281;70;0;Zone rurale;14541106;04-Unités urbaines de 100 000 hbts ou plus;1;19;80;-1;De 2 à 5 000 entrées;NON;;R;40;28;0;56,9;39,1;3,6;0,3;13;19,3
250;13 029;19 042;URFOL FRANCHE COMTE;45,4;47.049645;6.481499;133681;BOURGOGNE / FRANCHE-COMTE;25271;1615;25;0;Zone rurale;14541106;04-Unités urbaines de 100 000 hbts ou plus;1;24;234;-0,3;De 10 à 20 000 entrées;E;JPPR;R;81;24;0;64,1;19,3;15,2;1,4;59;42,5
271;2 949;152 545;UNION REG FEDERATIONS OEUVRES LAIQUES AUVERGNE RHONE ALPES;27,3;45.810538;4.754801;136201;AUVERGNE / RHONE-ALPES;69072;8622;69;758;Lyon;1639558;04-Unités urbaines de 100 000 hbts ou plus;1;19;58;-1;De 2 à 5 000 entrées;NON;;B;48;33;1;54,8;35,4;5,6;4,2;25;29,9
1141;73 125;7 120;LE CLUB;15,3;43.714843;-1.055363;136666;NOUVELLE AQUITAINE;40088;20683;40;40402;Dax;49854;05-Unités urbaines de 20 000 à 100 000 hbts;7;31;4 161;9,3;De 50 à 80 000 entrées;D;JP;C;140;116;107;58,2;38;3,1;0,7;44;11,2
777;32 240;17 066;EXPLOITATION CINEMATOGRAPHIQUE LECHANTEUR PERE ET FILS;22,2;49.356857;0.072039;136672;NORMANDIE;14220;3701;14;14402;Dives-sur-Mer;34823;05-Unités urbaines de 20 000 à 100 000 hbts;4;31;1 631;0,9;De 30 à 40 000 entrées;NON;;C;59;45;36;71,1;28,9;0;0;17;20,9
460;28 544;76 001;VEO CINEMAS;36,8;44.557817;2.274123;136686;OCCITANIE;12089;5521;12;12302;Decazeville;14598;06-autres communes et unités urbaines;3;31;1 847;-0,6;De 20 à 30 000 entrées;E;RDJPPR;C;142;100;54;66,9;21,4;7,7;3,9;68;34,2
144;13 738;4 777;REGIE AUTONOME DE GESTION DU TOBOGGAN;43,7;45.768904;4.955836;136753;AUVERGNE / RHONE-ALPES;69275;27362;69;758;Lyon;1639558;04-Unités urbaines de 100 000 hbts ou plus;1;27;597;1,9;De 10 à 20 000 entrées;C;JPPR;B;141;93;3;67,5;15,2;9,5;7,9;86;52,3
345;6 240;17 143;COMMUNE DE DECIZE;61,3;46.831224;3.459781;136773;BOURGOGNE / FRANCHE-COMTE;58095;5623;58;58201;Decize;7550;06-autres communes et unités urbaines;2;17;499;-0,6;De 5 à 10 000 entrées;E;;C;68;45;1;67,5;13,6;12,2;6,7;20;65,7
113;3 400;39 976;CINEMAS D'AUJOURD'HUI;50;47.512144;7.007276;136912;BOURGOGNE / FRANCHE-COMTE;90033;5749;90;90301;Delle (partie française);10029;06-autres communes et unités urbaines;1;30;259;-0,9;De 2 à 5 000 entrées;NON;;C;66;48;0;67,4;14,8;11,3;6,5;20;49,4
167;3 097;178 491;COMMUNE DE DESCARTES;33,2;46.974658;0.698463;137481;CENTRE-VAL DE LOIRE;37115;3600;37;255;Descartes;5711;06-autres communes et unités urbaines;1;29;224;-1;De 2 à 5 000 entrées;E;;C;84;65;0;67,8;22,2;5,7;4,3;33;29,9
111;1 657;1 712;OFFICE DU TOURISME ET DE LA CULTURE DE DESVRES;45,5;50.668276;1.837675;137663;HAUTS DE FRANCE;62268;5031;62;62203;Desvres;6474;06-autres communes et unités urbaines;1;25;178;0;Moins de 2000 entrées;NON;;C;60;50;0;60,1;23,7;6,9;9,3;17;43,6
207;16 558;22 018;HENRY GERARD;41,8;44.750763;5.3764;138172;AUVERGNE / RHONE-ALPES;26113;4576;26;26110;Die;4576;06-autres communes et unités urbaines;1;30;546;-0,2;De 10 à 20 000 entrées;E;RDJPPR;I;121;92;1;65,7;21,5;10,1;2,8;87;42,4
578;13 125;9 984;CENTRE ANIMATION CULTUREL JEAN RENOIR;75,2;49.923374;1.081518;138345;NORMANDIE;76217;29965;76;76404;Dieppe;37127;05-Unités urbaines de 20 000 à 100 000 hbts;1;30;473;0,3;De 10 à 20 000 entrées;D;RDJPPR;C;111;51;6;53,6;22;13,8;10,6;91;84,1
1319;71 197;13 723;CINE DIEPPE;50,6;49.921565;1.079726;138352;NORMANDIE;76217;29965;76;76404;Dieppe;37127;05-Unités urbaines de 20 000 à 100 000 hbts;8;31;5 702;4,2;De 50 à 80 000 entrées;NON;;C;218;151;105;60,6;24;8,9;6,5;90;53,5
139;4 213;6 240;CERCLE LABOR;31,1;44.527384;5.066722;138462;AUVERGNE / RHONE-ALPES;26114;3093;26;26109;Dieulefit;4007;06-autres communes et unités urbaines;1;29;110;-0,3;De 2 à 5 000 entrées;E;;C;40;28;0;59,5;33,8;2,9;3,8;34;40,9
246;1 394;13 929;RENCONTRES CINEMATOGRAPHIQUES DIGNE LES BAINS ET ALPES DE HAUTES;37,5;44.089715;6.239647;138594;PROVENCE-ALPES-COTE D'AZUR;4070;16246;4;4301;Digne-les-Bains;17038;06-autres communes et unités urbaines;1;14;31;-0,9;Moins de 2000 entrées;NON;;C;22;8;0;58,2;31,1;7,2;3,5;21;28,8
767;31 377;24 482;CINE ESPACE EVASION;49,1;44.087669;6.231264;138595;PROVENCE-ALPES-COTE D'AZUR;4070;16246;4;4301;Digne-les-Bains;17038;06-autres communes et unités urbaines;4;31;2 877;0,3;De 30 à 40 000 entrées;E;RDJP;C;183;134;106;50,2;32,3;11,6;5,9;94;53
409;18 132;176 277;ENGELS WILLIAM;41,1;46.480212;3.977127;138641;BOURGOGNE / FRANCHE-COMTE;71176;7908;71;353;Digoin;10044;06-autres communes et unités urbaines;3;31;1 893;-0,9;De 10 à 20 000 entrées;E;RDJPPR;C;202;139;42;55,9;36;4,8;3,2;97;35,5
1634;86 092;79 837;GAUMONT;86,7;47.323594;5.030088;138712;BOURGOGNE / FRANCHE-COMTE;21231;155114;21;21701;Dijon;243244;04-Unités urbaines de 100 000 hbts ou plus;10;31;9 124;0,1;De 80 à 100 000 entrées;NON;;C;145;99;91;63,5;11,9;9,4;15,1;40;87,7
1005;29 111;35 858;DARCY PALACE;78,2;47.323572;5.034663;138715;BOURGOGNE / FRANCHE-COMTE;21231;155114;21;21701;Dijon;243244;04-Unités urbaines de 100 000 hbts ou plus;5;17;2 418;-0,2;De 20 à 30 000 entrées;NON;;C;42;29;26;63,4;9,4;18,9;8,3;26;86,2
403;45 896;93 468;LEAUREL;31,9;47.314412;5.048804;138741;BOURGOGNE / FRANCHE-COMTE;21231;155114;21;21701;Dijon;243244;04-Unités urbaines de 100 000 hbts ou plus;3;30;2 920;-0,5;De 40 à 50 000 entrées;A;RDJPPR;C;159;80;68;39,8;42,9;13,5;3,8;136;33,1
821;77 116;54 170;EMERAUDE CINEMAS;38;48.461416;-2.047138;138901;BRETAGNE;22050;11003;22;22402;Dinan;27552;05-Unités urbaines de 20 000 à 100 000 hbts;5;31;2 972;0,4;De 50 à 80 000 entrées;D;JPPR;C;183;120;78;59,3;28,1;5,9;6,7;91;30,9
499;25 392;24 846;EMERAUDE CINEMAS;28,8;48.635211;-2.055645;138922;BRETAGNE;35093;9936;35;458;Dinard;32364;05-Unités urbaines de 20 000 à 100 000 hbts;2;30;1 018;0;De 20 à 30 000 entrées;D;;C;114;84;63;64,6;28,4;5,7;1,3;58;32,8
250;4 769;57 663;COOPERATIVE REGIONALE DU CINEMA CULTUREL;56,8;48.539414;7.423392;139022;GRAND EST;67098;1418;67;67401;Molsheim;26662;05-Unités urbaines de 20 000 à 100 000 hbts;1;18;116;-0,9;De 2 à 5 000 entrées;D;;B;52;19;0;62,6;23,7;4,7;8,9;26;57,5
290;10 795;11 700;LIGUE DE L' ENSEIGNEMENT DE BASSE-NORMANDIE;37,5;49.286704;-0.099295;139232;NORMANDIE;14225;5733;14;14402;Dives-sur-Mer;34823;05-Unités urbaines de 20 000 à 100 000 hbts;1;30;500;-0,1;De 10 à 20 000 entrées;D;JP;C;98;73;6;74,7;21,5;2,7;1;52;45,3
131;1 182;31 145;SOCIETE TOURISTIQUE THERMALE ET HOTELIERE DE DIVONNE;29,5;46.350634;6.137102;139283;AUVERGNE / RHONE-ALPES;1143;9286;1;1203;Divonne-les-Bains (partie française);9286;06-autres communes et unités urbaines;1;9;80;-1;Moins de 2000 entrées;NON;;I;30;16;0;63,5;26,5;7,4;2,6;7;24,7
271;15 603;96 702;CINE DOL;39,5;48.546939;-1.753756;139503;BRETAGNE;35095;5646;35;35131;Dol-de-Bretagne;5646;06-autres communes et unités urbaines;2;30;887;-0,8;De 10 à 20 000 entrées;NON;;I;126;104;42;71,4;21,3;3,3;4;51;33,6
1037;38 790;27 932;OMNIA REX;20,9;47.095429;5.494926;139541;BOURGOGNE / FRANCHE-COMTE;39198;23373;39;39402;Dole;29916;05-Unités urbaines de 20 000 à 100 000 hbts;6;31;5 535;0,4;De 30 à 40 000 entrées;D;RDJPPR;C;188;131;69;51,9;41,7;5;1,3;95;17,4
165;743;33 089;LIGUE DE L' ENSEIGNEMENT DE NORMANDIE;23,5;48.592827;-0.642599;140082;HAUTS DE FRANCE;60200;307;60;0;Zone rurale;14541106;04-Unités urbaines de 100 000 hbts ou plus;1;5;30;-1;Moins de 2000 entrées;NON;;R;14;14;0;56,4;37,5;3,5;2,5;5;21,7
282;12 286;5 679;CENTRE SOCIAL CULTUREL DOMONTOIS;36,9;49.02987;2.333691;140521;ILE-DE-FRANCE;95199;15343;95;851;Paris;10706072;03-Petite couronne;1;31;858;1,2;De 10 à 20 000 entrées;NON;;B;98;71;7;76,1;15,6;6,3;1,9;38;44,8
130;5 062;15 307;ASSOCIATION CINE SUR BESBRE;36,1;46.512529;3.675133;140713;AUVERGNE / RHONE-ALPES;3102;3071;3;3105;Dompierre-sur-Besbre;3071;06-autres communes et unités urbaines;1;30;400;-0,7;De 5 à 10 000 entrées;E;JPPR;I;124;74;5;56,9;32,1;9,1;1,9;47;40,8
274;1 549;9 538;ASSOCIATION CINE DONGES;80,9;47.319099;-2.074953;141031;PAYS DE LA LOIRE;44052;7699;44;44601;Saint-Nazaire;152164;04-Unités urbaines de 100 000 hbts ou plus;1;18;103;-0,8;Moins de 2000 entrées;NON;;B;46;38;1;50,1;29,2;12,7;8,1;8;84,4
200;3 511;14 374;UNION REG FEDERATIONS OEUVRES LAIQUES AUVERGNE RHONE ALPES;16,6;44.379202;4.696224000000029;141262;AUVERGNE / RHONE-ALPES;26116;5541;26;26111;Donzère;5541;06-autres communes et unités urbaines;1;29;135;-0,8;De 2 à 5 000 entrées;E;JP;I;60;36;0;35,9;48,6;9,7;5,8;33;18
270;2 455;768 601;CENTRE REGIONAL PROMOTION IMAGE LE SENECHAL;26,2;46.215275;1.080037;141321;NOUVELLE AQUITAINE;87059;1703;87;0;Zone rurale;14541106;04-Unités urbaines de 100 000 hbts ou plus;1;31;197;-1;De 2 à 5 000 entrées;E;;R;103;78;0;39,6;49;9,4;2;48;20,7
2041;187 620;43 587;LE TREFLE;12,6;48.521892;7.500139;141410;GRAND EST;67101;2588;67;67401;Molsheim;26662;05-Unités urbaines de 20 000 à 100 000 hbts;13;31;10 482;3,3;De 150 à 200 000 entrées;D;;B;200;123;115;50,9;37,9;3,1;8;63;18
117;9 470;355 983;HIPPODROME DE DOUAI THEATRE D'ARRAS DIT TANDEM;16,7;50.365337;3.083696;141631;HAUTS DE FRANCE;59178;39989;59;756;Douai - Lens;504537;04-Unités urbaines de 100 000 hbts ou plus;1;25;421;-1;De 5 à 10 000 entrées;C;RDJP;C;84;57;11;62,8;29,9;7,2;0,1;67;27,4
2000;122 994;214 209;MAJESTIC SA;81,8;50.375978;3.075606;141657;HAUTS DE FRANCE;59178;39989;59;756;Douai - Lens;504537;04-Unités urbaines de 100 000 hbts ou plus;10;31;9 166;-0,4;De 100 à 150 000 entrées;NON;;C;202;115;106;69,4;15,4;6,3;8,8;56;65,3
256;16 065;10 331;STUDIO 43;13,8;48.091511;-4.330601;141711;BRETAGNE;29046;14208;29;29307;Douarnenez;14208;06-autres communes et unités urbaines;1;31;695;0,6;De 10 à 20 000 entrées;E;RDJPPR;I;171;108;6;77;14,8;6,5;1,7;122;9,4
114;75;9 264;LES TOILES DE MER;13,1;48.088483;-4.329101;141712;BRETAGNE;29046;14208;29;29307;Douarnenez;14208;06-autres communes et unités urbaines;1;4;16;-1;Moins de 2000 entrées;NON;;I;2;0;0;39,8;53,7;5,4;1,1;2;9,1
166;12 111;19 764;CINEMA JEAN RENOIR;21,9;50.300211;3.390251;141823;HAUTS DE FRANCE;59179;10783;59;59701;Valenciennes (partie française);335992;04-Unités urbaines de 100 000 hbts ou plus;1;27;396;-0,4;De 10 à 20 000 entrées;C;;B;156;109;2;54;39,9;5;1,1;79;17
98;4 883;13 380;RD DIFFUSION;19,3;50.159213;2.335821;142082;HAUTS DE FRANCE;80253;6321;80;80204;Doullens;6726;06-autres communes et unités urbaines;1;27;255;-0,6;De 2 à 5 000 entrées;E;;C;75;63;0;52;43,2;3,7;1,1;19;13,9
227;14 009;26 421;ASSOCIATION DOURDANNAISE D'ANIMATION CULTURELLE;17,5;48.528741;2.015215;142171;ILE-DE-FRANCE;91200;10673;91;91302;Dourdan;12036;03-Petite couronne;2;29;1 239;-0,5;De 10 à 20 000 entrées;E;JPPR;C;146;101;34;42,1;51,7;4,6;1,6;67;18,8
208;5 410;10 616;SOCIETE DES CINEMAS DU CHABLAIS;36,9;46.302008;6.310919;142311;AUVERGNE / RHONE-ALPES;74105;5716;74;74115;Douvaine;5716;06-autres communes et unités urbaines;1;29;321;-0,5;De 5 à 10 000 entrées;NON;;I;56;44;33;61,1;24,4;10,4;4,1;12;43,6
260;12 815;4 541;ASSOCIATION FOYER RURAL DE DOUVRES;23,6;49.295699;-0.380152;142371;NORMANDIE;14228;5190;14;14302;Douvres-la-Délivrande - Luc-sur-Mer;14825;06-autres communes et unités urbaines;1;30;515;1,8;De 10 à 20 000 entrées;E;JP;C;117;85;6;67,1;25;7,2;0,7;64;20,5
200;5 644;505 356;LIGUE DE L' ENSEIGNEMENT DE BASSE-NORMANDIE;27,6;49.3091816;-0.9051690000000008;142522;NORMANDIE;14711;929;14;0;Zone rurale;14541106;04-Unités urbaines de 100 000 hbts ou plus;1;27;149;-1;De 5 à 10 000 entrées;E;JP;R;49;27;0;56,3;34,3;6,5;2,9;26;39,5
1288;70 252;40 016;DRAGUIMOND;44,4;43.532372;6.472812;142626;PROVENCE-ALPES-COTE D'AZUR;83050;40278;83;83501;Draguignan;81139;05-Unités urbaines de 20 000 à 100 000 hbts;7;31;6 670;0,8;De 50 à 80 000 entrées;NON;;C;147;97;83;47,3;39,1;8;5,6;46;52,1
329;4 291;22 269;COMMUNE DE DRANCY;29,7;48.927466;2.438309;142752;ILE-DE-FRANCE;93029;69568;93;851;Paris;10706072;02-Grande Couronne;1;28;152;-0,8;De 2 à 5 000 entrées;NON;;B;42;33;0;51,8;37,9;3,9;6,4;13;25
1544;100 581;9 018;SOCIETE NOUVELLE DES CINEMAS DE DREUX;25,1;48.731866;1.361178;142995;CENTRE-VAL DE LOIRE;28134;30836;28;28401;Dreux;49055;05-Unités urbaines de 20 000 à 100 000 hbts;9;31;7 942;10,2;De 100 à 150 000 entrées;D;PR;C;223;132;113;47,3;43,1;6,4;3,2;91;19,3
182;2 103;33 030;ASSOCIATION CINEMA LE MAUBOURG;32,2;45.217931;4.34228;143691;AUVERGNE / RHONE-ALPES;43087;2856;43;43101;Dunières;2856;06-autres communes et unités urbaines;1;29;114;-0,9;De 2 à 5 000 entrées;E;;I;59;42;0;48,7;44,1;6,8;0,4;22;21,7
2737;164 916;16 543;AMC EUROPE;18,2;51.033536;2.372294;143720;HAUTS DE FRANCE;59183;88876;59;59602;Dunkerque;177103;04-Unités urbaines de 100 000 hbts ou plus;15;31;10 690;9;De 150 à 200 000 entrées;NON;;C;174;113;110;45,2;47;3,8;4;32;17,6
456;28 790;30 555;TERRE NEUVE;43;51.033536;2.372294;143731;HAUTS DE FRANCE;59183;88876;59;59602;Dunkerque;177103;04-Unités urbaines de 100 000 hbts ou plus;2;31;1 764;-0,1;De 20 à 30 000 entrées;B;RDJPPR;C;237;126;42;66,1;24,7;4,9;4,3;193;39
200;4 402;1 540;CENTRE REGIONAL PROMOTION IMAGE LE SENECHAL;38,8;46.300709;1.673061;143772;NOUVELLE AQUITAINE;23075;1127;23;0;Zone rurale;14541106;04-Unités urbaines de 100 000 hbts ou plus;1;19;234;1,9;De 2 à 5 000 entrées;E;JP;R;45;18;0;64,2;25;8;2,9;16;35,9
0;1 182;7 174;CINE GARRIGUES;23,5;43.990835;3.955297;144230;OCCITANIE;30106;689;30;0;Zone rurale;14541106;04-Unités urbaines de 100 000 hbts ou plus;1;5;19;-0,8;Moins de 2000 entrées;NON;;R;11;4;0;59,3;30,3;9,2;1,3;5;29,9
345;2 838;95 817;COMMUNE DE EAUBONNE;34,6;48.992968;2.278288;144262;ILE-DE-FRANCE;95203;24609;95;851;Paris;10706072;03-Petite couronne;1;20;50;-1;De 2 à 5 000 entrées;NON;;B;30;21;0;67,3;24,6;5,3;2,9;28;36,8
126;1 247;31 754;ASSOCIATION GESTION LOCAUX SOCIAUX;27,4;42.958713;-0.332293;144303;NOUVELLE AQUITAINE;64204;341;64;0;Zone rurale;14541106;04-Unités urbaines de 100 000 hbts ou plus;1;16;50;-1;Moins de 2000 entrées;NON;;R;31;25;1;66,8;26,3;4,1;2,8;3;21,5
323;3 463;19 410;OFFICE DU TOURISME D'EAUZE;20,4;43.859667;0.100888;144331;OCCITANIE;32119;3869;32;32103;Eauze;3869;06-autres communes et unités urbaines;1;31;166;-0,8;De 2 à 5 000 entrées;E;PR;I;136;105;9;50,6;35;9,5;5;64;21,3
2925;207 604;66 612;PATHE ECHIROLLES;32,9;45.147822;5.718011;144981;AUVERGNE / RHONE-ALPES;38151;35648;38;38701;Grenoble;511598;04-Unités urbaines de 100 000 hbts ou plus;12;31;10 741;2,1;De 200 à 300 000 entrées;NON;;B;195;113;99;56,5;34,7;7,6;1,2;47;24
1973;144 151;243 942;LES IMAGES;69,2;47.278354;5.995713;145241;BOURGOGNE / FRANCHE-COMTE;25212;2476;25;25602;Besançon;135448;04-Unités urbaines de 100 000 hbts ou plus;13;31;12 525;-0,4;De 100 à 150 000 entrées;NON;;B;155;115;111;63,4;18,3;9,8;8,5;34;68,5
171;8 079;67 882;VILLE D'ECULLY;45,1;45.779053;4.778383;145792;AUVERGNE / RHONE-ALPES;69081;17947;69;758;Lyon;1639558;04-Unités urbaines de 100 000 hbts ou plus;1;27;383;-0,9;De 5 à 10 000 entrées;C;JP;B;101;65;1;68,1;20,8;6,8;4,3;56;47,1
269;6 132;16 054;CENTRE CULTUREL ET SPORTIF EGLETONNAIS;22,2;45.404676;2.044182;146013;NOUVELLE AQUITAINE;19073;4274;19;19106;Égletons;4274;06-autres communes et unités urbaines;2;31;545;-0,6;De 5 à 10 000 entrées;E;JP;I;133;104;1;85,5;0;14,5;0;57;25,3
348;33 659;2 551;SOCIETE D'ECONOMIE MIXTE DU CINEMA DES SEPT MARES;24,9;48.766594;1.949214;146371;ILE-DE-FRANCE;78208;25504;78;851;Paris;10706072;03-Petite couronne;3;31;1 972;12,2;De 30 à 40 000 entrées;C;RDJPPR;B;172;122;49;48,8;44,8;4,3;2;90;16,6
957;37 998;25 246;SOCIETE NOUVELLE DES CINEMAS D'ELBEUF;43,8;49.287936;1.008591;146393;NORMANDIE;76231;16515;76;755;Rouen;467133;04-Unités urbaines de 100 000 hbts ou plus;5;31;3 221;0,5;De 30 à 40 000 entrées;C;JP;B;200;135;73;64,3;25,4;7,3;3;97;49,5
157;3 806;7 551;CINEMAGINAIRE;33,3;42.601026;2.9735;146576;OCCITANIE;66065;8659;66;66401;Saint-Cyprien;53068;05-Unités urbaines de 20 000 à 100 000 hbts;1;28;234;-0,5;De 2 à 5 000 entrées;D;JP;C;93;70;11;59,2;9,6;26;5,3;39;54,3
388;21 513;70 512;CINEMAS G LAMIC;43,6;44.564376;6.493852;146762;PROVENCE-ALPES-COTE D'AZUR;5046;6177;5;5201;Embrun;6736;06-autres communes et unités urbaines;2;31;789;-0,7;De 20 à 30 000 entrées;E;RDJP;C;149;113;44;79,9;12,6;5,4;2;76;39
208;2 055;39 984;VILLE D'ENCHASTRAYES;42,4;44.371085;6.682435;146931;PROVENCE-ALPES-COTE D'AZUR;4073;391;4;0;Zone rurale;14541106;04-Unités urbaines de 100 000 hbts ou plus;1;20;235;-0,9;De 2 à 5 000 entrées;NON;;R;81;67;20;68,3;25;3,8;2,8;19;44
1263;61 099;137 474;UGC SAS;28,2;48.970841;2.307185;147071;ILE-DE-FRANCE;95210;11413;95;851;Paris;10706072;03-Petite couronne;5;31;3 975;-0,6;De 50 à 80 000 entrées;NON;;B;120;63;56;69;20,6;7,8;2,6;55;26
320;4 753;239 468;COMMUNE D'ENGHIEN LES BAINS;31,1;48.971934;2.305204;147084;ILE-DE-FRANCE;95210;11413;95;851;Paris;10706072;03-Petite couronne;1;15;124;-1;De 2 à 5 000 entrées;C;JPPR;B;49;16;0;49,2;42,3;5,7;2,7;38;25,1
150;2 312;4 495;CINEMA POUR TOUS;56,9;44.644532;2.564434;147471;OCCITANIE;12094;1038;12;0;Zone rurale;14541106;04-Unités urbaines de 100 000 hbts ou plus;1;31;92;-0,5;De 2 à 5 000 entrées;E;;R;68;45;0;66,9;18,6;9,7;4,7;38;63,9
222;3 334;51 058;ASSOCIATION CULTURELLE CINEMA LE MONTCELET;30,8;45.432581;5.756014;147521;AUVERGNE / RHONE-ALPES;38155;1699;38;161;Entre-deux-Guiers;3248;06-autres communes et unités urbaines;1;29;270;-0,9;De 2 à 5 000 entrées;E;;C;95;81;0;53,3;35;9,5;2,2;39;29,8
1070;49 771;50 789;CINEMA PALACE;15,7;49.04567;3.958674;147971;GRAND EST;51230;23169;51;51401;Épernay;30507;05-Unités urbaines de 20 000 à 100 000 hbts;7;28;3 673;0;De 40 à 50 000 entrées;D;;C;154;109;80;67,9;29;3,1;0;63;10,4
544;7 182;51 556;COMMUNE D EPERNON;18;48.605997;1.675422;148024;CENTRE-VAL DE LOIRE;28140;5540;28;355;Épernon;12210;06-autres communes et unités urbaines;1;26;133;-0,9;De 5 à 10 000 entrées;NON;;C;56;49;0;51,2;41,5;5,4;1,9;17;14,1
1600;133 042;778 548;SEM PALACE EPINAL;22;48.177085;6.455937;148227;GRAND EST;88160;31938;88;88501;Épinal;61800;05-Unités urbaines de 20 000 à 100 000 hbts;8;30;5 852;-0,8;De 100 à 150 000 entrées;D;RDJPPR;C;229;159;98;51,9;40,7;5,5;1,9;116;19,6
180;1 563;61 577;ESPACE CINEMA;52,3;48.95411;2.312115;148321;ILE-DE-FRANCE;93031;54840;93;851;Paris;10706072;02-Grande Couronne;1;9;29;-1;Moins de 2000 entrées;NON;;B;6;0;0;59,4;23,3;11,9;5,5;6;58,7
2470;114 572;8 987;VILLERAY;34;48.957859;2.301996;148324;ILE-DE-FRANCE;93031;54840;93;851;Paris;10706072;02-Grande Couronne;12;31;11 769;11,7;De 100 à 150 000 entrées;NON;;B;156;103;98;58,7;22,8;10,5;8;29;32,8
280;10 179;11 361;ASSOCIATION DU CINEMA LE PALACE;0;49.6480683;-1.6539331999999831;148811;NORMANDIE;50129;80616;50;50501;Cherbourg-Octeville;83311;05-Unités urbaines de 20 000 à 100 000 hbts;1;27;567;-0,1;De 10 à 20 000 entrées;D;JP;C;132;98;3;36,8;63,2;0;0;76;0
400;6 742;67 029;COMMUNE DE ERMONT;78,4;48.988575;2.259906;149335;ILE-DE-FRANCE;95219;28832;95;851;Paris;10706072;03-Petite couronne;1;29;98;-0,9;De 5 à 10 000 entrées;NON;;B;69;58;0;49,5;30,4;14,1;6;26;86,3
254;2 443;91 148;HUNEAU JEAN;16,7;48.298541;-0.935976;149362;PAYS DE LA LOIRE;53096;5757;53;53202;Ernée;5757;06-autres communes et unités urbaines;1;31;209;-1;De 2 à 5 000 entrées;E;;I;67;53;3;62,1;30,1;6,5;1,3;19;12
245;6 037;47 172;ASSOCIATION CATHOLIQUE DES CHEFS DE FAMILLE D ERQUY;23;48.63121;-2.463964;149552;BRETAGNE;22054;3898;22;22114;Erquy;3898;06-autres communes et unités urbaines;1;31;193;-0,9;De 5 à 10 000 entrées;E;JPPR;I;132;91;1;68,6;25,2;4,8;1,4;74;26,9
400;12 547;286 855;ERSTEIN CINEMA;13,5;48.421595;7.661242;149631;GRAND EST;67130;10969;67;67301;Erstein;11826;06-autres communes et unités urbaines;2;31;906;-1;De 10 à 20 000 entrées;E;JP;C;132;107;15;52,9;38,4;5,6;3,1;67;15
217;6 351;502 282;VEO CINEMAS;50,5;44.523418;2.763821;150801;OCCITANIE;12096;4545;12;12201;Espalion;5892;06-autres communes et unités urbaines;1;30;448;-1;De 5 à 10 000 entrées;E;RDJP;C;147;90;0;61,8;14,1;20,8;3,3;92;48,9
142;2 757;15 111;BOUCHERON JEAN LEON;50,6;48.626357;-2.833902;152732;BRETAGNE;22055;6922;22;22302;Binic;12615;06-autres communes et unités urbaines;1;28;130;-0,8;De 2 à 5 000 entrées;E;;C;111;85;0;75,8;17;5,3;1,9;74;54,9
338;18 658;629 483;OMNICOM;33,2;48.433642;2.155867;152882;ILE-DE-FRANCE;91223;24271;91;91401;Étampes;29851;03-Petite couronne;3;31;3 235;-1;De 10 à 20 000 entrées;NON;;C;137;106;54;60,9;29,5;6,3;3,3;33;24,6
146;3 329;31 129;ASSOCIATION ETAMPOISE CINE PETIT THEATRE;46,4;48.434287;2.157598;152884;ILE-DE-FRANCE;91223;24271;91;91401;Étampes;29851;03-Petite couronne;1;27;343;-0,9;De 2 à 5 000 entrées;D;PR;C;85;40;0;65,9;13,4;10,6;10,1;75;45,4
212;8 288;263 303;QUAI DES DUNES;84,4;47.654375;-3.202141;153083;BRETAGNE;56055;1951;56;56217;Belz;9265;06-autres communes et unités urbaines;1;25;274;-1;De 5 à 10 000 entrées;E;RDJPPR;C;161;114;0;62,1;13,9;14,3;9,7;88;94,3
172;5 349;6 626;COMITE DE GESTION DU CINEMA MUNICIPAL;19,8;46.171552;2.484461;154142;NOUVELLE AQUITAINE;23076;1383;23;0;Zone rurale;14541106;04-Unités urbaines de 100 000 hbts ou plus;1;30;451;-0,2;De 5 à 10 000 entrées;E;JPPR;R;117;92;1;46,6;45,3;6,2;1,9;52;17,2
162;2 334;56 184;SOCIETE DES CINEMAS DU CHABLAIS;21,7;46.400244;6.59546;154251;AUVERGNE / RHONE-ALPES;74119;8968;74;74501;Thonon-les-Bains;75939;05-Unités urbaines de 20 000 à 100 000 hbts;1;27;316;-1;De 2 à 5 000 entrées;NON;;B;54;43;30;53,6;40;5;1,4;10;15,1
2395;152 244;29 913;PATHE EVREUX;14,3;49.028048;1.145355;154393;NORMANDIE;27229;49426;27;27501;Évreux;60589;05-Unités urbaines de 20 000 à 100 000 hbts;10;31;9 083;4,1;De 150 à 200 000 entrées;D;RDPR;C;240;142;118;53,9;34;0,9;11,2;102;32,8
447;13 709;50 781;AMNESIA CORP;31,2;48.155173;-0.401505;154444;PAYS DE LA LOIRE;53097;7280;53;53203;Évron;7280;06-autres communes et unités urbaines;3;31;1 555;-0,7;De 10 à 20 000 entrées;E;RDJPPR;I;169;128;9;52,5;32,7;10;4,7;74;32,5
2052;64 630;255 441;ESPACE LOISIRS;38,5;48.627929;2.429517;154488;ILE-DE-FRANCE;91228;53871;91;851;Paris;10706072;03-Petite couronne;10;31;9 923;-0,7;De 50 à 80 000 entrées;NON;;B;133;90;88;71,8;19,4;8,9;0;25;48,8
198;2 495;362 907;POLYMAGES;33,7;43.695168;5.030541;154712;PROVENCE-ALPES-COTE D'AZUR;13035;6996;13;13207;Eyguières;6996;06-autres communes et unités urbaines;1;27;254;-1;De 2 à 5 000 entrées;E;;I;73;53;5;71,4;19,2;6,2;3,2;33;26,2
135;3 703;7 406;ASSOCIATION EYMOUTIERS CINE VIDEO;43,8;45.738722;1.741383;154813;NOUVELLE AQUITAINE;87064;2055;87;0;Zone rurale;14541106;04-Unités urbaines de 100 000 hbts ou plus;1;30;272;-0,5;De 2 à 5 000 entrées;E;JP;R;145;110;0;65,4;16,7;14,3;3,6;92;46,7
169;3 275;16 659;COMITE EYSINAIS D'ACTION CULTURELLE;35,8;44.879016;-0.6384;154921;NOUVELLE AQUITAINE;33162;22864;33;33701;Bordeaux;904359;04-Unités urbaines de 100 000 hbts ou plus;1;27;180;-0,8;De 2 à 5 000 entrées;C;;B;112;88;1;65,5;27,6;3,7;3,3;59;33,3
150;6 005;40 030;CINEM AUDE 2000 VILLATGE AL PAIS;33;43.158478;2.727734;155143;OCCITANIE;11140;1173;11;0;Zone rurale;14541106;04-Unités urbaines de 100 000 hbts ou plus;1;29;380;-0,8;De 5 à 10 000 entrées;E;RDJPPR;R;125;62;0;73,8;21,6;4;0,6;78;34,6
198;10 929;7 370;ENTRACT ANIMATION;21,6;48.895422;-0.199598;155414;NORMANDIE;14258;8245;14;14205;Falaise;8245;06-autres communes et unités urbaines;1;31;480;0,5;De 10 à 20 000 entrées;E;JPPR;I;129;89;7;42,8;48,9;5,3;3,1;80;15,3
326;3 731;534 529;CINEMA ELLE;53,9;48.033874;-3.488682;155711;BRETAGNE;56057;2815;56;56109;Le Faouët;2815;06-autres communes et unités urbaines;1;30;226;-1;De 2 à 5 000 entrées;NON;;I;122;91;1;58,7;28,1;7,9;5,3;58;56,9
298;5 508;10 125;SPL CINESEINE;16,3;49.65116;0.591603;156393;NORMANDIE;76258;4069;76;76102;Fauville-en-Caux;4069;06-autres communes et unités urbaines;1;28;168;-0,5;De 5 à 10 000 entrées;E;;I;57;37;0;46,6;47;4,5;2;18;9,6
254;1 754;30 279;ASSOCIATION MAISON POUR TOUS;43,8;43.620961;6.698294;157011;PROVENCE-ALPES-COTE D'AZUR;83055;5670;83;83301;Fayence;11161;06-autres communes et unités urbaines;1;29;85;-0,9;Moins de 2000 entrées;NON;;C;79;69;2;66,9;10;23,1;0;28;47
710;41 606;116 031;CARPENTIER MARIE-THERESE;31,6;49.757837;0.37728;157231;NORMANDIE;76259;19167;76;76403;Fécamp;20919;05-Unités urbaines de 20 000 à 100 000 hbts;4;31;2 702;-0,6;De 40 à 50 000 entrées;D;JP;C;195;121;59;55,7;37,5;5,1;1,7;99;46,2
435;34 443;18 696;CINEMAS VOLTAIRE;11,4;46.253781;6.118753;157971;AUVERGNE / RHONE-ALPES;1160;9482;1;652;Genève (SUI) - Annemasse (partie française);178404;04-Unités urbaines de 100 000 hbts ou plus;3;31;2 003;0,8;De 30 à 40 000 entrées;C;;B;121;91;61;42,8;49,8;3,7;3,7;52;6,3
153;3 197;13 046;CINEMA LE ROC BAR CONFISERIE;37,6;46.712066;-1.314796;158201;PAYS DE LA LOIRE;85089;5167;85;85129;La Ferrière;5167;06-autres communes et unités urbaines;1;19;154;-0,8;De 2 à 5 000 entrées;E;;I;79;57;1;73,2;11,4;9,7;5,7;39;45,9
232;14 749;22 710;ASSOCIATION LOISIRS ET CULTURE;17,4;48.187045;0.653774;158701;PAYS DE LA LOIRE;72132;8875;72;72301;La Ferté-Bernard;11544;06-autres communes et unités urbaines;2;30;1 248;-0,4;De 10 à 20 000 entrées;E;RDJP;C;158;120;42;38,7;51,7;7,9;1,6;75;12,9
182;7 214;327 353;ASSOCIATION OFFICE FERTOIS CULTURE ET LOISIRS;39,3;48.5905665;-0.3580058000000008;158783;NORMANDIE;61168;5548;61;61202;La Ferté-Macé;5548;06-autres communes et unités urbaines;1;31;479;-1;De 5 à 10 000 entrées;E;RDJPPR;I;169;100;2;71,8;9,1;16;3,1;92;42,6
119;1 724;11 303;LA FERTE MILON ANIMATIONS CULTURE ET LOISIRS;50;49.174952;3.127739;158801;HAUTS DE FRANCE;2307;2123;2;2107;La Ferté-Milon;2123;06-autres communes et unités urbaines;1;29;238;-0,8;Moins de 2000 entrées;NON;;I;80;63;0;53,6;29;15,8;1,6;30;71
187;3 270;55 284;VARIETES CINEMA;38;47.718454;1.941702;158812;CENTRE-VAL DE LOIRE;45146;7367;45;45205;La Ferté-Saint-Aubin;7367;06-autres communes et unités urbaines;1;26;149;-0,9;De 2 à 5 000 entrées;NON;;I;84;66;0;56,6;33,2;8,4;1,8;30;26,8
283;17 705;20 276;ASSOCIATION FOREZIENNE DU CINEMA FAMILIAL ET CULTUREL;38,1;45.750204;4.225091;159364;AUVERGNE / RHONE-ALPES;42094;8056;42;42203;Feurs;9432;06-autres communes et unités urbaines;2;30;871;-0,1;De 10 à 20 000 entrées;E;JP;C;139;118;29;58,5;30,7;5,8;5,1;63;29,9
317;11 560;32 045;CENTRE CULTUREL INTERCOMMUNAL DE FIGEAC;54,7;44.608696;2.025755;159674;OCCITANIE;46102;9826;46;364;Figeac;16530;06-autres communes et unités urbaines;1;29;464;-0,6;De 10 à 20 000 entrées;E;RDJP;C;133;82;0;53,4;37,8;6,6;2,2;76;63,8
837;17 800;148 985;SOCIETE D'EXPLOITATION DU CINEMA LE MAJESTIC;100;45.389679;4.28977;159923;AUVERGNE / RHONE-ALPES;42095;16839;42;753;Saint-Étienne;373130;04-Unités urbaines de 100 000 hbts ou plus;2;29;1 199;-0,9;De 10 à 20 000 entrées;NON;;B;92;69;30;0;100;0;0;32;100
96;2 707;614 679;CINE BLEU FOYER RURAL;78,9;43.382416;6.204033;160410;PROVENCE-ALPES-COTE D'AZUR;83057;3485;83;83108;Flassans-sur-Issole;3485;06-autres communes et unités urbaines;1;30;80;-1;De 2 à 5 000 entrées;E;;I;62;51;0;59,6;19,6;12,3;8,6;37;81,6
230;15 693;7 649;VILLE DE LA FLECHE;17,3;47.699791;-0.080579;160742;PAYS DE LA LOIRE;72154;15185;72;72303;La Flèche;15185;06-autres communes et unités urbaines;2;29;1 016;1,1;De 10 à 20 000 entrées;E;JP;I;127;89;32;40,6;50,3;7,1;2;40;11,7
849;26 669;33 599;CINEMAS LES 4 VIKINGS;23,2;48.749639;-0.563195;160923;NORMANDIE;61169;14852;61;61401;Flers;21911;05-Unités urbaines de 20 000 à 100 000 hbts;4;29;1 543;-0,2;De 20 à 30 000 entrées;D;JP;C;112;85;49;42,4;38,4;13,2;6;45;21,4
157;4 237;15 154;FEDERATION DES ASSOCIATIONS LAIQUES D' EDUCATION POPULAIRE GERS;18,8;43.850759;0.663578;161061;OCCITANIE;32132;6181;32;32201;Fleurance;6181;06-autres communes et unités urbaines;2;29;352;-0,7;De 2 à 5 000 entrées;E;JPPR;I;188;142;22;49,5;43,4;5,3;1,8;100;12,7
141;9 645;40 030;EXTERIEUR NUIT;11,3;42.965028;1.607346;162212;OCCITANIE;9122;9706;9;9301;Foix;14531;06-autres communes et unités urbaines;1;31;669;-0,8;De 5 à 10 000 entrées;E;;C;86;63;26;53,6;40,7;5,3;0,4;46;22
463;3 800;10 028;ASSOCIATION DEVELOPPEMENT ACTION CULTURELLE FOIX ARIEGE;28,4;42.960943;1.609276;162213;OCCITANIE;9122;9706;9;9301;Foix;14531;06-autres communes et unités urbaines;1;20;139;-0,6;De 2 à 5 000 entrées;E;RDPR;C;74;46;1;42,7;47,3;7,3;2,7;61;18,5
150;337;5 970;ASSOCIATION COMITE DES FETES CINEMA;61,6;46.656698;6.0275;162501;BOURGOGNE / FRANCHE-COMTE;39228;1048;39;0;Zone rurale;14541106;04-Unités urbaines de 100 000 hbts ou plus;1;7;12;-0,9;Moins de 2000 entrées;NON;;R;7;7;1;69,7;13,6;11,4;5,3;0;64,9
944;29 250;23 639;L ERMITAGE;49,1;48.404394;2.699594;162844;ILE-DE-FRANCE;77186;14974;77;77406;Fontainebleau;36517;03-Petite couronne;5;31;3 412;0,2;De 20 à 30 000 entrées;D;RDJPPR;C;161;108;80;61;20,9;12;6,1;109;35,8
1080;51 310;13 732;L ERMITAGE;40,2;48.400175;2.71613;162853;ILE-DE-FRANCE;77186;14974;77;77406;Fontainebleau;36517;03-Petite couronne;6;31;4 271;2,7;De 50 à 80 000 entrées;D;JP;C;143;90;81;71,1;15,5;6,4;7;45;38,6
1501;64 407;1 884;FONTAIMOND;31,3;46.529206;0.279764;163150;NOUVELLE AQUITAINE;86100;3856;86;86114;Fontaine-le-Comte;4672;06-autres communes et unités urbaines;8;31;7 815;33,2;De 50 à 80 000 entrées;NON;;C;107;78;75;63,4;29,8;5,6;1,2;21;34,8
250;4 773;133 300;SNC GIPPA ET GILBERT;79,4;45.247083;6.304557;163811;AUVERGNE / RHONE-ALPES;73116;534;73;0;Zone rurale;14541106;04-Unités urbaines de 100 000 hbts ou plus;1;20;215;-1;De 2 à 5 000 entrées;NON;;R;73;55;31;57,1;19,3;15,3;8,3;20;81,6
198;10 482;60 315;COMITE MUNICIPAL DES FETES;14,6;48.791543;2.289748;163962;ILE-DE-FRANCE;92032;23963;92;851;Paris;10706072;02-Grande Couronne;1;25;420;-0,8;De 10 à 20 000 entrées;C;JP;B;80;59;1;50,4;42,1;6,1;1,3;45;13
520;26 325;11 813;SOCIETE CINEMATOGRAPHIQUE LUCONNAISE;19,5;46.466465;-0.803028;164003;PAYS DE LA LOIRE;85092;13640;85;85304;Fontenay-le-Comte;16868;06-autres communes et unités urbaines;3;30;1 802;1,2;De 20 à 30 000 entrées;E;RDJPPR;C;141;107;59;58;34,8;5,5;1,7;60;17,4
346;7 453;9 522;ASSOCIATION DU THEATRE DE FONTENAY LE FLEURY;27;48.811271;2.045243;164022;ILE-DE-FRANCE;78242;13374;78;851;Paris;10706072;03-Petite couronne;1;27;335;-0,2;De 5 à 10 000 entrées;C;JP;B;118;80;1;53,3;38,2;6,8;1,8;61;29,6
190;13 901;11 487;FONTENAY EN SCENES;21,5;48.852329;2.461111;164112;ILE-DE-FRANCE;94033;53649;94;851;Paris;10706072;02-Grande Couronne;1;29;490;0,2;De 10 à 20 000 entrées;C;RDJPPR;B;93;63;3;49;45,9;4,5;0,6;69;23,2
237;1 161;7 700;CYAN LOISIRS;54,2;42.505205;2.040244;164731;OCCITANIE;66124;1954;66;0;Zone rurale;14541106;04-Unités urbaines de 100 000 hbts ou plus;1;21;139;-0,8;Moins de 2000 entrées;NON;;R;57;43;0;67,6;22,1;5,8;4,5;21;52,1
135;4 568;11 863;COMMUNE DE FONTVIEILLE;27,9;43.726491;4.708604;164771;PROVENCE-ALPES-COTE D'AZUR;13038;3627;13;13106;Fontvieille;3627;06-autres communes et unités urbaines;1;29;304;-0,6;De 2 à 5 000 entrées;E;;I;71;53;0;46,1;27,3;6,8;19,9;27;40,8
774;11 449;25 922;LOISIRS 2000 SARL;45,1;49.187501;6.899493;164811;GRAND EST;57227;21639;57;57501;Sarrebruck (ALL) - Forbach (partie française);83893;05-Unités urbaines de 20 000 à 100 000 hbts;5;31;2 323;-0,6;De 10 à 20 000 entrées;NON;;C;91;64;30;64,8;25,9;5,6;3,7;34;42,7
135;13 776;13 123;LE CINEMATOGRAPHE;35,9;43.959829;5.781061;164831;PROVENCE-ALPES-COTE D'AZUR;4088;4981;4;4202;Forcalquier;6348;06-autres communes et unités urbaines;1;27;587;0;De 10 à 20 000 entrées;E;RDJPPR;C;140;81;0;77,5;15,2;5,2;2;108;28,9
699;1 431;2 989;ASSOCIATION FORGES LES EAUX DEVELOPPEMENT;52,4;49.615296;1.54519;165383;NORMANDIE;76276;3855;76;76201;Forges-les-Eaux;4860;06-autres communes et unités urbaines;1;5;12;-0,5;Moins de 2000 entrées;NON;;C;9;0;0;65,6;19,6;9,5;5,3;7;43,3
280;4 375;1 626;OFFICE DU TOURISME DE FORT MAHON PLAGE;27,1;50.339949;1.569107;165801;HAUTS DE FRANCE;80333;1182;80;0;Zone rurale;14541106;04-Unités urbaines de 100 000 hbts ou plus;1;30;456;1,7;De 2 à 5 000 entrées;NON;;R;91;78;7;49,9;34,3;7,3;8,5;27;32,1
392;9 845;8 513;CENTRE CULTUREL MARCEL PAGNOL (EX COMITE MUNI ACTION SOC CULTUR);23,3;43.453954;4.943629;165884;PROVENCE-ALPES-COTE D'AZUR;13039;15831;13;759;Marseille - Aix-en-Provence;1585498;04-Unités urbaines de 100 000 hbts ou plus;2;31;1 093;0,2;De 5 à 10 000 entrées;C;JPPR;B;196;142;7;75,9;17,3;3,5;3,3;111;21,1
195;10 214;72 449;COMMUNAUTE D AGGLOMERATION ROISSY PAYS DE FRANCE;39,3;49.099464;2.524882;166051;ILE-DE-FRANCE;95250;9566;95;95401;Fosses;21825;03-Petite couronne;1;30;731;-0,9;De 10 à 20 000 entrées;D;RDJPPR;C;162;102;0;63,9;27,7;5,8;2,6;106;32
1042;61 636;150 162;ASSOCIATION D'EDUCATION POPULAIRE ET CULTURELLE DU PAYS FOUGERES;23,8;48.348029;-1.19278;166434;BRETAGNE;35115;20235;35;35401;Fougères;26788;05-Unités urbaines de 20 000 à 100 000 hbts;6;30;3 662;-0,6;De 50 à 80 000 entrées;D;JPPR;C;153;90;66;57,6;36,2;5,2;1;75;18,7
282;4 020;13 071;SOCIETE D EXPLOITATION DU CASINO DE FOURAS;17,6;45.990004;-1.097971;166862;NOUVELLE AQUITAINE;17168;4047;17;17115;Fouras;4047;06-autres communes et unités urbaines;1;26;498;-0,7;De 2 à 5 000 entrées;E;;I;111;92;4;52,1;42,3;4,3;1,3;50;12,7
133;1 384;9 596;ASSOCIATION LE SONHIR 3;24,2;50.013373;4.04454;167035;HAUTS DE FRANCE;59249;12364;59;59305;Fourmies;15330;06-autres communes et unités urbaines;1;30;383;-0,9;Moins de 2000 entrées;NON;;C;90;76;3;53,6;39;4;3,5;26;23,2
174;2 510;11 475;COMMUNAUTE DE COMMUNES HAUTE MAURIENNE VANOISE;32,1;45.191425;6.648346;167151;AUVERGNE / RHONE-ALPES;73117;666;73;73109;Modane;3846;06-autres communes et unités urbaines;1;29;213;-0,8;De 2 à 5 000 entrées;NON;;B;119;96;2;49,9;15,7;8,6;25,9;49;42,5
193;1 376;28 375;UNION REG FEDERATIONS OEUVRES LAIQUES AUVERGNE RHONE ALPES;39,3;45.73125;4.765987;168071;AUVERGNE / RHONE-ALPES;69089;14361;69;758;Lyon;1639558;04-Unités urbaines de 100 000 hbts ou plus;1;19;35;-1;Moins de 2000 entrées;NON;;B;29;20;0;64,2;18,7;6,5;10,6;17;41,9
518;13 080;12 772;ASSOCIATION CINE HENRI LANGLOIS;26,9;48.988437;2.232576;168193;ILE-DE-FRANCE;95252;34920;95;851;Paris;10706072;03-Petite couronne;2;30;1 653;0;De 10 à 20 000 entrées;C;RDJPPR;B;155;110;25;51,5;42,4;4,7;1,4;93;17,1
502;14 304;11 928;LES CINEMAS DE SAINT RAPHAEL (EX LIDO RIALTO CINEMA ST RAPHAEL);19;43.432981;6.732812;168942;PROVENCE-ALPES-COTE D'AZUR;83061;52897;83;83502;Fréjus;95721;05-Unités urbaines de 20 000 à 100 000 hbts;3;28;1 324;0,2;De 10 à 20 000 entrées;D;;C;100;59;28;38,6;46,7;11,1;3,6;66;15,1
450;4 866;27 763;FORUM DES ARTS;35;43.3974611;6.718800399999964;168953;PROVENCE-ALPES-COTE D'AZUR;83061;52897;83;83502;Fréjus;95721;05-Unités urbaines de 20 000 à 100 000 hbts;1;10;69;-0,8;De 2 à 5 000 entrées;NON;;C;34;32;16;64,4;32,2;2,7;0,7;10;45,6
158;2 515;4 503;MAISON DES JEUNES ET DE LA CULTURE DE FRESNES;20,9;48.752796;2.313077;169572;ILE-DE-FRANCE;94034;27154;94;851;Paris;10706072;02-Grande Couronne;1;13;80;-0,4;De 2 à 5 000 entrées;NON;;B;15;6;0;50,2;40,6;7,3;2;10;17,1
2474;71 873;45 108;MULTIPLEX;21,2;49.141819;6.81071;170435;GRAND EST;57240;13059;57;57501;Sarrebruck (ALL) - Forbach (partie française);83893;05-Unités urbaines de 20 000 à 100 000 hbts;10;31;9 454;0,6;De 50 à 80 000 entrées;NON;;C;161;115;92;46,9;45;7,1;0,9;44;18
152;22 714;11 413;CINEMISTRAL;19,5;43.447733;3.752698;171242;OCCITANIE;34108;22771;34;34502;Sète;91281;05-Unités urbaines de 20 000 à 100 000 hbts;1;30;869;1;De 20 à 30 000 entrées;D;JP;C;176;124;31;46,5;44,3;6,7;2,5;91;17,5
120;6 862;4 745;ASSOCIATION CINEFOL 31;50;43.839626;1.390132;171253;OCCITANIE;31202;5917;31;31202;Fronton;5917;06-autres communes et unités urbaines;1;31;481;0,4;De 5 à 10 000 entrées;E;RDJPPR;I;151;85;6;81,7;12,9;5,5;0;94;47,1
263;13 271;5 239;STUDIO CINEMA;33,3;42.657224;9.423381;171650;CORSE;2B120;5736;2B;2B501;Bastia;67699;05-Unités urbaines de 20 000 à 100 000 hbts;1;29;562;1,5;De 10 à 20 000 entrées;NON;;B;49;28;18;64,1;22;13,9;0;7;54,9
350;1 741;96 577;COMMUNE DE GACE;16;48.794527;0.298902;171881;NORMANDIE;61181;1896;61;61101;Gacé;2074;06-autres communes et unités urbaines;1;30;136;-1;Moins de 2000 entrées;NON;;C;77;64;0;37,6;51,3;8,6;2,6;22;12,6
450;3 952;27 404;ASSOCIATION LE CINEMA DE GAGNY;19,8;48.884043;2.529952;172043;ILE-DE-FRANCE;93032;39603;93;851;Paris;10706072;02-Grande Couronne;1;19;172;-0,9;De 2 à 5 000 entrées;C;;B;72;50;0;75,2;13,6;9,6;1,6;40;16,8
709;60 847;12 654;CINE QUATRE VINGT UN;16,8;43.901202;1.895449;172104;OCCITANIE;81099;15423;81;81303;Gaillac;18794;06-autres communes et unités urbaines;4;31;3 288;3,8;De 50 à 80 000 entrées;E;RDJP;C;198;137;84;51,5;42,8;5,2;0,5;111;12,6
505;14 834;29 788;LES ECRANS GAILLONNAIS;21,9;49.15552;1.344766;172213;NORMANDIE;27275;7027;27;27302;Gaillon;17263;06-autres communes et unités urbaines;3;31;1 658;-0,5;De 10 à 20 000 entrées;NON;;C;54;42;30;42,4;49,3;6,2;2,2;9;13,1
166;6 064;14 769;MIREILLE LACAN ET CIE;42,6;43.936455;3.709731;172662;OCCITANIE;34111;3950;34;34209;Ganges;7942;06-autres communes et unités urbaines;1;30;522;-0,6;De 5 à 10 000 entrées;E;;C;108;88;17;51,6;36,8;7,8;3,8;48;34,6
131;4 792;28 738;COMMUNE DE GANNAT;25,4;46.097274;3.197027;172682;AUVERGNE / RHONE-ALPES;3118;5841;3;3202;Gannat;5841;06-autres communes et unités urbaines;1;20;319;-0,8;De 2 à 5 000 entrées;E;JP;I;82;62;0;60;26,3;7,7;6;42;21,3
640;41 936;75 681;LE PALACE;43,2;44.557036;6.078807;172741;PROVENCE-ALPES-COTE D'AZUR;5061;40776;5;5401;Gap;41248;05-Unités urbaines de 20 000 à 100 000 hbts;6;31;4 972;-0,4;De 40 à 50 000 entrées;NON;;C;99;78;70;62,6;32,3;4,5;0,6;13;38,8
274;9 448;21 763;ASSOCIATION CONFERENCE JEANNE D'ARC;33,5;44.559365;6.078993;172743;PROVENCE-ALPES-COTE D'AZUR;5061;40776;5;5401;Gap;41248;05-Unités urbaines de 20 000 à 100 000 hbts;1;31;800;-0,6;De 5 à 10 000 entrées;NON;;C;42;27;23;59,3;30,1;5;5,6;26;30,4
104;8 396;28 661;ASSOCIATION CONFERENCE JEANNE D'ARC;79,7;44.55986;6.07839;172744;PROVENCE-ALPES-COTE D'AZUR;5061;40776;5;5401;Gap;41248;05-Unités urbaines de 20 000 à 100 000 hbts;1;31;808;-0,7;De 5 à 10 000 entrées;D;RD;C;71;49;21;50,1;17,8;13,3;18,9;60;80,9
873;87 612;1 074 288;CINESCOP;74,8;45.629474;0.233829;172860;NOUVELLE AQUITAINE;16146;1999;16;0;Zone rurale;14541106;04-Unités urbaines de 100 000 hbts ou plus;6;31;6 106;-0,9;De 80 à 100 000 entrées;E;;R;198;125;90;46,8;10,6;10,7;31,8;89;85,7
434;8 680;10 395;VILLE DE LIART;18,2;48.844239;2.188722;172914;ILE-DE-FRANCE;92033;17762;92;851;Paris;10706072;02-Grande Couronne;2;27;727;-0,2;De 5 à 10 000 entrées;NON;;B;106;90;27;43,8;47,8;7,6;0,8;51;16,2
163;11 413;3 049;GARDANNE ACTION CINEMA;82,4;43.454749;5.470731;172961;PROVENCE-ALPES-COTE D'AZUR;13041;19749;13;759;Marseille - Aix-en-Provence;1585498;04-Unités urbaines de 100 000 hbts ou plus;2;30;1 309;2,7;De 10 à 20 000 entrées;C;;B;149;102;9;50,4;19,9;17,9;11,7;80;87,3
141;4 384;7 538;VILLE DE LA GARDE;19,6;43.124317;6.009199;173083;PROVENCE-ALPES-COTE D'AZUR;83062;25047;83;757;Toulon;569793;04-Unités urbaines de 100 000 hbts ou plus;1;20;200;-0,4;De 2 à 5 000 entrées;C;;B;39;22;0;45,3;45,9;5,9;2,9;31;16,1
225;4 333;12 553;VILLE DE GARGES LES GONESSE;8,2;48.971945;2.399817;173332;ILE-DE-FRANCE;95268;42501;95;851;Paris;10706072;03-Petite couronne;1;26;353;-0,7;De 2 à 5 000 entrées;C;JPPR;B;77;50;0;4,7;38,2;52,9;4,2;39;4,2
166;3 488;10 908;CINE GARLIN;46;43.560669;-0.272312;173432;NOUVELLE AQUITAINE;64233;1405;64;0;Zone rurale;14541106;04-Unités urbaines de 100 000 hbts ou plus;1;30;329;-0,7;De 2 à 5 000 entrées;E;JP;R;140;105;4;55,3;17,9;21,6;5,2;75;53,6
177;3 562;366 730;TOURNEE FAMILIA;32,1;43.721609;7.149739;173991;PROVENCE-ALPES-COTE D'AZUR;6065;6415;6;6701;Nice;943354;04-Unités urbaines de 100 000 hbts ou plus;1;28;365;-1;De 2 à 5 000 entrées;NON;;B;108;94;3;64,2;22,4;6,6;6,8;44;39,7
323;1 580;7 484;CINEODE;43,5;43.287544;5.6229;174813;PROVENCE-ALPES-COTE D'AZUR;13042;6387;13;759;Marseille - Aix-en-Provence;1585498;04-Unités urbaines de 100 000 hbts ou plus;1;24;110;-0,8;Moins de 2000 entrées;NON;;B;63;51;0;80,9;14,3;4,8;0;17;52,9
104;10 555;10 363;ASSOCIATION CINEMA DE GENCAY;27,5;46.374596;0.404662;174961;NOUVELLE AQUITAINE;86103;1733;86;86105;Gençay;3045;06-autres communes et unités urbaines;1;30;492;0;De 10 à 20 000 entrées;E;RDJPPR;C;126;84;0;62,7;28,1;6,7;2,5;88;44
266;1 506;10 962;PANORAMIC 21;20;47.241889;5.217949;175404;BOURGOGNE / FRANCHE-COMTE;21292;5342;21;21202;Genlis;5342;06-autres communes et unités urbaines;1;29;171;-0,9;Moins de 2000 entrées;E;;I;76;65;3;77,4;16,9;2,7;3;31;19,6
290;18 490;66 905;ASSOCIATION CENTRE DE LOISIRS;46,3;48.928469;2.293206;175513;ILE-DE-FRANCE;92036;44551;92;851;Paris;10706072;02-Grande Couronne;2;26;960;-0,7;De 10 à 20 000 entrées;C;RDJPPR;B;151;101;8;65,1;19,6;7,5;7,7;93;52,2
390;8 839;348 342;CASINO DE GERARDMER;38,8;48.069277;6.867186;175923;GRAND EST;88196;8294;88;88301;Gérardmer;9835;06-autres communes et unités urbaines;1;29;418;-1;De 5 à 10 000 entrées;NON;;C;40;34;21;86;10,6;2,6;0,8;3;57,2
211;10 294;397 773;MAISON DE LA CULTURE ET DES LOISIRS DE GERARDMER;31,9;48.071742;6.881569;175924;GRAND EST;88196;8294;88;88301;Gérardmer;9835;06-autres communes et unités urbaines;1;29;476;-1;De 10 à 20 000 entrées;E;RDJP;C;95;60;3;70,5;21,4;2,6;5,5;66;28,6
220;4 676;26 617;BAUCINE;44,7;46.152434;6.657281;176722;AUVERGNE / RHONE-ALPES;74134;1251;74;0;Zone rurale;14541106;04-Unités urbaines de 100 000 hbts ou plus;1;18;217;-0,8;De 2 à 5 000 entrées;NON;;R;58;45;37;54,5;30,4;9,1;6;13;39,9
110;5 470;22 451;VILLE DE GEX;49;46.332254;6.05905;176873;AUVERGNE / RHONE-ALPES;1173;11687;1;1301;Gex;16504;06-autres communes et unités urbaines;1;28;497;-0,8;De 5 à 10 000 entrées;E;RDJPPR;C;162;109;1;54,2;20,7;19,2;6;112;52,5
188;6 259;11 303;LES CINEMAS GIENNOIS;49,6;47.733433;2.650054;177112;CENTRE-VAL DE LOIRE;45155;14559;45;45303;Gien;15740;06-autres communes et unités urbaines;1;26;385;-0,4;De 5 à 10 000 entrées;NON;;C;91;70;13;56,1;29;8,9;6;31;38,6
294;470;380 203;COMMUNE DE GIERES;46,1;45.1800066;5.791162699999973;177140;AUVERGNE / RHONE-ALPES;38179;6483;38;38701;Grenoble;511598;04-Unités urbaines de 100 000 hbts ou plus;1;8;8;-1;Moins de 2000 entrées;NON;;B;8;8;0;56,6;27,6;8,5;7,3;3;51
155;5 991;55 594;LES VRAIS INSTANTS DE L  IMAGE;61,9;48.701701;2.13387;177201;ILE-DE-FRANCE;91272;21069;91;851;Paris;10706072;03-Petite couronne;1;27;462;-0,9;De 5 à 10 000 entrées;C;;B;45;32;4;63,3;12,9;14,5;9,3;24;72,4
97;2 080;20 402;COMMUNAUTE DE COMMUNES DES COTEAUX ARRATS GIMONE;45,5;43.626338;0.878691;177663;OCCITANIE;32147;2973;32;32101;Gimont;2973;06-autres communes et unités urbaines;1;29;130;-0,9;De 2 à 5 000 entrées;E;JP;I;102;80;8;49,1;36,3;9;5,6;43;45,9
207;6 458;9 905;VILLE DE GISORS;33,8;49.279682;1.774186;178231;NORMANDIE;27284;11867;27;359;Gisors;13776;06-autres communes et unités urbaines;1;30;583;-0,3;De 5 à 10 000 entrées;E;JP;C;114;90;4;66,5;17,2;10,1;6,2;54;40,6
465;9 386;14 180;COMMUNE DE GIVET;38;50.135351;4.82068;178423;GRAND EST;8190;6699;8;8206;Givet;8421;06-autres communes et unités urbaines;2;30;948;-0,3;De 5 à 10 000 entrées;E;JP;C;104;83;20;70,6;22;4,5;2,9;29;35
223;11 081;164 275;COMMUNE DE GONESSE;39,2;48.999982;2.428131;179852;ILE-DE-FRANCE;95277;26142;95;851;Paris;10706072;03-Petite couronne;1;28;671;-0,9;De 10 à 20 000 entrées;C;RDJP;B;149;99;0;79,3;10,2;4,2;6,3;89;38,1
337;1 617;32 141;VILLE DE GONFREVILLE L' ORCHER;17,2;49.504857;0.228509;179902;NORMANDIE;76305;9234;76;76701;Le Havre;237578;04-Unités urbaines de 100 000 hbts ou plus;1;10;98;-0,9;Moins de 2000 entrées;NON;;B;34;16;0;55;40,6;4,4;0;11;16
272;2 790;17 911;VILLE DE GORRON;35,8;48.413307;-0.814298;180261;PAYS DE LA LOIRE;53107;2623;53;53105;Gorron;2623;06-autres communes et unités urbaines;1;27;182;-0,8;De 2 à 5 000 entrées;E;JP;I;95;71;1;56,9;34,8;6,4;2;34;38,6
290;8 915;119 435;SARL CINE LIMOUSIN QUERCY PERIGORD;18,8;44.737405;1.38428;181262;OCCITANIE;46127;4321;46;46105;Gourdon;4321;06-autres communes et unités urbaines;2;30;922;-0,9;De 5 à 10 000 entrées;E;RDJPPR;I;213;148;8;72,4;18,3;0,5;8,9;132;9,1
227;6 722;393 926;AEP OEUVRE DE JEANNE D'ARC;78,7;48.141023;-3.606192;181351;BRETAGNE;56066;3972;56;56115;Gourin;3972;06-autres communes et unités urbaines;1;31;720;-1;De 5 à 10 000 entrées;E;RDJPPR;I;170;110;11;58;15,7;16,4;9,9;82;80,5
319;14 580;30 297;ASSOCIATION LES ECRANS;50,4;49.482406;1.723715;181422;NORMANDIE;76312;6294;76;76205;Gournay-en-Bray;7975;06-autres communes et unités urbaines;2;28;859;-0,5;De 10 à 20 000 entrées;E;RDJP;C;139;109;20;60,3;17,4;15,4;6,9;65;58,3
562;132;42 729;COMMUNE DE GOUSSAINVILLE;28;49.03242;2.471796;181553;ILE-DE-FRANCE;95280;31025;95;851;Paris;10706072;03-Petite couronne;1;2;4;-1;Moins de 2000 entrées;NON;;B;4;4;0;59,8;31,4;3,9;4,9;1;21,9
158;5 529;2 910;COMMUNE DE GRAMAT;30,6;44.775936;1.72351;182282;OCCITANIE;46128;3649;46;46103;Gramat;3649;06-autres communes et unités urbaines;1;31;378;0,9;De 5 à 10 000 entrées;E;JP;I;147;104;1;39,7;31,9;7,9;20,4;72;40,6
199;5 233;3 452;MC4  DISTRIBUTION;40,7;45.935346;6.473902;182461;AUVERGNE / RHONE-ALPES;74136;2154;74;74101;Le Grand-Bornand;2154;06-autres communes et unités urbaines;1;23;274;0,5;De 5 à 10 000 entrées;NON;;I;112;89;24;71,3;19;7,7;2;41;47,1
150;3 650;15 894;MC4  DISTRIBUTION;33,6;45.969321;6.446761;182462;AUVERGNE / RHONE-ALPES;74136;2154;74;74101;Le Grand-Bornand;2154;06-autres communes et unités urbaines;1;19;236;-0,8;De 2 à 5 000 entrées;NON;;I;92;73;20;46,5;44,9;6,2;2,5;35;24,3
227;10 851;33 605;REGIE PERSONNALISEE CINEMA LE VARLIN;72,9;51.018143;2.300028;182931;HAUTS DE FRANCE;59271;23634;59;59602;Dunkerque;177103;04-Unités urbaines de 100 000 hbts ou plus;1;27;423;-0,7;De 10 à 20 000 entrées;NON;;B;59;45;2;56,1;21;17,4;5,4;10;72,3
3828;233 378;10 224;GAUMONT;49,7;49.413966;1.041562;183301;NORMANDIE;76322;25652;76;755;Rouen;467133;04-Unités urbaines de 100 000 hbts ou plus;16;31;13 643;21,8;De 200 à 300 000 entrées;NON;;B;220;120;106;52;26,2;11,8;10;57;52,3
295;6 296;55 859;REGIE CULTURELLE OUEST PROVENCE;36,8;43.608373;5.064398;183942;PROVENCE-ALPES-COTE D'AZUR;13044;4703;13;13501;Salon-de-Provence;60408;05-Unités urbaines de 20 000 à 100 000 hbts;1;31;502;-0,9;De 5 à 10 000 entrées;D;RDJPPR;B;121;78;0;54,1;36,5;6,9;2,5;93;35,1
514;34 074;27 199;LE SELECT;32,8;48.837706;-1.594566;183951;NORMANDIE;50218;13175;50;50402;Granville;26343;05-Unités urbaines de 20 000 à 100 000 hbts;3;31;2 403;0,3;De 30 à 40 000 entrées;D;JP;C;207;131;84;52;39,3;7,3;1,4;107;23,1
230;5 596;11 708;VILLE DE GRASSE;19,1;43.659584;6.922053;184053;PROVENCE-ALPES-COTE D'AZUR;6069;50937;6;6701;Nice;943354;04-Unités urbaines de 100 000 hbts ou plus;2;23;795;-0,5;De 5 à 10 000 entrées;C;;B;175;130;5;32;56;9,2;2,8;106;12,3
425;15 359;26 697;SARL VOG;55,9;43.544412;4.131107;184213;OCCITANIE;30133;8434;30;362;Le Grau-du-Roi;17189;06-autres communes et unités urbaines;2;30;1 519;-0,4;De 10 à 20 000 entrées;E;;B;154;135;65;53,9;22,3;11,6;12,2;66;59,5
280;11 605;4 481;CINEAZUR;48,4;43.760736;1.999613;184252;OCCITANIE;81105;12461;81;81302;Graulhet;12461;06-autres communes et unités urbaines;2;30;1 148;1,6;De 10 à 20 000 entrées;E;JP;I;116;92;35;68,4;19,8;9;2,8;58;50,6
369;11 403;564 824;L ETOILE;33,3;51.003064;2.131258;184364;HAUTS DE FRANCE;59273;11586;59;59602;Dunkerque;177103;04-Unités urbaines de 100 000 hbts ou plus;2;30;967;-1;De 10 à 20 000 entrées;C;JP;B;122;91;21;80,5;16;3,4;0;43;39,8
252;13 615;495 495;COMMUNAUTE DE COMMUNES DU VAL DE GRAY;34,7;47.448741;5.587904;184581;BOURGOGNE / FRANCHE-COMTE;70279;5484;70;70301;Gray;9470;06-autres communes et unités urbaines;2;28;847;-1;De 10 à 20 000 entrées;E;JPPR;C;108;60;14;57,5;34,4;5,2;2,9;63;26,8
250;6 716;2 435;ASSOCIATION CINEFOL 31;19,2;43.76859;1.296013;184852;OCCITANIE;31232;8685;31;31205;Grenade;8685;06-autres communes et unités urbaines;1;31;202;1,8;De 5 à 10 000 entrées;E;JP;I;123;95;2;34,7;52,6;10,3;2,4;66;18,2
1009;27 513;43 659;CINEMA REX;45,8;45.189425;5.728332;185002;AUVERGNE / RHONE-ALPES;38185;160649;38;38701;Grenoble;511598;04-Unités urbaines de 100 000 hbts ou plus;6;31;6 687;-0,4;De 20 à 30 000 entrées;NON;;C;62;47;44;42,4;36,7;14,3;6,5;2;48,4
479;48 007;16 729;BETAPHI;19,6;45.187177;5.722453;185023;AUVERGNE / RHONE-ALPES;38185;160649;38;38701;Grenoble;511598;04-Unités urbaines de 100 000 hbts ou plus;5;31;4 475;1,9;De 40 à 50 000 entrées;A;RD;C;148;97;92;33,5;52,3;9,7;4,5;115;15,1
876;44 081;21 871;CINE 38;81;45.190618;5.723517;185044;AUVERGNE / RHONE-ALPES;38185;160649;38;38701;Grenoble;511598;04-Unités urbaines de 100 000 hbts ou plus;7;31;6 703;1;De 40 à 50 000 entrées;NON;;C;102;68;56;57,3;15,6;14,6;12,5;50;79,1
2984;169 675;15 335;PATHE GRENOBLE CHAVANT;28,1;45.185486;5.731291;185116;AUVERGNE / RHONE-ALPES;38185;160649;38;38701;Grenoble;511598;04-Unités urbaines de 100 000 hbts ou plus;10;31;8 770;10,1;De 150 à 200 000 entrées;NON;;C;156;110;107;56;38,4;4,7;0,9;49;29,1
641;8 780;389 217;ECOCINE VERDON;42,8;43.757246;5.886021;185173;PROVENCE-ALPES-COTE D'AZUR;4094;2628;4;4101;Gréoux-les-Bains;2628;06-autres communes et unités urbaines;2;28;961;-1;De 5 à 10 000 entrées;E;RDJP;I;116;90;6;56,9;31,5;10,2;1,4;64;47,1
0;178;272 511;ECOCINE VERDON;28,8;43.757189;5.886009;185175;PROVENCE-ALPES-COTE D'AZUR;4094;2628;4;4101;Gréoux-les-Bains;2628;06-autres communes et unités urbaines;1;6;10;-1;Moins de 2000 entrées;NON;;I;4;3;0;53,7;24,1;20,8;1,5;0;27,6
154;1 756;12 496;VILLE DE GRESSE EN VERCORS;24;44.900658;5.555056;185241;AUVERGNE / RHONE-ALPES;38186;395;38;0;Zone rurale;14541106;04-Unités urbaines de 100 000 hbts ou plus;1;30;65;-0,9;Moins de 2000 entrées;NON;;R;55;48;0;61,4;31,4;4,9;2,2;16;17,8
236;4 977;484 744;BERGER BOTERF HELENE;39,4;47.641631;-3.45272;186232;BRETAGNE;56069;2262;56;0;Zone rurale;14541106;04-Unités urbaines de 100 000 hbts ou plus;1;30;120;-1;De 2 à 5 000 entrées;E;;R;113;72;0;62,9;31,1;4,7;1,4;88;30,7
740;52 451;29 140;SG CINEMA LE FLORIVAL;15,3;47.908949;7.211201;187022;GRAND EST;68112;11319;68;68401;Guebwiller;29102;05-Unités urbaines de 20 000 à 100 000 hbts;5;31;3 736;0,8;De 50 à 80 000 entrées;D;;C;147;104;56;44,5;48,3;5,2;2;66;10,1
165;2 730;31 240;ASSOCIATION L' ETENDARD;85,3;47.630162;-1.8325;187191;PAYS DE LA LOIRE;44067;5231;44;44122;Guémené-Penfao;5231;06-autres communes et unités urbaines;1;29;155;-0,9;De 2 à 5 000 entrées;E;;I;86;59;0;72,5;11,6;9,8;6,1;25;81,8
201;4 605;20 825;ASSOCIATION ROCH;38,7;48.064952;-3.208011;187201;BRETAGNE;56073;1103;56;0;Zone rurale;14541106;04-Unités urbaines de 100 000 hbts ou plus;1;29;326;-0,8;De 2 à 5 000 entrées;E;RDJPPR;R;180;127;1;61,9;27,5;7,3;3,3;100;42,7
184;5 004;4 601;CINEGUER;16,8;47.907692;-2.118355;187365;BRETAGNE;56075;6299;56;56211;Guer;6803;06-autres communes et unités urbaines;1;28;308;0,1;De 5 à 10 000 entrées;E;;C;125;98;0;44;46,8;7,1;2,1;57;12,4
270;3 821;81 568;ASSOCIATION LES JONGLEURS;60,6;47.941328;-1.226507;187441;BRETAGNE;35125;4281;35;35204;La Guerche-de-Bretagne;5391;06-autres communes et unités urbaines;1;22;148;-1;De 2 à 5 000 entrées;E;;C;93;65;2;76,2;9,6;10,4;3,7;47;69
695;31 160;6 837;CENTRE REGIONAL PROMOTION IMAGE LE SENECHAL;56,3;46.169796;1.867356;187515;NOUVELLE AQUITAINE;23096;13492;23;23301;Guéret;14529;06-autres communes et unités urbaines;5;30;2 735;3,6;De 30 à 40 000 entrées;E;RDJPPR;C;158;127;70;68;17,7;9,9;4,4;74;57,8
128;3 980;16 219;GRAAC GETARI ENEA;97,9;43.420117;-1.60616;187793;NOUVELLE AQUITAINE;64249;1303;64;751;Bayonne (partie française);236730;04-Unités urbaines de 100 000 hbts ou plus;1;21;413;-0,8;De 2 à 5 000 entrées;NON;;B;99;74;10;64,4;0;11,3;24,3;79;99,4
180;5 390;7 406;SARL LE DANTON;40;46.600458;4.067349;187852;BOURGOGNE / FRANCHE-COMTE;71230;7184;71;71204;Gueugnon;7184;06-autres communes et unités urbaines;1;31;628;-0,3;De 5 à 10 000 entrées;E;JPPR;I;125;98;4;96,3;1,7;0;2;54;42,8
284;10 084;28 667;CINEMA LE BRETAGNE;41,2;47.990181;-1.796621;188041;BRETAGNE;35126;8231;35;35213;Guichen;8231;06-autres communes et unités urbaines;2;30;405;-0,6;De 10 à 20 000 entrées;E;RDJP;I;129;95;5;59,3;25,9;13,1;1,8;67;46,1
238;8 258;8 911;ASSOCIATION COMITE MUNICIPAL DES FETES;37,2;44.932115;4.875562;188251;AUVERGNE / RHONE-ALPES;7102;10862;7;651;Valence;129705;04-Unités urbaines de 100 000 hbts ou plus;1;22;123;-0,1;De 5 à 10 000 entrées;NON;;B;44;28;0;58,5;34,6;2,8;4,1;17;45,8
185;4 234;41 579;CINE GUIL;41,9;44.662223;6.649662;188341;PROVENCE-ALPES-COTE D'AZUR;5065;2301;5;5102;Guillestre;3208;06-autres communes et unités urbaines;1;24;386;-0,9;De 2 à 5 000 entrées;E;JP;C;96;59;5;64,8;23,8;5;6,5;50;44,5
438;37 166;110 918;LES BALADINS;40,7;48.559935;-3.148205;188591;BRETAGNE;22070;6900;22;22401;Guingamp;21755;05-Unités urbaines de 20 000 à 100 000 hbts;2;31;2 367;-0,7;De 30 à 40 000 entrées;D;JPPR;C;343;203;103;70;18,9;5,1;6;160;45,3
185;6 674;6 440;CINEMA ALLIANCE;33,3;47.8255858;-1.8447579999999562;188681;BRETAGNE;35176;6888;35;35207;Guipry;6888;06-autres communes et unités urbaines;1;31;283;0;De 5 à 10 000 entrées;E;;B;137;102;3;79,7;12,4;6,1;1,7;62;48,8
160;2 153;6 345;VILLE DE GUISE;53,1;49.898867;3.627448;188762;HAUTS DE FRANCE;2361;4919;2;2201;Guise;4919;06-autres communes et unités urbaines;1;28;267;-0,7;De 2 à 5 000 entrées;NON;;I;67;55;0;75,3;7,7;9,1;7,9;17;41,4
182;10 669;25 259;ARTS ET TECHNIQUES;44,4;44.638602;-1.111896;188933;NOUVELLE AQUITAINE;33199;20817;33;33501;La Teste-de-Buch - Arcachon;65500;05-Unités urbaines de 20 000 à 100 000 hbts;1;30;347;-0,6;De 10 à 20 000 entrées;D;;C;162;113;8;48,5;27,9;22,3;1,2;88;46,3
415;2 751;30 595;GOSSE PHILIPPE;57,4;43.656112;-0.592314;189661;NOUVELLE AQUITAINE;40119;4616;40;40201;Hagetmau;5305;06-autres communes et unités urbaines;1;27;306;-0,9;De 2 à 5 000 entrées;E;;C;125;103;0;67,1;16,2;8,1;8,5;48;68,2
1650;87 575;5 721;SOCIETE DU CINEMA MEGAREX;25,5;48.80003;7.834416;189741;GRAND EST;67180;34846;67;67501;Haguenau;59194;05-Unités urbaines de 20 000 à 100 000 hbts;10;27;6 545;14,3;De 80 à 100 000 entrées;NON;;C;109;84;71;63,5;22,4;6,8;7,3;20;25,6
480;2 107;13 957;ARTS ET TECHNIQUES;25,2;44.874611;-0.677018;189830;NOUVELLE AQUITAINE;33200;10755;33;33701;Bordeaux;904359;04-Unités urbaines de 100 000 hbts ou plus;1;29;194;-0,8;De 2 à 5 000 entrées;C;;B;114;90;1;49,1;37,3;4,1;9,5;44;29,9
237;9 551;118 066;OFFICE DU CINEMA HALLUINOIS;29,5;50.780027;3.127664;190194;HAUTS DE FRANCE;59279;20662;59;59702;Lille (partie française);1039397;04-Unités urbaines de 100 000 hbts ou plus;1;28;283;-0,9;De 5 à 10 000 entrées;NON;;B;80;66;0;82,5;17,5;0;0;18;25,3
198;2 863;18 049;CINEM'HAM;48,4;49.747151;3.074474;190281;HAUTS DE FRANCE;80410;4679;80;80207;Ham;7343;06-autres communes et unités urbaines;1;29;95;-0,8;De 2 à 5 000 entrées;NON;;C;61;46;0;65,4;19,4;9,4;5,8;15;48,8
362;6 706;10;COMMUNE DE HARNES;36,9;50.445859;2.905974;191372;HAUTS DE FRANCE;62413;12595;62;756;Douai - Lens;504537;04-Unités urbaines de 100 000 hbts ou plus;1;29;318;669,6;De 5 à 10 000 entrées;NON;;B;67;50;0;51,4;36,9;10,5;1,3;17;40,6
193;5 246;43 421;ASSOCIATION ZABALKI;48,2;43.382881;-1.306533;191591;NOUVELLE AQUITAINE;64256;6562;64;64202;Hasparren;6562;06-autres communes et unités urbaines;1;30;371;-0,9;De 5 à 10 000 entrées;E;JP;I;139;111;1;64,6;25;7;3,5;65;44,4
177;3 029;10 558;ASSOCIATION DIFFUSION EXPLOITATION CINEMATOGRAPHIQUE SUD EST;37,7;45.977393;5.601461;192631;AUVERGNE / RHONE-ALPES;1185;3739;1;1120;Hauteville-Lompnes;3739;06-autres communes et unités urbaines;1;22;252;-0,7;De 2 à 5 000 entrées;E;JP;I;58;43;0;69,5;21,4;5,3;3,8;17;34,5
560;1 372;25 293;ASSOCIATION CINEMA LE PARADISIO;82,2;50.257558;3.913904;192833;HAUTS DE FRANCE;59291;14685;59;59601;Maubeuge (partie française);112020;04-Unités urbaines de 100 000 hbts ou plus;1;26;87;-0,9;Moins de 2000 entrées;NON;;B;44;32;0;78,1;14,3;5,3;2,3;7;89,6
282;16 142;65 158;ASSOCIATION DU CINEMA DE LA PLAGE;50,3;48.977726;-1.557167;192961;NORMANDIE;50231;689;50;0;Zone rurale;14541106;04-Unités urbaines de 100 000 hbts ou plus;2;30;989;-0,8;De 10 à 20 000 entrées;E;RDJPPR;R;171;127;30;70,6;12,4;14,9;2,1;101;58,6
492;58 548;24 830;SOCIETE CINEMATOGRAPHIQUE HAVRAISE;37,8;49.501072;0.145711;193111;NORMANDIE;76351;172366;76;76701;Le Havre;237578;04-Unités urbaines de 100 000 hbts ou plus;5;31;4 316;1,4;De 50 à 80 000 entrées;A;RDJP;C;142;96;88;68,6;20,4;6,2;4,8;105;32,5
86;7 560;93 951;LES FILMS SEINE OCEAN;52;49.492799;0.120219;193185;NORMANDIE;76351;172366;76;76701;Le Havre;237578;04-Unités urbaines de 100 000 hbts ou plus;1;26;623;-0,9;De 5 à 10 000 entrées;A;JPPR;C;65;0;0;41,5;39,5;11,3;7,7;61;48,4
2412;149 769;21 346;GAUMONT LE HAVRE;25,9;49.48976;0.131344;193373;NORMANDIE;76351;172366;76;76701;Le Havre;237578;04-Unités urbaines de 100 000 hbts ou plus;12;31;10 527;6;De 100 à 150 000 entrées;NON;;C;205;118;105;41;45,5;6,9;6,7;53;27,7
274;14 420;265 918;VILLE DE L'HAY LES  ROSES;50,2;48.779749;2.339014;193442;ILE-DE-FRANCE;94038;30736;94;851;Paris;10706072;02-Grande Couronne;1;25;445;-0,9;De 10 à 20 000 entrées;C;JP;B;105;75;3;57,7;17,8;15,4;9,1;64;54,4
250;5 817;5 864;CHAMPALAUNE BRUNO MAURICE GERARD;18,5;49.288956;-1.544392;193591;NORMANDIE;50236;4014;50;50102;La Haye-du-Puits;4014;06-autres communes et unités urbaines;1;31;400;0;De 5 à 10 000 entrées;E;;C;143;123;3;74,1;15;5,1;5,8;67;9,6
540;49 999;2 787;OCINE;48;50.724833;2.533715;193731;HAUTS DE FRANCE;59295;21709;59;59401;Hazebrouck;26633;05-Unités urbaines de 20 000 à 100 000 hbts;4;30;2 599;16,9;De 40 à 50 000 entrées;D;JP;C;118;88;63;75,7;13,7;8,4;2,2;38;42,9
324;6 244;56 669;COMMUNE DE HENDAYE;44;43.355543;-1.773311;194541;NOUVELLE AQUITAINE;64260;16328;64;751;Bayonne (partie française);236730;04-Unités urbaines de 100 000 hbts ou plus;1;31;442;-0,9;De 5 à 10 000 entrées;C;;B;160;122;5;60,2;26,8;10,1;2,9;83;49,2
2401;168 168;9 603;GAUMONT;18,5;50.409044;2.9707;194671;HAUTS DE FRANCE;62427;26379;62;756;Douai - Lens;504537;04-Unités urbaines de 100 000 hbts ou plus;12;31;9 685;16,5;De 150 à 200 000 entrées;NON;;C;206;123;107;64;30,1;5,3;0,6;61;21,8
376;19 500;5 724;ASSOCIATION DE GESTION DU CINEMA GRAND ECRAN LES HERBIERS;30,6;46.87211;-1.013741;195021;PAYS DE LA LOIRE;85109;15992;85;85303;Les Herbiers;15992;06-autres communes et unités urbaines;1;31;590;2,4;De 10 à 20 000 entrées;E;JP;I;112;79;35;55,9;35,1;7,7;1,2;43;26,2
621;23 090;10 990;CINEMA LE GEN'ERIC;26,1;47.414702;-1.655686;195211;PAYS DE LA LOIRE;44073;5876;44;44121;Héric;5876;06-autres communes et unités urbaines;3;30;1 303;1,1;De 20 à 30 000 entrées;E;JP;I;211;152;45;40,4;55,3;1,9;2,3;105;22,7
1009;46 808;12 085;ASSOCIATION DU CAFE DES IMAGES;28;49.202885;-0.332513;195741;NORMANDIE;14327;22460;14;14601;Caen;198639;04-Unités urbaines de 100 000 hbts ou plus;4;31;2 954;2,9;De 40 à 50 000 entrées;C;RDJPPR;B;229;118;82;64,6;21,6;10,2;3,5;169;18,4
436;21 315;45 807;ASSOCIATION LE SONHIR 3;21,8;49.920188;4.084108;196901;HAUTS DE FRANCE;2381;9158;2;2302;Hirson;10031;06-autres communes et unités urbaines;3;31;1 455;-0,5;De 20 à 30 000 entrées;NON;;C;151;104;58;62,3;33;2,8;1,9;52;18,5
199;6 617;25 513;EXPLOITATION CINEMATOGRAPHIQUE LECHANTEUR PERE ET FILS;27,1;49.419105;0.234146;197622;NORMANDIE;14333;7454;14;363;Honfleur;16740;06-autres communes et unités urbaines;1;30;482;-0,7;De 5 à 10 000 entrées;NON;;C;109;88;7;77,8;21;0;1,1;39;21,9
262;8 754;34 905;SARL REGENT CINEMA;33,3;49.304867;-0.074371;198581;NORMANDIE;14338;1956;14;14402;Dives-sur-Mer;34823;05-Unités urbaines de 20 000 à 100 000 hbts;1;29;524;-0,7;De 5 à 10 000 entrées;D;JP;B;145;105;8;48;36,7;9,8;5,5;77;34,6
210;4 163;494 739;QUEAU LUDOVIC CLAUDE;32,5;45.184656;-1.059343;198721;NOUVELLE AQUITAINE;33203;3490;33;33103;Hourtin;3490;06-autres communes et unités urbaines;1;30;298;-1;De 2 à 5 000 entrées;NON;;I;126;107;13;62,4;33,3;0;4,3;47;24,3
97;3 326;228 830;ASSOCIATION ARTHUS CINE;86,4;48.363571;-3.746066;199121;BRETAGNE;29081;1530;29;0;Zone rurale;14541106;04-Unités urbaines de 100 000 hbts ou plus;1;29;274;-1;De 2 à 5 000 entrées;E;JPPR;R;131;91;0;65,5;14,7;5,6;14,1;86;80,3
312;1 012;54 266;SOCIETE DES CINEMAS HUEZ CHAMROUSSE;43,9;45.080667;6.0585;199152;AUVERGNE / RHONE-ALPES;38191;1335;38;0;Zone rurale;14541106;04-Unités urbaines de 100 000 hbts ou plus;1;11;126;-1;Moins de 2000 entrées;NON;;R;35;21;17;62,3;30,9;5;1,8;8;46,4
258;4 271;23 848;AGORA CINEMAS;77,6;45.090313;6.07033;199153;AUVERGNE / RHONE-ALPES;38191;1335;38;0;Zone rurale;14541106;04-Unités urbaines de 100 000 hbts ou plus;2;20;410;-0,8;De 2 à 5 000 entrées;NON;;R;84;66;12;63,2;13,7;16,2;6,9;22;83,6
730;50 589;14 527;MANGOT DANIEL ET MANGOT DANIELLE;18,3;43.118684;6.128014;199831;PROVENCE-ALPES-COTE D'AZUR;83069;56478;83;757;Toulon;569793;04-Unités urbaines de 100 000 hbts ou plus;6;29;5 160;2,5;De 50 à 80 000 entrées;C;;B;128;96;75;46,8;45,7;5,4;2,1;53;13
1052;25 297;16 246;ASSOCIATION LE PARVIS SCENE NATIONALE TARBES PYRENEES;62,7;43.242508;-0.005686;199951;OCCITANIE;65226;2887;65;0;Zone rurale;14541106;04-Unités urbaines de 100 000 hbts ou plus;4;31;1 799;0,6;De 20 à 30 000 entrées;E;RDJPPR;R;227;85;27;54,7;26,1;13,9;5,3;179;65,8
179;1 214;4 216;CINE-OFF;41,3;47.125566;0.414813;200262;CENTRE-VAL DE LOIRE;37119;1610;37;0;Zone rurale;14541106;04-Unités urbaines de 100 000 hbts ou plus;1;26;61;-0,7;Moins de 2000 entrées;NON;;R;43;29;0;66,7;29;3,7;0,7;18;43,4
216;10 203;12 440;ASSOCIATION PERSPECTIVE;38,2;46.72447;-2.348624;200332;PAYS DE LA LOIRE;85113;4771;85;85132;L'Île-d'Yeu;4771;06-autres communes et unités urbaines;1;31;511;-0,2;De 10 à 20 000 entrées;E;JP;I;148;114;16;57,2;28,1;11,6;3,1;75;41
122;2 769;106 476;CINEMA SAINT CHARLES;35,7;47.403746;-0.921463;201041;PAYS DE LA LOIRE;49160;2615;49;156;Ingrandes;2615;06-autres communes et unités urbaines;1;30;151;-1;De 2 à 5 000 entrées;E;;C;95;64;0;66,9;17,3;8;7,8;67;44
180;7 891;13 897;ASSOCIATION TRICOLORES DE LOCHRIST CINEMA;13,4;47.827604;-3.253047;201253;BRETAGNE;56090;6471;56;56205;Inzinzac-Lochrist;6471;06-autres communes et unités urbaines;1;21;284;-0,4;De 5 à 10 000 entrées;E;JPPR;I;114;67;3;34,2;65,8;0;0;56;14,3
308;2 086;4 830;ASSOCIATION ETOILES ET TOILE;45,6;49.320073;-1.104154;201482;NORMANDIE;14342;3674;14;14109;Isigny-sur-Mer;3674;06-autres communes et unités urbaines;1;27;169;-0,6;De 2 à 5 000 entrées;NON;;I;55;42;4;59,4;17,3;15,9;7,4;16;46,5
739;28 222;20 031;SPECTA;53,2;49.110771;2.211976;201524;ILE-DE-FRANCE;95313;12249;95;851;Paris;10706072;03-Petite couronne;5;30;2 523;0,4;De 20 à 30 000 entrées;NON;;B;162;103;62;54,4;26,6;14;5;67;59,5
237;936;25 404;CULTURE ET CINEMA;40,7;43.381163;0.836443;201632;OCCITANIE;31239;1677;31;0;Zone rurale;14541106;04-Unités urbaines de 100 000 hbts ou plus;1;28;72;-1;Moins de 2000 entrées;NON;;R;67;52;0;50;36,4;7,7;5,8;38;34,5
191;13 398;48 214;FEDERATION DES ASSOCIATIONS LAIQUES D' EDUCATION POPULAIRE GERS;46,3;43.614931;1.089434;201661;OCCITANIE;32160;8568;32;32202;L'Isle-Jourdain;8568;06-autres communes et unités urbaines;2;31;789;-0,7;De 10 à 20 000 entrées;E;RDJPPR;I;221;146;26;72,4;14,7;6,5;6,5;140;44,2
92;2 619;32 505;ASSOCIATION LA STRADA;27,1;43.916183;5.048509;201753;PROVENCE-ALPES-COTE D'AZUR;84054;19483;84;754;Avignon;456042;04-Unités urbaines de 100 000 hbts ou plus;1;27;175;-0,9;De 2 à 5 000 entrées;C;;B;90;56;0;83;14,4;0,7;2;56;23,7
150;2 862;41 905;CINE SAUSSET;43,5;44.18736;7.045728;201821;PROVENCE-ALPES-COTE D'AZUR;6073;693;6;0;Zone rurale;14541106;04-Unités urbaines de 100 000 hbts ou plus;1;19;240;-0,9;De 2 à 5 000 entrées;NON;;R;43;32;4;62,3;32,4;3,1;2,2;8;47,9
408;22 998;30 890;CINEMA LE MODERN;52,4;45.543752;3.244977;202085;AUVERGNE / RHONE-ALPES;63178;14564;63;63304;Issoire;15450;06-autres communes et unités urbaines;3;31;1 444;-0,3;De 20 à 30 000 entrées;E;;C;73;54;32;72,3;15,8;8;4;31;51,8
469;12 479;30 088;ETABLISSEMENT PUBLIC DE COOPERATION CULTURELLE D'ISSOUDUN;24,5;46.949327;1.995229;202162;CENTRE-VAL DE LOIRE;36088;12029;36;36301;Issoudun;12029;06-autres communes et unités urbaines;3;30;1 312;-0,6;De 10 à 20 000 entrées;E;JPPR;I;126;97;29;49;43,1;6,6;1,3;55;16
376;11 566;1 111;SOCIETE D EXPLOITATION DU PALAIS DES ARTS ET CONGRES D ISSY LES;26,3;48.825247;2.271161;202214;ILE-DE-FRANCE;92040;69093;92;851;Paris;10706072;02-Grande Couronne;1;25;234;9,4;De 10 à 20 000 entrées;NON;;B;50;44;10;58,7;33,4;4,7;3,1;22;18,3
435;29 704;28 059;REGIE CULTURELLE OUEST PROVENCE;41,1;43.514195;4.987268;202292;PROVENCE-ALPES-COTE D'AZUR;13047;43086;13;759;Marseille - Aix-en-Provence;1585498;04-Unités urbaines de 100 000 hbts ou plus;4;31;3 403;0,1;De 20 à 30 000 entrées;C;RDJPPR;B;164;118;56;64,7;28,9;4,6;1,8;79;46,1
0;3 209;16 880;CINESSONNE;20,9;48.515193;2.341767;202370;ILE-DE-FRANCE;91315;6676;91;91402;Ballancourt-sur-Essonne;35283;03-Petite couronne;1;16;62;-0,8;De 2 à 5 000 entrées;NON;;C;36;7;0;73,9;26,1;0;0;23;25,5
507;32 788;25 228;VILLE D'IVRY SUR SEINE;6;48.81362;2.389338;202551;ILE-DE-FRANCE;94041;59572;94;851;Paris;10706072;02-Grande Couronne;2;31;1 331;0,3;De 30 à 40 000 entrées;C;RDJPPR;B;196;82;32;71,9;17;0;11,1;171;0
3830;214 890;10 433;PATHE IVRY;47,6;48.824074;2.387803;202562;ILE-DE-FRANCE;94041;59572;94;851;Paris;10706072;02-Grande Couronne;14;31;12 709;19,6;De 200 à 300 000 entrées;NON;;B;204;116;102;50,9;33,9;11,4;3,7;48;40,3
156;486;2 489;UNIVERCINE;33,6;45.557131;5.910739;202891;AUVERGNE / RHONE-ALPES;73137;3899;73;73601;Chambéry;187010;04-Unités urbaines de 100 000 hbts ou plus;1;9;10;-0,8;Moins de 2000 entrées;NON;;B;10;4;0;64,5;25,4;8,3;1,8;10;35,4
274;8 020;191 756;AEP STELLA CINEMA;54,3;47.959564;-1.491109;203311;BRETAGNE;35136;8268;35;35215;Janzé;8268;06-autres communes et unités urbaines;1;22;210;-1;De 5 à 10 000 entrées;E;;I;98;76;1;64,1;19,9;10,1;5,9;35;57,6
191;7 132;53 114;ASSOCIATION CINEMA DU BOCAGE;52,5;46.414996;-1.574373;203343;PAYS DE LA LOIRE;85114;2642;85;85121;Jard-sur-Mer;3951;06-autres communes et unités urbaines;1;28;560;-0,9;De 5 à 10 000 entrées;E;JP;C;114;94;5;73,9;16,6;5,1;4,4;51;48,6
310;5 230;64 565;COMMUNAUTE DES COMMUNES DE JARNISY;35,7;49.157279;5.882037;203523;GRAND EST;54273;8307;54;54301;Jarny;12197;06-autres communes et unités urbaines;1;31;367;-0,9;De 5 à 10 000 entrées;NON;;C;71;52;7;55;31,3;7,5;6,2;23;31
244;967;62 088;FAMILLES RURALES FEDERATION REGIONALE DES PAYS DE LA LOIRE;57,4;47.5524248;-0.23296830000003865;203672;PAYS DE LA LOIRE;49163;2750;49;0;Zone rurale;14541106;04-Unités urbaines de 100 000 hbts ou plus;1;21;57;-1;Moins de 2000 entrées;NON;;R;39;24;0;54,3;23,6;10,6;11,5;15;59,5
2466;136 963;7 170;MAJESTIC COMPIEGNE;47,8;49.402871;2.774688;203910;HAUTS DE FRANCE;60325;2564;60;60502;Compiègne;70485;05-Unités urbaines de 20 000 à 100 000 hbts;14;31;11 820;18,1;De 100 à 150 000 entrées;D;PR;B;360;189;157;63,9;20,1;12,1;3,9;136;48,1
100;1 865;243 642;FEDERATION DEPARTEMENTALE DES FOYERS RURAUX DE MOSELLE;44,8;48.842059;6.241568;204111;GRAND EST;54276;801;54;0;Zone rurale;14541106;04-Unités urbaines de 100 000 hbts ou plus;1;18;55;-1;Moins de 2000 entrées;NON;;R;20;12;0;70,4;23,1;3;3,6;10;39,5
50;2 599;16 881;CINEMAFOR;49,6;45.72693270000001;3.834929299999999;204141;AUVERGNE / RHONE-ALPES;42039;451;42;0;Zone rurale;14541106;04-Unités urbaines de 100 000 hbts ou plus;1;14;59;-0,8;De 2 à 5 000 entrées;NON;;R;38;16;0;63,8;17;10,2;9;18;52,2
580;6 661;2 759;ASSOCIATION CINEMA LE REGENT;46;50.296328;4.097609;204312;HAUTS DE FRANCE;59324;10093;59;59601;Maubeuge (partie française);112020;04-Unités urbaines de 100 000 hbts ou plus;1;31;509;1,4;De 5 à 10 000 entrées;NON;;B;85;70;14;49,2;33,1;15,3;2,3;17;48,5
234;4 755;200 771;MAISON DES JEUNES ET DE LA CULTURE DE JOEUF;34,5;49.229366;6.019184;204451;GRAND EST;54280;6518;54;454;Joeuf;22306;05-Unités urbaines de 20 000 à 100 000 hbts;1;29;265;-1;De 2 à 5 000 entrées;D;;C;70;50;0;59,2;32,5;6,3;2;39;35,8
118;10 686;32 155;CINEODE;79,1;47.983463;3.395496;204507;BOURGOGNE / FRANCHE-COMTE;89206;9580;89;89301;Joigny;9580;06-autres communes et unités urbaines;1;30;527;-0,7;De 10 à 20 000 entrées;E;JP;I;108;86;14;70,6;9,7;10;9,8;46;86,5
300;5 779;16 486;VILLE DE JOINVILLE LE PONT;17,5;48.816711;2.468136;204534;ILE-DE-FRANCE;94042;18859;94;851;Paris;10706072;02-Grande Couronne;1;20;102;-0,6;De 5 à 10 000 entrées;NON;;B;63;51;1;46,5;47,3;4,9;1,2;22;13,2
354;10 802;5 562;MARTEAU FLORENCE;23;45.445545;-0.433778;204891;NOUVELLE AQUITAINE;17197;3451;17;17201;Jonzac;5283;06-autres communes et unités urbaines;2;31;852;0,9;De 10 à 20 000 entrées;E;RDJP;C;138;100;17;56,3;37,4;5;1,3;61;20,8
321;4 080;22 451;ASSOC CINEMA LE BEAUMANOIR;39;47.953858;-2.545992;205001;BRETAGNE;56091;2495;56;56106;Josselin;2495;06-autres communes et unités urbaines;1;29;197;-0,8;De 2 à 5 000 entrées;E;;I;120;92;1;66,7;17;11,3;4,9;61;42,4
670;363;16 789;CINE-OFF;51,8;47.351751;0.6454439999999977;205213;CENTRE-VAL DE LOIRE;37122;37535;37;37701;Tours;353042;04-Unités urbaines de 100 000 hbts ou plus;1;2;2;-1;Moins de 2000 entrées;NON;;B;2;2;0;58;24,4;10,5;7,2;0;54,1
346;4 188;16 273;VILLE DE JOUY LE MOUTIER;42,6;49.011314;2.043572;205601;ILE-DE-FRANCE;95323;15971;95;851;Paris;10706072;03-Petite couronne;1;21;65;-0,7;De 2 à 5 000 entrées;NON;;B;36;21;0;47;33,8;12;7,2;19;37,5
123;5 499;183 719;LE CENTRE CULTUREL DES PORTES DE L' ESSONNE;30,9;48.688996;2.376314;206924;ILE-DE-FRANCE;91326;16365;91;851;Paris;10706072;03-Petite couronne;1;26;423;-1;De 5 à 10 000 entrées;C;JP;B;122;83;2;46,3;47,2;4,4;2,1;73;17,7
244;1 949;6 506;COMMUNE DE KEMBS;47,1;47.668953;7.496743;207170;GRAND EST;68163;5106;68;68205;Kembs;8954;06-autres communes et unités urbaines;1;25;51;-0,7;Moins de 2000 entrées;NON;;C;41;27;0;56,9;27,6;11,3;4,1;13;54,5
150;4 852;208 074;CINECRAN 81;62,8;43.474778;2.646568;208981;OCCITANIE;81115;1410;81;0;Zone rurale;14541106;04-Unités urbaines de 100 000 hbts ou plus;1;29;181;-1;De 2 à 5 000 entrées;E;JP;R;39;21;0;58,1;20,9;15,9;5,1;27;68,8
3648;292 439;14 633;GAUMONT;45,4;43.539479;1.511109;209151;OCCITANIE;31254;4277;31;31701;Toulouse;948433;04-Unités urbaines de 100 000 hbts ou plus;17;31;13 332;19;De 200 à 300 000 entrées;NON;;B;232;132;238;39;46,8;12,1;2;68;47,5
236;3 503;5 175;COMMUNE DE LABOUHEYRE;41,1;44.213874;-0.919094;209494;NOUVELLE AQUITAINE;40134;2720;40;40101;Labouheyre;2720;06-autres communes et unités urbaines;1;28;331;-0,3;De 2 à 5 000 entrées;E;JP;I;135;109;1;56,9;25,5;11,5;6,1;64;44,3
167;2 983;6 252;COMMUNE DE LABRUGUIERE;42,6;43.538478;2.263266;209682;OCCITANIE;81120;6514;81;81202;Labruguière;6514;06-autres communes et unités urbaines;1;27;168;-0,5;De 2 à 5 000 entrées;E;JP;I;138;116;0;49,5;35,6;11,7;3,3;65;42,9
100;8 675;13 088;ASSOCIATION LA STRADA;32,1;43.847212;5.273548;210701;PROVENCE-ALPES-COTE D'AZUR;84058;409;84;0;Zone rurale;14541106;04-Unités urbaines de 100 000 hbts ou plus;1;30;282;-0,3;De 5 à 10 000 entrées;E;JP;R;97;56;1;49,7;34,6;4,9;10,9;63;30,2
492;45 534;12 102;CINEFUTUR AUDIOVISUEL;48,5;48.879604;2.706124;211844;ILE-DE-FRANCE;77243;21488;77;851;Paris;10706072;03-Petite couronne;3;31;3 529;2,8;De 40 à 50 000 entrées;C;;B;180;119;57;45,2;28,5;22;4,4;88;49
66;1 285;7 222;PANORAMIC 21;29,2;47.842504;4.365197;212450;BOURGOGNE / FRANCHE-COMTE;21336;734;21;0;Zone rurale;14541106;04-Unités urbaines de 100 000 hbts ou plus;1;29;83;-0,8;Moins de 2000 entrées;E;;R;81;69;0;53;40,1;4,9;2;42;19,8
252;1 257;116 508;ASSOCIATION LE PARVIS SCENE NATIONALE TARBES PYRENEES;69;43.310067;0.33742;212871;OCCITANIE;65250;109;65;0;Zone rurale;14541106;04-Unités urbaines de 100 000 hbts ou plus;1;27;143;-1;Moins de 2000 entrées;E;;R;99;78;0;61,1;8;21,2;9,8;47;76,2
400;1 376;3 728;ASSOCIATION DU CINEMA LE FOYER;49,9;45.120045;4.534213;213122;AUVERGNE / RHONE-ALPES;7128;404;7;0;Zone rurale;14541106;04-Unités urbaines de 100 000 hbts ou plus;1;7;38;-0,6;Moins de 2000 entrées;NON;;R;22;13;0;57;20,9;13,9;8,2;9;64,4
107;2 232;4 038;VILLE DE LAMALOU LES BAINS;33,7;43.593733;3.082206;213233;OCCITANIE;34126;2576;34;34302;Bédarieux;13279;06-autres communes et unités urbaines;1;26;249;-0,4;De 2 à 5 000 entrées;E;;B;79;71;2;65;22;8,8;4,2;41;28,4
210;5 806;73 105;ASSOCIATION PENTHIEVRE OMNISPORTS;32,5;48.46778;-2.510319;213462;BRETAGNE;22093;13465;22;22301;Lamballe;13465;06-autres communes et unités urbaines;1;29;164;-0,9;De 5 à 10 000 entrées;NON;;I;68;52;0;50,6;35,3;9;5;26;29,7
181;7 687;41 982;LES TOILES DU NORD;40,4;50.651234;3.02797;213491;HAUTS DE FRANCE;59328;27517;59;59702;Lille (partie française);1039397;04-Unités urbaines de 100 000 hbts ou plus;1;26;326;-0,8;De 5 à 10 000 entrées;NON;;B;85;71;0;53,5;32,9;10,1;3,5;29;47,8
137;9 844;30 521;CINE BONNE NOUVELLE;44,3;43.653486;5.262357;213542;PROVENCE-ALPES-COTE D'AZUR;13050;9584;13;13213;Lambesc;9584;06-autres communes et unités urbaines;1;29;472;-0,7;De 5 à 10 000 entrées;NON;;I;76;46;0;49,1;28;18,7;4,1;25;45,1
168;4 514;14 311;CINEXPANSION  DU VAL DE LOIRE SARL;25,8;47.60131;2.026127;213933;CENTRE-VAL DE LOIRE;41106;4750;41;41110;Lamotte-Beuvron;4750;06-autres communes et unités urbaines;1;30;259;-0,7;De 2 à 5 000 entrées;NON;;I;82;64;5;59,6;34,3;5,4;0,8;28;23,3
470;14 431;5 173;LE ROHAN;29,2;48.452604;-4.252927;214541;BRETAGNE;29103;15746;29;29308;Landerneau;17686;06-autres communes et unités urbaines;2;28;690;1,8;De 10 à 20 000 entrées;E;JP;C;79;57;30;65,6;24,1;8,7;1,7;32;30,6
394;12 164;15 737;LE ROHAN;76,6;48.510619;-4.069393;214841;BRETAGNE;29105;9079;29;29301;Landivisiau;11158;06-autres communes et unités urbaines;2;28;552;-0,2;De 10 à 20 000 entrées;E;;C;71;58;28;59,5;16,6;11,9;12;22;80,8
160;2 429;16 652;COMMUNE DE LANDRY;40,1;45.557325;6.763374;215092;AUVERGNE / RHONE-ALPES;73142;843;73;0;Zone rurale;14541106;04-Unités urbaines de 100 000 hbts ou plus;1;20;233;-0,9;De 2 à 5 000 entrées;NON;;R;74;56;4;64;19,3;12,1;4,6;36;44,5
2029;136 997;6 404;IMAGE 56;52,8;47.775894;-3.35298;215183;BRETAGNE;56098;22095;56;56601;Lorient;114299;04-Unités urbaines de 100 000 hbts ou plus;12;31;11 280;20,4;De 100 à 150 000 entrées;NON;;B;143;101;98;61,6;15,2;13,5;9,7;23;62,8
189;6 224;190 012;CINE-OFF;55,6;47.326633;0.408328;215502;CENTRE-VAL DE LOIRE;37123;4593;37;37108;Langeais;4593;06-autres communes et unités urbaines;1;26;207;-1;De 5 à 10 000 entrées;E;JPPR;I;84;62;0;54,4;28,9;9,3;7,4;47;49,3
299;5 277;24 848;VILLE DE LANGOGNE;36,8;44.726847;3.856667;215581;OCCITANIE;48080;2894;48;48102;Langogne;3246;06-autres communes et unités urbaines;1;30;381;-0,8;De 5 à 10 000 entrées;NON;;C;93;74;0;72,9;19,7;4,5;2,9;28;37,8
159;1 260;609;GRAND ECRAN II;37;44.553056;-0.245112;215621;NOUVELLE AQUITAINE;33227;7389;33;33303;Langon;13481;06-autres communes et unités urbaines;1;11;112;1,1;Moins de 2000 entrées;NON;;C;24;11;1;64;29;5,4;1,6;12;35,4
993;54 319;17 775;GRAND ECRAN II;64,1;44.5231;-0.232774;215634;NOUVELLE AQUITAINE;33227;7389;33;33303;Langon;13481;06-autres communes et unités urbaines;6;30;3 976;2,1;De 50 à 80 000 entrées;NON;;C;127;97;76;54,6;22,6;3,8;19;41;70,5
344;16 966;53 063;CRINON SERGE RAYMOND;21,9;47.861736;5.332835;215723;GRAND EST;52269;7786;52;52202;Langres;9347;06-autres communes et unités urbaines;2;29;1 264;-0,7;De 10 à 20 000 entrées;E;RDJPPR;C;124;78;35;32,3;53,6;11,3;2,8;57;16,7
828;66 130;19 023;LES BALADINS;38,7;48.72808;-3.460577;216171;BRETAGNE;22113;19827;22;22403;Lannion;49438;05-Unités urbaines de 20 000 à 100 000 hbts;5;31;3 647;2,5;De 50 à 80 000 entrées;D;;C;184;126;72;58,8;27,5;9,5;4,2;84;33,5
184;5 615;7 870;SYNDICAT D'INITIATIVE DE LANS EN VERCORS;44;45.128093;5.589034;216371;AUVERGNE / RHONE-ALPES;38205;2649;38;0;Zone rurale;14541106;04-Unités urbaines de 100 000 hbts ou plus;1;27;213;-0,3;De 5 à 10 000 entrées;E;JP;R;107;78;2;57,2;18;5,6;19,2;72;47,9
180;1 738;58 439;VILLE DE LANSLEBOURG MONT CENIS;41,3;45.285761;6.879713;216451;AUVERGNE / RHONE-ALPES;73290;2141;73;0;Zone rurale;14541106;04-Unités urbaines de 100 000 hbts ou plus;1;26;166;-1;Moins de 2000 entrées;NON;;R;90;68;3;64,3;23,9;9,7;2;34;48,6
166;2 925;11 947;FOYER RURAL DE LANSLEVILLARD;46,4;45.302343;6.947815;216471;AUVERGNE / RHONE-ALPES;73290;2141;73;0;Zone rurale;14541106;04-Unités urbaines de 100 000 hbts ou plus;1;20;153;-0,8;De 2 à 5 000 entrées;NON;;R;56;48;27;54,1;35,1;4,8;6;15;40,4
790;32 910;21 191;CINELAON;17;49.569175;3.623996;216843;HAUTS DE FRANCE;2408;25358;2;2403;Laon;28791;05-Unités urbaines de 20 000 à 100 000 hbts;5;31;3 994;0,6;De 30 à 40 000 entrées;NON;;C;158;95;77;44,2;50,5;3,9;1,3;54;10,3
117;396;6 967;VILLE DE LAON;27;49.564845;3.62504;216851;HAUTS DE FRANCE;2408;25358;2;2403;Laon;28791;05-Unités urbaines de 20 000 à 100 000 hbts;1;9;11;-0,9;Moins de 2000 entrées;NON;;C;0;0;0;56,5;24,7;10,7;8,1;0;19,1
160;4 764;300 510;MERITAN THIERRY PATRICK GEORGES;41,2;44.314841;5.822237;217372;PROVENCE-ALPES-COTE D'AZUR;5070;3455;5;5104;Laragne-Montéglin;3816;06-autres communes et unités urbaines;1;30;591;-1;De 2 à 5 000 entrées;E;JPPR;C;150;126;3;56,4;16,1;4,8;22,8;63;55,9
155;1 496;3 807;L'ECRAN;32,8;42.988146;-0.425403;218381;NOUVELLE AQUITAINE;64320;1179;64;0;Zone rurale;14541106;04-Unités urbaines de 100 000 hbts ou plus;1;31;178;-0,6;Moins de 2000 entrées;E;;R;105;92;12;48,7;33,3;12,1;5,8;42;28,4
2458;111 924;29 159;MONDLATTES;51,1;43.584563;3.935363;219191;OCCITANIE;34129;16298;34;34701;Montpellier;428909;04-Unités urbaines de 100 000 hbts ou plus;12;31;11 926;2,8;De 100 à 150 000 entrées;NON;;B;149;105;103;55;27,7;10,1;7,1;23;55
1844;119 383;8 747;SOCIETE RENNAISE DE DIFFUSION CINEMATOGRAPHIQUE;44,2;48.072111;-0.771727;220074;PAYS DE LA LOIRE;53130;49848;53;53501;Laval;67160;05-Unités urbaines de 20 000 à 100 000 hbts;9;30;7 074;12,6;De 100 à 150 000 entrées;D;RDJP;C;220;130;91;40,7;31,4;20,6;7,4;99;46,6
544;8 738;10 690;DPL;28,7;43.135578;6.358877;220334;PROVENCE-ALPES-COTE D'AZUR;83070;5533;83;83308;Bormes-les-Mimosas - Le Lavandou;14116;06-autres communes et unités urbaines;1;9;60;-0,2;De 5 à 10 000 entrées;NON;;B;21;20;5;38,2;45,8;15,3;0,6;2;47,4
192;2 274;443 011;LES CINEMAS DU VAURAIS;46,1;43.700824;1.820322;220603;OCCITANIE;81140;10699;81;81301;Lavaur;12623;06-autres communes et unités urbaines;1;8;102;-1;De 2 à 5 000 entrées;E;;C;39;33;1;54,7;27,9;10,5;6,9;17;50,6
480;11 144;418 909;SOCIETE NOUVELLE D  ENTREPRISE DE SPECTACLES;40;42.935388;1.849583;220681;OCCITANIE;9160;6205;9;9202;Lavelanet;7164;06-autres communes et unités urbaines;2;30;1 210;-1;De 10 à 20 000 entrées;E;RDJPPR;C;151;109;12;70;16,7;9,5;3,8;84;37,6
174;5 811;15 300;DESMAZES PATRICK;34,6;43.934628;0.620319;221712;OCCITANIE;32208;3710;32;32102;Lectoure;3710;06-autres communes et unités urbaines;2;29;460;-0,6;De 5 à 10 000 entrées;E;RDJPPR;I;194;140;22;59,3;29,8;6,9;4;108;27,8
154;5 768;35 061;AMICAL CINE;29,5;50.679317;3.243787;221842;HAUTS DE FRANCE;59339;9620;59;59702;Lille (partie française);1039397;04-Unités urbaines de 100 000 hbts ou plus;1;29;293;-0,8;De 5 à 10 000 entrées;NON;;B;106;74;0;45,3;45,4;6,9;2,5;41;21
252;4 787;5 804;VILLE DE LEGUEVIN;87,2;43.600031;1.239756;222030;OCCITANIE;31291;8948;31;31701;Toulouse;948433;04-Unités urbaines de 100 000 hbts ou plus;1;28;199;-0,2;De 2 à 5 000 entrées;C;;B;123;92;0;64,4;14,4;18,3;2,9;64;90
289;2 919;34 187;ASSOCIATION CINEMA DE L ETOILE;43,3;46.815557;0.327879;222481;NOUVELLE AQUITAINE;86128;2462;86;86102;Lencloître;2462;06-autres communes et unités urbaines;1;15;188;-0,9;De 2 à 5 000 entrées;NON;;I;55;37;0;49,7;37,3;9,1;3,9;19;38
349;5 735;18 289;COMMUNE DE LEOGNAN;24;44.730648;-0.600381;222821;NOUVELLE AQUITAINE;33238;10015;33;33701;Bordeaux;904359;04-Unités urbaines de 100 000 hbts ou plus;1;29;336;-0,7;De 5 à 10 000 entrées;NON;;B;140;105;0;46;46,8;4,8;2,4;70;13
222;5 597;15 778;COMMUNE DE LEON;32,9;43.875113;-1.302436;222841;NOUVELLE AQUITAINE;40150;1963;40;0;Zone rurale;14541106;04-Unités urbaines de 100 000 hbts ou plus;1;29;443;-0,6;De 5 à 10 000 entrées;E;;R;154;131;12;69,1;20,1;7,7;3,1;78;24,4
340;11 109;75 823;ASSOCIATION CULTURELLE DE LA COTE DES LEGENDES;31,5;48.572208;-4.327487;223593;BRETAGNE;29124;7290;29;29303;Lesneven;12959;06-autres communes et unités urbaines;1;30;249;-0,9;De 10 à 20 000 entrées;E;JPPR;C;123;79;2;47,2;37,5;12,6;2,7;57;40,2
212;4 765;8 925;ARTS ET TECHNIQUES;37,9;45.307833;-0.938774;223612;NOUVELLE AQUITAINE;33240;5699;33;33208;Lesparre-Médoc;7974;06-autres communes et unités urbaines;1;31;353;-0,5;De 2 à 5 000 entrées;E;;C;137;116;14;65,5;6,9;12;15,6;56;57,1
451;13 405;1 440 885;CINEX LOISIRS;0;42.841052;3.039151;224165;OCCITANIE;11202;4373;11;0;Zone rurale;14541106;04-Unités urbaines de 100 000 hbts ou plus;3;25;1 524;-1;De 10 à 20 000 entrées;E;JPPR;R;146;86;34;100;0;0;0;60;0
1538;150 326;115 276;PATHE LEVALLOIS;20,6;48.891726;2.296363;224413;ILE-DE-FRANCE;92044;64195;92;851;Paris;10706072;02-Grande Couronne;8;31;6 951;0,3;De 150 à 200 000 entrées;NON;;B;162;102;85;48,6;41,5;6,4;3,4;52;18,5
0;2 835;22 765;LES CINEMAS DE SAINT RAPHAEL (EX LIDO RIALTO CINEMA ST RAPHAEL);12,5;43.860403;7.223268;224532;PROVENCE-ALPES-COTE D'AZUR;6075;4741;6;6108;Levens;4741;06-autres communes et unités urbaines;1;27;103;-0,9;De 2 à 5 000 entrées;NON;;I;54;41;1;54,4;8,2;37,4;0;18;6,2
199;3 105;836 902;CINEM AUDE 2000 VILLATGE AL PAIS;29;43.200704;2.758263;225081;OCCITANIE;11203;11285;11;11206;Lézignan-Corbières;11285;06-autres communes et unités urbaines;1;29;176;-1;De 2 à 5 000 entrées;E;JPPR;I;113;60;0;51,9;40,6;5,5;2;63;21
1367;72 180;12 913;SOCIETE D EXPLOITATION GRAND ECRAN;47;44.913546;-0.237461;225444;NOUVELLE AQUITAINE;33243;24866;33;33401;Libourne;35963;05-Unités urbaines de 20 000 à 100 000 hbts;10;30;5 854;4,6;De 50 à 80 000 entrées;D;RDJP;C;194;143;118;64,6;20,9;7,7;6,8;86;42,4
3790;522 268;15 901;PATHE SENART;49,2;48.616119;2.547927;226040;ILE-DE-FRANCE;77251;13242;77;851;Paris;10706072;03-Petite couronne;17;31;16 282;31,8;De 450 à 700 000 entrées;NON;;B;219;134;130;66;19,1;13,8;1,1;54;53,2
3391;171 976;532 916;PATHE LIEVIN;42,9;50.42314;2.777484;226125;HAUTS DE FRANCE;62510;31237;62;756;Douai - Lens;504537;04-Unités urbaines de 100 000 hbts ou plus;15;31;12 374;-0,7;De 150 à 200 000 entrées;NON;;C;195;122;108;57,1;27,4;4,7;10,7;55;49,6
300;9 053;14 585;ASSOCIATION CULTURELLE CINEMA SAINT MICHEL;36,1;48.213038;-1.504786;226211;BRETAGNE;35152;7370;35;35210;Liffré;7370;06-autres communes et unités urbaines;1;26;170;-0,4;De 5 à 10 000 entrées;E;;I;78;65;1;48,9;42,5;7,1;1,5;30;21,6
308;7 571;16 669;COMMUNE DES LILAS;77,9;48.881921;2.419546;226883;ILE-DE-FRANCE;93045;22964;93;851;Paris;10706072;02-Grande Couronne;1;29;404;-0,5;De 5 à 10 000 entrées;C;;B;126;103;0;50,5;24,3;17,2;8;92;79,1
2725;257 929;14 854;UGC SAS;43,7;50.633831;3.063221;226974;HAUTS DE FRANCE;59350;232741;59;59702;Lille (partie française);1039397;04-Unités urbaines de 100 000 hbts ou plus;14;31;11 749;16,4;De 200 à 300 000 entrées;NON;;C;258;117;107;38,5;42,6;11,7;7,2;120;37,4
466;54 494;4 719;UGC CINE CITE;48,3;50.636559;3.066988;227031;HAUTS DE FRANCE;59350;232741;59;59702;Lille (partie française);1039397;04-Unités urbaines de 100 000 hbts ou plus;4;31;3 267;10,5;De 50 à 80 000 entrées;A;RD;C;88;67;66;63,4;28,9;4,7;2,9;78;47,1
660;76 816;15 464;MAJESTIC SA;27,2;50.633401;3.06284;227281;HAUTS DE FRANCE;59350;232741;59;59702;Lille (partie française);1039397;04-Unités urbaines de 100 000 hbts ou plus;6;31;4 877;4;De 50 à 80 000 entrées;A;RDJPPR;C;136;71;63;77,7;21,2;1,2;0;110;30,8
377;3 252;58 188;ASSOCIATION CULTURELLE DE LILLEBONNE;39,5;49.518115;0.53231;227982;NORMANDIE;76384;8963;76;76402;Lillebonne;21641;05-Unités urbaines de 20 000 à 100 000 hbts;1;14;70;-0,9;De 2 à 5 000 entrées;NON;;C;36;25;0;52,8;31,3;10,6;5,2;10;31,9
165;1 591;28 502;KART OON SARL;42,1;48.744182;2.503331;228122;ILE-DE-FRANCE;94044;25639;94;851;Paris;10706072;02-Grande Couronne;1;19;42;-0,9;Moins de 2000 entrées;NON;;B;34;25;0;62,2;27,1;9,3;1,3;9;49,9
686;16 434;9 623;SOCIETE CENTRALE EXPLOITATION CINEMATOGRAPHIQUE;34,5;45.854302;1.256414;228305;NOUVELLE AQUITAINE;87085;133627;87;87601;Limoges;183347;04-Unités urbaines de 100 000 hbts ou plus;3;15;1 100;0,7;De 10 à 20 000 entrées;B;RD;C;66;32;26;43,8;41;5,8;9,4;48;29,9
2252;94 374;18 577;SOCIETE CENTRALE EXPLOITATION CINEMATOGRAPHIQUE;20,9;45.83291;1.255375;228311;NOUVELLE AQUITAINE;87085;133627;87;87601;Limoges;183347;04-Unités urbaines de 100 000 hbts ou plus;14;27;8 614;4,1;De 80 à 100 000 entrées;NON;;C;177;141;113;54,1;44,7;0,8;0,4;86;26,3
2465;157 645;10 472;SOCIETE CENTRALE EXPLOITATION CINEMATOGRAPHIQUE;62,9;45.845477;1.276023;228370;NOUVELLE AQUITAINE;87085;133627;87;87601;Limoges;183347;04-Unités urbaines de 100 000 hbts ou plus;14;30;8 823;14,1;De 150 à 200 000 entrées;NON;;C;175;133;110;62,5;22,4;7,2;8;66;64,4
350;3 381;19 108;CINEM AUDE 2000 VILLATGE AL PAIS;19,1;43.055193;2.214156;228531;OCCITANIE;11206;10214;11;11301;Limoux;12989;06-autres communes et unités urbaines;1;29;175;-0,8;De 2 à 5 000 entrées;E;JPPR;C;117;57;0;45,4;46,8;6,3;1,5;67;16,5
111;1 718;370 291;SOCIETE NORMANDE D EXPLOITATION INDUSTRIELLE ET COMMERCIALE;38,7;49.301809;-0.316265;229082;NORMANDIE;14365;2394;14;14201;Hermanville-sur-Mer;5413;06-autres communes et unités urbaines;1;30;96;-1;Moins de 2000 entrées;E;;B;86;67;0;60,8;22,5;9;7,7;41;34,1
536;18 324;913 512;SOCIETE NORMANDE D EXPLOITATION INDUSTRIELLE ET COMMERCIALE;51,8;49.143794;0.227798;229261;NORMANDIE;14366;20771;14;14401;Lisieux;28545;05-Unités urbaines de 20 000 à 100 000 hbts;3;31;1 227;-1;De 10 à 20 000 entrées;NON;;C;67;56;35;72,3;17,5;7,4;2,8;9;49,7
536;11 150;51 636;SOCIETE NORMANDE D EXPLOITATION INDUSTRIELLE ET COMMERCIALE;29,3;49.145632;0.228315;229262;NORMANDIE;14366;20771;14;14401;Lisieux;28545;05-Unités urbaines de 20 000 à 100 000 hbts;2;28;746;-0,8;De 10 à 20 000 entrées;D;RDJP;C;91;55;15;55,6;33,7;7,9;2,7;66;25,7
264;16 017;680 613;VILLE DE LIVRY GARGAN;24;48.92579;2.545121;229833;ILE-DE-FRANCE;93046;44415;93;851;Paris;10706072;02-Grande Couronne;1;30;604;-1;De 10 à 20 000 entrées;C;JP;B;116;87;2;62,1;27,7;7,1;3,1;52;25,2
503;10 963;13 516;NAGOT MARC;42,3;47.129518;0.993278;230152;CENTRE-VAL DE LOIRE;37132;6299;37;37301;Loches;10355;06-autres communes et unités urbaines;2;30;454;-0,2;De 10 à 20 000 entrées;E;;C;85;69;14;47,3;36,3;9,6;6,8;34;53,1
228;10 397;9 601;ASSOCIATION CINEMA LE CLUB;43,6;47.88976;-2.835941;230301;BRETAGNE;56117;4159;56;56214;Locminé;7918;06-autres communes et unités urbaines;1;27;454;0,1;De 10 à 20 000 entrées;E;JP;C;115;82;3;51,4;28,6;12,2;7,7;47;55,4
270;12 849;40 515;COMMUNE DE LODEVE;15,8;43.732596;3.314911;230475;OCCITANIE;34142;7409;34;34214;Lodève;9751;06-autres communes et unités urbaines;2;30;1 155;-0,7;De 10 à 20 000 entrées;E;RDPR;C;157;127;9;42,1;47,7;8,2;2;91;18,6
7358;529 869;213 917;KINEPOLIS LE CHATEAU DU CINEMA;46,7;50.651256;2.975116;231270;HAUTS DE FRANCE;59350;232741;59;59702;Lille (partie française);1039397;04-Unités urbaines de 100 000 hbts ou plus;23;31;16 562;1,5;De 450 à 700 000 entrées;NON;;C;295;153;150;72,5;11,6;9;6,9;65;57,1
862;2 636;7 489;PRODUCENE;28,4;48.679684;2.313256;231939;ILE-DE-FRANCE;91345;21724;91;851;Paris;10706072;03-Petite couronne;1;23;134;-0,6;De 2 à 5 000 entrées;NON;;B;82;60;1;70,5;21,9;5,7;1,8;23;26
1330;59 732;441 493;UTOPOLIS LONGWY;45,8;49.518361;5.770719;232454;GRAND EST;54323;14437;54;54405;Longwy (partie française);45883;05-Unités urbaines de 20 000 à 100 000 hbts;7;31;5 499;-0,9;De 50 à 80 000 entrées;D;JPPR;C;208;102;73;50,2;29,7;14,7;5,4;78;51,3
445;4 772;101 279;SOCIETE DES CINEMAS LONS LE SAUNIER;33;46.673494;5.556147;232572;BOURGOGNE / FRANCHE-COMTE;39300;17459;39;39401;Lons-le-Saunier;26894;05-Unités urbaines de 20 000 à 100 000 hbts;3;15;828;-1;De 2 à 5 000 entrées;NON;;C;41;30;19;59,7;29,7;8,9;1,7;31;28,5
256;12 016;5 726;ESPACE COMMUNAUTAIRE LONS AGGLOMERATION;51,6;46.674335;5.555107;232584;BOURGOGNE / FRANCHE-COMTE;39300;17459;39;39401;Lons-le-Saunier;26894;05-Unités urbaines de 20 000 à 100 000 hbts;2;31;941;1,1;De 10 à 20 000 entrées;D;RDJPPR;C;91;58;32;56,7;20,1;15,4;7,7;78;52
995;63 194;5 857;CS MULTIMEDIA;47,8;46.673143;5.558777;232586;BOURGOGNE / FRANCHE-COMTE;39300;17459;39;39401;Lons-le-Saunier;26894;05-Unités urbaines de 20 000 à 100 000 hbts;7;31;6 743;9,8;De 50 à 80 000 entrées;NON;;C;131;104;101;67,8;24,6;5,6;2;22;45,4
120;5 354;552 888;CINE ESPACE EVASION;36,8;43.493104;6.361864;232943;PROVENCE-ALPES-COTE D'AZUR;83072;9042;83;83303;Lorgues;10853;06-autres communes et unités urbaines;1;30;378;-1;De 5 à 10 000 entrées;E;RD;C;121;95;2;60,8;27,7;4,4;7,1;90;32,8
2160;119 942;50 385;SOCIETE RENNAISE DE DIFFUSION CINEMATOGRAPHIQUE;81,6;47.751879;-3.366695;233001;BRETAGNE;56121;57567;56;56601;Lorient;114299;04-Unités urbaines de 100 000 hbts ou plus;11;31;9 132;1,4;De 100 à 150 000 entrées;NON;;C;247;159;145;56,3;14,1;21,5;8,2;118;77,5
124;5 801;1 494 797;COMMUNE DE LORIOL SUR DROME;61,7;44.75382;4.824625;233062;AUVERGNE / RHONE-ALPES;26166;6487;26;26303;Livron-sur-Drôme;16046;06-autres communes et unités urbaines;1;26;401;-1;De 5 à 10 000 entrées;E;JP;B;91;78;0;47,2;18,6;28,2;6,1;37;66,1
198;3 221;36 214;ASSOCIATION CINE LOROUX;40,8;47.236043;-1.348969;233181;PAYS DE LA LOIRE;44084;8031;44;44303;Saint-Julien-de-Concelles;14891;06-autres communes et unités urbaines;1;26;173;-0,9;De 2 à 5 000 entrées;E;;C;78;58;0;52,8;30;12,5;4,7;41;40
409;13 411;39 328;BESSAC RAYMOND ANDRE;50;48.172681;-2.751236;233722;BRETAGNE;22136;9615;22;22205;Loudéac;9615;06-autres communes et unités urbaines;2;31;1 247;-0,7;De 10 à 20 000 entrées;E;RDJPPR;I;185;129;35;62,8;20,1;6,2;10,9;109;55,4
107;3 601;36 114;ASSOCIATION LE PARVIS SCENE NATIONALE TARBES PYRENEES;57;42.795333;0.411078;233742;OCCITANIE;65282;286;65;0;Zone rurale;14541106;04-Unités urbaines de 100 000 hbts ou plus;1;31;164;-0,9;De 2 à 5 000 entrées;E;;R;104;87;11;61,6;22,4;9,1;7;45;60,8
151;7 078;20 320;ASSOCIATION GESTION ANIMATION CINE CORNAY;42,5;47.010932;0.084051;233802;NOUVELLE AQUITAINE;86137;6740;86;86204;Loudun;6740;06-autres communes et unités urbaines;1;30;327;-0,7;De 5 à 10 000 entrées;E;PR;I;110;83;1;69,7;20,5;8,7;1,2;49;43,6
469;7 040;54 771;FOURNIER CHRISTOPHE CINEMA;46,8;46.630199;5.222983;233941;BOURGOGNE / FRANCHE-COMTE;71263;6354;71;71301;Louhans;11877;06-autres communes et unités urbaines;3;31;1 794;-0,9;De 5 à 10 000 entrées;E;;C;105;81;28;54,2;28,3;13,5;3,9;42;51,5
487;1 227;59 494;ASSOCIATION LE PARVIS SCENE NATIONALE TARBES PYRENEES;43,4;43.085637;-0.04492;234273;OCCITANIE;65286;13946;65;65302;Lourdes;16982;06-autres communes et unités urbaines;1;17;161;-1;Moins de 2000 entrées;E;JP;C;69;51;5;53,5;25,4;7,1;14;39;44,1
281;726;493 093;JACALS;37,9;43.095917;-0.055559;234295;OCCITANIE;65286;13946;65;65302;Lourdes;16982;06-autres communes et unités urbaines;1;9;113;-1;Moins de 2000 entrées;NON;;C;1;0;0;54;36,9;9,1;0;0;52,7
492;8 258;7 669;LE PAX;25,8;43.102921;-0.039469;234296;OCCITANIE;65286;13946;65;65302;Lourdes;16982;06-autres communes et unités urbaines;3;30;2 027;0,1;De 5 à 10 000 entrées;NON;;C;93;76;34;56,6;30,6;10,7;2,1;24;24,2
249;401;10 955;RAMBEAU ROLAND LOUIS GABRIEL;47;43.098225;-0.045524;234297;OCCITANIE;65286;13946;65;65302;Lourdes;16982;06-autres communes et unités urbaines;1;23;72;-1;Moins de 2000 entrées;NON;;C;6;1;1;58,1;23,8;15;3,1;2;38,7
960;29 096;402 686;NORD OUEST EXPLOITATION CINEMAS;47,5;49.216151;1.170764;234801;NORMANDIE;27375;18410;27;27402;Louviers;44239;05-Unités urbaines de 20 000 à 100 000 hbts;5;31;3 065;-0,9;De 20 à 30 000 entrées;NON;;C;113;79;66;68,8;19,8;7,1;4,3;37;54,1
100;2 674;18 516;POLYMAGES;47,1;43.395569;6.311016;235561;PROVENCE-ALPES-COTE D'AZUR;83073;10821;83;83307;Le Luc;15177;06-autres communes et unités urbaines;1;29;282;-0,9;De 2 à 5 000 entrées;E;;C;93;79;0;66;24,6;7,8;1,6;36;45
766;33 450;273 175;SOCIETE CINEMATOGRAPHIQUE LUCONNAISE;28;46.460681;-1.176832;235771;PAYS DE LA LOIRE;85128;9394;85;85208;Luçon;9394;06-autres communes et unités urbaines;5;31;2 958;-0,9;De 30 à 40 000 entrées;E;JPPR;I;189;116;78;42,5;47,6;6,6;3,3;85;18,7
340;544;2 227;SOCIETE NORMANDE D EXPLOITATION INDUSTRIELLE ET COMMERCIALE;33,1;49.310786;-0.361997;235831;NORMANDIE;14384;3171;14;14302;Douvres-la-Délivrande - Luc-sur-Mer;14825;06-autres communes et unités urbaines;1;7;33;-0,8;Moins de 2000 entrées;NON;;C;12;11;0;61,9;29,5;7,3;1,3;2;39,4
425;1 915;73 505;VILLE DU LUDE;40,8;47.643316;0.156442;235942;PAYS DE LA LOIRE;72176;3876;72;72115;Le Lude;3876;06-autres communes et unités urbaines;1;29;100;-1;Moins de 2000 entrées;NON;;I;71;46;1;68,3;23,3;4,9;3,4;29;43,4
2996;230 370;15 094;UGC CINE CITE;36,6;48.617851;6.173437;236001;GRAND EST;54328;6363;54;54206;Ludres;8676;06-autres communes et unités urbaines;14;31;12 536;14,3;De 200 à 300 000 entrées;NON;;C;199;97;97;55,1;33,6;8,2;3,1;65;48,8
375;23 460;4 864;FALISSARD ALAIN JEAN-PIERRE;54,2;43.677738;4.131204;236511;OCCITANIE;34145;25178;34;463;Lunel;49914;05-Unités urbaines de 20 000 à 100 000 hbts;3;30;1 733;3,8;De 20 à 30 000 entrées;D;;C;115;94;53;43,7;28,7;26,8;0,9;46;72,9
551;34 886;286 824;SPL CINELUN;86,1;48.593047;6.489720;236594;GRAND EST;54329;19020;54;54403;Lunéville;22690;05-Unités urbaines de 20 000 à 100 000 hbts;4;31;2 861;-0,9;De 30 à 40 000 entrées;NON;;C;119;89;64;71,3;14,6;11,9;2,3;38;94,6
352;14 480;1 566;COMMUNAUTE DE COMMUNES DU PAYS DE LURE;20,3;47.686072;6.497922;236833;BOURGOGNE / FRANCHE-COMTE;70310;8253;70;70302;Lure;11135;06-autres communes et unités urbaines;2;30;752;8,2;De 10 à 20 000 entrées;E;JP;C;126;92;5;45,8;45,8;6,4;2;40;14,9
490;11 049;188 484;CASINO DE LUXEUIL;46,2;47.820086;6.375487;237554;BOURGOGNE / FRANCHE-COMTE;70311;6821;70;70304;Luxeuil-les-Bains;12366;06-autres communes et unités urbaines;2;31;694;-0,9;De 10 à 20 000 entrées;E;JP;C;111;85;23;47,8;33,4;9,5;9,3;52;53
137;2 439;1 741 858;ASSOCIATION LE PARVIS SCENE NATIONALE TARBES PYRENEES;36,6;42.87365;-0.003171;237793;OCCITANIE;65295;982;65;0;Zone rurale;14541106;04-Unités urbaines de 100 000 hbts ou plus;1;31;183;-1;De 2 à 5 000 entrées;E;;R;129;99;0;69,3;19,7;9,9;1,1;72;37,3
178;1 559;243 471;SCENI QUA NON;44,5;46.790178;3.969574;237821;BOURGOGNE / FRANCHE-COMTE;58149;1981;58;0;Zone rurale;14541106;04-Unités urbaines de 100 000 hbts ou plus;1;30;199;-1;Moins de 2000 entrées;E;;R;96;77;0;55,1;29,3;12,6;3;63;47,3
2104;200 369;6 129;PARAFRANCE COMMUNICATION;35,8;45.758734;4.834873;237903;AUVERGNE / RHONE-ALPES;69123;513275;69;758;Lyon;1639558;04-Unités urbaines de 100 000 hbts ou plus;10;31;8 815;31,7;De 200 à 300 000 entrées;NON;;C;160;91;87;69,2;22,9;6,1;1,7;58;31,1
1281;175 664;14 994;UGC SAS;34,7;45.747368;4.835557;237933;AUVERGNE / RHONE-ALPES;69123;513275;69;758;Lyon;1639558;04-Unités urbaines de 100 000 hbts ou plus;9;31;8 266;10,7;De 150 à 200 000 entrées;A;RDJPPR;C;217;128;125;59,1;27,8;9,4;3,7;170;30,9
46;1 604;50 429;LE CINEMA OPERA;47,2;45.768607;4.834444;237945;AUVERGNE / RHONE-ALPES;69123;513275;69;758;Lyon;1639558;04-Unités urbaines de 100 000 hbts ou plus;1;27;589;-1;Moins de 2000 entrées;NON;;C;69;51;0;49,7;38,3;6,2;5,7;61;43
91;8 456;797 898;ASSOCIATION CINE DUCHERE;14,8;45.787163;4.799719;238013;AUVERGNE / RHONE-ALPES;69123;513275;69;758;Lyon;1639558;04-Unités urbaines de 100 000 hbts ou plus;1;25;474;-1;De 5 à 10 000 entrées;A;JPPR;C;111;64;0;50,7;45,3;2,7;1,4;82;22,5
214;28 844;38 795;CINEMA NATIONAL POPULAIRE;9,5;45.757455;4.835595;238021;AUVERGNE / RHONE-ALPES;69123;513275;69;758;Lyon;1639558;04-Unités urbaines de 100 000 hbts ou plus;3;31;2 426;-0,3;De 20 à 30 000 entrées;A;RD;C;128;84;62;48,6;37,8;13,6;0;110;6,2
894;76 279;7 642;UGC SAS;38,1;45.769811;4.855776;238032;AUVERGNE / RHONE-ALPES;69123;513275;69;758;Lyon;1639558;04-Unités urbaines de 100 000 hbts ou plus;5;31;4 204;9;De 50 à 80 000 entrées;NON;;C;87;55;51;61,8;30,9;5,7;1,6;56;44,7
136;22 348;52 467;KEUROGHLIAN FRANCOIS YERNOS;84,7;45.763283;4.843832;238163;AUVERGNE / RHONE-ALPES;69123;513275;69;758;Lyon;1639558;04-Unités urbaines de 100 000 hbts ou plus;3;31;2 446;-0,6;De 20 à 30 000 entrées;A;JP;C;201;123;7;57,2;14,7;18,3;9,8;159;84,5
2387;118 778;34 557;UGC SAS;45,1;45.759486;4.846313;238164;AUVERGNE / RHONE-ALPES;69123;513275;69;758;Lyon;1639558;04-Unités urbaines de 100 000 hbts ou plus;14;31;11 603;2,4;De 100 à 150 000 entrées;NON;;C;173;90;89;36,3;44,1;14,7;4,8;50;48,6
290;4 272;37 407;ASSOCIATION BIENFAISANCE CHARMETTES;15,5;45.765819;4.865911;238244;AUVERGNE / RHONE-ALPES;69123;513275;69;758;Lyon;1639558;04-Unités urbaines de 100 000 hbts ou plus;1;20;137;-0,9;De 2 à 5 000 entrées;NON;;C;91;59;0;40,6;48,9;8,1;2,3;48;12,2
326;51 171;9 288;CINEMA NATIONAL POPULAIRE;41,8;45.765294;4.834225;238351;AUVERGNE / RHONE-ALPES;69123;513275;69;758;Lyon;1639558;04-Unités urbaines de 100 000 hbts ou plus;4;31;3 854;4,5;De 50 à 80 000 entrées;A;RD;C;100;63;50;51,1;34,4;8,9;5,6;78;40,8
97;3 967;11 244;LE CINEMA OPERA;25,5;45.76732;4.835049;238421;AUVERGNE / RHONE-ALPES;69123;513275;69;758;Lyon;1639558;04-Unités urbaines de 100 000 hbts ou plus;1;27;615;-0,6;De 2 à 5 000 entrées;A;RD;C;94;48;12;46;43,7;7,8;2,5;65;26,7
2830;138 517;31 899;UGC CINE CITE;62,5;45.784585;4.852131;238461;AUVERGNE / RHONE-ALPES;69123;513275;69;758;Lyon;1639558;04-Unités urbaines de 100 000 hbts ou plus;14;31;11 515;3,3;De 100 à 150 000 entrées;NON;;C;251;127;117;62,1;19,7;13,4;4,8;119;64,7
237;12 910;35 530;ESPOIR DU PLATEAU;39,6;45.779971;4.832347;238494;AUVERGNE / RHONE-ALPES;69123;513275;69;758;Lyon;1639558;04-Unités urbaines de 100 000 hbts ou plus;1;20;216;-0,6;De 10 à 20 000 entrées;NON;;C;75;38;0;42,7;42,7;9,5;5,2;53;38,8
2778;219 424;26 530;PATHE VAISE;31,1;45.787335;4.812112;238886;AUVERGNE / RHONE-ALPES;69123;513275;69;758;Lyon;1639558;04-Unités urbaines de 100 000 hbts ou plus;14;31;11 596;7,3;De 200 à 300 000 entrées;NON;;C;190;129;126;53,9;34,9;8;3,1;53;27
327;13 340;22 931;CINEMA SAINT HONORE;13,9;46.993184;-1.823515;239121;PAYS DE LA LOIRE;44087;7341;44;44202;Machecoul;7341;06-autres communes et unités urbaines;2;30;595;-0,4;De 10 à 20 000 entrées;E;JPPR;I;126;94;10;37,3;56,3;4,6;1,8;53;8,2
2085;149 744;221 092;CINEMA MARIVAUX;46,7;46.316471;4.838508;239353;BOURGOGNE / FRANCHE-COMTE;71270;33236;71;464;Mâcon;47775;05-Unités urbaines de 20 000 à 100 000 hbts;11;31;8 902;-0,3;De 100 à 150 000 entrées;D;RDJPPR;C;262;145;115;63,1;24;9,7;3,3;120;47,3
250;4 170;1 557;SOCIETE DES CINEMAS DES ECRINS;18,4;45.508685;6.679705;239412;AUVERGNE / RHONE-ALPES;73150;3685;73;73201;Aime;8119;06-autres communes et unités urbaines;1;20;280;1,7;De 2 à 5 000 entrées;NON;;B;114;95;26;44,3;45,8;8;2;51;14,4
320;6 147;17 283;ASSOCIATION SALLE SAINT MICHEL;77,9;47.252947;6.800494;240661;BOURGOGNE / FRANCHE-COMTE;25356;4273;25;25109;Maîche;4273;06-autres communes et unités urbaines;1;25;176;-0,6;De 5 à 10 000 entrées;E;;I;75;56;0;59,9;16,6;19,1;4,5;29;84,9
406;7 434;15 383;MUSIQUE ET DANSE;81,6;48.801474;2.430493;241923;ILE-DE-FRANCE;94046;54915;94;851;Paris;10706072;02-Grande Couronne;1;21;90;-0,5;De 5 à 10 000 entrées;NON;;B;43;38;0;51,2;25,2;11,2;12,4;24;86,7
163;17 881;24 240;CINELAB FRANCE;40,2;48.946355;2.147062;242003;ILE-DE-FRANCE;78358;23371;78;851;Paris;10706072;03-Petite couronne;1;30;637;-0,3;De 10 à 20 000 entrées;C;JP;B;108;79;17;40;39,3;12,6;8,1;62;43,3
198;14 057;19 073;ASSOCIATION THEATRE 71;37,7;48.820911;2.302756;242422;ILE-DE-FRANCE;92046;29897;92;851;Paris;10706072;02-Grande Couronne;1;26;318;-0,3;De 10 à 20 000 entrées;C;JP;B;85;58;2;55;29,4;6;9,6;63;47,6
234;4 584;23 101;ASSOCIATION ARMORIC CINEMA;23,9;47.808963;-2.386134;242852;BRETAGNE;56124;2459;56;56112;Malestroit;3519;06-autres communes et unités urbaines;1;31;210;-0,8;De 2 à 5 000 entrées;E;;C;118;88;0;57,6;31,1;9,3;2,1;49;27,5
271;17 063;3 094;ASSOCIATION CINEMAMERS;30,3;48.347714;0.363927;243552;PAYS DE LA LOIRE;72180;5304;72;72202;Mamers;5815;06-autres communes et unités urbaines;2;31;1 455;4,5;De 10 à 20 000 entrées;E;RDJPPR;C;204;131;43;67,2;26,9;2,9;3;106;31,6
259;2 663;2 116;AIX FILMS;43,9;43.535959;6.929182;243839;PROVENCE-ALPES-COTE D'AZUR;6079;22360;6;6701;Nice;943354;04-Unités urbaines de 100 000 hbts ou plus;1;18;78;0,3;De 2 à 5 000 entrées;NON;;B;45;32;0;76,5;14;0,9;8,6;10;52,5
1126;8 557;16 334;LES CINEMAS DU MANS;24,6;48.002865;0.194124;244481;PAYS DE LA LOIRE;72181;143325;72;72701;Le Mans;210018;04-Unités urbaines de 100 000 hbts ou plus;7;11;2 083;-0,5;De 5 à 10 000 entrées;NON;;C;46;26;21;62,4;30,4;4,3;2,9;14;14,9
94;5 755;26 937;CINEAMBUL 72;51,3;47.968733;0.203923;244491;PAYS DE LA LOIRE;72181;143325;72;72701;Le Mans;210018;04-Unités urbaines de 100 000 hbts ou plus;1;24;236;-0,8;De 5 à 10 000 entrées;NON;;C;64;36;0;59,3;22,8;12,5;5,4;33;49
383;49 816;69 292;CENTRE JACQUES PREVERT;55;48.004856;0.20079;244492;PAYS DE LA LOIRE;72181;143325;72;72701;Le Mans;210018;04-Unités urbaines de 100 000 hbts ou plus;4;30;3 765;-0,3;De 40 à 50 000 entrées;A;RDJPPR;C;222;113;99;49,3;23,6;6,5;20,6;188;65,6
1811;165 949;12 020;PATHE LE MANS;59,4;48.007113;0.199047;244496;PAYS DE LA LOIRE;72181;143325;72;72701;Le Mans;210018;04-Unités urbaines de 100 000 hbts ou plus;11;31;9 963;12,8;De 150 à 200 000 entrées;NON;;C;203;126;111;68,1;15,5;11,6;4,9;58;63,1
2053;127 890;216 925;RAYMANTES;44,2;48.989664;1.715981;244700;ILE-DE-FRANCE;78361;44799;78;851;Paris;10706072;03-Petite couronne;9;31;9 115;-0,4;De 100 à 150 000 entrées;NON;;B;154;102;96;59,7;24,3;9,2;6,8;32;42,8
300;3 495;13 113;CENTRE CULTUREL LE CHAPLIN;45,2;49.000101;1.683456;244715;ILE-DE-FRANCE;78361;44799;78;851;Paris;10706072;03-Petite couronne;1;9;34;-0,7;De 2 à 5 000 entrées;NON;;B;9;0;0;77,5;13,9;7,4;1,2;7;43,8
88;2 490;577 453;OFFICE DU TOURISME BASTIDES ET VALLONS DU GERS;35;43.525284;0.161702;245883;OCCITANIE;32233;1247;32;0;Zone rurale;14541106;04-Unités urbaines de 100 000 hbts ou plus;1;30;179;-1;De 2 à 5 000 entrées;E;JP;R;137;107;15;63,5;24,9;6,9;4,7;71;32,3
175;3 773;27 296;CINEMA VOX;47;46.276444;4.040561;245911;BOURGOGNE / FRANCHE-COMTE;71275;1809;71;71109;Marcigny;2974;06-autres communes et unités urbaines;1;31;310;-0,9;De 2 à 5 000 entrées;E;;C;110;89;1;58,2;25,8;8,9;7,2;47;48,3
231;8 373;24 592;VILLE DE MARCOUSSIS;63,8;48.642026;2.222592;246432;ILE-DE-FRANCE;91363;8132;91;851;Paris;10706072;03-Petite couronne;1;34;467;-0,7;De 5 à 10 000 entrées;C;JP;B;115;80;0;63,8;9;14,1;13,1;68;65,6
226;20 044;133 284;LUMIERE DANS LA VILLE;24,4;50.664345;3.072348;246501;HAUTS DE FRANCE;59378;39298;59;59702;Lille (partie française);1039397;04-Unités urbaines de 100 000 hbts ou plus;1;27;540;-0,8;De 20 à 30 000 entrées;C;JP;B;111;75;18;62,8;28,6;7,7;0,9;55;19,4
206;7 149;29 242;LIEN OLERONNAIS POUR LA CULTURE L  ANIMATION ET LES LOISIRS;39,1;45.821371;-1.108436;246763;NOUVELLE AQUITAINE;17219;5662;17;17206;Marennes;9109;06-autres communes et unités urbaines;1;31;473;-0,8;De 5 à 10 000 entrées;E;JPPR;C;145;90;7;54,7;32,9;10,2;2,2;84;37,7
97;664;23 167;ASSOCIU SCOPRE;25,6;42.235245;8.804724;247550;CORSE;2A154;106;2A;0;Zone rurale;14541106;04-Unités urbaines de 100 000 hbts ou plus;1;25;193;-1;Moins de 2000 entrées;NON;;R;99;63;0;49,5;43,2;5,1;2,2;63;21,5
240;10 073;53 171;DEVELOPPEMENT ARTISTIQUE CULTURE MEDITERRANEEN;45,4;43.419763;5.213706;247565;PROVENCE-ALPES-COTE D'AZUR;13054;33929;13;759;Marseille - Aix-en-Provence;1585498;04-Unités urbaines de 100 000 hbts ou plus;2;28;1 499;-0,8;De 10 à 20 000 entrées;C;JP;B;102;81;26;56,7;33,7;7,5;2,1;37;39,2
146;9 386;13 091;MARLY SCOPE CINEMA;99,6;49.06744;6.148929;248151;GRAND EST;57447;10023;57;57701;Metz;285268;04-Unités urbaines de 100 000 hbts ou plus;1;30;368;-0,3;De 5 à 10 000 entrées;C;;B;112;82;7;65,3;14,9;9,8;9,9;48;99,4
336;24 636;1 162;CINELAB OUEST;79,8;48.871284;2.095564;248192;ILE-DE-FRANCE;78372;16431;78;851;Paris;10706072;03-Petite couronne;2;31;1 313;20,2;De 20 à 30 000 entrées;C;JPPR;B;184;125;41;63,2;5,1;18,9;12,8;109;85,7
513;32 028;15 400;ASSOCIATION PROMOTION ACTIVITE CULTURELLE AUDIOVISUELLE MARMANDE;66,7;44.497638;0.168923;248254;NOUVELLE AQUITAINE;47157;17949;47;455;Marmande;29652;05-Unités urbaines de 20 000 à 100 000 hbts;4;30;2 715;1,1;De 30 à 40 000 entrées;D;RDJPPR;C;199;139;41;53,8;30,2;10,7;5,3;111;63,1
245;1 815;4 198;VILLE DE MAROMME;13,8;49.479355;1.042864;248763;NORMANDIE;76410;11023;76;755;Rouen;467133;04-Unités urbaines de 100 000 hbts ou plus;1;20;42;-0,6;Moins de 2000 entrées;NON;;B;23;9;0;43,4;47,8;6,7;2,1;7;10,8
1433;88 909;410 833;SOCIETE PRADEX;51;43.28385;5.384511;249441;PROVENCE-ALPES-COTE D'AZUR;13055;861635;13;759;Marseille - Aix-en-Provence;1585498;04-Unités urbaines de 100 000 hbts ou plus;11;30;10 241;-0,8;De 80 à 100 000 entrées;NON;;C;171;95;85;62,3;26,7;8,1;2,9;39;55
806;36 211;16 234;SOCIETE DES CINEMAS DE BONNEVEINE;47,6;43.249625;5.389984;249451;PROVENCE-ALPES-COTE D'AZUR;13055;861635;13;759;Marseille - Aix-en-Provence;1585498;04-Unités urbaines de 100 000 hbts ou plus;5;31;3 616;1,2;De 30 à 40 000 entrées;NON;;C;69;52;48;77,3;15,7;6,5;0,6;14;50,3
1358;66 259;5 804;PATHE MARSEILLE;26,3;43.300347;5.399852;249471;PROVENCE-ALPES-COTE D'AZUR;13055;861635;13;759;Marseille - Aix-en-Provence;1585498;04-Unités urbaines de 100 000 hbts ou plus;8;31;6 462;10,4;De 50 à 80 000 entrées;NON;;C;166;106;93;51,4;38,9;6,7;3;73;20,7
376;23 111;39 434;SOCIETE BASTILLE SAINT ANTOINE;58,3;43.28624;5.383262;249563;PROVENCE-ALPES-COTE D'AZUR;13055;861635;13;759;Marseille - Aix-en-Provence;1585498;04-Unités urbaines de 100 000 hbts ou plus;2;26;1 495;-0,4;De 20 à 30 000 entrées;A;RD;C;75;42;31;95,6;0;4,4;0;60;97,6
460;39 790;4 076;SOCIETE DU CINEMA DU PRADO;18,1;43.273044;5.391418;249581;PROVENCE-ALPES-COTE D'AZUR;13055;861635;13;759;Marseille - Aix-en-Provence;1585498;04-Unités urbaines de 100 000 hbts ou plus;4;30;3 242;8,8;De 30 à 40 000 entrées;NON;;C;84;45;36;54,1;40,2;4,7;1;42;15,9
565;79 627;16 966;SOCIETE BASTILLE SAINT ANTOINE;33,2;43.297447;5.379767;249791;PROVENCE-ALPES-COTE D'AZUR;13055;861635;13;759;Marseille - Aix-en-Provence;1585498;04-Unités urbaines de 100 000 hbts ou plus;7;31;6 313;3,7;De 50 à 80 000 entrées;A;RDJPPR;C;250;148;139;52,9;38,3;5,5;3,3;196;36
2436;248 991;22 530;SOCIETE DES CINEMAS DE LA VALENTINE;22,7;43.289155;5.481134;249831;PROVENCE-ALPES-COTE D'AZUR;13055;861635;13;759;Marseille - Aix-en-Provence;1585498;04-Unités urbaines de 100 000 hbts ou plus;11;31;8 953;10,1;De 200 à 300 000 entrées;NON;;C;151;99;88;59,1;33;7;0,9;34;20,9
256;15 899;20 767;CINEMARSEILLE;39,6;43.360713;5.330247;249942;PROVENCE-ALPES-COTE D'AZUR;13055;861635;13;759;Marseille - Aix-en-Provence;1585498;04-Unités urbaines de 100 000 hbts ou plus;1;31;755;-0,2;De 10 à 20 000 entrées;A;RDJPPR;C;135;70;12;66,8;22,4;8,1;2,7;102;50,4
345;7 580;6 302;CINEMATHEQUE DE MARSEILLE;76,9;43.294553;5.498707;250410;PROVENCE-ALPES-COTE D'AZUR;13055;861635;13;759;Marseille - Aix-en-Provence;1585498;04-Unités urbaines de 100 000 hbts ou plus;1;28;662;0,2;De 5 à 10 000 entrées;NON;;C;61;38;1;57,7;16,6;19,6;6,1;25;83,1
230;9 201;22 618;FRICHE LA BELLE DE MAI;15,9;43.312724;5.384422;250412;PROVENCE-ALPES-COTE D'AZUR;13055;861635;13;759;Marseille - Aix-en-Provence;1585498;04-Unités urbaines de 100 000 hbts ou plus;1;19;323;-0,6;De 5 à 10 000 entrées;A;RDJPPR;C;68;25;2;46,8;46,7;5,2;1,3;42;10,1
150;2 434;726 312;LE BISTROT;46,1;45.611664;0.44206;250751;NOUVELLE AQUITAINE;16211;554;16;0;Zone rurale;14541106;04-Unités urbaines de 100 000 hbts ou plus;1;30;154;-1;De 2 à 5 000 entrées;E;;R;131;107;0;49,5;41,6;7,2;1,7;107;50,3
166;11 501;4 043;ASSOCIATION CINEMA RENOIR;31;43.410526;5.052683;250935;PROVENCE-ALPES-COTE D'AZUR;13056;49403;13;759;Marseille - Aix-en-Provence;1585498;04-Unités urbaines de 100 000 hbts ou plus;1;31;878;1,8;De 10 à 20 000 entrées;C;RDJPPR;B;128;73;6;48,9;37,7;10,6;2,8;102;29,5
177;4 754;36 188;TRIANON CINEMA;41,9;44.551614;3.291609;251251;OCCITANIE;48092;4841;48;48201;Marvejols;6066;06-autres communes et unités urbaines;1;29;492;-0,9;De 2 à 5 000 entrées;E;JP;C;76;62;0;48,4;34,2;13,5;4;24;47
153;3 513;133 741;LA SOCIETE DES AMIS DU CINEMA INDEPENDANT;37,8;43.42733;0.576514;251922;OCCITANIE;32242;1518;32;0;Zone rurale;14541106;04-Unités urbaines de 100 000 hbts ou plus;1;29;247;-1;De 2 à 5 000 entrées;E;;R;160;111;11;54,3;32,7;9,3;3,7;79;31
417;14 057;9 870;CINEMASSY;40,6;48.732679;2.288638;252134;ILE-DE-FRANCE;91377;48363;91;851;Paris;10706072;03-Petite couronne;3;31;2 115;0,4;De 10 à 20 000 entrées;C;;B;190;125;30;57,6;33;5,7;3,7;151;43,3
154;1 897;212 268;OFFICE MUNICIPAL DES SPORTS LOISIRS CULTURE ANIMATION;29,7;45.868856;-0.320748;252212;NOUVELLE AQUITAINE;17224;2175;17;17101;Matha;2175;06-autres communes et unités urbaines;1;28;145;-1;Moins de 2000 entrées;NON;;I;91;75;0;67,2;19,2;11,1;2,5;50;27,6
199;2 200;95 133;COMMUNE DE MATOUR;26,7;46.306676;4.481344;252342;BOURGOGNE / FRANCHE-COMTE;71289;1068;71;0;Zone rurale;14541106;04-Unités urbaines de 100 000 hbts ou plus;1;28;104;-1;De 2 à 5 000 entrées;NON;;R;82;60;0;52,1;30,7;13;4,2;34;29,9
269;1 706;7 054;ASSOCIATION LES TRINITAIRES DE MAULEON;33,9;46.9250409;-0.7596104000000423;252701;NOUVELLE AQUITAINE;79079;8479;79;79205;Mauléon;8479;06-autres communes et unités urbaines;1;25;147;-0,8;Moins de 2000 entrées;E;;I;56;44;0;66,5;23,7;7,6;2,2;17;34,1
102;9 987;30 648;COMMUNAUTE DE COMMUNES DE GALLY-MAULDRE;41,2;48.916554;1.821165;252712;ILE-DE-FRANCE;78380;5800;78;78301;Maule;10150;03-Petite couronne;1;28;715;-0,7;De 5 à 10 000 entrées;E;RDJPPR;C;123;99;0;59;31,4;4;5,6;65;38,4
416;6 602;3 140;ASSOCIATION MAULE BAITHA;40,9;43.221421;-0.889467;252742;NOUVELLE AQUITAINE;64371;2969;64;64204;Mauléon-Licharre;6395;06-autres communes et unités urbaines;2;30;635;1,1;De 5 à 10 000 entrées;E;RDJP;C;196;157;29;48,8;38,6;10,3;2,4;96;34,7
173;2 248;27 545;L'AURORE;39,2;47.891029;-1.991909;252991;BRETAGNE;35168;3908;35;0;Zone rurale;14541106;04-Unités urbaines de 100 000 hbts ou plus;1;28;119;-0,9;De 2 à 5 000 entrées;E;;R;83;61;0;61;28,4;5,3;5,3;27;32,1
256;5 156;112 126;LE PRE BOURGES;33,2;45.216795;2.333982;253164;AUVERGNE / RHONE-ALPES;15120;3671;15;15105;Mauriac;4502;06-autres communes et unités urbaines;1;28;267;-1;De 5 à 10 000 entrées;E;;C;92;71;0;62;30,3;4,3;3,3;45;32
260;4 952;8 867;CINEMAGINAIRE;21,2;42.814211;2.600537;253313;OCCITANIE;66107;802;66;0;Zone rurale;14541106;04-Unités urbaines de 100 000 hbts ou plus;1;25;135;-0,4;De 2 à 5 000 entrées;E;;R;55;35;7;43,7;49,8;4,9;1,6;20;12,6
92;1 354;61 485;FOYER RURAL JEUNES EDUCATION POPULAIRE;70,8;43.731827;0.878411;253442;OCCITANIE;32249;2149;32;0;Zone rurale;14541106;04-Unités urbaines de 100 000 hbts ou plus;1;19;76;-1;Moins de 2000 entrées;E;JP;R;66;61;5;45,7;23,9;26,8;3,6;30;70,3
374;30 656;74 777;SOCIETE BOURZEIX;36;48.302362;-0.620404;253763;PAYS DE LA LOIRE;53147;13016;53;53301;Mayenne;15119;06-autres communes et unités urbaines;3;31;2 430;-0,6;De 30 à 40 000 entrées;E;RDJPPR;C;216;133;70;64,7;19,8;11,8;3,8;119;44,7
485;11 583;360 263;ACTION CINEMATOGRAPHIQUE DU TARN;32,2;43.493101;2.374957;254005;OCCITANIE;81163;10063;81;81401;Mazamet;24994;05-Unités urbaines de 20 000 à 100 000 hbts;2;30;1 099;-1;De 10 à 20 000 entrées;D;;C;139;103;23;37,7;48,3;12,9;1,1;81;43,5
182;514;500 267;LES TOILES DU REX;40,1;43.250817;1.677678;254173;OCCITANIE;9185;3826;9;9104;Mazères;3826;06-autres communes et unités urbaines;1;18;67;-1;Moins de 2000 entrées;NON;;I;36;27;0;48;34,9;10;7;9;45,2
1129;46 225;989 339;SOCIETE DU CINEMA MAJESTIC  MEAUX;39,8;48.95945;2.882959;254781;ILE-DE-FRANCE;77284;53720;77;77501;Meaux;74463;03-Petite couronne;7;11;2 626;-1;De 40 à 50 000 entrées;NON;;C;108;38;28;56,5;26,9;13,7;2,9;65;34,4
315;4 155;57 810;FORUM INTERNATIONAL;15,6;45.861574;6.626043;255072;AUVERGNE / RHONE-ALPES;74173;3210;74;462;Sallanches;44281;05-Unités urbaines de 20 000 à 100 000 hbts;1;19;236;-0,9;De 2 à 5 000 entrées;NON;;B;61;46;31;42,4;50,8;4,7;2,1;12;8,7
100;3 090;15 057;CINE ITINERANT RURAL BRESSE REVERMONT;36,2;46.245266;5.347704;255421;AUVERGNE / RHONE-ALPES;1241;1316;1;0;Zone rurale;14541106;04-Unités urbaines de 100 000 hbts ou plus;1;19;94;-0,8;De 2 à 5 000 entrées;NON;;R;7;4;0;61,6;29,2;5,9;3,4;2;36,3
434;12 240;11 533;CINEMEL;35,9;46.222661;-0.144659;255911;NOUVELLE AQUITAINE;79174;3607;79;79203;Melle;5471;06-autres communes et unités urbaines;2;29;537;0,1;De 10 à 20 000 entrées;E;RDJPPR;C;122;84;1;53,5;34,5;7,9;4,1;84;31,3
566;14 922;15 533;VARIETES CINEMA;40,1;48.533449;2.6548;255991;ILE-DE-FRANCE;77288;39914;77;851;Paris;10706072;03-Petite couronne;3;31;1 664;0;De 10 à 20 000 entrées;C;JPPR;B;159;119;53;69,6;22;4,8;3,5;74;43,4
402;18 185;893 673;SOCIETE ANONYME IMMOBILIERE D'ECONOMIE MIXTE MENDE FONTANILLES;37,5;44.519155;3.499538;256211;OCCITANIE;48095;11641;48;48301;Mende;11641;06-autres communes et unités urbaines;3;28;1 233;-1;De 10 à 20 000 entrées;E;RDJP;I;115;83;24;62;23,6;14,2;0,2;54;32,8
324;25 461;22 125;CINEMA CONFLUENCES MENNECY;36,8;48.564849;2.441479;256983;ILE-DE-FRANCE;91386;13959;91;851;Paris;10706072;03-Petite couronne;3;28;2 010;0,2;De 20 à 30 000 entrées;NON;;B;98;78;52;47,8;41,5;9,6;1,1;30;36,2
377;22 686;35 979;LES CINEMAS DE SAINT RAPHAEL (EX LIDO RIALTO CINEMA ST RAPHAEL);64,1;43.775396;7.50197;257302;PROVENCE-ALPES-COTE D'AZUR;6083;28231;6;6501;Menton - Monaco (partie française);68326;05-Unités urbaines de 20 000 à 100 000 hbts;3;29;2 367;-0,4;De 20 à 30 000 entrées;NON;;C;112;84;48;57,4;13,3;19,2;10,1;41;71,6
142;2 509;109 976;SOCIETE DU PATRONAGE SAINT MICHEL;21,4;48.19242;-2.416156;257772;BRETAGNE;22147;2937;22;22103;Merdrignac;2937;06-autres communes et unités urbaines;1;31;177;-1;De 2 à 5 000 entrées;NON;;I;86;64;0;59,9;35,8;3,6;0,7;27;17,3
1041;65 682;4 844;IPEC;37,3;44.842142;-0.647041;258161;NOUVELLE AQUITAINE;33281;70127;33;33701;Bordeaux;904359;04-Unités urbaines de 100 000 hbts ou plus;4;31;3 550;12,6;De 50 à 80 000 entrées;C;;B;143;77;51;58,2;27,9;10;4;48;41,7
214;19 006;29 682;RD DIFFUSION;26,6;50.066803;1.384364;258652;HAUTS DE FRANCE;80533;2840;80;453;Eu;20095;05-Unités urbaines de 20 000 à 100 000 hbts;1;30;786;-0,4;De 10 à 20 000 entrées;NON;;B;96;79;47;50,2;32,2;15,4;2,2;39;41,1
237;8 200;150 877;ASSOCIATION MERU CINEMA;34,3;49.234352;2.134691;258732;HAUTS DE FRANCE;60395;14703;60;60302;Méru;14703;06-autres communes et unités urbaines;2;30;1 468;-0,9;De 5 à 10 000 entrées;E;RDJPPR;I;141;109;28;43,9;50,8;3,1;2,2;52;44,7
305;9 312;122 058;COMMUNE DE MERVILLE;48,3;50.641083;2.637315;258812;HAUTS DE FRANCE;59400;9967;59;752;Béthune;355543;04-Unités urbaines de 100 000 hbts ou plus;1;26;316;-0,9;De 5 à 10 000 entrées;C;;B;99;80;2;64,4;28,9;5;1,8;31;47
228;2 377;193 058;COMMUNE DE MERY SUR OISE;47,5;49.060326;2.170288;258952;ILE-DE-FRANCE;95394;9531;95;851;Paris;10706072;03-Petite couronne;1;23;182;-1;De 2 à 5 000 entrées;NON;;B;69;57;0;55,7;32;6,4;5,9;22;54,1
133;3 516;79 829;FAMILY FUN BOWLING;42,3;45.564042;-0.95352;259022;NOUVELLE AQUITAINE;17230;3087;17;17402;Royan;35729;05-Unités urbaines de 20 000 à 100 000 hbts;1;30;509;-1;De 2 à 5 000 entrées;D;;B;132;98;5;62,6;24,5;10,1;2,8;66;37
212;6 012;119 756;CINEMA OLYMPIA;31,8;46.773516;6.350469;260602;BOURGOGNE / FRANCHE-COMTE;25380;1179;25;0;Zone rurale;14541106;04-Unités urbaines de 100 000 hbts ou plus;2;27;649;-0,9;De 5 à 10 000 entrées;E;JP;R;100;83;16;65,9;24,5;5,4;4,2;34;32,7
972;66 974;20 506;REX CINEMA DE METZ;45,5;49.118892;6.175464;260731;GRAND EST;57463;117492;57;57701;Metz;285268;04-Unités urbaines de 100 000 hbts ou plus;7;31;6 114;2,3;De 50 à 80 000 entrées;A;RDJPPR;C;253;163;150;63,9;18,9;10,4;6,8;197;42,8
458;9 295;212 592;VILLE DE MEUDON;55,5;48.81334;2.235774;260903;ILE-DE-FRANCE;92048;45317;92;851;Paris;10706072;02-Grande Couronne;1;23;211;-1;De 5 à 10 000 entrées;C;;B;100;61;0;53,5;29;14,8;2,7;65;61,1
268;4 399;685;VILLE DE MEUDON;38,8;48.7873;2.23254;260904;ILE-DE-FRANCE;92048;45317;92;851;Paris;10706072;02-Grande Couronne;1;24;186;5,4;De 2 à 5 000 entrées;NON;;B;69;45;0;57,3;29,6;11;2,1;31;33,9
143;1 873;63 355;ASSOCIATION CINE MEUNG;26,6;47.826282;1.696401;261032;CENTRE-VAL DE LOIRE;45203;6267;45;45209;Meung-sur-Loire;9217;06-autres communes et unités urbaines;1;16;42;-1;Moins de 2000 entrées;NON;;C;35;16;0;69,5;16,5;4,1;9,9;18;16,7
166;13 187;92 817;ASSOCIATION CINEMA L HORLOGE;37,3;45.90391;5.192869;261273;AUVERGNE / RHONE-ALPES;1244;7655;1;1206;Meximieux;10144;06-autres communes et unités urbaines;1;29;496;-0,9;De 10 à 20 000 entrées;E;JPPR;C;134;92;1;88,2;9,2;2,4;0,3;64;28,5
244;2 149;34 590;OFFICE DU TOURISME DE MEYMAC;45,7;45.532714;2.146857;261351;NOUVELLE AQUITAINE;19136;2455;19;19101;Meymac;2455;06-autres communes et unités urbaines;1;29;166;-0,9;De 2 à 5 000 entrées;E;;I;126;97;0;64,6;26,1;6,1;3,2;68;49,2
287;8 375;188 548;CINE L'ARLEQUIN;62,5;45.916394;6.090209;261581;AUVERGNE / RHONE-ALPES;74010;125694;74;74601;Annecy;168098;04-Unités urbaines de 100 000 hbts ou plus;1;27;322;-1;De 5 à 10 000 entrées;C;;C;93;62;2;64,3;18,3;7,3;10,2;47;66,1
408;15 475;842 670;FELICINE;37,6;45.765107;5.00317;261603;AUVERGNE / RHONE-ALPES;69282;32863;69;758;Lyon;1639558;04-Unités urbaines de 100 000 hbts ou plus;3;31;1 360;-1;De 10 à 20 000 entrées;C;JP;B;118;98;41;71,5;20,6;7;0,9;47;46,1
144;7 008;115 636;CENTRE COMMUNAL POUR LA PROMOTION CULTURELLE;38,6;43.421612;3.601996;261623;OCCITANIE;34157;11537;34;34301;Mèze;11537;06-autres communes et unités urbaines;1;25;266;-0,9;De 5 à 10 000 entrées;E;JP;I;95;68;6;56,1;34,5;7,2;2,2;50;30,5
2475;168 321;192 299;MONNEZIERES;78,7;48.202673;-1.730539;261730;BRETAGNE;35177;4644;35;35127;La Mézière;4644;06-autres communes et unités urbaines;12;31;12 146;-0,1;De 150 à 200 000 entrées;NON;;I;153;108;105;68,8;12,5;18,7;0;28;71
200;1 089;16 542;MODERNE CINEMA;40,5;46.36675;5.996859;262461;AUVERGNE / RHONE-ALPES;1247;336;1;0;Zone rurale;14541106;04-Unités urbaines de 100 000 hbts ou plus;1;8;54;-0,9;Moins de 2000 entrées;NON;;R;16;12;6;65,2;23,8;6,7;4,3;1;36,9
581;26 208;44 554;LES LUMIERES DE LA VILLE;23;44.100489;3.076198;262622;OCCITANIE;12145;22234;12;12401;Millau;23837;05-Unités urbaines de 20 000 à 100 000 hbts;4;30;2 840;-0,4;De 20 à 30 000 entrées;D;RDJP;C;173;137;94;80,6;14,3;4,2;0,9;80;27,9
750;6 724;30 884;COMMUNE DE MIMIZAN;43,2;44.20143;-1.228686;262921;NOUVELLE AQUITAINE;40184;6927;40;40203;Mimizan;6927;06-autres communes et unités urbaines;1;31;438;-0,8;De 5 à 10 000 entrées;E;JP;I;130;107;45;66,1;22,4;7,4;4,1;43;40,2
165;8 187;4 288;ASSOCIATION CENTRE CULTUREL DE MIRAMAS;6,4;43.581558;5.001721;263261;PROVENCE-ALPES-COTE D'AZUR;13063;25639;13;759;Marseille - Aix-en-Provence;1585498;04-Unités urbaines de 100 000 hbts ou plus;1;31;701;0,9;De 5 à 10 000 entrées;C;JP;B;131;85;1;36,3;54,1;8;1,6;76;6,5
250;3 913;36 470;FEDERATION DES ASSOCIATIONS LAIQUES D' EDUCATION POPULAIRE GERS;47,3;43.513752;0.405519;263372;OCCITANIE;32256;3483;32;32105;Mirande;3932;06-autres communes et unités urbaines;1;28;137;-0,9;De 2 à 5 000 entrées;E;;C;108;80;7;60,5;30;6,3;3,2;45;54,2
332;7 299;6 281;VILLE DE MIRECOURT;19,8;48.299898;6.132591;263484;GRAND EST;88304;5325;88;88205;Mirecourt;7359;06-autres communes et unités urbaines;1;30;397;0,2;De 5 à 10 000 entrées;NON;;C;82;63;12;60,7;32,9;4,3;2,1;24;22,6
106;4 224;38 321;VILLE DE MIREPOIX;55,9;43.089583;1.87481;263563;OCCITANIE;9194;3162;9;9103;Mirepoix;3162;06-autres communes et unités urbaines;1;27;360;-0,9;De 2 à 5 000 entrées;E;JP;I;88;68;0;30,3;45;3,4;21,3;46;62,9
300;4 431;5 503;ASSOCIATION REGIONALE PROMOTION DU CINEMA;44,7;45.871817;4.913437;263612;AUVERGNE / RHONE-ALPES;1249;9574;1;758;Lyon;1639558;04-Unités urbaines de 100 000 hbts ou plus;1;25;122;-0,2;De 2 à 5 000 entrées;C;JP;B;71;47;0;62,7;18,5;16;2,8;30;48,9
210;10 171;22 396;ASSOCIATION MITRYENNE DE LOISIRS;38,2;48.956929;2.603083;263912;ILE-DE-FRANCE;77294;19847;77;851;Paris;10706072;03-Petite couronne;1;30;732;-0,5;De 10 à 20 000 entrées;C;JPPR;B;180;110;5;62,6;29,5;5,7;2,2;112;37,5
220;2 507;15 605;SNC GIPPA ET GILBERT;28,6;45.14954;6.634433;264123;AUVERGNE / RHONE-ALPES;73157;3180;73;73109;Modane;3846;06-autres communes et unités urbaines;1;20;104;-0,8;De 2 à 5 000 entrées;NON;;C;46;39;3;39,4;43,4;13,9;3,3;3;31
172;19 164;297 740;LES GARS DE SAINT PHILIBERT;39,1;47.808314;-3.635534;264151;BRETAGNE;29150;6874;29;29206;Moëlan-sur-Mer;6874;06-autres communes et unités urbaines;1;31;545;-0,9;De 10 à 20 000 entrées;E;RDJPPR;I;167;119;14;57,2;32,6;6,8;3,4;92;38,9
330;2 098;5 644;ASSOCIATION LA FRATERNELLE;38,3;46.457868;5.758014;264442;BOURGOGNE / FRANCHE-COMTE;39333;2088;39;39102;Moirans-en-Montagne;2088;06-autres communes et unités urbaines;1;30;255;-0,6;De 2 à 5 000 entrées;E;JP;I;131;114;0;53,7;30,3;7,6;8,3;62;46,9
737;12 322;1 863 429;SOCIETE NOUVELLE DES CINEMAS ATLANTIQUE;14,3;44.132684;1.066545;264591;OCCITANIE;82112;12581;82;82401;Castelsarrasin;26467;05-Unités urbaines de 20 000 à 100 000 hbts;6;29;1 645;-1;De 10 à 20 000 entrées;NON;;B;91;72;30;40,4;51,3;6,3;2;32;10,1
349;7 648;10 377;SCENE NATIONALE DE SENART;15,5;48.628281;2.589982;264672;ILE-DE-FRANCE;77296;17630;77;851;Paris;10706072;03-Petite couronne;1;30;383;-0,3;De 5 à 10 000 entrées;C;JP;B;102;70;0;38,7;52,4;6,9;2;48;10,5
153;1 238;1 370;ASSOCIATION CINEFOL 31;52,6;43.966813;1.584453;266213;OCCITANIE;82115;1945;82;0;Zone rurale;14541106;04-Unités urbaines de 100 000 hbts ou plus;1;29;122;-0,1;Moins de 2000 entrées;NON;;R;110;92;0;60,4;24,3;9,8;5,4;55;49,1
295;2 080;236 100;ASSOCIATION CINEMA DU BOCAGE;29,9;46.724207;-0.587156;266292;NOUVELLE AQUITAINE;79179;3161;79;79105;Moncoutant;3161;06-autres communes et unités urbaines;1;22;271;-1;De 2 à 5 000 entrées;E;JP;I;82;64;0;42,8;45,4;8,7;3,1;30;19,3
2452;189 712;17 661;UGC CINE CITE MONDEVILLE;42,4;49.166065;-0.30018;266361;NORMANDIE;14437;9719;14;14601;Caen;198639;04-Unités urbaines de 100 000 hbts ou plus;12;31;10 805;9,7;De 150 à 200 000 entrées;NON;;B;216;90;90;58,5;30,5;6,8;4,2;75;46
159;2 882;21 072;ASSOCIATION FOYER RURAL CENTRE SOCIAL ET CULTUREL;29,6;43.320215;-0.579262;266571;NOUVELLE AQUITAINE;64393;4473;64;64302;Mourenx;14531;06-autres communes et unités urbaines;1;29;469;-0,9;De 2 à 5 000 entrées;E;RDJPPR;C;119;95;1;60,3;32,9;5,4;1,5;57;28
128;4 472;129 019;SOCIETE DES CINEMAS DE LA GUISANE;48;44.975571;6.50728;266752;PROVENCE-ALPES-COTE D'AZUR;5079;1024;5;0;Zone rurale;14541106;04-Unités urbaines de 100 000 hbts ou plus;2;27;494;-1;De 2 à 5 000 entrées;NON;;R;53;36;3;66,2;26,8;5,8;1,2;30;48,2
348;18 436;41 071;VILLE DE MONISTROL SUR LOIRE;53,4;45.284509;4.176668;266962;AUVERGNE / RHONE-ALPES;43137;8793;43;43301;Monistrol-sur-Loire;13126;06-autres communes et unités urbaines;2;29;967;-0,6;De 10 à 20 000 entrées;E;JP;C;137;108;15;59;22,4;8,5;10,1;60;58,9
300;6 896;43 891;CINE-OFF;41,8;47.499906;0.752013;267061;CENTRE-VAL DE LOIRE;37153;4298;37;37106;Monnaie;4298;06-autres communes et unités urbaines;1;27;136;-0,8;De 5 à 10 000 entrées;E;JPPR;I;49;24;0;61,6;29,4;5,6;3,3;21;31,1
179;5 311;29 808;ARTS ET TECHNIQUES;81,2;45.008093;0.159645;267243;NOUVELLE AQUITAINE;24294;5466;24;354;Montpon-Ménestérol;11508;06-autres communes et unités urbaines;1;31;321;-0,8;De 5 à 10 000 entrées;E;JP;C;120;87;0;56,1;14,4;16,1;13,3;48;83,1
189;4 974;219 607;USUREAU PAUL;80,8;44.650724;0.079158;267391;NOUVELLE AQUITAINE;33289;1500;33;0;Zone rurale;14541106;04-Unités urbaines de 100 000 hbts ou plus;1;31;384;-1;De 2 à 5 000 entrées;E;JPPR;R;175;124;0;54;16;15,1;14,9;106;83,6
312;11 636;11 075;ASSOCIATION CINE LIBERTY;86,4;44.481887;0.946365;267433;NOUVELLE AQUITAINE;47179;2093;47;47302;Fumel;11735;06-autres communes et unités urbaines;2;31;827;0,1;De 10 à 20 000 entrées;E;RDJPPR;B;183;125;5;57,4;7,9;21,4;13,3;113;94,3
48;1 789;72 000;ONZE VINGT QUATORZE OU 11 X 20 + 14;49,3;48.490092;3.148397;267481;ILE-DE-FRANCE;77298;463;77;0;Zone rurale;14541106;03-Petite couronne;1;20;242;-1;Moins de 2000 entrées;E;;R;119;72;0;24,8;24,4;50,8;0;94;68
205;6 264;62 130;CINEMA LE MONTAGNARD;34,9;47.18723;-1.679304;267832;PAYS DE LA LOIRE;44101;6135;44;44701;Nantes;633690;04-Unités urbaines de 100 000 hbts ou plus;1;27;269;-0,9;De 5 à 10 000 entrées;C;;B;136;103;0;35,8;44,1;15,8;4,3;62;33
280;16 733;380 504;VILLE DE MONTAIGU;78,9;46.98002;-1.316083;268122;PAYS DE LA LOIRE;85146;5180;85;85302;Montaigu;13921;06-autres communes et unités urbaines;2;30;744;-1;De 10 à 20 000 entrées;E;JPPR;C;142;102;13;61,2;17,8;9,3;11,7;71;79,7
1499;92 060;13 952;SOCIETE GATINAISE DE SPECTACLES;50,3;48.001962;2.729169;268583;CENTRE-VAL DE LOIRE;45208;14254;45;45501;Montargis;55881;05-Unités urbaines de 20 000 à 100 000 hbts;9;31;7 160;5,6;De 80 à 100 000 entrées;D;;C;194;139;111;57,9;24,9;13,1;4,1;82;57,3
3450;164 635;10 923;PATHE MONTATAIRE;75,7;49.261576;2.452904;268733;HAUTS DE FRANCE;60414;13360;60;60601;Creil;120350;04-Unités urbaines de 100 000 hbts ou plus;14;31;12 026;14,1;De 150 à 200 000 entrées;NON;;B;212;132;119;57,1;22,7;13,4;6,8;57;74,9
461;14 818;20 150;CONSORTIUM DES CINEMAS DE MONTAUBAN;34,9;44.016766;1.361386;268813;OCCITANIE;82121;59982;82;82501;Montauban;78084;05-Unités urbaines de 20 000 à 100 000 hbts;3;27;1 726;-0,3;De 10 à 20 000 entrées;D;RDJPPR;C;125;85;64;69,7;19,9;7,3;3,1;101;27,9
150;3 818;7 976;AEP MONTALBANAISE;51,3;48.200293;-2.049655;268841;BRETAGNE;35184;5095;35;35129;Montauban-de-Bretagne;5095;06-autres communes et unités urbaines;1;25;152;-0,5;De 2 à 5 000 entrées;E;;I;95;70;3;67,5;13,4;12,5;6,6;38;58
284;8 852;175 008;ASSOCIATION MAISON POUR TOUS;32,6;43.618473;6.771904;268972;PROVENCE-ALPES-COTE D'AZUR;83081;6298;83;83205;Montauroux;9536;06-autres communes et unités urbaines;1;31;575;-0,9;De 5 à 10 000 entrées;E;JP;C;138;109;3;46;37,8;13,1;3;68;33,8
165;6 972;17 780;ASSOCIATION CINE CITE;31,2;47.6229;4.338005;269141;BOURGOGNE / FRANCHE-COMTE;21425;5331;21;21205;Montbard;5662;06-autres communes et unités urbaines;1;31;551;-0,6;De 5 à 10 000 entrées;E;JPPR;C;139;108;1;58;35,8;4,7;1,5;68;25,5
182;6 365;15 535;ASSOCIATION LES AMIS DE L'ESPACE PIERRE MERY;38;47.286138;0.703952;269222;CENTRE-VAL DE LOIRE;37154;4154;37;37701;Tours;353042;04-Unités urbaines de 100 000 hbts ou plus;1;30;320;-0,6;De 5 à 10 000 entrées;C;JP;B;95;76;13;68,4;20,3;5,2;6;50;36
1053;16 270;34 346;CINEMA DU COLISEE;76,5;47.50866;6.801618;269255;BOURGOGNE / FRANCHE-COMTE;25388;25336;25;25601;Montbéliard;106486;04-Unités urbaines de 100 000 hbts ou plus;4;31;2 764;-0,5;De 10 à 20 000 entrées;C;RDJPPR;C;168;107;70;46,7;18,7;26,4;8,3;120;79,8
816;70 054;11 438;REX FOREZ;28,5;45.612675;4.067565;269635;AUVERGNE / RHONE-ALPES;42147;15526;42;42401;Montbrison;23170;05-Unités urbaines de 20 000 à 100 000 hbts;5;31;3 363;5,1;De 50 à 80 000 entrées;D;RDJPPR;C;191;131;80;60,2;30,9;7,5;1,4;95;26,1
662;10 612;25 871;SOCIETE DU CINEMA REX;41,9;46.674118;4.364044;269843;BOURGOGNE / FRANCHE-COMTE;71306;18772;71;71402;Montceau-les-Mines;39188;05-Unités urbaines de 20 000 à 100 000 hbts;3;29;1 150;-0,6;De 10 à 20 000 entrées;NON;;C;75;52;21;64,4;25,3;7,9;2,4;35;41,5
607;3 409;10 853;ROYAL CINEMA;36,1;43.889338;-0.504397;270562;NOUVELLE AQUITAINE;40192;30629;40;40401;Mont-de-Marsan;40141;05-Unités urbaines de 20 000 à 100 000 hbts;4;30;1 081;-0,7;De 2 à 5 000 entrées;D;JP;C;75;47;18;46,7;31,2;18,2;3,8;38;38
178;7 657;137 487;VILLE DE MONTDIDIER;48,3;49.647736;2.570756;270633;HAUTS DE FRANCE;80561;6201;80;80202;Montdidier;6384;06-autres communes et unités urbaines;1;30;315;-0,9;De 5 à 10 000 entrées;NON;;C;76;62;6;61,7;20,8;12,4;5,1;19;45,9
178;4 170;12 893;CINEMA OLYMPIC;30;45.575851;2.809534;270673;AUVERGNE / RHONE-ALPES;63236;1328;63;0;Zone rurale;14541106;04-Unités urbaines de 100 000 hbts ou plus;1;28;231;-0,7;De 2 à 5 000 entrées;NON;;R;58;50;1;47,9;48;0;4,1;22;25,7
613;23 450;11 587;SOCIETE DU CINEMA PALACE - MONTELIMAR;55,3;44.561459;4.748988;271052;AUVERGNE / RHONE-ALPES;26198;38397;26;551;Montélimar;55791;05-Unités urbaines de 20 000 à 100 000 hbts;5;30;2 172;1;De 20 à 30 000 entrées;NON;;C;53;46;43;58;20;12,4;9,7;6;49,4
118;11 479;50 347;VILLE DE MONTELIMAR;33,5;44.557962;4.751413;271055;AUVERGNE / RHONE-ALPES;26198;38397;26;551;Montélimar;55791;05-Unités urbaines de 20 000 à 100 000 hbts;1;25;708;-0,8;De 10 à 20 000 entrées;D;RDJP;C;153;92;15;52,4;18,9;6,4;22,4;122;47,4
627;34 653;95 908;ANEMONE MONTELIMAR CINEMA LES SEPT NEFS;39,5;44.560981;4.749382;271071;AUVERGNE / RHONE-ALPES;26198;38397;26;551;Montélimar;55791;05-Unités urbaines de 20 000 à 100 000 hbts;7;31;4 974;-0,6;De 30 à 40 000 entrées;NON;;C;94;68;61;55,4;32,4;10,1;2,1;24;44,4
120;1 971;38 330;CLAP MONTENDRE;26,3;45.283756;-0.408153;271162;NOUVELLE AQUITAINE;17240;3210;17;17112;Montendre;3576;06-autres communes et unités urbaines;1;28;184;-0,9;Moins de 2000 entrées;E;;C;112;96;0;65,5;13,9;20,5;0,2;52;50,2
264;11 006;22 346;LA CANE MONTFORTAISE;47;48.134411;-1.950548;272101;BRETAGNE;35188;6556;35;35208;Montfort-sur-Meu;6556;06-autres communes et unités urbaines;1;28;267;-0,5;De 10 à 20 000 entrées;E;JP;I;120;92;7;55;28,6;5,4;11;40;52,5
188;2 048;230 240;OFFICE DU TOURISME DE MONTGENEVRE;27,6;44.932175;6.724754;272358;PROVENCE-ALPES-COTE D'AZUR;5085;510;5;0;Zone rurale;14541106;04-Unités urbaines de 100 000 hbts ou plus;1;21;222;-1;De 2 à 5 000 entrées;NON;;R;76;66;25;53,3;39,6;1,9;5,2;21;25,7
329;15 081;346 982;COMMUNAUTE D'AGGLOMERATION SENART VAL DE SEINE;16,2;48.703763;2.46109;272392;ILE-DE-FRANCE;91421;23727;91;851;Paris;10706072;03-Petite couronne;1;26;529;-1;De 10 à 20 000 entrées;C;RDJP;B;114;85;1;32,6;56,8;8,4;2,2;82;10,3
133;3 626;7 398;ASS LES AMIS DU CINEMA;18,4;45.217551;-0.186333;272481;NOUVELLE AQUITAINE;17241;1593;17;0;Zone rurale;14541106;04-Unités urbaines de 100 000 hbts ou plus;1;31;302;-0,5;De 2 à 5 000 entrées;E;JP;R;131;101;1;45,1;49,3;3,8;1,8;72;12,1
176;7 864;22 064;VILLE DE MONTIGNAC;26,1;45.063871;1.163498;272701;NOUVELLE AQUITAINE;24291;2807;24;24104;Montignac;2807;06-autres communes et unités urbaines;1;31;423;-0,6;De 5 à 10 000 entrées;E;RDJPPR;I;146;86;1;76,9;18,1;4;1;92;30,9
282;5 779;11 678;VILLE DE MONTIGNY LE BRETONNEUX;30,5;48.77004;2.03446;273071;ILE-DE-FRANCE;78423;33123;78;851;Paris;10706072;03-Petite couronne;1;29;215;-0,5;De 5 à 10 000 entrées;NON;;B;63;29;0;69,8;23,5;4,2;2,5;35;32,6
304;4 326;38 134;OFFICE MUNICIPALE DE LA CULTURE (MONTIGNY);44,8;48.997001;2.200873;273182;ILE-DE-FRANCE;95424;20789;95;851;Paris;10706072;03-Petite couronne;1;25;70;-0,9;De 2 à 5 000 entrées;NON;;B;33;20;0;74,7;17;1,2;7,1;7;62,1
861;63 527;2 783;NORD OUEST EXPLOITATION CINEMAS;32,9;49.534592;0.181289;273565;NORMANDIE;76447;16016;76;76701;Le Havre;237578;04-Unités urbaines de 100 000 hbts ou plus;4;31;3 215;21,8;De 50 à 80 000 entrées;NON;;B;134;70;36;59,4;32,5;6,3;1,8;55;28,1
155;6 840;139 772;ASS FETES LOISIRS ET ANIMATION DE MONTJEAN SUR LOIRE;15,6;47.38864;-0.8621689999999944;273631;PAYS DE LA LOIRE;49244;18356;49;49208;La Pommeraye;18356;06-autres communes et unités urbaines;1;30;344;-1;De 5 à 10 000 entrées;NON;;C;64;56;14;49,1;44,3;4,8;1,8;14;11,9
662;43 446;5 072;CINE 2000;74,1;46.338813;2.602249;274201;AUVERGNE / RHONE-ALPES;3185;36946;3;3501;Montluçon;56615;05-Unités urbaines de 20 000 à 100 000 hbts;5;26;2 568;7,6;De 40 à 50 000 entrées;NON;;C;98;74;55;49,3;26,5;14,6;9,6;30;71,1
171;1 742;10 854;UNION REG FEDERATIONS OEUVRES LAIQUES AUVERGNE RHONE ALPES;16,3;45.85006;5.057372;274272;AUVERGNE / RHONE-ALPES;1262;7032;1;758;Lyon;1639558;04-Unités urbaines de 100 000 hbts ou plus;1;23;64;-0,8;Moins de 2000 entrées;NON;;B;53;38;0;40,3;48,7;7,8;3,2;28;14,8
98;2 728;3 909;CENTRE REGIONAL AUDIOVISUEL DE LORRAINE;16,7;49.519626;5.363556;274502;GRAND EST;55351;2199;55;55103;Montmédy;2199;06-autres communes et unités urbaines;1;29;266;-0,3;De 2 à 5 000 entrées;E;;I;89;67;0;40,7;51,3;5,8;2,2;45;9,5
158;3 612;71 146;COMMUNE DE MONTMELIAN;81;45.500407;6.048642;274543;AUVERGNE / RHONE-ALPES;73171;4112;73;73202;Montmélian;6849;06-autres communes et unités urbaines;1;20;129;-0,9;De 2 à 5 000 entrées;E;;C;62;44;0;62,9;9,6;20,6;7;38;84,4
288;4 384;55 897;AMNESIA CORP;17,6;48.873643;3.534231;274603;GRAND EST;51380;3643;51;51111;Montmirail;3643;06-autres communes et unités urbaines;2;30;664;-0,9;De 2 à 5 000 entrées;E;;I;101;85;15;44,4;45,9;7,6;2,1;35;13,3
92;1 690;21 478;LES BONIMENTEURS;31;45.396196;0.130119;274682;NOUVELLE AQUITAINE;16230;2591;16;0;Zone rurale;14541106;04-Unités urbaines de 100 000 hbts ou plus;1;30;80;-0,9;Moins de 2000 entrées;E;;R;68;50;0;45;45;7,8;2,2;32;19,4
222;15 786;31 040;CINELAB MONTMORENCY;68,9;48.988818;2.318091;274702;ILE-DE-FRANCE;95428;21258;95;851;Paris;10706072;03-Petite couronne;2;31;1 194;-0,5;De 10 à 20 000 entrées;C;JPPR;B;162;113;37;54,3;14,5;15,3;15,9;92;63
166;8 747;9 270;ASSOCIATION L'ETOILE;18,6;46.424909;0.870092;274732;NOUVELLE AQUITAINE;86165;6095;86;86202;Montmorillon;6095;06-autres communes et unités urbaines;1;31;524;-0,1;De 5 à 10 000 entrées;E;JPPR;I;171;125;1;42,7;49,9;5,9;1,4;94;12,2
0;1 378;22 093;LE NAVIRE;40,3;44.794674;4.937598;274900;AUVERGNE / RHONE-ALPES;26208;1908;26;0;Zone rurale;14541106;04-Unités urbaines de 100 000 hbts ou plus;1;5;6;-0,9;Moins de 2000 entrées;NON;;R;5;3;0;58,2;26;11,7;4,1;2;44,7
1067;143 374;21 618;TRANSVERSAL FILMS;12,2;43.607742;3.880324;275201;OCCITANIE;34172;277639;34;34701;Montpellier;428909;04-Unités urbaines de 100 000 hbts ou plus;6;31;6 543;5,6;De 100 à 150 000 entrées;A;RDJPPR;C;222;154;149;33,8;57,3;6;3;171;6,9
265;36 654;4 020;UTOPIA SAINTE BERNADETTE;38,1;43.628684;3.868881;275205;OCCITANIE;34172;277639;34;34701;Montpellier;428909;04-Unités urbaines de 100 000 hbts ou plus;3;29;2 338;8,1;De 30 à 40 000 entrées;A;RDJPPR;C;157;89;19;53,9;34,5;7,8;3,8;125;33,2
1113;79 199;1 118 843;GAUMONT;40,9;43.609061;3.880069;275273;OCCITANIE;34172;277639;34;34701;Montpellier;428909;04-Unités urbaines de 100 000 hbts ou plus;8;31;6 836;-0,9;De 50 à 80 000 entrées;NON;;C;181;102;85;56,5;28,6;10,1;4,8;65;43,9
3919;360 348;36 303;GAUMONT;21,5;43.603985;3.91557;275311;OCCITANIE;34172;277639;34;34701;Montpellier;428909;04-Unités urbaines de 100 000 hbts ou plus;17;31;15 172;8,9;De 300 à 450 000 entrées;NON;;C;241;130;129;65,8;22,5;9,5;2,2;67;10,6
107;10 153;114 561;COMMUNE DE MONTPELLIER;0;43.61435;3.828731;275334;OCCITANIE;34172;277639;34;34701;Montpellier;428909;04-Unités urbaines de 100 000 hbts ou plus;1;31;695;-0,9;De 10 à 20 000 entrées;A;RDJPPR;C;151;96;2;34,6;65,4;0;0;121;0
88;3 163;23 048;COMMUNE DE MONTPELLIER;39,3;43.624323;3.817591;275336;OCCITANIE;34172;277639;34;34701;Montpellier;428909;04-Unités urbaines de 100 000 hbts ou plus;1;25;316;-0,9;De 2 à 5 000 entrées;NON;;C;45;28;0;58,7;38,5;1;1,9;7;48,2
0;6 302;13 356;GRAND ECRAN;19,4;44.495224;4.20018;275460;AUVERGNE / RHONE-ALPES;7189;297;7;0;Zone rurale;14541106;04-Unités urbaines de 100 000 hbts ou plus;1;29;131;-0,5;De 5 à 10 000 entrées;E;JP;R;74;43;0;37;47,7;7,1;8,2;45;25,6
202;1 303;8 938;ASSOCIATION MONTREDONNAISE ART ET CULTURE CINEMATOGRAPHIQUE;18;43.720217;2.323868;275751;OCCITANIE;81182;2036;81;0;Zone rurale;14541106;04-Unités urbaines de 100 000 hbts ou plus;1;20;53;-0,9;Moins de 2000 entrées;NON;;R;26;20;0;50,5;42,8;4,9;1,8;11;16,8
200;1 354;27 745;C'EST DU CINE;29;43.084724;0.571254;275771;OCCITANIE;31390;2863;31;252;Montréjeau;5468;06-autres communes et unités urbaines;1;11;116;-1;Moins de 2000 entrées;E;JP;C;32;18;1;49,5;41,7;6,2;2,6;14;26,4
1139;136 278;16 064;EST ENSEMBLE;0;48.862437;2.442502;276086;ILE-DE-FRANCE;93048;106691;93;851;Paris;10706072;02-Grande Couronne;6;29;4 618;7,5;De 100 à 150 000 entrées;C;RDJPPR;B;317;193;151;#DIV/0!;#DIV/0!;#DIV/0!;#DIV/0!;227;#DIV/0!
200;2 133;137;COMMUNAUTE D AGGLOMERATION DES DEUX BAIES EN MONTREUILLOIS;19;50.461411;1.759867;276221;HAUTS DE FRANCE;62588;2133;62;62201;Montreuil;5014;06-autres communes et unités urbaines;1;13;126;14,6;De 2 à 5 000 entrées;E;JP;C;57;32;0;51,5;34,4;7,2;6,8;35;17,4
195;10 122;35 009;ASSOCIATION CINEMA CANTONAL DE MONTRICHARD;13,1;47.343448;1.182804;276351;CENTRE-VAL DE LOIRE;41151;3837;41;41204;Montrichard;6854;06-autres communes et unités urbaines;1;30;422;-0,7;De 10 à 20 000 entrées;E;JPPR;C;165;115;1;44,6;52,1;3,1;0,2;98;24
315;2 246;58 019;SOCIETE ANONYME COOPERATIVE MONTRICHER ALBANNE COOP;42,1;45.22819;6.404581;276361;AUVERGNE / RHONE-ALPES;73173;477;73;0;Zone rurale;14541106;04-Unités urbaines de 100 000 hbts ou plus;1;19;176;-1;De 2 à 5 000 entrées;NON;;R;69;50;23;39,2;44,4;4,2;12,2;17;44,4
154;8 844;31 061;INSTITUT DE FORMATION D ANIMATION ET DE CONSEIL;43,8;48.813222;2.311441;276554;ILE-DE-FRANCE;92049;48991;92;851;Paris;10706072;02-Grande Couronne;1;25;351;-0,7;De 5 à 10 000 entrées;C;JP;B;75;57;0;63,1;24,2;8,8;4;44;44,1
278;9 753;12 268;VILLE DE MONT SAINT AIGNAN;37,8;49.462477;1.070892;276712;NORMANDIE;76451;19209;76;755;Rouen;467133;04-Unités urbaines de 100 000 hbts ou plus;1;28;477;-0,2;De 5 à 10 000 entrées;C;JPPR;B;95;47;0;57,1;28,7;5,6;8,7;77;47,1
290;1 915;15 306;ASSOCIATION CINEMA LE MAJESTIC;31,2;48.136733;-0.555009;277201;PAYS DE LA LOIRE;53161;2561;53;53101;Montsûrs;2561;06-autres communes et unités urbaines;1;27;115;-0,9;Moins de 2000 entrées;NON;;I;63;49;1;56,1;37,4;5;1,4;15;17,7
291;2 829;344 370;DAVOINE ET COMPAGNIE;20,9;45.62746;6.848058;277331;AUVERGNE / RHONE-ALPES;73176;695;73;0;Zone rurale;14541106;04-Unités urbaines de 100 000 hbts ou plus;2;21;414;-1;De 2 à 5 000 entrées;NON;;R;92;73;5;56,6;29,2;9,2;4,9;33;13,2
441;3 614;2 752;ASSOCIATION CINE LOISIRS;31,2;44.033295;-0.911916;277721;NOUVELLE AQUITAINE;40197;4415;40;40107;Morcenx;4415;06-autres communes et unités urbaines;1;30;337;0,3;De 2 à 5 000 entrées;E;JP;I;122;99;35;50,9;39,9;6,7;2,5;40;26,8
161;6 971;26 414;DEFRANCE GILBERT ALPHONSE ALEXANDRE;48,5;45.676633;5.469622;277851;AUVERGNE / RHONE-ALPES;38261;4364;38;38302;Morestel;16051;06-autres communes et unités urbaines;1;31;347;-0,7;De 5 à 10 000 entrées;E;JP;C;95;79;3;54,2;34,5;3,2;8,2;36;42,6
0;1 640;15 945;FEDERATION DEPARTEMENTALE DES MJC DE LA SOMME;27,1;49.780148;2.47974;277893;HAUTS DE FRANCE;80570;4007;80;80117;Moreuil;4516;06-autres communes et unités urbaines;1;19;76;-0,9;Moins de 2000 entrées;E;;C;37;15;0;53,5;35,7;6,9;3,9;20;23,3
308;4 973;61 455;SOCIETE D'EXPLOITATION DE SPECTACLES;56,7;46.523212;6.020616;277940;BOURGOGNE / FRANCHE-COMTE;39368;5391;39;39202;Morez;7715;06-autres communes et unités urbaines;2;25;656;-0,9;De 2 à 5 000 entrées;E;;C;98;75;28;53,3;32;9,6;5;34;56,2
697;23 595;178 103;CINEMAS RIALTO;14,1;48.575673;-3.827938;278231;BRETAGNE;29151;14830;29;29403;Morlaix;25437;05-Unités urbaines de 20 000 à 100 000 hbts;3;29;1 827;-0,9;De 20 à 30 000 entrées;NON;;C;67;47;35;40,5;54,3;3,1;2,1;11;8
146;12 420;24 783;LA SALAMANDRE;75,7;48.589341;-3.817369;278241;BRETAGNE;29151;14830;29;29403;Morlaix;25437;05-Unités urbaines de 20 000 à 100 000 hbts;1;25;527;-0,5;De 10 à 20 000 entrées;D;RDJPPR;C;74;47;11;49,1;28;13,2;9,7;67;63,9
298;12 145;364 942;COMMUNAUTE DE COMMUNES DU PAYS MORNANTAIS;16,9;45.616568;4.675055;278432;AUVERGNE / RHONE-ALPES;69141;5582;69;69205;Mornant;5582;06-autres communes et unités urbaines;1;30;434;-1;De 10 à 20 000 entrées;E;RDJPPR;C;120;80;1;48,5;46,3;3,8;1,4;76;14,1
146;12 740;12 839;AEP ETOILE CINEMA MORTAGNE AU PERCHE;19,3;48.520588;0.545946;278721;NORMANDIE;61293;3929;61;61201;Mortagne-au-Perche;4844;06-autres communes et unités urbaines;1;28;533;0;De 10 à 20 000 entrées;E;RDJPPR;C;124;80;9;58,8;37,5;0,9;2,8;68;25,6
120;5 284;24 450;COMMUNAUTE DE COMMUNES DU VAL DE MORTEAU;32,4;47.056013;6.605836;278802;BOURGOGNE / FRANCHE-COMTE;25411;6849;25;25204;Morteau;9904;06-autres communes et unités urbaines;1;26;380;-0,8;De 5 à 10 000 entrées;NON;;C;53;43;2;49,2;41,5;5,7;3,6;11;24
340;4 740;41 204;MAISON DES JEUNES ET DE LA CULTURE DE MORTEAU;14,6;47.05651;6.604743;278805;BOURGOGNE / FRANCHE-COMTE;25411;6849;25;25204;Morteau;9904;06-autres communes et unités urbaines;1;26;196;-0,9;De 2 à 5 000 entrées;E;;C;51;28;0;40,9;53;4,4;1,7;42;10,3
288;5 045;14 110;BAUCINE;40,8;46.179604;6.706652;279184;AUVERGNE / RHONE-ALPES;74191;2870;74;74114;Morzine;4604;06-autres communes et unités urbaines;1;20;280;-0,6;De 5 à 10 000 entrées;NON;;C;64;50;40;66,1;26,7;6,6;0,5;15;37,4
261;6 405;270 571;CINEMONDE;18;46.190882;6.776907;279192;AUVERGNE / RHONE-ALPES;74191;2870;74;74114;Morzine;4604;06-autres communes et unités urbaines;1;16;211;-1;De 5 à 10 000 entrées;NON;;C;46;34;29;58,2;38,3;1,8;1,7;6;22,2
200;741;135 851;ABC CINEMA SARL;20,2;43.620396;6.969027;279662;PROVENCE-ALPES-COTE D'AZUR;6084;9510;6;6701;Nice;943354;04-Unités urbaines de 100 000 hbts ou plus;1;8;8;-1;Moins de 2000 entrées;NON;;B;8;7;0;47,7;30,7;7,8;13,8;0;13,2
847;80 956;4 226;SARL DES CINEMAS DE LA ROSIERE;73,9;43.617882;6.97286;279663;PROVENCE-ALPES-COTE D'AZUR;6084;9510;6;6701;Nice;943354;04-Unités urbaines de 100 000 hbts ou plus;5;31;3 975;18,2;De 80 à 100 000 entrées;C;RD;B;129;84;61;61,5;19;13,4;6,2;55;79,1
1118;63 309;9 429;CAP  CINEMA MOULINS;16,8;46.56427;3.339458;280653;AUVERGNE / RHONE-ALPES;3190;19697;3;3401;Moulins;38277;05-Unités urbaines de 20 000 à 100 000 hbts;9;31;8 861;5,7;De 50 à 80 000 entrées;D;RDJPPR;C;225;145;98;39,6;52,7;5,3;2,5;95;11,2
238;6 535;106 332;ASSOCIATION GRAND ECRAN;40,7;43.369451;-0.629102;280894;NOUVELLE AQUITAINE;64410;6536;64;64302;Mourenx;14531;06-autres communes et unités urbaines;2;30;1 675;-0,9;De 5 à 10 000 entrées;E;RDJPPR;C;180;138;31;54,6;32,4;7;6;103;34,6
263;4 186;9 142;LES AMIS DU CINEMA;14,1;45.483587;6.527476;281723;AUVERGNE / RHONE-ALPES;73181;3607;73;73110;Moûtiers;4612;06-autres communes et unités urbaines;2;29;540;-0,5;De 2 à 5 000 entrées;E;JP;C;129;98;4;43,5;48,5;5,8;2,2;46;9,3
200;10 947;18 859;CINE LIGUE CHAMPAGNE ARDENNE;82;49.582217;5.079352;282092;GRAND EST;8311;2356;8;8102;Mouzon;2356;06-autres communes et unités urbaines;1;29;268;-0,4;De 10 à 20 000 entrées;E;JP;I;41;16;0;56;20,1;16,6;7,3;26;81,6
192;3 418;10 942;ASSOCIATION ENTRACTE;20,4;43.750527;-0.749807;282411;NOUVELLE AQUITAINE;40201;1456;40;0;Zone rurale;14541106;04-Unités urbaines de 100 000 hbts ou plus;1;27;316;-0,7;De 2 à 5 000 entrées;E;RDJP;R;126;94;3;51,4;40,4;6,7;1,4;71;21
126;14 071;2 685;CINEMA BEL AIR DE MULHOUSE;11,1;47.733763;7.30706;282583;GRAND EST;68224;110370;68;68701;Mulhouse;246511;04-Unités urbaines de 100 000 hbts ou plus;1;30;878;4,2;De 10 à 20 000 entrées;A;RDJPPR;C;105;55;28;36,6;53,6;9,8;0;88;9,2
4533;143 700;14 576;KINEPOLIS MULHOUSE;26,4;47.760377;7.351564;282631;GRAND EST;68224;110370;68;68701;Mulhouse;246511;04-Unités urbaines de 100 000 hbts ou plus;14;31;11 065;8,9;De 100 à 150 000 entrées;NON;;C;268;135;131;44,5;43;11,4;1,1;59;16,7
854;37 678;21 412;CINEZEPHYR MULHOUSE;19,1;47.755602;7.334726;282651;GRAND EST;68224;110370;68;68701;Mulhouse;246511;04-Unités urbaines de 100 000 hbts ou plus;8;30;7 609;0,8;De 30 à 40 000 entrées;NON;;C;117;88;81;52;39,9;5,5;2,6;52;13,2
247;8 409;1 191;SARL CINEMA FLORIVAL;18,9;48.03997;7.14025;282842;GRAND EST;68226;4603;68;68302;Munster;11780;06-autres communes et unités urbaines;1;28;291;6,1;De 5 à 10 000 entrées;E;JP;C;94;67;0;44;43,7;5,3;7;46;23,5
252;1 082;34 252;SYNDICAT MIXTE POLE RIED BRUN COLLEGE DE FORTSCHWIHR;17,2;48.101851;7.468382;282860;GRAND EST;68227;1192;68;0;Zone rurale;14541106;04-Unités urbaines de 100 000 hbts ou plus;1;11;15;-1;Moins de 2000 entrées;NON;;R;12;4;0;47,5;25,6;18,5;8,4;5;36,2
100;3 754;23 806;VILLE DE MURAT;18,7;45.110108;2.86664;282922;AUVERGNE / RHONE-ALPES;15138;1951;15;15101;Murat;1951;06-autres communes et unités urbaines;1;28;308;-0,8;De 2 à 5 000 entrées;E;JP;I;108;89;0;57,7;38;3,5;0,7;50;15,7
94;906;116 015;VILLE DE MUR DE BARREZ;17,1;44.844783;2.659612;282999;OCCITANIE;12164;785;12;0;Zone rurale;14541106;04-Unités urbaines de 100 000 hbts ou plus;1;30;87;-1;Moins de 2000 entrées;E;;R;82;64;0;36,5;56,8;4,2;2,5;40;9,3
360;13 181;30 063;ASSOCIATION DE DIFFUSION CULTURELLE DES MUREAUX;15,1;48.993874;1.910246;283043;ILE-DE-FRANCE;78440;32048;78;851;Paris;10706072;03-Petite couronne;2;31;1 251;-0,6;De 10 à 20 000 entrées;C;JP;B;133;99;10;45,6;46,4;4,7;3,4;55;12,7
508;12 893;49 858;LA MURE CINEMA THEATRE;27,9;44.901927;5.786028;283051;AUVERGNE / RHONE-ALPES;38269;4992;38;38204;La Mure;6587;06-autres communes et unités urbaines;2;30;957;-0,7;De 10 à 20 000 entrées;E;RDJPPR;C;153;103;2;69,9;24,8;3,2;2,1;73;35,2
1041;154 791;2 780;VEO-MURET;40,3;43.465865;1.326927;283105;OCCITANIE;31395;25264;31;31701;Toulouse;948433;04-Unités urbaines de 100 000 hbts ou plus;8;31;6 164;54,7;De 150 à 200 000 entrées;C;RDJPPR;B;249;130;89;62,5;25;9,8;2,7;129;41,9
141;4 644;5 652;VILLE DE MUSSIDAN;15,3;45.034377;0.364624;283412;NOUVELLE AQUITAINE;24299;2730;24;24204;Mussidan;7146;06-autres communes et unités urbaines;1;31;350;-0,2;De 2 à 5 000 entrées;E;JP;C;98;76;0;38,5;54,2;5,3;1,9;41;10,7
226;2 078;38 780;VILLE DE MUTZIG;33,4;48.536154;7.453136;283523;GRAND EST;67313;5926;67;67401;Molsheim;26662;05-Unités urbaines de 20 000 à 100 000 hbts;1;28;133;-0,9;De 2 à 5 000 entrées;D;;C;86;61;2;39,3;43,6;12,2;4,8;59;38
186;4 505;10 187;ASSOCIATION GROUPE JEANNE D'ARC;88,1;47.555803;-2.484734;283551;BRETAGNE;56143;4988;56;56116;Muzillac;4988;06-autres communes et unités urbaines;1;30;197;-0,6;De 2 à 5 000 entrées;E;;I;104;92;3;68,2;5,9;17,8;8,2;31;87,9
1046;69 423;359 848;PARAFRANCE COMMUNICATION;79,3;48.689694;6.178976;284111;GRAND EST;54395;105162;54;54701;Nancy;285659;04-Unités urbaines de 100 000 hbts ou plus;8;31;6 555;-0,8;De 50 à 80 000 entrées;NON;;C;183;71;70;35,4;33,3;14,5;16,8;83;83,8
1062;53 317;12 709;UGC SAS;20,4;48.689045;6.178729;284113;GRAND EST;54395;105162;54;54701;Nancy;285659;04-Unités urbaines de 100 000 hbts ou plus;4;31;3 236;3,2;De 50 à 80 000 entrées;A;RDJPPR;C;133;111;82;31,4;57,1;8,4;3,1;105;12,5
450;49 885;1 446 162;EOLE CINE;35,2;48.687007;6.172177;284121;GRAND EST;54395;105162;54;54701;Nancy;285659;04-Unités urbaines de 100 000 hbts ou plus;4;31;3 184;-1;De 40 à 50 000 entrées;A;RDJPPR;C;170;111;71;67,8;22,4;6,6;3,2;145;43
163;20;52 972;ASSOCIATION LORRAINE DE FORMATION ET DE RECHERCHE EN ACTION SOCI;23,1;48.704545;6.157804;284155;GRAND EST;54395;105162;54;54701;Nancy;285659;04-Unités urbaines de 100 000 hbts ou plus;1;1;1;-1;Moins de 2000 entrées;NON;;C;1;0;0;54,9;38,7;2;4,4;1;20,5
2644;181 614;3 864;KINEPOLIS NANCY;57,1;48.691512;6.195241;284207;GRAND EST;54395;105162;54;54701;Nancy;285659;04-Unités urbaines de 100 000 hbts ou plus;10;31;8 200;46;De 150 à 200 000 entrées;NON;;C;211;105;103;50,7;41,6;1,3;6,4;34;70,6
132;3 498;207 421;COMMUNE DE NANGIS;15,4;48.555127;3.0133;284362;ILE-DE-FRANCE;77327;8593;77;77208;Nangis;8593;03-Petite couronne;1;22;265;-1;De 2 à 5 000 entrées;E;JPPR;I;66;42;0;65,4;27,1;5;2,5;32;17,7
660;47 768;579 921;SOCIETE D ECO MIXTE D AMENAGEMENT GESTION DE LA VILLE DE NANTERR;24,2;48.892601;2.195729;284490;ILE-DE-FRANCE;92050;93742;92;851;Paris;10706072;02-Grande Couronne;4;31;3 828;-0,9;De 40 à 50 000 entrées;C;RDJPPR;B;174;94;68;58;31,1;8,6;2,3;104;29,7
1525;9 297;11 493;CAP CINEMA NANTERRE;17,1;48.900167;2.21295;284502;ILE-DE-FRANCE;92050;93742;92;851;Paris;10706072;02-Grande Couronne;10;23;6 312;-0,2;De 5 à 10 000 entrées;NON;;B;104;78;60;43,9;49;4,8;2,3;19;16,1
1875;109 024;1 127 325;GAUMONT;39,3;47.213357;-1.558244;284613;PAYS DE LA LOIRE;44109;303382;44;44701;Nantes;633690;04-Unités urbaines de 100 000 hbts ou plus;12;11;4 963;-0,9;De 100 à 150 000 entrées;NON;;C;78;45;41;70;8,6;16,7;4,7;30;47,7
881;124 755;19 039;SOCIETE K;18,9;47.213603;-1.562528;284631;PAYS DE LA LOIRE;44109;303382;44;44701;Nantes;633690;04-Unités urbaines de 100 000 hbts ou plus;6;31;5 395;5,6;De 100 à 150 000 entrées;A;RDJPPR;C;185;113;106;58,5;31;9,2;1,2;127;21,5
287;50 780;7 725;CLOCHARD GERARD JACQUES;12,7;47.21118;-1.586751;284662;PAYS DE LA LOIRE;44109;303382;44;44701;Nantes;633690;04-Unités urbaines de 100 000 hbts ou plus;4;28;3 167;5,6;De 50 à 80 000 entrées;A;RDJP;C;200;139;47;38,1;55,4;4;2,5;149;7,5
341;9 177;2 493;ASSOCIATION SPORTIVE ET CULTURELLE BONNE GARDE;20,2;47.195308;-1.538372;284694;PAYS DE LA LOIRE;44109;303382;44;44701;Nantes;633690;04-Unités urbaines de 100 000 hbts ou plus;1;30;303;2,7;De 5 à 10 000 entrées;A;RDJPPR;C;159;94;0;50,2;43,4;4,7;1,8;105;13,2
162;26 031;513 406;LE CINEMATOGRAPHE CINE-NANTES LOIRE-ATLANTIQUE;37,3;47.216901;-1.551545;284747;PAYS DE LA LOIRE;44109;303382;44;44701;Nantes;633690;04-Unités urbaines de 100 000 hbts ou plus;1;31;673;-0,9;De 20 à 30 000 entrées;A;RDJPPR;C;191;8;5;63,1;26,9;7,6;2,5;166;35,2
298;9 056;177 351;P SERIGNAT ET COMPAGNIE;9,5;46.153678;5.603874;285872;AUVERGNE / RHONE-ALPES;1269;3525;1;1123;Nantua;4160;06-autres communes et unités urbaines;1;30;688;-0,9;De 5 à 10 000 entrées;E;RDJPPR;C;170;122;2;74,7;21,7;3,5;0,1;95;15,8
1258;95 690;31 122;SOCIETE NARBONNAISE DE SPECTACLES;30,6;43.163076;2.984491;285966;OCCITANIE;11262;53462;11;11502;Narbonne;53462;05-Unités urbaines de 20 000 à 100 000 hbts;9;31;9 063;2,1;De 80 à 100 000 entrées;NON;;I;132;95;93;52,6;44,1;2,2;1,2;20;28,7
260;12 872;25 645;REGAIN;15,7;43.180232;3.014167;285975;OCCITANIE;11262;53462;11;11502;Narbonne;53462;05-Unités urbaines de 20 000 à 100 000 hbts;1;25;324;-0,5;De 10 à 20 000 entrées;D;RDJP;I;98;55;9;42,3;42,7;9,4;5,6;78;15,7
507;8 467;84 033;LES MELIES;32,9;48.265654;2.695374;286831;ILE-DE-FRANCE;77333;13358;77;77401;Nemours;21380;03-Petite couronne;3;26;1 098;-0,9;De 5 à 10 000 entrées;NON;;C;85;47;18;59,2;34;4,9;1,9;38;31,5
236;4 673;746 279;ASSOCIATION POUR LA PROMOTION DU CINEMA EN ALBRET;79,5;44.13533;0.339366;286912;NOUVELLE AQUITAINE;47195;6969;47;47301;Nérac;11723;06-autres communes et unités urbaines;1;27;238;-1;De 2 à 5 000 entrées;E;JPPR;C;89;62;1;58,6;24,5;9,6;7,4;45;86,7
405;15 258;19 331;ASSOCIATION REXY SIRIUS;14,4;49.148993;0.902155;287391;NORMANDIE;27428;4099;27;27201;Le Neubourg;5244;06-autres communes et unités urbaines;1;31;643;-0,2;De 10 à 20 000 entrées;NON;;C;88;63;27;40,5;53,4;5,8;0,4;30;13,3
385;32 036;264 461;LES ECRANS DE NEUFCHATEAU;21,1;48.353974;5.695801;287452;GRAND EST;88321;6615;88;88204;Neufchâteau;6615;06-autres communes et unités urbaines;3;31;2 105;-0,9;De 30 à 40 000 entrées;E;;I;132;100;73;35,2;52,2;9,5;3,1;54;17,3
332;7 309;668 994;LES AMIS DU CINEMA 2001-2002;89,3;50.632496;1.578876;287462;HAUTS DE FRANCE;62604;3750;62;62207;Neufchâtel-Hardelot;7249;06-autres communes et unités urbaines;2;28;760;-1;De 5 à 10 000 entrées;NON;;C;55;47;15;45,1;17,8;9,5;27,5;10;94,4
227;8 063;53 510;ASSOCIATION CINE POUR TOUS;69,2;49.730796;1.442643;287472;NORMANDIE;76462;4728;76;76203;Neufchâtel-en-Bray;5179;06-autres communes et unités urbaines;1;30;296;-0,8;De 5 à 10 000 entrées;E;;C;99;72;0;58,5;21,3;14,4;5,8;36;79,3
146;8 289;6 652;VILLE DE NEUILLY  PLAISANCE;16,9;48.87311;2.510505;288024;ILE-DE-FRANCE;93049;21165;93;851;Paris;10706072;02-Grande Couronne;1;27;597;0,2;De 5 à 10 000 entrées;C;JPPR;B;118;81;1;44;48,6;6;1,4;70;15,5
500;25 736;8 888;PARAFRANCE COMMUNICATION;35,4;48.885364;2.268222;288151;ILE-DE-FRANCE;92051;60910;92;851;Paris;10706072;02-Grande Couronne;2;31;1 339;1,9;De 20 à 30 000 entrées;NON;;B;75;47;19;55,6;24,6;11,9;7,9;38;37,7
100;12 666;3 540;AGENCE POUR DEVELOPPEMENT ACTIVITES TOURISTIQUES ET CULTURELLES;19,1;47.940501;2.182716;288291;CENTRE-VAL DE LOIRE;45142;3691;45;45202;Fay-aux-Loges;6432;06-autres communes et unités urbaines;1;26;511;2,6;De 10 à 20 000 entrées;E;JPPR;C;50;28;0;40,5;52;5,3;2,2;27;10,4
144;2 356;83 022;LE PRE BOURGES;29,9;45.38274;2.272379;288571;NOUVELLE AQUITAINE;19148;1689;19;0;Zone rurale;14541106;04-Unités urbaines de 100 000 hbts ou plus;1;30;202;-1;De 2 à 5 000 entrées;E;;R;138;95;0;54,8;36,1;4,3;4,8;61;19,4
134;4 077;11 168;ASSOCIATION RENCONTRES CULTURELLES;38,2;46.68787;0.246293;288922;NOUVELLE AQUITAINE;86177;5352;86;86115;Neuville-de-Poitou;5352;06-autres communes et unités urbaines;1;22;120;-0,6;De 2 à 5 000 entrées;E;;I;50;34;0;56,3;25,7;2,1;15,9;25;50,1
269;13 665;665 690;REX CINEMA;77,6;45.87473;4.841744;289344;AUVERGNE / RHONE-ALPES;69143;7376;69;758;Lyon;1639558;04-Unités urbaines de 100 000 hbts ou plus;2;30;992;-1;De 10 à 20 000 entrées;C;JP;B;84;61;20;61,7;15,2;13,6;9,5;36;73,8
1816;98 346;7 683;ETABLISSEMENTS IMBERDIS;4,4;46.989632;3.150328;289783;BOURGOGNE / FRANCHE-COMTE;58194;34228;58;58501;Nevers;58395;05-Unités urbaines de 20 000 à 100 000 hbts;10;30;7 993;11,8;De 80 à 100 000 entrées;D;RDJP;C;213;133;102;35,7;62,6;1,7;0;93;2,9
703;39 934;221 527;CINEMA RIALTO;50,2;43.696032;7.258586;290022;PROVENCE-ALPES-COTE D'AZUR;6088;342522;6;6701;Nice;943354;04-Unités urbaines de 100 000 hbts ou plus;5;30;5 139;-0,8;De 30 à 40 000 entrées;A;RD;C;105;84;79;68,6;16,8;9;5,6;87;49,2
1108;36 562;37 138;CINEMA CASINO DES VARIETES;25,2;43.699902;7.26609;290032;PROVENCE-ALPES-COTE D'AZUR;6088;342522;6;6701;Nice;943354;04-Unités urbaines de 100 000 hbts ou plus;7;30;6 979;0;De 30 à 40 000 entrées;NON;;C;100;82;76;57,1;34,8;3,5;4,6;23;26,5
1366;101 738;21 362;PATHE NICE;33,6;43.702059;7.266941;290044;PROVENCE-ALPES-COTE D'AZUR;6088;342522;6;6701;Nice;943354;04-Unités urbaines de 100 000 hbts ou plus;7;31;6 566;3,8;De 100 à 150 000 entrées;NON;;C;123;94;81;55,2;34,8;6,5;3,4;59;32,5
149;1 878;358 583;ESPACE MAGNAN;27,2;43.692782;7.245773;290063;PROVENCE-ALPES-COTE D'AZUR;6088;342522;6;6701;Nice;943354;04-Unités urbaines de 100 000 hbts ou plus;1;11;33;-1;Moins de 2000 entrées;NON;;C;12;3;0;46,4;50,5;2,8;0,3;11;23,4
154;27 523;870 703;DEPARTEMENT DES ALPES MARITIMES;37,2;43.700772;7.280789;290093;PROVENCE-ALPES-COTE D'AZUR;6088;342522;6;6701;Nice;943354;04-Unités urbaines de 100 000 hbts ou plus;3;25;2 069;-1;De 20 à 30 000 entrées;A;RDJP;C;217;144;29;58,9;29,3;6,4;5,4;152;30,7
2816;223 424;215 346;EUROPALACES NICE BOULOGNE;34,4;43.671643;7.203332;290191;PROVENCE-ALPES-COTE D'AZUR;6088;342522;6;6701;Nice;943354;04-Unités urbaines de 100 000 hbts ou plus;13;31;12 330;0;De 200 à 300 000 entrées;NON;;C;176;104;103;52,4;35,1;5,3;7,2;29;23,5
1537;188 260;35 862;PATHE NICE GARE DU SUD;19,9;43.709724;7.261413;290388;PROVENCE-ALPES-COTE D'AZUR;6088;342522;6;6701;Nice;943354;04-Unités urbaines de 100 000 hbts ou plus;9;31;8 659;4,2;De 150 à 200 000 entrées;NON;;C;136;91;74;42,4;44,8;10,7;2,1;37;16,2
571;89 652;21 390;LE SEMAPHORE;84;43.833909;4.357425;290975;OCCITANIE;30189;150672;30;30601;Nîmes;184750;04-Unités urbaines de 100 000 hbts ou plus;6;31;5 700;3,2;De 80 à 100 000 entrées;B;RDJPPR;C;250;135;126;58,7;20,1;13,8;7,3;190;79,8
2928;173 839;568 862;FORUM KINEPOLIS;55,6;43.814338;4.367462;291014;OCCITANIE;30189;150672;30;30601;Nîmes;184750;04-Unités urbaines de 100 000 hbts ou plus;12;31;10 090;-0,7;De 150 à 200 000 entrées;NON;;C;231;110;110;54,4;18,8;20,4;6,4;36;58
1604;69 534;13 589;CAP  CINEMA NIMES;68,3;43.856426;4.403645;291027;OCCITANIE;30189;150672;30;30601;Nîmes;184750;04-Unités urbaines de 100 000 hbts ou plus;10;31;10 092;4,1;De 50 à 80 000 entrées;NON;;C;135;97;94;58,5;26,1;11,3;4,2;24;69,3
893;15 883;49 435;LE MOULIN DU ROC SCENE NATIONALE A NIORT;15,3;46.326112;-0.468239;291114;NOUVELLE AQUITAINE;79191;58952;79;79501;Niort;72991;05-Unités urbaines de 20 000 à 100 000 hbts;2;18;576;-0,7;De 10 à 20 000 entrées;D;RDJPPR;C;60;31;15;34,4;63;0;2,6;57;14
2021;133 081;31 795;HELLUCHA;26,7;46.337524;-0.481854;291144;NOUVELLE AQUITAINE;79191;58952;79;79501;Niort;72991;05-Unités urbaines de 20 000 à 100 000 hbts;12;31;12 135;3,2;De 100 à 150 000 entrées;NON;;C;177;127;123;53,4;42,7;3,2;0,6;41;22,1
296;4 583;5 433;CULTURE LOISIRS ANIMATION NOGARO;57,1;43.758956;-0.034329;291731;OCCITANIE;32296;1980;32;0;Zone rurale;14541106;04-Unités urbaines de 100 000 hbts ou plus;1;28;169;-0,2;De 2 à 5 000 entrées;E;JP;R;137;108;12;72,5;15,1;9,2;3,2;66;57
481;21 954;11 031;IMAGE A L'APPUI;21,7;48.322377;0.818153;291822;CENTRE-VAL DE LOIRE;28280;9956;28;28301;Nogent-le-Rotrou;11158;06-autres communes et unités urbaines;3;31;1 556;1;De 20 à 30 000 entrées;E;RDJPPR;C;129;86;41;56,6;39,7;2,4;1,4;65;13,1
815;75 389;15 161;UGC;21,9;48.838331;2.489437;291891;ILE-DE-FRANCE;94052;31550;94;851;Paris;10706072;02-Grande Couronne;6;31;5 317;4;De 50 à 80 000 entrées;C;RDJP;B;203;143;112;33,7;53,8;10,1;2,5;109;15,8
228;7 976;17 359;OFFICE DE GESTION D'EQUIPEMENTS CULTURELS DE NOGENT-SUR-SEINE;18,9;48.489946;3.505014;291964;GRAND EST;10268;5965;10;10202;Nogent-sur-Seine;5965;06-autres communes et unités urbaines;2;31;824;-0,5;De 5 à 10 000 entrées;E;JP;I;131;110;25;37;52,1;8,3;2,6;48;13,7
181;3 023;14 888;ASS EDUCA POPUL ARTS THEATRE NOIRETABL;48,7;45.8173155;3.7672235;292201;AUVERGNE / RHONE-ALPES;42159;1611;42;0;Zone rurale;14541106;04-Unités urbaines de 100 000 hbts ou plus;1;27;112;-0,8;De 2 à 5 000 entrées;NON;;R;43;30;0;72,4;9;17,1;1,4;13;67,4
500;18 130;4 128;CINEMAS MIMOSAS;25,9;47.004998;-2.240623;292231;PAYS DE LA LOIRE;85163;4666;85;85131;Noirmoutier-en-l'Île;4666;06-autres communes et unités urbaines;2;31;800;3,4;De 10 à 20 000 entrées;E;;I;116;92;39;53,4;37;7,7;1,9;44;26
386;22 615;42 324;LA FERME DU BUISSON;0;48.84468;2.624254;292341;ILE-DE-FRANCE;77337;15627;77;851;Paris;10706072;03-Petite couronne;2;30;1 484;-0,5;De 20 à 30 000 entrées;C;RDJPPR;B;148;96;13;94,2;0;5,8;0;103;0
1797;125 161;10 101;UGC SAS;37,1;48.840097;2.547002;292374;ILE-DE-FRANCE;93051;66213;93;851;Paris;10706072;02-Grande Couronne;10;31;8 979;11,4;De 100 à 150 000 entrées;NON;;B;194;99;99;68,5;23,6;4,4;3,5;79;48,5
416;47 265;35 411;COMMUNE DE NOISY LE GRAND;32,9;48.849023;2.552482;292377;ILE-DE-FRANCE;93051;66213;93;851;Paris;10706072;02-Grande Couronne;3;30;2 661;0,3;De 40 à 50 000 entrées;C;RDJPPR;B;164;81;43;58,1;29,1;6,2;6,7;116;28,7
169;7 997;675 803;VILLE DE NONTRON;32,5;45.523215;0.659963;292782;NOUVELLE AQUITAINE;24311;3121;24;24109;Nontron;3923;06-autres communes et unités urbaines;1;30;492;-1;De 5 à 10 000 entrées;E;JP;C;156;104;2;56,7;33,1;2,6;7,6;88;28
230;6 635;63 222;ASSOCIATION CINEMA PARADISO;35,3;47.441735;-1.502661;293121;PAYS DE LA LOIRE;44110;8539;44;44209;Nort-sur-Erdre;8539;06-autres communes et unités urbaines;1;30;201;-0,9;De 5 à 10 000 entrées;E;JP;I;101;76;0;49,5;34,8;4,5;11,2;44;32,5
657;10 827;8 162;ASSOCIATION GRAVENCHONNAISE POUR L'ANIMATION CULTURELLE;29,7;49.491272;0.575902;293392;NORMANDIE;76476;9743;76;76402;Lillebonne;21641;05-Unités urbaines de 20 000 à 100 000 hbts;3;29;1 114;0,3;De 10 à 20 000 entrées;NON;;C;105;83;20;54,7;39,6;2,8;2,9;42;26,9
400;1 907;410 627;PATRONAGE NOTRE DAME DE MONTS;11,1;46.829294;-2.137105;293531;PAYS DE LA LOIRE;85164;2029;85;85301;Saint-Jean-de-Monts;12838;06-autres communes et unités urbaines;1;19;218;-1;Moins de 2000 entrées;NON;;B;68;57;3;34,8;58,5;6,8;0;24;4,5
500;633;14 973;CINE-OFF;21,5;47.448213;0.694335;293630;CENTRE-VAL DE LOIRE;37172;4045;37;37701;Tours;353042;04-Unités urbaines de 100 000 hbts ou plus;1;7;9;-1;Moins de 2000 entrées;NON;;B;8;5;0;54,3;36,9;5,7;3;3;21,7
200;2 056;14 990;UNION POUR LA CULTURE POPULAIRE SOLOGNE;30,7;47.535458;2.042446;293801;CENTRE-VAL DE LOIRE;41161;2330;41;41104;Nouan-le-Fuzelier;2330;06-autres communes et unités urbaines;1;11;63;-0,9;De 2 à 5 000 entrées;NON;;I;5;2;0;62,1;30,6;5,4;1,8;1;28,8
161;1 647;55 119;LE CINOCHE;33,3;43.875599;4.9035;294314;PROVENCE-ALPES-COTE D'AZUR;13066;5761;13;754;Avignon;456042;04-Unités urbaines de 100 000 hbts ou plus;1;25;87;-1;Moins de 2000 entrées;NON;;B;83;49;0;43,2;43;9,9;3,8;39;24
643;39 288;44 760;NOUVEAU CINEMA LE PARADISIO;22,6;49.579959;3.008971;294861;HAUTS DE FRANCE;60471;13883;60;60304;Noyon;15867;06-autres communes et unités urbaines;4;31;3 314;-0,1;De 30 à 40 000 entrées;E;RDJP;C;163;125;81;54,7;37,6;4,3;3,5;66;21,3
210;9 307;91 739;CINEMA LE NOZEK;31,4;47.565293;-1.628355;294891;PAYS DE LA LOIRE;44113;4087;44;44110;Nozay;4087;06-autres communes et unités urbaines;1;31;288;-0,9;De 5 à 10 000 entrées;E;JP;I;139;114;1;46,7;46,7;2,9;3,6;65;18,1
252;2 760;306 363;MAISON DES JEUNES ET DE LA CULTURE DE NUITS SAINT GEORGES;44,2;47.135748;4.94934;295122;BOURGOGNE / FRANCHE-COMTE;21464;5552;21;21204;Nuits-Saint-Georges;6003;06-autres communes et unités urbaines;1;11;196;-1;De 2 à 5 000 entrées;E;JP;C;35;24;7;58,9;25,4;12,3;3,4;14;35,3
284;21 881;16 013;REGAIN;27,5;44.360368;5.13899;295254;AUVERGNE / RHONE-ALPES;26220;6690;26;26202;Nyons;6690;06-autres communes et unités urbaines;2;30;1 264;0,4;De 20 à 30 000 entrées;E;RDJPPR;I;238;184;16;55,1;36,4;6,5;2;146;23,8
173;5 067;217 845;ASSOCIATION CULTURELLE D'OBERNAI - ESPACE ATHIC;80,9;48.462351;7.479092;295493;GRAND EST;67348;10751;67;67303;Obernai;12211;06-autres communes et unités urbaines;1;29;307;-1;De 5 à 10 000 entrées;E;JPPR;C;126;84;1;57,4;9,2;11,1;22,3;73;83,5
198;4 940;3 689;VILLE D'OISSEL;79,8;49.339471;1.08919;296615;NORMANDIE;76484;11355;76;755;Rouen;467133;04-Unités urbaines de 100 000 hbts ou plus;1;20;142;0,3;De 2 à 5 000 entrées;C;;B;83;53;0;55,9;4,4;19,5;20,3;50;89,9
100;723;65 724;ASSOCIATION L'IMAGE BUISSONNIERE;34,5;44.807704;4.628561;296921;AUVERGNE / RHONE-ALPES;7167;970;7;0;Zone rurale;14541106;04-Unités urbaines de 100 000 hbts ou plus;1;22;39;-1;Moins de 2000 entrées;NON;;R;17;10;0;48;39,1;10,3;2,6;10;33,6
429;16 580;3 512;B ET R LAHADERNE;41,7;43.192296;-0.613402;297122;NOUVELLE AQUITAINE;64422;10818;64;64303;Oloron-Sainte-Marie;17065;06-autres communes et unités urbaines;3;31;1 896;3,7;De 10 à 20 000 entrées;E;RDJPPR;C;131;92;39;63,4;20,5;8,4;7,7;68;39,6
150;13 871;190 426;CENTRE DEPARTEMENTAL DE PROMOTION DU CINEMA;41,3;46.174778;6.496059;297601;AUVERGNE / RHONE-ALPES;74205;1260;74;0;Zone rurale;14541106;04-Unités urbaines de 100 000 hbts ou plus;1;31;350;-0,9;De 10 à 20 000 entrées;E;RDJPPR;R;153;86;0;77,9;15,1;2,3;4,7;91;44
283;15 081;770 211;CINE FORUM;36,3;44.137785;4.809487;297871;PROVENCE-ALPES-COTE D'AZUR;84087;29561;84;754;Avignon;456042;04-Unités urbaines de 100 000 hbts ou plus;3;22;1 724;-1;De 10 à 20 000 entrées;NON;;B;95;67;37;56,3;34,1;4,8;4,8;39;39,9
186;2 492;2 178;CERCLE DES LOISIRS CULTURELS DU VAL D ORBEY;29,1;48.125889;7.163437;297962;GRAND EST;68249;3576;68;68116;Orbey;3576;06-autres communes et unités urbaines;1;23;99;0,1;De 2 à 5 000 entrées;E;;I;62;46;0;62,5;30,4;5,2;1,8;21;22,3
244;5 600;28 062;CINE GUIL;28,7;44.708057;6.341919;298142;PROVENCE-ALPES-COTE D'AZUR;5096;715;5;0;Zone rurale;14541106;04-Unités urbaines de 100 000 hbts ou plus;2;20;730;-0,8;De 5 à 10 000 entrées;NON;;R;64;50;19;83,8;14,1;2,2;0;18;32,1
772;71 758;54 863;EDEN CARMES;41,2;47.901533;1.900955;298831;CENTRE-VAL DE LOIRE;45234;114644;45;45701;Orléans;278131;04-Unités urbaines de 100 000 hbts ou plus;4;31;4 420;0,3;De 50 à 80 000 entrées;A;RDJPPR;C;282;145;242;64,9;25;4;6,1;213;27,1
2309;184 953;59 497;MARTROI;35,8;47.89856839999999;1.9088173000000097;298834;CENTRE-VAL DE LOIRE;45234;114644;45;45701;Orléans;278131;04-Unités urbaines de 100 000 hbts ou plus;12;31;10 740;2,1;De 150 à 200 000 entrées;NON;;C;175;105;101;64,7;20,9;6,3;8,1;51;39,2
388;7 287;27 575;VILLE D'ORLY;12,5;48.742445;2.395558;298964;ILE-DE-FRANCE;94054;23272;94;851;Paris;10706072;02-Grande Couronne;1;29;275;-0,7;De 5 à 10 000 entrées;NON;;B;92;56;0;80,4;18,2;1,5;0;42;16,3
358;1 951;78 453;VILLE D'ORMESSON SUR MARNE;36,1;48.786098;2.544935;299122;ILE-DE-FRANCE;94055;10161;94;851;Paris;10706072;02-Grande Couronne;1;7;24;-1;Moins de 2000 entrées;NON;;B;12;0;0;67,6;24,5;5,2;2,6;8;35,7
153;6 372;38 609;VILLE D'ORNANS;79,9;47.106949;6.144394;299281;BOURGOGNE / FRANCHE-COMTE;25434;4357;25;25110;Ornans;4357;06-autres communes et unités urbaines;1;31;670;-0,8;De 5 à 10 000 entrées;NON;;I;89;76;7;72,1;5,8;9,8;12,4;32;82
255;6 429;8 151;CINEMAS G LAMIC;21,1;44.493107;6.556982;299451;PROVENCE-ALPES-COTE D'AZUR;5098;569;5;0;Zone rurale;14541106;04-Unités urbaines de 100 000 hbts ou plus;1;21;188;-0,2;De 5 à 10 000 entrées;NON;;R;68;57;28;39,4;52,4;6,1;2,1;13;13,6
186;2 581;7 550;LA JEANNE D'ARC;33,4;49.130553;2.511848;299511;HAUTS DE FRANCE;60482;3384;60;60204;Orry-la-Ville;6328;06-autres communes et unités urbaines;1;27;119;-0,7;De 2 à 5 000 entrées;NON;;C;34;20;0;55,4;35,4;6,3;2,9;16;23,7
339;24 630;27 846;ASSOCIATION MJC MAISON DES JEUNES ET DE LA CULTURE D' ORSAY;44,9;48.698781;2.189727;299572;ILE-DE-FRANCE;91471;16530;91;851;Paris;10706072;03-Petite couronne;3;31;2 007;-0,1;De 20 à 30 000 entrées;C;RDJPPR;B;181;106;33;78,4;14,4;5;2,2;129;38
299;13 303;22 314;ASSOCIATION AMICALE LAIQUE ORTHEZIENNE;31,9;43.487215;-0.777436;299685;NOUVELLE AQUITAINE;64430;10672;64;64301;Orthez;12917;06-autres communes et unités urbaines;2;28;657;-0,4;De 10 à 20 000 entrées;E;RDJPPR;C;142;88;4;62,6;28,2;3,4;5,8;84;37,5
255;3 560;4 009;SYNDICAT INTERCOMMUNAL POUR LA VALORISA DU PATRIMOINE CERDAN;48,6;42.4151068;1.9811399999999821;300171;OCCITANIE;66130;1328;66;0;Zone rurale;14541106;04-Unités urbaines de 100 000 hbts ou plus;1;28;143;-0,1;De 2 à 5 000 entrées;E;;R;87;71;0;74,8;14,2;8,6;2,4;32;50,8
352;17 956;22 585;ASSOCIATION CINEMA LE CABIEU;60,1;49.276964;-0.256313;300801;NORMANDIE;14488;9177;14;14206;Ouistreham;9177;06-autres communes et unités urbaines;1;30;611;-0,2;De 10 à 20 000 entrées;E;JPPR;I;123;95;14;58,3;21,1;11,7;8,8;58;64,2
164;6 493;23 493;COMMUNE D OYONNAX;54,5;46.255796;5.651795;301624;AUVERGNE / RHONE-ALPES;1283;22392;1;1401;Oyonnax;33118;05-Unités urbaines de 20 000 à 100 000 hbts;2;27;705;-0,7;De 5 à 10 000 entrées;D;RDJP;C;124;83;24;73,7;18;4,3;4;82;49,7
479;17 707;74 093;COMMUNE D OYONNAX;53,5;46.258908;5.655149;301633;AUVERGNE / RHONE-ALPES;1283;22392;1;1401;Oyonnax;33118;05-Unités urbaines de 20 000 à 100 000 hbts;3;30;1 372;-0,8;De 10 à 20 000 entrées;NON;;C;96;84;57;67;14;14,7;4,2;22;62,9
171;4 589;18 900;ASSOCIATION CINEMA VIDEO PIERRE BRASSEUR;19,9;48.762604;2.664715;301781;ILE-DE-FRANCE;77350;20137;77;851;Paris;10706072;03-Petite couronne;1;30;257;-0,8;De 2 à 5 000 entrées;NON;;B;68;53;0;59,7;34;4;2,2;21;21,1
196;11 133;3 428;ASSOCIATION LA PAIMPOLAISE;100;48.780228;-3.05216;302312;BRETAGNE;22162;7199;22;22303;Paimpol;17817;06-autres communes et unités urbaines;1;30;224;2,2;De 10 à 20 000 entrées;E;;C;112;86;6;0;0;0;100;60;100
234;10 313;17 723;GARLABAN SARL;88,1;47.347212;-3.157897;302453;BRETAGNE;56152;2579;56;56105;Le Palais;2579;06-autres communes et unités urbaines;1;27;432;-0,4;De 10 à 20 000 entrées;E;RDJPPR;I;148;93;20;56,6;10;18,3;15,1;78;91,6
545;53 858;27 321;NORD OUEST EXPLOITATION CINEMAS IDF;45,2;48.71031;2.243459;302485;ILE-DE-FRANCE;91477;33114;91;851;Paris;10706072;03-Petite couronne;4;31;3 004;1;De 50 à 80 000 entrées;C;RDJPPR;B;147;84;45;33,9;29,4;28,6;8,1;83;54,4
212;2 245;586 101;CINE PLAN;19,3;43.527952;3.931577;302596;OCCITANIE;34192;6173;34;34206;Palavas-les-Flots;6173;06-autres communes et unités urbaines;1;23;119;-1;De 2 à 5 000 entrées;NON;;I;32;19;0;44,4;46,7;5,9;3;15;14,3
275;7 583;66 673;TOILES DU TEMPS;47,3;43.116608;1.612993;302933;OCCITANIE;9225;15317;9;9401;Pamiers;26453;05-Unités urbaines de 20 000 à 100 000 hbts;2;31;880;-0,9;De 5 à 10 000 entrées;NON;;C;63;52;29;62,6;8,5;19,8;9,1;15;76,6
148;3 480;75 672;ASSOCIATION CINEMA PANISSIERES;79,6;45.792194;4.341577;303122;AUVERGNE / RHONE-ALPES;42165;2943;42;42101;Panissières;2943;06-autres communes et unités urbaines;1;20;126;-1;De 2 à 5 000 entrées;E;;I;63;49;0;56,5;19,8;15,5;8,3;26;80,4
457;35 802;22 157;VILLE DE PANTIN;76,8;48.89218;2.408907;303281;ILE-DE-FRANCE;93055;55180;93;851;Paris;10706072;02-Grande Couronne;3;29;1 565;0,6;De 30 à 40 000 entrées;C;RDJPPR;B;151;89;32;67,8;14,2;7,7;10,4;122;82,8
314;2 420;19 833;VILLE DE PARAY VIEILLE POSTE;60,2;48.712693;2.363281;303445;ILE-DE-FRANCE;91479;7437;91;851;Paris;10706072;03-Petite couronne;1;26;65;-0,9;De 2 à 5 000 entrées;NON;;B;50;40;0;65,2;17,9;10,6;6,2;18;64,5
513;15 576;21 078;PARAY-LE-MONIAL CULTURE;32,4;46.449057;4.116424;303475;BOURGOGNE / FRANCHE-COMTE;71342;9201;71;71205;Paray-le-Monial;9201;06-autres communes et unités urbaines;3;30;2 105;-0,3;De 10 à 20 000 entrées;NON;;I;135;100;44;53,6;35,3;9,8;1,3;60;31,3
0;1 908;231 578;L' ECRAN DES PINS;30,7;44.349894;-1.064305;303803;NOUVELLE AQUITAINE;40217;5933;40;40109;Parentis-en-Born;5933;06-autres communes et unités urbaines;1;17;42;-1;Moins de 2000 entrées;NON;;I;25;21;0;61,9;32,7;4,4;1;4;26,8
356;11 839;55 598;CINE GATINE;25,3;46.644644;-0.244668;304442;NOUVELLE AQUITAINE;79202;10381;79;79303;Parthenay;18221;06-autres communes et unités urbaines;2;31;812;-0,8;De 10 à 20 000 entrées;E;JPPR;C;145;96;12;62,3;30,6;5;2,1;69;20,3
412;44 080;479 833;ASSOCIATION CINE MA PASSION;21,8;43.301543;-0.372504;305014;NOUVELLE AQUITAINE;64445;77215;64;64601;Pau;197713;04-Unités urbaines de 100 000 hbts ou plus;2;31;1 783;-0,9;De 40 à 50 000 entrées;B;RDJPPR;C;176;86;54;66,3;19,3;1,5;12,8;147;20,8
1148;16 862;11 499;CINEMA SAINT LOUIS;48,6;43.295774;-0.370121;305031;NOUVELLE AQUITAINE;64445;77215;64;64601;Pau;197713;04-Unités urbaines de 100 000 hbts ou plus;7;22;3 536;0,5;De 10 à 20 000 entrées;NON;;C;114;97;75;60,7;25,2;11,1;3,1;66;48,9
2474;106 874;129 014;LUMONPAU;57,4;43.302981;-0.369831;305041;NOUVELLE AQUITAINE;64445;77215;64;64601;Pau;197713;04-Unités urbaines de 100 000 hbts ou plus;12;31;12 097;-0,2;De 100 à 150 000 entrées;NON;;C;145;102;99;64,1;22,7;6,6;6,7;23;54
283;4 373;14 348;VILLE DE PAUILLAC;38,8;45.201428;-0.746674;305101;NOUVELLE AQUITAINE;33314;4861;33;33201;Pauillac;4861;06-autres communes et unités urbaines;1;30;364;-0,7;De 2 à 5 000 entrées;E;JP;I;124;96;3;65,8;18,9;9,5;5,8;60;40,4
329;19 221;7 956;ESPACE DES ARTS;33,8;48.903037;2.507379;305402;ILE-DE-FRANCE;93057;23356;93;851;Paris;10706072;02-Grande Couronne;1;30;665;1,4;De 10 à 20 000 entrées;C;JP;B;131;104;2;66;18,2;4,2;11,6;66;33,3
360;15 805;37 556;BERNARD JACQUES ANDRE JEAN;23,2;45.371031;4.797096;305632;AUVERGNE / RHONE-ALPES;38298;6622;38;556;Vienne;94687;05-Unités urbaines de 20 000 à 100 000 hbts;3;30;1 329;-0,6;De 10 à 20 000 entrées;D;JP;B;110;84;25;70,7;23;2,5;3,7;37;22,1
164;9 252;1 140;COMMUNAUTE DE COMMUNES DU PILAT RHODANIEN;59,3;45.418565;4.675401;306243;AUVERGNE / RHONE-ALPES;42168;3757;42;42108;Pélussin;4660;06-autres communes et unités urbaines;1;30;359;7,1;De 5 à 10 000 entrées;E;JPPR;C;139;96;0;72,1;13;7,4;7,6;81;52,5
235;17 727;2 018;VILLE DE PENMARCH;16,7;47.799654;-4.356964;306414;BRETAGNE;29158;5457;29;29401;Penmarch;22807;05-Unités urbaines de 20 000 à 100 000 hbts;1;31;583;7,8;De 10 à 20 000 entrées;D;RDJPPR;C;209;151;8;57,8;42,2;0;0;163;11,5
3507;409 833;139 525;SOCIETE IMMOBILIERE DU PATHE PALACE;22,9;43.413496;5.356466;306521;PROVENCE-ALPES-COTE D'AZUR;13071;21387;13;759;Marseille - Aix-en-Provence;1585498;04-Unités urbaines de 100 000 hbts ou plus;16;31;14 297;1,9;De 300 à 450 000 entrées;NON;;B;200;113;111;85;15;0;0;36;30,2
251;5 556;15 458;TOURNEE FAMILIA;47,2;44.0967176;6.928323500000033;306601;PROVENCE-ALPES-COTE D'AZUR;6094;866;6;0;Zone rurale;14541106;04-Unités urbaines de 100 000 hbts ou plus;1;20;251;-0,6;De 5 à 10 000 entrées;NON;;R;67;59;5;63,8;25,3;7,5;3,4;20;46,7
1802;113 212;456 481;CAP  CINEMA;39,5;45.182579;0.718006;307135;NOUVELLE AQUITAINE;24322;29829;24;24501;Périgueux;74257;05-Unités urbaines de 20 000 à 100 000 hbts;10;31;10 237;-0,8;De 100 à 150 000 entrées;D;RDJPPR;C;281;175;106;69,5;22;4,2;4,3;155;28,5
384;4 097;67 055;COMMUNE DE PERONNE;19;49.930788;2.936858;307361;HAUTS DE FRANCE;80620;7652;80;80209;Péronne;9453;06-autres communes et unités urbaines;2;13;288;-0,9;De 2 à 5 000 entrées;NON;;C;55;37;5;68,3;24,7;6,8;0,2;13;16,4
626;59 047;45 829;SOCIETE NOUVELLE D  ENTREPRISE DE SPECTACLES;33;42.701362;2.894282;307502;OCCITANIE;66136;121934;66;66601;Perpignan;200971;04-Unités urbaines de 100 000 hbts ou plus;7;30;4 712;0,3;De 50 à 80 000 entrées;A;RDJPPR;C;283;168;102;52,1;31,3;10,9;5,6;195;32,8
2609;179 733;79 942;SOCIETE NOUVELLE D  ENTREPRISE DE SPECTACLES;38,2;42.663168;2.880281;307543;OCCITANIE;66136;121934;66;66601;Perpignan;200971;04-Unités urbaines de 100 000 hbts ou plus;14;31;10 831;1,2;De 150 à 200 000 entrées;NON;;C;168;130;124;70;22;3,5;4,5;46;33,2
198;17 904;2 837;CENTRE DES BORDS DE MARNE;23,1;48.84694;2.509968;307692;ILE-DE-FRANCE;94058;33970;94;851;Paris;10706072;02-Grande Couronne;1;25;546;5,3;De 10 à 20 000 entrées;C;;B;115;75;16;47,4;42,4;10,2;0;58;31,6
437;13 496;58 399;LES BALADINS;27,4;48.814855;-3.457451;307943;BRETAGNE;22168;7288;22;22403;Lannion;49438;05-Unités urbaines de 20 000 à 100 000 hbts;2;27;1 056;-0,8;De 10 à 20 000 entrées;D;RDJP;B;132;96;31;69,1;18,3;8,9;3,7;67;32,8
363;22 537;91 446;HADDAD PATRICIA EPOUSE BORGESON;38,3;43.692404;5.499464;308231;PROVENCE-ALPES-COTE D'AZUR;84089;19645;84;84303;Pertuis;19645;06-autres communes et unités urbaines;3;31;2 116;-0,8;De 20 à 30 000 entrées;E;RDJPPR;I;159;124;88;67,9;21,8;6,5;3,8;81;32,6
767;84 377;41 040;CINEMA JEAN EUSTACHE;59,1;44.80514;-0.632009;308361;NOUVELLE AQUITAINE;33318;61332;33;33701;Bordeaux;904359;04-Unités urbaines de 100 000 hbts ou plus;5;31;3 599;1,1;De 80 à 100 000 entrées;C;RDJPPR;B;218;98;61;60,9;29,3;4,9;5;159;66,7
200;1 300;774 557;LA ZINZEN;81,1;45.813639;1.772698;309331;NOUVELLE AQUITAINE;87117;952;87;0;Zone rurale;14541106;04-Unités urbaines de 100 000 hbts ou plus;1;28;106;-1;Moins de 2000 entrées;NON;;R;89;66;0;48;30,8;16;5,3;38;82,3
199;8 883;45 239;CIN' ORTHE;79,1;43.545174;-1.102823;309443;NOUVELLE AQUITAINE;40224;3616;40;40204;Peyrehorade;7357;06-autres communes et unités urbaines;1;31;447;-0,8;De 5 à 10 000 entrées;E;JP;C;163;114;4;69,1;14;11,1;5,8;85;86,3
219;3 239;2 318;VILLE DE PEZENAS;14,5;43.460841;3.42083;309891;OCCITANIE;34199;8156;34;34215;Pézenas;9696;06-autres communes et unités urbaines;1;16;149;0,4;De 2 à 5 000 entrées;E;;C;54;35;1;50,1;39,4;8,1;2,4;30;12,5
160;1 585;630 498;ANIMATION SUR LA PLACE;79,9;48.768553;7.258661;310106;GRAND EST;57540;4729;57;57201;Phalsbourg;5094;06-autres communes et unités urbaines;1;29;79;-1;Moins de 2000 entrées;NON;;C;42;26;0;56,4;12,2;16,2;15,3;28;81,3
1084;77 290;529 106;CS MULTIMEDIA;18,1;44.952219;-0.629792;310180;NOUVELLE AQUITAINE;33322;6442;33;33701;Bordeaux;904359;04-Unités urbaines de 100 000 hbts ou plus;6;31;5 733;-0,9;De 50 à 80 000 entrées;NON;;B;99;79;72;35,8;51,7;10,5;2;15;21,7
123;1 400;30 183;ART EN STOCK;14,3;49.301154;5.786676;310485;GRAND EST;54425;2480;54;54111;Piennes;4620;06-autres communes et unités urbaines;1;26;83;-1;Moins de 2000 entrées;NON;;C;33;23;0;38,6;51,1;7,4;3;10;9,9
88;4 372;13 252;VILLE DE PIERRE BENITE;38,9;45.703741;4.823295;310542;AUVERGNE / RHONE-ALPES;69152;10257;69;758;Lyon;1639558;04-Unités urbaines de 100 000 hbts ou plus;1;25;428;-0,7;De 2 à 5 000 entrées;C;JPPR;B;118;77;2;77,2;6,4;1,1;15,3;66;46,2
100;4 077;22 193;LE CINEMA DU SOLEIL;55,7;43.22419;6.144814;310645;PROVENCE-ALPES-COTE D'AZUR;83091;6074;83;83201;Pierrefeu-du-Var;6074;06-autres communes et unités urbaines;1;27;200;-0,8;De 2 à 5 000 entrées;E;;I;59;40;4;71,5;17,1;6,4;4,9;21;61,1
291;12 489;26 049;LE NAVIRE;17,8;44.376008;4.701762;310925;AUVERGNE / RHONE-ALPES;26235;13105;26;26301;Pierrelatte;13105;06-autres communes et unités urbaines;2;30;916;-0,5;De 10 à 20 000 entrées;E;JP;I;107;85;24;55,6;44,4;0;0;36;13
154;5 146;13 737;ASSOCIATION DU CINEMA DE LA PLAGE;22,2;49.166275;-1.5704;312221;NORMANDIE;50403;1484;50;0;Zone rurale;14541106;04-Unités urbaines de 100 000 hbts ou plus;1;29;346;-0,6;De 5 à 10 000 entrées;E;JP;R;104;79;3;47,4;43,9;5,4;3,3;53;18,1
187;14 912;14 607;SARL 2H;77;48.173277;2.253059;312443;CENTRE-VAL DE LOIRE;45252;9100;45;45301;Pithiviers;11969;06-autres communes et unités urbaines;1;31;696;0;De 10 à 20 000 entrées;E;JPPR;C;138;88;21;55,3;36,1;1,6;7;72;84,5
181;3 113;9 549;OFFICE DU TOURISME BASTIDES ET VALLONS DU GERS;36,9;43.604768;0.0448;312973;OCCITANIE;32319;1487;32;0;Zone rurale;14541106;04-Unités urbaines de 100 000 hbts ou plus;1;30;199;-0,7;De 2 à 5 000 entrées;E;PR;R;158;118;12;61,8;19,2;16,5;2,4;78;25,8
537;45 896;19 515;ECRAN 7;26,5;43.56314;1.291519;312981;OCCITANIE;31424;17896;31;31701;Toulouse;948433;04-Unités urbaines de 100 000 hbts ou plus;3;31;2 102;1,4;De 40 à 50 000 entrées;NON;;B;115;89;52;81,8;6,8;0;11,4;32;33
82;685;535 672;AEP DU CINEMA DE PLANCHER LES MINES;26,8;47.763891;6.743534;313151;BOURGOGNE / FRANCHE-COMTE;70414;1006;70;70101;Plancher-les-Mines;2969;06-autres communes et unités urbaines;1;21;59;-1;Moins de 2000 entrées;NON;;B;27;20;0;54,6;36,5;4,6;4,2;5;20,7
350;154;1 170 575;LE PRE BOURGES;34,8;45.133956;2.227009;313704;AUVERGNE / RHONE-ALPES;15153;1517;15;0;Zone rurale;14541106;04-Unités urbaines de 100 000 hbts ou plus;1;1;2;-1;Moins de 2000 entrées;NON;;R;1;1;0;60;32;5,4;2,6;1;31,5
192;5 522;18 883;CINEMA L HERMINE;44,6;47.998597;-2.096562;313842;BRETAGNE;35223;3852;35;35116;Plélan-le-Grand;3852;06-autres communes et unités urbaines;1;30;180;-0,7;De 5 à 10 000 entrées;E;JP;I;141;102;0;55,4;30;11;3,6;80;42,7
600;5 051;4 892;SOCIETE D EXPLOITATION DU CASINO DE LA ROTONDE;42;48.590655;-2.553431;313912;BRETAGNE;22186;4009;22;22115;Pléneuf-Val-André;4009;06-autres communes et unités urbaines;1;30;385;0;De 5 à 10 000 entrées;NON;;I;140;112;6;75;18,4;4,4;2,2;55;44,7
400;19 555;41 793;VILLE DU PLESSIS ROBINSON;59,5;48.777607;2.254424;314413;ILE-DE-FRANCE;92060;28974;92;851;Paris;10706072;02-Grande Couronne;2;29;1 192;-0,5;De 10 à 20 000 entrées;C;JP;B;114;78;16;54,2;20,9;20;4,8;47;58,1
340;2 949;35 090;RENCONTRES ANIMATIONS PLESSEENNES;46,8;48.80535;2.578145;314451;ILE-DE-FRANCE;94059;20102;94;851;Paris;10706072;02-Grande Couronne;1;30;197;-0,9;De 2 à 5 000 entrées;NON;;B;36;28;0;64,5;20,7;11,7;3,1;12;52,4
266;12 335;27 406;ASSOCIATION CULTURELLE CINEMATOGRAPHIQUE;37,3;48.655594;-3.630501;314471;BRETAGNE;22194;3598;22;251;Plestin-les-Grèves;4945;06-autres communes et unités urbaines;2;30;648;-0,5;De 10 à 20 000 entrées;E;JPPR;C;157;128;56;59,4;27;8,5;5,1;77;41,5
196;5 817;380;ASSOCIATION SAINT GUILLAUME;18,9;48.578076;-2.061657;314601;BRETAGNE;35228;6628;35;458;Dinard;32364;05-Unités urbaines de 20 000 à 100 000 hbts;1;31;222;14,3;De 5 à 10 000 entrées;D;;C;109;87;3;49,5;40,8;7;2,6;49;24,1
794;45 758;87 985;CINELAC;27,1;47.936453;-2.401708;314823;BRETAGNE;56165;9571;56;56216;Ploërmel;9571;06-autres communes et unités urbaines;5;31;3 933;-0,5;De 40 à 50 000 entrées;E;RDJP;I;192;136;64;40,6;43,7;8,9;6,8;88;24,5
400;1 777;392 143;SOCIETE D'EXPLOITATION DU CASINO DE PLOMBIERES;52,6;47.963557;6.457663;314931;GRAND EST;88351;1699;88;0;Zone rurale;14541106;04-Unités urbaines de 100 000 hbts ou plus;1;31;97;-1;Moins de 2000 entrées;NON;;R;38;32;2;61,8;17,2;8,1;12,9;14;63,2
225;4 816;18 282;ASSOCIATION CINEMA LE DAUPHIN;44,8;48.657353;-4.170827;315251;BRETAGNE;29185;3471;29;29118;Plouescat;3471;06-autres communes et unités urbaines;1;25;167;-0,7;De 2 à 5 000 entrées;E;;I;89;70;1;55,2;28,2;10,7;5,9;41;55,4
237;12 090;75 159;ASSOCIATION IMAGES;53,4;48.373269;-4.370987;315312;BRETAGNE;29189;13436;29;29701;Brest;200530;04-Unités urbaines de 100 000 hbts ou plus;2;30;904;-0,8;De 10 à 20 000 entrées;C;JP;B;123;92;25;60,5;13,2;23,6;2,7;63;64,5
129;7 142;60 640;ASSOCIATION LES ALLUMES DE LA GRANDE TOILE;19,2;48.340552;-4.723462;315332;BRETAGNE;29190;4083;29;29113;Plougonvelin;4083;06-autres communes et unités urbaines;1;30;310;-0,9;De 5 à 10 000 entrées;E;JPPR;I;116;86;1;53;41,4;2,6;3;67;17,6
177;1 808;29 721;CINEMA JEANNE D'ARC;27;48.28043;-2.706503;315411;BRETAGNE;22219;1844;22;0;Zone rurale;14541106;04-Unités urbaines de 100 000 hbts ou plus;1;28;127;-0,9;Moins de 2000 entrées;E;;R;63;49;0;76,9;17,7;5;0,3;26;32,6
983;43 459;1 912;SOCIETE DES CINEMAS DE POISSY;64,8;48.92287;2.029616;317291;ILE-DE-FRANCE;78498;37093;78;851;Paris;10706072;03-Petite couronne;5;30;5 065;21,7;De 40 à 50 000 entrées;NON;;B;81;70;60;57,3;17,5;15,1;10,1;17;71,8
459;35 670;19 470;THEATRE AUDITORIUM DE POITIERS, SCENE NATIONALE;80,9;46.580669;0.339687;317345;NOUVELLE AQUITAINE;86194;87918;86;86601;Poitiers;130502;04-Unités urbaines de 100 000 hbts ou plus;3;31;2 523;0,8;De 30 à 40 000 entrées;B;RDJPPR;C;113;69;61;72;22;6;0;93;85,1
141;15 736;48 424;ASSOCIATION CINE U;36,8;46.589505;0.346095;317384;NOUVELLE AQUITAINE;86194;87918;86;86601;Poitiers;130502;04-Unités urbaines de 100 000 hbts ou plus;1;31;723;-0,7;De 10 à 20 000 entrées;B;RDJPPR;C;79;32;19;59,4;31,1;4,6;4,9;63;26,6
719;27 173;36 895;LES CINEMAS PATHE GAUMONT;17;46.580197;0.338977;317394;NOUVELLE AQUITAINE;86194;87918;86;86601;Poitiers;130502;04-Unités urbaines de 100 000 hbts ou plus;5;31;3 499;-0,3;De 20 à 30 000 entrées;NON;;C;115;86;68;37,7;47,5;10,7;4,1;55;20,8
220;8 415;27 356;ESPACE TRIANON;59,1;49.776307;1.980512;317442;HAUTS DE FRANCE;80630;2402;80;80106;Poix-de-Picardie;2402;06-autres communes et unités urbaines;1;30;252;-0,7;De 5 à 10 000 entrées;E;PR;I;97;74;0;70,3;22,9;6,2;0,6;32;60,4
212;8 548;14 574;CINEODE;80,4;46.836349;5.702889;317613;BOURGOGNE / FRANCHE-COMTE;39434;4104;39;39107;Poligny;4104;06-autres communes et unités urbaines;1;30;515;-0,4;De 5 à 10 000 entrées;E;JP;I;98;76;18;61,2;11;17,6;10,2;39;84,2
100;5 731;16 170;CENTRE DE COORDINATION DES MONTS DU LYONNAIS;21,3;45.640438;4.467393;317831;AUVERGNE / RHONE-ALPES;69155;1136;69;0;Zone rurale;14541106;04-Unités urbaines de 100 000 hbts ou plus;1;25;264;-0,6;De 5 à 10 000 entrées;NON;;R;34;18;0;49,1;48;1,5;1,4;11;29,7
134;4 845;8 155;ASSOCIATION CINEMA SAINT MARTIN;25,1;47.359284;-0.860039;317911;PAYS DE LA LOIRE;49244;18356;49;49208;La Pommeraye;18356;06-autres communes et unités urbaines;1;30;289;-0,4;De 2 à 5 000 entrées;D;;C;127;99;0;51,7;38,8;4,5;5;69;23,4
199;3 635;12 576;COMMUNE DE PONS;24;45.580586;-0.546711;318483;NOUVELLE AQUITAINE;17283;4121;17;17116;Pons;4121;06-autres communes et unités urbaines;2;29;578;-0,7;De 2 à 5 000 entrées;E;;I;129;101;0;61,7;26,9;6,6;4,8;59;27,2
50;12 035;4 381;UNION DEPARTEMENTALE MAISON DES JEUNES & DE LA CULTURE COTE D OR;50,4;47.306004;5.410506;318612;BOURGOGNE / FRANCHE-COMTE;21496;1293;21;0;Zone rurale;14541106;04-Unités urbaines de 100 000 hbts ou plus;1;23;251;1,7;De 10 à 20 000 entrées;E;JP;R;32;17;0;58,5;21,8;15,4;4,2;14;54,7
283;24 881;627 821;CINEMA CONCORDE;20,9;48.902416;6.055412;318661;GRAND EST;54431;14901;54;54404;Pont-à-Mousson;24248;05-Unités urbaines de 20 000 à 100 000 hbts;2;31;2 246;-1;De 20 à 30 000 entrées;D;JP;C;194;116;64;66,2;31,5;2,3;0;57;20,4
964;73 777;212 663;CINEMA OLYMPIA;31,6;46.901894;6.357637;318711;BOURGOGNE / FRANCHE-COMTE;25462;17140;25;25401;Pontarlier;21760;05-Unités urbaines de 20 000 à 100 000 hbts;6;29;3 816;-0,7;De 50 à 80 000 entrées;D;;C;150;110;88;65,7;21,6;5,7;7;48;28,2
589;23 782;23 920;SWERTVAEGHER CATHERINE ASTRID MICHELE;15,6;49.354873;0.511693;318782;NORMANDIE;27467;8998;27;27303;Pont-Audemer;22373;05-Unités urbaines de 20 000 à 100 000 hbts;3;31;1 832;0;De 20 à 30 000 entrées;NON;;C;171;115;46;39,3;51,4;7,2;2,1;92;11,6
295;17 415;10 698;ASSOCIATION APOLLO;19,5;48.803412;2.611316;318801;ILE-DE-FRANCE;77373;38370;77;851;Paris;10706072;03-Petite couronne;2;31;1 360;0,6;De 10 à 20 000 entrées;C;JP;B;143;113;10;43,2;47,1;6,2;3,4;66;14,5
288;15 278;250 466;BOCCA BERNARD ALBERT;48,8;45.432083;6.020106;318981;AUVERGNE / RHONE-ALPES;38314;7258;38;270;Pontcharra;9333;06-autres communes et unités urbaines;1;31;497;-0,9;De 10 à 20 000 entrées;E;JP;C;119;96;28;66,1;17,7;13,6;2,6;59;50,8
129;4 114;12 023;ASSOCIATION DU CINEMA DE PONTCHATEAU;36,7;47.435409;-2.088906;319022;PAYS DE LA LOIRE;44129;10604;44;44214;Pontchâteau;10604;06-autres communes et unités urbaines;1;18;202;-0,7;De 2 à 5 000 entrées;E;;I;105;65;0;56,2;29,8;11,1;2,9;48;36
189;11 417;197 592;LE DIAMANT;19,3;45.53638;5.670755;319161;AUVERGNE / RHONE-ALPES;38315;3574;38;360;Le Pont-de-Beauvoisin;16178;06-autres communes et unités urbaines;2;30;696;-0,9;De 10 à 20 000 entrées;NON;;C;130;101;16;59,6;39,8;0,6;0;48;19,5
749;38 470;842 411;CINEMA VARIETES;32,4;45.749757;5.175101;319302;AUVERGNE / RHONE-ALPES;38316;5629;38;38402;Charvieu-Chavagneux;26024;05-Unités urbaines de 20 000 à 100 000 hbts;5;30;2 887;-1;De 30 à 40 000 entrées;NON;;C;100;79;59;45,6;41,1;10,5;2,8;30;30,2
100;2 245;20 209;ASSOCIATION L'UNION OUVRIERE AEP;34,2;47.383873;6.769949;319582;BOURGOGNE / FRANCHE-COMTE;25463;4215;25;25203;Pont-de-Roide;5695;06-autres communes et unités urbaines;1;31;205;-0,9;De 2 à 5 000 entrées;E;;C;58;50;1;62,7;29,8;4,7;2,8;21;23,9
806;38 835;371 298;CINEGYR PONTIVY;18,7;48.068322;-2.948573;320311;BRETAGNE;56178;14117;56;56303;Pontivy;16234;06-autres communes et unités urbaines;5;31;2 785;-0,9;De 30 à 40 000 entrées;E;JPPR;C;162;106;73;53,5;38,2;3,9;4,4;69;16,5
610;40 647;6 655;CINEVILLE;0;47.863407;-4.229693;320333;BRETAGNE;29220;8206;29;29306;Pont-l'Abbé;14289;06-autres communes et unités urbaines;4;31;2 867;5,1;De 40 à 50 000 entrées;NON;;C;100;73;52;65,6;34,4;0;0;23;0
169;6 753;6 584;ASSOCIATION DU CINEMA LE CONCORDE;18,1;49.285635;0.185399;320411;NORMANDIE;14514;4498;14;14120;Pont-l'Évêque;5253;06-autres communes et unités urbaines;1;28;469;0;De 5 à 10 000 entrées;E;;C;93;81;5;57,4;32,9;3,2;6,5;46;10,2
272;7 476;9 402;ASSOCIATION CINEMAS DES DEUX RIVES;33,8;49.049188;2.099047;320532;ILE-DE-FRANCE;95500;30487;95;851;Paris;10706072;03-Petite couronne;1;14;173;-0,2;De 5 à 10 000 entrées;C;;B;56;36;22;52,6;27,8;8,6;11;44;33,7
220;3 273;44 687;ASSOCIATION CINEMA GRAND ECRAN;57,1;43.787182;-0.923978;320561;NOUVELLE AQUITAINE;40230;2739;40;0;Zone rurale;14541106;04-Unités urbaines de 100 000 hbts ou plus;1;30;284;-0,9;De 2 à 5 000 entrées;E;;R;112;97;35;47,7;14,9;37,4;0;34;69,6
322;8 331;29 904;ASSOCIATION CINEMATOGRAPHIQUE LE PALACE;39,5;49.302107;2.60337;320771;HAUTS DE FRANCE;60509;12601;60;60305;Pont-Sainte-Maxence;16997;06-autres communes et unités urbaines;2;30;949;-0,7;De 5 à 10 000 entrées;E;JP;C;124;103;33;64,6;27,8;5;2,6;55;40,8
188;6 489;25 926;UNION REG FEDERATIONS OEUVRES LAIQUES AUVERGNE RHONE ALPES;38,6;44.266447;4.644976;320783;OCCITANIE;30202;10279;30;30304;Pont-Saint-Esprit;15266;06-autres communes et unités urbaines;2;28;726;-0,7;De 5 à 10 000 entrées;E;RDJPPR;C;95;74;8;70,2;21;8,8;0;42;32,1
1189;118 689;8 049;CINEVILLE;21,2;47.434019;-0.500603;320873;PAYS DE LA LOIRE;49246;12488;49;49701;Angers;225978;04-Unités urbaines de 100 000 hbts ou plus;6;31;5 145;13,7;De 100 à 150 000 entrées;NON;;B;99;64;55;50,9;44,1;3,4;1,5;18;18,1
100;785;279 127;FAMILLES RURALES FEDERATION REGIONALE DES PAYS DE LA LOIRE;64;47.750682;0.192681;320971;PAYS DE LA LOIRE;72243;1730;72;0;Zone rurale;14541106;04-Unités urbaines de 100 000 hbts ou plus;1;14;27;-1;Moins de 2000 entrées;NON;;R;13;8;0;53,5;23,7;16,9;5,9;2;71,4
150;3 828;12 908;ARTS ET TECHNIQUES;37,5;44.8722;-1.092786;321121;NOUVELLE AQUITAINE;33333;2875;33;0;Zone rurale;14541106;04-Unités urbaines de 100 000 hbts ou plus;1;29;221;-0,7;De 2 à 5 000 entrées;E;;R;93;80;10;77,2;17,4;5,3;0;41;45,1
499;24 953;115 167;AMICALE DU PERSONNEL DU CINEMA SAINT GILLES;29,2;47.119337;-2.101111;321132;PAYS DE LA LOIRE;44131;14902;44;44304;Pornic;19312;06-autres communes et unités urbaines;3;29;1 360;-0,8;De 20 à 30 000 entrées;E;JP;C;165;116;48;63,1;32,1;2,1;2,7;96;27,3
185;5 792;33 014;UNION FRATERNELLE DE SAINTE MARIE SUR MER;30,9;47.114365;-2.127161;321135;PAYS DE LA LOIRE;44131;14902;44;44304;Pornic;19312;06-autres communes et unités urbaines;1;31;492;-0,8;De 5 à 10 000 entrées;E;JPPR;C;171;120;7;60,4;33,7;2,5;3,5;90;28,4
155;7 397;18 303;CENTRE DE CONCEPTION ET DE DIFFUSION DE L IMAGE;4,1;43.404425;4.98382;321343;PROVENCE-ALPES-COTE D'AZUR;13077;17090;13;759;Marseille - Aix-en-Provence;1585498;04-Unités urbaines de 100 000 hbts ou plus;1;31;785;-0,6;De 5 à 10 000 entrées;C;RDJPPR;B;231;155;5;27,4;66,4;3,6;2,6;137;9,3
117;3 845;25 132;LE TRAIN-THEATRE;80,2;44.874731;4.88233;321594;AUVERGNE / RHONE-ALPES;26252;10209;26;651;Valence;129705;04-Unités urbaines de 100 000 hbts ou plus;1;23;248;-0,8;De 2 à 5 000 entrées;C;;B;52;31;2;55,1;21;21,5;2,5;32;79,6
213;3 454;35 749;COMMUNE DE PORT SAINT LOUIS;58,8;43.39359;4.796834;321854;PROVENCE-ALPES-COTE D'AZUR;13078;8588;13;13214;Port-Saint-Louis-du-Rhône;8588;06-autres communes et unités urbaines;1;31;525;-0,9;De 2 à 5 000 entrées;E;JPPR;I;118;86;1;59,3;24,4;13,4;3;56;63,3
233;3 005;6 220;COMMUNE DE PORT VENDRES;30,1;42.515622;3.105129;321912;OCCITANIE;66148;4195;66;66401;Saint-Cyprien;53068;05-Unités urbaines de 20 000 à 100 000 hbts;1;29;274;-0,5;De 2 à 5 000 entrées;D;;B;88;73;14;35,4;46;14,8;3,9;36;29,1
288;3 328;20;DU CINEMA PLEIN MON CARTABLE;26,2;43.608168;-0.998487;322592;NOUVELLE AQUITAINE;40233;3042;40;40202;Pouillon;5571;06-autres communes et unités urbaines;1;21;114;165,4;De 2 à 5 000 entrées;E;JP;C;66;47;0;65,9;24,8;7,6;1,8;36;25,5
300;5 346;272 378;SCENI QUA NON;34,4;47.184077;3.945032;322721;BOURGOGNE / FRANCHE-COMTE;58205;645;58;0;Zone rurale;14541106;04-Unités urbaines de 100 000 hbts ou plus;1;25;270;-1;De 5 à 10 000 entrées;E;JPPR;R;45;19;0;63,5;24,2;4,4;7,8;24;32,5
230;20 826;27 946;ASSOCIATION LE PAX (EX ASSOCIATION ST NICOLAS);34,1;47.276193;-2.429727;322952;PAYS DE LA LOIRE;44135;4455;44;44601;Saint-Nazaire;152164;04-Unités urbaines de 100 000 hbts ou plus;1;30;825;-0,3;De 20 à 30 000 entrées;C;RDJP;B;149;118;58;72,5;21,1;2,9;3,5;97;32,6
154;8 240;48 492;COMMUNAUTE DE COMMUNES DU PAYS DE POUZAUGES;25,4;46.773329;-0.84843;323493;PAYS DE LA LOIRE;85182;5525;85;85201;Pouzauges;5525;06-autres communes et unités urbaines;1;29;627;-0,8;De 5 à 10 000 entrées;E;;I;104;88;15;61;34,6;4,2;0,3;29;34,6
189;10 162;10 011;COMMUNE DE PRADES;17,5;42.616153;2.421654;323812;OCCITANIE;66149;6040;66;66205;Prades;9414;06-autres communes et unités urbaines;1;30;503;0;De 10 à 20 000 entrées;E;JP;C;141;107;4;45,6;53,1;1,4;0;69;20,7
200;422;70 790;CLUB DE L IMAGE;19,3;43.697918;3.864705;323840;OCCITANIE;34217;5203;34;34701;Montpellier;428909;04-Unités urbaines de 100 000 hbts ou plus;1;5;10;-1;Moins de 2000 entrées;NON;;B;5;3;0;47,8;45,6;4,7;1,9;0;11,6
199;6 302;12 577;LE CINEMA DU SOLEIL;18,8;43.108927;6.020419;323884;PROVENCE-ALPES-COTE D'AZUR;83098;10217;83;757;Toulon;569793;04-Unités urbaines de 100 000 hbts ou plus;1;29;283;-0,5;De 5 à 10 000 entrées;C;;B;111;86;0;47;46,8;4,3;1,8;56;18,2
150;3 568;26 379;SOCIETE GESTION DES ACTIVITES TOURISTIQUES DE PRALOGNAN;100;45.381523;6.722351;324021;AUVERGNE / RHONE-ALPES;73206;744;73;0;Zone rurale;14541106;04-Unités urbaines de 100 000 hbts ou plus;1;23;237;-0,9;De 2 à 5 000 entrées;NON;;R;86;72;19;43,8;29,4;0;26,7;28;100
159;1 492;8 934;COMMUNE DE PRATS DE MOLLO - LA PRESTE;37,3;42.403764;2.481748;324212;OCCITANIE;66150;1127;66;0;Zone rurale;14541106;04-Unités urbaines de 100 000 hbts ou plus;1;29;116;-0,8;Moins de 2000 entrées;NON;;R;78;68;9;63;22,9;11,3;2,8;32;40,5
260;6 519;15 100;CINE 46;53;44.503225;1.187579;324302;OCCITANIE;46225;2452;46;46102;Prayssac;3372;06-autres communes et unités urbaines;1;30;320;-0,6;De 5 à 10 000 entrées;E;;C;129;106;0;78,5;7,5;12,9;1,1;74;56
268;3 985;9 006;ASSOCIATION SAINT ETIENNE CINEMA;36,8;47.12792959999999;-2.215288200000032;324731;PAYS DE LA LOIRE;44136;1213;44;44401;Saint-Brevin-les-Pins;23405;05-Unités urbaines de 20 000 à 100 000 hbts;1;30;172;-0,6;De 2 à 5 000 entrées;D;;B;122;98;2;69,8;22;0;8,2;67;43,1
350;19 844;122 157;BAUCINE;48,5;44.734637;4.59441;326085;AUVERGNE / RHONE-ALPES;7186;8321;7;7301;Privas;14767;06-autres communes et unités urbaines;3;28;1 311;-0,8;De 10 à 20 000 entrées;E;RDJPPR;C;173;133;35;64,4;32;3,5;0,2;89;36,1
400;2 871;60 233;THEATRE DE PROPRIANO VITA E CULTURA;59,6;41.671492;8.91212;326263;CORSE;2A249;3806;2A;2A104;Propriano;4531;06-autres communes et unités urbaines;1;30;205;-1;De 2 à 5 000 entrées;NON;;C;81;71;0;59,9;13,8;10,5;15,8;22;69,5
570;26 986;8 042;APP;27,7;48.559158;3.304398;326550;ILE-DE-FRANCE;77379;11683;77;77303;Provins;12905;03-Petite couronne;4;30;3 804;2,4;De 20 à 30 000 entrées;NON;;C;100;79;41;45,2;35,6;6,4;12,9;45;28,5
200;1 469;7 105;BOUIS ANGELE JEANNE (NÉE DELFINO);22,9;42.003231;9.362695;326741;CORSE;2B251;3578;2B;2B101;Prunelli-di-Fiumorbo;3578;06-autres communes et unités urbaines;1;16;66;-0,8;Moins de 2000 entrées;NON;;I;27;16;0;51;45,2;2,1;1,7;12;21,3
100;1 153;20 268;LE CINEMA DU SOLEIL;79,6;43.288803;6.130491;327092;PROVENCE-ALPES-COTE D'AZUR;83100;4177;83;83111;Puget-Ville;4177;06-autres communes et unités urbaines;1;18;23;-0,9;Moins de 2000 entrées;NON;;I;18;14;3;46;35,1;9,1;9,7;2;77,6
3642;440 235;103 952;UGC CINE CITE;81,8;48.876233;2.242749;327945;ILE-DE-FRANCE;92062;45146;92;851;Paris;10706072;02-Grande Couronne;16;31;14 968;3,2;De 300 à 450 000 entrées;NON;;B;322;161;144;50,8;10,7;27,2;11,2;143;85,3
480;16 930;22 589;COMMUNE DE PUTEAUX;15,5;48.885137;2.239127;327961;ILE-DE-FRANCE;92062;45146;92;851;Paris;10706072;02-Grande Couronne;2;27;1 464;-0,3;De 10 à 20 000 entrées;NON;;B;70;44;16;49;43,4;5,5;2,1;29;11,7
1151;72 766;149 097;CINE DYKE;37,9;45.040387;3.886089;328244;AUVERGNE / RHONE-ALPES;43157;18909;43;43401;Le Puy-en-Velay;38205;05-Unités urbaines de 20 000 à 100 000 hbts;6;30;4 017;-0,5;De 50 à 80 000 entrées;D;;C;155;113;81;64,5;28,5;5,5;1,5;70;35,4
195;2 726;16 377;SOCIETE ANONYME D ECONOMIE MIXTE DES ECRINS;25,6;44.82571;6.498622;328621;PROVENCE-ALPES-COTE D'AZUR;5110;283;5;0;Zone rurale;14541106;04-Unités urbaines de 100 000 hbts ou plus;1;20;219;-0,8;De 2 à 5 000 entrées;NON;;R;77;64;25;47,7;36,4;6;9,9;20;26,6
208;6 215;10 530;CINE PAX QUEND;60,3;50.323857;1.548679;329162;HAUTS DE FRANCE;80649;1391;80;0;Zone rurale;14541106;04-Unités urbaines de 100 000 hbts ou plus;1;30;737;-0,4;De 5 à 10 000 entrées;NON;;R;114;84;9;73,4;16,4;4,7;5,5;38;50,3
334;17 087;6 968;ASSOCIATION IRIS CINEMA;37,3;47.662952;-2.454678;329501;BRETAGNE;56184;7440;56;56208;Questembert;7440;06-autres communes et unités urbaines;2;30;811;1,5;De 10 à 20 000 entrées;E;RDJPPR;I;171;117;13;38,2;41,6;16,9;3,3;106;36,1
2377;214 068;20 881;SAS DES CINEMAS DE QUETIGNY;79;47.311707;5.092506;329531;BOURGOGNE / FRANCHE-COMTE;21515;9651;21;21701;Dijon;243244;04-Unités urbaines de 100 000 hbts ou plus;12;31;10 082;9,3;De 200 à 300 000 entrées;NON;;B;182;119;108;52,3;21,7;17,5;8,5;45;81,6
242;13 416;37 268;COMMUNE DE QUIBERON;91,5;47.480187;-3.121863;329792;BRETAGNE;56186;4938;56;56201;Quiberon;4938;06-autres communes et unités urbaines;2;30;933;-0,6;De 10 à 20 000 entrées;E;JP;I;162;108;35;63,2;3,9;12,4;20,6;83;92,9
210;2 277;13 610;CINEM AUDE 2000 VILLATGE AL PAIS;67,7;42.875502;2.184954;329941;OCCITANIE;11304;3336;11;11109;Quillan;3653;06-autres communes et unités urbaines;1;28;167;-0,8;De 2 à 5 000 entrées;E;PR;C;114;60;1;70,6;9,5;18;1,9;67;78,9
785;34 438;33 281;LES CINEMAS DE L ODET;90,5;47.994608;-4.102191;330021;BRETAGNE;29232;63508;29;29501;Quimper;80005;05-Unités urbaines de 20 000 à 100 000 hbts;6;22;3 123;0;De 30 à 40 000 entrées;NON;;C;146;101;82;66,3;6,5;11;16,2;119;93,4
248;12 138;147 482;COMMUNE DE QUIMPERLE;61,9;47.874513;-3.545043;330052;BRETAGNE;29233;12018;29;29304;Quimperlé;14318;06-autres communes et unités urbaines;1;31;362;-0,9;De 10 à 20 000 entrées;E;JPPR;C;149;113;10;58,2;26,9;14,5;0,4;88;61,6
200;2 980;10 396;ASSOCIATION LE ROCHONEN;80,9;48.401006;-2.912056;330431;BRETAGNE;22262;2809;22;22101;Quintin;2809;06-autres communes et unités urbaines;1;30;148;-0,7;De 2 à 5 000 entrées;E;;I;75;62;1;51,3;23,9;11,2;13,6;26;82,1
99;3 039;119 855;COMMUNE DE RABASTENS;17,9;43.822342;1.724822;330574;OCCITANIE;81220;5448;81;81203;Rabastens;8235;06-autres communes et unités urbaines;1;23;229;-1;De 2 à 5 000 entrées;E;JP;C;96;71;1;32,4;58,3;7,1;2,2;54;14,9
201;13 223;524 903;ASSOCIATION RAMONVILLE CINE;46;43.545097;1.484818;331401;OCCITANIE;31446;13829;31;31701;Toulouse;948433;04-Unités urbaines de 100 000 hbts ou plus;1;30;530;-1;De 10 à 20 000 entrées;C;RDJPPR;B;156;111;2;68,9;22,6;5,6;2,9;102;45
403;6 729;400 016;ASSOCIATION LES AMIS RAONNAIS DU THEATRE;79,4;48.406279;6.8448;331964;GRAND EST;88372;6420;88;266;Raon-l'Étape;8069;06-autres communes et unités urbaines;1;30;325;-1;De 5 à 10 000 entrées;NON;;C;59;48;9;49,5;22,2;19,1;9,2;14;79,1
1065;81 350;4 567;MANIVEL CINEMA;76,4;47.643971;-2.08863;333304;BRETAGNE;35236;8914;35;452;Redon;20214;05-Unités urbaines de 20 000 à 100 000 hbts;7;31;5 689;16,8;De 80 à 100 000 entrées;D;RDJPPR;C;241;151;91;37,6;9,5;41,9;11;129;51,8
0;763;10 087;LE CINEMA DU SOLEIL;36,1;43.657393;6.130635;333600;PROVENCE-ALPES-COTE D'AZUR;83102;2512;83;0;Zone rurale;14541106;04-Unités urbaines de 100 000 hbts ou plus;1;8;14;-0,9;Moins de 2000 entrées;NON;;R;9;9;0;40,7;38,9;12,4;8;0;33,4
341;5 168;729 608;ASSOCIATION CULTURELLE DE REICHSHOFFEN;67,6;48.931499;7.660695;333683;GRAND EST;67388;5397;67;67305;Reichshoffen - Niederbronn-les-Bains;14545;06-autres communes et unités urbaines;1;31;378;-1;De 5 à 10 000 entrées;E;JP;C;113;86;0;61,4;20,9;14,6;3;52;74,9
200;9 647;87 847;CINEBUS;24,8;46.153096;6.238556;333751;AUVERGNE / RHONE-ALPES;74220;7585;74;652;Genève (SUI) - Annemasse (partie française);178404;04-Unités urbaines de 100 000 hbts ou plus;1;31;297;-0,9;De 5 à 10 000 entrées;C;JP;B;81;51;0;38,5;49,1;10,6;1,8;45;19,1
1605;100 755;106 359;GAUMONT;26,1;49.256421;4.026693;333901;GRAND EST;51454;184076;51;51701;Reims;212949;04-Unités urbaines de 100 000 hbts ou plus;11;31;8 921;-0,1;De 100 à 150 000 entrées;A;RDJPPR;C;284;181;153;52,2;38,5;6,5;2,7;176;22
1029;23 863;2 710;ECRANS DU GRAND EST;40,7;48.012165;6.601788;334606;GRAND EST;88383;7741;88;88401;Remiremont;21669;05-Unités urbaines de 20 000 à 100 000 hbts;7;31;1 825;7,8;De 20 à 30 000 entrées;D;;C;129;94;43;45;48,2;4;2,7;59;19,3
218;2 699;35 772;ASSOCIATION AVANT GARDE DE RENAZE;39,8;47.794318;-1.057793;334921;PAYS DE LA LOIRE;53188;2529;53;53104;Renazé;2529;06-autres communes et unités urbaines;1;21;95;-0,9;De 2 à 5 000 entrées;E;;I;47;29;0;65,5;17,4;3,9;13,3;21;33,1
373;54 285;269 358;ASSOCIATION ARVOR CINEMA ET CULTURE;36,1;48.11601;-1.67887;335054;BRETAGNE;35238;215366;35;35701;Rennes;330871;04-Unités urbaines de 100 000 hbts ou plus;2;31;1 748;-0,8;De 50 à 80 000 entrées;A;RDJP;C;122;62;52;68,6;19,2;6,5;5,7;102;38,6
495;41 627;132 577;THEATRE NATIONAL DE BRETAGNE CENTRE EUROPEEN DE PRODUCTION;39,4;48.107745;-1.67277;335055;BRETAGNE;35238;215366;35;35701;Rennes;330871;04-Unités urbaines de 100 000 hbts ou plus;2;26;1 526;-0,7;De 40 à 50 000 entrées;A;RDJPPR;C;139;49;39;66,7;30,8;2;0,5;116;42,4
2800;277 220;86 163;GAUMONT RENNES;40,4;48.106343;-1.675345;335108;BRETAGNE;35238;215366;35;35701;Rennes;330871;04-Unités urbaines de 100 000 hbts ou plus;13;31;10 878;2,2;De 200 à 300 000 entrées;NON;;C;226;146;133;67,6;21,7;9,2;1,5;75;43,7
249;5 028;476 320;ASSOCIATION ECRAN REOLAIS;21,6;44.582404;-0.036426;335303;NOUVELLE AQUITAINE;33352;4173;33;33206;La Réole;6644;06-autres communes et unités urbaines;1;31;557;-1;De 5 à 10 000 entrées;E;JPPR;C;182;139;13;56,6;39,8;1,3;2,2;91;20,2
88;1 370;7 039;BENAC HERVE;36,2;44.032421;2.535913;335473;OCCITANIE;12197;2005;12;0;Zone rurale;14541106;04-Unités urbaines de 100 000 hbts ou plus;1;24;155;-0,8;Moins de 2000 entrées;NON;;R;45;34;1;75,1;5,3;19,5;0;21;30
169;4 366;44 869;CINEMA LE RESTERIA;22,2;47.914523;-1.380231;335711;BRETAGNE;35239;4267;35;35201;Retiers;6043;06-autres communes et unités urbaines;1;30;221;-0,9;De 2 à 5 000 entrées;E;;C;127;94;0;55,9;36,2;3,2;4,6;62;15,6
100;1 906;11 189;CINE LUX;38,7;45.186514;4.029204;335751;AUVERGNE / RHONE-ALPES;43162;2899;43;0;Zone rurale;14541106;04-Unités urbaines de 100 000 hbts ou plus;1;30;124;-0,8;Moins de 2000 entrées;E;;R;57;37;0;68,7;21,5;6,9;2,9;27;41,4
193;12 205;8 743;VEO CINEMAS;39,1;43.457554;2.006074;336023;OCCITANIE;31451;9546;31;31209;Revel;9546;06-autres communes et unités urbaines;1;31;483;0,4;De 10 à 20 000 entrées;E;JP;I;103;69;17;57,4;29,1;10,3;3,2;45;34,2
285;5 910;249 158;GUYOT FREDERIC PAUL ROGER;30,7;49.615851;-1.26046;336191;NORMANDIE;50433;1092;50;0;Zone rurale;14541106;04-Unités urbaines de 100 000 hbts ou plus;2;27;629;-1;De 5 à 10 000 entrées;E;;R;109;88;17;58,8;35,5;4,7;1;46;23,5
425;10 321;95 231;CINEMA ST PAUL;11,1;47.183872;-1.543971;336432;PAYS DE LA LOIRE;44143;39649;44;44701;Nantes;633690;04-Unités urbaines de 100 000 hbts ou plus;1;20;250;-0,9;De 10 à 20 000 entrées;C;;B;125;91;0;72,4;27,6;0;0;75;19,6
190;4 048;837 631;SOCIETE CINOR;37,7;48.194474;7.323025;336732;GRAND EST;68269;4746;68;68124;Ribeauvillé;4746;06-autres communes et unités urbaines;1;30;172;-1;De 2 à 5 000 entrées;E;;I;96;77;0;70,9;19,7;4,8;4,5;46;44
314;8 109;12 206;COMMUNE DE RIBERAC;3,8;45.244774;0.339095;336801;NOUVELLE AQUITAINE;24352;3932;24;24202;Ribérac;5555;06-autres communes et unités urbaines;1;29;511;-0,3;De 5 à 10 000 entrées;E;RDJPPR;C;159;105;2;51,1;36,3;6,6;6;92;3,2
246;3 362;20 652;ASSOCIATION LES RICHELAIS DU CARDINAL;35,7;47.014742;0.322461;337051;CENTRE-VAL DE LOIRE;37196;1787;37;37101;Richelieu;2341;06-autres communes et unités urbaines;1;20;269;-0,8;De 2 à 5 000 entrées;E;JP;C;62;49;0;60,2;28,2;4,9;6,7;27;45
239;5 217;21 939;COMMUNAUTE DE COMMUNES AVEYRON SEGALA VIAUR;32;44.3078;2.237623;337353;OCCITANIE;12198;1990;12;0;Zone rurale;14541106;04-Unités urbaines de 100 000 hbts ou plus;1;30;210;-0,8;De 5 à 10 000 entrées;E;;R;164;129;0;59,4;33,7;2,6;4,2;108;25,1
590;18 686;224 167;URFOL CINE RILLIEUX;40,3;45.81862;4.904221;337784;AUVERGNE / RHONE-ALPES;69286;30375;69;758;Lyon;1639558;04-Unités urbaines de 100 000 hbts ou plus;3;31;1 745;-0,9;De 10 à 20 000 entrées;C;PR;B;183;101;29;61,9;28,2;5,5;4,3;99;30,9
542;35 411;35 418;CINERIOM;65,4;45.894648;3.119978;338145;AUVERGNE / RHONE-ALPES;63300;18987;63;63401;Riom;33406;05-Unités urbaines de 20 000 à 100 000 hbts;3;31;2 805;0;De 30 à 40 000 entrées;D;;C;113;68;40;54,3;13,1;9,5;23,1;61;74,5
64;1 716;54 422;ASSOCIATION CINEMA Z;31,2;43.913839;-0.91372;338172;NOUVELLE AQUITAINE;40243;2937;40;0;Zone rurale;14541106;04-Unités urbaines de 100 000 hbts ou plus;1;31;246;-1;Moins de 2000 entrées;E;;R;103;87;20;55,4;36,4;5,6;2,6;31;19,9
184;3 730;6 579;LE PRE BOURGES;25,8;45.281368;2.657031;338212;AUVERGNE / RHONE-ALPES;15162;2591;15;15102;Riom-ès-Montagnes;2591;06-autres communes et unités urbaines;1;26;172;-0,4;De 2 à 5 000 entrées;E;;I;77;63;0;38,9;51,3;4;5,8;32;21,2
706;25 641;28 307;ASSOCIATION GESTION SALLE ROBERT DESNOS;41,6;48.65291;2.418053;338332;ILE-DE-FRANCE;91521;27797;91;851;Paris;10706072;03-Petite couronne;3;31;2 122;-0,1;De 20 à 30 000 entrées;C;RDJPPR;B;156;99;40;64,6;24,5;4,2;6,8;106;30,6
291;7 048;653 253;ASSOCIATION GESTION SALLE ROBERT DESNOS;12,8;48.651395;2.414242;338335;ILE-DE-FRANCE;91521;27797;91;851;Paris;10706072;03-Petite couronne;1;31;712;-1;De 5 à 10 000 entrées;NON;;B;80;56;17;38,5;56,2;5,2;0,1;50;8,4
308;6 523;13 757;CINE GUIL;79,4;44.647615;6.629737;338342;PROVENCE-ALPES-COTE D'AZUR;5119;638;5;0;Zone rurale;14541106;04-Unités urbaines de 100 000 hbts ou plus;2;20;662;-0,5;De 5 à 10 000 entrées;NON;;R;60;48;19;57;17,1;20,2;5,6;18;77,7
384;17 251;5 347;COMMUNE DE RIVE DE GIER;23,4;45.528846;4.614829;338461;AUVERGNE / RHONE-ALPES;42186;15182;42;753;Saint-Étienne;373130;04-Unités urbaines de 100 000 hbts ou plus;2;31;1 432;2,2;De 10 à 20 000 entrées;C;RDJPPR;B;164;100;20;46,2;43,7;7,3;2,9;88;20,5
2082;86 345;117 183;RIVEMOND;18,7;42.765685;2.868611;338590;OCCITANIE;66164;8678;66;66601;Perpignan;200971;04-Unités urbaines de 100 000 hbts ou plus;12;31;11 983;-0,3;De 80 à 100 000 entrées;NON;;B;149;105;102;48,5;45,7;4;1,8;24;15
224;8 257;19 874;ASSO CENTRE SOCIO CULTUREL LA PASSERELLE;53,1;47.750793;7.411718;338902;GRAND EST;68278;13990;68;68701;Mulhouse;246511;04-Unités urbaines de 100 000 hbts ou plus;1;27;514;-0,6;De 5 à 10 000 entrées;C;JP;B;113;97;9;75,5;15,4;5;4;52;51,6
429;24 683;13 936;CINE RIVAGE;59,7;46.038163;4.069538;338953;AUVERGNE / RHONE-ALPES;42187;34831;42;42502;Roanne;79899;05-Unités urbaines de 20 000 à 100 000 hbts;2;27;1 345;0,8;De 20 à 30 000 entrées;D;RDJPPR;C;137;86;26;70,3;19,3;3,6;6,9;123;62,8
1919;102 199;42 553;CINEMA LE MAJESTIC;50;46.037107;4.06479;339013;AUVERGNE / RHONE-ALPES;42187;34831;42;42502;Roanne;79899;05-Unités urbaines de 20 000 à 100 000 hbts;9;31;6 894;1,4;De 100 à 150 000 entrées;NON;;C;106;92;88;60,6;39,4;0;0;13;34,3
199;8 316;379 835;MJC DE LA ROCHE SUR FORON ET DU PAYS ROCHOIS;55;46.066503;6.314579;339254;AUVERGNE / RHONE-ALPES;74224;11659;74;74502;Cluses;89490;05-Unités urbaines de 20 000 à 100 000 hbts;1;28;288;-1;De 5 à 10 000 entrées;D;JP;C;87;48;0;73,5;15,9;4,4;6,2;60;49,2
260;13 781;26 600;ASSOCIATION CULTURELLE LOISIRS;21,6;47.517686;-2.300226;339311;BRETAGNE;56195;666;56;0;Zone rurale;14541106;04-Unités urbaines de 100 000 hbts ou plus;2;29;775;-0,5;De 10 à 20 000 entrées;E;RDJP;R;159;122;23;36,3;56,2;4,5;3,1;71;14,5
161;4 155;22 636;ARTS ET TECHNIQUES;33,6;45.148742;0.014338;339491;NOUVELLE AQUITAINE;24354;2970;24;170;La Roche-Chalais - Saint-Aigulin;4865;06-autres communes et unités urbaines;1;29;422;-0,8;De 2 à 5 000 entrées;E;JP;C;140;97;1;49,3;38;5,3;7,5;60;23,4
1310;79 057;1 827;CINEFORTIS;29,1;45.93763;-0.966174;339664;NOUVELLE AQUITAINE;17299;24045;17;17403;Rochefort;38325;05-Unités urbaines de 20 000 à 100 000 hbts;8;31;6 470;42,3;De 50 à 80 000 entrées;D;;C;141;111;97;59;35,1;5,2;0,6;50;24,4
130;2 892;44 079;LE BISTROT;19,8;45.740934;0.383249;339713;NOUVELLE AQUITAINE;16281;2954;16;16104;La Rochefoucauld;2954;06-autres communes et unités urbaines;1;30;251;-0,9;De 2 à 5 000 entrées;E;;I;120;96;0;47,9;47,5;2,1;2,5;59;19,3
350;2 173;10 194;COMMUNE DE ROCHE LA MOLIERE;53,7;45.434822;4.32352;339810;AUVERGNE / RHONE-ALPES;42189;9868;42;753;Saint-Étienne;373130;04-Unités urbaines de 100 000 hbts ou plus;1;17;29;-0,8;De 2 à 5 000 entrées;NON;;B;22;13;0;62,2;19,8;12,8;5,2;6;60,3
777;2 124;22 833;CGR CINEMAS;13,2;46.162612;-1.152316;339851;NOUVELLE AQUITAINE;17300;75404;17;17601;La Rochelle;128466;04-Unités urbaines de 100 000 hbts ou plus;3;5;235;-0,9;De 2 à 5 000 entrées;B;PR;C;20;13;9;43,9;35,6;4,3;16,1;19;21,2
1280;30 561;67 338;LA COURSIVE;79,1;46.156657;-1.154697;339852;NOUVELLE AQUITAINE;17300;75404;17;17601;La Rochelle;128466;04-Unités urbaines de 100 000 hbts ou plus;2;28;845;-0,5;De 30 à 40 000 entrées;B;RDJPPR;C;87;45;31;59;12,4;7,4;21,2;74;76,8
1024;57 004;116 402;CGR CINEMAS;21,4;46.157744;-1.153595;339871;NOUVELLE AQUITAINE;17300;75404;17;17601;La Rochelle;128466;04-Unités urbaines de 100 000 hbts ou plus;6;31;5 156;-0,5;De 50 à 80 000 entrées;B;;C;176;142;123;45,2;47,9;5;2;107;24,1
2272;190 712;4 565;RAYLUMOND;14,2;46.147254;-1.153689;339911;NOUVELLE AQUITAINE;17300;75404;17;17601;La Rochelle;128466;04-Unités urbaines de 100 000 hbts ou plus;12;31;12 667;40,8;De 150 à 200 000 entrées;NON;;C;149;102;98;52;45,4;2;0,6;22;16
233;2 557;377 663;ASSOCIATION SYNDICAT D'INITIATIVE;25;46.785295;0.811448;340043;NOUVELLE AQUITAINE;86207;1551;86;0;Zone rurale;14541106;04-Unités urbaines de 100 000 hbts ou plus;1;26;204;-1;De 2 à 5 000 entrées;E;;R;85;64;0;54,4;37,2;6;2,5;46;18,5
200;5 013;146 520;ASSOCIATION CONTACT RURAL CINEMA ARGENCE TARDOIRE BONNIEURE;21,7;45.815626;0.307695;340411;NOUVELLE AQUITAINE;16282;530;16;0;Zone rurale;14541106;04-Unités urbaines de 100 000 hbts ou plus;1;27;147;-1;De 5 à 10 000 entrées;E;;R;67;34;0;49,9;40,7;7,1;2,3;33;20,1
1603;87 955;245 513;LES CINEMAS DE RODEZ;39,9;44.34873;2.57572;340874;OCCITANIE;12202;23949;12;12402;Rodez;50571;05-Unités urbaines de 20 000 à 100 000 hbts;10;31;9 691;-0,6;De 80 à 100 000 entrées;D;RDJPPR;C;203;142;127;65,8;18,8;7,5;7,9;83;42,9
192;5 353;58 602;COMMUNE DE ROISSY EN BRIE;36,8;48.793178;2.648662;341321;ILE-DE-FRANCE;77390;23048;77;851;Paris;10706072;03-Petite couronne;1;30;373;-0,9;De 5 à 10 000 entrées;NON;;B;87;68;1;55,4;32,4;8,9;3,3;23;36
436;25 803;102 237;ASSOCIATION COMITE GESTION CINEMA TRIANON;43,2;48.883869;2.44086;341652;ILE-DE-FRANCE;93063;26031;93;851;Paris;10706072;02-Grande Couronne;1;30;746;-0,7;De 20 à 30 000 entrées;C;RDJPPR;B;152;95;9;61,5;25,4;10,2;3;108;42,6
1069;50 350;21 253;SOCIETE ROMANAISE CINEMATOGRAPHIQUE;25,9;45.045939;5.054595;341752;AUVERGNE / RHONE-ALPES;26281;33465;26;26501;Romans-sur-Isère;57105;05-Unités urbaines de 20 000 à 100 000 hbts;8;30;4 916;1,4;De 50 à 80 000 entrées;NON;;C;134;118;100;61,3;31,8;6,4;0,5;40;29,8
434;11 861;679;SOCIETE ROMANAISE CINEMATOGRAPHIQUE;22,7;45.046219;5.050587;341771;AUVERGNE / RHONE-ALPES;26281;33465;26;26501;Romans-sur-Isère;57105;05-Unités urbaines de 20 000 à 100 000 hbts;3;21;1 053;16,5;De 10 à 20 000 entrées;D;JP;C;69;47;28;47,7;43,3;6,6;2,4;51;18,4
209;7 004;454;ASSOCIATION KORRIGAN ROMILLE;31,3;48.213608;-1.892787;342020;BRETAGNE;35245;3878;35;35112;Romillé;3878;06-autres communes et unités urbaines;1;27;304;14,4;De 5 à 10 000 entrées;E;JPPR;I;135;96;3;70,4;21,6;3,6;4,5;65;40
698;19 955;50 871;ASSOCIATION CINEMA EDEN;28,1;48.516527;3.723266;342071;GRAND EST;10323;14493;10;10301;Romilly-sur-Seine;16856;06-autres communes et unités urbaines;3;31;1 896;-0,6;De 10 à 20 000 entrées;E;;C;120;97;40;60;31,3;8,8;0;50;42,3
488;20 923;129 091;CINEXPANSION  DU VAL DE LOIRE SARL;53,7;47.358326;1.745177;342112;CENTRE-VAL DE LOIRE;41194;17748;41;41301;Romorantin-Lanthenay;17748;06-autres communes et unités urbaines;3;31;1 305;-0,8;De 20 à 30 000 entrées;E;PR;I;117;92;40;60,6;19,8;11,7;7,9;60;56,6
137;7 220;11 006;MAISON DES ASSOCIATIONS;61,5;50.750026;3.123334;342332;HAUTS DE FRANCE;59508;13657;59;59702;Lille (partie française);1039397;04-Unités urbaines de 100 000 hbts ou plus;1;20;194;-0,3;De 5 à 10 000 entrées;NON;;B;74;52;0;69,8;12,3;14,9;2,9;17;48,3
372;12 984;28 316;COMMUNE DE ROQUEFORT LES PINS;52,9;43.665141;7.049995;342900;PROVENCE-ALPES-COTE D'AZUR;6105;6628;6;6701;Nice;943354;04-Unités urbaines de 100 000 hbts ou plus;2;30;1 132;-0,5;De 10 à 20 000 entrées;C;;B;176;140;19;61,8;24,4;9,2;4,6;89;58,8
230;415;115 127;COMMUNE DE ROQUES;24,8;43.510867;1.379784;343010;OCCITANIE;31458;4469;31;31701;Toulouse;948433;04-Unités urbaines de 100 000 hbts ou plus;1;5;12;-1;Moins de 2000 entrées;NON;;B;7;2;0;50,7;30,2;5,8;13,3;6;29,7
200;3 979;42 656;CINEMA SAINTE BARBE;62,3;48.724745;-3.984009;343321;BRETAGNE;29239;3354;29;29305;Saint-Pol-de-Léon;12288;06-autres communes et unités urbaines;1;27;214;-0,9;De 2 à 5 000 entrées;E;;B;88;74;8;70,6;17,7;8,1;3,6;38;71,3
352;8 555;400 273;AEP JEAN BECQUE;13,6;44.482369;4.255896;343491;AUVERGNE / RHONE-ALPES;7199;1188;7;7402;Aubenas;41552;05-Unités urbaines de 20 000 à 100 000 hbts;2;29;757;-1;De 5 à 10 000 entrées;D;;B;171;142;1;44;49,3;4,6;2,1;82;11,3
3324;341 565;24 764;UGC CINE CITE ILE DE FRANCE;37,3;48.880702;2.480345;343750;ILE-DE-FRANCE;93064;44728;93;851;Paris;10706072;02-Grande Couronne;15;31;13 655;12,8;De 300 à 450 000 entrées;NON;;B;224;119;119;74,2;16,1;6,1;3,6;85;32,7
229;6 360;8 339;COMMUNE DE ROSNY SOUS BOIS;24,7;48.873327;2.482728;343762;ILE-DE-FRANCE;93064;44728;93;851;Paris;10706072;02-Grande Couronne;1;22;192;-0,2;De 5 à 10 000 entrées;C;;B;87;52;2;61,2;30,4;5,7;2,7;62;20,6
227;3 952;15 484;ASSOCIATION CINE BREIZ;17,5;48.237305;-3.316257;343951;BRETAGNE;22266;3101;22;22110;Rostrenen;3101;06-autres communes et unités urbaines;1;31;332;-0,7;De 2 à 5 000 entrées;E;JP;I;139;114;6;43,5;49;6,7;0,8;62;11,1
145;1 213;2 732;CINEMA LE ROYAL;50,7;48.459054;7.210973;344002;GRAND EST;67414;1554;67;67304;La Broque;13376;06-autres communes et unités urbaines;1;18;41;-0,6;Moins de 2000 entrées;NON;;C;31;19;0;75,3;13,5;9,8;1,5;9;51,8
1590;55 234;136 728;LES ECRANS DE ROUBAIX;48,8;50.691883;3.165548;344352;HAUTS DE FRANCE;59512;96077;59;59702;Lille (partie française);1039397;04-Unités urbaines de 100 000 hbts ou plus;9;31;6 972;-0,6;De 50 à 80 000 entrées;NON;;B;130;80;80;52,3;21;21,2;5,5;33;62,5
1345;77 707;5 471;GAUMONT;22,1;49.438455;1.096887;344532;NORMANDIE;76540;110169;76;755;Rouen;467133;04-Unités urbaines de 100 000 hbts ou plus;7;29;4 580;13,2;De 50 à 80 000 entrées;A;RDJPPR;C;256;165;141;48,6;45,3;5;1,1;198;22,7
2539;57 371;9 698;EDEN PANORAMA;100;49.430638;1.085206;344571;NORMANDIE;76540;110169;76;755;Rouen;467133;04-Unités urbaines de 100 000 hbts ou plus;14;31;10 211;4,9;De 50 à 80 000 entrées;NON;;C;246;118;115;100;0;0;0;53;100
3021;246 666;7 663;PATHE ROUEN;26,2;49.444934;1.067208;344590;NORMANDIE;76540;110169;76;755;Rouen;467133;04-Unités urbaines de 100 000 hbts ou plus;14;31;12 653;31,2;De 200 à 300 000 entrées;NON;;C;186;117;115;65,6;29,3;4;1,2;59;28,4
112;7 060;643 386;ASSOCIATION POUR LE DEVELOPPEMENT AUDIOVISUEL EN MILIEU RURAL;19,3;43.839788;6.151962;345421;PROVENCE-ALPES-COTE D'AZUR;4172;746;4;0;Zone rurale;14541106;04-Unités urbaines de 100 000 hbts ou plus;1;24;227;-1;De 5 à 10 000 entrées;NON;;R;59;44;0;61,1;28;10,6;0,3;13;28,1
291;9 526;9 726;MODERNE CINEMA;41;46.484074;6.058293;345631;BOURGOGNE / FRANCHE-COMTE;39470;3410;39;0;Zone rurale;14541106;04-Unités urbaines de 100 000 hbts ou plus;2;25;879;0;De 5 à 10 000 entrées;E;;R;111;81;29;83,3;7,3;9,4;0;42;46,7
1076;79 635;137 776;CINÉMA & LOISIRS;24,6;45.62416;-1.025656;346502;NOUVELLE AQUITAINE;17306;18393;17;17402;Royan;35729;05-Unités urbaines de 20 000 à 100 000 hbts;6;30;4 672;-0,4;De 50 à 80 000 entrées;NON;;C;145;100;80;51,5;39,3;5,3;3,9;31;18,2
326;7 734;626 532;CINEODE;33,2;49.69929;2.790104;346622;HAUTS DE FRANCE;80685;5972;80;80203;Roye;5972;06-autres communes et unités urbaines;1;28;462;-1;De 5 à 10 000 entrées;NON;;I;85;70;15;55,2;34;6,2;4,6;26;31,8
689;41 642;124 790;CINE RUEIL;26;48.879844;2.180852;347162;ILE-DE-FRANCE;92063;78794;92;851;Paris;10706072;02-Grande Couronne;3;28;2 113;-0,7;De 40 à 50 000 entrées;C;;B;76;57;34;53,9;35,5;5,7;4,9;36;28,3
688;40 489;22 828;SOCIETE D'ECONOMIE MIXTE THEATRE ANDRE MALRAUX;18,9;48.862565;2.194794;347175;ILE-DE-FRANCE;92063;78794;92;851;Paris;10706072;02-Grande Couronne;3;30;2 207;0,8;De 40 à 50 000 entrées;NON;;B;66;52;33;42,6;50,6;5,7;1,1;22;8,8
271;5 313;99 657;ASSOCIATION D EDUCATION POPULAIRE DE RUFFEC;33,7;46.027187;0.203603;347302;NOUVELLE AQUITAINE;16292;3477;16;16106;Ruffec;3947;06-autres communes et unités urbaines;2;28;404;-0,9;De 5 à 10 000 entrées;E;JP;C;120;97;0;54,9;22,6;3,2;19,3;51;41
516;25 927;18 091;ECRANS POUR TOUS;60,1;45.85878;5.957306;347732;AUVERGNE / RHONE-ALPES;74225;14931;74;74302;Rumilly;16812;06-autres communes et unités urbaines;3;31;1 722;0,4;De 20 à 30 000 entrées;E;RDJP;C;164;127;62;78,8;15,8;2,3;3,1;78;62,8
245;1 676;62 007;ASSOCIATION D' EDUCATION POPULAIRE CINEMA LE FOYER;43;44.453436;4.339659;347831;AUVERGNE / RHONE-ALPES;7201;2258;7;7111;Ruoms;3764;06-autres communes et unités urbaines;1;21;164;-1;Moins de 2000 entrées;E;;C;75;57;0;71,2;14,1;11,1;3,7;25;40,5
1114;69 360;1 019 595;LE PALACE DES SABLES D'OLONNE;30;46.501653;-1.786349;348296;PAYS DE LA LOIRE;85194;13940;85;85403;Les Sables-d'Olonne;42649;05-Unités urbaines de 20 000 à 100 000 hbts;7;31;3 261;-0,9;De 50 à 80 000 entrées;NON;;C;131;102;78;57;32,2;7;3,8;44;24,4
500;8 452;22 025;BOISRAME ROGER;37,4;47.840861;-0.334058;348311;PAYS DE LA LOIRE;72264;12496;72;72302;Sablé-sur-Sarthe;14863;06-autres communes et unités urbaines;1;22;479;-0,6;De 5 à 10 000 entrées;NON;;C;53;38;19;54,5;32,3;10,5;2,6;13;43,9
655;1 062;427 267;ASSOCIATION ENTRACTE;31,6;47.839188;-0.3382865999999467;348314;PAYS DE LA LOIRE;72264;12496;72;72302;Sablé-sur-Sarthe;14863;06-autres communes et unités urbaines;1;13;22;-1;Moins de 2000 entrées;NON;;C;18;8;0;55,6;34,9;7,3;2,2;15;24,4
360;6 381;35 007;CINEMA CONFLUENCES SABLE SUR SARTHE;18,1;47.839358;-0.342854;348315;PAYS DE LA LOIRE;72264;12496;72;72302;Sablé-sur-Sarthe;14863;06-autres communes et unités urbaines;3;7;603;-0,8;De 5 à 10 000 entrées;NON;;C;40;37;15;40,7;50,4;7,2;1,7;12;13,3
103;1 795;42 216;ASSOCIATION CULTURE ET LOISIRS DE SABRES;62,3;44.152438;-0.737033;348442;NOUVELLE AQUITAINE;40246;1196;40;0;Zone rurale;14541106;04-Unités urbaines de 100 000 hbts ou plus;1;31;230;-1;Moins de 2000 entrées;E;;R;110;90;0;76;15,9;6,7;1,4;49;66,7
199;3 894;154 388;UNION REG FEDERATIONS OEUVRES LAIQUES AUVERGNE RHONE ALPES;46;45.809747;4.596802;349322;AUVERGNE / RHONE-ALPES;69171;2309;69;69303;L'Arbresle;20735;05-Unités urbaines de 20 000 à 100 000 hbts;1;21;81;-1;De 2 à 5 000 entrées;D;;B;74;50;0;77;13,5;5,2;4,4;40;49,3
520;15 361;20 718;PIZZO ANTOINE;29,5;45.747157;-0.634183;349492;NOUVELLE AQUITAINE;17415;25288;17;17401;Saintes;29362;05-Unités urbaines de 20 000 à 100 000 hbts;2;27;856;-0,3;De 10 à 20 000 entrées;D;RDJPPR;C;89;60;30;57;32,2;7,9;2,9;74;28,4
1256;110 194;31 870;BROCELIANDE;36,7;45.74154;-0.691811;349524;NOUVELLE AQUITAINE;17415;25288;17;17401;Saintes;29362;05-Unités urbaines de 20 000 à 100 000 hbts;8;30;5 823;2,5;De 100 à 150 000 entrées;NON;;C;142;101;88;57;34,5;7,2;1,3;26;28,5
172;2 397;678 476;LE CINEMA DU SOLEIL;32,6;43.561544;6.236388;350023;PROVENCE-ALPES-COTE D'AZUR;83121;3889;83;83202;Salernes;6051;06-autres communes et unités urbaines;1;27;292;-1;De 2 à 5 000 entrées;E;;C;78;51;5;69,6;22;7,3;1,1;38;27,8
138;4 507;6 151;ASSOCIATION CINEMATOGRAPHIQUE SALISIENNE FRANCOIS TRUFFAUT;38,3;43.471607;-0.927756;350169;NOUVELLE AQUITAINE;64499;4741;64;64107;Salies-de-Béarn;4741;06-autres communes et unités urbaines;1;18;334;-0,3;De 2 à 5 000 entrées;E;RDJPPR;I;105;56;2;56,4;28,1;12,6;2,9;59;40,6
149;408;12 551;PANORAMIC 21;82,2;47.620428;4.88235;350390;BOURGOGNE / FRANCHE-COMTE;21579;217;21;0;Zone rurale;14541106;04-Unités urbaines de 100 000 hbts ou plus;1;20;20;-1;Moins de 2000 entrées;NON;;R;20;17;0;72,2;6,6;12,2;9;8;86,1
1554;118 198;11 160;CINE MONT BLANC;12,1;45.944805;6.630005;350414;AUVERGNE / RHONE-ALPES;74256;16050;74;462;Sallanches;44281;05-Unités urbaines de 20 000 à 100 000 hbts;10;31;8 593;9,6;De 100 à 150 000 entrées;D;;C;222;162;124;47,7;45,5;4,9;1,9;92;10,4
430;3 523;21 777;SOCIETE DES CINEMAS DE LA GUISANE;61,1;44.915761;6.542422;350542;PROVENCE-ALPES-COTE D'AZUR;5161;1003;5;5301;Briançon;17468;06-autres communes et unités urbaines;2;11;273;-0,8;De 2 à 5 000 entrées;NON;;B;35;21;17;59,4;25;9,4;6,3;8;69,1
162;5 609;29 925;GONZALEZ PHILIPPE;20,7;44.550748;-0.869882;350641;NOUVELLE AQUITAINE;33498;6785;33;33204;Salles;6785;06-autres communes et unités urbaines;1;24;294;-0,8;De 5 à 10 000 entrées;E;;I;121;95;4;69,1;12,2;0;18,6;54;27,8
472;8 971;28 205;CINE SPECTACLES;23,5;43.637405;5.099136;351034;PROVENCE-ALPES-COTE D'AZUR;13103;44836;13;13501;Salon-de-Provence;60408;05-Unités urbaines de 20 000 à 100 000 hbts;2;17;831;-0,7;De 5 à 10 000 entrées;D;;C;67;57;14;48,1;43,4;6,3;2,2;25;16,2
838;44 865;17 538;CINE SPECTACLES;74,5;43.637886;5.099752;351052;PROVENCE-ALPES-COTE D'AZUR;13103;44836;13;13501;Salon-de-Provence;60408;05-Unités urbaines de 20 000 à 100 000 hbts;6;31;4 990;1,6;De 40 à 50 000 entrées;D;RDJPPR;C;242;144;124;58,1;26,3;11,5;4,1;102;81,1
187;4 324;15 131;FOYER RURAL DE SAMATAN;41,6;43.490681;0.929457;351333;OCCITANIE;32410;2377;32;0;Zone rurale;14541106;04-Unités urbaines de 100 000 hbts ou plus;1;30;198;-0,7;De 2 à 5 000 entrées;E;JPPR;R;156;116;18;56,2;29,5;9;5,3;72;38
304;4 653;49 165;CINEMONDE;22,8;46.0819758;6.727133399999957;351441;AUVERGNE / RHONE-ALPES;74258;2396;74;74110;Samoëns;3743;06-autres communes et unités urbaines;1;17;217;-0,9;De 2 à 5 000 entrées;NON;;C;49;34;29;52,5;44,2;3,3;0;7;22,5
234;15 409;9 009;CINEMA A B C;32,9;43.117504;5.799215;351621;PROVENCE-ALPES-COTE D'AZUR;83123;16168;83;757;Toulon;569793;04-Unités urbaines de 100 000 hbts ou plus;1;31;1 024;0,7;De 10 à 20 000 entrées;NON;;B;87;82;67;53,2;36,8;8,2;1,8;30;21,4
426;6 543;613 624;COMMUNE DE SANTES;29,3;50.59221;2.959712;352223;HAUTS DE FRANCE;59553;5811;59;59702;Lille (partie française);1039397;04-Unités urbaines de 100 000 hbts ou plus;1;21;56;-1;De 5 à 10 000 entrées;NON;;B;31;20;0;67;26,9;4;2,1;14;25,6
2436;213 204;33 033;MARTROI;53,1;47.94652;1.895679;352610;CENTRE-VAL DE LOIRE;45302;16259;45;45701;Orléans;278131;04-Unités urbaines de 100 000 hbts ou plus;10;31;9 104;5,5;De 200 à 300 000 entrées;NON;;B;120;74;69;65;20;7,5;7,5;16;48,2
979;46 798;9 803;AMB 3V;40;44.885645;1.216981;352923;NOUVELLE AQUITAINE;24520;9030;24;24205;Sarlat-la-Canéda;9030;06-autres communes et unités urbaines;6;31;3 960;3,8;De 40 à 50 000 entrées;E;RDJPPR;I;249;159;101;87;13;0;0;137;38,5
853;48 784;1 742;ASSOCIATION LE LORRAIN;27,6;48.736261;7.05462;353161;GRAND EST;57630;12259;57;57302;Sarrebourg;15917;06-autres communes et unités urbaines;5;31;2 899;27;De 40 à 50 000 entrées;E;RDJP;C;140;97;78;43,6;46,8;6,7;2,9;53;18,4
1394;52 980;14 814;SOCIETE NOUVELLE DES CINEMAS MELIES;15,2;49.11063;7.070985;353201;GRAND EST;57631;21236;57;57401;Sarreguemines (partie française);29359;05-Unités urbaines de 20 000 à 100 000 hbts;8;26;4 613;2,6;De 50 à 80 000 entrées;D;;C;152;115;82;50,7;46,6;1,3;1,5;54;18,1
80;2 477;6 535;ASSOC CENTRE SOCIO CULTUREL SARRE UNION;35,5;48.937213;7.087489;353252;GRAND EST;67434;2906;67;67125;Sarre-Union;2906;06-autres communes et unités urbaines;1;26;130;-0,6;De 2 à 5 000 entrées;NON;;I;58;40;0;66,1;24;7,2;2,7;26;31,1
436;43 158;77 709;SERTEC;57,1;48.937892;2.159419;353531;ILE-DE-FRANCE;78586;52538;78;851;Paris;10706072;03-Petite couronne;5;31;4 006;-0,4;De 40 à 50 000 entrées;NON;;B;118;62;53;69;15,5;12,5;3;37;56,9
151;5 051;18 427;ASSOCIATION CINEMA THEATRE EXPRESSION SEDELOCIEN;39,8;47.280282;4.229497;354301;BOURGOGNE / FRANCHE-COMTE;21584;2473;21;21104;Saulieu;2473;06-autres communes et unités urbaines;1;30;349;-0,7;De 5 à 10 000 entrées;E;JP;I;116;93;0;56,9;26,5;8,5;8,1;51;41,1
1469;98 079;16 651;LE PALACE;30,3;47.262131;-0.078279;354782;PAYS DE LA LOIRE;49328;27486;49;49401;Saumur;29302;05-Unités urbaines de 20 000 à 100 000 hbts;9;31;7 192;4,9;De 80 à 100 000 entrées;D;;C;196;122;97;53,5;33,7;6,6;6,2;74;36
662;50 405;45 760;LES ECRANS DU SILLON;54,7;47.363726;-1.942308;355933;PAYS DE LA LOIRE;44195;8319;44;44215;Savenay;11232;06-autres communes et unités urbaines;5;31;3 615;0,1;De 50 à 80 000 entrées;E;JP;C;133;96;65;69;18,1;8,8;4;57;64,5
189;1 617;33 778;COMMUNE DE SAVERDUN;49,4;43.236313;1.574721;355993;OCCITANIE;9282;4734;9;9105;Saverdun;4734;06-autres communes et unités urbaines;1;29;155;-1;Moins de 2000 entrées;E;;I;105;81;0;67,8;18,3;11,8;2,1;54;65,7
412;18 018;2 224;SAVERNE CULTURES ET LOISIRS;25;48.739119;7.36694;356024;GRAND EST;67437;11238;67;67307;Saverne;18828;06-autres communes et unités urbaines;2;31;1 274;7,1;De 10 à 20 000 entrées;E;JP;C;97;65;47;49,4;30,9;19,7;0;45;19,7
390;7 625;23 338;ESPACE PREVERT ANIMATION;16,2;48.57649;2.579118;356431;ILE-DE-FRANCE;77445;30260;77;851;Paris;10706072;03-Petite couronne;1;31;467;-0,7;De 5 à 10 000 entrées;C;;B;107;75;2;40,5;56,2;1,2;2,1;50;19,1
270;25 507;97 189;LES GEMEAUX SCENE NATIONALE;43,5;48.777656;2.292628;356871;ILE-DE-FRANCE;92071;19355;92;851;Paris;10706072;02-Grande Couronne;1;31;583;-0,7;De 20 à 30 000 entrées;C;RDJPPR;B;120;80;9;66,8;23,1;5,1;5;87;42,4
450;12 388;21 109;SEDAN CINEMA;41,6;49.698315;4.947865;357672;GRAND EST;8409;17248;8;8401;Sedan;26148;05-Unités urbaines de 20 000 à 100 000 hbts;3;30;802;-0,4;De 10 à 20 000 entrées;NON;;C;93;67;17;55,6;26,3;12,1;6;27;37,5
212;7 510;37 683;SEES DU CINE;37,9;48.607433;0.170941;357751;NORMANDIE;61464;4209;61;61107;Sées;4209;06-autres communes et unités urbaines;1;29;425;-0,8;De 5 à 10 000 entrées;E;JPPR;I;98;69;4;72,4;15,1;7,3;5,1;47;42,9
375;20 842;14 880;ABC49 LES AMIS DU BON CINEMA;40,2;47.68565;-0.868807;357904;PAYS DE LA LOIRE;49331;17603;49;49212;Segré;17603;06-autres communes et unités urbaines;3;31;1 418;0,4;De 20 à 30 000 entrées;E;JPPR;C;117;78;27;67,8;22,6;4,5;5,1;53;39
594;28 321;21 522;SOCIETE GESTION EXPLOITATION CINEMATOGRAPHIQUES;7,8;48.257586;7.452058;358333;GRAND EST;67462;19252;67;67306;Sélestat;19252;06-autres communes et unités urbaines;3;31;2 043;0,3;De 20 à 30 000 entrées;E;RDJP;I;153;106;47;34,1;56,8;6,6;2,5;66;7
123;3 699;296 592;CINEMA STUDIO DE SELLES SUR CHER;67,8;47.274507;1.55439;358561;CENTRE-VAL DE LOIRE;41242;4625;41;41111;Selles-sur-Cher;4625;06-autres communes et unités urbaines;1;30;326;-1;De 2 à 5 000 entrées;E;JP;I;95;73;1;47,9;22,1;15,1;14,9;34;78,6
124;6 929;723 903;ASSOCIATION L' OEIL ECOUTE;77,3;47.49215;4.334794;359082;BOURGOGNE / FRANCHE-COMTE;21603;4124;21;21109;Semur-en-Auxois;4124;06-autres communes et unités urbaines;1;26;352;-1;De 5 à 10 000 entrées;E;RDJPPR;I;111;79;1;57,5;20,6;16,4;5,5;71;79,2
227;5 232;13 043;ASSOCIATION PATRONAGE SAINT RIEUL;28,3;49.208302;2.585995;359462;HAUTS DE FRANCE;60612;14777;60;60306;Senlis;15685;06-autres communes et unités urbaines;1;13;259;-0,6;De 5 à 10 000 entrées;E;RDJPPR;C;68;34;9;39,6;50,1;7,9;2,4;42;19,1
306;8 957;361 845;ASSOCIATION PROMOTION DES ACTIVITES CINEMATOGRAPHIQUES SENONCHE;25,3;48.561662;1.032664;359622;CENTRE-VAL DE LOIRE;28373;3092;28;28107;Senonches;3092;06-autres communes et unités urbaines;1;31;516;-1;De 5 à 10 000 entrées;E;JP;I;131;89;13;50,4;40,1;6,6;3;72;17,5
1340;88 059;8 080;SOCIETE SENONAISE D'EXPLOITATION CINEMATOGRAPHIQUE;31,4;48.176509;3.284553;359772;BOURGOGNE / FRANCHE-COMTE;89387;25784;89;89401;Sens;37683;05-Unités urbaines de 20 000 à 100 000 hbts;7;31;6 745;9,9;De 80 à 100 000 entrées;D;JPPR;C;187;128;110;57,4;30,8;9,8;1,9;86;26,8
158;4 578;3 814;CENTRE SOCIO CULTUREL;57,7;49.317865;6.093266;360572;GRAND EST;57647;4343;57;57601;Thionville;132722;04-Unités urbaines de 100 000 hbts ou plus;1;30;291;0,2;De 2 à 5 000 entrées;C;;B;92;71;0;65,4;16,8;14;3,8;47;63,7
481;42 456;25 254;VEO BASSIN DE THAU;18,4;43.404513;3.695345;362034;OCCITANIE;34301;43620;34;34502;Sète;91281;05-Unités urbaines de 20 000 à 100 000 hbts;3;31;2 168;0,7;De 40 à 50 000 entrées;D;RD;C;220;99;73;40,7;50,5;1,5;7,3;142;9,9
299;8 260;37 088;VEO BASSIN DE THAU;35,2;43.408726;3.698237;362074;OCCITANIE;34301;43620;34;34502;Sète;91281;05-Unités urbaines de 20 000 à 100 000 hbts;3;16;1 069;-0,8;De 5 à 10 000 entrées;NON;;C;60;48;32;64,6;23,3;4,4;7,7;23;41,3
380;9 490;18 682;ETABLISSEMENT PUBLIC DE COOPERATION CULTURELLE SEVRES ESPACE LOI;53,3;48.82472689999999;2.21509930000002;362414;ILE-DE-FRANCE;92072;23332;92;851;Paris;10706072;02-Grande Couronne;1;26;211;-0,5;De 5 à 10 000 entrées;C;;B;82;63;0;75,2;19,4;5,5;0;45;50,6
277;10 080;149 148;AUDITORIUM DE SEYNOD;42,5;45.889595;6.101037;362651;AUVERGNE / RHONE-ALPES;74010;125694;74;74601;Annecy;168098;04-Unités urbaines de 100 000 hbts ou plus;1;26;362;-0,9;De 10 à 20 000 entrées;C;JP;C;121;75;0;66,9;21,5;6,1;5,5;58;42,8
128;2 378;170 756;BOUET JORDA LAURENCE ET JEAN-MICHEL;58,7;45.95807;5.835541;362693;AUVERGNE / RHONE-ALPES;74269;2290;74;164;Seyssel;4526;06-autres communes et unités urbaines;1;28;122;-1;De 2 à 5 000 entrées;NON;;C;77;59;0;75,8;14,5;8,8;0,9;28;61,6
319;15 853;548 822;ASSOCIATION CINEMA SEZ  ART;45,4;48.721194;3.729236;362773;GRAND EST;51535;4996;51;51202;Sézanne;4996;06-autres communes et unités urbaines;2;31;1 603;-1;De 10 à 20 000 entrées;E;JPPR;I;107;76;20;57,6;29,4;9,2;3,9;51;40,9
206;3 711;7 858;MAISON DES JEUNES ET DES LOISIRS DE SIGEAN;77;43.028712;2.979248;363131;OCCITANIE;11379;5463;11;11201;Sigean;5463;06-autres communes et unités urbaines;1;24;271;-0,5;De 2 à 5 000 entrées;NON;;I;44;35;0;73,9;11,2;8,8;6,1;13;66,9
0;12 783;209 244;CINEBUS;35,3;45.941027;6.035993;363480;AUVERGNE / RHONE-ALPES;74272;5045;74;74601;Annecy;168098;04-Unités urbaines de 100 000 hbts ou plus;1;30;419;-0,9;De 10 à 20 000 entrées;C;JPPR;B;86;49;0;54;36,6;4,5;5;49;30,7
225;5 006;125 111;MICHEL GUY HENRI PIERRE;40,3;44.194031;5.94255;364121;PROVENCE-ALPES-COTE D'AZUR;4209;7213;4;4204;Sisteron;7213;06-autres communes et unités urbaines;2;28;620;-1;De 5 à 10 000 entrées;NON;;I;80;66;13;62,2;27,3;6,4;4,1;19;36,4
450;53 113;546 779;L YRE SIX N ETOILES;22,7;43.093086;5.83938;364205;PROVENCE-ALPES-COTE D'AZUR;83129;33339;83;757;Toulon;569793;04-Unités urbaines de 100 000 hbts ou plus;3;30;2 422;-0,9;De 50 à 80 000 entrées;C;JPPR;B;178;109;57;47,2;39,6;4,5;8,6;80;21,3
982;40 282;63 387;KALLISTE FILMS;50,6;49.382084;3.326393;364503;HAUTS DE FRANCE;2722;28410;2;2404;Soissons;42947;05-Unités urbaines de 20 000 à 100 000 hbts;6;31;4 708;-0,4;De 40 à 50 000 entrées;D;JP;C;123;79;66;77,1;17;3,8;2,1;40;54,1
200;243;21 513;BEL ARIA;63,5;41.904436;9.388834;364632;CORSE;2B283;706;2B;0;Zone rurale;14541106;04-Unités urbaines de 100 000 hbts ou plus;1;7;37;-1;Moins de 2000 entrées;NON;;R;21;20;2;50,7;27,9;13,5;7,9;5;70
178;2 791;23 011;CONSALES DIDIER;65,5;43.190268;6.038903;364945;PROVENCE-ALPES-COTE D'AZUR;83130;10951;83;757;Toulon;569793;04-Unités urbaines de 100 000 hbts ou plus;1;25;138;-0,9;De 2 à 5 000 entrées;NON;;B;45;38;3;64,9;7,3;12,5;15,3;11;76,6
200;73;322 478;LE CINEMA DU SOLEIL;17,9;43.19314;6.005894;364961;PROVENCE-ALPES-COTE D'AZUR;83131;5756;83;757;Toulon;569793;04-Unités urbaines de 100 000 hbts ou plus;1;2;2;-1;Moins de 2000 entrées;NON;;B;2;2;0;61,3;13,8;21,7;3,2;0;15,8
192;5 144;265 365;BOUREL PHILIPPE;25,4;50.174295;4.093165;364991;HAUTS DE FRANCE;59572;1833;59;0;Zone rurale;14541106;04-Unités urbaines de 100 000 hbts ou plus;1;27;222;-1;De 5 à 10 000 entrées;NON;;R;57;46;1;52,1;41,1;5,2;1,6;14;17,4
296;20 300;9 612;CINEMA LE VENISE;34,1;43.782561;4.087698;365434;OCCITANIE;30321;4753;30;30208;Sommières;7520;06-autres communes et unités urbaines;3;29;1 829;1,1;De 20 à 30 000 entrées;E;;C;116;87;52;63,5;29,6;6;0,9;50;29,1
390;12 114;7 408;PEI;32,8;43.664191;-1.395;365721;NOUVELLE AQUITAINE;40304;3823;40;40301;Capbreton;12599;06-autres communes et unités urbaines;1;31;472;0,6;De 10 à 20 000 entrées;E;;B;124;109;62;58,3;31,9;6;3,9;47;28,6
344;4 077;4 930;VEO CINEMAS;27,8;44.897861;1.477417;366992;OCCITANIE;46309;3353;46;46107;Souillac;4141;06-autres communes et unités urbaines;2;30;712;-0,2;De 2 à 5 000 entrées;E;JP;C;120;102;11;53,1;40,2;3,9;2,8;51;18
287;7 997;7 594;ARTS ET TECHNIQUES;28,5;45.51424;-1.123506;367052;NOUVELLE AQUITAINE;33514;2621;33;33104;Soulac-sur-Mer;2621;06-autres communes et unités urbaines;1;30;301;0,1;De 5 à 10 000 entrées;E;JP;I;122;95;14;51,4;38,9;6,9;2,7;58;16,5
225;790;78 212;COMMUNE DE SOULTZ SOUS FORETS;27,9;48.935358;7.883424;367453;GRAND EST;67474;3127;67;67115;Soultz-sous-Forêts;3127;06-autres communes et unités urbaines;1;9;18;-1;Moins de 2000 entrées;NON;;I;9;3;0;49,7;41,2;3,7;5,4;1;17,9
206;5 800;32 347;PEI;62,4;43.753649;-1.327299;367871;NOUVELLE AQUITAINE;40310;7664;40;40205;Soustons;7664;06-autres communes et unités urbaines;1;26;379;-0,8;De 5 à 10 000 entrées;E;RDJP;I;116;85;18;64,9;28,1;4,7;2,4;62;61,1
190;3 572;20 999;COMMUNE DE LA SOUTERRAINE;68,5;46.236572;1.486137;367911;NOUVELLE AQUITAINE;23176;5315;23;23201;La Souterraine;5315;06-autres communes et unités urbaines;1;24;335;-0,8;De 2 à 5 000 entrées;E;JPPR;I;98;72;0;50,6;25,9;6,9;16,6;48;73,1
699;5 833;4 929;COMITE GESTION CENTRE LOISIRS CULTURE PAUL ELUARD;31,8;48.951678;2.381372;368403;ILE-DE-FRANCE;93072;39551;93;851;Paris;10706072;02-Grande Couronne;1;16;76;0,2;De 5 à 10 000 entrées;NON;;B;44;20;0;68,7;21,6;6,3;3,4;11;25,1
210;4 446;207 665;CENTRE SOCIAL ET CULTUREL CANTON STENAY;43,8;49.487702;5.197037;368614;GRAND EST;55502;2745;55;55105;Stenay;3173;06-autres communes et unités urbaines;1;24;341;-1;De 2 à 5 000 entrées;NON;;C;75;58;5;61,7;18,5;11;8,9;17;48,1
304;20 393;334 363;ODYSSEE;22,5;48.582601;7.745895;368723;GRAND EST;67482;277270;67;67701;Strasbourg (partie française);461101;04-Unités urbaines de 100 000 hbts ou plus;2;31;2 585;-0,9;De 20 à 30 000 entrées;A;RDJPPR;C;217;3;0;45,2;48,1;4,4;2,4;179;24,3
1052;55 806;10 941;SOCIETE NOUVELLE CINE VOX;34,6;48.581785;7.746387;368764;GRAND EST;67482;277270;67;67701;Strasbourg (partie française);461101;04-Unités urbaines de 100 000 hbts ou plus;7;30;5 062;4,1;De 50 à 80 000 entrées;NON;;C;142;77;74;64,8;30,3;2,8;2,1;30;30,3
529;66 002;12 286;LE CINEMATOGRAPHE;29,1;48.583754;7.742752;368801;GRAND EST;67482;277270;67;67701;Strasbourg (partie française);461101;04-Unités urbaines de 100 000 hbts ou plus;5;31;5 312;4,4;De 50 à 80 000 entrées;A;RDJPPR;C;204;129;96;42,4;37,8;15,1;4,7;169;25,5
691;78 712;28 230;CINEST;39,8;48.582805;7.74237;369781;GRAND EST;67482;277270;67;67701;Strasbourg (partie française);461101;04-Unités urbaines de 100 000 hbts ou plus;5;31;5 147;1,8;De 50 à 80 000 entrées;A;RDJPPR;C;193;101;70;62,8;18,2;12,3;6,7;118;33,5
5412;402 362;3 248;UGC CINE CITE STRASBOURG;31,6;48.572723;7.764957;369792;GRAND EST;67482;277270;67;67701;Strasbourg (partie française);461101;04-Unités urbaines de 100 000 hbts ou plus;22;31;18 750;122,9;De 300 à 450 000 entrées;NON;;C;338;166;156;64,5;30,1;2,9;2,5;161;22,8
205;9 424;10 341;VILLE DE SUCY EN BRIE;31,5;48.772452;2.512597;370073;ILE-DE-FRANCE;94071;26264;94;851;Paris;10706072;02-Grande Couronne;1;25;202;-0,1;De 5 à 10 000 entrées;NON;;B;81;60;0;55,1;36,7;6,4;1,8;35;29,2
204;5 378;19 682;SARL 2H;54,5;47.765104;2.374435;370251;CENTRE-VAL DE LOIRE;45315;5386;45;45302;Sully-sur-Loire;11960;06-autres communes et unités urbaines;1;29;356;-0,7;De 5 à 10 000 entrées;NON;;C;115;90;4;43,3;16,5;0;40,2;62;100
644;46 842;29 504;ESPACE CINEMA;36,6;48.871363;2.229109;370411;ILE-DE-FRANCE;92073;48565;92;851;Paris;10706072;02-Grande Couronne;4;31;3 771;0,6;De 40 à 50 000 entrées;C;JP;B;144;91;72;65,3;23;2,4;9,3;77;47,1
210;10 959;9 490;ESPACE CULTUREL LE PALACE;37,5;46.108206;-0.750249;370483;NOUVELLE AQUITAINE;17434;6750;17;17203;Surgères;6750;06-autres communes et unités urbaines;1;31;671;0,2;De 10 à 20 000 entrées;E;JP;I;164;141;33;59,2;31,6;7,5;1,7;76;28,7
243;7 804;15 383;ECRANS SPECTACLES SUD AVEYRON;54,5;43.955721;2.884014;371131;OCCITANIE;12208;8236;12;12202;Saint-Affrique;9417;06-autres communes et unités urbaines;2;21;644;-0,5;De 5 à 10 000 entrées;NON;;C;90;74;14;66;18,7;13,6;1,6;37;60,4
232;6 726;5 122;ASSOCIATION DU CINEMA LE PETIT CASINO;48,5;47.269008;1.371774;371581;CENTRE-VAL DE LOIRE;41198;2883;41;41205;Saint-Aignan;7900;06-autres communes et unités urbaines;2;30;549;0,3;De 5 à 10 000 entrées;E;JPPR;C;140;106;1;57,3;29;8,3;5,4;72;48
1007;106 259;121 010;CINE HAINAUT;34,1;50.437378;3.449925;372146;HAUTS DE FRANCE;59526;16534;59;59402;Saint-Amand-les-Eaux;33873;05-Unités urbaines de 20 000 à 100 000 hbts;6;31;4 194;-0,1;De 100 à 150 000 entrées;NON;;C;141;91;69;54,1;35;5,4;5,5;37;26,3
226;9 505;8 516;COMMUNE DE SAINT AMAND MONTROND;44;46.722722;2.503052;372181;CENTRE-VAL DE LOIRE;18197;9919;18;18301;Saint-Amand-Montrond;12320;06-autres communes et unités urbaines;2;30;911;0,1;De 5 à 10 000 entrées;E;JP;C;114;94;39;56,1;35,3;7;1,6;43;46,1
100;5 640;156 023;CINE PARC;25,6;45.583013;3.621912;372341;AUVERGNE / RHONE-ALPES;63314;500;63;0;Zone rurale;14541106;04-Unités urbaines de 100 000 hbts ou plus;1;29;168;-1;De 5 à 10 000 entrées;E;JP;R;36;16;0;68,7;24,6;2,7;4,1;24;33,4
951;57 744;16 585;CINE VILLAGE;24,2;45.009604;-0.438522;372923;NOUVELLE AQUITAINE;33366;10791;33;33306;Saint-André-de-Cubzac;22342;05-Unités urbaines de 20 000 à 100 000 hbts;6;30;5 570;2,5;De 50 à 80 000 entrées;D;JP;C;240;120;77;31,1;54,6;10,4;3,9;113;20,2
0;779;2 652;RATAJCZYK FREDERIC;17,8;45.174031;5.218117;373599;AUVERGNE / RHONE-ALPES;38359;1167;38;0;Zone rurale;14541106;04-Unités urbaines de 100 000 hbts ou plus;1;6;8;-0,7;Moins de 2000 entrées;NON;;R;7;1;0;63;35,2;1,4;0,3;2;18,5
108;4 455;5 370;SEVEGNES LILIANE;77,2;44.150668;1.754536;373722;OCCITANIE;82155;1866;82;0;Zone rurale;14541106;04-Unités urbaines de 100 000 hbts ou plus;1;28;271;-0,2;De 2 à 5 000 entrées;E;;R;49;41;0;55,9;19,7;15,6;8,8;35;74,1
439;12 113;9 958;COMMUNE DE SAINT ARNOULT EN YVELINES;17,7;48.571134;1.933453;374021;ILE-DE-FRANCE;78537;6086;78;78202;Saint-Arnoult-en-Yvelines;6086;03-Petite couronne;1;30;513;0,2;De 10 à 20 000 entrées;NON;;I;71;55;1;41,8;48,5;7,2;2,5;23;11,9
341;7 869;97 724;COMMUNE DE SAINT- ASTIER;54,1;45.145584;0.526425;374082;NOUVELLE AQUITAINE;24372;5530;24;24203;Saint-Astier;6790;06-autres communes et unités urbaines;1;29;453;-0,9;De 5 à 10 000 entrées;E;JP;C;103;65;2;51,9;25,7;17,7;4,6;46;56,8
300;11 857;2 041;FAMILLES RURALES FEDERATION REGIONALE DES PAYS DE LA LOIRE;18,7;47.3292625;-0.6707131000000572;374431;PAYS DE LA LOIRE;49292;3352;49;0;Zone rurale;14541106;04-Unités urbaines de 100 000 hbts ou plus;1;21;266;4,8;De 10 à 20 000 entrées;NON;;R;53;29;1;53,5;36,1;6,7;3,7;19;12,1
293;7 848;10 531;CINEMA MAUCLERC;29,1;48.256952;-1.391536;374582;BRETAGNE;35253;3732;35;35121;Saint-Aubin-du-Cormier;3732;06-autres communes et unités urbaines;2;30;368;-0,3;De 5 à 10 000 entrées;E;JP;I;117;102;8;70,1;24,7;4,6;0,6;42;29
179;2 686;724 745;SOCIETE NORMANDE D EXPLOITATION INDUSTRIELLE ET COMMERCIALE;30,1;49.329525;-0.385911;374903;NORMANDIE;14562;2418;14;14302;Douvres-la-Délivrande - Luc-sur-Mer;14825;06-autres communes et unités urbaines;1;28;274;-1;De 2 à 5 000 entrées;NON;;B;89;76;0;50,8;43,8;4,3;1,1;23;37,9
186;1 935;45 027;BURG RENE;53,4;45.201563;0.134975;375012;NOUVELLE AQUITAINE;24376;1448;24;0;Zone rurale;14541106;04-Unités urbaines de 100 000 hbts ou plus;1;24;146;-1;Moins de 2000 entrées;NON;;R;69;49;0;61,2;21,4;8,2;9,2;26;63,6
205;5 453;529 295;COMMUNE DE SAINT AVOLD;37,6;49.106153;6.700789;375325;GRAND EST;57606;15748;57;57402;Saint-Avold (partie française);34694;05-Unités urbaines de 20 000 à 100 000 hbts;1;24;170;-1;De 5 à 10 000 entrées;D;;C;73;42;0;59,3;23,5;7,1;10;50;43,3
258;2 439;12 215;AGORA CINEMAS;20,4;45.411405;6.633802;376531;AUVERGNE / RHONE-ALPES;73227;2370;73;0;Zone rurale;14541106;04-Unités urbaines de 100 000 hbts ou plus;1;19;216;-0,8;De 2 à 5 000 entrées;NON;;R;48;35;23;47;44,8;7,8;0,4;10;16,7
212;2 162;50 828;SAINT JEAN ASSOCIATION;24,7;44.682199;6.075234;376802;PROVENCE-ALPES-COTE D'AZUR;5132;2021;5;0;Zone rurale;14541106;04-Unités urbaines de 100 000 hbts ou plus;1;23;67;-1;De 2 à 5 000 entrées;NON;;R;33;18;0;54,6;32,2;6,6;6,6;28;33,9
145;6 040;311 647;COMMUNAUTE DE COMMUNES DE SAINT BONNET LE CHATEAU;29,9;45.421496;4.064272;376842;AUVERGNE / RHONE-ALPES;42204;1552;42;0;Zone rurale;14541106;04-Unités urbaines de 100 000 hbts ou plus;1;30;689;-1;De 5 à 10 000 entrées;E;RDJPPR;R;143;114;2;55,7;25,4;1,8;17,1;77;35,7
465;45 708;494 818;SUD ESTUAIRE ET LITTORAL - OFFICE DE TOURISME;40,5;47.246308;-2.135768;377083;PAYS DE LA LOIRE;44154;13492;44;44401;Saint-Brevin-les-Pins;23405;05-Unités urbaines de 20 000 à 100 000 hbts;3;31;2 340;-0,9;De 40 à 50 000 entrées;D;JP;C;176;122;64;53,3;32,6;5,9;8,3;94;41,2
1150;44 749;26 445;SOCIETE RENNAISE DE DIFFUSION CINEMATOGRAPHIQUE;80;48.508095;-2.760537;377271;BRETAGNE;22278;45105;22;22501;Saint-Brieuc;94500;05-Unités urbaines de 20 000 à 100 000 hbts;6;20;2 415;0,7;De 40 à 50 000 entrées;D;RDJPPR;C;144;73;55;58,6;17,6;14,4;9,4;117;81
131;4 005;15 571;MAISON DES JEUNES ET DE LA CULTURE;73,5;47.920147;0.743555;377441;PAYS DE LA LOIRE;72269;3281;72;72116;Saint-Calais;3814;06-autres communes et unités urbaines;1;26;244;-0,7;De 2 à 5 000 entrées;E;;C;119;82;0;59,5;10,7;23;6,8;67;91,3
284;2 927;2 629;MAISON DES JEUNES ET DE LA CULTURE DE SAINT CERE;18,2;44.85779;1.896668;377892;OCCITANIE;46251;3476;46;46106;Saint-Céré;4572;06-autres communes et unités urbaines;1;23;257;0,1;De 2 à 5 000 entrées;E;;C;82;60;0;38,6;51,7;7,8;1,9;34;13,2
170;1 947;5 542;CINE GUIL;31,1;44.932417;6.590074;378061;PROVENCE-ALPES-COTE D'AZUR;5133;1643;5;5301;Briançon;17468;06-autres communes et unités urbaines;2;11;324;-0,6;Moins de 2000 entrées;NON;;B;39;26;13;57;35,9;3,7;3,5;10;26,1
152;9 525;12 011;COMMUNAUTE DE COMMUNES DES TERRES D APCHER MARGUERIDE AUBRAC;27,7;44.803412;3.275679;378233;OCCITANIE;48140;4156;48;48103;Saint-Chély-d'Apcher;4156;06-autres communes et unités urbaines;1;31;748;-0,2;De 5 à 10 000 entrées;E;RDJP;I;150;96;3;47,3;42,2;6,4;4,1;77;16,4
225;1 635;255 222;COMMUNE DE SAINT CIERS SUR GIRONDE;36,6;45.290626;-0.610204;379013;NOUVELLE AQUITAINE;33389;3039;33;33107;Saint-Ciers-sur-Gironde;3039;06-autres communes et unités urbaines;1;24;226;-1;Moins de 2000 entrées;E;;I;102;83;0;51,8;22,9;15,9;9,4;44;37
419;11 662;158 579;ASSOCIATION LA FRATERNELLE;67,4;46.387715;5.86346;379403;BOURGOGNE / FRANCHE-COMTE;39478;9732;39;39302;Saint-Claude;10346;06-autres communes et unités urbaines;3;31;1 521;-0,9;De 10 à 20 000 entrées;E;RDJPPR;C;211;158;34;70,7;13,6;9,6;6,1;121;65,3
466;15 346;21 025;COMMUNE DE SAINT CLOUD;25,7;48.852362;2.216385;379671;ILE-DE-FRANCE;92064;29362;92;851;Paris;10706072;02-Grande Couronne;2;26;672;-0,3;De 10 à 20 000 entrées;C;;B;119;84;32;56,2;27,1;6,6;10,1;73;13,1
168;7 170;11 197;CENTRE D'ACTION CULTURELLE;52,1;48.799763;2.067533;381152;ILE-DE-FRANCE;78545;18221;78;851;Paris;10706072;03-Petite couronne;1;27;430;-0,4;De 5 à 10 000 entrées;C;JPPR;B;98;74;0;42,4;18,3;34,8;4,4;53;68,4
292;1 407;112 064;CINE-OFF;15,5;47.419122;0.653805;381240;CENTRE-VAL DE LOIRE;37214;15911;37;37701;Tours;353042;04-Unités urbaines de 100 000 hbts ou plus;1;7;9;-1;Moins de 2000 entrées;NON;;B;7;5;0;30,5;57,6;8,7;3,1;2;9,5
110;6 168;1 128 491;LE CINEMA DU SOLEIL;51,6;43.19174;5.713725;381260;PROVENCE-ALPES-COTE D'AZUR;83112;12103;83;757;Toulon;569793;04-Unités urbaines de 100 000 hbts ou plus;1;27;553;-1;De 5 à 10 000 entrées;NON;;B;113;74;22;49,5;27,6;19,8;3,1;52;47,9
398;30 585;20 573;CINEMA L'ECRAN;22,7;48.93659;2.358747;381912;ILE-DE-FRANCE;93066;111103;93;851;Paris;10706072;02-Grande Couronne;2;30;1 335;0,5;De 30 à 40 000 entrées;C;RDJPPR;B;212;111;43;51;42,4;3,8;2,8;160;12,5
1513;71 664;141 380;GAUMONT;61,8;48.925395;2.363117;381941;ILE-DE-FRANCE;93066;111103;93;851;Paris;10706072;02-Grande Couronne;9;31;7 256;-0,5;De 50 à 80 000 entrées;NON;;B;155;69;62;63,3;20,3;11,1;5,3;21;53,9
900;20 905;273 635;CINEMA LORRAIN CINELOR;23;48.284403;6.952124;382412;GRAND EST;88413;20079;88;88403;Saint-Dié-des-Vosges;41934;05-Unités urbaines de 20 000 à 100 000 hbts;4;31;2 217;-0,9;De 20 à 30 000 entrées;D;;C;118;99;69;46,7;44,3;6,8;2,2;37;17,5
96;4 881;242 715;ASSOCIATION CINEMA D ART ET D'ESSAI;45,3;48.284368;6.952934;382423;GRAND EST;88413;20079;88;88403;Saint-Dié-des-Vosges;41934;05-Unités urbaines de 20 000 à 100 000 hbts;1;23;306;-1;De 2 à 5 000 entrées;D;RDJPPR;C;61;30;0;62,1;26;7,6;4,2;55;37,6
1122;57 074;111 594;COMPLEXE CINEMATOGRAPHIQUE MARNAIS;30,7;48.640036;4.95025;382552;GRAND EST;52448;25182;52;460;Saint-Dizier;31794;05-Unités urbaines de 20 000 à 100 000 hbts;7;31;4 970;-0,5;De 50 à 80 000 entrées;D;RDJP;C;196;144;105;59,6;31,5;4,7;4,2;92;31,1
232;3 021;5 924;MAISON DES JEUNES ET DE LA CULTURE DU PAYS DE L'HERBASSE;55,5;45.122686;4.98172;382660;AUVERGNE / RHONE-ALPES;26301;4018;26;26104;Saint-Donat-sur-l'Herbasse;4018;06-autres communes et unités urbaines;1;30;161;-0,5;De 2 à 5 000 entrées;E;JP;I;99;75;1;64,2;18,6;12,7;4,5;41;49,5
432;23 622;61 017;COMMUNE DE SAINT EGREVE;11,2;45.230283;5.681963;382760;AUVERGNE / RHONE-ALPES;38382;15738;38;38701;Grenoble;511598;04-Unités urbaines de 100 000 hbts ou plus;2;29;1 039;-0,6;De 20 à 30 000 entrées;C;JP;B;179;139;22;41;53,8;2;3,2;89;5,9
2006;71 562;21 594;GAUMONT;22,6;45.441579;4.383999;383245;AUVERGNE / RHONE-ALPES;42218;171057;42;753;Saint-Étienne;373130;04-Unités urbaines de 100 000 hbts ou plus;10;31;8 926;2,3;De 50 à 80 000 entrées;NON;;C;99;77;71;56,2;37,2;5,4;1,2;8;23,4
477;18 962;72 717;AMIS DU BON CINEMA;34,5;45.43924;4.401579;383261;AUVERGNE / RHONE-ALPES;42218;171057;42;753;Saint-Étienne;373130;04-Unités urbaines de 100 000 hbts ou plus;2;23;1 229;-0,7;De 10 à 20 000 entrées;A;RDJPPR;C;192;86;13;51,2;35,7;7,6;5,5;148;31,2
630;61 959;52 708;SOCIETE BRAYTOISE D EXPLOITATION CINEMATOGRAPHIQUE S.B.E.C.;77,4;45.441646;4.387294;383585;AUVERGNE / RHONE-ALPES;42218;171057;42;753;Saint-Étienne;373130;04-Unités urbaines de 100 000 hbts ou plus;4;31;3 975;0,2;De 50 à 80 000 entrées;A;RDJPPR;C;164;126;95;70,7;8,7;14,6;5,9;133;74,4
1640;53 783;23 490;ALLIANCE BOURGUIGNONNE CINEMATOGRAPHIQUE;78,7;45.4379;4.395893;383589;AUVERGNE / RHONE-ALPES;42218;171057;42;753;Saint-Étienne;373130;04-Unités urbaines de 100 000 hbts ou plus;10;31;9 533;1,3;De 50 à 80 000 entrées;NON;;C;113;88;87;52,9;13,9;24,5;8,6;38;81
950;63 807;67 985;VEO URFOL SAINT CHAMOND;37,5;45.472045;4.505391;383599;AUVERGNE / RHONE-ALPES;42207;34870;42;753;Saint-Étienne;373130;04-Unités urbaines de 100 000 hbts ou plus;6;31;3 791;-0,1;De 50 à 80 000 entrées;C;JPPR;B;202;122;68;65,4;22,1;8,8;3,7;88;38,9
241;5 858;11 104;ASSOCIATION DU MONTLUC CINEMA;50,5;47.275577;-1.779561;383961;PAYS DE LA LOIRE;44158;6840;44;44205;Saint-Étienne-de-Montluc;6840;06-autres communes et unités urbaines;1;22;192;-0,5;De 5 à 10 000 entrées;E;JP;I;89;60;0;80,4;11,5;4;4,1;47;55,5
250;3 688;44 939;CINEGIL;15,8;44.225131;6.93274;384051;PROVENCE-ALPES-COTE D'AZUR;6120;1468;6;0;Zone rurale;14541106;04-Unités urbaines de 100 000 hbts ou plus;1;19;231;-0,9;De 2 à 5 000 entrées;NON;;R;43;33;4;42,3;48,6;7,7;1,4;10;14,2
1251;70 569;8 756;GRAND ECRAN III;35,3;44.906415;-0.484312;384532;NOUVELLE AQUITAINE;33397;4576;33;33701;Bordeaux;904359;04-Unités urbaines de 100 000 hbts ou plus;7;30;4 819;7,1;De 50 à 80 000 entrées;NON;;B;124;99;83;59;29,4;7,2;4,4;32;38,7
222;3 543;15 693;COMMUNE DE SAINT FARGEAU PONTHIERRY;25,5;48.535934;2.547053;384792;ILE-DE-FRANCE;77407;14172;77;851;Paris;10706072;03-Petite couronne;1;26;284;-0,8;De 2 à 5 000 entrées;C;;B;90;64;0;58,6;16,3;25,1;0;42;47,9
299;1 065;21 396;SOLUTIONS BUREAUTIQUE CORSE;32,2;42.676812;9.302536;385371;CORSE;2B298;1604;2B;0;Zone rurale;14541106;04-Unités urbaines de 100 000 hbts ou plus;1;11;74;-1;Moins de 2000 entrées;NON;;R;36;35;10;63,4;26,7;6,7;3,2;7;24,3
286;3 959;58 021;ASSOCIATION ST FLORENT CULTURE;16,4;46.996042;2.252694;385392;CENTRE-VAL DE LOIRE;18207;6671;18;18202;Saint-Florent-sur-Cher;6671;06-autres communes et unités urbaines;1;27;354;-0,9;De 2 à 5 000 entrées;E;JPPR;I;79;59;0;37,3;52,3;7,7;2,7;34;10,4
152;6 592;2 956;PANORAMIC;43,4;47.815917;3.799085;385401;BOURGOGNE / FRANCHE-COMTE;89068;2300;89;0;Zone rurale;14541106;04-Unités urbaines de 100 000 hbts ou plus;1;30;204;1,2;De 5 à 10 000 entrées;E;JP;R;81;62;0;77,2;16,3;3;3,5;46;43,5
192;1 533;221 790;CINE GLONNE;59,8;47.363746;-1.0164589999999407;385421;PAYS DE LA LOIRE;49244;18356;49;49208;La Pommeraye;18356;06-autres communes et unités urbaines;1;19;99;-1;Moins de 2000 entrées;D;;C;57;38;0;55,4;25,1;10,7;8,8;29;56,6
252;9 565;100 167;HAUTE AUVERGNE MEDIA;28,4;45.03382;3.095174;385491;AUVERGNE / RHONE-ALPES;15187;6630;15;15201;Saint-Flour;6630;06-autres communes et unités urbaines;2;30;662;-0,9;De 5 à 10 000 entrées;E;RDJP;I;123;102;7;67,5;24,7;1,4;6,4;54;24,7
515;20 717;6 881;COMMUNAUTE DE COMMUNES DU PAYS FOYEN;42,5;44.842499;0.219805;385793;NOUVELLE AQUITAINE;33402;2414;33;553;Bergerac;64508;05-Unités urbaines de 20 000 à 100 000 hbts;3;30;1 325;2;De 20 à 30 000 entrées;D;;B;176;129;104;65,4;21,6;4,7;8,2;93;33,3
280;35 880;10 727;SON IMAGE RENCONTRES FIDESIENNES;40,4;45.73594;4.79997;385823;AUVERGNE / RHONE-ALPES;69202;21978;69;758;Lyon;1639558;04-Unités urbaines de 100 000 hbts ou plus;2;30;1 369;2,3;De 30 à 40 000 entrées;C;RDJPPR;B;188;108;33;61,7;22,8;11,4;4;123;34
160;2 535;20 069;LE STAR;25,8;45.415068;6.357553;385941;AUVERGNE / RHONE-ALPES;73235;460;73;0;Zone rurale;14541106;04-Unités urbaines de 100 000 hbts ou plus;1;20;152;-0,9;De 2 à 5 000 entrées;NON;;R;70;52;22;46;45,2;1,6;7,2;16;28,8
202;8 880;31 047;ASSOCIATION CINEMATOGRAPHIQUE BALDOMERIENNE;78,7;45.591253;4.316478;386192;AUVERGNE / RHONE-ALPES;42222;5688;42;42501;Saint-Just-Saint-Rambert;60716;05-Unités urbaines de 20 000 à 100 000 hbts;1;30;576;-0,7;De 5 à 10 000 entrées;D;JP;B;127;91;7;55,7;14,6;8,4;21,3;64;84,2
1020;64 224;42 186;ASSOCIATION CINE PASSION;21,8;43.108339;0.718892;386264;OCCITANIE;31483;11327;31;31302;Saint-Gaudens;15830;06-autres communes et unités urbaines;7;31;5 852;0,5;De 50 à 80 000 entrées;E;RDJPPR;C;248;164;134;50,6;43,1;5;1,4;130;19,6
204;310;31 360;COMMUNE DE SAINT GENEST LERPT;15,2;43.234582;3.107601;386782;AUVERGNE / RHONE-ALPES;42223;6112;42;753;Saint-Étienne;373130;04-Unités urbaines de 100 000 hbts ou plus;1;6;15;-1;Moins de 2000 entrées;NON;;B;11;10;0;38,5;52,4;4,7;4,3;6;10,9
221;4 082;292 792;COMMUNE DE SAINT GENEST MALIFAUX;25;45.339698;4.414174;386792;AUVERGNE / RHONE-ALPES;42224;2874;42;0;Zone rurale;14541106;04-Unités urbaines de 100 000 hbts ou plus;1;28;134;-1;De 2 à 5 000 entrées;E;;R;65;49;0;45,2;49,1;5,6;0,2;29;20,1
449;891;57 133;CINAEA;17,2;48.647712;2.326708;386864;ILE-DE-FRANCE;91549;35857;91;851;Paris;10706072;03-Petite couronne;3;1;60;-1;Moins de 2000 entrées;NON;;B;5;0;0;46,6;44,3;7,1;1,9;0;14,4
127;2 461;64 621;ASSOCIATION CINEFOL 31;33,6;43.682793;1.486048;386961;OCCITANIE;31484;2342;31;31701;Toulouse;948433;04-Unités urbaines de 100 000 hbts ou plus;1;27;202;-1;De 2 à 5 000 entrées;C;;B;120;97;12;38,1;45,3;12,6;4;61;31,8
204;1 318;97 531;ASSOCIATION CULTURELLE D'ANIMATION MARMOTTE;22,4;44.465282;2.972204;387041;OCCITANIE;12224;2200;12;0;Zone rurale;14541106;04-Unités urbaines de 100 000 hbts ou plus;1;28;80;-1;Moins de 2000 entrées;E;;R;68;51;0;45,3;46,7;6,2;1,8;24;16,6
282;1 923;92 370;ARTS ET TECHNIQUES;17;45.485115;-0.566824;387092;NOUVELLE AQUITAINE;17331;1240;17;0;Zone rurale;14541106;04-Unités urbaines de 100 000 hbts ou plus;1;30;106;-1;Moins de 2000 entrées;NON;;R;83;65;0;37,4;49,9;10,2;2,5;30;13,7
301;6 894;11 975;COMMUNE DE SAINT GENIS LAVAL;36,3;45.696745;4.795075;387142;AUVERGNE / RHONE-ALPES;69204;21342;69;758;Lyon;1639558;04-Unités urbaines de 100 000 hbts ou plus;1;25;259;-0,4;De 5 à 10 000 entrées;C;;B;77;47;0;51,6;34,5;8,9;5;48;34,4
147;5 014;94 828;ASSOCIATION CINEMA L'ATMOSPHERE;21,1;45.599999;5.633175;387191;AUVERGNE / RHONE-ALPES;73236;2384;73;167;Aoste;5246;06-autres communes et unités urbaines;1;28;368;-0,9;De 5 à 10 000 entrées;E;JP;B;109;80;3;58,3;28,1;3,7;9,9;60;27,4
192;12 627;7 032;MARTEAU FLORENCE;58,9;45.59922;-0.993953;387501;NOUVELLE AQUITAINE;17333;5268;17;17402;Royan;35729;05-Unités urbaines de 20 000 à 100 000 hbts;1;30;593;0,8;De 10 à 20 000 entrées;D;RDJPPR;B;124;85;33;79,3;12,8;4,5;3,4;81;46,7
157;3 907;17 800;ASSOCIATION JULIEN MAUNOIR;11,9;48.506874;-1.241635;387661;BRETAGNE;35271;1556;35;0;Zone rurale;14541106;04-Unités urbaines de 100 000 hbts ou plus;1;15;163;-0,8;De 2 à 5 000 entrées;E;JP;R;62;45;1;40,5;51,2;6,3;2;23;10,2
100;14 528;10 265;CINECO;25,7;44.217236;3.808519;388371;OCCITANIE;48155;440;48;0;Zone rurale;14541106;04-Unités urbaines de 100 000 hbts ou plus;1;30;513;0,4;De 10 à 20 000 entrées;E;RDJP;R;57;18;0;54,8;32,7;9,3;3,1;44;19,7
742;47 975;59 481;SOCIETE ETABLISSEMENTS JOUSSEAUME;50;48.896605;2.090977;388971;ILE-DE-FRANCE;78551;39980;78;851;Paris;10706072;03-Petite couronne;5;31;3 621;-0,2;De 40 à 50 000 entrées;C;;B;131;67;55;50,4;34,2;10,5;4,9;63;56,8
763;57 906;250 418;ACC CINEMARINE;27;46.699163;-1.927816;390024;PAYS DE LA LOIRE;85222;7540;85;85401;Saint-Hilaire-de-Riez;25377;05-Unités urbaines de 20 000 à 100 000 hbts;4;30;2 456;-0,8;De 50 à 80 000 entrées;D;JP;C;111;93;55;56,9;36,4;5,1;1,7;43;22,7
298;6 343;55 212;COMMUNE DE SAINT GIRONS;22,8;42.983492;1.146819;390184;OCCITANIE;9261;6324;9;9203;Saint-Girons;9722;06-autres communes et unités urbaines;1;29;236;-0,9;De 5 à 10 000 entrées;E;;C;91;65;0;56;32,8;9,7;1,5;39;30,8
281;1 626;5 310;COMMUNE DE SAINT GOBAIN;83,8;49.597177;3.378189;390271;HAUTS DE FRANCE;2680;2269;2;2109;Saint-Gobain;2269;06-autres communes et unités urbaines;1;24;90;-0,7;Moins de 2000 entrées;NON;;I;69;56;0;30,3;41,4;17,9;10,4;25;81,1
371;25 199;11 943;ASSOCIATION OFFICE CULTUREL DE SAINT GRATIEN;18,5;48.971269;2.274468;390452;ILE-DE-FRANCE;95555;20827;95;851;Paris;10706072;03-Petite couronne;3;27;1 845;1,1;De 20 à 30 000 entrées;C;RDJPPR;B;120;65;41;50,1;36,7;9,4;3,8;104;18,1
150;1 564;28 914;CONCEPT ET TECHNIQUE CINEMATOGRAPHIQUE;84,7;49.7511844;0.40355909999993855;390680;NOUVELLE AQUITAINE;33417;2732;33;0;Zone rurale;14541106;04-Unités urbaines de 100 000 hbts ou plus;1;25;177;-0,9;Moins de 2000 entrées;NON;;R;96;70;2;64,6;5,6;15,7;14;33;88,2
288;11 199;9 243;CINEMA LUTETIA;69,2;47.21395;-1.64939;390791;PAYS DE LA LOIRE;44162;45786;44;44701;Nantes;633690;04-Unités urbaines de 100 000 hbts ou plus;1;29;262;0,2;De 10 à 20 000 entrées;C;JP;B;115;68;0;41,6;27,5;27,1;3,8;81;79,2
2462;133 392;154 812;UGC CINE CITE;70,3;47.224381;-1.625621;390793;PAYS DE LA LOIRE;44162;45786;44;44701;Nantes;633690;04-Unités urbaines de 100 000 hbts ou plus;12;31;10 542;-0,1;De 100 à 150 000 entrées;NON;;B;216;96;96;27,1;0;49,2;23,7;96;77,5
162;1 585;29 512;AEP CINEMA LE TIGRE;80;46.556503;-1.061779;390821;PAYS DE LA LOIRE;85223;2884;85;0;Zone rurale;14541106;04-Unités urbaines de 100 000 hbts ou plus;1;22;108;-0,9;Moins de 2000 entrées;E;JP;R;52;41;0;28,9;0,8;12,1;58,2;17;98,8
395;5 454;20 040;GUYOT FREDERIC PAUL ROGER;26;48.576008;-1.09371;391331;NORMANDIE;50484;6081;50;50202;Saint-Hilaire-du-Harcouët;8794;06-autres communes et unités urbaines;1;26;249;-0,7;De 5 à 10 000 entrées;NON;;C;52;43;13;36,3;51,8;8,1;3,8;11;20,7
251;3 462;6 764;AEP LE REVEIL DU MARAIS;29;46.269476;-0.715321;391451;NOUVELLE AQUITAINE;79257;1575;79;0;Zone rurale;14541106;04-Unités urbaines de 100 000 hbts ou plus;1;30;211;-0,5;De 2 à 5 000 entrées;E;;R;101;79;0;45,4;43,3;7,8;3,5;53;20,4
179;2 173;2 073;COMMUNE DE SAINT HONORE LES BAINS;22,9;46.905158;3.842831;391951;BOURGOGNE / FRANCHE-COMTE;58246;756;58;0;Zone rurale;14541106;04-Unités urbaines de 100 000 hbts ou plus;1;30;204;0;De 2 à 5 000 entrées;E;PR;R;103;70;0;43,7;45,9;3,5;6,9;81;17,5
174;5 915;11 447;VEO CINEMAS;30,8;45.94953;-0.518149;392671;NOUVELLE AQUITAINE;17347;7106;17;17207;Saint-Jean-d'Angély;8393;06-autres communes et unités urbaines;1;30;387;-0,5;De 5 à 10 000 entrées;E;JPPR;C;151;103;1;79,9;9,4;7,6;3;83;29,3
215;5 998;23 966;COMMUNE DE SAINT JEAN D'ARVES;28,4;45.214928;6.260483;392710;AUVERGNE / RHONE-ALPES;73242;265;73;0;Zone rurale;14541106;04-Unités urbaines de 100 000 hbts ou plus;1;22;320;-0,7;De 5 à 10 000 entrées;E;;R;142;100;9;45,4;40,1;7,3;7,1;64;23,9
285;4 792;1 975;L ECRAN SAINT JEANNAIS;26,2;45.501585;5.142493;392882;AUVERGNE / RHONE-ALPES;38399;4622;38;38123;Saint-Jean-de-Bournay;4622;06-autres communes et unités urbaines;1;30;216;1,4;De 2 à 5 000 entrées;E;JP;I;112;92;0;48,5;38,9;8,8;3,7;48;27
775;87 912;5 465;LES ECRANS LUZIENS;42,1;43.388314;-1.659851;393253;NOUVELLE AQUITAINE;64483;14133;64;751;Bayonne (partie française);236730;04-Unités urbaines de 100 000 hbts ou plus;5;31;3 652;15,1;De 80 à 100 000 entrées;C;RDJP;B;246;174;145;52,9;33,1;8,9;5;117;38,7
265;11 209;26 165;SNC GIPPA ET GILBERT;33,9;45.277364;6.348249;393293;AUVERGNE / RHONE-ALPES;73248;7809;73;73301;Saint-Jean-de-Maurienne;9474;06-autres communes et unités urbaines;1;31;594;-0,6;De 10 à 20 000 entrées;NON;;C;129;105;61;76,3;10,3;8,2;5,2;46;48,4
298;10 415;24 075;AEP COUSINS DE MONTS;42,7;46.793577;-2.061566;393312;PAYS DE LA LOIRE;85234;8621;85;85301;Saint-Jean-de-Monts;12838;06-autres communes et unités urbaines;1;29;424;-0,6;De 10 à 20 000 entrées;E;JP;C;120;85;8;65,5;19;10,4;5,1;55;53,9
300;7 525;165 060;GARAZIKUS;5,7;43.16402;-1.237591;394201;NOUVELLE AQUITAINE;64485;1580;64;64106;Saint-Jean-Pied-de-Port;4416;06-autres communes et unités urbaines;1;31;382;-1;De 5 à 10 000 entrées;E;JP;C;153;113;5;38,4;49,6;7;5;79;6,4
92;2 579;8 020;CENTRE DEPARTEMENTAL DE PROMOTION DU CINEMA;70,4;45.832006;6.161597;394522;AUVERGNE / RHONE-ALPES;74242;5747;74;74601;Annecy;168098;04-Unités urbaines de 100 000 hbts ou plus;1;22;81;-0,7;De 2 à 5 000 entrées;C;;B;68;44;0;54,5;19,6;18,2;7,7;39;72,4
290;2 484;29 300;ASSOCIATION A CONTIS;34,8;44.079661;-1.257781;395463;NOUVELLE AQUITAINE;40266;1589;40;0;Zone rurale;14541106;04-Unités urbaines de 100 000 hbts ou plus;1;11;245;-0,9;De 2 à 5 000 entrées;E;RDJPPR;R;78;53;4;53,9;42,3;3,6;0,2;45;33,1
123;10 928;50 794;ALLONS AU CINEMA;30,7;46.144524;6.080637;395484;AUVERGNE / RHONE-ALPES;74243;14085;74;652;Genève (SUI) - Annemasse (partie française);178404;04-Unités urbaines de 100 000 hbts ou plus;1;31;507;-0,8;De 10 à 20 000 entrées;C;JP;B;162;117;2;57,8;19;13,5;9,7;114;30,4
4058;250 073;75 510;KINEPOLIS SAINT JULIEN LES METZ;34,5;49.133075;6.200124;395671;GRAND EST;57616;3214;57;57701;Metz;285268;04-Unités urbaines de 100 000 hbts ou plus;14;31;11 911;2,3;De 200 à 300 000 entrées;NON;;B;249;127;126;56,6;31,2;9,7;2,5;46;33,1
200;1 025;12 328;ASSOCIATION DU CINEMA LE FOYER;80,5;45.319731;4.616216;395720;AUVERGNE / RHONE-ALPES;42246;1160;42;0;Zone rurale;14541106;04-Unités urbaines de 100 000 hbts ou plus;1;17;29;-0,9;Moins de 2000 entrées;NON;;R;24;13;0;50,3;24,1;16,4;9,2;19;78,7
328;13 303;13 729;ETABLISSEMENT PUBLIC DE COOPERATION CULTURELLE VIENNE GLANE;82,1;45.887637;0.903224;395872;NOUVELLE AQUITAINE;87154;11156;87;87301;Saint-Junien;11156;06-autres communes et unités urbaines;2;30;781;0;De 10 à 20 000 entrées;E;RDJPPR;I;161;93;19;53,6;18,7;18,3;9,5;87;81,6
200;7 438;438 992;ASSOCIATION IMAGE ET SON DU PLATEAU PICARD;19,8;49.505347;2.430243;396151;HAUTS DE FRANCE;60581;5972;60;60201;Saint-Just-en-Chaussée;5972;06-autres communes et unités urbaines;1;29;411;-1;De 5 à 10 000 entrées;E;;I;92;73;7;33,6;53,8;9,8;2,8;26;13,9
178;723;41 035;CINE RUBAN;15,7;45.340205;4.313068;396242;AUVERGNE / RHONE-ALPES;43205;4147;43;43103;Saint-Just-Malmont;4147;06-autres communes et unités urbaines;1;11;39;-1;Moins de 2000 entrées;NON;;I;20;20;0;48,4;43,2;7,3;1,1;4;16
1277;106 075;15 622;FAMILY CINEMA;44,8;45.51246;4.263395;396275;AUVERGNE / RHONE-ALPES;42279;14935;42;42501;Saint-Just-Saint-Rambert;60716;05-Unités urbaines de 20 000 à 100 000 hbts;7;30;5 257;5,8;De 100 à 150 000 entrées;D;PR;C;176;118;83;57,1;28,5;0;14,5;76;42,6
336;5 190;5 173;CHENEAUX JEAN PAUL LOUIS;29,3;42.815993;0.320259;396502;OCCITANIE;65388;854;65;0;Zone rurale;14541106;04-Unités urbaines de 100 000 hbts ou plus;2;31;425;0;De 5 à 10 000 entrées;NON;;R;129;105;23;80,2;13;4,3;2,5;63;36,5
176;764;27 450;COMMUNE DE SAINT LAURENT DE CERDANS;34,5;42.38271;2.614735;396771;OCCITANIE;66179;1136;66;0;Zone rurale;14541106;04-Unités urbaines de 100 000 hbts ou plus;1;27;36;-1;Moins de 2000 entrées;NON;;R;35;31;2;55,6;37,9;6;0,5;9;32,1
326;1 083;39 345;ASSOCIATION LE PARVIS SCENE NATIONALE TARBES PYRENEES;59;43.08008;0.480895;396961;OCCITANIE;65389;921;65;0;Zone rurale;14541106;04-Unités urbaines de 100 000 hbts ou plus;1;30;59;-1;Moins de 2000 entrées;NON;;R;57;52;7;67,5;14,2;6,3;12;22;63,3
187;4 072;218 926;ASSOCIATION CULTURE ET LOISIRS CINEMA LE CARTUS;45;45.388247;5.73148;397231;AUVERGNE / RHONE-ALPES;38412;4543;38;38124;Saint-Laurent-du-Pont;4543;06-autres communes et unités urbaines;1;30;264;-1;De 2 à 5 000 entrées;E;JP;I;87;73;0;47;31,9;21,1;0;33;68,1
192;2 523;6 017;COMMUNE DE SAINT LEONARD DE NOBLAT;37,3;45.838161;1.487619;398251;NOUVELLE AQUITAINE;87161;4633;87;87106;Saint-Léonard-de-Noblat;4633;06-autres communes et unités urbaines;1;31;199;-0,6;De 2 à 5 000 entrées;E;JP;I;107;74;0;34,6;31,3;27,7;6,4;52;38,5
50;3 449;21 602;ASSOCIATION ART CINE;20,4;44.397257;0.588996;398525;NOUVELLE AQUITAINE;47252;6298;47;47401;Villeneuve-sur-Lot;48824;05-Unités urbaines de 20 000 à 100 000 hbts;1;31;397;-0,8;De 2 à 5 000 entrées;D;RDJPPR;B;135;86;0;44,4;43;9,8;2,8;93;17,1
119;7 757;64 694;ASSOCIATION ART CINE;52,2;44.398567;0.590542;398526;NOUVELLE AQUITAINE;47252;6298;47;47401;Villeneuve-sur-Lot;48824;05-Unités urbaines de 20 000 à 100 000 hbts;1;31;423;-0,9;De 5 à 10 000 entrées;D;JP;B;85;60;2;57,5;24;11,4;7,1;40;53,7
1344;106 064;3 878;LES CINEMAS DE SAINT LO;33,9;49.118217;-1.098287;398574;NORMANDIE;50502;19301;50;50401;Saint-Lô;24221;05-Unités urbaines de 20 000 à 100 000 hbts;9;31;8 172;26,4;De 100 à 150 000 entrées;D;JPPR;C;289;158;113;57,2;29,4;8,6;4,7;137;27
491;14 448;524 055;SEM LA COUPOLE;41,5;47.586452;7.564551;398731;GRAND EST;68297;20401;68;68403;Bâle (SUI) - Saint-Louis (partie française);38768;05-Unités urbaines de 20 000 à 100 000 hbts;3;18;1 064;-1;De 10 à 20 000 entrées;D;;C;72;44;22;54;30,1;8;7,8;35;35,2
203;4 685;475 402;COMMUNE DE SAINT LUNAIRE;22,9;48.634794;-2.105848;399341;BRETAGNE;35287;2276;35;458;Dinard;32364;05-Unités urbaines de 20 000 à 100 000 hbts;1;30;149;-1;De 2 à 5 000 entrées;D;;B;114;95;1;55;42,8;2,2;0;65;21,9
202;2 902;29 880;ASSOCIATION FAMILIA CINEMA;26,1;47.124726;-0.994734;399432;PAYS DE LA LOIRE;49301;25572;49;49205;Saint-Macaire-en-Mauges;25572;05-Unités urbaines de 20 000 à 100 000 hbts;1;25;159;-0,9;De 2 à 5 000 entrées;D;;I;100;76;0;43,5;46,7;8,1;1,7;39;22,7
872;5 849;16 827;ASSOCIATION CINEMA LE VAUBAN;42;48.651576;-2.00345;399681;BRETAGNE;35288;45719;35;35402;Saint-Malo;45719;05-Unités urbaines de 20 000 à 100 000 hbts;5;2;223;-0,7;De 5 à 10 000 entrées;NON;;I;11;2;2;62,3;21,7;11;4,9;0;42
505;25 492;14 434;ASSOCIATION CINEMA LE VAUBAN;0;48.602575;-2.005943;399686;BRETAGNE;35288;45719;35;35402;Saint-Malo;45719;05-Unités urbaines de 20 000 à 100 000 hbts;3;31;1 929;0,8;De 20 à 30 000 entrées;D;RDJPPR;I;119;82;54;87,8;12,2;0;0;95;0
1450;59 169;16 932;CINE VAUBAN;79,9;48.657589;-1.970525;399689;BRETAGNE;35288;45719;35;35402;Saint-Malo;45719;05-Unités urbaines de 20 000 à 100 000 hbts;8;28;4 757;2,5;De 50 à 80 000 entrées;NON;;I;94;80;73;70,4;9,6;11;8,9;21;79
150;4 535;44 130;"SOCIETE DE SPORTS ET D  EDUCATION POPULAIRE ""LA MALOUINE"" CINEMA";10,4;47.339858;-2.175644;399721;PAYS DE LA LOIRE;44176;3181;44;44207;Saint-Joachim - Saint-Malo-de-Guersac;7115;06-autres communes et unités urbaines;1;31;344;-0,9;De 2 à 5 000 entrées;E;JPPR;B;127;97;2;44;46,8;7,4;1,9;42;12
150;2 106;8 873;POLYMAGES;27,4;43.074223;5.927991;399893;PROVENCE-ALPES-COTE D'AZUR;83153;5787;83;757;Toulon;569793;04-Unités urbaines de 100 000 hbts ou plus;1;28;161;-0,8;De 2 à 5 000 entrées;C;;B;91;70;1;49,5;43,4;4,3;2,8;43;21,6
330;14 040;150 471;RATAJCZYK FREDERIC;38,5;45.155481;5.318377;400305;AUVERGNE / RHONE-ALPES;38416;8133;38;38401;Saint-Marcellin;21027;05-Unités urbaines de 20 000 à 100 000 hbts;2;28;787;-0,9;De 10 à 20 000 entrées;D;;C;149;127;48;70,1;20,5;7;2,5;62;43,7
220;2 430;20 496;ASSOCIATION JEANNE D'ARC CINEMA;28,1;47.52339;-1.186562;401371;PAYS DE LA LOIRE;44180;2400;44;44101;Saint-Mars-la-Jaille;2400;06-autres communes et unités urbaines;1;17;171;-0,9;De 2 à 5 000 entrées;NON;;I;59;42;4;63,1;32,7;1;3,2;13;27,6
180;1 501;705;FORUM INTERNATIONAL;50,1;45.295246;6.58263;402242;AUVERGNE / RHONE-ALPES;73257;2975;73;0;Zone rurale;14541106;04-Unités urbaines de 100 000 hbts ou plus;1;20;230;1,1;Moins de 2000 entrées;NON;;R;84;66;5;62,7;18,1;12,1;7,2;27;54,9
344;3 316;10 145;DAVOINE EVELYNE;15,6;45.323346;6.538468;402243;AUVERGNE / RHONE-ALPES;73257;2975;73;0;Zone rurale;14541106;04-Unités urbaines de 100 000 hbts ou plus;2;20;460;-0,7;De 2 à 5 000 entrées;NON;;R;89;67;7;33,6;55;8,6;2,8;29;10,1
290;2 645;294;AGORA CINEMAS;51;45.323346;6.538468;402249;AUVERGNE / RHONE-ALPES;73257;2975;73;0;Zone rurale;14541106;04-Unités urbaines de 100 000 hbts ou plus;1;20;219;8;De 2 à 5 000 entrées;NON;;R;81;63;6;72,1;17,4;10,1;0,4;27;48
25;3 832;14 898;ECRAN VAGABOND DU TRIEVES;27,5;44.833366;5.59397;402431;AUVERGNE / RHONE-ALPES;38419;181;38;0;Zone rurale;14541106;04-Unités urbaines de 100 000 hbts ou plus;1;30;210;-0,7;De 2 à 5 000 entrées;E;JP;R;47;37;0;52;37,5;8,2;2,3;28;23,7
134;5 469;148 380;CENTRE DE DEVELOPPEMENT CULTUREL;12,6;43.638749;4.813461;402493;PROVENCE-ALPES-COTE D'AZUR;13097;13673;13;13301;Saint-Martin-de-Crau;13673;06-autres communes et unités urbaines;1;31;437;-1;De 5 à 10 000 entrées;E;;I;97;74;1;29,7;57,6;11,2;1,4;36;6,4
140;10 536;61 076;CENTRE CULTUREL DE SAINT MARTIN D'HERES;73,2;45.185764;5.747373;403281;AUVERGNE / RHONE-ALPES;38421;38479;38;38701;Grenoble;511598;04-Unités urbaines de 100 000 hbts ou plus;1;26;588;-0,8;De 10 à 20 000 entrées;C;RDJP;B;129;86;2;52,1;25,4;19,2;3,3;91;72,3
184;3 825;6 580;CINEVILLAGES;75,8;47.434568;-0.703599;403400;PAYS DE LA LOIRE;49306;1670;49;0;Zone rurale;14541106;04-Unités urbaines de 100 000 hbts ou plus;1;20;99;-0,4;De 2 à 5 000 entrées;NON;;R;82;50;0;43,3;21,8;29,2;5,6;42;86,6
299;30 654;44 861;CINEMA PARADISO;53,9;45.660214;4.558851;403681;AUVERGNE / RHONE-ALPES;69227;3907;69;69105;Saint-Martin-en-Haut;3907;06-autres communes et unités urbaines;2;31;1 783;-0,3;De 30 à 40 000 entrées;E;RDJPPR;I;222;175;42;40;16,8;28,8;14,4;108;57,8
0;3 140;92 655;SARL DES CINEMAS DE LA ROSIERE;15,2;44.073396;7.263839;404350;PROVENCE-ALPES-COTE D'AZUR;6127;1394;6;0;Zone rurale;14541106;04-Unités urbaines de 100 000 hbts ou plus;1;27;141;-1;De 2 à 5 000 entrées;NON;;R;48;35;1;39;50,1;7,6;3,4;19;12,3
425;23 639;458 137;ATELIER THEATRE DE LA CITE;76,7;48.798427;2.485821;404603;ILE-DE-FRANCE;94068;75168;94;851;Paris;10706072;02-Grande Couronne;1;31;834;-0,9;De 20 à 30 000 entrées;C;RDJPPR;B;139;90;35;45,3;12;41,2;1,5;96;78,5
886;33 881;20 282;PARAFRANCE COMMUNICATION;25;48.793451;2.514771;404612;ILE-DE-FRANCE;94068;75168;94;851;Paris;10706072;02-Grande Couronne;4;25;2 592;0,7;De 30 à 40 000 entrées;NON;;B;89;64;38;50,9;38,2;8,1;2,8;42;23,6
140;2 527;73 682;CINE-OFF;65;47.111089;0.61914;404692;CENTRE-VAL DE LOIRE;37226;4351;37;37109;Sainte-Maure-de-Touraine;4351;06-autres communes et unités urbaines;1;27;156;-1;De 2 à 5 000 entrées;E;JP;I;77;58;0;61,4;10,2;28,4;0;42;63,2
274;22 653;856 488;CINEMA ROYAL;49,1;48.699609;6.207734;405441;GRAND EST;54482;9822;54;54701;Nancy;285659;04-Unités urbaines de 100 000 hbts ou plus;2;31;1 653;-1;De 20 à 30 000 entrées;NON;;B;89;67;44;63;15,8;10;11,2;30;54,8
450;36 816;14 182;LES CINEMAS DE SAINTE MAXIME;42,5;43.32495;6.62431;405462;PROVENCE-ALPES-COTE D'AZUR;83115;14289;83;83310;Sainte-Maxime;18589;06-autres communes et unités urbaines;3;31;2 496;1,6;De 30 à 40 000 entrées;NON;;C;111;87;49;54,4;25,6;9,8;10,2;36;43,3
140;11 937;4 535;LA COTENTINE;93,3;43.453509;5.860383;405509;PROVENCE-ALPES-COTE D'AZUR;83116;16037;83;83309;Saint-Maximin-la-Sainte-Baume;16037;06-autres communes et unités urbaines;1;28;652;1,6;De 10 à 20 000 entrées;NON;;I;70;56;28;93,2;0;1,9;4,9;24;98
1072;25 327;32 195;ARTS ET TECHNIQUES;25;44.893791;-0.715027;405772;NOUVELLE AQUITAINE;33449;30547;33;33701;Bordeaux;904359;04-Unités urbaines de 100 000 hbts ou plus;3;30;1 600;-0,2;De 20 à 30 000 entrées;C;JP;B;175;123;47;46,2;44,8;6,1;2,9;92;18,1
307;8 335;6 946;LES ENFANTS DE SAINT MEEN;23,7;48.188591;-2.192564;405831;BRETAGNE;35297;4610;35;35202;Saint-Méen-le-Grand;5801;06-autres communes et unités urbaines;2;30;608;0,2;De 5 à 10 000 entrées;E;JP;C;160;122;14;61,8;35,6;2,3;0,2;62;28,5
187;3 365;12 181;CINEMA ET CULTURE MAURIENNE;24,7;45.21706;6.474053;406333;AUVERGNE / RHONE-ALPES;73261;2472;73;73104;Saint-Michel-de-Maurienne;2831;06-autres communes et unités urbaines;1;29;272;-0,7;De 2 à 5 000 entrées;E;JP;C;136;116;0;51,6;42,6;3,1;2,7;69;20,5
95;3 618;24 940;ASSOCIATION CINEMA SAINT MICHEL;57,1;47.180946;-2.149737;406352;PAYS DE LA LOIRE;44182;4642;44;44401;Saint-Brevin-les-Pins;23405;05-Unités urbaines de 20 000 à 100 000 hbts;1;30;276;-0,9;De 2 à 5 000 entrées;D;;B;137;100;6;80,3;11,9;5,5;2,3;71;57,6
496;25 333;36 531;ESPACE MARCEL CARNE;42,6;48.637713;2.320768;406812;ILE-DE-FRANCE;91570;20160;91;851;Paris;10706072;03-Petite couronne;3;29;1 416;-0,3;De 20 à 30 000 entrées;C;RDJPPR;B;171;81;20;62,4;25,7;8,3;3,6;126;40,9
150;3 427;621 763;QUERCIMAGES;57,8;44.203862;1.018776;407140;OCCITANIE;82168;363;82;0;Zone rurale;14541106;04-Unités urbaines de 100 000 hbts ou plus;1;29;122;-1;De 2 à 5 000 entrées;E;JP;R;38;9;0;39;32,5;13,3;15,2;25;51,3
154;17 138;16 690;LE THEATRE;36,9;47.280291;-2.216623;407211;PAYS DE LA LOIRE;44184;69784;44;44601;Saint-Nazaire;152164;04-Unités urbaines de 100 000 hbts ou plus;1;27;706;0;De 10 à 20 000 entrées;B;RDJPPR;C;116;48;18;66,1;21,9;9,4;2,6;105;40,2
1986;126 686;11 343;SOCIETE RENNAISE DE DIFFUSION CINEMATOGRAPHIQUE;55,6;47.274768;-2.20402;407220;PAYS DE LA LOIRE;44184;69784;44;44601;Saint-Nazaire;152164;04-Unités urbaines de 100 000 hbts ou plus;9;31;7 275;10,2;De 100 à 150 000 entrées;NON;;C;181;113;97;61,6;23,5;8,5;6,5;60;55
1029;59 857;507 830;CINEMA CULTURE LOISIRS DE LA PRESQU' ILE;27,9;47.331071;-2.426378;407229;PAYS DE LA LOIRE;44069;16294;44;44601;Saint-Nazaire;152164;04-Unités urbaines de 100 000 hbts ou plus;6;31;5 050;-0,9;De 50 à 80 000 entrées;NON;;B;115;91;80;57,3;31,5;8,5;2,8;30;26
260;2 042;207 775;SOC VIALE ET D ORTA;31,4;42.366924;9.53137;407321;CORSE;2B313;1901;2B;0;Zone rurale;14541106;04-Unités urbaines de 100 000 hbts ou plus;1;9;56;-1;De 2 à 5 000 entrées;NON;;R;28;28;3;65,1;27;5,5;2,4;11;31,4
1546;111 866;24 204;OCINE;38,4;50.750679;2.250328;407871;HAUTS DE FRANCE;62765;14343;62;62501;Saint-Omer;62105;05-Unités urbaines de 20 000 à 100 000 hbts;9;31;6 928;3,6;De 100 à 150 000 entrées;D;;C;182;123;92;43,4;44,8;11,8;0,1;70;44,4
176;2 790;52 944;COMMUNE DE SAINT OUEN (SOMME);15;50.038633;2.123723;408122;HAUTS DE FRANCE;80711;1915;80;80206;Saint-Léger-lès-Domart;7323;06-autres communes et unités urbaines;1;19;112;-0,9;De 2 à 5 000 entrées;NON;;C;42;29;0;82,5;16,8;0,1;0,6;8;10,2
513;59 829;486 372;ASSOCIATION CINEMAS DES DEUX RIVES;21,4;49.044334;2.106823;408323;ILE-DE-FRANCE;95572;24498;95;851;Paris;10706072;03-Petite couronne;5;27;3 813;-0,9;De 50 à 80 000 entrées;C;RDJPPR;B;219;124;75;64;36;0;0;160;18,9
668;27 621;11 786;CENTRE AUDONIEN ET FRANCILIEN D'ART ET DE CULTURE;61;48.904144;2.339193;408441;ILE-DE-FRANCE;93070;48431;93;851;Paris;10706072;02-Grande Couronne;2;28;1 452;1,3;De 20 à 30 000 entrées;C;RDJPPR;B;151;103;23;70,6;5,9;7;16,6;109;64,4
496;11 593;2 088;ASSOCIATION ARGITZE;40,7;43.327875;-1.034919;408682;NOUVELLE AQUITAINE;64493;1850;64;64102;Saint-Palais;2969;06-autres communes et unités urbaines;2;31;798;4,6;De 10 à 20 000 entrées;E;RDJP;C;229;172;46;52,1;34,8;9,7;3,5;115;35,6
195;2 630;89 939;VALZ MICHEL;19;45.64428;-1.088823;408744;NOUVELLE AQUITAINE;17380;3875;17;17402;Royan;35729;05-Unités urbaines de 20 000 à 100 000 hbts;1;25;357;-1;De 2 à 5 000 entrées;NON;;B;72;69;8;43,9;49,4;6,2;0,5;23;16,2
0;1 391;29 172;OFFICE CULTUREL CLERMONTAIS;29,7;43.528827;3.517645;409142;OCCITANIE;34281;2241;34;0;Zone rurale;14541106;04-Unités urbaines de 100 000 hbts ou plus;1;10;38;-1;Moins de 2000 entrées;NON;;R;21;11;0;50,9;43,2;5,1;0,8;8;23,8
99;95;30 158;CINEMA LE MIDIC DU PAYS D  AIX;33,3;43.687155;5.708539;409303;PROVENCE-ALPES-COTE D'AZUR;13099;841;13;0;Zone rurale;14541106;04-Unités urbaines de 100 000 hbts ou plus;1;5;10;-1;Moins de 2000 entrées;NON;;R;5;4;0;97,2;1,6;1,3;0;0;54,6
172;1 673;82 639;CINEMAGINAIRE;33,8;42.811446;2.505248;409463;OCCITANIE;66187;1812;66;0;Zone rurale;14541106;04-Unités urbaines de 100 000 hbts ou plus;1;18;68;-1;Moins de 2000 entrées;E;;R;47;31;4;51;38,4;6,8;3,8;17;33
159;8 740;27 535;LE NAVIRE;63,2;44.353475;4.739599;409903;AUVERGNE / RHONE-ALPES;26324;8969;26;26203;Saint-Paul-Trois-Châteaux;10328;06-autres communes et unités urbaines;1;30;534;-0,7;De 5 à 10 000 entrées;E;JP;C;84;65;27;54,9;25,4;9,6;10,1;33;63,8
228;9 820;264 294;ASSOCIATION CINE PHIL;39,1;47.037392;-1.641091;410232;PAYS DE LA LOIRE;44188;8767;44;44211;Saint-Philbert-de-Grand-Lieu;8767;06-autres communes et unités urbaines;1;21;237;-1;De 5 à 10 000 entrées;E;JP;I;107;73;1;57,1;31;6,7;5,3;41;35,3
365;1 627;9 991;CINE-OFF;28,9;47.389603;0.719808;411244;CENTRE-VAL DE LOIRE;37233;15745;37;37701;Tours;353042;04-Unités urbaines de 100 000 hbts ou plus;1;15;26;-0,8;Moins de 2000 entrées;NON;;B;20;12;0;58,2;32;6,2;3,6;7;24,1
155;1 943;8 294;ENSEIGNEMENT CATHOLIQUE LOISIRS;21;48.400769;-0.099188;411333;PAYS DE LA LOIRE;53246;1991;53;0;Zone rurale;14541106;04-Unités urbaines de 100 000 hbts ou plus;1;29;86;-0,8;Moins de 2000 entrées;E;;R;67;50;0;62,4;24,6;10,9;2;27;20,7
630;32 964;22 945;LIEN OLERONNAIS POUR LA CULTURE L  ANIMATION ET LES LOISIRS;25,7;45.943128;-1.308557;411461;NOUVELLE AQUITAINE;17385;6751;17;17204;Saint-Pierre-d'Oléron;6751;06-autres communes et unités urbaines;3;31;2 013;0,4;De 30 à 40 000 entrées;E;RDJPPR;I;188;130;54;59,6;27,2;9,5;3,7;115;32,8
299;24 052;22 179;ROYAL CINEMA;13,3;43.885758;-0.521675;411540;NOUVELLE AQUITAINE;40281;9512;40;40401;Mont-de-Marsan;40141;05-Unités urbaines de 20 000 à 100 000 hbts;4;30;3 702;0,1;De 20 à 30 000 entrées;NON;;B;76;43;41;21;68;2,7;8,3;6;20,9
144;5 272;11 188;CINEMA LE REXY;50,9;49.016764;-0.043436;412061;NORMANDIE;14654;7835;14;14119;Saint-Pierre-sur-Dives;7835;06-autres communes et unités urbaines;1;29;281;-0,5;De 5 à 10 000 entrées;E;JP;C;84;63;0;70,6;20,5;7,1;1,8;43;68,7
331;8 373;20 265;ASSOCIATION CULTURELLE ET ARTISTIQUE DU LEON;66,7;48.687279;-3.992419;412251;BRETAGNE;29259;6584;29;29305;Saint-Pol-de-Léon;12288;06-autres communes et unités urbaines;1;31;327;-0,6;De 5 à 10 000 entrées;E;;C;132;104;13;36,5;63,5;0;0;56;51,1
140;13 465;52 566;ASSOCIATION CULTURE ET CINEMA EN TERNOIS;67,6;50.381554;2.33712;412322;HAUTS DE FRANCE;62767;5029;62;62209;Saint-Pol-sur-Ternoise;8619;06-autres communes et unités urbaines;1;30;686;-0,7;De 10 à 20 000 entrées;E;JPPR;C;100;56;11;66,8;15,2;12,1;5,9;54;74,7
155;2 515;16 736;BRIQUE BERNARD;87,1;43.48939;2.758039;412415;OCCITANIE;34284;1892;34;0;Zone rurale;14541106;04-Unités urbaines de 100 000 hbts ou plus;1;26;551;-0,8;De 2 à 5 000 entrées;E;;R;86;63;6;48,5;26,3;22;3,2;31;98
264;1 534;3 579;COMMUNAUTE DE COMMUNES SAINT POURCAIN SIOULE LIMAGNE;35,8;46.307498;3.289943;412532;AUVERGNE / RHONE-ALPES;3254;5090;3;3201;Saint-Pourçain-sur-Sioule;5090;06-autres communes et unités urbaines;1;19;130;-0,6;Moins de 2000 entrées;NON;;I;60;39;0;52,1;37,6;7,1;3,3;25;30,4
395;20 639;21 429;SAINT PRIEST CINEMA;15,8;45.694405;4.936379;412623;AUVERGNE / RHONE-ALPES;69290;45097;69;758;Lyon;1639558;04-Unités urbaines de 100 000 hbts ou plus;2;30;1 311;0;De 20 à 30 000 entrées;C;JP;B;134;85;33;40,6;51,5;5,7;2,2;73;15,1
167;14 546;32 319;GLOZEL;47,4;48.651051;-2.83135;413111;BRETAGNE;22325;2931;22;22302;Binic;12615;06-autres communes et unités urbaines;1;30;616;-0,5;De 10 à 20 000 entrées;E;RDJPPR;C;113;91;46;49,9;50,1;0;0;51;43,7
1927;100 963;9 686;SAPEC;35,5;49.84044;3.292065;413157;HAUTS DE FRANCE;2691;55649;2;2501;Saint-Quentin;65059;05-Unités urbaines de 20 000 à 100 000 hbts;11;31;11 128;9,4;De 100 à 150 000 entrées;D;;C;213;138;109;50,9;44,5;2,8;1,7;87;58,3
190;12 436;36 279;ASSOCIATION CINE PALACE;41,6;43.788778;4.829098;414162;PROVENCE-ALPES-COTE D'AZUR;13100;9775;13;13302;Saint-Rémy-de-Provence;12731;06-autres communes et unités urbaines;1;31;651;-0,7;De 10 à 20 000 entrées;E;JP;C;175;123;17;58,3;31,6;7,3;2,9;81;45
300;8 949;16 505;CINEMA LE BRETAGNE;23;48.431183;-4.623373;414352;BRETAGNE;29260;8101;29;29210;Saint-Renan;8101;06-autres communes et unités urbaines;1;31;304;-0,5;De 5 à 10 000 entrées;E;RDJPPR;I;160;95;5;48,5;40;5,2;6,3;100;16,3
2141;182 234;4 591;SOCIETE DE PARTICIPATIONS CINEMATOGRAPHIQUES;36,6;48.06123;0.167196;415471;PAYS DE LA LOIRE;72320;2487;72;72701;Le Mans;210018;04-Unités urbaines de 100 000 hbts ou plus;12;31;12 334;38,7;De 150 à 200 000 entrées;NON;;B;153;108;105;64,8;23,7;7,3;4,2;25;34,3
188;2 282;13 016;ECRAN SAVINOIS;50;45.87583;-0.681096;416021;NOUVELLE AQUITAINE;17397;2427;17;0;Zone rurale;14541106;04-Unités urbaines de 100 000 hbts ou plus;1;29;201;-0,8;De 2 à 5 000 entrées;E;;R;103;73;0;71,6;18,9;5;4,5;51;56,8
200;3 141;22 557;OFFICE DU TOURISME DE SAINT SEVER CAP DE GASCOGNE;32,9;43.758985;-0.574071;416622;NOUVELLE AQUITAINE;40282;4884;40;40108;Saint-Sever;4884;06-autres communes et unités urbaines;1;29;268;-0,9;De 2 à 5 000 entrées;E;;I;113;95;27;63,7;24,3;10,8;1,3;34;26,9
208;4 613;14 298;CIN'ETOILES;58,8;45.24015;4.233176;416701;AUVERGNE / RHONE-ALPES;43224;5959;43;43203;Sainte-Sigolène;8231;06-autres communes et unités urbaines;1;31;256;-0,7;De 2 à 5 000 entrées;E;JP;C;114;87;0;46;18,5;12,9;22,6;52;62,8
200;2 626;134 508;FEDERATION DEPARTEMENTALE DES FOYER RURAUX DU CHER;30,2;47.135691;2.548784;416921;CENTRE-VAL DE LOIRE;18235;1154;18;0;Zone rurale;14541106;04-Unités urbaines de 100 000 hbts ou plus;1;17;96;-1;De 2 à 5 000 entrées;E;JP;R;21;10;0;29,8;57,1;3,7;9,4;9;19,1
167;2 753;12 779;VEO CINEMAS;33,6;43.77186;1.688125;417332;OCCITANIE;81271;8778;81;81204;Saint-Sulpice;8778;06-autres communes et unités urbaines;1;23;263;-0,8;De 2 à 5 000 entrées;E;;I;93;74;0;69,2;27,6;3,2;0;54;40,1
376;6 437;13 239;AEP CINEMA LE FOYER;69,7;45.629307;4.452451;418121;AUVERGNE / RHONE-ALPES;69238;3627;69;69103;Saint-Symphorien-sur-Coise;3627;06-autres communes et unités urbaines;2;27;525;-0,5;De 5 à 10 000 entrées;E;JP;I;117;87;3;59,7;15,8;14,5;10;49;76,2
168;2 378;351 009;COMMUNE DE SAINT TROPEZ;45,5;43.269837;6.635574;418633;PROVENCE-ALPES-COTE D'AZUR;83119;4305;83;83304;Saint-Tropez;8975;06-autres communes et unités urbaines;1;28;454;-1;De 2 à 5 000 entrées;NON;;C;58;51;6;54,8;27,8;6,8;10,6;21;35,3
218;2 020;115 597;COMMUNE DE SAINTE TULLE;73,9;43.786667;5.762877;418651;PROVENCE-ALPES-COTE D'AZUR;4197;3449;4;4401;Manosque;30036;05-Unités urbaines de 20 000 à 100 000 hbts;1;26;156;-1;De 2 à 5 000 entrées;D;;B;114;90;1;59,6;19,9;13,7;6,8;55;68,1
189;4 921;133 051;CASINO DE SAINT VALERY EN CAUX;31,9;49.863;0.706604;418992;NORMANDIE;76655;4209;76;76119;Saint-Valery-en-Caux;4209;06-autres communes et unités urbaines;1;30;455;-1;De 2 à 5 000 entrées;NON;;I;114;100;4;64,9;23,5;8,6;3;46;23
354;20 727;16 500;ASSOCIATION DIFFUSION EXPLOITATION CINEMATOGRAPHIQUE SUD EST;35,1;45.176008;4.816127;419082;AUVERGNE / RHONE-ALPES;26333;3935;26;269;Saint-Vallier;9130;06-autres communes et unités urbaines;2;30;1 215;0,3;De 20 à 30 000 entrées;E;;C;138;106;31;63,6;25,7;6,6;4,1;69;33,5
286;7 305;13 060;CINETYR;5,7;43.660752;-1.304343;419912;NOUVELLE AQUITAINE;40284;7661;40;40303;Saint-Vincent-de-Tyrosse;15408;06-autres communes et unités urbaines;1;30;405;-0,4;De 5 à 10 000 entrées;E;JP;C;155;120;9;15,6;58,4;19,6;6,4;83;13,7
264;8 473;27 905;COMMUNAUTE DE COMMUNES DU PAYS DE SAINT YRIEIX;30,3;45.51138;1.20357;420443;NOUVELLE AQUITAINE;87187;6813;87;87203;Saint-Yrieix-la-Perche;6813;06-autres communes et unités urbaines;2;29;723;-0,7;De 5 à 10 000 entrées;E;JP;I;157;118;0;68;26,6;4,4;1;86;33,2
150;1 353;48 102;AMIS DU BON CINEMA;11,7;45.474022;4.380177;421203;AUVERGNE / RHONE-ALPES;42275;6175;42;753;Saint-Étienne;373130;04-Unités urbaines de 100 000 hbts ou plus;1;7;22;-1;Moins de 2000 entrées;NON;;B;5;1;0;47,6;43,5;7;1,9;5;16
277;3 304;203 004;VILLE DE LA TALAUDIERE;56,4;45.482487;4.429981;421204;AUVERGNE / RHONE-ALPES;42305;6608;42;753;Saint-Étienne;373130;04-Unités urbaines de 100 000 hbts ou plus;1;20;71;-1;De 2 à 5 000 entrées;NON;;B;56;35;0;58,3;36,2;5,4;0;22;67,3
2427;111 287;4 277;UGC CINE CITE;80,7;44.811682;-0.592543;421242;NOUVELLE AQUITAINE;33522;42171;33;33701;Bordeaux;904359;04-Unités urbaines de 100 000 hbts ou plus;12;31;10 020;25;De 100 à 150 000 entrées;NON;;B;212;93;93;73,9;3,7;14,9;7,6;90;75,4
328;2 760;52 899;ASSOCIATION CINEMA LE MANOIR;51,3;46.465494;-1.62086;421441;PAYS DE LA LOIRE;85288;7363;85;85204;Talmont-Saint-Hilaire;7363;06-autres communes et unités urbaines;1;31;304;-0,9;De 2 à 5 000 entrées;E;;I;111;89;0;60,7;20,8;8,3;10,2;51;59,7
357;14 275;152 852;CINEMA MARIVAUX;75,5;45.898249;4.4318;421911;AUVERGNE / RHONE-ALPES;69243;10639;69;69302;Tarare;16613;06-autres communes et unités urbaines;2;31;824;-0,9;De 10 à 20 000 entrées;E;RDJP;C;125;92;21;86;7,3;1,1;5,6;66;79,8
200;4 224;7 151;OFFICE DU TOURISME DU PAYS DE TARASCON;35,9;42.846422;1.603935;421923;OCCITANIE;9306;3231;9;9201;Tarascon-sur-Ariège;5525;06-autres communes et unités urbaines;1;30;386;-0,4;De 2 à 5 000 entrées;E;;C;113;86;0;62;23,5;4,5;10,1;57;41,4
336;6 987;28 757;JOURCIN DIDIER;23,6;43.806585;4.660803;421932;PROVENCE-ALPES-COTE D'AZUR;13108;15056;13;456;Beaucaire;31150;05-Unités urbaines de 20 000 à 100 000 hbts;2;27;871;-0,8;De 5 à 10 000 entrées;D;JP;B;82;65;32;31,9;33,2;18,2;16,7;23;15,4
1968;101 803;45 532;CINE LOISIRS AQUITAINE;68,9;43.240399;0.079601;421997;OCCITANIE;65440;40593;65;65501;Tarbes;75605;05-Unités urbaines de 20 000 à 100 000 hbts;11;31;10 852;1,2;De 100 à 150 000 entrées;NON;;C;145;101;98;53,8;22,1;12;12,1;20;64,2
2567;77 542;17 736;LANESMOND;56,4;43.536908;-1.461264;422160;NOUVELLE AQUITAINE;40312;12387;40;751;Bayonne (partie française);236730;04-Unités urbaines de 100 000 hbts ou plus;12;31;12 067;3,4;De 50 à 80 000 entrées;NON;;B;143;100;98;54,6;21,9;13,1;10,4;23;67,6
245;13 772;190 120;ASSOCIATION DIFFUSION EXPLOITATION CINEMATOGRAPHIQUE SUD EST;32,7;45.761019;4.761288;422432;AUVERGNE / RHONE-ALPES;69244;21793;69;758;Lyon;1639558;04-Unités urbaines de 100 000 hbts ou plus;1;26;446;-0,9;De 10 à 20 000 entrées;C;JP;B;100;77;7;68,5;20,8;8,2;2,5;60;30,4
329;9 939;46 865;STUDIO 207;34,4;49.026312;2.224754;422871;ILE-DE-FRANCE;95607;26077;95;851;Paris;10706072;03-Petite couronne;2;30;1 620;-0,8;De 5 à 10 000 entrées;NON;;B;125;100;10;68;22,9;6,3;2,9;48;38,1
189;10 444;1 299 429;ASSOCIATION CINEBOL;0;44.550873;4.681776;423061;AUVERGNE / RHONE-ALPES;7319;8449;7;551;Montélimar;55791;05-Unités urbaines de 20 000 à 100 000 hbts;2;30;1 184;-1;De 10 à 20 000 entrées;D;RDJP;B;174;145;4;37,4;62,6;0;0;96;0
170;13 262;25 471;LES TOILES DU NORD;37,3;50.527126;3.168609;423382;HAUTS DE FRANCE;59586;5930;59;59211;Templeuve;10210;06-autres communes et unités urbaines;1;30;618;-0,5;De 10 à 20 000 entrées;NON;;C;62;48;19;59,9;32,8;7,1;0,2;12;46,7
126;9 444;364 014;LES TOILES DU NORD;30;50.526289;3.170036;423383;HAUTS DE FRANCE;59586;5930;59;59211;Templeuve;10210;06-autres communes et unités urbaines;1;28;519;-1;De 5 à 10 000 entrées;E;JP;C;69;52;10;66;26,5;5,1;2,4;26;29,9
172;4 107;29 774;CINE-TENCE;66,3;45.114054;4.290647;423422;AUVERGNE / RHONE-ALPES;43244;3106;43;43102;Tence;3106;06-autres communes et unités urbaines;1;27;220;-0,9;De 2 à 5 000 entrées;E;;I;94;69;2;65,3;16,5;15,1;3,1;36;64,4
157;1 175;7 710;ASSOCIATION MAISON DES JEUNES ET DE LA CULTURE;10,8;44.08886;7.593211;423501;PROVENCE-ALPES-COTE D'AZUR;6163;2174;6;0;Zone rurale;14541106;04-Unités urbaines de 100 000 hbts ou plus;1;29;59;-0,8;Moins de 2000 entrées;NON;;R;59;51;1;41,8;54,8;0,8;2,5;14;4
498;7 306;10 856;CENTRE D'ANIMATION CULTURELLE INTERCOMMUNALE DU TERNOIS;25,2;49.657142;3.298248;423561;HAUTS DE FRANCE;2738;13734;2;2402;Tergnier;22463;05-Unités urbaines de 20 000 à 100 000 hbts;2;30;993;-0,3;De 5 à 10 000 entrées;NON;;C;106;88;45;37,6;47,9;7,8;6,7;35;20,3
228;7 136;3 446;COMMUNE DE TERRASSON LA VILLEDIEU;63,8;45.131093;1.301938;423865;NOUVELLE AQUITAINE;24547;6173;24;265;Terrasson-Lavilledieu;7839;06-autres communes et unités urbaines;1;31;610;1,1;De 5 à 10 000 entrées;E;JP;C;177;118;3;73,8;18,4;4,9;2,9;111;58,7
1375;77 117;7 187;SARL GRAND ECRAN;49,8;44.637099;-1.153746;424194;NOUVELLE AQUITAINE;33529;26110;33;33501;La Teste-de-Buch - Arcachon;65500;05-Unités urbaines de 20 000 à 100 000 hbts;10;30;6 231;9,7;De 50 à 80 000 entrées;D;;C;214;147;103;82,8;10,6;5,7;0,9;102;48,7
670;8 132;4 340;ASSOCIATION ARTS ET CULTURE PAYS THANNAIS;25,6;47.805797;7.101395;424465;GRAND EST;68334;7898;68;68402;Thann - Cernay;31817;05-Unités urbaines de 20 000 à 100 000 hbts;2;27;652;0,9;De 5 à 10 000 entrées;D;;C;127;99;33;45,5;35,6;11,5;7,4;62;33,2
221;3 327;39 168;ASSOCIATION LE FOYER THEILLOIS;27,8;48.265259;0.690629;424781;NORMANDIE;61484;3737;61;61102;Le Theil;3737;06-autres communes et unités urbaines;1;21;173;-0,9;De 2 à 5 000 entrées;E;JP;C;60;44;0;57,8;30,8;5,4;6;25;23,9
3679;428 429;4 785;LES CINEMAS PATHE GAUMONT;36,7;48.756508;2.371928;425503;ILE-DE-FRANCE;94073;28942;94;851;Paris;10706072;02-Grande Couronne;16;31;15 254;88,5;De 300 à 450 000 entrées;NON;;B;202;121;116;64,3;27,4;6,1;2,1;44;42
341;6 341;18 148;THIERS CINEMA;15,4;45.855676;3.547437;425783;AUVERGNE / RHONE-ALPES;63430;11805;63;63303;Thiers;13925;06-autres communes et unités urbaines;3;30;906;-0,7;De 5 à 10 000 entrées;E;;C;94;74;6;40,9;49,8;6,7;2,6;50;10,2
2609;226 644;19 491;SOCIETE DES GRANDS ECRANS DE THILLOIS;6,7;49.254024;3.962365;426120;GRAND EST;51569;405;51;0;Zone rurale;14541106;04-Unités urbaines de 100 000 hbts ou plus;13;31;11 013;10,6;De 200 à 300 000 entrées;NON;;R;212;124;109;70,1;27,3;2,6;0;53;4,9
332;6 457;1 575;ROUEFF GERARD;24,3;47.881078;6.765526;426151;GRAND EST;88468;3513;88;88303;Le Thillot;15370;06-autres communes et unités urbaines;2;30;562;3,1;De 5 à 10 000 entrées;NON;;C;76;65;19;60,3;29,9;8,6;1,3;15;21,5
299;16 243;178 263;ASSOCIATION CINE ESSAI;24,3;49.357979;6.167955;426273;GRAND EST;57672;40665;57;57601;Thionville;132722;04-Unités urbaines de 100 000 hbts ou plus;2;27;1 629;-0,9;De 10 à 20 000 entrées;C;RDJPPR;C;125;78;35;50,6;35,2;5,8;8,5;94;27,5
2844;147 341;7 700;KINEPOLIS THIONVILLE;56,8;49.362347;6.111437;426301;GRAND EST;57672;40665;57;57601;Thionville;132722;04-Unités urbaines de 100 000 hbts ou plus;10;31;8 363;18,1;De 100 à 150 000 entrées;NON;;C;198;102;102;71,4;18,9;4,4;5,3;31;77,2
173;7 414;662 439;SARL CINE LIMOUSIN QUERCY PERIGORD;56;45.413265;0.918749;426463;NOUVELLE AQUITAINE;24551;2893;24;24108;Thiviers;3849;06-autres communes et unités urbaines;1;29;443;-1;De 5 à 10 000 entrées;E;RDJPPR;C;149;104;1;67;21,2;4,4;7,4;81;64,5
333;1 497;138 442;VEGA;44,4;46.030249;4.313447;426533;AUVERGNE / RHONE-ALPES;69248;6150;69;69203;Thizy;6150;06-autres communes et unités urbaines;2;16;219;-1;Moins de 2000 entrées;E;;I;59;38;0;55,3;22,6;11,9;10,3;20;48,5
193;1 629;32 222;SOCIETE DES CINEMAS DU CHABLAIS;71,4;46.389621;6.718783;426761;AUVERGNE / RHONE-ALPES;74279;760;74;0;Zone rurale;14541106;04-Unités urbaines de 100 000 hbts ou plus;1;19;178;-0,9;Moins de 2000 entrées;NON;;R;59;47;0;64,1;16,4;11,8;7,7;16;78
189;4 908;33 479;ASSOCIATION EDUCATIVE ARTS LOISIRS;35,5;45.881671;6.325794;426831;AUVERGNE / RHONE-ALPES;74280;6549;74;74205;Thônes;10092;06-autres communes et unités urbaines;1;22;247;-0,9;De 2 à 5 000 entrées;E;;C;61;45;24;65,3;28,7;2,6;3,4;14;27,2
412;15 146;22 565;BAUCINE;20;46.369762;6.481305;426921;AUVERGNE / RHONE-ALPES;74281;34895;74;74501;Thonon-les-Bains;75939;05-Unités urbaines de 20 000 à 100 000 hbts;3;25;1 484;-0,3;De 10 à 20 000 entrées;D;;C;89;66;35;50,7;41,5;5,7;2,1;66;20,3
1392;112 854;371 477;CINE LEMAN;24,4;46.352812;6.468439;426924;AUVERGNE / RHONE-ALPES;74281;34895;74;74501;Thonon-les-Bains;75939;05-Unités urbaines de 20 000 à 100 000 hbts;8;31;6 851;-0,7;De 100 à 150 000 entrées;NON;;C;145;102;98;63,7;20,5;0,3;15,5;33;35
114;7 037;32 324;ASSOCIATION DU CINEMA LE PARNAL;63,7;45.99595;6.239124;427042;AUVERGNE / RHONE-ALPES;74282;9104;74;0;Zone rurale;14541106;04-Unités urbaines de 100 000 hbts ou plus;1;31;270;-0,8;De 5 à 10 000 entrées;E;JP;R;86;40;0;45,6;22,1;20;12,2;57;76,4
170;1 540;6 098;SYNDICAT D INITIATIVE DE THOUARCE;24;47.267642;-0.502889;427312;PAYS DE LA LOIRE;49345;5783;49;0;Zone rurale;14541106;04-Unités urbaines de 100 000 hbts ou plus;1;20;89;-0,7;Moins de 2000 entrées;E;;R;66;51;0;41,8;42,6;7,2;8,4;31;28,4
235;9 779;9 344;AEP LA DURANDAL;12,4;46.977963;-0.211033;427363;NOUVELLE AQUITAINE;79329;9225;79;79302;Thouars;14299;06-autres communes et unités urbaines;1;31;425;0;De 5 à 10 000 entrées;E;;C;97;70;10;38,5;49,5;8,5;3,5;41;9,6
220;1 128;8 818;COMMUNE DE THOUROTTE;17,6;49.482001;2.884056;427442;HAUTS DE FRANCE;60636;4584;60;60502;Compiègne;70485;05-Unités urbaines de 20 000 à 100 000 hbts;1;16;32;-0,9;Moins de 2000 entrées;NON;;B;21;6;0;37,8;55,8;4,2;2,2;15;19,7
270;6 793;27 945;ASSOCIATION ARTS ET LOISIRS;37,2;50.471998;3.073172;427703;HAUTS DE FRANCE;59592;3942;59;756;Douai - Lens;504537;04-Unités urbaines de 100 000 hbts ou plus;1;30;159;-0,8;De 5 à 10 000 entrées;NON;;B;62;50;0;48,3;37,9;11,3;2,5;12;35,2
213;8 241;25 010;ORGANISATION MANIFESTATIONS ACTION CULTURELLE CINEMATOGRAPHIQUE;77,5;48.985746;-0.478263;427861;NORMANDIE;14689;3680;14;0;Zone rurale;14541106;04-Unités urbaines de 100 000 hbts ou plus;1;31;450;-0,7;De 5 à 10 000 entrées;E;JP;R;115;88;5;57,1;11,9;25,4;5,6;57;81,1
282;6 856;14 934;MONTAGNE CINE AUDIO;62;45.456559;6.900294;428103;AUVERGNE / RHONE-ALPES;73296;2569;73;0;Zone rurale;14541106;04-Unités urbaines de 100 000 hbts ou plus;2;21;530;-0,5;De 5 à 10 000 entrées;NON;;R;101;85;23;40,3;38;19,8;2;27;60,1
280;2 089;38 622;LIGUE DE L' ENSEIGNEMENT DE BASSE-NORMANDIE;80,1;48.763163;-0.732609;428483;NORMANDIE;61486;4999;61;61104;Tinchebray;4999;06-autres communes et unités urbaines;1;24;84;-0,9;De 2 à 5 000 entrées;E;;I;73;51;0;55,2;17,3;12,8;14,6;30;81,6
200;7 130;8 838;ASSOCIATION CINE PASSION EN PERIGORD;14;45.252655;0.493333;428711;NOUVELLE AQUITAINE;24553;1667;24;0;Zone rurale;14541106;04-Unités urbaines de 100 000 hbts ou plus;1;29;225;-0,2;De 5 à 10 000 entrées;E;JP;R;77;41;1;30,3;60,8;7,1;1,8;42;8,8
173;1 613;61 905;CINE REX;72,7;45.966024;-0.705655;428921;NOUVELLE AQUITAINE;17448;1161;17;0;Zone rurale;14541106;04-Unités urbaines de 100 000 hbts ou plus;1;30;161;-1;Moins de 2000 entrées;E;;R;82;57;0;54,9;15,6;13,9;15,6;45;79,2
320;11 181;21 700;ASSOCIATION POUR LA PROMOTION ET L'ANIMATION DU CINE A TONNEINS;36,9;44.391294;0.311793;428942;NOUVELLE AQUITAINE;47310;9014;47;47201;Tonneins;9853;06-autres communes et unités urbaines;2;31;1 009;-0,5;De 10 à 20 000 entrées;E;RDJPPR;C;229;174;57;42;37,6;11,6;8,8;127;45
141;2 979;78 030;VILLE DE TONNERRE;51,1;47.856492;3.972991;428961;BOURGOGNE / FRANCHE-COMTE;89418;4736;89;89202;Tonnerre;5337;06-autres communes et unités urbaines;1;24;223;-1;De 2 à 5 000 entrées;E;JPPR;C;64;40;0;50,6;28,1;4,5;16,8;43;62,1
2891;231 974;93 285;MAUBIM;71,6;48.840592;2.654959;429132;ILE-DE-FRANCE;77468;23558;77;851;Paris;10706072;03-Petite couronne;16;31;16 450;1,5;De 200 à 300 000 entrées;NON;;B;208;136;133;53,8;19,4;11,3;15,5;59;82,9
74;265;4 454;CINELUX;28,3;47.734838;3.292272;429621;BOURGOGNE / FRANCHE-COMTE;89419;2732;89;89101;Toucy;2732;06-autres communes et unités urbaines;1;1;4;-0,9;Moins de 2000 entrées;NON;;I;1;1;0;66,2;25,9;4;3,8;1;32,5
246;11 230;296 199;CINE SPECTACLE;21,5;48.676183;5.893159;429814;GRAND EST;54528;16021;54;54402;Toul;23131;05-Unités urbaines de 20 000 à 100 000 hbts;1;28;525;-1;De 10 à 20 000 entrées;NON;;C;159;124;0;75;20,7;3,2;1;79;17
386;40 238;31 768;ASSOCIATION CINEMA LE ROYAL - TOULON;32,8;43.124501;5.96296;429951;PROVENCE-ALPES-COTE D'AZUR;83137;167479;83;757;Toulon;569793;04-Unités urbaines de 100 000 hbts ou plus;3;28;2 201;0,3;De 40 à 50 000 entrées;A;RDPR;C;143;87;63;63,9;29,2;3,8;3;114;30,9
100;2 198;7 281;LAPORTA MICHEL;24,8;42.666461;2.836131;430102;OCCITANIE;66213;6686;66;66601;Perpignan;200971;04-Unités urbaines de 100 000 hbts ou plus;1;9;17;-0,7;De 2 à 5 000 entrées;NON;;B;7;4;0;56;36,9;6,4;0,7;0;22,9
396;75 747;15 351;ASSOCIATION POUR LA PROMOTION DU CINEMA ABC;40,2;43.60903;1.443975;430222;OCCITANIE;31555;471941;31;31701;Toulouse;948433;04-Unités urbaines de 100 000 hbts ou plus;3;31;3 132;3,9;De 50 à 80 000 entrées;A;RDJPPR;C;151;71;62;63,9;28,6;5,6;2;114;37,3
441;95 387;15 535;UTOPIA LATIN;49,8;43.604016;1.446784;430243;OCCITANIE;31555;471941;31;31701;Toulouse;948433;04-Unités urbaines de 100 000 hbts ou plus;3;31;2 981;5,1;De 80 à 100 000 entrées;A;RDJPPR;C;166;82;71;47,5;26;11,9;14,5;122;53,8
79;8 730;38 496;ASSOCIATION CINEFOL 31;55,9;43.588909;1.445984;430261;OCCITANIE;31555;471941;31;31701;Toulouse;948433;04-Unités urbaines de 100 000 hbts ou plus;1;26;500;-0,8;De 5 à 10 000 entrées;A;RDJP;C;151;67;0;72,4;12,5;11,7;3,4;137;63,9
130;1 427;5 197;CENTRE SOCIO CULTUREL SPORT MINVIL;39;43.563857;1.404136;430404;OCCITANIE;31555;471941;31;31701;Toulouse;948433;04-Unités urbaines de 100 000 hbts ou plus;1;17;67;-0,7;Moins de 2000 entrées;NON;;C;37;23;0;56,2;32,4;7,5;3,9;21;31,2
3529;373 778;20 989;GAUMONT;23,9;43.60456;1.44782;430446;OCCITANIE;31555;471941;31;31701;Toulouse;948433;04-Unités urbaines de 100 000 hbts ou plus;15;31;13 351;16,8;De 300 à 450 000 entrées;NON;;C;238;155;149;46,3;45,4;5,5;2,8;86;13,8
299;27 694;49 414;BORDEROUGE CINE;78,9;43.642205;1.45598;430455;OCCITANIE;31555;471941;31;31701;Toulouse;948433;04-Unités urbaines de 100 000 hbts ou plus;3;23;2 013;-0,4;De 20 à 30 000 entrées;NON;;C;125;69;9;53,5;21,1;15;10,4;98;77,9
682;30 117;38 735;PECOURT JOSEPH EMILE;85,2;50.524614;1.585193;430620;HAUTS DE FRANCE;62826;4285;62;62401;Berck;44863;05-Unités urbaines de 20 000 à 100 000 hbts;5;23;2 772;-0,2;De 30 à 40 000 entrées;D;JPPR;B;99;64;56;56,1;19,1;12,7;12,1;44;85,2
299;10 606;17 759;LE FRESNOY STUDIO NATIONAL DES ARTS CONTEMPORAINS;23,1;50.699907;3.155883;430771;HAUTS DE FRANCE;59599;96809;59;59702;Lille (partie française);1039397;04-Unités urbaines de 100 000 hbts ou plus;2;27;443;-0,4;De 10 à 20 000 entrées;C;JP;B;93;57;0;39,3;43,1;14,2;3,5;79;23,9
638;30 866;45 978;SOCIETE DES CINEMAS DE L  OUEST;23,2;50.721235;3.15888;430886;HAUTS DE FRANCE;59599;96809;59;59702;Lille (partie française);1039397;04-Unités urbaines de 100 000 hbts ou plus;5;31;3 802;-0,3;De 30 à 40 000 entrées;NON;;B;83;49;47;32,5;52,4;11,2;3,9;17;17,5
119;2 799;6 689;BASILIC DIFFUSION;67,8;43.726077;5.547136;430923;PROVENCE-ALPES-COTE D'AZUR;84133;4196;84;84108;La Tour-d'Aigues;4196;06-autres communes et unités urbaines;1;29;95;-0,6;De 2 à 5 000 entrées;NON;;I;57;36;0;72,4;12,3;7,8;7,6;36;82,5
208;8 849;146 047;CINEODE;13;45.562468;5.444145;431023;AUVERGNE / RHONE-ALPES;38509;7970;38;38304;La Tour-du-Pin;21762;05-Unités urbaines de 20 000 à 100 000 hbts;1;30;526;-0,9;De 5 à 10 000 entrées;D;;C;117;89;14;50,7;43,8;5,4;0,1;49;40,8
300;10 548;346 146;ASSOCIATION CINEFOL 31;0;43.216817;0.882662;431351;OCCITANIE;31028;1201;31;0;Zone rurale;14541106;04-Unités urbaines de 100 000 hbts ou plus;1;29;332;-1;De 10 à 20 000 entrées;E;JP;R;88;44;0;51,4;48,6;0;0;49;0
486;72 421;607 933;UTOPIA LATIN;23,7;43.581932;1.345083;431352;OCCITANIE;31557;26477;31;31701;Toulouse;948433;04-Unités urbaines de 100 000 hbts ou plus;4;23;2 736;-0,9;De 50 à 80 000 entrées;C;RDJPPR;B;149;81;48;40,5;51,5;6,5;1,5;103;17,7
285;10 256;842;ASSOCIATION RHONE COMMUNICATIONS;13,9;45.065738;4.834751;431551;AUVERGNE / RHONE-ALPES;7324;10326;7;457;Tournon-sur-Rhône;29832;05-Unités urbaines de 20 000 à 100 000 hbts;2;29;647;11,2;De 10 à 20 000 entrées;D;JP;C;91;72;12;42,6;49,5;5,9;2,1;38;9,2
219;7 818;11 471;FOURNIER CHRISTOPHE CINEMA;70,1;46.562498;4.912313;431604;BOURGOGNE / FRANCHE-COMTE;71543;5663;71;71202;Tournus;5663;06-autres communes et unités urbaines;1;29;393;-0,3;De 5 à 10 000 entrées;E;RDJPPR;I;127;76;0;67,4;7,8;16,1;8,8;85;79,6
1067;150 608;55 151;ANIMATION DES STUDIO DE TOURS;83,2;47.394391;0.697155;431732;CENTRE-VAL DE LOIRE;37261;136252;37;37701;Tours;353042;04-Unités urbaines de 100 000 hbts ou plus;7;31;6 510;1,7;De 150 à 200 000 entrées;A;RDJPPR;C;267;166;131;59;17,4;15,4;8,2;209;81,2
2574;250 906;92 452;TOURMOND;17,4;47.365422;0.680755;431771;CENTRE-VAL DE LOIRE;37261;136252;37;37701;Tours;353042;04-Unités urbaines de 100 000 hbts ou plus;13;31;13 729;1,7;De 200 à 300 000 entrées;NON;;C;157;107;104;42;37;15,4;5,6;28;18
1898;59 886;13 261;CINETOURS;50,9;47.366664;0.706536;431801;CENTRE-VAL DE LOIRE;37261;136252;37;37701;Tours;353042;04-Unités urbaines de 100 000 hbts ou plus;8;31;7 572;3,5;De 50 à 80 000 entrées;NON;;C;154;104;91;49,1;33,9;15;1,9;52;48
266;12 015;40 420;ASSOCIATION CINEMA DU BOCAGE;60,6;46.34852;-1.448152;432661;PAYS DE LA LOIRE;85294;2863;85;85104;La Tranche-sur-Mer;2863;06-autres communes et unités urbaines;2;28;1 057;-0,7;De 10 à 20 000 entrées;E;;I;145;119;42;59,5;12;14,3;14,1;57;82
218;9 267;58 923;COMMUNE DE TRAPPES;73,3;48.780183;1.992423;432832;ILE-DE-FRANCE;78621;32346;78;851;Paris;10706072;03-Petite couronne;1;30;519;-0,8;De 5 à 10 000 entrées;C;JP;B;116;85;1;64,5;9,4;9,3;16,8;62;71,7
2187;167 522;35 924;CINECRANS;14;48.493105;-2.761907;433570;BRETAGNE;22360;8411;22;22501;Saint-Brieuc;94500;05-Unités urbaines de 20 000 à 100 000 hbts;10;31;6 872;3,7;De 150 à 200 000 entrées;NON;;B;171;102;100;31,5;58,3;8,5;1,7;28;9,7
259;5 143;11 606;SECIC;13,6;45.796268;-1.166123;433913;NOUVELLE AQUITAINE;17452;4641;17;17301;La Tremblade;11935;06-autres communes et unités urbaines;1;30;501;-0,6;De 5 à 10 000 entrées;NON;;C;101;80;16;37,7;48,6;9,9;3,8;59;11,9
524;28 336;15 833;ASSOCIATION TREMBLAYSIENNE POUR LE CINEMA;76,5;48.99649;2.550261;433972;ILE-DE-FRANCE;93073;35381;93;851;Paris;10706072;02-Grande Couronne;3;21;1 348;0,8;De 20 à 30 000 entrées;C;RDJPPR;B;117;63;17;57;17,9;16,1;9;84;77,9
2380;222 687;52 919;PATHE AEROVILLE;13,2;48.991044;2.524032;433975;ILE-DE-FRANCE;93073;35381;93;851;Paris;10706072;02-Grande Couronne;12;29;9 362;3,2;De 200 à 300 000 entrées;NON;;B;162;77;72;32,6;57,6;7,1;2,7;24;8,6
332;7 994;12 162;CASINO DU TREPORT;14,7;50.061473;1.367587;434402;NORMANDIE;76711;4935;76;453;Eu;20095;05-Unités urbaines de 20 000 à 100 000 hbts;1;29;814;-0,3;De 5 à 10 000 entrées;NON;;C;74;61;35;38,2;51,6;7,4;2,8;16;10,1
220;2 017;4 162;POLYMAGES;44,8;43.447455;5.684694;434682;PROVENCE-ALPES-COTE D'AZUR;13110;10963;13;759;Marseille - Aix-en-Provence;1585498;04-Unités urbaines de 100 000 hbts ou plus;1;23;133;-0,5;De 2 à 5 000 entrées;NON;;B;52;39;4;73;17,7;3,4;5,9;17;35,6
228;897;36 681;ASSOCIATION L'ETOILE;25,2;46.46634;1.038441;435331;NOUVELLE AQUITAINE;86273;901;86;0;Zone rurale;14541106;04-Unités urbaines de 100 000 hbts ou plus;1;16;92;-1;Moins de 2000 entrées;E;;R;47;32;0;51;43;4,2;1,8;17;25,3
2352;161 346;1 214;AUBOISE D EXPLOITATION CINEMATOGRAPHIQUE;17,7;48.291806;4.080707;436453;GRAND EST;10387;60928;10;10601;Troyes;136330;04-Unités urbaines de 100 000 hbts ou plus;14;31;13 955;131,9;De 150 à 200 000 entrées;NON;;C;266;189;169;51,9;44,4;3,6;0,1;121;13,4
708;44 110;19 732;VEO TULLE;16;45.272941;1.776816;436927;NOUVELLE AQUITAINE;19272;14390;19;19401;Tulle;21196;05-Unités urbaines de 20 000 à 100 000 hbts;5;31;3 310;1,2;De 40 à 50 000 entrées;D;RDJPPR;C;209;129;76;58,6;31,2;7,4;2,8;111;9,7
106;4 999;46 341;IMA 3;30,8;45.297176;5.483039;436962;AUVERGNE / RHONE-ALPES;38517;7655;38;38206;Tullins;8805;06-autres communes et unités urbaines;1;27;338;-0,9;De 2 à 5 000 entrées;E;JP;C;84;72;1;56;30,3;8;5,7;33;27
160;19 250;80 438;DAVID;46,2;47.348261;-2.512088;437012;PAYS DE LA LOIRE;44211;4460;44;44206;La Turballe;6691;06-autres communes et unités urbaines;1;30;865;-0,8;De 10 à 20 000 entrées;E;RDJPPR;C;175;129;61;72,6;22,9;0;4,5;119;43,3
615;20 944;22 911;LES AMIS DU CINEMA;16,9;45.754303;6.417593;437401;AUVERGNE / RHONE-ALPES;73303;7042;73;73203;Ugine;8717;06-autres communes et unités urbaines;2;30;1 232;-0,1;De 20 à 30 000 entrées;E;RDJP;C;108;79;44;26;62;9,4;2,6;36;11
210;6 776;155 548;COMMUNE DES ULIS;23,1;48.682507;2.169714;437561;ILE-DE-FRANCE;91692;24764;91;851;Paris;10706072;03-Petite couronne;1;24;362;-1;De 5 à 10 000 entrées;NON;;B;102;70;3;44,4;43,3;5,9;6,4;60;10,7
600;21 518;174 199;UGC SAS;72,5;48.675884;2.175597;437562;ILE-DE-FRANCE;91692;24764;91;851;Paris;10706072;03-Petite couronne;4;31;2 931;-0,9;De 20 à 30 000 entrées;NON;;B;54;49;44;52,1;23,5;15,1;9,3;10;73,8
102;760;384 196;MAISON DES JEUNES ET DE LA CULTURE D' UNGERSHEIM;16;47.876905;7.309221;437630;GRAND EST;68343;2177;68;68207;Ensisheim;9600;06-autres communes et unités urbaines;1;22;34;-1;Moins de 2000 entrées;NON;;B;28;21;0;38,2;52,4;7;2,4;8;10,4
377;7 643;34 964;VILLE D'UNIEUX;31,4;45.396194;4.281269;437674;AUVERGNE / RHONE-ALPES;42316;8975;42;753;Saint-Étienne;373130;04-Unités urbaines de 100 000 hbts ou plus;1;23;590;-0,8;De 5 à 10 000 entrées;NON;;B;102;76;1;47,1;44,6;5,6;2,7;39;23
200;7 679;24 116;ASSOCIATION CINEMA LE LUMIERE;48,3;43.654225;1.491185;437682;OCCITANIE;31561;11595;31;31701;Toulouse;948433;04-Unités urbaines de 100 000 hbts ou plus;1;24;266;-0,7;De 5 à 10 000 entrées;C;;B;123;96;13;65,2;21,1;5;8,8;64;68,5
229;7 708;44 022;AEP LES AMIS DE LA JEUNESSE D URRUGNE;29,5;43.36278;-1.696856;438001;NOUVELLE AQUITAINE;64545;9674;64;751;Bayonne (partie française);236730;04-Unités urbaines de 100 000 hbts ou plus;1;28;818;-0,8;De 5 à 10 000 entrées;C;RDJPPR;B;143;95;13;66,1;29,5;3,8;0,6;116;33,5
491;10 189;233 418;VEO CINEMAS;40,9;45.550069;2.312425;438291;NOUVELLE AQUITAINE;19275;9783;19;19301;Ussel;9783;06-autres communes et unités urbaines;2;31;720;-1;De 10 à 20 000 entrées;E;JP;I;122;83;14;51,9;31,4;13,2;3,5;56;40,1
200;3 406;7 939;ALLEMANDI DELPHINE;53,9;44.369873;6.605179;438461;PROVENCE-ALPES-COTE D'AZUR;4226;583;4;0;Zone rurale;14541106;04-Unités urbaines de 100 000 hbts ou plus;1;21;246;-0,6;De 2 à 5 000 entrées;NON;;R;86;74;31;47,2;18,8;12,7;21,3;20;58,4
187;3 301;66 986;VILLE D'UZERCHE;38,3;45.424402;1.563016;438622;NOUVELLE AQUITAINE;19276;2889;19;19103;Uzerche;2889;06-autres communes et unités urbaines;1;30;215;-1;De 2 à 5 000 entrées;E;;I;106;78;0;46,4;35,1;9,5;9;49;35,1
500;22 938;8 911;ATMOSPHERE ATMOSPHERE;31,4;44.014623;4.419527;438631;OCCITANIE;30334;8540;30;30301;Uzès;11726;06-autres communes et unités urbaines;3;30;1 806;1,6;De 20 à 30 000 entrées;E;JPPR;C;154;110;75;78,7;13,3;7,2;0,8;74;37,4
183;3 628;65 046;VAGNEY LOISIRS;37;48.008328;6.71485;439061;GRAND EST;88486;3949;88;88402;La Bresse;24384;05-Unités urbaines de 20 000 à 100 000 hbts;1;30;117;-0,9;De 2 à 5 000 entrées;D;;C;66;44;0;53,1;31,1;12,1;3,7;27;42,5
311;3 663;30 518;ASSOCIATION VAIROISE D'ANIMATION CULTURELLE;0;48.874168;2.632366;439271;ILE-DE-FRANCE;77479;13579;77;851;Paris;10706072;03-Petite couronne;1;24;179;-0,9;De 2 à 5 000 entrées;NON;;B;55;44;0;100;0;0;0;20;0
442;24 578;1 757;REGAIN;45,9;44.244391;5.067667;439295;PROVENCE-ALPES-COTE D'AZUR;84137;6072;84;84203;Vaison-la-Romaine;7872;06-autres communes et unités urbaines;3;29;1 709;13;De 20 à 30 000 entrées;E;RDJPPR;C;250;199;122;66,3;24,6;5,8;3,3;150;49,5
230;1 969;365 860;ALMA CENTRE CULTUREL;34,5;43.619739;7.039277;439502;PROVENCE-ALPES-COTE D'AZUR;6152;13183;6;6701;Nice;943354;04-Unités urbaines de 100 000 hbts ou plus;1;16;39;-1;Moins de 2000 entrées;NON;;B;21;11;0;74,4;19;4,6;2;12;30,2
230;7 354;9 007;LES VISITEURS DU SOIR;26,8;43.641892;7.006394;439503;PROVENCE-ALPES-COTE D'AZUR;6152;13183;6;6701;Nice;943354;04-Unités urbaines de 100 000 hbts ou plus;1;23;121;-0,2;De 5 à 10 000 entrées;C;;B;77;50;0;52,5;39,6;3,6;4,4;67;25,3
241;4 905;25 327;ASS LA VAILLANTE CINE PAX;28,8;47.148814;6.343241;439583;BOURGOGNE / FRANCHE-COMTE;25578;5474;25;25114;Valdahon;5474;06-autres communes et unités urbaines;1;30;177;-0,8;De 2 à 5 000 entrées;E;;I;87;71;0;60,6;23,3;2,6;13,4;27;51
242;6 887;187 026;CENTRE D'ACTION CULTUREL DU VAL DE REUIL;21,7;49.271387;1.212255;439721;NORMANDIE;27701;13269;27;27402;Louviers;44239;05-Unités urbaines de 20 000 à 100 000 hbts;2;31;694;-1;De 5 à 10 000 entrées;D;JP;C;128;88;0;70,8;28,6;0,6;0;63;35,2
156;4 363;8 622;MC4  DISTRIBUTION;24,7;45.44673400000001;6.975815000000011;439745;AUVERGNE / RHONE-ALPES;73304;1583;73;0;Zone rurale;14541106;04-Unités urbaines de 100 000 hbts ou plus;1;25;289;-0,5;De 2 à 5 000 entrées;NON;;R;121;106;31;49,9;43,2;4,5;2,4;59;17,1
148;4 775;13 133;COMMUNE DE VALENCE D'AGEN;57,5;44.107657;0.889685;439901;OCCITANIE;82186;5277;82;82202;Valence;7776;06-autres communes et unités urbaines;1;26;241;-0,6;De 2 à 5 000 entrées;E;;C;124;94;0;63,8;12,2;15,6;8,4;52;65,8
739;45 349;5 553;LE NAVIRE;0;44.93274;4.89523;439941;AUVERGNE / RHONE-ALPES;26362;62479;26;651;Valence;129705;04-Unités urbaines de 100 000 hbts ou plus;5;31;4 025;7,2;De 40 à 50 000 entrées;B;RDJPPR;C;192;111;94;52,1;47,9;0;0;162;0
377;12 612;12 968;LUX SCENE NATIONALE DE VALENCE;16,6;44.930191;4.893946;439942;AUVERGNE / RHONE-ALPES;26362;62479;26;651;Valence;129705;04-Unités urbaines de 100 000 hbts ou plus;2;25;774;0;De 10 à 20 000 entrées;B;JPPR;C;84;26;18;49,4;44,2;6,2;0,1;72;10,2
2343;177 204;6 048;PATHE VALENCE;16,2;44.933197;4.901186;439990;AUVERGNE / RHONE-ALPES;26362;62479;26;651;Valence;129705;04-Unités urbaines de 100 000 hbts ou plus;12;31;10 709;28,3;De 150 à 200 000 entrées;NON;;C;203;124;110;36,8;54,1;6,3;2,8;53;8,9
3710;197 484;93 432;GAUMONT;40,5;50.339838;3.514954;440044;HAUTS DE FRANCE;59606;44043;59;59701;Valenciennes (partie française);335992;04-Unités urbaines de 100 000 hbts ou plus;15;31;12 456;1,1;De 150 à 200 000 entrées;NON;;C;288;154;130;54,9;31,2;9,5;4,5;115;42,4
109;7 213;20 897;POLYMAGES;18,5;43.131815;5.988887;440286;PROVENCE-ALPES-COTE D'AZUR;83144;23347;83;757;Toulon;569793;04-Unités urbaines de 100 000 hbts ou plus;1;29;511;-0,7;De 5 à 10 000 entrées;C;;B;135;97;0;57,7;36,8;3,6;1,9;72;17,7
282;9 445;221 723;ASSOCIATION CINEMA LE CEP;34,6;47.162517;-1.264107;440961;PAYS DE LA LOIRE;44212;8838;44;44212;Vallet;8838;06-autres communes et unités urbaines;1;29;361;-1;De 5 à 10 000 entrées;E;JP;I;133;92;0;55;28,8;12,8;3,4;68;48
334;7 783;5 424;AEP DE  VALLOIRE;24,2;45.164163;6.429287;441063;AUVERGNE / RHONE-ALPES;73306;1135;73;0;Zone rurale;14541106;04-Unités urbaines de 100 000 hbts ou plus;1;30;350;0,4;De 5 à 10 000 entrées;E;JP;R;114;84;37;41,7;57,6;0,7;0;43;21,9
274;4 565;20 123;OFFICE DU TOURISME DE VALMEINIER;28,8;45.174957;6.493547;441172;AUVERGNE / RHONE-ALPES;73307;510;73;0;Zone rurale;14541106;04-Unités urbaines de 100 000 hbts ou plus;2;21;394;-0,8;De 2 à 5 000 entrées;NON;;R;102;75;34;46,1;50,8;2;1;40;21,2
340;9 069;8 285;CHAMPALAUNE BRUNO MAURICE GERARD;28,2;49.508042;-1.47082;441261;NORMANDIE;50615;6745;50;50205;Valognes;7860;06-autres communes et unités urbaines;1;30;367;0,1;De 5 à 10 000 entrées;E;;C;85;65;16;42,1;42,6;10,2;5,1;42;24,8
807;9 278;20 497;LES THEATRES PIERRE ROUX;31,3;44.384549;4.991924;441352;PROVENCE-ALPES-COTE D'AZUR;84138;9492;84;84204;Valréas;9492;06-autres communes et unités urbaines;2;26;1 423;-0,5;De 5 à 10 000 entrées;NON;;I;102;86;26;68,2;20,7;7,7;3,4;38;30,6
218;2 390;150 233;OFFICE DE TOURISME DE VALS LES BAINS;64,6;44.655637;4.36656;441383;AUVERGNE / RHONE-ALPES;7331;3500;7;7402;Aubenas;41552;05-Unités urbaines de 20 000 à 100 000 hbts;2;29;328;-1;De 2 à 5 000 entrées;D;;B;91;72;1;46,2;28,1;22;3,7;33;56,7
813;45 525;15 015;SOCIETE RENNAISE DE DIFFUSION CINEMATOGRAPHIQUE;26,7;47.654885;-2.756096;441861;BRETAGNE;56260;53200;56;56501;Vannes;78876;05-Unités urbaines de 20 000 à 100 000 hbts;5;31;3 346;2;De 40 à 50 000 entrées;D;RDJPPR;C;190;98;70;48,3;47,3;2,7;1,8;157;25,5
1979;159 486;87 176;CINEVILLE;26,2;47.670076;-2.792332;441876;BRETAGNE;56260;53200;56;56501;Vannes;78876;05-Unités urbaines de 20 000 à 100 000 hbts;9;31;7 354;0,8;De 150 à 200 000 entrées;NON;;C;149;89;86;65,9;29,9;4,2;0;24;35,4
316;7 391;108 347;AEP JEAN BECQUE;19,4;44.402406;4.132968;441953;AUVERGNE / RHONE-ALPES;7334;2672;7;7110;Les Vans;3526;06-autres communes et unités urbaines;1;30;264;-0,9;De 5 à 10 000 entrées;E;RDJP;C;136;94;2;56,3;37,8;1,8;4,1;96;23,2
192;7 824;12 331;VILLE DE VANVES;27,7;48.821779;2.287439;442002;ILE-DE-FRANCE;92075;27806;92;851;Paris;10706072;02-Grande Couronne;1;24;280;-0,4;De 5 à 10 000 entrées;C;;B;94;71;1;49,5;41,7;7,5;1,3;67;23,6
1603;87 938;33 087;CINE MONTEREAU POINT COM;21,6;48.367677;2.957289;442370;ILE-DE-FRANCE;77482;3429;77;77403;Montereau-Fault-Yonne;27606;03-Petite couronne;9;31;7 941;1,7;De 80 à 100 000 entrées;NON;;B;182;121;111;59,7;28,4;4,9;7;67;14,4
188;3 351;92 884;SAVOY CINEMA;15,9;44.569752;6.68318;442861;PROVENCE-ALPES-COTE D'AZUR;5177;573;5;0;Zone rurale;14541106;04-Unités urbaines de 100 000 hbts ou plus;2;19;330;-1;De 2 à 5 000 entrées;NON;;R;48;27;5;69,8;29,4;0,9;0;14;21,8
295;13 791;84 641;LES VRAIS INSTANTS DE L  IMAGE;0;48.837881;2.157499;443601;ILE-DE-FRANCE;92076;8688;92;851;Paris;10706072;02-Grande Couronne;2;31;1 279;-0,8;De 10 à 20 000 entrées;C;;B;53;42;20;46,6;53,4;0;0;29;0
160;2 665;9 044;COMMUNE DE CHAMROUSSE;34,1;45.111573;5.875976;444091;AUVERGNE / RHONE-ALPES;38567;462;38;0;Zone rurale;14541106;04-Unités urbaines de 100 000 hbts ou plus;1;18;206;-0,7;De 2 à 5 000 entrées;NON;;R;83;65;1;60,8;31,1;5,9;2,2;25;29,6
177;4 279;11 569;VILLE DE VAULX EN VELIN;83,6;45.789822;4.917721;444143;AUVERGNE / RHONE-ALPES;69256;47313;69;758;Lyon;1639558;04-Unités urbaines de 100 000 hbts ou plus;1;24;303;-0,6;De 2 à 5 000 entrées;C;JP;B;76;53;0;81,5;4,7;8;5,8;45;87,5
3669;329 118;7 504;PATHE CARRE DE SOIE;17;45.763741;4.920277;444144;AUVERGNE / RHONE-ALPES;69256;47313;69;758;Lyon;1639558;04-Unités urbaines de 100 000 hbts ou plus;15;31;14 157;42,9;De 300 à 450 000 entrées;NON;;B;215;118;104;43,4;51,1;5,5;0;51;19,9
217;13 086;22 727;VILLE DE VAUREAL;39,4;49.030119;2.021182;444330;ILE-DE-FRANCE;95637;16221;95;851;Paris;10706072;03-Petite couronne;2;30;1 379;-0,4;De 10 à 20 000 entrées;NON;;B;140;103;19;54,1;35;7,2;3,7;48;37,9
268;7 332;234 737;COMMUNE DE VAUX LE PENIL;29,8;48.527795;2.689584;444791;ILE-DE-FRANCE;77487;11039;77;851;Paris;10706072;03-Petite couronne;1;24;354;-1;De 5 à 10 000 entrées;C;;B;113;76;1;59,9;29,6;8,4;2,1;61;35,4
200;3 549;23 649;ASSOCIATION CINE SPECTACLES L'UXELLO;12,6;44.954501;1.70171;445201;OCCITANIE;46330;1291;46;155;Vayrac;2488;06-autres communes et unités urbaines;1;28;180;-0,8;De 2 à 5 000 entrées;E;;C;124;95;0;43,8;51,2;1,5;3,5;66;4,6
281;9 383;33 336;CINEGIL;17,6;43.723214;7.110472;446171;PROVENCE-ALPES-COTE D'AZUR;6157;18393;6;6701;Nice;943354;04-Unités urbaines de 100 000 hbts ou plus;2;28;808;-0,7;De 5 à 10 000 entrées;NON;;B;164;146;32;75,8;20,5;2,9;0,8;85;18,4
490;5 690;8 952;ORGANISATION CINEMATOGRAPHIQUE FAVARD;74,5;45.355735;-1.060588;446204;NOUVELLE AQUITAINE;33540;2453;33;0;Zone rurale;14541106;04-Unités urbaines de 100 000 hbts ou plus;1;9;20;-0,4;De 5 à 10 000 entrées;NON;;R;20;4;0;66;17,2;14,9;1,9;6;72,3
121;542;379 279;COMMUNE DE VENDENHEIM;25;48.666901;7.711243;446302;GRAND EST;67506;5512;67;67701;Strasbourg (partie française);461101;04-Unités urbaines de 100 000 hbts ou plus;1;11;41;-1;Moins de 2000 entrées;NON;;B;14;14;0;80;15,9;0,9;3,1;9;26,3
900;41 269;21 028;SARL CINE VENDOME;41,6;47.802972;1.06936;446494;CENTRE-VAL DE LOIRE;41269;16716;41;41401;Vendôme;23423;05-Unités urbaines de 20 000 à 100 000 hbts;5;31;3 496;1;De 40 à 50 000 entrées;D;;C;119;93;62;67,6;25;6,5;0,9;46;54,5
473;25 445;25 919;CENTRE CULTUREL COMMUNAL BORIS VIAN;30,7;45.697279;4.8697;446804;AUVERGNE / RHONE-ALPES;69259;64273;69;758;Lyon;1639558;04-Unités urbaines de 100 000 hbts ou plus;3;30;2 475;0;De 20 à 30 000 entrées;C;RDJPPR;B;168;102;33;49,5;37,3;10,6;2,6;114;34
280;5 623;5 417;OFFICE DU TOURISME DES DEUX ALPES;36,2;44.995012;6.117879;446901;AUVERGNE / RHONE-ALPES;38253;1894;38;0;Zone rurale;14541106;04-Unités urbaines de 100 000 hbts ou plus;2;24;392;0;De 5 à 10 000 entrées;NON;;R;111;88;17;69,9;26,4;2,5;1,1;35;39,5
98;1 137;110 992;MAISON DES JEUNES ET DE LA CULTURE DE VERDUN SUR GARONNE;21,9;43.851122;1.234903;447605;OCCITANIE;82190;4727;82;82104;Verdun-sur-Garonne;4727;06-autres communes et unités urbaines;1;30;179;-1;Moins de 2000 entrées;E;JPPR;I;153;113;0;49,4;41,5;7,7;1,4;91;19,7
1161;65 265;108 690;BLN MAJESTIC;18,6;49.159325;5.38635;447622;GRAND EST;55545;18139;55;55401;Verdun;24283;05-Unités urbaines de 20 000 à 100 000 hbts;8;31;5 503;-0,4;De 50 à 80 000 entrées;D;;C;209;123;105;43,7;52,5;2,7;1,1;73;17,7
168;9 779;40 901;COMMUNE DE VERNEUIL SUR AVRE;33,9;48.736789;0.930047;448762;NORMANDIE;27679;8173;27;27205;Verneuil-sur-Avre;8173;06-autres communes et unités urbaines;1;30;441;-0,8;De 5 à 10 000 entrées;E;JP;I;120;93;13;60,6;22,5;11,8;5,1;58;18,7
312;9 886;7 036;COMMUNE DE VERNEUIL SUR SEINE;47,4;48.979213;1.97461;448802;ILE-DE-FRANCE;78642;15366;78;851;Paris;10706072;03-Petite couronne;1;26;432;0,4;De 5 à 10 000 entrées;NON;;B;117;98;0;40;51,3;0;8,8;47;43,1
836;19 849;2 543;COINTIN ET COMPAGNIE;0;49.091924;1.487671;448981;NORMANDIE;27681;23797;27;27401;Vernon;31840;05-Unités urbaines de 20 000 à 100 000 hbts;4;29;1 331;6,8;De 10 à 20 000 entrées;NON;;C;82;57;34;27,4;66,3;6,3;0;30;0
250;7 409;37 887;ECRAN VILLAGE;35,3;44.996549;4.552256;449133;AUVERGNE / RHONE-ALPES;7129;2361;7;7102;Lamastre;2361;06-autres communes et unités urbaines;1;30;322;-0,8;De 5 à 10 000 entrées;E;RDJPPR;I;116;77;1;76,2;22,9;0,3;0,5;78;25,8
491;13 621;10 253;COMMUNE DE VERRIERES LE BUISSON;31,4;48.754993;2.269638;449542;ILE-DE-FRANCE;91645;15592;91;851;Paris;10706072;03-Petite couronne;2;31;989;0,3;De 10 à 20 000 entrées;NON;;B;150;115;10;57,8;31,6;8;2,6;93;33,2
1590;82 214;23 954;SOCIETE NOUVELLE DE GESTION CYRANO;40,1;48.807883;2.130901;449661;ILE-DE-FRANCE;78646;85771;78;851;Paris;10706072;03-Petite couronne;8;31;6 603;2,4;De 80 à 100 000 entrées;NON;;B;199;97;78;58,4;24,2;11,3;6,1;95;42,7
769;34 761;11 782;ROXANE;34,8;48.803954;2.133847;449702;ILE-DE-FRANCE;78646;85771;78;851;Paris;10706072;03-Petite couronne;4;31;3 223;2;De 30 à 40 000 entrées;C;RDJPPR;B;139;90;62;56,3;35,4;7,1;1,1;110;36,3
195;9 234;15 238;ASSOCIATION CINE VAILLANT;46,8;47.167104;-1.467908;450171;PAYS DE LA LOIRE;44215;23124;44;44701;Nantes;633690;04-Unités urbaines de 100 000 hbts ou plus;1;22;214;-0,4;De 5 à 10 000 entrées;C;;B;96;70;1;54,8;28,2;11,1;5,9;61;45,6
149;2 146;53 642;ASSOCIATION VERVINS CINE VIDEO;19,7;49.833134;3.902529;450271;HAUTS DE FRANCE;2789;2502;2;2120;Vervins;3434;06-autres communes et unités urbaines;1;21;86;-1;De 2 à 5 000 entrées;NON;;C;55;42;0;49,4;42,5;4,2;3,8;15;18,9
199;10 478;322 798;ASSOCIATION DU CENTRE DES ARTS ET LOISIRS DU VESINET;23,7;48.893988;2.134326;450503;ILE-DE-FRANCE;78650;15884;78;851;Paris;10706072;03-Petite couronne;1;25;334;-1;De 10 à 20 000 entrées;C;;B;74;51;6;44,7;45,3;5,2;4,9;49;27,1
370;4 560;54 925;CINE 70;82,6;47.636582;6.166288;450575;BOURGOGNE / FRANCHE-COMTE;70550;15058;70;70401;Vesoul;28707;05-Unités urbaines de 20 000 à 100 000 hbts;1;9;52;-0,9;De 2 à 5 000 entrées;NON;;C;21;7;1;56,8;17,9;15,3;10,1;14;87,7
97;1 305;33 153;CAVELAN LUDOVIC;0;49.873882;0.796808;450742;NORMANDIE;76735;594;76;0;Zone rurale;14541106;04-Unités urbaines de 100 000 hbts ou plus;1;27;113;-1;Moins de 2000 entrées;E;;R;69;56;0;90,8;9,2;0;0;35;0
276;1 857;41 146;CENTRE SOCIAL RURAL EMILE MEUNIER;57,9;44.532911;5.816268;450871;PROVENCE-ALPES-COTE D'AZUR;5179;3159;5;5103;Veynes;3302;06-autres communes et unités urbaines;1;24;193;-1;Moins de 2000 entrées;E;;C;102;84;5;67,4;21,5;8,4;2,7;56;52,3
110;1 542;28 949;COMMUNAUTE DE COMMUNES VIC-MONTANER;23,3;43.387059;0.055241;451594;OCCITANIE;65460;5030;65;65201;Vic-en-Bigorre;5030;06-autres communes et unités urbaines;1;28;218;-0,9;Moins de 2000 entrées;E;;I;96;74;1;62,5;32,1;5,5;0;36;29,4
112;3 579;126 467;CINE 32;19,9;43.757919;0.302664;451631;OCCITANIE;32462;3488;32;32104;Vic-Fezensac;3946;06-autres communes et unités urbaines;1;31;190;-1;De 2 à 5 000 entrées;E;JPPR;C;137;104;11;46,9;45,3;3,9;3,9;61;14,8
1437;105 861;36 399;SOCIETE CINEMA LE PARIS;47,2;45.520383;4.86896;452571;AUVERGNE / RHONE-ALPES;38544;29162;38;556;Vienne;94687;05-Unités urbaines de 20 000 à 100 000 hbts;8;30;6 094;1,9;De 100 à 150 000 entrées;D;;C;171;121;91;57,8;25,5;13,3;3,4;70;47,4
436;1 207;7 980;PEI;51,5;43.78629;-1.402582;452961;NOUVELLE AQUITAINE;40328;1580;40;0;Zone rurale;14541106;04-Unités urbaines de 100 000 hbts ou plus;1;17;38;-0,8;Moins de 2000 entrées;NON;;R;26;11;2;66;16,6;11,5;6;6;43,5
158;7 763;4 523;MIREILLE LACAN ET CIE;51,3;43.991372;3.607058;453462;OCCITANIE;30350;3896;30;30209;Le Vigan;7165;06-autres communes et unités urbaines;1;30;579;0,7;De 5 à 10 000 entrées;E;JP;C;134;102;13;49,9;20,3;24,8;4,9;70;79
204;6 344;3 158;LE CINE FIL;88,4;47.14704;-0.536932;454032;PAYS DE LA LOIRE;49373;7858;49;49125;Vihiers;7858;06-autres communes et unités urbaines;1;26;167;1;De 5 à 10 000 entrées;E;;I;67;47;0;58,1;17,8;10;14,1;33;88,8
528;29 116;20 071;ESPACE ARAGON;44,8;45.238286;5.888231;454504;AUVERGNE / RHONE-ALPES;38547;7096;38;38701;Grenoble;511598;04-Unités urbaines de 100 000 hbts ou plus;2;25;948;0,5;De 20 à 30 000 entrées;C;JP;B;157;102;21;64,8;26,3;5,9;3;83;43,7
419;13 257;2 908;MC4  DISTRIBUTION;19,9;45.070607;5.549868;454531;AUVERGNE / RHONE-ALPES;38548;4175;38;38119;Villard-de-Lans;4175;06-autres communes et unités urbaines;2;30;756;3,6;De 10 à 20 000 entrées;E;;I;147;121;50;64,4;31,6;4;0;64;16,3
136;16 663;24 014;LA TRACE;10,9;46.216827;6.440326;454671;AUVERGNE / RHONE-ALPES;74301;760;74;0;Zone rurale;14541106;04-Unités urbaines de 100 000 hbts ou plus;1;31;625;-0,3;De 10 à 20 000 entrées;E;RDJPPR;R;142;112;2;40,1;56,9;3;0;85;7,9
204;2 640;74 950;SNC GIPPA ET GILBERT;44,3;45.244201;6.263395;454712;AUVERGNE / RHONE-ALPES;73318;249;73;0;Zone rurale;14541106;04-Unités urbaines de 100 000 hbts ou plus;1;17;134;-1;De 2 à 5 000 entrées;NON;;R;56;43;17;61;17,8;13;8,1;11;53
137;3 330;258 993;VILLE DE VILLARS LES DOMBES;53,4;45.999263;5.031235;455071;AUVERGNE / RHONE-ALPES;1443;4460;1;1122;Villars-les-Dombes;4460;06-autres communes et unités urbaines;1;27;337;-1;De 2 à 5 000 entrées;NON;;I;93;75;4;64,4;16,5;14,4;4,7;34;55,3
279;4 026;31 748;COMMUNE D AVRAY;35,4;48.824654;2.18397;455770;ILE-DE-FRANCE;92077;11422;92;851;Paris;10706072;02-Grande Couronne;1;26;168;-0,9;De 2 à 5 000 entrées;C;;B;114;78;0;67;20,4;7,7;4,8;61;40,4
240;7 701;8 145;MOREAU DENIS;23,1;48.837867;-1.221993;455951;NORMANDIE;50639;3905;50;50201;Villedieu-les-Poêles;5786;06-autres communes et unités urbaines;1;30;361;-0,1;De 5 à 10 000 entrées;E;RDJPPR;C;113;77;3;55,1;31,5;11,2;2,2;75;23,6
600;20 508;75 854;ESPACE FELLINI;24,9;45.612006;5.156182;456251;AUVERGNE / RHONE-ALPES;38553;18891;38;38403;Villefontaine;35978;05-Unités urbaines de 20 000 à 100 000 hbts;4;31;1 641;-0,7;De 20 à 30 000 entrées;D;RDJP;C;183;134;56;58,1;34;5,6;2,3;101;19,8
0;5 506;11 529;CINEMAU;48;43.701093;7.311425;456305;PROVENCE-ALPES-COTE D'AZUR;6159;5112;6;6701;Nice;943354;04-Unités urbaines de 100 000 hbts ou plus;1;24;104;-0,5;De 5 à 10 000 entrées;NON;;B;62;54;4;70;25,5;3,6;1;13;51,6
162;5 230;35 121;ASSOCIATION CINEFOL 31;67,9;43.398281;1.715623;456362;OCCITANIE;31582;4345;31;31114;Villefranche-de-Lauragais;4885;06-autres communes et unités urbaines;1;30;372;-0,9;De 5 à 10 000 entrées;E;RDJP;C;177;142;0;59,6;17,1;9,4;13,9;102;77
305;6 821;5 274;CHIAPPINI DIDIER;19,6;44.351282;2.034728;456402;OCCITANIE;12300;11892;12;12301;Villefranche-de-Rouergue;12642;06-autres communes et unités urbaines;2;20;744;0,3;De 5 à 10 000 entrées;NON;;C;78;64;22;65,8;20,5;10,1;3,6;35;18
392;24 210;14 983;ASSOCIATION DIFFUSION EXPLOITATION CINEMATOGRAPHIQUE SUD EST;8,5;45.989404;4.716509;456493;AUVERGNE / RHONE-ALPES;69264;36671;69;758;Lyon;1639558;04-Unités urbaines de 100 000 hbts ou plus;3;27;1 378;0,6;De 20 à 30 000 entrées;C;RDJPPR;B;115;54;29;39,3;54,1;3,7;2,9;94;9,3
616;8 832;99 823;THEATRE ROMAIN ROLLAND;12,2;48.793428;2.363199;456762;ILE-DE-FRANCE;94076;56661;94;851;Paris;10706072;02-Grande Couronne;1;24;160;-0,9;De 5 à 10 000 entrées;NON;;B;67;53;2;41,1;53,1;3,4;2,4;39;7,9
3167;215 265;44 839;VILNAMOND;26,3;44.788343;-0.532977;457411;NOUVELLE AQUITAINE;33550;31620;33;33701;Bordeaux;904359;04-Unités urbaines de 100 000 hbts ou plus;15;31;15 516;3,8;De 200 à 300 000 entrées;NON;;B;160;113;110;61,8;37,1;1,1;0;28;15,3
316;3 774;22 708;KINO CINE;100;50.608989;3.134086;457562;HAUTS DE FRANCE;59009;61920;59;59702;Lille (partie française);1039397;04-Unités urbaines de 100 000 hbts ou plus;1;19;336;-0,8;De 2 à 5 000 entrées;C;RDJPPR;B;69;30;0;8,1;0;65,1;26,8;64;100
167;23 971;26 900;ASSOCIATION LA ROSE DES VENTS;21,1;50.616176;3.139061;457563;HAUTS DE FRANCE;59009;61920;59;59702;Lille (partie française);1039397;04-Unités urbaines de 100 000 hbts ou plus;1;25;608;-0,1;De 20 à 30 000 entrées;C;RDJPPR;B;154;84;0;46,2;45,2;6,2;2,4;123;16,3
2835;268 911;25 428;UGC CINE CITE;48,6;50.615793;3.126269;457576;HAUTS DE FRANCE;59009;61920;59;59702;Lille (partie française);1039397;04-Unités urbaines de 100 000 hbts ou plus;12;31;10 158;9,6;De 200 à 300 000 entrées;NON;;B;214;99;89;59,1;35,8;1,2;3,9;77;39,8
212;3 643;24 264;ASSOCIATION POUR LE CINEMA SALLE ANDRE MALRAUX;29,5;48.935662;2.333275;457861;ILE-DE-FRANCE;92078;24433;92;851;Paris;10706072;02-Grande Couronne;1;16;93;-0,8;De 2 à 5 000 entrées;NON;;B;33;13;1;47,5;40,7;9,5;2,3;17;26,3
448;1 189;14 074;COMMUNE DE VILLENEUVE LE ROI;15,6;48.735355;2.416829;457983;ILE-DE-FRANCE;94077;20732;94;851;Paris;10706072;02-Grande Couronne;1;16;21;-0,9;Moins de 2000 entrées;NON;;B;21;12;0;39,4;51,8;6,2;2,5;5;9,1
676;25 873;11 553;SARL MINAS;13,9;44.408808;0.704017;458401;NOUVELLE AQUITAINE;47323;22686;47;47401;Villeneuve-sur-Lot;48824;05-Unités urbaines de 20 000 à 100 000 hbts;6;30;3 514;1,2;De 20 à 30 000 entrées;NON;;C;103;86;59;32,3;57,9;7,2;2,7;30;8,5
217;9 141;36 786;ASSOCIATION CINEMA LES CLUBS;17,7;49.254713;3.092158;459221;HAUTS DE FRANCE;2810;10951;2;2301;Villers-Cotterêts;10951;06-autres communes et unités urbaines;2;30;1 004;-0,8;De 5 à 10 000 entrées;E;RDJP;I;145;110;41;33,2;57,3;7;2,5;67;10,2
229;5 775;28 273;OFFICE DE TOURISME ET D' ANIMATION DE VILLERS SUR MER;21,4;49.324649;-0.001154;460033;NORMANDIE;14754;2719;14;14402;Dives-sur-Mer;34823;05-Unités urbaines de 20 000 à 100 000 hbts;1;28;387;-0,8;De 5 à 10 000 entrées;NON;;B;78;68;0;44,2;45,9;7,7;2,1;22;15,5
127;864;1 733;ASSOCIATION POLE DE L'IMAGE;15,3;49.469111;5.928509;460135;GRAND EST;54580;9552;54;366;Esch-sur-Alzette (LUX) - Villerupt (partie française);20247;05-Unités urbaines de 20 000 à 100 000 hbts;1;8;32;-0,5;Moins de 2000 entrées;NON;;C;20;4;1;32,4;57,4;6,9;3,3;8;7,3
240;23 115;201 387;ASSOCIATION POUR LE CINEMA;55,6;45.770555;4.874404;460784;AUVERGNE / RHONE-ALPES;69266;148665;69;758;Lyon;1639558;04-Unités urbaines de 100 000 hbts ou plus;1;27;554;-0,9;De 20 à 30 000 entrées;C;RDJPPR;B;216;83;3;92,5;0;0;7,5;169;64,4
220;8 740;96 149;COMMUNE DE VILLIERS SUR MARNE;19,6;48.826124;2.542402;461663;ILE-DE-FRANCE;94079;28511;94;851;Paris;10706072;02-Grande Couronne;1;29;559;-0,9;De 5 à 10 000 entrées;C;;B;125;93;1;24;59,4;12,5;4,1;69;13,6
204;781;5 612;ASSOCIATION CULTURELLE VINCENNES PROMO CINEMA;14,4;48.849453;2.437319;462304;ILE-DE-FRANCE;94080;49461;94;851;Paris;10706072;02-Grande Couronne;1;5;10;-0,9;Moins de 2000 entrées;NON;;B;4;0;0;33,4;56;8,7;1,8;4;9,8
481;63 759;799 646;LE VINCENNES;26,1;48.845095;2.434268;462321;ILE-DE-FRANCE;94080;49461;94;851;Paris;10706072;02-Grande Couronne;4;31;3 808;-0,9;De 50 à 80 000 entrées;C;JPPR;B;147;71;60;37,4;48,5;10,1;4;100;21,3
160;1 962;11 998;ASSOCIATION POUR LE DEVELOPPEMENT AUDIOVISUEL EN MILIEU RURAL;79,3;43.733221;5.808646;462644;PROVENCE-ALPES-COTE D'AZUR;83150;4196;83;83112;Vinon-sur-Verdon;4196;06-autres communes et unités urbaines;1;30;454;-0,8;Moins de 2000 entrées;NON;;I;84;72;0;67,2;10,5;13,3;9;21;90,9
345;18 523;205 813;COMMUNE DE VIRE;23;48.838655;-0.892968;462953;NORMANDIE;14762;17650;14;14301;Vire;17650;06-autres communes et unités urbaines;2;31;996;-0,9;De 10 à 20 000 entrées;E;RDJPPR;C;138;94;23;44,9;45;7,7;2,4;79;20,4
551;25 049;33 515;SAEM DE RENOVATION URBAINE & RESTAURATION IMMOBIL VIRY CHATILLON;22,5;48.681815;2.379391;463353;ILE-DE-FRANCE;91687;30831;91;851;Paris;10706072;03-Petite couronne;3;31;1 704;-0,3;De 20 à 30 000 entrées;C;JP;B;189;122;23;40,3;48,9;8,6;2,1;119;16,4
130;2 971;23 278;LE CINEMA DU SOLEIL;13,6;44.312781;4.951099;463372;PROVENCE-ALPES-COTE D'AZUR;84150;1961;84;0;Zone rurale;14541106;04-Unités urbaines de 100 000 hbts ou plus;1;28;123;-0,9;De 2 à 5 000 entrées;E;;R;55;35;0;34,4;57,4;5,8;2,4;28;9
515;35 767;13 263;AURORE DE VITRE;34,8;48.123858;-1.200713;463643;BRETAGNE;35360;17798;35;35302;Vitré;17798;06-autres communes et unités urbaines;3;31;1 657;1,7;De 30 à 40 000 entrées;E;JP;I;130;78;28;72,3;16,1;11,5;0;52;39
393;7 836;76 728;SOCIETE D'ECONOMIE MIXTE VITROLLES ANIMATION;38,5;43.447301;5.250042;463723;PROVENCE-ALPES-COTE D'AZUR;13117;34089;13;759;Marseille - Aix-en-Provence;1585498;04-Unités urbaines de 100 000 hbts ou plus;3;28;919;-0,9;De 5 à 10 000 entrées;C;RDJPPR;B;162;83;0;0;100;0;0;125;67,4
465;14 183;6 377;CINEMA DE LA RENAISSANCE;32,1;48.727309;4.586264;463842;GRAND EST;51649;12805;51;51301;Vitry-le-François;15578;06-autres communes et unités urbaines;3;31;1 625;1,2;De 10 à 20 000 entrées;E;;C;97;78;48;57,8;30,5;7,2;4,5;26;24,9
549;25 986;37 413;VILLE DE VITRY SUR SEINE;64,7;48.790948;2.388152;463931;ILE-DE-FRANCE;94081;92531;94;851;Paris;10706072;02-Grande Couronne;3;30;2 427;-0,3;De 20 à 30 000 entrées;C;RDJPPR;B;190;126;16;60,6;16,9;6;16,5;115;89,1
313;8 316;2 186;ASSOCIATION CULTURELLE DE VITTEL;17,5;48.201738;5.943243;464001;GRAND EST;88516;5213;88;88202;Vittel;5213;06-autres communes et unités urbaines;1;31;305;2,8;De 5 à 10 000 entrées;NON;;I;71;56;12;37,2;52;8,6;2,3;18;13,7
420;21 352;10 650;LES CINEMAS ASSOCIES;39,1;45.07319;5.771446;464453;AUVERGNE / RHONE-ALPES;38562;7468;38;38303;Vizille;20127;05-Unités urbaines de 20 000 à 100 000 hbts;2;30;1 113;1;De 20 à 30 000 entrées;D;RDJP;C;153;102;12;48,4;28,5;19,9;3,2;75;43,4
389;13 097;68 175;LE ROYAL;18,3;45.365575;5.589119;464692;AUVERGNE / RHONE-ALPES;38563;20529;38;38701;Grenoble;511598;04-Unités urbaines de 100 000 hbts ou plus;3;21;925;-0,8;De 10 à 20 000 entrées;C;;B;52;36;17;57;38,1;4,9;0;27;16,2
1076;75 774;277 678;LE ROYAL;47,4;45.364057;5.593001;464706;AUVERGNE / RHONE-ALPES;38563;20529;38;38701;Grenoble;511598;04-Unités urbaines de 100 000 hbts ou plus;6;31;4 067;-0,7;De 50 à 80 000 entrées;NON;;B;118;86;79;48,5;32,5;18,6;0,4;33;56,4
218;8 416;50 733;COMMUNE DE VOREPPE;19,6;45.296452;5.636354;465193;AUVERGNE / RHONE-ALPES;38565;9441;38;38701;Grenoble;511598;04-Unités urbaines de 100 000 hbts ou plus;2;27;764;-0,8;De 5 à 10 000 entrées;C;JP;B;133;108;4;39,7;51,4;6,7;2,1;60;14,1
120;15 639;18 186;CENTRE REGIONAL DE PROMOTION DU CINEMA;34,1;46.716996;0.536753;465651;NOUVELLE AQUITAINE;86298;2142;86;0;Zone rurale;14541106;04-Unités urbaines de 100 000 hbts ou plus;1;30;433;-0,1;De 10 à 20 000 entrées;E;JPPR;R;60;29;0;56,9;31,7;9,3;2;25;35,2
353;9 112;7 655;ASSOCIATION LES TOURELLES;20,8;49.395324;4.700053;465872;GRAND EST;8490;4383;8;8106;Vouziers;4383;06-autres communes et unités urbaines;2;29;833;0,2;De 5 à 10 000 entrées;E;;I;106;82;13;14,7;71;12,4;2;32;21,3
0;2 222;3 516;FEDERATION DEPARTEMENTALE DES MAISONS DES JEUNES ET DE LA CULTUR;15,4;49.714863;3.584145;465920;HAUTS DE FRANCE;2517;341;2;0;Zone rurale;14541106;04-Unités urbaines de 100 000 hbts ou plus;1;21;81;-0,4;De 2 à 5 000 entrées;E;;R;22;13;0;35,3;57,2;5;2,6;6;9,6
150;2 483;38 780;FAMILLES RURALES FEDERATION REGIONALE DES PAYS DE LA LOIRE;26,1;47.476235;-2.158292;466201;PAYS DE LA LOIRE;44098;5199;44;44119;Missillac;5199;06-autres communes et unités urbaines;1;17;56;-0,9;De 2 à 5 000 entrées;NON;;I;31;12;0;41,1;50,4;7,7;0,9;15;20,3
96;6 731;84 931;ASSOCIATION CINEMA GERARD PHILIPE;11,8;50.68623;3.14461;467301;HAUTS DE FRANCE;59646;20963;59;59702;Lille (partie française);1039397;04-Unités urbaines de 100 000 hbts ou plus;1;29;302;-0,9;De 5 à 10 000 entrées;NON;;B;101;67;0;35,3;56,7;5,8;2,2;50;9,6
0;7 154;373 049;ERSTEIN CINEMA;33,3;48.918237;7.370931;468243;GRAND EST;67538;1623;67;0;Zone rurale;14541106;04-Unités urbaines de 100 000 hbts ou plus;1;20;252;-1;De 5 à 10 000 entrées;E;JPPR;R;81;47;0;58,7;31,2;10,1;0;51;29,1
411;1 204;775 391;COMMUNE DE WISSEMBOURG;39,1;49.036084;7.946947;468473;GRAND EST;67544;7662;67;67212;Wissembourg (partie française);7662;06-autres communes et unités urbaines;1;9;24;-1;Moins de 2000 entrées;NON;;I;16;8;0;70,3;17,8;5,2;6,7;4;38,4
240;3 807;280 128;VILLE DE WITTENHEIM;79;47.822671;7.337178;468533;GRAND EST;68376;14512;68;68701;Mulhouse;246511;04-Unités urbaines de 100 000 hbts ou plus;1;28;379;-1;De 2 à 5 000 entrées;C;;B;108;80;4;50;24,9;17,2;7,9;56;78,6
100;6 095;1 066 555;MARLY SCOPE CINEMA;84,7;49.150597;6.146816;468741;GRAND EST;57751;13608;57;57701;Metz;285268;04-Unités urbaines de 100 000 hbts ou plus;1;30;181;-1;De 5 à 10 000 entrées;C;JP;B;71;43;1;42,9;10,1;34,7;12,2;24;89,6
182;852;145 081;LE PRE BOURGES;17,5;45.348209;2.438915;469181;AUVERGNE / RHONE-ALPES;15265;1777;15;15103;Ydes;2861;06-autres communes et unités urbaines;1;29;51;-1;Moins de 2000 entrées;NON;;C;39;31;0;26,8;60,6;8,8;3,9;10;8,7
214;10 983;18 232;STUDIO 43;40;48.714932;2.489765;469245;ILE-DE-FRANCE;91691;28921;91;851;Paris;10706072;03-Petite couronne;1;30;611;-0,4;De 10 à 20 000 entrées;C;;B;120;70;2;55,4;31,2;11,6;1,9;65;43,7
252;12 834;216 609;COMMUNE DE YSSINGEAUX;38,5;45.143821;4.124759;469500;AUVERGNE / RHONE-ALPES;43268;7122;43;43201;Yssingeaux;7122;06-autres communes et unités urbaines;2;30;882;-0,9;De 10 à 20 000 entrées;E;RDJPPR;I;134;104;17;48,7;32,7;11,3;7,3;57;46
690;70 807;50 460;CINAEA;40;49.618891;0.753617;469602;NORMANDIE;76758;12072;76;76301;Yvetot;15657;06-autres communes et unités urbaines;7;31;5 659;0,4;De 50 à 80 000 entrées;E;RDJP;C;236;153;98;28,2;60,7;0,4;10,7;120;39,7
250;611;9 564;PINNA JEAN DANIEL;60,9;41.687469;9.365073;470161;CORSE;2A362;2675;2A;0;Zone rurale;14541106;04-Unités urbaines de 100 000 hbts ou plus;1;8;46;-0,9;Moins de 2000 entrées;NON;;R;20;20;4;56,6;13,5;12;17,8;6;70,2
3728;173 415;7 065;LES IMAGES;51,8;48.930677;2.320895;575001;ILE-DE-FRANCE;92078;24433;92;851;Paris;10706072;02-Grande Couronne;18;31;16 705;23,5;De 150 à 200 000 entrées;NON;;B;160;124;123;60,9;26,1;7,8;5,3;36;69,5
2985;251 318;10 287;PATHE NANTES;27,3;47.222987;-1.628379;576000;PAYS DE LA LOIRE;44162;45786;44;44701;Nantes;633690;04-Unités urbaines de 100 000 hbts ou plus;14;31;12 400;23,4;De 200 à 300 000 entrées;NON;;B;249;129;115;58,2;36,9;3,7;1,1;64;35,1
3195;225 678;208 633;GEORRAY;65,8;45.683172;4.766021;700000;AUVERGNE / RHONE-ALPES;69027;11327;69;758;Lyon;1639558;04-Unités urbaines de 100 000 hbts ou plus;15;31;15 720;0,1;De 200 à 300 000 entrées;NON;;B;166;118;115;69,9;16,4;6,9;6,9;31;59
110;5 926;18 090;LES PASSEURS;31,7;45.94045500000001;4.77174500000001;700250;AUVERGNE / RHONE-ALPES;1427;6768;1;758;Lyon;1639558;04-Unités urbaines de 100 000 hbts ou plus;1;24;348;-0,7;De 5 à 10 000 entrées;C;JP;B;80;58;3;51,9;27,8;10,1;10,2;42;45
0;1 183;15 828;CINEODE;40,1;44.6771389;5.926679000000036;701400;PROVENCE-ALPES-COTE D'AZUR;5139;994;5;0;Zone rurale;14541106;04-Unités urbaines de 100 000 hbts ou plus;1;19;165;-0,9;Moins de 2000 entrées;NON;;R;44;35;2;49,2;26,2;17,7;6,9;9;42,7
89;1 104;34 274;CINEODE;36,2;44.72169;5.924351;701401;PROVENCE-ALPES-COTE D'AZUR;5139;994;5;0;Zone rurale;14541106;04-Unités urbaines de 100 000 hbts ou plus;1;19;188;-1;Moins de 2000 entrées;NON;;R;45;35;2;54,8;24,6;15,1;5,5;9;39,3
195;6 048;6 894;ECRAN VILLAGE;26,8;44.89487;4.642625;702550;AUVERGNE / RHONE-ALPES;7338;1946;7;0;Zone rurale;14541106;04-Unités urbaines de 100 000 hbts ou plus;1;30;271;-0,1;De 5 à 10 000 entrées;E;RDJPPR;R;106;76;0;71,5;23,8;0,7;3,9;69;37,6
380;1 981;70 784;SOCIETE D ECONOMIE MIXTE DES SAINTES MARIES DE LA MER;22,4;43.450397;4.427827;703300;PROVENCE-ALPES-COTE D'AZUR;13096;2680;13;13101;Saintes-Maries-de-la-Mer;2680;06-autres communes et unités urbaines;1;25;57;-1;Moins de 2000 entrées;NON;;I;32;27;0;50,1;42,7;3,9;3,3;8;17,8
200;1 127;16 492;COMMUNE DES MATHES;21,9;45.714055;-1.142718;703700;NOUVELLE AQUITAINE;17225;1945;17;0;Zone rurale;14541106;04-Unités urbaines de 100 000 hbts ou plus;1;30;105;-0,9;Moins de 2000 entrées;NON;;R;74;58;0;38,5;53;5,9;2,6;25;18,2
298;559;23 712;STUDIO CINEMA;34,6;41.592115;9.276211;704450;CORSE;2A247;11826;2A;2A301;Porto-Vecchio;11826;06-autres communes et unités urbaines;1;3;5;-1;Moins de 2000 entrées;E;;I;3;0;0;52,7;32,7;8,3;6,3;3;36
201;1 463;8 135;ASSOCIATION CINEFOL 31;26,9;43.795535;1.6077;706850;OCCITANIE;31066;3959;31;31109;Bessières;3959;06-autres communes et unités urbaines;1;25;58;-0,8;Moins de 2000 entrées;NON;;I;46;32;0;57,7;30,2;8,2;3,9;24;32,8
634;59 258;218 451;LES CINEMAS DU NORD BASSIN;24,4;44.744571;-1.093117;707300;NOUVELLE AQUITAINE;33005;11687;33;33305;Andernos-les-Bains;18458;06-autres communes et unités urbaines;4;31;2 754;-0,7;De 50 à 80 000 entrées;NON;;C;184;141;62;50,3;42,5;5,9;1,3;100;23
1480;94 376;869 328;SOCIETE D EXPLOITATION CINEMA DU PIC SAINT LOUP;42,6;43.682089;3.806546;707900;OCCITANIE;34255;9826;34;34701;Montpellier;428909;04-Unités urbaines de 100 000 hbts ou plus;8;31;7 661;-0,9;De 80 à 100 000 entrées;NON;;B;124;99;97;57;32,5;5,1;5,5;26;39,6
258;2 753;292 390;ESPACE LUMIERE BALBIGNY;5,6;45.817369;4.183976;709650;AUVERGNE / RHONE-ALPES;42011;2989;42;42105;Balbigny;4243;06-autres communes et unités urbaines;1;21;102;-1;De 2 à 5 000 entrées;E;;C;72;52;0;35,3;64,7;0;0;24;8,7
145;4 953;8 953;IMAGES ET SONS DES 3 PROVINCES;81,5;45.390497;3.946964;710250;AUVERGNE / RHONE-ALPES;42318;1500;42;0;Zone rurale;14541106;04-Unités urbaines de 100 000 hbts ou plus;1;30;494;-0,4;De 2 à 5 000 entrées;E;RDJP;R;125;112;1;39,5;31,3;18,4;10,8;60;89,3
196;9 029;3 834;ASSOCIATION DU CINEMA DE VAUGNERAY;16,9;45.736994;4.657674;715100;AUVERGNE / RHONE-ALPES;69255;5418;69;758;Lyon;1639558;04-Unités urbaines de 100 000 hbts ou plus;1;29;339;1,4;De 5 à 10 000 entrées;C;;B;122;93;5;30,2;48,8;12,9;8,2;60;21,1
311;1 635;13 096;CENTRE DEPARTEMENTAL DE PROMOTION DU CINEMA;83,8;45.398217;6.56643;715700;AUVERGNE / RHONE-ALPES;73015;1848;73;0;Zone rurale;14541106;04-Unités urbaines de 100 000 hbts ou plus;1;19;159;-0,9;Moins de 2000 entrées;NON;;R;53;35;3;56,9;8,6;20,2;14,4;16;89,9
2014;163 851;21 632;SOCIETE RENNAISE DE DIFFUSION CINEMATOGRAPHIQUE;61,4;46.697805;-1.426619;718200;PAYS DE LA LOIRE;85191;53578;85;85501;La Roche-sur-Yon;53578;05-Unités urbaines de 20 000 à 100 000 hbts;9;31;6 935;6,6;De 150 à 200 000 entrées;NON;;I;160;97;91;49,1;33,3;9,1;8,5;40;66,4
294;35 007;179 084;ETABLISSEMENT PUBLIC DE COOPERATION CULTURELLE CINEMATOGRAPHIQUE;35,5;46.673549;-1.425858;718210;PAYS DE LA LOIRE;85191;53578;85;85501;La Roche-sur-Yon;53578;05-Unités urbaines de 20 000 à 100 000 hbts;2;30;1 896;-0,8;De 30 à 40 000 entrées;D;RDJPPR;I;227;90;51;40;43,5;11,8;4,6;165;31,1
1508;161 686;27 110;KINEPOLIS PROSPECTION;65,3;48.57924680000001;2.2996356999999534;718750;ILE-DE-FRANCE;91103;26215;91;851;Paris;10706072;03-Petite couronne;10;31;8 632;5;De 150 à 200 000 entrées;NON;;B;205;110;106;52,5;27,1;14,7;5,7;36;68,5
178;2 607;282 245;PANORAMIC;18,4;48.032408;3.296723;719400;BOURGOGNE / FRANCHE-COMTE;89348;2402;89;89102;Saint-Julien-du-Sault;2825;06-autres communes et unités urbaines;1;30;180;-1;De 2 à 5 000 entrées;NON;;C;91;75;0;34,7;54,7;7,6;3;38;12,7
524;74 569;19 070;LIGUE DE L ENSEIGNEMENT FEDERATION DEPARTEMENTALE DE L ISERE;23,9;45.182643;5.723905;719456;AUVERGNE / RHONE-ALPES;38185;160649;38;38701;Grenoble;511598;04-Unités urbaines de 100 000 hbts ou plus;3;31;3 204;2,9;De 50 à 80 000 entrées;A;RDJPPR;C;156;76;65;44,1;50,3;3,9;1,7;123;24,9
450;1 639;10 229;COMMUNE DE VILLENEUVE LOUBET;39,1;43.658327;7.12373;720000;PROVENCE-ALPES-COTE D'AZUR;6161;14266;6;6701;Nice;943354;04-Unités urbaines de 100 000 hbts ou plus;1;19;37;-0,8;Moins de 2000 entrées;NON;;B;37;29;1;54,6;29,6;11;4,9;18;37,1
1605;111 890;56 892;PATHE TOULON;75,6;43.123515;5.948704;720150;PROVENCE-ALPES-COTE D'AZUR;83137;167479;83;757;Toulon;569793;04-Unités urbaines de 100 000 hbts ou plus;9;31;8 098;1;De 100 à 150 000 entrées;NON;;C;172;122;107;58,9;19,8;15;6,4;60;80,6
1961;94 247;877 398;LES SPECTACLES SELECTIONNES;13,7;43.32208;3.271565;720200;OCCITANIE;34336;4266;34;34501;Béziers;90841;05-Unités urbaines de 20 000 à 100 000 hbts;12;31;12 109;-0,9;De 80 à 100 000 entrées;NON;;B;149;105;100;32,4;58,8;6,1;2,7;25;9,5
2092;91 998;9 934;SOCIETE D  EXPLOITATION DU PALACE;29,4;43.43362;5.050227;720250;PROVENCE-ALPES-COTE D'AZUR;13056;49403;13;759;Marseille - Aix-en-Provence;1585498;04-Unités urbaines de 100 000 hbts ou plus;11;31;9 950;8,3;De 80 à 100 000 entrées;NON;;B;135;106;100;62,6;7,1;23,2;7,1;27;32,9
3702;280 683;65 863;UGC CINE CITE;53,7;48.797186;2.469391;720300;ILE-DE-FRANCE;94028;90739;94;851;Paris;10706072;02-Grande Couronne;18;31;16 656;3,3;De 200 à 300 000 entrées;NON;;B;294;150;141;41,6;0;51,8;6,6;133;67,7
1012;79 044;4 974;CINEMA L ELYSEE PALACE;44,8;46.129437;3.429201;720350;AUVERGNE / RHONE-ALPES;3310;25068;3;3502;Vichy;65272;05-Unités urbaines de 20 000 à 100 000 hbts;7;31;5 675;14,9;De 50 à 80 000 entrées;D;RD;C;159;97;75;61,1;16,1;15,1;7,6;58;66,2
3612;287 776;36 265;UGC CINE CITE;16,7;48.784168;2.039775;720400;ILE-DE-FRANCE;78423;33123;78;851;Paris;10706072;03-Petite couronne;16;31;13 618;6,9;De 200 à 300 000 entrées;NON;;B;251;141;141;28,2;52,9;18,9;0;99;19,4
1880;110 177;33 416;LUMINA 2000;35,9;47.489082;6.838484;720450;BOURGOGNE / FRANCHE-COMTE;25031;14121;25;25601;Montbéliard;106486;04-Unités urbaines de 100 000 hbts ou plus;10;31;10 009;2,3;De 100 à 150 000 entrées;NON;;C;146;111;107;47,4;33,7;11,9;7;32;38,1
595;37 764;34 124;CINEMA MODERNE;28,7;45.961254;5.356402;720500;AUVERGNE / RHONE-ALPES;1004;14127;1;1302;Ambérieu-en-Bugey;17920;06-autres communes et unités urbaines;3;31;1 596;0,1;De 30 à 40 000 entrées;E;RDJP;C;99;62;28;59;21,8;12,9;6,3;43;38,1
1961;118 438;0;CINE 70;27,1;47.634045;6.139787;720551;BOURGOGNE / FRANCHE-COMTE;70550;15058;70;70401;Vesoul;28707;05-Unités urbaines de 20 000 à 100 000 hbts;10;31;9 322;#DIV/0!;De 100 à 150 000 entrées;D;RDJP;C;285;166;114;40,6;46,9;9,3;3,2;144;20,4
1096;62 203;6 462;KORIC;19;43.485068;-1.471948;720600;NOUVELLE AQUITAINE;64102;49207;64;751;Bayonne (partie française);236730;04-Unités urbaines de 100 000 hbts ou plus;7;31;6 680;8,6;De 50 à 80 000 entrées;NON;;C;122;79;76;46,1;49,6;4,3;0;27;27,8
1191;41 177;61 676;CINE LUMIERE;0;47.22562;2.057905;720650;CENTRE-VAL DE LOIRE;18279;26919;18;18401;Vierzon;30159;05-Unités urbaines de 20 000 à 100 000 hbts;7;31;2 829;-0,3;De 40 à 50 000 entrées;D;;C;143;115;74;100;0;0;0;55;0
1744;92 145;28 709;LE PARIS;24,2;50.273088;3.97037;720700;HAUTS DE FRANCE;59392;30100;59;59601;Maubeuge (partie française);112020;04-Unités urbaines de 100 000 hbts ou plus;9;31;7 345;2,2;De 80 à 100 000 entrées;C;PR;C;205;127;97;54,3;37,8;5,3;2,5;81;22,4
1958;118 263;6 469;CAP  CINEMA MONTAUBAN;24,1;43.973656;1.38232;720750;OCCITANIE;82121;59982;82;82501;Montauban;78084;05-Unités urbaines de 20 000 à 100 000 hbts;10;31;10 082;17,3;De 100 à 150 000 entrées;NON;;C;142;108;103;61,3;31;4,3;3,3;28;23,2
1480;99 759;94 333;J F R S A S;24,2;45.693031;5.895383;720800;AUVERGNE / RHONE-ALPES;73008;29822;73;73601;Chambéry;187010;04-Unités urbaines de 100 000 hbts ou plus;8;31;7 750;0,1;De 80 à 100 000 entrées;NON;;B;143;112;108;54,9;40,8;4,1;0,2;31;24,1
2366;155 195;393 200;SOCIETE D'EXPLOITATION CINEMATOGRAPHIQUE;63,8;48.081767;7.355074;720850;GRAND EST;68066;70284;68;68501;Colmar;95712;05-Unités urbaines de 20 000 à 100 000 hbts;12;31;12 328;-0,6;De 150 à 200 000 entrées;D;RDPR;C;263;176;148;46;26,2;16,5;11,3;114;73,9
1792;160 638;22 228;CINEVILLE;40,2;47.189868;-1.4869;720950;PAYS DE LA LOIRE;44190;26371;44;44701;Nantes;633690;04-Unités urbaines de 100 000 hbts ou plus;9;31;7 882;6,2;De 150 à 200 000 entrées;NON;;B;135;88;84;56,5;30,1;6,3;7,1;28;40,9
3464;235 231;4 771;UGC CINE CITE;44;45.738623;4.82112;721000;AUVERGNE / RHONE-ALPES;69123;513275;69;758;Lyon;1639558;04-Unités urbaines de 100 000 hbts ou plus;14;31;11 627;48,3;De 200 à 300 000 entrées;NON;;C;251;119;104;61,7;26,2;8,9;3,2;124;29,4
1938;125 375;27 661;LE PARIS;21,3;46.209005;5.230481;721100;AUVERGNE / RHONE-ALPES;1053;40819;1;1501;Bourg-en-Bresse;59778;05-Unités urbaines de 20 000 à 100 000 hbts;9;30;6 811;3,5;De 100 à 150 000 entrées;NON;;C;156;125;99;57,6;34,5;7,9;0;56;19,6
2236;194 998;2 433;LE CAPITOLE;26,5;43.980769;4.874683;721200;PROVENCE-ALPES-COTE D'AZUR;84092;17563;84;754;Avignon;456042;04-Unités urbaines de 100 000 hbts ou plus;11;31;9 212;79,1;De 150 à 200 000 entrées;NON;;B;186;108;106;68,2;17,7;13;1,1;49;23,4
1305;88 701;87 679;LES CINEMAS DE SAINT RAPHAEL (EX LIDO RIALTO CINEMA ST RAPHAEL);32,5;43.42402;6.769447;721250;PROVENCE-ALPES-COTE D'AZUR;83118;35296;83;83502;Fréjus;95721;05-Unités urbaines de 20 000 à 100 000 hbts;7;31;5 968;0;De 80 à 100 000 entrées;NON;;B;132;113;107;55,4;29,3;3,1;12,2;32;35,4
1611;118 026;197 481;PATHE CHAMBERY;35;45.566568;5.91835;721450;AUVERGNE / RHONE-ALPES;73065;59697;73;73601;Chambéry;187010;04-Unités urbaines de 100 000 hbts ou plus;10;31;8 957;-0,4;De 100 à 150 000 entrées;NON;;C;200;116;102;51,3;40,4;6,3;2;51;22,8
1987;129 606;58 028;CINEVILLE;13,4;48.00072;-4.109877;721500;BRETAGNE;29232;63508;29;29501;Quimper;80005;05-Unités urbaines de 20 000 à 100 000 hbts;10;31;7 962;1,2;De 100 à 150 000 entrées;D;;C;168;110;103;50,4;46,7;2,9;0;44;11,9
288;24 466;11 014;LES MONTREURS D'IMAGES;60,5;44.204672;0.62747;721602;NOUVELLE AQUITAINE;47001;33988;47;47501;Agen;81266;05-Unités urbaines de 20 000 à 100 000 hbts;2;30;1 183;1,2;De 20 à 30 000 entrées;D;RDJPPR;C;185;93;31;55,5;17,2;16,1;11,2;154;66,2
1533;63 269;14 443;CAP CINEMA ALBI;40,3;43.923796;2.144604;721750;OCCITANIE;81004;49475;81;81502;Albi;74751;05-Unités urbaines de 20 000 à 100 000 hbts;8;31;7 671;3,4;De 50 à 80 000 entrées;NON;;C;134;100;98;50;37,6;5,4;7;30;35,9
1327;58 759;4 414;LE CLUB;28,9;43.887186;-0.501779;721850;NOUVELLE AQUITAINE;40192;30629;40;40401;Mont-de-Marsan;40141;05-Unités urbaines de 20 000 à 100 000 hbts;8;31;5 770;12,3;De 50 à 80 000 entrées;D;JP;C;171;141;121;56,3;37,1;5,9;0,7;77;32,7
2446;107 206;28 877;SOCIETE D EXPLOITATION CINEMATOGRAPHIQUE FILS;38,2;43.437442;5.25529;721900;PROVENCE-ALPES-COTE D'AZUR;13117;34089;13;759;Marseille - Aix-en-Provence;1585498;04-Unités urbaines de 100 000 hbts ou plus;12;31;11 963;2,7;De 100 à 150 000 entrées;NON;;B;149;103;98;78,7;21,3;0;0;23;50,9
275;5 399;43 102;EIDOS;52,8;43.961546;1.342434;722000;OCCITANIE;82025;3696;82;82501;Montauban;78084;05-Unités urbaines de 20 000 à 100 000 hbts;1;28;454;-0,9;De 5 à 10 000 entrées;D;RDJP;B;127;81;2;58,9;30,1;6,1;4,9;90;54,8
1575;82 055;24 275;LESCARMOND;17;43.319282;-0.433455;722040;NOUVELLE AQUITAINE;64335;9958;64;64601;Pau;197713;04-Unités urbaines de 100 000 hbts ou plus;9;31;8 815;2,4;De 80 à 100 000 entrées;NON;;B;126;87;85;38,1;55,7;4,6;1,6;26;11,7
298;727;5 578;CINE-OFF;20,7;47.38634;0.653023;722080;CENTRE-VAL DE LOIRE;37195;10403;37;37701;Tours;353042;04-Unités urbaines de 100 000 hbts ou plus;1;6;8;-0,9;Moins de 2000 entrées;NON;;B;7;2;0;55,2;39;4,7;1,1;4;17
905;52 451;13 031;LE NAVIRE;21,2;44.618656;4.384301;722120;AUVERGNE / RHONE-ALPES;7019;12248;7;7402;Aubenas;41552;05-Unités urbaines de 20 000 à 100 000 hbts;6;30;3 033;3;De 50 à 80 000 entrées;D;RDJPPR;C;188;138;74;55,1;38,9;3,8;2,2;110;15,8
87;1 732;63 249;AURECINEMA;23;45.370156;4.199354;722200;AUVERGNE / RHONE-ALPES;43012;6102;43;753;Saint-Étienne;373130;04-Unités urbaines de 100 000 hbts ou plus;1;22;204;-1;Moins de 2000 entrées;NON;;B;63;49;1;48,4;38,4;4,7;8,5;14;27,5
263;935;15 892;MUSEE DES CIVILISATIONS DE L'EUROPE ET DE LA MEDITERRANEE;26,5;43.297725;5.360374;722240;PROVENCE-ALPES-COTE D'AZUR;13055;861635;13;759;Marseille - Aix-en-Provence;1585498;04-Unités urbaines de 100 000 hbts ou plus;1;2;9;-0,9;Moins de 2000 entrées;NON;;C;7;0;0;46,8;32;5,3;15,9;4;34
2083;139 874;8 250;CINEMA LA JOLIETTE;21,2;43.36065;5.330055;722241;PROVENCE-ALPES-COTE D'AZUR;13055;861635;13;759;Marseille - Aix-en-Provence;1585498;04-Unités urbaines de 100 000 hbts ou plus;14;31;11 586;16;De 100 à 150 000 entrées;NON;;C;204;113;98;56,1;40,3;3;0,5;55;29,1
118;5 310;8 777;ASSOCIATION CINE PASSION EN PERIGORD;48,9;45.182708;0.762663;722720;NOUVELLE AQUITAINE;24053;10510;24;24501;Périgueux;74257;05-Unités urbaines de 20 000 à 100 000 hbts;1;29;253;-0,4;De 5 à 10 000 entrées;D;;B;120;77;1;56,7;29,8;8,9;4,5;58;47,9
3271;394 222;67 221;PATHE LA VALETTE;30,3;43.137099;6.003711;722760;PROVENCE-ALPES-COTE D'AZUR;83144;23347;83;757;Toulon;569793;04-Unités urbaines de 100 000 hbts ou plus;16;31;14 230;4,9;De 300 à 450 000 entrées;NON;;B;190;106;103;42,1;41,8;12;4,2;33;32
619;36 602;23 682;CORSICA GAME;75,5;41.672626;9.302129;723120;CORSE;2A139;1673;2A;0;Zone rurale;14541106;04-Unités urbaines de 100 000 hbts ou plus;4;31;4 002;0,5;De 30 à 40 000 entrées;NON;;R;212;151;71;48;26,4;15,8;9,8;96;76,6
64;1 509;8 281;SCENI QUA NON;86,4;44.665847;1.193196;723200;BOURGOGNE / FRANCHE-COMTE;58205;645;58;0;Zone rurale;14541106;04-Unités urbaines de 100 000 hbts ou plus;1;30;185;-0,8;Moins de 2000 entrées;E;;R;88;70;0;64,5;10,7;16;8,7;55;88,9
1161;71 309;362 866;KINEPOLIS IMMO THIONVILLE;100;43.690447;1.403453;723480;OCCITANIE;31182;5065;31;31701;Toulouse;948433;04-Unités urbaines de 100 000 hbts ou plus;8;31;6 453;-0,8;De 50 à 80 000 entrées;NON;;B;165;84;83;0;0;0;100;23;100
89;13 042;1 249;SHELLAC EXPLOITATION;15;43.2936968;5.383868200000052;723560;PROVENCE-ALPES-COTE D'AZUR;13055;861635;13;759;Marseille - Aix-en-Provence;1585498;04-Unités urbaines de 100 000 hbts ou plus;1;30;740;9,4;De 10 à 20 000 entrées;A;RDJPPR;C;108;42;33;33,9;55,4;7,7;3;85;11,2
1861;150 948;2 493;FORUM INTERNATIONAL;23;48.994228;2.194982;723600;ILE-DE-FRANCE;95424;20789;95;851;Paris;10706072;03-Petite couronne;8;31;7 861;59,5;De 150 à 200 000 entrées;NON;;B;123;99;98;59,4;36,1;3,2;1,3;22;17,5
1817;108 998;24 147;ANGEOR;24,1;48.984111;2.372423;723680;ILE-DE-FRANCE;95585;57412;95;851;Paris;10706072;03-Petite couronne;10;31;10 363;3,5;De 100 à 150 000 entrées;NON;;B;126;84;79;62,5;31,2;6,3;0;19;32,1
1894;188 008;64 018;PATHE MASSY;18,6;48.724173;2.262676;723760;ILE-DE-FRANCE;91377;48363;91;851;Paris;10706072;03-Petite couronne;9;31;8 723;1,9;De 150 à 200 000 entrées;NON;;B;155;105;101;43,2;49,3;1,2;6,3;33;20,5
1745;116 053;4 624;FRANCHEMOND;38,1;45.989161;4.724226;723800;AUVERGNE / RHONE-ALPES;69264;36671;69;758;Lyon;1639558;04-Unités urbaines de 100 000 hbts ou plus;10;31;10 130;24,1;De 100 à 150 000 entrées;NON;;B;131;91;88;73;21,1;5,9;0;17;27,7
166;1 149;12 272;CINE-OFF;20,7;47.345608;0.608054;723840;CENTRE-VAL DE LOIRE;37018;7911;37;37701;Tours;353042;04-Unités urbaines de 100 000 hbts ou plus;1;9;15;-0,9;Moins de 2000 entrées;NON;;B;8;4;0;51,9;38,4;6,8;2,9;4;19,8
1214;55 690;183 039;CAP CINEMA MANOSQUE;16,3;43.836195;5.779884;723960;PROVENCE-ALPES-COTE D'AZUR;4112;21754;4;4401;Manosque;30036;05-Unités urbaines de 20 000 à 100 000 hbts;8;31;7 841;-0,7;De 50 à 80 000 entrées;D;JP;C;185;123;98;45,4;51,3;2,5;0,8;75;19
1606;92 990;5 021;DELTA EXPLOITATION;21,1;48.7946166;2.5525718999999754;724000;ILE-DE-FRANCE;94019;18226;94;851;Paris;10706072;02-Grande Couronne;8;31;7 415;17,5;De 80 à 100 000 entrées;NON;;B;116;95;85;60,6;32,3;5,8;1,4;32;21,1
1804;69 001;190 614;SOCIETE DES CINEMAS DE TOURS;14,1;47.416279;0.702126;724048;CENTRE-VAL DE LOIRE;37261;136252;37;37701;Tours;353042;04-Unités urbaines de 100 000 hbts ou plus;9;31;7 366;-0,6;De 50 à 80 000 entrées;NON;;C;151;89;79;50,7;41,7;3,7;3,8;29;14,8
934;14 964;54 511;EMERAUDE CINEMAS;22;48.612354;-2.049568;724080;BRETAGNE;35241;2270;35;458;Dinard;32364;05-Unités urbaines de 20 000 à 100 000 hbts;7;15;1 913;-0,7;De 10 à 20 000 entrées;NON;;B;100;68;48;48,2;46,9;3,8;1,1;37;16,1
3814;343 905;76 386;UGC CINE CITE;76,1;48.781030;2.189542;724120;ILE-DE-FRANCE;78640;21090;78;851;Paris;10706072;03-Petite couronne;18;31;16 354;3,5;De 300 à 450 000 entrées;NON;;B;332;183;169;59;9,1;19,3;12,7;165;85,4
130;1 632;6 723;COMMUNE DE VAUJANY;22,6;45.164059;6.089026;724280;AUVERGNE / RHONE-ALPES;38527;307;38;0;Zone rurale;14541106;04-Unités urbaines de 100 000 hbts ou plus;1;30;175;-0,8;Moins de 2000 entrées;NON;;R;100;84;14;63,2;27,9;5,8;3,2;31;31,1
2200;184 465;427 828;UGC CINE CITE;16,9;48.827796;2.116072;724320;ILE-DE-FRANCE;78158;28512;78;851;Paris;10706072;03-Petite couronne;12;31;10 522;-0,6;De 150 à 200 000 entrées;NON;;B;224;116;114;59,5;35,4;4,2;0,8;96;12,2
1209;57 182;3 523;KINEPOLIS PROSPECTION;46,1;48.718766;2.589559;724440;ILE-DE-FRANCE;77450;3133;77;851;Paris;10706072;03-Petite couronne;9;31;7 571;15,2;De 50 à 80 000 entrées;NON;;B;191;98;95;57,3;29,5;7,3;5,9;26;40,4
1051;67 220;104 716;SOCIETE CADURCIENNE D'EXPLOITATION CINEMATOGRAPHIQUE;36,8;44.456197;1.450773;724520;OCCITANIE;46042;19340;46;46401;Cahors;22764;05-Unités urbaines de 20 000 à 100 000 hbts;7;31;4 981;-0,4;De 50 à 80 000 entrées;NON;;C;253;165;127;70,4;27,1;0,9;1,6;136;38,3
1244;63 196;20 664;CINEVILLE;22,5;48.065518;-1.626459;724600;BRETAGNE;35352;7871;35;35216;Vern-sur-Seiche;7871;06-autres communes et unités urbaines;6;31;5 164;2,1;De 50 à 80 000 entrées;NON;;I;135;84;58;52,3;40,4;5,8;1,5;39;18,6
248;3 229;17 687;COMMUNE DE SAINT-GENIS-POUILLY;59,6;46.242665;6.021223;724640;AUVERGNE / RHONE-ALPES;1354;10824;1;652;Genève (SUI) - Annemasse (partie française);178404;04-Unités urbaines de 100 000 hbts ou plus;1;24;142;-0,8;De 2 à 5 000 entrées;NON;;B;77;36;0;8;14;7;71;50;75,9
166;2 513;267 857;ECRAN 7;37,5;43.578553;1.262865;724760;OCCITANIE;31526;8007;31;31701;Toulouse;948433;04-Unités urbaines de 100 000 hbts ou plus;1;28;318;-1;De 2 à 5 000 entrées;NON;;B;97;74;0;43,5;15,5;41;0;47;34,5
1076;24 575;1 237 182;CIDECO;22,6;44.97498;5.575891;724800;AUVERGNE / RHONE-ALPES;38090;276;38;0;Zone rurale;14541106;04-Unités urbaines de 100 000 hbts ou plus;6;20;2 930;-1;De 20 à 30 000 entrées;NON;;R;98;70;48;65;30,9;3,2;0,9;20;17,2
98;52;23 552;BENAC HERVE;23,7;44.182478;2.786721;724840;OCCITANIE;12307;315;12;0;Zone rurale;14541106;04-Unités urbaines de 100 000 hbts ou plus;1;2;4;-1;Moins de 2000 entrées;NON;;R;2;2;0;47,2;35,1;5,2;12,5;0;23,6
