fauteuils;entrees_2019;entrees_2018;proprietaire;part des seances de films Art et Essai;latitude;longitude;num_auto;region_administrative;code_INSEE;population_de_la_commune;departement;num_UU;unite_urbaine;population_unite_urbaine;situation_geographique;ecrans;semaines_d_activite;seances;evolution_entrees;tranche_d_entrees;categorie_Art_et_Essai;label_Art_et_Essai;zone_de_la_commune;nombre_de_films_programmes;nombre_de_films_inedits;nombre_de_films_en_semaine_1;PdM_en_entrees_des_films_francais;PdM_en_entrees_des_films_americains;PdM_en_entrees_des_films_europeens;PdM_en_entrees_des_autres_films;films_Art_et_Essai;PdM_en_entrees_des_films_Art_et_Essai
1666;412 142;436 900;UGC SAS;37,7;48.873073;2.298394;12;ILE-DE-FRANCE;75108;36694;75;851;Paris;10706072;Paris;11;53;23 736;-5,70%;De 300 à 450 000 entrées;non;;commune-centre;255;210;174;45,9;39;11,1;4;106;37
1610;202 673;227 948;UGC SAS;62,4;48.872265;2.300938;31;ILE-DE-FRANCE;75108;36694;75;851;Paris;10706072;Paris;4;53;7 823;-11,10%;De 200 à 300 000 entrées;non;;commune-centre;101;83;73;36;48,6;11,6;3,9;59;54,5
589;118 069;107 868;CINELBA;97,1;48.872431;2.299525;35;ILE-DE-FRANCE;75108;36694;75;851;Paris;10706072;Paris;3;53;4 931;9,50%;De 100 à 150 000 entrées;catégorie A;RD;commune-centre;207;84;54;61,4;12,1;11;15,5;158;93
1701;277 795;277 363;LES CINEMAS PATHE GAUMONT;16,4;48.869654;2.306873;54;ILE-DE-FRANCE;75108;36694;75;851;Paris;10706072;Paris;6;53;11 705;0,20%;De 200 à 300 000 entrées;non;;commune-centre;142;102;88;20,1;75,8;3,5;0,7;23;20,6
448;49 579;53 786;STUDIO DU DRAGON;93,1;48.870512;2.303157;55;ILE-DE-FRANCE;75108;36694;75;851;Paris;10706072;Paris;3;53;5 297;-7,80%;De 40 à 50 000 entrées;catégorie A;RD;commune-centre;161;101;79;55,5;7,6;19,7;17,2;123;89,1
760;178 752;168 084;UGC SAS;52,6;48.871332;2.335302;204;ILE-DE-FRANCE;75109;59408;75;851;Paris;10706072;Paris;4;53;7 628;6,30%;De 150 à 200 000 entrées;non;;commune-centre;113;70;70;42,3;42,7;12,6;2,4;68;54,4
2169;421 267;502 616;FILMS PARAMOUNT;25,4;48.871044;2.33361;214;ILE-DE-FRANCE;75109;59408;75;851;Paris;10706072;Paris;7;42;11 295;-16,20%;De 300 à 450 000 entrées;non;;commune-centre;156;132;68;30,7;63,5;5,2;0,6;61;28,2
591;123 832;97 343;PARAFRANCE COMMUNICATION;73,4;48.871363;2.344886;301;ILE-DE-FRANCE;75109;59408;75;851;Paris;10706072;Paris;1;53;1 569;27,20%;De 100 à 150 000 entrées;non;;commune-centre;95;25;17;6,5;73,1;4,6;15,8;51;72,3
4274;736 722;624 717;THEATRE LE REX;11,2;48.86872;2.347608;311;ILE-DE-FRANCE;75102;20796;75;851;Paris;10706072;Paris;7;53;12 816;17,90%;De 700 000 à 1 million d'entrées;non;;commune-centre;184;115;107;10,3;80,2;3,9;5,6;17;10,6
1138;356 071;299 603;GAUMONT;65,2;48.870632;2.334338;321;ILE-DE-FRANCE;75102;20796;75;851;Paris;10706072;Paris;6;53;11 445;18,80%;De 300 à 450 000 entrées;non;;commune-centre;182;145;118;47,3;24,4;15,4;12,9;101;63,6
1592;409 922;426 973;UGC SAS;31;48.84351;2.325646;451;ILE-DE-FRANCE;75106;42428;75;851;Paris;10706072;Paris;7;53;14 170;-4,00%;De 300 à 450 000 entrées;non;;commune-centre;147;116;114;40,4;53,3;2,6;3,8;55;37,4
2876;963 224;937 498;PARAFRANCE COMMUNICATION;38,9;48.843074;2.324424;481;ILE-DE-FRANCE;75114;139992;75;851;Paris;10706072;Paris;15;53;30 464;2,70%;De 700 000 à 1 million d'entrées;non;;commune-centre;335;286;276;41,1;48,2;6,8;3,9;133;40,5
250;35 866;31 244;MANUFACTURE A FILMS;79,8;48.83393;2.31652;483;ILE-DE-FRANCE;75114;139992;75;851;Paris;10706072;Paris;3;50;4 879;14,80%;De 30 à 40 000 entrées;catégorie A;RDJP;commune-centre;313;143;16;58,5;9,7;11,1;20,7;252;69,7
557;305 715;289 481;MK2 CINEMAS;98,3;48.861555;2.352217;531;ILE-DE-FRANCE;75103;35049;75;851;Paris;10706072;Paris;6;53;13 508;5,60%;De 300 à 450 000 entrées;catégorie A;RDPR;commune-centre;285;127;112;48,6;19,3;11,2;20,8;225;96,7
764;169 342;156 969;PARAFRANCE COMMUNICATION;66;48.878512;2.282965;612;ILE-DE-FRANCE;75117;168533;75;851;Paris;10706072;Paris;4;53;7 242;7,90%;De 150 à 200 000 entrées;non;;commune-centre;173;124;78;51,5;29,3;14,8;4,5;121;63,8
690;145 188;156 926;LES CINEMAS PATHE GAUMONT;78,4;48.852188;2.342788;721;ILE-DE-FRANCE;75106;42428;75;851;Paris;10706072;Paris;4;53;8 288;-7,50%;De 100 à 150 000 entrées;catégorie A;RD;commune-centre;174;122;62;53,8;21;12;13,2;145;76
815;272 449;247 146;PARAFRANCE COMMUNICATION;73,1;48.852437;2.338266;731;ILE-DE-FRANCE;75106;42428;75;851;Paris;10706072;Paris;5;53;10 231;10,20%;De 200 à 300 000 entrées;non;;commune-centre;124;116;106;56;28,2;6,2;9,5;85;78,2
97;20 644;19 974;STUDIO GALANDE BERUCHET;78;48.851619;2.347076;733;ILE-DE-FRANCE;75105;59333;75;851;Paris;10706072;Paris;1;53;1 708;3,40%;De 20 à 30 000 entrées;catégorie A;;commune-centre;216;150;8;39,9;10,3;44,7;5;166;77,7
334;77 832;79 314;CINEPOQUE;85,3;48.84824;2.340797;741;ILE-DE-FRANCE;75106;42428;75;851;Paris;10706072;Paris;3;53;4 947;-1,90%;De 50 à 80 000 entrées;catégorie A;RD;commune-centre;321;127;35;56,8;8;20,1;15,1;260;86,2
510;52 629;55 200;SOCIETE CINEMA SAINT ANDRE DES ARTS;71,7;48.853361;2.34211;751;ILE-DE-FRANCE;75106;42428;75;851;Paris;10706072;Paris;3;53;5 329;-4,70%;De 50 à 80 000 entrées;catégorie A;;commune-centre;344;136;68;56,7;16,5;15;11,9;247;64,5
284;68 457;67 422;MK2 CINEMAS;67,6;48.842813;2.330525;801;ILE-DE-FRANCE;75106;42428;75;851;Paris;10706072;Paris;3;53;6 263;1,50%;De 50 à 80 000 entrées;catégorie A;;commune-centre;198;139;5;46,6;24,1;15,5;13,8;141;65,3
454;111 149;110 333;UGC SAS;86;48.842318;2.328975;802;ILE-DE-FRANCE;75106;42428;75;851;Paris;10706072;Paris;3;53;6 079;0,70%;De 100 à 150 000 entrées;non;;commune-centre;97;54;49;45,9;17,9;27,9;8,4;79;86,8
1020;46 984;53 710;CINEMAS RYTMANN SAS;7,1;48.843752;2.324925;803;ILE-DE-FRANCE;75106;42428;75;851;Paris;10706072;Paris;2;53;4 024;-12,50%;De 40 à 50 000 entrées;non;;commune-centre;30;28;28;0;98,7;1,3;0;2;6,8
148;45 652;49 018;LE LUCERNAIRE FORUM;83,9;48.844244;2.330407;814;ILE-DE-FRANCE;75106;42428;75;851;Paris;10706072;Paris;3;52;5 220;-6,90%;De 40 à 50 000 entrées;catégorie A;JP;commune-centre;250;154;31;54,5;9,1;19,2;17,2;210;81,9
842;232 842;213 310;LES CINQ PARNASSIENS;99,3;48.842443;2.327625;821;ILE-DE-FRANCE;75114;139992;75;851;Paris;10706072;Paris;7;53;13 364;9,20%;De 200 à 300 000 entrées;catégorie A;RD;commune-centre;198;139;125;59,1;9;16,4;15,4;176;98,6
234;56 566;49 143;TRIOMPH CINEMA;92,5;48.854455;2.340132;883;ILE-DE-FRANCE;75106;42428;75;851;Paris;10706072;Paris;2;53;3 265;15,10%;De 50 à 80 000 entrées;catégorie A;PR;commune-centre;458;13;2;13;62,2;17,2;7,6;382;90
252;15 366;16 916;CINEMA LE BILBOQUET;88,7;48.85467;2.333052;891;ILE-DE-FRANCE;75106;42428;75;851;Paris;10706072;Paris;1;42;1 084;-9,20%;De 10 à 20 000 entrées;catégorie A;;commune-centre;165;89;9;49,9;20,5;12,3;17,3;135;84,4
609;53 875;64 507;EUROPALACES ETOILE;45,3;48.872794;2.296984;1031;ILE-DE-FRANCE;75108;36694;75;851;Paris;10706072;Paris;2;50;3 209;-16,50%;De 50 à 80 000 entrées;non;;commune-centre;238;157;59;28,6;36,2;8,1;27;80;31,2
100;3 631;24 822;CINEMA LE BIKINI;13,5;48.870120;2.348667;1314;ILE-DE-FRANCE;75102;20796;75;851;Paris;10706072;Paris;1;7;208;-85,40%;De 2 à 5 000 entrées;non;;commune-centre;16;0;0;80,6;0;19,4;0;1;13,2
204;36 968;32 930;PARIS CINE;85,2;48.870455;2.35466;1392;ILE-DE-FRANCE;75110;91770;75;851;Paris;10706072;Paris;2;53;2 976;12,30%;De 30 à 40 000 entrées;catégorie A;RDJPPR;commune-centre;237;104;4;66,5;9,7;11,3;12,4;216;79,3
139;73 963;62 435;SOCIETE THEATRE LE BRADY;84,1;48.871771;2.355398;1393;ILE-DE-FRANCE;75110;91770;75;851;Paris;10706072;Paris;2;53;4 957;18,50%;De 50 à 80 000 entrées;catégorie A;RDJPPR;commune-centre;384;131;8;48,6;9,6;17,7;24,1;307;80,2
3894;3 012 613;3 077 064;UGC CINE CITE ILE DE FRANCE;49,2;48.861424;2.345829;1681;ILE-DE-FRANCE;75101;16545;75;851;Paris;10706072;Paris;27;53;66 932;-2,10%;3 millions d'entrées ou plus;non;;commune-centre;534;410;392;36;47,9;9,5;6,6;299;46,4
238;86 030;82 588;;80,7;48.858689;2.353591;1791;ILE-DE-FRANCE;75104;27146;75;851;Paris;10706072;Paris;2;53;3 993;4,20%;De 80 à 100 000 entrées;catégorie A;RDJP;commune-centre;316;142;56;49,5;10,7;23,2;16,6;234;75,2
617;154 753;128 323;LES ECRANS DE PARIS;54,4;48.858204;2.282104;2251;ILE-DE-FRANCE;75116;165487;75;851;Paris;10706072;Paris;3;53;5 150;20,60%;De 150 à 200 000 entrées;non;;commune-centre;190;98;60;59,1;20,6;12,1;8,3;114;49,6
137;15 631;21 308;CINEMA MAC MAHON;67,6;48.875715;2.294655;2543;ILE-DE-FRANCE;75117;168533;75;851;Paris;10706072;Paris;1;46;785;-26,60%;De 10 à 20 000 entrées;non;;commune-centre;119;14;1;38,9;32,8;25,4;2,8;86;63,8
501;213 401;195 997;CINEVOG SARL;90,9;48.87561;2.32791;2982;ILE-DE-FRANCE;75109;59408;75;851;Paris;10706072;Paris;5;53;9 000;8,90%;De 200 à 300 000 entrées;catégorie A;;commune-centre;115;101;94;61,7;14,3;16,1;8;103;89,2
478;178 817;165 924;SARL DES AUTEURS REALISATEURS PRODUCTEURS ARP;95,6;48.884303;2.326888;3211;ILE-DE-FRANCE;75117;168533;75;851;Paris;10706072;Paris;3;53;5 567;7,80%;De 150 à 200 000 entrées;catégorie A;RDJP;commune-centre;147;78;61;64,8;8,5;8,1;18,6;136;93,8
2139;693 746;748 825;LES CINEMAS PATHE GAUMONT;32,4;48.883938;2.328034;3222;ILE-DE-FRANCE;75118;197580;75;851;Paris;10706072;Paris;12;53;18 026;-7,40%;De 450 à 700 000 entrées;non;;commune-centre;196;146;144;33,5;56,8;5,6;4;60;36,6
172;52 483;46 551;STUDIO 28;70,6;48.886142;2.335342;3741;ILE-DE-FRANCE;75118;197580;75;851;Paris;10706072;Paris;1;49;1 378;12,70%;De 50 à 80 000 entrées;catégorie A;;commune-centre;172;135;1;48,7;25,8;16,8;8,7;123;70,8
287;7 865;11 732;ETABLISSEMENT PUBLIC DU PARC ET DE LA GRANDE HALLE DE LA VILLETT;79,2;48.888947;2.392436;4713;ILE-DE-FRANCE;75119;185654;75;851;Paris;10706072;Paris;1;5;24;-33,00%;De 5 à 10 000 entrées;non;;commune-centre;24;0;0;12,9;55,8;19,5;11,8;19;65,4
992;433 102;422 724;MK2 QUAI DE SEINE;83,2;48.885073;2.371493;4731;ILE-DE-FRANCE;75119;185654;75;851;Paris;10706072;Paris;6;53;12 609;2,50%;De 300 à 450 000 entrées;catégorie A;RDJP;commune-centre;247;171;125;61,4;18,2;8,9;11,5;188;83,2
1238;411 805;360 120;MK2 CINEMAS;63,8;48.864763;2.399555;5691;ILE-DE-FRANCE;75120;195556;75;851;Paris;10706072;Paris;6;53;12 316;14,40%;De 300 à 450 000 entrées;non;;commune-centre;219;131;99;45,5;37,2;6,3;11,1;144;68,1
430;184 006;183 550;BASTILLE SAINT ANTOINE (DOUBLON N° 95 7200);90,8;48.853157;2.370719;5841;ILE-DE-FRANCE;75111;149834;75;851;Paris;10706072;Paris;3;53;5 984;0,20%;De 150 à 200 000 entrées;catégorie A;RD;commune-centre;105;85;53;60,4;18,2;7,9;13,5;95;93,3
356;112 149;114 874;LES ECRANS DE PARIS;94,1;48.860238;2.37214;5852;ILE-DE-FRANCE;75111;149834;75;851;Paris;10706072;Paris;2;53;4 229;-2,40%;De 100 à 150 000 entrées;catégorie A;RDJP;commune-centre;203;90;48;59,2;19,7;14,8;6,3;171;88,9
469;274 823;251 653;MK2 CINEMAS;83,8;48.854674;2.369381;5861;ILE-DE-FRANCE;75111;149834;75;851;Paris;10706072;Paris;4;53;8 062;9,20%;De 200 à 300 000 entrées;catégorie A;RDJP;commune-centre;136;100;57;43,1;26,7;14,8;15,4;118;88,4
551;42 191;4 731;MK2 CINEMAS;62;48.848213;2.39311;6212;ILE-DE-FRANCE;75112;142340;75;851;Paris;10706072;Paris;6;6;1 337;791,80%;De 40 à 50 000 entrées;non;;commune-centre;19;17;13;59,4;40,5;0,1;0;10;65,2
1274;307 651;308 721;UGC SAS;18,1;48.847502;2.371855;6531;ILE-DE-FRANCE;75112;142340;75;851;Paris;10706072;Paris;7;53;13 176;-0,30%;De 300 à 450 000 entrées;non;;commune-centre;172;118;116;40,3;54,5;5,1;0,2;50;20,8
4440;1 758 521;1 856 550;UGC CINE CITE ILE DE FRANCE;35,4;48.833595;2.38604;6611;ILE-DE-FRANCE;75112;142340;75;851;Paris;10706072;Paris;18;53;39 712;-5,30%;De 1,5 à 2 millions d'entrées;non;;commune-centre;369;275;274;30;59,4;6,5;4,1;166;32
365;88 034;79 284;CINEMA CHAPLIN;61,1;48.843204;2.298558;7231;ILE-DE-FRANCE;75115;234994;75;851;Paris;10706072;Paris;3;53;6 047;11,00%;De 80 à 100 000 entrées;catégorie A;JP;commune-centre;383;223;10;56,2;19;16,3;8,5;277;58,5
1263;529 754;457 740;GAUMONT;67,3;48.837759;2.296259;7394;ILE-DE-FRANCE;75115;234994;75;851;Paris;10706072;Paris;9;53;17 650;15,70%;De 450 à 700 000 entrées;non;;commune-centre;221;160;152;51,7;31,4;10,6;6,3;151;62,9
2583;695 177;708 611;GAUMONT;16,9;48.830408;2.276322;7491;ILE-DE-FRANCE;75115;234994;75;851;Paris;10706072;Paris;14;53;28 608;-1,90%;De 450 à 700 000 entrées;non;;commune-centre;303;249;207;22,2;71,5;5;1,3;88;14,4
397;151 155;151 340;CINEMAS RYTMANN SAS;59,9;48.841914;2.324596;7711;ILE-DE-FRANCE;75114;139992;75;851;Paris;10706072;Paris;4;53;8 067;-0,10%;De 150 à 200 000 entrées;non;;commune-centre;159;142;33;47,7;19,8;23;9,4;87;59,1
1384;512 221;443 203;GAUMONT;30,4;48.828166;2.327463;8132;ILE-DE-FRANCE;75114;139992;75;851;Paris;10706072;Paris;8;53;16 745;15,60%;De 450 à 700 000 entrées;non;;commune-centre;233;171;124;34,9;54,6;6,2;4,3;100;32
133;36 427;35 918;SOCIETE D'EXPLOITATION DU THEATRE DENFERT ROCHEREAU;64,1;48.833879;2.330976;8161;ILE-DE-FRANCE;75114;139992;75;851;Paris;10706072;Paris;1;53;1 953;1,40%;De 30 à 40 000 entrées;catégorie A;JP;commune-centre;237;125;2;55,3;18,4;16,7;9,5;179;64
595;144 823;145 091;LES ECRANS DE PARIS;94,4;48.851278;2.330648;8291;ILE-DE-FRANCE;75106;42428;75;851;Paris;10706072;Paris;3;53;5 140;-0,20%;De 100 à 150 000 entrées;catégorie A;RDPR;commune-centre;241;81;52;42;20;26,9;11,1;140;84,7
684;230 842;226 027;UGC SAS;60;48.852138;2.338995;8331;ILE-DE-FRANCE;75106;42428;75;851;Paris;10706072;Paris;4;53;8 319;2,10%;De 200 à 300 000 entrées;non;;commune-centre;99;90;61;52,1;29,2;11,5;7,2;53;61,8
119;31 750;28 602;CINEDEVIL;91,6;48.850764;2.341747;8341;ILE-DE-FRANCE;75106;42428;75;851;Paris;10706072;Paris;1;53;1 780;11,00%;De 30 à 40 000 entrées;catégorie A;RDJP;commune-centre;154;45;1;48,8;17,3;18;15,9;142;90,9
722;252 265;248 480;UGC SAS;64,7;48.852353;2.339834;8353;ILE-DE-FRANCE;75106;42428;75;851;Paris;10706072;Paris;5;53;10 618;1,50%;De 200 à 300 000 entrées;non;;commune-centre;151;116;88;50,3;25,5;17,1;7;92;69,6
210;47 744;45 611;SOCIETE DE DIFFUSION AUDIOVISUELLE;85,1;48.853093;2.344228;8361;ILE-DE-FRANCE;75105;59333;75;851;Paris;10706072;Paris;2;53;4 388;4,70%;De 40 à 50 000 entrées;catégorie A;RD;commune-centre;77;47;46;71,1;5,6;11,5;11,8;61;87,5
200;33 370;41 578;CINELUX;74,4;48.848384;2.348973;8374;ILE-DE-FRANCE;75105;59333;75;851;Paris;10706072;Paris;2;38;2 413;-19,70%;De 30 à 40 000 entrées;catégorie A;PR;commune-centre;248;0;0;41,7;38,3;18,9;1,1;211;76,5
200;23 061;28 670;LES FILMS DE LA GARENNE;90;48.847502;2.342301;8391;ILE-DE-FRANCE;75105;59333;75;851;Paris;10706072;Paris;1;53;1 804;-19,60%;De 20 à 30 000 entrées;catégorie A;RD;commune-centre;69;18;4;76,9;1,8;17,5;3,8;62;94,9
73;6 143;9 951;CINEPOQUE;72;48.84815;2.341975;8392;ILE-DE-FRANCE;75105;59333;75;851;Paris;10706072;Paris;1;29;425;-38,30%;De 5 à 10 000 entrées;catégorie A;;commune-centre;59;38;1;40;6;25,7;28,3;48;67,8
236;103 248;106 522;SOCIETE D'EXPLOITATION DU CHAMPOLLION STUDIO DES ECOLES;87,5;48.849983;2.343211;8422;ILE-DE-FRANCE;75105;59333;75;851;Paris;10706072;Paris;2;53;4 143;-3,10%;De 100 à 150 000 entrées;catégorie A;PR;commune-centre;225;16;4;25,9;25,1;29,2;19,7;202;89,2
164;102 958;99 940;CINE SORBONNE;90,1;48.849504;2.342788;8425;ILE-DE-FRANCE;75105;59333;75;851;Paris;10706072;Paris;2;53;3 509;3,00%;De 100 à 150 000 entrées;catégorie A;PR;commune-centre;422;2;1;20,5;50,3;17,4;11,8;375;92
122;27 165;29 384;SARL DES AUTEURS REALISATEURS PRODUCTEURS ARP;79,5;48.842733;2.342044;8451;ILE-DE-FRANCE;75105;59333;75;851;Paris;10706072;Paris;1;50;1 399;-7,60%;De 20 à 30 000 entrées;catégorie A;JPPR;commune-centre;120;21;10;26,8;13,4;30,5;29,3;103;68,9
372;100 495;95 170;LES ECRANS DE PARIS;85,7;48.849591;2.342836;8513;ILE-DE-FRANCE;75105;59333;75;851;Paris;10706072;Paris;3;53;5 580;5,60%;De 100 à 150 000 entrées;catégorie A;RDPR;commune-centre;216;59;39;50,4;5,4;31,6;12,5;171;85,1
140;36 774;35 205;STUDIO 43;84,1;48.841535;2.34958;8514;ILE-DE-FRANCE;75105;59333;75;851;Paris;10706072;Paris;2;51;2 848;4,50%;De 30 à 40 000 entrées;catégorie A;;commune-centre;151;106;0;64,4;14,8;10,6;10,1;122;81
346;56 639;60 222;ACTION RIVE GAUCHE;80,4;48.847537;2.352122;8531;ILE-DE-FRANCE;75105;59333;75;851;Paris;10706072;Paris;2;53;3 185;-5,90%;De 50 à 80 000 entrées;catégorie A;PR;commune-centre;319;26;11;12,4;71,9;12,5;3,2;232;75,3
645;168 403;162 846;GAUMONT;56,5;48.833574;2.353775;8621;ILE-DE-FRANCE;75113;183216;75;851;Paris;10706072;Paris;5;53;9 963;3,40%;De 150 à 200 000 entrées;non;;commune-centre;155;101;91;38,7;39,7;12,8;8,8;81;57,7
1138;487 926;177 132;UGC SAS;49,7;48.832888;2.354241;8632;ILE-DE-FRANCE;75113;183216;75;851;Paris;10706072;Paris;11;53;22 523;175,50%;De 450 à 700 000 entrées;non;;commune-centre;344;235;196;45,5;40,3;8,5;5,7;199;51,3
329;91 197;98 885;LES ECRANS DE PARIS;95;48.836817;2.349632;8661;ILE-DE-FRANCE;75113;183216;75;851;Paris;10706072;Paris;2;53;3 907;-7,80%;De 80 à 100 000 entrées;catégorie A;RDJP;commune-centre;207;119;54;63,6;11,9;13,2;11,3;190;90,4
92;12 896;15 672;MK2 CINEMAS;77,9;48.8649;2.314116;9351;ILE-DE-FRANCE;75108;36694;75;851;Paris;10706072;Paris;1;53;1 276;-17,70%;De 10 à 20 000 entrées;non;;commune-centre;42;34;1;52,4;17,7;14,8;15,2;33;75,2
556;255 631;225 196;;94,7;48.883487;2.349853;9452;ILE-DE-FRANCE;75110;91770;75;851;Paris;10706072;Paris;3;53;6 114;13,50%;De 200 à 300 000 entrées;catégorie A;RDJPPR;commune-centre;269;95;48;51;20,4;12,9;15,8;223;91,5
2981;1 330 204;1 380 261;;38,3;48.833718;2.373922;9600;ILE-DE-FRANCE;75113;183216;75;851;Paris;10706072;Paris;16;53;34 573;-3,60%;De 1 à 1,5 million d'entrées;non;;commune-centre;528;311;280;22,5;63,4;6,8;7,3;296;39,4
520;149 092;158 105;;73,2;48.832993;2.378615;9616;ILE-DE-FRANCE;75113;183216;75;851;Paris;10706072;Paris;4;53;9 124;-5,70%;De 100 à 150 000 entrées;non;;commune-centre;210;190;50;57,1;16,9;11,1;14,9;139;76
1962;807 114;821 928;;23,4;48.848895;2.282585;9700;ILE-DE-FRANCE;75115;234994;75;851;Paris;10706072;Paris;10;53;20 077;-1,80%;De 700 000 à 1 million d'entrées;non;;commune-centre;195;146;124;31,3;58,4;7,1;3,2;49;25,4
161;10 101;9 019;SOCIETE CINEMATOGRAPHIQUE THEATRALE ET AUDIOVISUELLE CTAV 14;51,2;48.876113;2.295345;9802;ILE-DE-FRANCE;75117;168533;75;851;Paris;10706072;Paris;1;49;379;12,00%;De 10 à 20 000 entrées;non;;commune-centre;145;37;6;30,3;28,3;14,2;27,2;61;35
1151;127 852;2 597;LES 7 BATIGNOLLES;42,3;48.893315;2.311503;9803;ILE-DE-FRANCE;75117;168533;75;851;Paris;10706072;Paris;7;53;12 939;4823,10%;De 100 à 150 000 entrées;non;;commune-centre;221;139;106;31,5;52,9;8,9;6,7;113;42,5
1108;450 743;463 475;;42;48.885067;2.374123;9900;ILE-DE-FRANCE;75119;185654;75;851;Paris;10706072;Paris;6;53;11 956;-2,70%;De 450 à 700 000 entrées;non;;commune-centre;215;164;98;30,4;53,5;7,3;8,8;112;53
2790;547 650;510 033;UGC CINE CITE;35,2;48.898991;2.376757;9906;ILE-DE-FRANCE;75119;185654;75;851;Paris;10706072;Paris;14;53;30 575;7,40%;De 450 à 700 000 entrées;non;;commune-centre;381;283;240;30,6;60,4;5,9;3,2;187;30
2901;613 992;539 379;;15,4;48.897016;2.385181;9920;ILE-DE-FRANCE;75119;185654;75;851;Paris;10706072;Paris;16;53;34 778;13,80%;De 450 à 700 000 entrées;non;;commune-centre;318;240;196;16,4;77;4,9;1,7;98;12,8
1480;281 868;238 430;;14,9;48.852605;2.406733;9950;ILE-DE-FRANCE;75120;195556;75;851;Paris;10706072;Paris;7;53;13 774;18,20%;De 200 à 300 000 entrées;non;;commune-centre;187;128;121;23,3;68;4,6;4,2;39;15,7
511;20 721;14 313;RD DIFFUSION;75,6;50.108677;1.834667;10184;HAUTS DE FRANCE;80001;23278;80;80401;Abbeville;26023;unités urbaines de 20 000 à 100 000 habitants;3;46;1 650;44,80%;De 20 à 30 000 entrées;non;;commune-centre;217;131;28;62,2;9,8;21,5;6,4;164;75,7
1209;251 965;247 781;ABBEVILLE CINE;14,7;50.115049;1.824393;10192;HAUTS DE FRANCE;80001;23278;80;80401;Abbeville;26023;unités urbaines de 20 000 à 100 000 habitants;8;53;16 161;1,70%;De 200 à 300 000 entrées;non;;commune-centre;197;154;149;32,1;63,7;3,5;0,7;30;12,4
257;81 429;79 140;CINE ACHERES PANDORA;73,4;48.960956;2.067774;10992;ILE-DE-FRANCE;78005;21053;78;851;Paris;10706072;petite couronne;3;50;4 643;2,90%;De 80 à 100 000 entrées;catégorie C;RDJP;banlieue;251;175;71;55,1;19,6;15,5;9,9;194;70,1
268;25 808;29 538;ASSOCIATION POUR LE DEVELOPPEMENT DU CINEMA A ACIGNE;50,4;48.135609;-1.537695;11101;BRETAGNE;35001;6521;35;35206;Acigné;6521;unités urbaines de moins de 20 000 habitants et zones rurales;2;41;561;-12,60%;De 20 à 30 000 entrées;catégorie E;;commune isolée;179;125;21;65,1;22,4;9,3;3,1;104;44,3
757;149 128;139 806;LE FESTIVAL;28,3;43.31185;3.473009;11527;OCCITANIE;34003;26946;34;34401;Agde;26946;unités urbaines de 20 000 à 100 000 habitants;4;52;5 992;6,70%;De 100 à 150 000 entrées;catégorie D;RDJPPR;commune isolée;281;208;96;40,6;53,1;5;1,4;150;22,2
1595;325 249;306 415;;20,5;44.204567;0.624721;11592;NOUVELLE AQUITAINE;47001;33988;47;47501;Agen;81266;unités urbaines de 20 000 à 100 000 habitants;10;53;19 679;6,10%;De 300 à 450 000 entrées;non;;commune-centre;317;261;214;30,4;64,9;3,8;0,9;107;14,1
79;10 185;9 168;ASSOCIATION DU CINEMA DE LA PLAGE;41,5;49.048659;-1.595352;11854;NORMANDIE;50003;2796;50;50203;Agon-Coutainville;7475;unités urbaines de moins de 20 000 habitants et zones rurales;1;52;487;11,10%;De 10 à 20 000 entrées;catégorie E;JPPR;commune-centre;164;134;3;62,2;23,2;12,6;2;87;36,1
490;39 095;38 357;CINEMA L' AIGLON (EX CASINO DE JOINVILLE SARL);27,4;48.762976;0.62734;12101;NORMANDIE;61214;8053;61;61301;L'Aigle;11190;unités urbaines de moins de 20 000 habitants et zones rurales;1;53;1 020;1,90%;De 30 à 40 000 entrées;catégorie E;;commune-centre;241;184;34;32,3;63,1;2,6;2;131;19,4
345;10 702;11 028;REGIE SERVICE PUBLIC STATION VALMOPARC;20,9;45.46071;6.441929;12401;AUVERGNE / RHONE-ALPES;73024;766;73;0;Zone rurale;14541106;unités urbaines de 100 000 habitants et plus;2;28;742;-3,00%;De 10 à 20 000 entrées;non;;territoire rural;142;120;22;42,5;51,6;5,1;0,8;41;12,1
168;9 494;9 662;GRAND ECRAN POUR TOUS;27,8;43.566091;4.189267;12454;OCCITANIE;30003;8385;30;30210;Aigues-Mortes;8385;unités urbaines de moins de 20 000 habitants et zones rurales;1;50;910;-1,70%;De 5 à 10 000 entrées;catégorie E;JP;commune isolée;175;139;16;25,8;59,4;11,3;3,4;89;31,3
254;10 674;10 946;CIRCUIT ARTS ET LOISIRS;50,6;44.299994;0.336667;12562;NOUVELLE AQUITAINE;47004;4346;47;47103;Aiguillon;4631;unités urbaines de moins de 20 000 habitants et zones rurales;1;52;621;-2,50%;De 10 à 20 000 entrées;catégorie E;JPPR;commune-centre;270;197;8;51,1;29,5;10,3;9,1;158;57,2
320;9 030;6 983;SOCIETE CINEMATOGRAPHIQUE LUCONNAISE;27,3;46.332847;-1.303138;12572;PAYS DE LA LOIRE;85001;2121;85;85114;L'Aiguillon-sur-Mer;2792;unités urbaines de moins de 20 000 habitants et zones rurales;1;43;695;29,30%;De 5 à 10 000 entrées;non;;commune-centre;166;158;13;45,1;49,1;5,5;0,3;62;15,3
286;9 586;8 433;;44,9;46.431926;1.830697;12612;CENTRE-VAL DE LOIRE;36001;1458;36;0;Zone rurale;14541106;unités urbaines de 100 000 habitants et plus;1;47;633;13,70%;De 5 à 10 000 entrées;catégorie E;;territoire rural;135;115;1;61,3;28,9;7,6;2,1;69;39,4
150;754;;73210 ZIMAGES;16,7;45.555539;6.651442;12833;AUVERGNE / RHONE-ALPES;73006;4434;73;73201;Aime;8119;unités urbaines de moins de 20 000 habitants et zones rurales;1;3;12;;Moins de 2000 entrées;non;;commune-centre;8;8;2;27,7;55,3;17;0;1;17
444;10 647;10 595;CUNY ROBERT JOSEPH AUGUST;37;43.699953;-0.265292;13151;NOUVELLE AQUITAINE;40001;6099;40;263;Aire-sur-l'Adour;7462;unités urbaines de moins de 20 000 habitants et zones rurales;2;53;1 022;0,50%;De 10 à 20 000 entrées;catégorie E;;commune-centre;186;162;0;49,5;41,9;7,4;1,2;69;33,2
268;7 881;8 591;OCINE;47,6;50.639733;2.390569;13161;HAUTS DE FRANCE;62014;9853;62;752;Béthune;355543;unités urbaines de 100 000 habitants et plus;1;17;84;-8,30%;De 5 à 10 000 entrées;non;;banlieue;45;28;0;58,3;24,1;13;4,5;25;50,3
265;1 012;1 300;VILLE DE L'ILE D'AIX;32,1;46.012075;-1.17462;13321;NOUVELLE AQUITAINE;17004;249;17;0;Zone rurale;14541106;unités urbaines de 100 000 habitants et plus;1;17;56;-22,20%;Moins de 2000 entrées;non;;territoire rural;49;47;0;31,1;45,7;17,2;6,1;17;22
431;155 555;148 828;SOCIETE AIXOISE CINEMATOGRAPHIQUE;85,9;43.526562;5.448932;13405;PROVENCE-ALPES-COTE D'AZUR;13001;142668;13;759;Marseille - Aix-en-Provence;1585498;unités urbaines de 100 000 habitants et plus;3;53;4 459;4,50%;De 150 à 200 000 entrées;catégorie C;RD;banlieue;150;117;97;43,8;30,3;7,6;18,2;128;82,4
1642;550 188;530 487;LE CEZANNE;17,9;43.525387;5.446893;13413;PROVENCE-ALPES-COTE D'AZUR;13001;142668;13;759;Marseille - Aix-en-Provence;1585498;unités urbaines de 100 000 habitants et plus;9;53;16 942;3,70%;De 450 à 700 000 entrées;non;;banlieue;194;158;155;37,8;57,7;3,8;0,7;32;23,2
438;135 869;133 568;CINEMAZARIN;93,4;43.526103;5.448686;13423;PROVENCE-ALPES-COTE D'AZUR;13001;142668;13;759;Marseille - Aix-en-Provence;1585498;unités urbaines de 100 000 habitants et plus;3;53;4 659;1,70%;De 100 à 150 000 entrées;catégorie C;RD;banlieue;200;149;123;55,2;7,3;29,9;7,6;189;90,7
165;24 914;21 548;INSTITUT DE L'IMAGE;83,5;43.524462;5.439812;13454;PROVENCE-ALPES-COTE D'AZUR;13001;142668;13;759;Marseille - Aix-en-Provence;1585498;unités urbaines de 100 000 habitants et plus;1;49;958;15,60%;De 20 à 30 000 entrées;catégorie C;JPPR;banlieue;215;15;0;23,8;32,1;24,5;19,6;178;82,5
870;61 122;54 774;VICTORIA;85,9;45.68994;5.909791;13513;AUVERGNE / RHONE-ALPES;73008;29822;73;73601;Chambéry;187010;unités urbaines de 100 000 habitants et plus;5;53;5 963;11,60%;De 50 à 80 000 entrées;catégorie C;PR;banlieue;347;258;164;62,3;12,2;18,2;7,4;278;78,5
250;23 163;14 718;;39,1;46.744249;-1.6164029999999912;13622;PAYS DE LA LOIRE;85003;9212;85;85206;Aizenay;9212;unités urbaines de moins de 20 000 habitants et zones rurales;2;48;1 139;57,40%;De 20 à 30 000 entrées;catégorie E;;commune isolée;250;208;6;57,4;29,2;8,8;4,5;111;34,2
319;3 321;3 075;;52,8;41.915976;8.731036;13683;CORSE;2A004;68462;2A;2A501;Ajaccio;68462;unités urbaines de 20 000 à 100 000 habitants;1;2;36;8,00%;De 2 à 5 000 entrées;non;;commune isolée;17;6;0;34,3;8,9;43,8;12,9;10;57,2
432;4 259;4 599;;77,8;41.921426;8.739468;13684;CORSE;2A004;68462;2A;2A501;Ajaccio;68462;unités urbaines de 20 000 à 100 000 habitants;1;4;45;-7,40%;De 2 à 5 000 entrées;non;;commune isolée;37;32;1;62,7;4;22,4;10,9;30;71,1
295;4 504;3 451;;90,5;41.915976;8.731036;13685;CORSE;2A004;68462;2A;2A501;Ajaccio;68462;unités urbaines de 20 000 à 100 000 habitants;1;23;84;30,50%;De 2 à 5 000 entrées;non;;commune isolée;50;15;0;59;17,7;19,8;3,4;44;91,4
1147;347 942;343 793;;26,9;41.943558;8.753935;13686;CORSE;2A004;68462;2A;2A501;Ajaccio;68462;unités urbaines de 20 000 à 100 000 habitants;6;53;10 165;1,20%;De 300 à 450 000 entrées;catégorie D;JPPR;commune isolée;426;293;180;26,2;66,2;6,1;1,5;229;20,3
432;2 689;2 476;CORSICA FILM FESTIVALS;30;41.921426;8.739468;13692;CORSE;2A004;68462;2A;2A501;Ajaccio;68462;unités urbaines de 20 000 à 100 000 habitants;1;1;30;8,60%;De 2 à 5 000 entrées;non;;commune isolée;20;14;1;4,4;25,2;70,5;0;7;13,4
360;45 804;46 693;BLED ALAIN JOSEPH CHARLES;18,7;50.004652;2.648257;14033;HAUTS DE FRANCE;80016;9931;80;80301;Albert;9931;unités urbaines de moins de 20 000 habitants et zones rurales;2;51;1 704;-1,90%;De 40 à 50 000 entrées;non;;commune isolée;218;165;45;33,1;59;6,4;1,5;67;17,9
247;28 959;31 152;LES AMIS DU CINEMA;3,1;45.677069;6.392496;14071;AUVERGNE / RHONE-ALPES;73011;18969;73;73401;Albertville;40293;unités urbaines de 20 000 à 100 000 habitants;1;50;1 023;-7,00%;De 20 à 30 000 entrées;non;;commune-centre;76;69;47;17,8;79,2;3;0;3;3
365;54 550;45 391;LES AMIS DU CINEMA;62,2;45.676502;6.391967;14073;AUVERGNE / RHONE-ALPES;73011;18969;73;73401;Albertville;40293;unités urbaines de 20 000 à 100 000 habitants;2;50;2 473;20,20%;De 50 à 80 000 entrées;catégorie D;RDJP;commune-centre;218;165;47;66,4;20,2;9,2;4,2;153;54,2
467;35 921;12 357;PLOUHEL;93,4;43.92676;2.149209;14102;OCCITANIE;81004;49475;81;81502;Albi;74751;unités urbaines de 20 000 à 100 000 habitants;3;53;2 857;190,70%;De 30 à 40 000 entrées;non;;commune-centre;202;141;89;60,3;15,8;12,9;11;184;91
142;21 537;25 122;ASSOCIATION DE GESTION DE LA SCENE NATIONALE D'ALBI;79,7;43.923796;2.144604;14114;OCCITANIE;81004;49475;81;81502;Albi;74751;unités urbaines de 20 000 à 100 000 habitants;1;48;779;-14,30%;De 20 à 30 000 entrées;catégorie D;RDJPPR;commune-centre;240;145;2;49,7;13,5;28,9;7,9;206;75,2
214;3 974;4 621;SYNDICAT INITIATIVE ALBIEZ;21;45.217522;6.343043;14222;AUVERGNE / RHONE-ALPES;73013;382;73;0;Zone rurale;14541106;unités urbaines de 100 000 habitants et plus;1;27;219;-14,00%;De 2 à 5 000 entrées;non;;territoire rural;98;79;6;49,7;44,1;5,9;0,4;25;16,8
1199;255 206;243 838;;24;48.433552;0.063775;14445;NORMANDIE;61001;26069;61;461;Alençon;41758;unités urbaines de 20 000 à 100 000 habitants;7;53;11 049;4,70%;De 200 à 300 000 entrées;catégorie D;;commune-centre;322;240;163;40,5;54,1;3,8;1,7;153;20,8
1309;316 275;289 875;;31;44.125939;4.077527;14533;OCCITANIE;30007;39535;30;30501;Alès;94393;unités urbaines de 20 000 à 100 000 habitants;8;53;13 679;9,10%;De 300 à 450 000 entrées;catégorie D;RD;commune-centre;501;357;260;32,8;60,9;4,5;1,7;279;22,1
410;9 244;7 695;;56,3;48.807586;2.422346;14693;ILE-DE-FRANCE;94002;44410;94;851;Paris;10706072;grande couronne;1;32;71;20,10%;De 5 à 10 000 entrées;non;;banlieue;66;55;0;66;24,6;7,5;1,9;40;45,3
241;36 170;32 603;BOCCA BERNARD ALBERT;31,6;45.394059;6.075331;15374;AUVERGNE / RHONE-ALPES;38006;4124;38;358;Allevard;14573;unités urbaines de moins de 20 000 habitants et zones rurales;2;52;1 235;10,90%;De 30 à 40 000 entrées;catégorie E;JP;commune-centre;211;184;47;41,9;49,6;5,8;2,7;101;28
600;35 434;32 122;CINEAMBUL 72;34,6;47.983405;0.148339;15682;PAYS DE LA LOIRE;72003;11128;72;72701;Le Mans;210018;unités urbaines de 100 000 habitants et plus;1;51;897;10,30%;De 30 à 40 000 entrées;non;;banlieue;160;108;0;70,4;17,3;7,1;5,3;87;38,2
187;6 439;6 191;LEATHOM;18,7;44.283294;6.539965;15741;PROVENCE-ALPES-COTE D'AZUR;4006;697;4;0;Zone rurale;14541106;unités urbaines de 100 000 habitants et plus;1;29;380;4,00%;De 5 à 10 000 entrées;non;;territoire rural;125;105;28;41,3;53,2;4,5;1;29;9,8
172;4 857;5 377;GERARD DAVOINE ET SES ENFANTS;20,8;45.404713;6.578019;15792;AUVERGNE / RHONE-ALPES;73015;1848;73;0;Zone rurale;14541106;unités urbaines de 100 000 habitants et plus;1;31;365;-9,70%;De 2 à 5 000 entrées;non;;territoire rural;68;53;0;44,3;39,6;15,9;0,2;17;17,5
576;112 618;106 027;CHARLES PAUL;21,5;47.62383;7.236058;16081;GRAND EST;68004;5740;68;68206;Altkirch;8921;unités urbaines de moins de 20 000 habitants et zones rurales;4;53;5 036;6,20%;De 100 à 150 000 entrées;catégorie E;JP;commune-centre;341;245;88;25,7;67,4;6,3;0,6;187;16,6
307;23 905;24 129;COMMUNE D'AMBERT;33,4;45.547184;3.745498;16573;AUVERGNE / RHONE-ALPES;63003;6743;63;63203;Ambert;7287;unités urbaines de moins de 20 000 habitants et zones rurales;2;52;1 148;-0,90%;De 20 à 30 000 entrées;catégorie E;JP;commune-centre;171;138;9;45;46,4;7,8;0,8;74;30,3
354;49 598;49 553;SARL MERLIN L';19,9;47.41057;0.980035;16803;CENTRE-VAL DE LOIRE;37003;13119;37;37701;Tours;353042;unités urbaines de 100 000 habitants et plus;2;53;2 512;0,10%;De 40 à 50 000 entrées;non;;banlieue;190;135;62;45,3;48;6,2;0,5;74;19,8
440;93;3 774;SA CASINO D'AMELIE LES BAINS;33,3;42.472951;2.670403;17082;OCCITANIE;66003;3493;66;66204;Amélie-les-Bains-Palalda;6188;unités urbaines de moins de 20 000 habitants et zones rurales;1;3;12;-97,50%;Moins de 2000 entrées;non;;commune-centre;6;0;0;46,2;41,9;11,8;0;2;38,7
175;23 072;21 035;MAISON DE LA CULTURE D AMIENS;96,5;49.89407;2.292451;17303;HAUTS DE FRANCE;80021;132874;80;80601;Amiens;162637;unités urbaines de 100 000 habitants et plus;1;47;972;9,70%;De 20 à 30 000 entrées;catégorie B;RDJPPR;commune-centre;182;84;10;44,8;19,9;14,6;20,7;174;96,2
254;52 169;52 289;ASS JOURNEES CINE AMIENS CONTRE RACISME;93,6;49.896685;2.302146;17325;HAUTS DE FRANCE;80021;132874;80;80601;Amiens;162637;unités urbaines de 100 000 habitants et plus;1;53;1 509;-0,20%;De 50 à 80 000 entrées;catégorie B;RDJPPR;commune-centre;163;101;31;52,5;15,4;19,8;12,3;150;84,9
2682;755 213;751 448;;23,3;49.889445;2.304933;17326;HAUTS DE FRANCE;80021;132874;80;80601;Amiens;162637;unités urbaines de 100 000 habitants et plus;12;53;21 553;0,50%;De 700 000 à 1 million d'entrées;non;;commune-centre;332;267;233;30,2;64,4;4,5;0,9;120;17,6
2568;399 249;403 555;GAUMONT;14,4;49.244796;6.132187;17545;GRAND EST;57019;10657;57;57701;Metz;285268;unités urbaines de 100 000 habitants et plus;12;53;20 514;-1,10%;De 300 à 450 000 entrées;non;;banlieue;277;228;188;24,5;70,8;4;0,7;72;10,8
549;116 090;;;40,3;47.364116;-1.178442;17803;PAYS DE LA LOIRE;44003;7510;44;44301;Ancenis;10403;unités urbaines de moins de 20 000 habitants et zones rurales;3;52;2 150;;De 100 à 150 000 entrées;catégorie E;JPPR;commune-centre;362;280;39;39,2;52,2;6,8;1,7;216;28,7
347;18 931;20 615;CINEMA DE LA VIOUZE;37,9;45.928236;2.829038;17961;AUVERGNE / RHONE-ALPES;63004;1590;63;63112;Saint-Georges-de-Mons;3588;unités urbaines de moins de 20 000 habitants et zones rurales;1;51;1 026;-8,20%;De 10 à 20 000 entrées;catégorie E;JP;banlieue;241;195;1;41,4;48,2;8,2;2,2;121;29,4
407;80 192;71 330;LE PALACE;19,8;49.246748;1.416469;18291;NORMANDIE;27016;8141;27;27207;Les Andelys;8404;unités urbaines de moins de 20 000 habitants et zones rurales;3;53;3 636;12,40%;De 80 à 100 000 entrées;non;;commune-centre;316;242;67;26;68,4;4,5;1,1;172;14,1
250;9 686;8 266;COMMUNE D'ANET;21,6;48.857505;1.439036;18701;CENTRE-VAL DE LOIRE;28007;2690;28;361;Ézy-sur-Eure;17334;unités urbaines de moins de 20 000 habitants et zones rurales;1;48;204;17,20%;De 5 à 10 000 entrées;non;;commune-centre;102;87;0;61,3;32,5;5,6;0,7;24;22,9
811;339 013;304 002;CYBELE;84,1;47.472132;-0.553522;18861;PAYS DE LA LOIRE;49007;151520;49;49701;Angers;225978;unités urbaines de 100 000 habitants et plus;7;53;12 356;11,50%;De 300 à 450 000 entrées;catégorie A;RDJPPR;commune-centre;447;284;237;54,7;23,5;10,7;11;381;83,9
2522;694 551;681 279;GAUMONT;19,2;47.478647;-0.549339;18866;PAYS DE LA LOIRE;49007;151520;49;49701;Angers;225978;unités urbaines de 100 000 habitants et plus;12;53;22 352;1,90%;De 450 à 700 000 entrées;non;;commune-centre;301;240;199;33,1;62;4,4;0,6;91;15,6
197;7 195;6 683;;20,2;42.577018;2.075079;19242;OCCITANIE;66004;528;66;0;Zone rurale;14541106;unités urbaines de 100 000 habitants et plus;1;34;282;7,70%;De 5 à 10 000 entrées;non;;territoire rural;129;107;5;38,3;52,2;6,7;2,7;40;12
1095;265 965;262 463;;15,1;43.483711;-1.508634;19325;NOUVELLE AQUITAINE;64024;38724;64;751;Bayonne (partie française);236730;unités urbaines de 100 000 habitants et plus;7;53;11 767;1,30%;De 200 à 300 000 entrées;non;;commune-centre;174;141;134;34,7;60,9;3,9;0,4;27;15,1
294;50 554;44 688;CITE INTERNATIONALE DE LA BANDE DESSINEE ET DE L IMAGE;93,5;45.653155;0.150537;19464;NOUVELLE AQUITAINE;16015;42081;16;16601;Angoulême;109054;unités urbaines de 100 000 habitants et plus;2;51;2 882;13,10%;De 50 à 80 000 entrées;catégorie C;RDJPPR;commune-centre;244;143;89;60,8;8,8;15,6;14,8;222;91,8
1876;269 904;262 064;RAYCHAMOND;19,9;45.650367;0.164018;19491;NOUVELLE AQUITAINE;16015;42081;16;16601;Angoulême;109054;unités urbaines de 100 000 habitants et plus;11;53;21 692;3,00%;De 200 à 300 000 entrées;non;;commune-centre;329;252;218;33,2;60,3;4,9;1,5;94;17,2
206;19 280;18 545;FESTIVE ET CINEMATOGRAPHIQUE ANICHOISE;25,6;50.33114;3.252155;19702;HAUTS DE FRANCE;59008;10372;59;59701;Valenciennes (partie française);335992;unités urbaines de 100 000 habitants et plus;1;45;532;4,00%;De 10 à 20 000 entrées;non;;banlieue;160;126;0;33,9;53,3;9,5;3,2;49;28,2
1839;625 517;579 049;PATHE ANNECY DECAVISION;15,6;45.912917;6.125425;19901;AUVERGNE / RHONE-ALPES;74010;125694;74;74601;Annecy;168098;unités urbaines de 100 000 habitants et plus;10;53;19 271;8,00%;De 450 à 700 000 entrées;non;;commune-centre;296;198;191;32;62,6;4,7;0,7;66;15
448;137 344;124 020;ROUEX;97,1;45.898226;6.123792;19941;AUVERGNE / RHONE-ALPES;74010;125694;74;74601;Annecy;168098;unités urbaines de 100 000 habitants et plus;4;51;5 508;10,70%;De 100 à 150 000 entrées;catégorie A;RD;commune-centre;232;171;140;58,7;19,4;10,3;11,7;199;96,8
174;23 552;24 987;MJC POUR TOUS D'ANNECY NOVEL;61;45.917017;6.134075;19945;AUVERGNE / RHONE-ALPES;74010;125694;74;74601;Annecy;168098;unités urbaines de 100 000 habitants et plus;1;52;724;-5,70%;De 20 à 30 000 entrées;catégorie B;JP;commune-centre;177;94;3;50,9;22,7;12,8;13,6;132;53,7
1188;5 679;4 145;BONLIEU SCENE NATIONALE;17,2;45.902197;6.128472;19951;AUVERGNE / RHONE-ALPES;74010;125694;74;74601;Annecy;168098;unités urbaines de 100 000 habitants et plus;2;3;29;37,00%;De 5 à 10 000 entrées;non;;commune-centre;23;3;0;16,4;0;83,6;0;4;19
111;26 421;25 275;MJC CENTRE ANNEMASSE;79,3;46.191752;6.231982;19983;AUVERGNE / RHONE-ALPES;74012;35234;74;652;Genève (SUI) - Annemasse (partie française);178404;unités urbaines de 100 000 habitants et plus;1;47;836;4,50%;De 20 à 30 000 entrées;catégorie C;RDJP;commune-centre;152;92;1;54,1;24,7;8,5;12,8;129;74
475;22 269;19 933;CINEMONDE;15,1;46.192243;6.232615;19984;AUVERGNE / RHONE-ALPES;74012;35234;74;652;Genève (SUI) - Annemasse (partie française);178404;unités urbaines de 100 000 habitants et plus;2;53;1 488;11,70%;De 20 à 30 000 entrées;non;;commune-centre;89;78;66;29,8;68,7;1,5;0;13;14
525;95 817;94 466;BAUCINE;22,8;45.242757;4.670325;20203;AUVERGNE / RHONE-ALPES;7010;16698;7;7401;Annonay;27378;unités urbaines de 20 000 à 100 000 habitants;4;53;3 374;1,40%;De 80 à 100 000 entrées;catégorie D;;commune-centre;205;155;97;40,5;55,2;3;1,3;87;22,1
103;2 551;2 249;ASSOCIATION ANOST CINEMA;57,6;47.068237;4.09482;20311;BOURGOGNE / FRANCHE-COMTE;71009;728;71;0;Zone rurale;14541106;unités urbaines de 100 000 habitants et plus;1;52;139;13,40%;De 2 à 5 000 entrées;non;;territoire rural;76;58;0;64,6;18,9;10,6;5,9;49;58,4
456;137 474;130 418;LA COTENTINE;26;43.57983;7.122516;20672;PROVENCE-ALPES-COTE D'AZUR;6004;74875;6;6701;Nice;943354;unités urbaines de 100 000 habitants et plus;3;53;5 189;5,40%;De 100 à 150 000 entrées;catégorie C;;banlieue;188;155;108;39,2;55,1;4,5;1,2;67;24,8
665;239 468;223 111;CENTRE CULTUREL MUNICIPAL D'ANTONY;72,7;48.753029;2.304782;20931;ILE-DE-FRANCE;92002;61711;92;851;Paris;10706072;grande couronne;4;49;6 050;7,30%;De 200 à 300 000 entrées;catégorie C;RDJPPR;banlieue;387;289;164;58,8;22,6;12,2;6,3;300;62,4
432;61 577;54 663;JOUVE MICHELE;42,1;43.875034;5.396362;21532;PROVENCE-ALPES-COTE D'AZUR;84003;11846;84;84302;Apt;15834;unités urbaines de moins de 20 000 habitants et zones rurales;3;53;4 368;12,60%;De 50 à 80 000 entrées;catégorie E;RDJPPR;commune-centre;313;226;134;43,1;45,5;6,3;5,1;174;36,7
240;8 987;11 660;BAUCINE;15,9;46.042963;6.631059;21571;AUVERGNE / RHONE-ALPES;74014;1928;74;0;Zone rurale;14541106;unités urbaines de 100 000 habitants et plus;1;24;290;-22,90%;De 5 à 10 000 entrées;non;;territoire rural;84;64;39;48,7;46,3;5;0;15;13,4
519;67 029;52 869;SARL GRAND ECRAN;48,1;44.660258;-1.168378;22051;NOUVELLE AQUITAINE;33009;10891;33;33501;La Teste-de-Buch - Arcachon;65500;unités urbaines de 20 000 à 100 000 habitants;3;53;4 147;26,80%;De 50 à 80 000 entrées;catégorie D;RDJP;banlieue;223;140;90;62,4;25,3;8,3;4;138;43,2
2648;629 483;581 266;SOCIETE DES GRANDS ECRANS DU GENEVOIS;20,2;46.1393558;6.124697400000059;22231;AUVERGNE / RHONE-ALPES;74016;2585;74;652;Genève (SUI) - Annemasse (partie française);178404;unités urbaines de 100 000 habitants et plus;12;53;20 386;8,30%;De 450 à 700 000 entrées;non;;banlieue;354;253;214;25,5;69,4;4,4;0,7;130;15,3
328;31 129;28 745;COMMUNE D ARCUEIL;75,5;48.801352;2.330702;22634;ILE-DE-FRANCE;94003;21516;94;851;Paris;10706072;grande couronne;2;49;2 199;8,30%;De 30 à 40 000 entrées;catégorie C;RDJPPR;banlieue;349;246;8;51,7;19,8;15,7;12,9;260;67,5
781;255 441;238 051;;13,6;48.810228;2.328168;22636;ILE-DE-FRANCE;94003;21516;94;851;Paris;10706072;grande couronne;6;53;10 159;7,30%;De 200 à 300 000 entrées;non;;banlieue;148;122;108;19,2;75,1;4,2;1,5;22;12,2
234;23 639;18 079;CINEMAGINAIRE;42;42.547269;3.023455;23102;OCCITANIE;66008;10383;66;66401;Saint-Cyprien;53068;unités urbaines de 20 000 à 100 000 habitants;1;52;976;30,80%;De 20 à 30 000 entrées;catégorie D;;commune-centre;234;169;27;56,2;27,3;10,8;5,7;140;41,5
288;13 732;16 484;ASSOCIATION LE PARVIS;37,6;43.005826;-0.095968;23131;OCCITANIE;65025;2980;65;65204;Argelès-Gazost;6974;unités urbaines de moins de 20 000 habitants et zones rurales;1;53;524;-16,70%;De 10 à 20 000 entrées;catégorie E;;commune-centre;241;205;62;51,9;33,5;9;5,6;143;42,1
534;60 315;58 993;LES FEUX DE LA RAMPE;22,1;48.745411;-0.019397;23241;NORMANDIE;61006;13769;61;61302;Argentan;15038;unités urbaines de moins de 20 000 habitants et zones rurales;3;53;2 471;2,20%;De 50 à 80 000 entrées;catégorie E;JP;commune-centre;183;145;85;41,9;54,5;2,3;1,3;71;22,1
187;9 522;10 132;CENTRE REGIONAL PROMOTION IMAGE LE SENECHAL;36,5;45.091845;1.943901;23262;NOUVELLE AQUITAINE;19010;3084;19;19102;Argentat;3084;unités urbaines de moins de 20 000 habitants et zones rurales;1;51;375;-6,00%;De 5 à 10 000 entrées;catégorie E;;commune isolée;152;122;0;46,2;42,4;8,9;2,6;66;40,2
128;11 487;9 046;COMMUNAUTE D AGGLOMERATION ARGENTEUIL BEZONS;66,2;48.946909;2.249331;23301;ILE-DE-FRANCE;95018;110388;95;851;Paris;10706072;petite couronne;1;47;874;27,00%;De 10 à 20 000 entrées;catégorie C;RDJP;banlieue;166;116;1;56,4;20,8;11,9;10,9;132;51,2
826;72 449;63 970;COMMUNAUTE D AGGLOMERATION ARGENTEUIL BEZONS;44,4;48.943679;2.24855;23323;ILE-DE-FRANCE;95018;110388;95;851;Paris;10706072;petite couronne;3;53;3 491;13,30%;De 50 à 80 000 entrées;catégorie C;RDJPPR;banlieue;263;188;37;35,9;48,7;8,9;6,5;162;38,3
159;12 772;12 999;CINEMAS G LAMIC;43,6;44.792274;6.558372;23392;PROVENCE-ALPES-COTE D'AZUR;5006;2307;5;5101;L'Argentière-la-Bessée;2307;unités urbaines de moins de 20 000 habitants et zones rurales;1;53;730;-1,70%;De 10 à 20 000 entrées;catégorie E;;commune isolée;341;281;16;52,1;31,3;12;4,7;168;41,3
223;4 503;4 665;ASSOCIATION SAINTE CECILE;36,1;46.983737;-0.446514;23491;NOUVELLE AQUITAINE;79013;3212;79;0;Zone rurale;14541106;unités urbaines de 100 000 habitants et plus;1;48;399;-3,50%;De 2 à 5 000 entrées;non;;territoire rural;166;133;7;67;20,9;10,9;1,2;68;49
187;27 404;24 391;ASSOCIATION EDEN PALACE;37,3;46.588805;1.51986;23513;CENTRE-VAL DE LOIRE;36006;4954;36;36203;Argenton-sur-Creuse;8392;unités urbaines de moins de 20 000 habitants et zones rurales;1;52;703;12,40%;De 20 à 30 000 entrées;catégorie E;JPPR;commune-centre;177;140;5;50,7;39;7,7;2,5;81;34,9
158;10 395;9 458;LES JEUNES D'ARGENTRE;31,2;48.058076;-1.148927;23541;BRETAGNE;35006;4294;35;35126;Argentré-du-Plessis;4294;unités urbaines de moins de 20 000 habitants et zones rurales;1;47;433;9,90%;De 10 à 20 000 entrées;catégorie E;;commune isolée;165;135;6;58,2;35,7;5,5;0,6;62;27,9
126;12 553;10 824;;18,1;47.558659;2.446881;23561;CENTRE-VAL DE LOIRE;18011;2142;18;18101;Argent-sur-Sauldre;2142;unités urbaines de moins de 20 000 habitants et zones rurales;1;51;409;16,00%;De 10 à 20 000 entrées;non;;commune isolée;126;110;13;47,1;48,4;4,1;0,4;32;17,7
483;66 905;64 221;LE CAPITOLE;10,6;43.674097;4.627703;23933;PROVENCE-ALPES-COTE D'AZUR;13004;52886;13;552;Arles;55766;unités urbaines de 20 000 à 100 000 habitants;3;52;3 558;4,20%;De 50 à 80 000 entrées;non;;commune-centre;150;124;101;23,5;72;3,3;1,2;34;12,7
231;55 594;53 188;LE CAPITOLE;81,2;43.678479;4.624726;23951;PROVENCE-ALPES-COTE D'AZUR;13004;52886;13;552;Arles;55766;unités urbaines de 20 000 à 100 000 habitants;3;53;4 632;4,50%;De 50 à 80 000 entrées;catégorie D;RDJPPR;commune-centre;214;154;72;56,2;18,8;15;10;179;84,1
720;164 275;159 080;;19,3;50.686113;2.894624;24246;HAUTS DE FRANCE;59017;25066;59;59501;Armentières (partie française);78130;unités urbaines de 20 000 à 100 000 habitants;5;53;9 579;3,30%;De 150 à 200 000 entrées;catégorie D;;commune-centre;205;138;103;29,9;64,3;4,6;1,2;82;18,2
829;42 729;89 963;CINAEA;14,1;48.590692;2.250123;24753;ILE-DE-FRANCE;91021;10481;91;851;Paris;10706072;petite couronne;5;53;7 913;-52,50%;De 40 à 50 000 entrées;non;;banlieue;138;114;75;28,1;65,3;4,8;1,9;31;17,1
679;265 918;267 167;LECA;30,3;50.29185;2.780997;25032;HAUTS DE FRANCE;62041;40721;62;62502;Arras;86845;unités urbaines de 20 000 à 100 000 habitants;6;53;9 765;-0,50%;De 200 à 300 000 entrées;catégorie D;RDJPPR;commune-centre;374;242;161;36,2;55,8;5,7;2,2;192;24,6
0;20 031;;LECA;43,2;50.290037;2.776981;25038;HAUTS DE FRANCE;62041;40721;62;62502;Arras;86845;unités urbaines de 20 000 à 100 000 habitants;1;2;74;;De 20 à 30 000 entrées;non;;commune-centre;46;22;0;81;12,5;6,5;0;21;40,1
75;1 111;1 480;ASSOCIATION LE PARVIS;31,7;42.955828;-0.213947;25179;OCCITANIE;65032;723;65;65204;Argelès-Gazost;6974;unités urbaines de moins de 20 000 habitants et zones rurales;1;52;82;-24,90%;Moins de 2000 entrées;non;;banlieue;73;67;0;54,2;34,8;10,1;0,9;23;30,8
194;16 880;17 126;UNION ARS SUR MOSELLE;38,6;49.076026;6.07804;25571;GRAND EST;57032;4720;57;57701;Metz;285268;unités urbaines de 100 000 habitants et plus;1;46;236;-1,40%;De 10 à 20 000 entrées;non;;banlieue;81;65;4;70,2;23,4;5,5;1;38;35,1
100;25 228;29 655;AGENCE POUR DEVELOPPEMENT ACTIVITES TOURISTIQUES ET CULTURELLES;44,4;48.083036;1.87847;25722;CENTRE-VAL DE LOIRE;45008;1832;45;0;Zone rurale;14541106;unités urbaines de 100 000 habitants et plus;1;46;1 002;-14,90%;De 20 à 30 000 entrées;catégorie E;JPPR;territoire rural;101;53;1;64,4;24,8;5,6;5,2;62;43,6
200;10 433;9 927;UNION SAINT MICHEL;46,6;43.10327;-0.430803;26132;NOUVELLE AQUITAINE;64062;2206;64;64105;Arudy;3708;unités urbaines de moins de 20 000 habitants et zones rurales;1;53;599;5,10%;De 10 à 20 000 entrées;catégorie E;JP;commune-centre;240;200;2;55,7;28,7;10,3;5,4;124;47,5
0;16 486;12 880;;48,9;44.174083;2.607518;26180;OCCITANIE;12011;787;12;0;Zone rurale;14541106;unités urbaines de 100 000 habitants et plus;1;48;313;28,00%;De 10 à 20 000 entrées;catégorie E;JP;territoire rural;96;66;0;65,7;15,9;18;0,4;60;51,9
246;16 273;9 293;DORMOY SEBIRE AUDREY;48,7;47.546509;-2.910816;26402;BRETAGNE;56005;2095;56;56102;Arzon;2095;unités urbaines de moins de 20 000 habitants et zones rurales;2;27;1 015;75,10%;De 10 à 20 000 entrées;non;;commune isolée;108;82;2;51,4;31,8;11,9;4,9;61;47,5
646;183 719;163 334;ASSOCIATION DE GESTION DES CINEMAS D ASNIERES;53,6;48.906327;2.284046;26662;ILE-DE-FRANCE;92004;86512;92;851;Paris;10706072;grande couronne;4;53;6 273;12,50%;De 150 à 200 000 entrées;catégorie C;JPPR;banlieue;206;149;107;45,1;41,5;8,4;4,9;134;49,9
175;12 102;10 312;LE CENTRE CULTUREL DES PORTES DE L' ESSONNE;51,6;48.7102;2.388137;27573;ILE-DE-FRANCE;91027;32792;91;851;Paris;10706072;petite couronne;1;48;651;17,40%;De 10 à 20 000 entrées;catégorie C;;banlieue;208;163;0;49,5;29,8;16,4;4,2;129;44,3
579;115 276;112 264;CINEMA NEMO;30,9;43.293397;5.567708;27833;PROVENCE-ALPES-COTE D'AZUR;13005;45410;13;759;Marseille - Aix-en-Provence;1585498;unités urbaines de 100 000 habitants et plus;4;53;6 496;2,70%;De 100 à 150 000 entrées;catégorie C;;banlieue;198;163;141;44,5;48,6;5,5;1,4;86;29
721;15 901;14 493;REYNAUD ROGER ANDRE;17,5;43.292517;5.566079;27834;PROVENCE-ALPES-COTE D'AZUR;13005;45410;13;759;Marseille - Aix-en-Provence;1585498;unités urbaines de 100 000 habitants et plus;5;53;7 074;9,70%;De 10 à 20 000 entrées;non;;banlieue;109;92;64;27,2;63,7;5,9;3,2;26;10,3
169;16 669;15 995;SCENE ET ECRAN;33,5;48.9589;1.855229;28113;ILE-DE-FRANCE;78029;11557;78;851;Paris;10706072;petite couronne;1;52;1 425;4,20%;De 10 à 20 000 entrées;non;;banlieue;216;195;2;49,9;41,3;6,8;2;87;28,1
127;28 502;26 347;ASSOCIATION CINEMA LE STUDIO;63,8;48.910534;2.384966;28264;ILE-DE-FRANCE;93001;83782;93;851;Paris;10706072;grande couronne;1;48;1 134;8,20%;De 20 à 30 000 entrées;catégorie C;JPPR;banlieue;301;170;8;48,8;25,3;11,7;14,1;213;58,5
2576;680 613;742 451;SOCIETE DES CINEMAS D'AUBIERE;15,7;45.756523;3.143499;28462;AUVERGNE / RHONE-ALPES;63014;10012;63;63701;Clermont-Ferrand;265892;unités urbaines de 100 000 habitants et plus;14;52;24 247;-8,30%;De 450 à 700 000 entrées;non;;banlieue;256;208;204;30,6;64,2;4,4;0,8;50;13,1
238;7 489;6 558;ASSOCIATION JEUNESSE LOISIRS ET AVENIR;29,4;46.623209;-1.427738;28661;PAYS DE LA LOIRE;85008;6285;85;85108;Aubigny;6285;unités urbaines de moins de 20 000 habitants et zones rurales;1;42;231;14,20%;De 5 à 10 000 entrées;catégorie E;;commune isolée;134;98;3;66,2;25,3;6,6;1,9;45;27,4
163;15 383;13 228;ATOMIC CINEMA;29,7;47.488316;2.43949;28732;CENTRE-VAL DE LOIRE;18015;5539;18;18201;Aubigny-sur-Nère;5539;unités urbaines de moins de 20 000 habitants et zones rurales;1;48;745;16,30%;De 10 à 20 000 entrées;catégorie E;JPPR;commune isolée;174;135;3;46,7;44,7;6,8;1,8;79;24,4
379;24 240;23 286;ASSOCIATION CINEMA LE COLBERT;41,7;45.956961;2.170097;28991;NOUVELLE AQUITAINE;23008;3496;23;23102;Aubusson;3496;unités urbaines de moins de 20 000 habitants et zones rurales;2;53;1 737;4,10%;De 20 à 30 000 entrées;catégorie E;RDJPPR;commune isolée;325;267;8;40,3;44,8;11,7;3,2;169;38,5
188;19 073;19 253;ASSOCIATION CINEFOL 31;56,7;43.671301;1.43582;29062;OCCITANIE;31022;8138;31;31701;Toulouse;948433;unités urbaines de 100 000 habitants et plus;1;50;812;-0,90%;De 10 à 20 000 entrées;catégorie C;JP;banlieue;282;222;5;57,5;27,3;10,5;4,7;190;54
835;216 925;204 611;CINE 32;52,1;43.651097;0.594265;29123;OCCITANIE;32013;21943;32;32401;Auch;25276;unités urbaines de 20 000 à 100 000 habitants;5;52;6 175;6,00%;De 200 à 300 000 entrées;catégorie D;RDJPPR;commune-centre;423;298;165;42,5;48,6;5,8;3;285;35,6
514;13 113;13 304;COMMUNE D'AUCHEL;23,2;50.506306;2.472945;29144;HAUTS DE FRANCE;62048;10574;62;752;Béthune;355543;unités urbaines de 100 000 habitants et plus;1;50;341;-1,40%;De 10 à 20 000 entrées;non;;banlieue;95;73;2;29,6;60,7;6,8;2,9;30;20,9
516;24 592;20 867;VIGOUROUX YVES;48,2;48.022078;-4.5389;29373;BRETAGNE;29003;3708;29;29213;Plouhinec - Audierne;7719;unités urbaines de moins de 20 000 habitants et zones rurales;1;53;877;17,90%;De 20 à 30 000 entrées;catégorie E;JP;banlieue;220;165;5;49,2;38,7;8,5;3,6;130;41,3
134;1 162;1 749;MAISON DES JEUNES ET DE LA CULTURE D'AUDUN LE TICHE;84,2;49.470467;5.957243;29563;GRAND EST;57038;6753;57;366;Esch-sur-Alzette (LUX) - Villerupt (partie française);20247;unités urbaines de 20 000 à 100 000 habitants;1;8;19;-33,60%;Moins de 2000 entrées;non;;commune-centre;9;0;0;11,7;49,1;13,2;26;9;83,6
150;9 870;10 554;CINE PARC;57,3;45.71712;3.633074;29741;AUVERGNE / RHONE-ALPES;63016;883;63;0;Zone rurale;14541106;unités urbaines de 100 000 habitants et plus;1;47;302;-6,50%;De 5 à 10 000 entrées;catégorie E;JP;territoire rural;65;30;0;60,5;6,6;27,5;5,4;45;63,3
789;30 648;26 021;INSTITUT AULNAYSIEN DE DEVELOPPEMENT CULTUREL;53;48.940586;2.496291;30164;ILE-DE-FRANCE;93005;83584;93;851;Paris;10706072;grande couronne;2;46;1 201;17,80%;De 30 à 40 000 entrées;catégorie C;JP;banlieue;284;222;4;52,6;31,4;8,5;7,5;162;48,4
2592;989 339;914 453;UGC CINE CITE;14,7;48.960325;2.473606;30184;ILE-DE-FRANCE;93005;83584;93;851;Paris;10706072;grande couronne;14;53;29 390;8,20%;De 700 000 à 1 million d'entrées;non;;banlieue;304;181;181;20,2;74,5;4,4;0,9;92;11
181;15 533;18 141;ANCELOT PHILIPPE MARCEL;15,2;49.770863;1.753271;30482;NORMANDIE;76035;2177;76;157;Aumale;2579;unités urbaines de moins de 20 000 habitants et zones rurales;1;53;869;-14,40%;De 10 à 20 000 entrées;non;;commune-centre;83;67;13;64;32,7;2,1;1,1;24;20,7
199;22 125;23 627;ASSOCIATION DU CINEMA PARADISO;43,6;49.020149;-0.629742;30761;NORMANDIE;14027;4740;14;14113;Aunay-sur-Odon;4740;unités urbaines de moins de 20 000 habitants et zones rurales;1;51;624;-6,40%;De 20 à 30 000 entrées;catégorie E;JP;commune-centre;189;136;2;40,6;42,9;12,5;4,1;102;38,5
866;193 058;175 436;SARL G K L B;33,8;47.669814;-2.985582;30891;BRETAGNE;56007;13746;56;56401;Auray;28513;unités urbaines de 20 000 à 100 000 habitants;5;53;6 788;10,00%;De 150 à 200 000 entrées;catégorie D;JP;commune-centre;321;211;120;41,6;51,1;5;2,3;171;28,1
1073;212 592;199 618;SOCIETE DES CINEMAS D'AURILLAC;25,3;44.92393;2.442797;31236;AUVERGNE / RHONE-ALPES;15014;25875;15;15401;Aurillac;32127;unités urbaines de 20 000 à 100 000 habitants;7;53;12 361;6,50%;De 200 à 300 000 entrées;catégorie D;RDJP;commune-centre;331;237;141;40,5;52,7;5,3;1,5;160;25,6
97;685;520;SKI CLUB AURIS EN OISANS;10;45.037556;6.081406;31331;AUVERGNE / RHONE-ALPES;38020;201;38;0;Zone rurale;14541106;unités urbaines de 100 000 habitants et plus;1;9;10;31,70%;Moins de 2000 entrées;non;;territoire rural;10;9;0;34,9;65,1;0;0;1;3,1
179;22 396;21 787;ASSOCIATION CINEFOL 31;49,4;43.350358;1.474329;31544;OCCITANIE;31033;9417;31;31208;Auterive;9417;unités urbaines de moins de 20 000 habitants et zones rurales;1;52;951;2,80%;De 20 à 30 000 entrées;catégorie E;RDJPPR;commune isolée;349;263;4;48,7;29,9;16;5,5;203;44,6
160;10 377;9 974;MC4  DISTRIBUTION;34,9;45.1750733;5.540751;32092;AUVERGNE / RHONE-ALPES;38225;2934;38;0;Zone rurale;14541106;unités urbaines de 100 000 habitants et plus;1;50;538;4,00%;De 10 à 20 000 entrées;catégorie E;;territoire rural;242;213;40;53;36,4;6,7;3,9;118;34,9
417;72 000;64 875;CINEMA ARLETTY;34,7;46.95158;4.296621;32363;BOURGOGNE / FRANCHE-COMTE;71014;13635;71;71302;Autun;13635;unités urbaines de moins de 20 000 habitants et zones rurales;4;50;3 540;11,00%;De 50 à 80 000 entrées;catégorie E;RDJPPR;commune isolée;287;218;63;40,7;51,6;6,4;1,4;163;29
1593;346 982;325 238;SOCIETE D'EXPLOITATION CINEMATOGRAPHIQUE AUXERROISE;27,2;47.793473;3.56576;32651;BOURGOGNE / FRANCHE-COMTE;89024;34583;89;89402;Auxerre;41853;unités urbaines de 20 000 à 100 000 habitants;8;53;16 323;6,70%;De 300 à 450 000 entrées;catégorie D;JPPR;commune-centre;355;265;167;35,5;58,1;4,3;2,1;186;21,7
244;11 678;11 551;COMMUNE D'AUXONNE;25,7;47.193943;5.404892;32771;BOURGOGNE / FRANCHE-COMTE;21038;7743;21;21206;Auxonne;7743;unités urbaines de moins de 20 000 habitants et zones rurales;1;46;409;1,10%;De 10 à 20 000 entrées;non;;commune isolée;108;95;0;43,8;51,7;3,4;1,1;37;23,4
98;38 134;37 002;CINEMA STUDIO 7;64,8;43.543431;1.565026;32941;OCCITANIE;31036;1393;31;31701;Toulouse;948433;unités urbaines de 100 000 habitants et plus;1;52;1 169;3,10%;De 30 à 40 000 entrées;catégorie C;JPPR;banlieue;290;209;6;59,7;19,7;9,8;10,7;213;63,6
451;31 040;44 378;COMMUNE D'AVALLON;37,6;47.490254;3.909327;33122;BOURGOGNE / FRANCHE-COMTE;89025;6807;89;89203;Avallon;6807;unités urbaines de moins de 20 000 habitants et zones rurales;2;28;1 368;-30,10%;De 30 à 40 000 entrées;catégorie E;RDJP;commune isolée;178;126;31;45,1;44,7;5,9;4,3;100;31,4
269;16 064;18 247;ASSOCIATION LE SONHIR 3;15,4;50.124842;3.926833;33621;HAUTS DE FRANCE;59036;4663;59;59209;Avesnes-sur-Helpe;8298;unités urbaines de moins de 20 000 habitants et zones rurales;2;53;988;-12,00%;De 10 à 20 000 entrées;non;;commune-centre;178;142;27;30,1;62,8;5,3;1,8;54;21,9
379;31 061;28 759;CINEVOX;22;43.949433;4.806281;33751;PROVENCE-ALPES-COTE D'AZUR;84007;92130;84;754;Avignon;456042;unités urbaines de 100 000 habitants et plus;2;45;2 439;8,00%;De 30 à 40 000 entrées;non;;commune-centre;129;98;17;64,4;26,8;8,6;0,2;51;16,5
139;30 063;30 585;FELICITE FILMS;89,5;43.947217;4.806805;33772;PROVENCE-ALPES-COTE D'AZUR;84007;92130;84;754;Avignon;456042;unités urbaines de 100 000 habitants et plus;1;49;1 407;-1,70%;De 30 à 40 000 entrées;catégorie B;RDPR;commune-centre;275;210;100;53,1;21,8;14,8;10,2;251;87,8
456;207 421;192 202;FELICITE FILMS;88,6;43.951249;4.808538;33791;PROVENCE-ALPES-COTE D'AZUR;84007;92130;84;754;Avignon;456042;unités urbaines de 100 000 habitants et plus;4;53;8 377;7,90%;De 200 à 300 000 entrées;catégorie B;RDJPPR;commune-centre;460;267;177;54,1;17,9;17,2;10,9;392;87
2604;579 921;594 889;PATHE AVIGNON;18,4;43.929048;4.837198;33801;PROVENCE-ALPES-COTE D'AZUR;84007;92130;84;754;Avignon;456042;unités urbaines de 100 000 habitants et plus;14;53;27 367;-2,50%;De 450 à 700 000 entrées;non;;commune-centre;297;237;223;25,2;69,2;4,7;0,9;76;14,3
193;11 493;11 709;ASSOCIATION GESTION CINEMA FAMILIA;41;50.408702;2.824662;33912;HAUTS DE FRANCE;62065;18245;62;756;Douai - Lens;504537;unités urbaines de 100 000 habitants et plus;1;47;393;-1,80%;De 10 à 20 000 entrées;non;;banlieue;71;38;3;30,3;54,2;3,3;12,2;34;44,1
617;84 033;79 370;;19,9;48.684271;-1.35894;34182;NORMANDIE;50025;7766;50;50301;Avranches;15372;unités urbaines de moins de 20 000 habitants et zones rurales;3;53;2 325;5,90%;De 80 à 100 000 entrées;catégorie E;;commune-centre;168;126;77;41,5;54,8;2,9;0,8;66;21,9
336;6 652;6 308;SOCIETE DU CASINO D'AX LES THERMES;45,2;42.72135;1.838852;34482;OCCITANIE;9032;1231;9;0;Zone rurale;14541106;unités urbaines de 100 000 habitants et plus;1;52;210;5,50%;De 5 à 10 000 entrées;catégorie E;;territoire rural;172;141;0;46,6;40,8;6,3;6,3;83;42,2
245;8 888;8 739;ASSOCIATION D' EDUCATION POPULAIRE ET SOCIALE;24,8;48.447747;6.736992;35272;GRAND EST;54039;4540;54;54201;Baccarat;5075;unités urbaines de moins de 20 000 habitants et zones rurales;1;51;165;1,70%;De 5 à 10 000 entrées;non;;commune-centre;84;63;1;39,6;48,1;12,3;0;24;36,6
132;15 161;16 059;ASSOCIATION LE PARVIS;40;43.062858;0.15111;35861;OCCITANIE;65059;7571;65;65301;Bagnères-de-Bigorre;12857;unités urbaines de moins de 20 000 habitants et zones rurales;1;51;602;-5,60%;De 10 à 20 000 entrées;catégorie E;;commune-centre;240;213;67;56,4;28,6;10,7;4,3;140;43,6
378;42 324;40 392;CINEMAS REX;45;42.788987;0.591188;35872;OCCITANIE;31042;2384;31;31113;Bagnères-de-Luchon;3934;unités urbaines de moins de 20 000 habitants et zones rurales;2;51;2 371;4,80%;De 40 à 50 000 entrées;catégorie E;RDJP;commune-centre;140;111;31;53,4;37,6;5,9;3,1;85;36,8
418;10 101;7 602;COMMUNE DE BAGNEUX;56,2;48.804045;2.321692;35953;ILE-DE-FRANCE;92007;39487;92;851;Paris;10706072;grande couronne;1;29;146;32,90%;De 10 à 20 000 entrées;non;;banlieue;64;29;1;47,7;17;26,6;8,7;41;59
288;35 411;30 690;ASSOCIATION BAGNOLETAISE DU CINEMA;75,7;48.869237;2.417029;36013;ILE-DE-FRANCE;93006;35881;93;851;Paris;10706072;grande couronne;2;48;1 970;15,40%;De 30 à 40 000 entrées;catégorie C;RDJPPR;banlieue;240;170;4;57,4;26,1;9,3;7,2;190;71,6
346;27 575;29 368;SOGECOM - CASINO DE BAGNOLES DE L' ORNE;26,1;48.557714;-0.418487;36071;NORMANDIE;61483;2697;61;61105;Bagnoles-de-l'Orne;3084;unités urbaines de moins de 20 000 habitants et zones rurales;1;53;1 159;-6,10%;De 20 à 30 000 entrées;catégorie E;JP;commune-centre;205;176;9;66,7;26,4;6;0,9;67;29,6
678;78 453;72 565;SOCIETE D'EXPLOITATION DES CINEMAS CONSTANT;16,2;44.16605;4.620681;36122;OCCITANIE;30028;18203;30;30401;Bagnols-sur-Cèze;22289;unités urbaines de 20 000 à 100 000 habitants;4;48;2 830;8,10%;De 50 à 80 000 entrées;non;;commune-centre;127;107;76;32,9;63,9;2,5;0,7;32;17
200;27 846;22 965;CINE PLAN;31,2;43.662182;4.013467;36282;OCCITANIE;34022;7105;34;34212;Baillargues;9958;unités urbaines de moins de 20 000 habitants et zones rurales;1;47;418;21,30%;De 20 à 30 000 entrées;non;;commune-centre;82;48;1;57,5;29,1;12,7;0,7;35;24,5
145;18 900;16 190;OFFICE MUNICIPAL DE LA JEUNESSE ET DE LA CULTURE EDUCATION PERMA;49,9;50.740146;2.736651;36352;HAUTS DE FRANCE;59043;14337;59;59501;Armentières (partie française);78130;unités urbaines de 20 000 à 100 000 habitants;1;49;700;16,70%;De 10 à 20 000 entrées;catégorie D;JP;commune-centre;174;127;1;51,9;32,8;12,6;2,8;97;47,1
294;27 321;27 345;CINE SPECTACLES DE BAIN DE BRETAGNE;29,8;47.845691;-1.687075;36602;BRETAGNE;35012;7335;35;35212;Bain-de-Bretagne;7335;unités urbaines de moins de 20 000 habitants et zones rurales;2;49;662;-0,10%;De 20 à 30 000 entrées;catégorie E;JP;commune isolée;233;193;18;43,6;46,2;9,3;0,8;91;23
189;22 157;26 735;;19,8;48.528643;2.388787;37350;ILE-DE-FRANCE;91045;7538;91;91402;Ballancourt-sur-Essonne;35283;petite couronne;1;50;691;-17,10%;De 20 à 30 000 entrées;non;;commune-centre;112;94;83;50,9;42,7;6;0,4;31;24,2
275;19 833;20 172;CAMERA CINEMA;30,9;43.137499;5.752051;37881;PROVENCE-ALPES-COTE D'AZUR;83009;8122;83;757;Toulon;569793;unités urbaines de 100 000 habitants et plus;1;53;925;-1,70%;De 10 à 20 000 entrées;non;;banlieue;92;75;10;71,7;21,7;5,5;1,1;34;32
164;7 956;6 988;LES LUMIERES DE LA VILLE;37,1;44.277667;2.43172;38501;OCCITANIE;12056;3141;12;12101;Baraqueville;3141;unités urbaines de moins de 20 000 habitants et zones rurales;1;46;485;13,90%;De 5 à 10 000 entrées;catégorie E;JP;commune isolée;151;122;1;62,8;25,5;11,1;0,6;70;40
90;2 837;2 635;ASSOCIATION CINEMA CHEZ NOUS;28,6;44.169886;0.285632;38592;NOUVELLE AQUITAINE;47021;1495;47;47301;Nérac;11723;unités urbaines de moins de 20 000 habitants et zones rurales;1;46;63;7,70%;De 2 à 5 000 entrées;non;;banlieue;57;40;0;42,4;41,9;5,2;10,4;17;31,8
239;41 793;41 132;LES BONIMENTEURS;35,3;45.471503;-0.152462;38772;NOUVELLE AQUITAINE;16028;4687;16;16107;Barbezieux-Saint-Hilaire;4687;unités urbaines de moins de 20 000 habitants et zones rurales;2;53;1 852;1,60%;De 40 à 50 000 entrées;catégorie E;RDJP;commune isolée;299;221;38;43,8;46;7,2;3;147;30,3
260;35 090;34 596;CINE ESPACE EVASION;28,8;44.387012;6.653653;38931;PROVENCE-ALPES-COTE D'AZUR;4019;2622;4;4106;Barcelonnette;3269;unités urbaines de moins de 20 000 habitants et zones rurales;2;53;2 358;1,40%;De 30 à 40 000 entrées;catégorie E;RDJPPR;commune-centre;304;232;76;42,2;48,8;6;3;163;27,8
136;1 912;2 368;ASSOCIATION LE PARVIS;28,2;42.8964384;0.06247450000000754;39131;OCCITANIE;65481;176;65;0;Zone rurale;14541106;unités urbaines de 100 000 habitants et plus;1;43;117;-19,30%;Moins de 2000 entrées;non;;territoire rural;89;79;12;60,1;39,2;0,6;0;31;18,1
345;10 698;8 430;;35,2;49.544612;0.95126;39174;NORMANDIE;76057;12249;76;76401;Barentin;20372;unités urbaines de 20 000 à 100 000 habitants;1;41;125;26,90%;De 10 à 20 000 entrées;non;;commune-centre;114;86;0;54,7;35,7;7,6;2,1;41;26
90;9 402;8 249;;56,4;44.307917;4.346467;39428;OCCITANIE;30029;1576;30;0;Zone rurale;14541106;unités urbaines de 100 000 habitants et plus;1;52;353;14,00%;De 5 à 10 000 entrées;catégorie E;;territoire rural;243;198;5;60,5;21,4;8,6;9,5;160;53,6
131;8 042;8 499;POLYMAGES;35,5;43.558187;6.006581;39442;PROVENCE-ALPES-COTE D'AZUR;83012;3051;83;83109;Barjols;3051;unités urbaines de moins de 20 000 habitants et zones rurales;1;49;578;-5,40%;De 5 à 10 000 entrées;non;;commune isolée;120;99;13;40,3;52,2;4,1;3,4;59;35,4
617;103 952;102 038;LES OISEAUX;20,8;48.775088;5.160512;39474;GRAND EST;55029;15548;55;55301;Bar-le-Duc;18845;unités urbaines de moins de 20 000 habitants et zones rurales;5;53;6 788;1,90%;De 100 à 150 000 entrées;catégorie E;JP;commune-centre;214;164;128;37;57,4;4,1;1,5;83;20
270;22 589;21 069;CHAMPALAUNE BRUNO MAURICE GERARD;27,4;49.380918;-1.77881;39662;NORMANDIE;50031;2218;50;0;Zone rurale;14541106;unités urbaines de 100 000 habitants et plus;1;51;635;7,20%;De 20 à 30 000 entrées;catégorie E;;territoire rural;131;112;15;52,8;37,2;7,7;2,2;60;25,4
439;28 307;28 944;IMPACT CINE VIDEO;38,2;48.230581;4.709869;40293;GRAND EST;10033;4978;10;10201;Bar-sur-Aube;5216;unités urbaines de moins de 20 000 habitants et zones rurales;2;48;2 373;-2,20%;De 20 à 30 000 entrées;catégorie E;RDJPPR;commune-centre;285;195;33;41,2;47,8;6,6;4,4;186;35,3
1506;653 253;613 412;;13,4;47.215304;-1.465696;40708;PAYS DE LA LOIRE;44009;8698;44;44701;Nantes;633690;unités urbaines de 100 000 habitants et plus;9;53;18 133;6,50%;De 450 à 700 000 entrées;non;;banlieue;179;158;156;32,3;63,9;3,4;0,4;19;12,9
344;58 602;49 227;STUDIO CINEMA;37,4;42.695783;9.447861;41134;CORSE;2B033;44355;2B;2B501;Bastia;67699;unités urbaines de 20 000 à 100 000 habitants;2;53;2 881;19,00%;De 50 à 80 000 entrées;catégorie D;JPPR;commune-centre;212;127;66;29,4;47,6;19,8;3,2;115;36,7
299;102 237;95 285;SOCIETE INSULAIRE CINEMATOGRAPHIQUE LE REGENT;26,8;42.697652;9.448441;41142;CORSE;2B033;44355;2B;2B501;Bastia;67699;unités urbaines de 20 000 à 100 000 habitants;3;53;3 850;7,30%;De 100 à 150 000 entrées;non;;commune-centre;166;125;92;23,8;70,1;4,6;1,5;71;24,3
255;24 764;24 683;LES ENFANTS DE LA CLARTE;23,8;47.877156;-3.017589;41781;BRETAGNE;56010;6230;56;56204;Baud;6230;unités urbaines de moins de 20 000 habitants et zones rurales;1;52;1 102;0,30%;De 20 à 30 000 entrées;catégorie E;JP;commune isolée;213;173;18;48,1;41,8;8,4;1,7;79;25,1
203;8 339;8 837;ASSOCIATION SAINT LAURENT;42,8;47.542333;-0.107495;42011;PAYS DE LA LOIRE;49018;11862;49;49201;Baugé;11862;unités urbaines de moins de 20 000 habitants et zones rurales;1;49;325;-5,60%;De 5 à 10 000 entrées;catégorie E;;commune isolée;206;175;1;65,6;26,6;4;3,8;104;39,1
804;124 790;112 007;SAEM LOCALE GULF STREAM;25,3;47.283747;-2.391924;42075;PAYS DE LA LOIRE;44055;15611;44;44601;Saint-Nazaire;152164;unités urbaines de 100 000 habitants et plus;5;53;7 761;11,40%;De 100 à 150 000 entrées;non;;banlieue;156;142;141;54,9;39,2;5,8;0,2;45;23,7
194;22 828;9 719;AEP LE FOYER BAUMOIS STELLA CINEMA;33,4;47.353131;6.359659;42201;BOURGOGNE / FRANCHE-COMTE;25047;5241;25;25201;Baume-les-Dames;5241;unités urbaines de moins de 20 000 habitants et zones rurales;2;49;1 134;134,90%;De 20 à 30 000 entrées;non;;commune isolée;304;248;0;47,9;38;13,1;1;121;30,2
444;77 709;74 714;SOCIETE DU CINEMA LE MELIES;25,9;49.278064;-0.70355;42621;NORMANDIE;14047;13656;14;14303;Bayeux;18093;unités urbaines de moins de 20 000 habitants et zones rurales;3;53;2 706;4,00%;De 50 à 80 000 entrées;catégorie E;JP;commune-centre;170;119;54;36,2;54,2;7,2;2,4;73;26,9
180;23 338;83 797;CINEMA L'ATALANTE;86,4;43.494626;-1.46704;42681;NOUVELLE AQUITAINE;64102;49207;64;751;Bayonne (partie française);236730;unités urbaines de 100 000 habitants et plus;1;14;506;-72,10%;De 20 à 30 000 entrées;catégorie C;RDJPPR;commune-centre;60;33;16;54,3;15,9;13,9;15,9;55;87,1
400;97 189;;CINEMA L'ATALANTE;92,4;43.495508;-1.471382;42717;NOUVELLE AQUITAINE;64102;49207;64;751;Bayonne (partie française);236730;unités urbaines de 100 000 habitants et plus;3;38;3 346;;De 80 à 100 000 entrées;non;;commune-centre;221;148;89;56,9;17,3;15,3;10,5;198;91,7
154;18 682;18 250;BAZAS CULTURE CINEMA;48,7;44.432356;-0.21416;42841;NOUVELLE AQUITAINE;33036;4734;33;33122;Bazas;4734;unités urbaines de moins de 20 000 habitants et zones rurales;1;50;766;2,40%;De 10 à 20 000 entrées;catégorie E;JPPR;commune isolée;279;204;4;46,6;36,2;11,5;5,8;165;47,5
80;4 929;4 764;;20,4;45.717264;6.575641;44005;AUVERGNE / RHONE-ALPES;73034;2088;73;73106;Beaufort;3611;unités urbaines de moins de 20 000 habitants et zones rurales;1;29;226;3,50%;De 2 à 5 000 entrées;non;;commune-centre;82;66;10;40,2;50,7;8,4;0,7;20;15,3
144;10 341;10 059;;45,2;47.440442;-0.217892;44042;PAYS DE LA LOIRE;49021;7104;49;49204;Beaufort-en-Vallée;7104;unités urbaines de moins de 20 000 habitants et zones rurales;1;45;405;2,80%;De 10 à 20 000 entrées;catégorie E;;commune-centre;225;191;2;61,9;25,8;6,2;6,1;119;44,7
200;29 504;25 595;COMMUNE DE BEAUGENCY;33,4;47.777284;1.628684;44131;CENTRE-VAL DE LOIRE;45028;7475;45;45207;Beaugency;8818;unités urbaines de moins de 20 000 habitants et zones rurales;1;47;622;15,30%;De 20 à 30 000 entrées;catégorie E;JPPR;commune-centre;201;152;20;49,6;42,6;5,7;2,1;102;27,2
0;9 958;8 923;;17,9;44.368236;4.268552;44239;AUVERGNE / RHONE-ALPES;7028;487;7;0;Zone rurale;14541106;unités urbaines de 100 000 habitants et plus;1;16;56;11,60%;De 5 à 10 000 entrées;non;;territoire rural;20;20;7;2,8;96,4;0,7;0,1;9;2,6
120;21 025;20 270;GRAND CASINO DE BEAULIEU;51;43.705177;7.329524;44502;PROVENCE-ALPES-COTE D'AZUR;6011;3726;6;6701;Nice;943354;unités urbaines de 100 000 habitants et plus;1;50;921;3,70%;De 20 à 30 000 entrées;catégorie C;;banlieue;258;216;6;48,6;29,5;16,7;5,2;143;46
212;11 197;10 373;;32,2;43.880921;0.98659;44892;OCCITANIE;82013;3744;82;82103;Beaumont-de-Lomagne;3744;unités urbaines de moins de 20 000 habitants et zones rurales;1;52;354;7,90%;De 10 à 20 000 entrées;catégorie E;;commune isolée;217;177;0;45,5;44,9;6,2;3,4;87;30
353;20 573;21 831;COMMUNE DE BEAUMONT SUR OISE;49,7;49.141412;2.283076;45132;ILE-DE-FRANCE;95052;9699;95;459;Persan - Beaumont-sur-Oise;37357;petite couronne;1;49;1 013;-5,80%;De 20 à 30 000 entrées;catégorie D;JPPR;commune-centre;249;183;0;54;23,7;14,2;8,1;141;56,1
898;141 380;187 170;;24,3;47.026717;4.841456;45266;BOURGOGNE / FRANCHE-COMTE;21054;21661;21;21401;Beaune;21661;unités urbaines de 20 000 à 100 000 habitants;6;53;11 047;-24,50%;De 100 à 150 000 entrées;non;;commune isolée;261;196;109;37,2;56,9;4,2;1,7;134;20,8
160;15 693;14 750;FAMILLES RURALES FEDERATION REGIONALE DES PAYS DE LA LOIRE;35,9;47.20201;-0.995912;45372;PAYS DE LA LOIRE;49023;22965;49;49206;Beaupréau;22965;unités urbaines de 20 000 à 100 000 habitants;1;51;454;6,40%;De 10 à 20 000 entrées;catégorie D;;commune isolée;198;147;1;50,1;39,3;6,8;3,8;86;33,5
211;57 133;55 619;CINE LIGUE NORD PAS DE CALAIS;39,5;50.427424;1.879935;45471;HAUTS DE FRANCE;62100;2083;62;62111;Beaurainville;3279;unités urbaines de moins de 20 000 habitants et zones rurales;1;52;838;2,70%;De 50 à 80 000 entrées;catégorie E;JP;commune-centre;183;89;0;48,9;35,7;11,1;4,3;103;44,7
374;59 481;52 170;CLEMENCON BERNADETTE EPOUSE BRACOUD;29,6;45.338891;5.057286;45602;AUVERGNE / RHONE-ALPES;38034;4891;38;38202;Beaurepaire;5853;unités urbaines de moins de 20 000 habitants et zones rurales;2;48;2 028;14,00%;De 50 à 80 000 entrées;catégorie E;RDJP;commune-centre;260;229;34;49,9;41,4;5,6;3;119;27
205;11 943;10 329;ASSOCIATION CULTURELLE ARGENTINE;63,8;49.437982;2.099627;45876;HAUTS DE FRANCE;60057;54881;60;60501;Beauvais;58742;unités urbaines de 20 000 à 100 000 habitants;1;50;693;15,60%;De 10 à 20 000 entrées;catégorie D;JPPR;commune-centre;154;79;1;39;37,3;8,3;15,4;108;60,6
2110;458 137;435 336;;25,9;49.426913;2.091861;45877;HAUTS DE FRANCE;60057;54881;60;60501;Beauvais;58742;unités urbaines de 20 000 à 100 000 habitants;12;53;22 183;5,20%;De 450 à 700 000 entrées;catégorie D;RDJPPR;commune-centre;425;304;225;28;66,5;4;1,6;222;15
402;20 282;;CINE2MA;34,8;43.611508;3.171558;46613;OCCITANIE;34028;5966;34;34302;Bédarieux;13279;unités urbaines de moins de 20 000 habitants et zones rurales;3;46;2 536;;De 20 à 30 000 entrées;catégorie E;RDJPPR;commune-centre;220;160;32;39,6;52,3;4,9;3,3;126;31
374;36 531;36 774;FLIP BOOK;32;44.813225;-0.563936;46862;NOUVELLE AQUITAINE;33039;27197;33;33701;Bordeaux;904359;unités urbaines de 100 000 habitants et plus;2;49;2 196;-0,70%;De 30 à 40 000 entrées;catégorie C;JP;banlieue;128;77;13;30,5;47,9;12,4;9,3;68;27,2
2973;486 372;468 169;;34,5;47.63059;6.861946;47476;BOURGOGNE / FRANCHE-COMTE;90010;49519;90;555;Belfort;81651;unités urbaines de 20 000 à 100 000 habitants;14;53;24 575;3,90%;De 450 à 700 000 entrées;catégorie D;RDJPPR;commune-centre;468;322;276;34,3;58,1;5,8;1,8;245;24
292;11 786;11 599;ASSOCIATION LOISIRS ET CULTURE;36,9;46.122277;1.045319;47645;NOUVELLE AQUITAINE;87011;4107;87;87202;Bellac;5191;unités urbaines de moins de 20 000 habitants et zones rurales;1;47;697;1,60%;De 10 à 20 000 entrées;catégorie E;JP;commune-centre;210;171;5;46,9;41,4;10,7;1;101;32,2
390;46 865;43 254;COMMUNE DE BELLEGARDE SUR VALSERINE;30,2;46.107207;5.825389;47950;AUVERGNE / RHONE-ALPES;1033;11809;1;357;Bellegarde-sur-Valserine;12642;unités urbaines de moins de 20 000 habitants et zones rurales;2;52;1 559;8,30%;De 40 à 50 000 entrées;catégorie E;;commune-centre;158;120;39;31,8;60,7;6,4;1;89;23,6
247;4 785;5 925;DAVOINE ET COMPAGNIE;23,4;45.57230759999999;6.741789599999947;48241;AUVERGNE / RHONE-ALPES;73150;3685;73;73201;Aime;8119;unités urbaines de moins de 20 000 habitants et zones rurales;1;30;269;-19,20%;De 2 à 5 000 entrées;non;;banlieue;141;120;7;41,8;53;3,5;1,7;42;12,5
299;93 285;83 596;ASSOCIATION IDEAL CINEMA;43,8;46.10617;4.748173;48422;AUVERGNE / RHONE-ALPES;69019;8293;69;451;Belleville;23718;unités urbaines de 20 000 à 100 000 habitants;2;53;2 553;11,60%;De 80 à 100 000 entrées;catégorie D;RDJP;commune-centre;347;291;49;42;50;5,7;2,3;209;27,2
434;58 923;53 000;CINE L'ARLEQUIN;22,8;45.759249;5.690752;48503;AUVERGNE / RHONE-ALPES;1034;9058;1;1205;Belley;10229;unités urbaines de moins de 20 000 habitants et zones rurales;3;53;3 301;11,20%;De 50 à 80 000 entrées;catégorie E;;commune-centre;288;249;120;34,6;60,1;4,4;0,8;130;17,8
171;15 833;13 533;COMMUNAUTE DE COMMUNES BENFELD ET ENVIRONS;29,1;48.369448;7.595426;49522;GRAND EST;67028;5724;67;67210;Benfeld;8426;unités urbaines de moins de 20 000 habitants et zones rurales;1;51;938;17,00%;De 10 à 20 000 entrées;catégorie E;JP;commune-centre;212;177;2;34,9;52,8;10,9;1,4;100;25,2
326;52 919;52 037;LES TOILES DE MER;58,3;47.874121;-4.110036;49632;BRETAGNE;29006;3505;29;29402;Fouesnant;23955;unités urbaines de 20 000 à 100 000 habitants;2;51;2 530;1,70%;De 50 à 80 000 entrées;catégorie D;;banlieue;196;177;83;61,7;33;3,8;1,4;91;29,6
566;155 548;156 646;;20,8;50.408345;1.593105;50033;HAUTS DE FRANCE;62108;14509;62;62401;Berck;44863;unités urbaines de 20 000 à 100 000 habitants;3;53;4 441;-0,70%;De 150 à 200 000 entrées;catégorie D;JP;commune-centre;274;203;98;39,7;55,7;3,8;0,8;128;13,6
1082;174 199;163 960;SOBAMA;36,5;44.853174;0.486443;50151;NOUVELLE AQUITAINE;24037;27419;24;553;Bergerac;64508;unités urbaines de 20 000 à 100 000 habitants;9;53;12 926;6,20%;De 150 à 200 000 entrées;catégorie D;;commune-centre;475;341;162;35,3;58,6;4,5;1,6;301;22,3
268;30 518;26 426;SOCIETE NORMANDE D EXPLOITATION INDUSTRIELLE ET COMMERCIALE;23,1;49.090933;0.602729;50833;NORMANDIE;27056;10432;27;27301;Bernay;11804;unités urbaines de moins de 20 000 habitants et zones rurales;1;50;924;15,50%;De 30 à 40 000 entrées;catégorie E;;commune-centre;190;142;30;34,2;57,7;5,5;2,5;85;26,4
218;12 331;11 087;AVENIR BERNERIE CINEMA;31,7;47.079739;-2.03865;50901;PAYS DE LA LOIRE;44012;2834;44;44304;Pornic;19312;unités urbaines de moins de 20 000 habitants et zones rurales;1;52;224;11,20%;De 10 à 20 000 entrées;non;;banlieue;128;116;9;68,8;23,1;6;2,2;48;26,8
196;33 087;33 294;FORUM DES JEUNES ET DE LA CULTURE;38,8;43.476136;5.167368;51261;PROVENCE-ALPES-COTE D'AZUR;13014;13477;13;759;Marseille - Aix-en-Provence;1585498;unités urbaines de 100 000 habitants et plus;1;49;1 353;-0,60%;De 30 à 40 000 entrées;catégorie C;JPPR;banlieue;256;200;31;50,1;37,9;8,1;3,9;144;32,5
337;84 641;99 042;SAUCIER COLARD CHARLOTTE;94,9;47.240015;6.025346;52141;BOURGOGNE / FRANCHE-COMTE;25056;116676;25;25602;Besançon;135448;unités urbaines de 100 000 habitants et plus;3;53;5 136;-14,50%;De 80 à 100 000 entrées;catégorie B;RDJPPR;commune-centre;289;142;114;56;15,1;9,4;19,5;249;93,2
426;22 727;24 547;ASSOCIATION ESPACE BESANCON PLANOISE;74,5;47.21818;5.973484;52162;BOURGOGNE / FRANCHE-COMTE;25056;116676;25;25602;Besançon;135448;unités urbaines de 100 000 habitants et plus;1;47;369;-7,40%;De 20 à 30 000 entrées;catégorie B;PR;commune-centre;112;26;0;50;20,5;15,4;14,1;99;61,8
1330;234 737;197 183;MEGARAMA BEAUX ARTS;30,7;47.240272;6.023995;52174;BOURGOGNE / FRANCHE-COMTE;25056;116676;25;25602;Besançon;135448;unités urbaines de 100 000 habitants et plus;8;53;13 464;19,00%;De 200 à 300 000 entrées;non;;commune-centre;266;187;170;37;54,9;6,8;1,3;102;29,6
0;7 036;7 269;BOULARAND CHRISTIAN MICHEL;46,9;45.512152;2.93212;52532;AUVERGNE / RHONE-ALPES;63038;1502;63;0;Zone rurale;14541106;unités urbaines de 100 000 habitants et plus;1;46;493;-3,20%;De 5 à 10 000 entrées;non;;territoire rural;174;148;0;55,5;34,8;5,9;3,8;104;36,1
84;10 253;9 055;;22,8;43.349529;6.177013;52619;PROVENCE-ALPES-COTE D'AZUR;83018;3049;83;83206;Carnoules;10421;unités urbaines de moins de 20 000 habitants et zones rurales;1;51;597;13,20%;De 10 à 20 000 entrées;non;;commune-centre;117;97;3;52,8;38,2;7,8;1,2;28;21,5
183;23 954;20 159;EVEIL TRISKEL;52,1;48.183726;-1.649328;53461;BRETAGNE;35024;10879;35;35301;Betton;13005;unités urbaines de moins de 20 000 habitants et zones rurales;1;48;382;18,80%;De 20 à 30 000 entrées;catégorie E;;commune-centre;172;137;2;70,5;19,8;7,3;2,4;101;54,6
292;11 782;9 652;SYNDICAT INTERCOMMUNAL DE GESTION DES ACTIVITES DU CENTRE CULTUR;40,2;48.855732;1.875104;54292;ILE-DE-FRANCE;78062;7552;78;78205;Beynes;8069;petite couronne;1;38;326;22,10%;De 10 à 20 000 entrées;non;;commune-centre;122;100;0;47,4;39,8;7,4;5,5;56;41,6
1462;322 798;299 992;;26,9;43.342559;3.212618;54604;OCCITANIE;34032;75999;34;34501;Béziers;90841;unités urbaines de 20 000 à 100 000 habitants;9;53;16 042;7,60%;De 300 à 450 000 entrées;catégorie D;;commune-centre;264;200;192;31,6;62,5;4,7;1,2;106;20,9
598;31 748;28 147;THEATRE PAUL ELUARD;36,2;48.931156;2.207081;54692;ILE-DE-FRANCE;95063;28674;95;851;Paris;10706072;petite couronne;2;39;1 250;12,80%;De 30 à 40 000 entrées;catégorie C;JP;banlieue;226;174;6;42,1;48,3;6;3,6;118;28
458;99 823;80 179;ROYAL CINEMA DE BIARRITZ;82,2;43.481231;-1.559098;54891;NOUVELLE AQUITAINE;64122;24457;64;751;Bayonne (partie française);236730;unités urbaines de 100 000 habitants et plus;3;53;5 101;24,50%;De 80 à 100 000 entrées;catégorie C;RDJPPR;commune-centre;320;208;118;47,6;22,6;19,3;10,5;263;79,6
186;24 264;21 071;ASSOCIATION MAISON DES JEUNES ET DE LA CULTURE BRETENOUX;44,6;44.92068;1.841345;54931;OCCITANIE;46029;2082;46;46104;Biars-sur-Cère;4524;unités urbaines de moins de 20 000 habitants et zones rurales;1;51;682;15,20%;De 20 à 30 000 entrées;catégorie E;JP;commune-centre;221;170;2;43;47,9;6,4;2,7;129;34,9
298;14 074;13 433;ARTS ET TECHNIQUES;33,9;44.637692;-0.974856;55532;NOUVELLE AQUITAINE;33051;10258;33;33304;Biganos;17668;unités urbaines de moins de 20 000 habitants et zones rurales;1;53;442;4,80%;De 10 à 20 000 entrées;catégorie E;;commune-centre;229;190;20;46,2;47,6;3,8;2,4;118;24,8
536;96 149;61 856;MANDEAU MICHEL PIERRE;31,7;44.39654;-1.166475;56475;NOUVELLE AQUITAINE;40046;14336;40;40302;Biscarrosse;14336;unités urbaines de moins de 20 000 habitants et zones rurales;4;48;5 018;55,40%;De 80 à 100 000 entrées;catégorie E;RDJPPR;commune isolée;337;248;91;34,6;57,4;6,5;1,5;178;21,7
214;5 612;3 889;;68,6;48.766357;7.85143;56558;GRAND EST;67046;12579;67;67501;Haguenau;59194;unités urbaines de 20 000 à 100 000 habitants;1;37;102;44,30%;De 5 à 10 000 entrées;non;;banlieue;82;49;0;50,6;23;24,1;2,3;64;75,5
2998;799 646;785 005;BLAMOND;16,5;43.643857;1.370839;57141;OCCITANIE;31069;23759;31;31701;Toulouse;948433;unités urbaines de 100 000 habitants et plus;15;53;30 239;1,90%;De 700 000 à 1 million d'entrées;non;;banlieue;293;231;227;24,3;69,9;4,5;1,3;53;13,2
213;33 515;32 801;COMMUNE DE BLAGNAC;66,5;43.636005;1.384463;57172;OCCITANIE;31069;23759;31;31701;Toulouse;948433;unités urbaines de 100 000 habitants et plus;1;48;780;2,20%;De 30 à 40 000 entrées;catégorie C;JP;banlieue;289;204;9;58;23,1;12,6;6,3;204;64,4
285;37 413;33 294;ASSOCIATION  CINEMA SAINT LAURENT;24,6;47.476369;-1.763766;57221;PAYS DE LA LOIRE;44015;9638;44;44213;Blain;9638;unités urbaines de moins de 20 000 habitants et zones rurales;1;51;676;12,40%;De 30 à 40 000 entrées;catégorie E;;commune isolée;198;148;24;42,7;48,2;7,9;1,3;70;25,4
600;18 232;17 328;CENTRE REGIONAL AUDIO VISUEL LORRAINE;33,6;48.564457;6.411473;57303;GRAND EST;54076;3955;54;54205;Blainville-sur-l'Eau;7125;unités urbaines de moins de 20 000 habitants et zones rurales;1;47;333;5,20%;De 10 à 20 000 entrées;catégorie E;JP;commune-centre;126;72;5;48,8;33,2;9,9;8,1;63;33,8
274;7 065;6 807;ASSOCIATION BON ACCUEIL CINEMA;16,5;48.589226;6.84543;57451;GRAND EST;54077;1091;54;0;Zone rurale;14541106;unités urbaines de 100 000 habitants et plus;1;51;127;3,80%;De 5 à 10 000 entrées;non;;territoire rural;101;87;6;56,1;36;7,9;0;17;24,2
253;27 110;27 088;GIRAUDET COSSET ANNIE;47,5;46.631877;1.067624;57473;CENTRE-VAL DE LOIRE;36018;6572;36;36201;Le Blanc;6572;unités urbaines de moins de 20 000 habitants et zones rurales;2;48;1 134;0,10%;De 20 à 30 000 entrées;catégorie E;RDJPPR;commune isolée;180;137;11;53,8;37,4;6,2;2,6;92;38,2
447;65 863;60 418;COMMUNE DE BLANC MESNIL;37,3;48.941761;2.457313;57582;ILE-DE-FRANCE;93007;55297;93;851;Paris;10706072;grande couronne;3;53;3 299;9,00%;De 50 à 80 000 entrées;catégorie C;JPPR;banlieue;277;220;32;45,8;41,1;9,5;3,6;148;31,6
339;36 265;34 767;ETABLISSEMENT LOCAL ACTION CULTURELLES LES COLONNES;51,8;44.910625;-0.633757;57821;NOUVELLE AQUITAINE;33056;15425;33;33701;Bordeaux;904359;unités urbaines de 100 000 habitants et plus;2;49;2 388;4,30%;De 30 à 40 000 entrées;catégorie C;JPPR;banlieue;265;191;11;57,3;28,4;8,3;6;168;52,7
114;2 493;2 023;LES BONIMENTEURS;39,7;45.46093;0.034513;57851;NOUVELLE AQUITAINE;16046;931;16;0;Zone rurale;14541106;unités urbaines de 100 000 habitants et plus;1;48;136;23,20%;De 2 à 5 000 entrées;non;;territoire rural;126;100;0;60,4;24,7;11,6;3,3;53;43,6
150;24 147;20 266;ASSOCIATION CINEVASION;39,5;47.9228694;6.6550746000000345;58121;AUVERGNE / RHONE-ALPES;43165;1536;43;0;Zone rurale;14541106;unités urbaines de 100 000 habitants et plus;1;52;1 042;19,20%;De 20 à 30 000 entrées;catégorie E;JP;territoire rural;129;105;0;68,2;22,8;5,8;3,1;67;33,2
408;64 018;68 321;;31,1;45.12999;-0.661334;58143;NOUVELLE AQUITAINE;33058;4813;33;33301;Blaye;10376;unités urbaines de moins de 20 000 habitants et zones rurales;2;53;2 495;-6,30%;De 50 à 80 000 entrées;catégorie E;RDJPPR;commune-centre;316;226;101;35,9;57,5;4,2;2,4;185;24,2
218;5 021;5 405;LE PETIT LORRAIN;56,3;48.883026;6.051403;58272;GRAND EST;54079;4563;54;54404;Pont-à-Mousson;24248;unités urbaines de 20 000 à 100 000 habitants;1;45;268;-7,10%;De 5 à 10 000 entrées;catégorie D;;banlieue;111;83;1;48,8;20,8;19,1;11,3;65;53,4
683;76 386;68 255;CINECAP;89,7;47.590803;1.335364;58735;CENTRE-VAL DE LOIRE;41018;45710;41;41501;Blois;66763;unités urbaines de 20 000 à 100 000 habitants;3;49;4 319;11,90%;De 50 à 80 000 entrées;catégorie D;RDJPPR;commune-centre;360;222;102;64,8;14,1;12,9;8,2;323;85,2
2152;427 828;397 610;CINECAP;12,7;47.612706;1.336917;58773;CENTRE-VAL DE LOIRE;41018;45710;41;41501;Blois;66763;unités urbaines de 20 000 à 100 000 habitants;11;53;18 119;7,60%;De 300 à 450 000 entrées;non;;commune-centre;250;192;190;34;60,8;4,5;0,8;36;10,6
117;3 523;2 603;COMMUNE DE BLONVILLE SUR MER;23;49.318522;0.044034;58841;NORMANDIE;14079;1516;14;14402;Dives-sur-Mer;34823;unités urbaines de 20 000 à 100 000 habitants;1;27;270;35,30%;De 2 à 5 000 entrées;non;;banlieue;81;70;0;46,4;42,8;9,6;1,1;23;18
443;19 939;37 544;;52,1;48.90494;2.447393;59031;ILE-DE-FRANCE;93008;51716;93;851;Paris;10706072;grande couronne;2;29;1 250;-46,90%;De 10 à 20 000 entrées;non;;banlieue;155;107;3;37,6;39,6;11,3;11,5;99;44
0;5 102;;EST ENSEMBLE;66,4;48.909510;2.436542;59033;ILE-DE-FRANCE;93008;51716;93;851;Paris;10706072;grande couronne;1;11;217;;De 5 à 10 000 entrées;catégorie C;;banlieue;56;43;1;43,9;42,3;13,1;0,8;41;45,7
183;11 281;10 894;ASSOCIATION CINEMA L'ENTRACT;48,9;45.7445112;4.006010699999933;59211;AUVERGNE / RHONE-ALPES;42019;3308;42;42201;Boën;7311;unités urbaines de moins de 20 000 habitants et zones rurales;1;50;425;3,60%;De 10 à 20 000 entrées;catégorie E;;commune-centre;183;163;1;66,8;24,8;6,2;2,2;104;41,6
142;8 493;9 536;COMMUNE DE BOHAIN EN VERMANDOIS;17,4;49.983958;3.455918;59351;HAUTS DE FRANCE;2095;5670;2;2202;Bohain-en-Vermandois;5670;unités urbaines de moins de 20 000 habitants et zones rurales;1;46;408;-10,90%;De 5 à 10 000 entrées;non;;commune isolée;125;98;0;21,3;60,5;6,8;11,4;23;25,6
300;17 191;17 040;COMMUNE DE BOIS COLOMBES;52;48.916548;2.266897;59604;ILE-DE-FRANCE;92009;28043;92;851;Paris;10706072;grande couronne;1;44;348;0,90%;De 10 à 20 000 entrées;non;;banlieue;108;63;1;58,4;19,8;16,4;5,5;61;54
338;11 922;9 953;;41,5;48.800013;2.023763;59690;ILE-DE-FRANCE;78073;14299;78;851;Paris;10706072;petite couronne;1;38;441;19,80%;De 10 à 20 000 entrées;non;;banlieue;107;93;0;63,4;30;4,9;1,7;48;35,6
114;5 354;4 217;COMMUNE DE BOISSY SAINT LEGER;42;48.754035;2.502015;60942;ILE-DE-FRANCE;94004;15922;94;851;Paris;10706072;grande couronne;1;44;119;27,00%;De 5 à 10 000 entrées;non;;banlieue;72;48;0;45,8;32,6;16,8;4,7;31;50,3
495;27 972;26 564;CAVELAN ANDRE FERNAND ERNEST;13;49.571514;0.475348;61082;NORMANDIE;76114;11679;76;76302;Bolbec;18045;unités urbaines de moins de 20 000 habitants et zones rurales;2;53;2 168;5,30%;De 20 à 30 000 entrées;non;;commune-centre;98;85;27;25,4;71,4;3,1;0,1;21;11,8
97;18 177;19 790;ASSOCIATION CINEBOL;41,9;43.974273;7.312365;61132;PROVENCE-ALPES-COTE D'AZUR;84019;13617;84;84301;Bollène;13617;unités urbaines de moins de 20 000 habitants et zones rurales;1;49;1 116;-8,20%;De 10 à 20 000 entrées;catégorie E;RDJPPR;commune isolée;269;226;2;49,8;40,7;7,2;2,3;132;36,3
324;33 578;25 250;COMMUNE DE BONDY;50,4;48.901598;2.480089;61504;ILE-DE-FRANCE;93010;53439;93;851;Paris;10706072;grande couronne;1;44;1 198;33,00%;De 30 à 40 000 entrées;catégorie C;JP;banlieue;216;160;5;42,4;42,1;9,7;5,8;119;43,8
245;11 145;8 569;COMMUNE DE BONNEUIL SUR MARNE;34,4;48.774577;2.486664;62121;ILE-DE-FRANCE;94011;16903;94;851;Paris;10706072;grande couronne;1;44;508;30,10%;De 10 à 20 000 entrées;non;;banlieue;123;100;0;59,2;31,9;7,5;1,3;49;22,4
1900;420 743;414 731;HELMANI;17,4;44.841914;-0.577194;62802;NOUVELLE AQUITAINE;33063;249712;33;33701;Bordeaux;904359;unités urbaines de 100 000 habitants et plus;12;53;23 684;1,40%;De 300 à 450 000 entrées;non;;commune-centre;243;193;188;28,8;65,3;4,3;1,6;45;17,8
2648;785 467;780 618;UGC SAS;45,9;44.8405;-0.582021;62804;NOUVELLE AQUITAINE;33063;249712;33;33701;Bordeaux;904359;unités urbaines de 100 000 habitants et plus;18;53;34 892;0,60%;De 700 000 à 1 million d'entrées;non;;commune-centre;427;292;270;38,3;47,1;9;5,6;231;46,6
2878;537 008;557 481;AGORA CINEMAS;18,2;44.841593;-0.562257;62871;NOUVELLE AQUITAINE;33063;249712;33;33701;Bordeaux;904359;unités urbaines de 100 000 habitants et plus;17;53;33 374;-3,70%;De 450 à 700 000 entrées;non;;commune-centre;346;248;237;26,2;67;5,4;1,5;82;16,5
553;306 340;306 123;UTOPIA ST SIMEON;90,8;44.838942;-0.572524;63411;NOUVELLE AQUITAINE;33063;249712;33;33701;Bordeaux;904359;unités urbaines de 100 000 habitants et plus;5;53;8 356;0,10%;De 300 à 450 000 entrées;catégorie A;RDJPPR;commune-centre;544;230;162;54,1;18,3;15,5;12,1;434;90,2
358;9 380;9 488;COMMUNE DE BORT LES ORGUES;29;45.401122;2.498735;64352;NOUVELLE AQUITAINE;19028;2745;19;19104;Bort-les-Orgues;2745;unités urbaines de moins de 20 000 habitants et zones rurales;2;49;596;-1,10%;De 5 à 10 000 entrées;catégorie E;;commune isolée;174;145;0;46,2;46,4;5,7;1,7;66;31,7
338;31 260;30 963;ASSOCIATION CINEMA LE BEAULIEU;57,4;47.178021;-1.624832;65861;PAYS DE LA LOIRE;44020;18815;44;44701;Nantes;633690;unités urbaines de 100 000 habitants et plus;1;47;576;1,00%;De 30 à 40 000 entrées;catégorie C;JP;banlieue;198;144;1;55,8;23,5;13,2;7,5;130;54,2
221;4 577;3 870;ASSOCIATION CINE PASSION;33,7;43.290386;0.651246;66714;OCCITANIE;31080;1593;31;0;Zone rurale;14541106;unités urbaines de 100 000 habitants et plus;1;51;421;18,30%;De 2 à 5 000 entrées;catégorie E;;territoire rural;93;79;0;63,3;31,6;4,1;1;37;34,6
944;220 944;210 123;L'ETOILE;31,2;50.722562;1.605722;66761;HAUTS DE FRANCE;62160;42366;62;62503;Boulogne-sur-Mer;87013;unités urbaines de 20 000 à 100 000 habitants;7;53;10 767;5,10%;De 200 à 300 000 entrées;catégorie D;;commune-centre;304;229;168;32,2;60,8;4,8;2,2;152;23,2
154;50 439;46 263;COMMUNE DE BOULOGNE-BILLANCOURT;88,3;48.83591;2.239289;66835;ILE-DE-FRANCE;92012;117931;92;851;Paris;10706072;grande couronne;1;48;1 654;9,00%;De 50 à 80 000 entrées;catégorie C;RDJPPR;banlieue;162;101;74;61,9;6,6;13,9;17,7;149;87,4
1492;604 549;555 585;EUROPALACES NICE BOULOGNE;38,9;48.837649;2.239534;66923;ILE-DE-FRANCE;92012;117931;92;851;Paris;10706072;grande couronne;7;53;14 198;8,80%;De 450 à 700 000 entrées;non;;banlieue;183;147;145;43,6;45,8;7,1;3,5;79;36,5
330;2 132;2 216;LAPORTA GERMAIN;11,4;42.524735;2.832419;67021;OCCITANIE;66024;5554;66;66201;Le Boulou;5554;unités urbaines de moins de 20 000 habitants et zones rurales;1;33;35;-3,80%;De 2 à 5 000 entrées;non;;commune isolée;31;25;0;53,4;42,5;4,1;0;4;10,1
152;15 338;14 867;;26,2;46.618744;3.759124;67304;BOURGOGNE / FRANCHE-COMTE;71047;5054;71;71201;Bourbon-Lancy;5054;unités urbaines de moins de 20 000 habitants et zones rurales;1;52;854;3,20%;De 10 à 20 000 entrées;catégorie E;JP;commune isolée;218;168;13;45;46,2;8,2;0,6;93;26,3
124;3 872;3 087;SOCIETE D EXPLOITATION DU CASINO DE BOURBON L  ARCHAMBAULT;25,7;46.585435;3.054345;67312;AUVERGNE / RHONE-ALPES;3036;2556;3;3102;Bourbon-l'Archambault;2556;unités urbaines de moins de 20 000 habitants et zones rurales;1;53;230;25,40%;De 2 à 5 000 entrées;non;;commune isolée;72;59;0;74,5;21,8;3,2;0,4;24;26,8
150;10 431;10 649;;20,1;47.950629;5.747761;67324;GRAND EST;52060;2118;52;52101;Bourbonne-les-Bains;2118;unités urbaines de moins de 20 000 habitants et zones rurales;1;53;1 108;-2,00%;De 10 à 20 000 entrées;non;;commune isolée;126;97;0;61,2;32,2;6,3;0,3;33;22,1
192;12 615;11 952;;50,1;45.585925;2.742025;67333;AUVERGNE / RHONE-ALPES;63047;1786;63;63102;La Bourboule;2267;unités urbaines de moins de 20 000 habitants et zones rurales;1;51;435;5,50%;De 10 à 20 000 entrées;catégorie E;JP;commune-centre;92;77;3;43;45,2;5,6;6,3;48;36,1
410;11 841;10 401;BENNAAMANE AHMED;32,4;45.953962;1.755702;67711;NOUVELLE AQUITAINE;23030;2732;23;23101;Bourganeuf;2732;unités urbaines de moins de 20 000 habitants et zones rurales;1;51;612;13,80%;De 10 à 20 000 entrées;catégorie E;;commune isolée;195;149;1;42,6;37,1;17,1;3,2;73;37,9
213;20 173;18 406;;37,9;45.295097;4.558306;67734;AUVERGNE / RHONE-ALPES;42023;2902;42;42102;Bourg-Argental;2902;unités urbaines de moins de 20 000 habitants et zones rurales;1;51;380;9,60%;De 20 à 30 000 entrées;catégorie E;JP;commune isolée;175;140;1;64,2;25;8,6;2,2;74;36,5
0;5 830;4 746;LES CINEMAS ASSOCIES;63,8;45.075098;6.013937;67903;AUVERGNE / RHONE-ALPES;38052;3239;38;38116;Le Bourg-d'Oisans;3239;unités urbaines de moins de 20 000 habitants et zones rurales;1;30;152;22,80%;De 5 à 10 000 entrées;non;;commune isolée;71;44;2;48,5;25,5;15,3;10,7;47;53,4
106;7 181;6 928;LES CINEMAS ASSOCIES;38,7;45.055549;6.028706;67904;AUVERGNE / RHONE-ALPES;38052;3239;38;38116;Le Bourg-d'Oisans;3239;unités urbaines de moins de 20 000 habitants et zones rurales;1;51;357;3,70%;De 5 à 10 000 entrées;catégorie E;JP;commune isolée;160;140;9;61;30,2;6,7;2;65;40,4
594;39 369;36 364;ALLIANCE BOURGUIGNONNE CINEMATOGRAPHIQUE;91;46.206273;5.22595;67981;AUVERGNE / RHONE-ALPES;1053;40819;1;1501;Bourg-en-Bresse;59778;unités urbaines de 20 000 à 100 000 habitants;3;49;3 167;8,30%;De 30 à 40 000 entrées;catégorie D;;commune-centre;168;137;38;71,5;7,1;12,5;8,9;148;92,2
110;42 030;37 557;MAISON DE LA CULTURE DE BOURGES;88,9;47.10605;2.431929;68025;CENTRE-VAL DE LOIRE;18033;66071;18;18501;Bourges;82558;unités urbaines de 20 000 à 100 000 habitants;1;48;1 383;11,90%;De 40 à 50 000 entrées;catégorie D;RDJPPR;commune-centre;173;110;27;60,5;17;9,7;12,7;161;84
2620;470 196;439 229;SOCIETE CINEMATOGRAPHIQUE DU BERRY;18,5;47.082905;2.387262;68046;CENTRE-VAL DE LOIRE;18033;66071;18;18501;Bourges;82558;unités urbaines de 20 000 à 100 000 habitants;12;53;23 666;7,10%;De 450 à 700 000 entrées;non;;commune-centre;297;238;226;32,1;63,1;4;0,9;71;14,1
83;6 463;4 800;VILLE DU BOURGET;17,4;48.932361;2.424858;68114;ILE-DE-FRANCE;93013;16239;93;851;Paris;10706072;grande couronne;1;47;676;34,60%;De 5 à 10 000 entrées;non;;banlieue;105;86;0;35,8;53,6;5,2;5,3;21;29,3
177;1 575;915;LES GEMEAUX SCENE NATIONALE;67,9;48.778884;2.317531;68212;ILE-DE-FRANCE;92014;20249;92;851;Paris;10706072;grande couronne;1;19;28;72,10%;Moins de 2000 entrées;non;;banlieue;27;9;0;43;17,1;30,2;9,7;19;59,7
318;11 965;10 445;;54;48.162712;-0.971524;68371;PAYS DE LA LOIRE;53039;1792;53;0;Zone rurale;14541106;unités urbaines de 100 000 habitants et plus;1;48;239;14,60%;De 10 à 20 000 entrées;catégorie E;;territoire rural;180;135;0;68,8;18,7;11,2;1,4;112;46,5
2010;539 333;507 230;KINEPOLIS BOURGOIN;24,2;45.590599;5.277321;68423;AUVERGNE / RHONE-ALPES;38053;27502;38;38501;Bourgoin-Jallieu;57928;unités urbaines de 20 000 à 100 000 habitants;12;53;20 324;6,30%;De 450 à 700 000 entrées;catégorie D;;commune-centre;375;274;208;28,8;64,9;4,9;1,4;161;14,9
388;58 130;51 720;;31,5;45.622605;6.777587;68517;AUVERGNE / RHONE-ALPES;73054;7228;73;73204;Bourg-Saint-Maurice;9626;unités urbaines de moins de 20 000 habitants et zones rurales;3;53;3 680;12,40%;De 50 à 80 000 entrées;catégorie E;RDJP;commune-centre;291;234;107;36,2;55,1;6,8;1,9;134;22,1
224;13 806;11 075;AMICALE DES ANCIENS ELEVES ECOLE LAIQUE;40,8;47.28271;0.171969;68561;CENTRE-VAL DE LOIRE;37031;3896;37;37201;Bourgueil;6107;unités urbaines de moins de 20 000 habitants et zones rurales;1;52;480;24,70%;De 10 à 20 000 entrées;catégorie E;;commune-centre;184;143;9;33;54,8;8,6;3,7;118;33,6
380;3 876;4 094;ASSOCIATION DE L'ABBAYE DE BOURGUEIL;21,7;47.281285;0.171088;68562;CENTRE-VAL DE LOIRE;37031;3896;37;37201;Bourgueil;6107;unités urbaines de moins de 20 000 habitants et zones rurales;1;52;184;-5,30%;De 2 à 5 000 entrées;non;;commune-centre;63;59;0;70,3;22,5;7,1;0;17;33,1
356;15 673;16 444;ASSOCIATION CERCLE FAMILIAL;48,8;50.770801;3.08126;69231;HAUTS DE FRANCE;59098;4908;59;59702;Lille (partie française);1039397;unités urbaines de 100 000 habitants et plus;1;48;281;-4,70%;De 10 à 20 000 entrées;catégorie C;;banlieue;134;106;0;61,5;26;10,1;2,4;80;44,4
797;114 934;112 465;;25,2;48.683571;2.535014;69641;ILE-DE-FRANCE;91097;7027;91;851;Paris;10706072;petite couronne;5;53;7 034;2,20%;De 100 à 150 000 entrées;non;;banlieue;218;175;127;36,7;57,4;4,5;1,3;92;21,4
195;16 774;17 469;COMMUNE DE BRAY DUNES;19,2;51.070372;2.519444;71791;HAUTS DE FRANCE;59107;4599;59;59134;Bray-Dunes;4599;unités urbaines de moins de 20 000 habitants et zones rurales;1;52;770;-4,00%;De 10 à 20 000 entrées;catégorie E;JP;commune isolée;157;127;0;40,4;47,8;8,4;3,3;38;19,8
105;5 227;4 983;LEMOINE DENISE;49,6;48.415251;3.237856;71901;ILE-DE-FRANCE;77051;2222;77;77116;Bray-sur-Seine;3334;petite couronne;1;52;339;4,90%;De 5 à 10 000 entrées;catégorie E;;commune-centre;148;114;0;51,7;30,6;12,1;5,6;83;43
293;59 859;60 889;LE CINEMA LA BOBINE;43,1;48.0505921;-1.8653428000000076;71942;BRETAGNE;35037;5815;35;35130;Bréal-sous-Montfort;5815;unités urbaines de moins de 20 000 habitants et zones rurales;2;48;1 120;-1,70%;De 50 à 80 000 entrées;catégorie E;JP;commune isolée;274;217;49;56,3;35,4;7;1,3;150;32,3
217;8 511;7 637;ASSOCIATION MAISON DES LOISIRS ET DE LA CULTURE;46,8;48.004696;6.873744;72881;GRAND EST;88075;4243;88;88402;La Bresse;24384;unités urbaines de 20 000 à 100 000 habitants;1;53;457;11,40%;De 5 à 10 000 entrées;catégorie D;;commune-centre;150;127;0;64,2;27,2;5,9;2,6;75;41,1
813;195 279;179 589;;24;46.850232;-0.474956;72985;NOUVELLE AQUITAINE;79049;19411;79;79304;Bressuire;19411;unités urbaines de moins de 20 000 habitants et zones rurales;5;53;7 125;8,70%;De 150 à 200 000 entrées;catégorie E;RDJPPR;commune isolée;339;240;132;47,1;48,1;3,8;1;155;20,2
1727;118 142;40 603;SOCIETE CINEMAS CELTIC;10,5;48.398083;-4.473843;73021;BRETAGNE;29019;139163;29;29701;Brest;200530;unités urbaines de 100 000 habitants et plus;8;47;14 188;191,00%;De 100 à 150 000 entrées;non;;commune-centre;149;124;113;27,4;68,4;3,2;1,1;17;11
2805;776 350;763 890;;19,8;48.39126;-4.488243;73083;BRETAGNE;29019;139163;29;29701;Brest;200530;unités urbaines de 100 000 habitants et plus;15;53;27 447;1,60%;De 700 000 à 1 million d'entrées;non;;commune-centre;302;234;229;31,5;62,9;4,8;0,8;80;15,7
267;1 169;1 629;BREST'AIM;64,3;48.391567;-4.434751;73098;BRETAGNE;29019;139163;29;29701;Brest;200530;unités urbaines de 100 000 habitants et plus;1;3;14;-28,20%;Moins de 2000 entrées;non;;commune-centre;4;1;0;58,2;24,3;0;17,5;3;60,4
757;164 035;153 741;LES FEUX DE LA RAMPE;88,2;48.396163;-4.477034;73099;BRETAGNE;29019;139163;29;29701;Brest;200530;unités urbaines de 100 000 habitants et plus;7;53;12 389;6,70%;De 150 à 200 000 entrées;catégorie A;RDJPPR;commune-centre;474;309;266;55,1;18,9;16,1;9,9;389;84,6
290;5 947;4 841;ASSOCIATION CINEMA LE FIEF CAFE;26,8;46.629207;-1.852443;73371;PAYS DE LA LOIRE;85035;4434;85;85203;Bretignolles-sur-Mer;7035;unités urbaines de moins de 20 000 habitants et zones rurales;1;39;399;22,80%;De 5 à 10 000 entrées;non;;commune-centre;141;132;1;60,1;30;6,5;3,4;49;26,1
368;53 911;61 722;ASSOCIATION CINE 220;43,6;48.608596;2.303919;73423;ILE-DE-FRANCE;91103;26215;91;851;Paris;10706072;petite couronne;2;53;2 218;-12,70%;De 50 à 80 000 entrées;catégorie C;RDJPPR;banlieue;315;215;18;44,9;42,2;9,1;3,8;193;38,4
190;3 208;3 305;LIGUE DE L' ENSEIGNEMENT DE BASSE-NORMANDIE;41,7;49.044986;-0.326254;73582;NORMANDIE;14100;1812;14;0;Zone rurale;14541106;unités urbaines de 100 000 habitants et plus;1;34;60;-2,90%;De 2 à 5 000 entrées;non;;territoire rural;55;33;0;44,1;25,4;20,2;10,3;23;53,6
98;20 733;15 604;MAISON DES JEUNES ET DE LA CULTURE DU BRIANCONNAI;81,1;44.889994;6.634449;74322;PROVENCE-ALPES-COTE D'AZUR;5023;12370;5;5301;Briançon;17468;unités urbaines de moins de 20 000 habitants et zones rurales;1;51;978;32,90%;De 20 à 30 000 entrées;catégorie E;RDJPPR;commune-centre;212;144;2;63,3;12,2;13,5;11;184;80,5
417;58 004;;COSMO;8,8;44.900658;6.632743;74339;PROVENCE-ALPES-COTE D'AZUR;5023;12370;5;5301;Briançon;17468;unités urbaines de moins de 20 000 habitants et zones rurales;4;53;4 413;;De 50 à 80 000 entrées;non;;commune-centre;109;91;63;22,2;74,7;2,9;0,2;13;10,7
203;11 687;9 721;LETOURNEUR LANIEPCE MARGUERITE;26,5;49.471445;-1.631851;74471;NORMANDIE;50082;5970;50;50110;Bricquebec;5970;unités urbaines de moins de 20 000 habitants et zones rurales;1;51;490;20,20%;De 10 à 20 000 entrées;catégorie E;;commune isolée;149;119;8;50,9;38,9;8,8;1,3;56;23,5
358;14 071;16 730;LES AMIS DU CINEMA;44,5;45.452663;6.567576;74553;AUVERGNE / RHONE-ALPES;73057;517;73;0;Zone rurale;14541106;unités urbaines de 100 000 habitants et plus;2;48;1 132;-15,90%;De 10 à 20 000 entrées;catégorie E;;territoire rural;205;169;23;63,7;21,1;11,8;3,4;107;41,6
168;28 420;25 523;;42,9;48.696652;2.607228;74662;ILE-DE-FRANCE;77053;16635;77;77306;Brie-Comte-Robert;16635;petite couronne;1;49;897;11,40%;De 20 à 30 000 entrées;catégorie E;RDJP;commune isolée;257;195;1;48,9;38;9,5;3,5;137;35,4
253;53 224;46 586;LE CINEMA DU SOLEIL;24,4;43.407348;6.063887;75021;PROVENCE-ALPES-COTE D'AZUR;83023;17093;83;83401;Brignoles;22801;unités urbaines de 20 000 à 100 000 habitants;2;53;2 550;14,20%;De 50 à 80 000 entrées;catégorie D;;commune-centre;194;150;57;31,9;63;4,3;0,9;93;17,4
427;35 275;31 614;CINEMA LE PARIS;33,7;45.292071;3.387558;75492;AUVERGNE / RHONE-ALPES;43040;6743;43;43202;Brioude;7392;unités urbaines de moins de 20 000 habitants et zones rurales;2;50;1 429;11,60%;De 30 à 40 000 entrées;catégorie E;JP;commune-centre;231;181;27;49,2;44,9;4,3;1,6;108;31,6
1504;321 585;316 354;CINEMA THEATRE LE SPLENDID;13,7;45.165031;1.542022;75694;NOUVELLE AQUITAINE;19031;47349;19;554;Brive-la-Gaillarde;75329;unités urbaines de 20 000 à 100 000 habitants;9;53;16 752;1,70%;De 300 à 450 000 entrées;non;;commune-centre;225;179;171;31,1;64,5;3,6;0,7;34;11,6
587;56 986;50 881;BRIVE MEDIA CULTURE;96,6;45.158027;1.529898;75703;NOUVELLE AQUITAINE;19031;47349;19;554;Brive-la-Gaillarde;75329;unités urbaines de 20 000 à 100 000 habitants;3;53;5 386;12,00%;De 50 à 80 000 entrées;catégorie D;RDJPPR;commune-centre;268;178;131;55,5;20,5;13,8;10,2;254;87,7
345;67 870;60 717;ASSOCIATION LES AMIS DU CINEMA;51,4;45.731192;4.914994;76073;AUVERGNE / RHONE-ALPES;69029;40694;69;758;Lyon;1639558;unités urbaines de 100 000 habitants et plus;2;49;2 456;11,80%;De 50 à 80 000 entrées;catégorie C;RDJPPR;banlieue;256;184;55;64,2;23,2;8,8;3,8;162;50
497;57 900;54 672;SOCIETE D'ECONOMIE MIXTE ARTOIS EXPANSION;65,4;50.479971;2.545868;76821;HAUTS DE FRANCE;62178;22119;62;752;Béthune;355543;unités urbaines de 100 000 habitants et plus;4;52;4 425;5,90%;De 50 à 80 000 entrées;catégorie C;RDJPPR;commune-centre;313;213;21;45,2;35,7;10,3;8,7;204;52,2
2560;473 892;486 599;BRUAYMOND;13,3;50.49234;2.569387;76825;HAUTS DE FRANCE;62178;22119;62;752;Béthune;355543;unités urbaines de 100 000 habitants et plus;12;53;23 815;-2,60%;De 450 à 700 000 entrées;non;;commune-centre;231;189;185;24,4;70,8;3,9;0,9;33;10
2827;515 859;501 192;PATHE BRUMATH;19,5;48.744007;7.692978;77351;GRAND EST;67067;9840;67;67302;Brumath;11074;unités urbaines de moins de 20 000 habitants et zones rurales;14;53;25 317;2,90%;De 450 à 700 000 entrées;non;;commune-centre;330;260;216;28,9;65,1;5,3;0,7;108;14,8
322;10 785;23 524;COMMUNE DE BRUZ;57,5;48.02352;-1.744768;77732;BRETAGNE;35047;17978;35;35701;Rennes;330871;unités urbaines de 100 000 habitants et plus;1;20;146;-54,20%;De 10 à 20 000 entrées;non;;banlieue;101;56;0;53,1;26,3;15,4;5,3;65;56,8
991;86 317;;CINEVILLE;20,8;48.028980;-1.753490;77733;BRETAGNE;35047;17978;35;35701;Rennes;330871;unités urbaines de 100 000 habitants et plus;6;31;5 347;;De 80 à 100 000 entrées;non;;banlieue;154;142;65;30,9;66,2;2,7;0,2;69;21,5
151;20 543;20 369;REGAIN;59;44.275689;5.27174;78505;AUVERGNE / RHONE-ALPES;26063;2287;26;26101;Buis-les-Baronnies;2287;unités urbaines de moins de 20 000 habitants et zones rurales;1;53;1 006;0,90%;De 20 à 30 000 entrées;catégorie E;RDJPPR;commune isolée;319;259;1;53,5;26;11,4;9,1;201;53,5
281;42 705;29 220;COMMUNE DE BUISSON DE CADOUIN;42,1;44.845348;0.909131;78542;NOUVELLE AQUITAINE;24068;1999;24;0;Zone rurale;14541106;unités urbaines de 100 000 habitants et plus;2;53;1 782;46,10%;De 40 à 50 000 entrées;catégorie E;JP;territoire rural;373;275;27;53,3;36;7,7;2,9;212;36,2
2219;485 390;456 716;BUXEMOND;16,5;46.610272;0.367025;80391;NOUVELLE AQUITAINE;86041;9996;86;86601;Poitiers;130502;unités urbaines de 100 000 habitants et plus;12;53;24 009;6,30%;De 450 à 700 000 entrées;non;;banlieue;229;180;176;33,4;62,2;3,6;0,8;42;15,2
210;8 316;7 029;CINE-OFF;51,8;46.888094;1.419282;80572;CENTRE-VAL DE LOIRE;36031;4473;36;36109;Buzançais;4473;unités urbaines de moins de 20 000 habitants et zones rurales;1;49;342;18,30%;De 5 à 10 000 entrées;catégorie E;;commune isolée;157;126;0;64,5;25,4;7,4;2,7;94;42,7
248;17 608;16 135;COMMUNE DE CABESTANY;52;42.680362;2.934603;80942;OCCITANIE;66028;9790;66;66601;Perpignan;200971;unités urbaines de 100 000 habitants et plus;1;52;406;9,10%;De 10 à 20 000 entrées;catégorie C;;banlieue;179;135;23;54,4;33,6;9,8;2,1;106;38,4
238;50 804;49 255;LA COMPAGNIE DES CINEMAS DE LA COTE;33,6;49.290634;-0.113862;80981;NORMANDIE;14117;3664;14;14402;Dives-sur-Mer;34823;unités urbaines de 20 000 à 100 000 habitants;2;52;2 227;3,10%;De 50 à 80 000 entrées;catégorie D;;commune-centre;140;117;40;53,9;42,2;2,7;1,3;75;29,3
150;9 858;9 675;FEDERATION DEPARTEMENTALE DES FOYERS RURAUX DU LOT;59,4;44.530413;1.555391;80991;OCCITANIE;46040;230;46;0;Zone rurale;14541106;unités urbaines de 100 000 habitants et plus;1;51;330;1,90%;De 5 à 10 000 entrées;catégorie E;JP;territoire rural;128;64;0;69,9;18,3;6,7;5,2;81;58,2
0;14 892;15 760;THALIE;25,8;43.655944;6.87474;81080;PROVENCE-ALPES-COTE D'AZUR;6026;1295;6;6701;Nice;943354;unités urbaines de 100 000 habitants et plus;1;48;361;-5,50%;De 10 à 20 000 entrées;non;;banlieue;88;73;8;52,8;40,1;4,5;2,6;29;24,4
802;71 717;67 135;ASSOCIATION CENTRE CULTUREL COMMUNAL CACHAN;47,7;48.795796;2.335316;81101;ILE-DE-FRANCE;94016;30433;94;851;Paris;10706072;grande couronne;3;50;4 381;6,80%;De 50 à 80 000 entrées;catégorie C;JP;banlieue;283;220;91;50,6;34,3;7;8,1;175;42,6
286;48 972;32 645;LE PARADIS;57,9;44.636357;-0.320145;81311;NOUVELLE AQUITAINE;33081;2761;33;33121;Cadillac;5066;unités urbaines de moins de 20 000 habitants et zones rurales;2;53;2 352;50,00%;De 40 à 50 000 entrées;catégorie E;RDJP;commune-centre;259;187;19;54,1;31,6;9,2;5;177;51,3
768;8 739;7 287;AEP CINEMA LUX;75;49.17442;-0.333727;81414;NORMANDIE;14118;106260;14;14601;Caen;198639;unités urbaines de 100 000 habitants et plus;1;22;32;19,90%;De 5 à 10 000 entrées;non;;commune-centre;30;12;1;48,9;19,4;18,3;13,4;24;67,5
477;159 636;148 556;AEP CINEMA LUX;80,1;49.168683;-0.337953;81451;NORMANDIE;14118;106260;14;14601;Caen;198639;unités urbaines de 100 000 habitants et plus;3;53;6 061;7,50%;De 150 à 200 000 entrées;catégorie B;RDJPPR;commune-centre;382;221;147;53,5;22,9;13;10,6;295;78
1870;638 752;620 600;;20,1;49.177395;-0.349774;81456;NORMANDIE;14118;106260;14;14601;Caen;198639;unités urbaines de 100 000 habitants et plus;10;53;19 133;2,90%;De 450 à 700 000 entrées;non;;commune-centre;235;176;135;30,4;64,5;4,4;0,6;81;17,6
296;21 190;22 338;CAGNES CONGRES;52,6;43.662147;7.148711;81541;PROVENCE-ALPES-COTE D'AZUR;6027;49322;6;6701;Nice;943354;unités urbaines de 100 000 habitants et plus;1;48;949;-5,10%;De 20 à 30 000 entrées;catégorie C;JP;banlieue;250;200;1;62,8;20,5;12,7;4;139;50,7
1800;547 980;498 164;;15,2;43.661565;7.1357;81545;PROVENCE-ALPES-COTE D'AZUR;6027;49322;6;6701;Nice;943354;unités urbaines de 100 000 habitants et plus;10;53;19 452;10,00%;De 450 à 700 000 entrées;non;;banlieue;225;179;171;24,4;69,9;4,5;1,2;39;13,7
360;26 627;26 705;SOCIETE CINEMATOGRAPHIQUE LE QUERCY;57,3;44.447834;1.439163;81673;OCCITANIE;46042;19340;46;46401;Cahors;22764;unités urbaines de 20 000 à 100 000 habitants;1;51;1 043;-0,30%;De 20 à 30 000 entrées;catégorie D;RDJPPR;commune-centre;217;134;41;56,8;21,7;11,9;9,6;150;56,5
498;54 187;51 881;LES FILMS DE LA BASSE COUR;76,2;50.9517558;1.8543260999999802;82133;HAUTS DE FRANCE;62193;75961;62;62504;Calais;100640;unités urbaines de 100 000 habitants et plus;4;51;5 216;4,40%;De 50 à 80 000 entrées;catégorie B;RDJPPR;commune-centre;309;209;46;38,9;38,8;14,3;8,1;220;57,3
148;9 655;9 831;;48,8;48.404288;-3.427185;82392;BRETAGNE;22025;2211;22;0;Zone rurale;14541106;unités urbaines de 100 000 habitants et plus;1;53;563;-1,80%;De 5 à 10 000 entrées;catégorie E;JPPR;territoire rural;303;229;1;52,3;29,8;14,6;3,3;172;46,6
267;21 486;19 118;CALUIRE PAROISSES;59,1;45.797955;4.866922;82603;AUVERGNE / RHONE-ALPES;69034;42292;69;758;Lyon;1639558;unités urbaines de 100 000 habitants et plus;1;48;613;12,40%;De 20 à 30 000 entrées;catégorie C;;banlieue;169;137;1;75,6;11,4;7,9;5,1;107;56,8
270;24 017;24 514;UNION REG FEDERATIONS OEUVRES LAIQUES AUVERGNE RHONE ALPES;55,7;45.804798;4.853092;82604;AUVERGNE / RHONE-ALPES;69034;42292;69;758;Lyon;1639558;unités urbaines de 100 000 habitants et plus;1;50;675;-2,00%;De 20 à 30 000 entrées;catégorie C;JP;banlieue;159;110;4;63,5;17,6;13,8;5,1;99;57,2
172;2 963;2 446;COMMUNE DE CAMARES;47,7;43.824209;2.878911;82741;OCCITANIE;12044;1000;12;0;Zone rurale;14541106;unités urbaines de 100 000 habitants et plus;1;48;151;21,10%;De 2 à 5 000 entrées;non;;territoire rural;52;46;0;75,1;14,2;8,4;2,4;26;45,2
0;11 917;10 893;CINEVAL;54,8;44.162816;4.889682;82752;PROVENCE-ALPES-COTE D'AZUR;84029;4607;84;84111;Camaret-sur-Aigues;5328;unités urbaines de moins de 20 000 habitants et zones rurales;1;48;332;9,40%;De 10 à 20 000 entrées;catégorie E;JP;commune-centre;124;88;0;62,6;28,7;5,4;3,2;76;54
200;17 404;14 097;CINES DU BOUT DU MONDE;31,1;48.27416;-4.599116;82762;BRETAGNE;29022;2583;29;29104;Camaret-sur-Mer;2583;unités urbaines de moins de 20 000 habitants et zones rurales;1;53;573;23,50%;De 10 à 20 000 entrées;catégorie E;;commune isolée;182;148;40;54,5;36,2;6,5;2,8;81;28,2
110;13 907;11 656;DOILLET MARIE-HELENE CATHERINE;44,6;43.35874;-1.397218;82961;NOUVELLE AQUITAINE;64160;6708;64;64203;Cambo-les-Bains;6708;unités urbaines de moins de 20 000 habitants et zones rurales;1;52;614;19,30%;De 10 à 20 000 entrées;catégorie E;JP;commune isolée;244;201;5;57,8;24,4;14,2;3,6;112;55,7
605;194 121;198 846;LE PALACE;16,2;50.174792;3.236568;83071;HAUTS DE FRANCE;59122;33004;59;59403;Cambrai;47459;unités urbaines de 20 000 à 100 000 habitants;5;53;8 489;-2,40%;De 150 à 200 000 entrées;non;;commune-centre;180;132;101;26,8;68,4;3,9;0,8;66;14
500;7 649;8 079;L ESPERANCE DE CAMPBON;31,9;47.41167;-1.965724;83601;PAYS DE LA LOIRE;44025;3974;44;0;Zone rurale;14541106;unités urbaines de 100 000 habitants et plus;1;52;313;-5,30%;De 5 à 10 000 entrées;catégorie E;;territoire rural;146;120;4;59,7;24,7;11,2;4,4;62;38,8
228;19 644;17 087;LA MOUETTE CANCALAISE;51;48.676977;-1.85005;84292;BRETAGNE;35049;5166;35;35203;Cancale;5166;unités urbaines de moins de 20 000 habitants et zones rurales;1;53;418;15,00%;De 10 à 20 000 entrées;catégorie E;JP;commune isolée;198;155;10;58,4;21;15,5;5,1;117;46,8
142;5 364;5 862;;23,8;47.551609;-1.038715;84382;PAYS DE LA LOIRE;49054;2869;49;49109;Candé;2869;unités urbaines de moins de 20 000 habitants et zones rurales;1;52;370;-8,50%;De 5 à 10 000 entrées;non;;commune isolée;177;149;1;49,5;43,1;5,3;2,2;48;23,8
383;7 366;7 255;COMMUNE DE CANEJAN;37;44.761134;-0.654322;84441;NOUVELLE AQUITAINE;33090;5417;33;33701;Bordeaux;904359;unités urbaines de 100 000 habitants et plus;1;43;162;1,50%;De 5 à 10 000 entrées;non;;banlieue;92;69;0;64,7;28,6;6,2;0,5;40;36,6
299;50 525;;L'YRE CANET;24,6;42.701936;3.019408;84556;OCCITANIE;66037;11965;66;66301;Canet-en-Roussillon;11965;unités urbaines de moins de 20 000 habitants et zones rurales;3;37;3 358;;De 50 à 80 000 entrées;non;;commune isolée;178;147;59;33;60,7;3,9;2,4;87;18,5
727;168 656;165 038;SOCIETE PROVENCALE DE GERANCES CINEMATOGRAPHIQUES;12,6;43.552366;7.016598;84711;PROVENCE-ALPES-COTE D'AZUR;6029;74285;6;6701;Nice;943354;unités urbaines de 100 000 habitants et plus;4;53;6 468;2,20%;De 150 à 200 000 entrées;non;;banlieue;131;119;82;23,8;73,3;2,8;0,1;14;14,4
453;98 015;89 880;EURO VIDEO INTERNATIONAL;85,6;43.552517;7.015358;84712;PROVENCE-ALPES-COTE D'AZUR;6029;74285;6;6701;Nice;943354;unités urbaines de 100 000 habitants et plus;3;52;5 273;9,10%;De 80 à 100 000 entrées;catégorie C;RD;banlieue;221;147;116;45,7;32,5;14,2;7,6;172;84,9
300;5 663;6 563;MJC DE CANNES PICAUD;90,8;43.550716;7.001343;84734;PROVENCE-ALPES-COTE D'AZUR;6029;74285;6;6701;Nice;943354;unités urbaines de 100 000 habitants et plus;2;40;512;-13,70%;De 5 à 10 000 entrées;catégorie C;;banlieue;124;76;0;62,4;16,8;9,3;11,5;106;89,4
164;11 077;11 360;MJC CENTRE SOCIAL COEUR DE RANGUIN;47,7;43.567121;6.963836;84745;PROVENCE-ALPES-COTE D'AZUR;6029;74285;6;6701;Nice;943354;unités urbaines de 100 000 habitants et plus;1;40;327;-2,50%;De 10 à 20 000 entrées;catégorie C;;banlieue;133;102;0;42,4;42,6;8,2;6,7;74;38,5
469;137 617;138 937;OLYMPIA;9,5;43.552366;7.016598;84761;PROVENCE-ALPES-COTE D'AZUR;6029;74285;6;6701;Nice;943354;unités urbaines de 100 000 habitants et plus;5;53;8 446;-1,00%;De 100 à 150 000 entrées;non;;banlieue;178;148;102;33,9;57,1;7,1;1,8;24;9,3
432;8 139;12 561;CANNES CINEMA;58,1;43.54938;6.981931;84774;PROVENCE-ALPES-COTE D'AZUR;6029;74285;6;6701;Nice;943354;unités urbaines de 100 000 habitants et plus;1;23;74;-35,20%;De 5 à 10 000 entrées;non;;banlieue;57;8;0;53,2;33,3;10,3;3,2;39;43
370;15 897;10 183;CANNES CINEMA;46,2;43.550134;7.029043;84781;PROVENCE-ALPES-COTE D'AZUR;6029;74285;6;6701;Nice;943354;unités urbaines de 100 000 habitants et plus;1;34;105;56,10%;De 10 à 20 000 entrées;non;;banlieue;73;16;0;50;27,7;19,5;2,8;44;42,3
176;2 447;4 997;CANNES CINEMA;65,4;43.546541;7.036474;84782;PROVENCE-ALPES-COTE D'AZUR;6029;74285;6;6701;Nice;943354;unités urbaines de 100 000 habitants et plus;1;17;26;-51,00%;De 2 à 5 000 entrées;non;;banlieue;23;4;0;78,3;14,6;7,1;0;16;64,2
90;12 416;17 318;;53,9;43.576083;7.017663;84830;PROVENCE-ALPES-COTE D'AZUR;6030;41571;6;6701;Nice;943354;unités urbaines de 100 000 habitants et plus;1;42;779;-28,30%;De 10 à 20 000 entrées;catégorie C;;banlieue;134;111;5;58,2;23,8;10,1;7,9;71;49,7
88;18 474;15 409;;43;43.56912;7.005225;84831;PROVENCE-ALPES-COTE D'AZUR;6030;41571;6;6701;Nice;943354;unités urbaines de 100 000 habitants et plus;1;53;1 064;19,90%;De 10 à 20 000 entrées;catégorie C;;banlieue;181;151;5;58,2;30;8;3,8;77;34,4
170;4 431;4 287;COMMUNE DE CANTELEU;53,1;49.452077;1.037664;84981;NORMANDIE;76157;14848;76;755;Rouen;467133;unités urbaines de 100 000 habitants et plus;1;47;143;3,40%;De 2 à 5 000 entrées;non;;banlieue;59;44;0;37,5;35,7;15,9;10,9;30;42,7
172;27 378;27 062;ASSOCIATION SCENA RIO;49,4;43.641276;-1.432502;85211;NOUVELLE AQUITAINE;40065;8776;40;40301;Capbreton;12599;unités urbaines de moins de 20 000 habitants et zones rurales;1;53;1 349;1,20%;De 20 à 30 000 entrées;catégorie E;RDJPPR;commune-centre;348;248;33;41,2;43,6;9,7;5,5;218;41,5
263;15 015;14 931;LES LUMIERES DE LA VILLE;40,5;44.574792;2.081445;85323;OCCITANIE;12052;4542;12;364;Figeac;16530;unités urbaines de moins de 20 000 habitants et zones rurales;1;51;713;0,60%;De 10 à 20 000 entrées;catégorie E;JP;banlieue;199;174;8;51,1;36,1;9,3;3,5;104;35,2
195;3 059;3 021;ARTS ET TECHNIQUES;36,7;44.292217;-0.259312;85851;NOUVELLE AQUITAINE;33095;1268;33;0;Zone rurale;14541106;unités urbaines de 100 000 habitants et plus;1;48;346;1,30%;De 2 à 5 000 entrées;catégorie E;;territoire rural;181;159;3;62,1;24,7;9,3;3,8;74;33,6
99;2 772;2 449;ASSOCIATION LE PARVIS;59,7;43.120092;0.309567;85861;OCCITANIE;65127;1325;65;0;Zone rurale;14541106;unités urbaines de 100 000 habitants et plus;1;50;181;13,20%;De 2 à 5 000 entrées;catégorie E;;territoire rural;146;128;0;74,5;10,5;11;3,9;95;50,2
161;13 382;11 157;ASSOCIATION ETOILE CINE;56,7;48.667568;-3.912861;85902;BRETAGNE;29023;3149;29;29124;Carantec;4470;unités urbaines de moins de 20 000 habitants et zones rurales;1;52;402;19,90%;De 10 à 20 000 entrées;catégorie E;JPPR;commune-centre;237;185;3;55,8;22,3;16,9;5,1;150;50,2
196;6 242;8 477;ARTS ET TECHNIQUES;47,6;44.895434;-0.508506;85981;NOUVELLE AQUITAINE;33096;7578;33;33701;Bordeaux;904359;unités urbaines de 100 000 habitants et plus;1;47;124;-26,40%;De 5 à 10 000 entrées;non;;banlieue;86;65;3;68,9;23,6;4,6;2,8;45;41
206;11 603;11 188;ASSOCIATION CINEFOL 31;59,3;43.286407;1.200892;85993;OCCITANIE;31107;5502;31;31204;Carbonne;6499;unités urbaines de moins de 20 000 habitants et zones rurales;1;49;436;3,70%;De 10 à 20 000 entrées;catégorie E;JP;commune-centre;307;254;2;62,7;22,6;9,6;5,1;195;57,5
248;4 462;3 182;ARTS ET TECHNIQUES;10,9;45.069909;-1.142214;86031;NOUVELLE AQUITAINE;33097;2388;33;0;Zone rurale;14541106;unités urbaines de 100 000 habitants et plus;1;30;183;40,20%;De 2 à 5 000 entrées;non;;territoire rural;71;69;6;23,5;72,8;3,5;0,2;17;5,2
337;47 917;44 528;LE COLISEE;91,3;43.21645;2.352328;86054;OCCITANIE;11069;45996;11;11501;Carcassonne;48527;unités urbaines de 20 000 à 100 000 habitants;3;49;3 566;7,60%;De 40 à 50 000 entrées;catégorie D;;commune-centre;291;181;98;58,5;16,6;16,9;8;246;85,8
1830;343 559;330 762;;14,1;43.235546;2.367714;86103;OCCITANIE;11069;45996;11;11501;Carcassonne;48527;unités urbaines de 20 000 à 100 000 habitants;9;53;17 829;3,90%;De 300 à 450 000 entrées;non;;commune-centre;213;178;172;29,5;66,1;3,8;0,6;33;11,9
100;7 563;5 488;LE CINEMA DU SOLEIL;32,7;43.4765018;6.182329100000061;86173;PROVENCE-ALPES-COTE D'AZUR;83032;3463;83;83204;Carcès;7028;unités urbaines de moins de 20 000 habitants et zones rurales;1;49;223;37,80%;De 5 à 10 000 entrées;non;;commune-centre;85;67;14;53,3;37,2;7,5;2,1;34;40
316;19 155;23 832;CHAMPALAUNE BRUNO MAURICE GERARD;20,4;49.302896;-1.247604;86313;NORMANDIE;50099;7920;50;50204;Carentan;9305;unités urbaines de moins de 20 000 habitants et zones rurales;2;48;1 266;-19,60%;De 10 à 20 000 entrées;non;;commune-centre;207;169;26;46,6;49,7;3,3;0,4;81;19,6
215;33 437;28 565;ASSOCIATION CONTRECHAMP;38,4;48.283143;-3.572343;86353;BRETAGNE;29024;7305;29;271;Carhaix-Plouguer;9131;unités urbaines de moins de 20 000 habitants et zones rurales;1;53;994;17,10%;De 30 à 40 000 entrées;catégorie E;RDJPPR;commune-centre;299;241;35;41,9;48,9;7,8;1,4;146;31,9
573;64 231;62 057;;25,4;44.049028;2.157496;86544;OCCITANIE;81060;9460;81;81304;Carmaux;16697;unités urbaines de moins de 20 000 habitants et zones rurales;4;53;4 835;3,50%;De 50 à 80 000 entrées;catégorie E;RDJPPR;commune-centre;274;202;74;36,4;54,5;7,4;1,8;138;26,8
422;39 601;36 505;CINEGYR CARNAC;29,7;47.572383;-3.075775;86561;BRETAGNE;56034;4236;56;56215;Carnac;8003;unités urbaines de moins de 20 000 habitants et zones rurales;2;50;1 301;8,50%;De 30 à 40 000 entrées;catégorie E;;commune-centre;130;115;78;58,6;32,5;6,1;2,7;39;28,5
306;3 152;3 501;POLYMAGES;29,8;43.256071;5.568869;86693;PROVENCE-ALPES-COTE D'AZUR;13119;6615;13;13209;Carnoux-en-Provence;6615;unités urbaines de moins de 20 000 habitants et zones rurales;1;36;181;-10,00%;De 2 à 5 000 entrées;non;;commune isolée;140;122;0;62,5;30,4;5,4;1,7;47;33,5
0;4 283;4 844;CINEVAL;62,3;44.109395;5.112026;86772;PROVENCE-ALPES-COTE D'AZUR;84030;3249;84;754;Avignon;456042;unités urbaines de 100 000 habitants et plus;1;44;151;-11,60%;De 2 à 5 000 entrées;catégorie C;;banlieue;96;68;0;69,5;16,4;8,6;5,5;60;58
612;157 487;144 386;PRO SPECT IMAGES;44,6;44.050347;5.047636;86781;PROVENCE-ALPES-COTE D'AZUR;84031;28699;84;754;Avignon;456042;unités urbaines de 100 000 habitants et plus;4;53;6 411;9,10%;De 150 à 200 000 entrées;catégorie C;RDJPPR;banlieue;276;197;141;49;40,7;6,7;3,7;159;40,1
768;5 850;5 712;ASSOCIATION DEVELOPPEMENT CULTUREL CARQUEFOU;34,1;47.279819;-1.508095;86832;PAYS DE LA LOIRE;44026;19411;44;44701;Nantes;633690;unités urbaines de 100 000 habitants et plus;1;21;82;2,40%;De 5 à 10 000 entrées;non;;banlieue;71;58;0;58;32,3;7,1;2,6;25;32,8
0;6 419;7 238;;36,2;43.4817151;-0.2803853000000345;86860;NOUVELLE AQUITAINE;64167;215;64;0;Zone rurale;14541106;unités urbaines de 100 000 habitants et plus;1;39;141;-11,30%;De 5 à 10 000 entrées;non;;territoire rural;42;26;0;74,9;11,4;9,3;4,4;18;48,7
277;6 947;7 598;TOURNEE FAMILIA;61,5;43.772944;7.193186;86930;PROVENCE-ALPES-COTE D'AZUR;6033;12008;6;6701;Nice;943354;unités urbaines de 100 000 habitants et plus;1;21;109;-8,60%;De 5 à 10 000 entrées;non;;banlieue;105;80;2;62,6;20,4;11,2;5,9;65;60,6
200;34 926;31 403;ASSOCIATION CULTURELLE CARRY LE ROUET;31,4;43.332335;5.151827;86952;PROVENCE-ALPES-COTE D'AZUR;13021;5891;13;13303;Sausset-les-Pins - Carry-le-Rouet;13515;unités urbaines de moins de 20 000 habitants et zones rurales;1;53;1 733;11,20%;De 30 à 40 000 entrées;catégorie E;JP;banlieue;232;175;24;53,5;34,6;8,6;3,2;100;27,8
111;12 240;10 068;;53,5;43.215622;5.538828;87646;PROVENCE-ALPES-COTE D'AZUR;13022;7221;13;13211;Cassis;7221;unités urbaines de moins de 20 000 habitants et zones rurales;1;48;899;21,60%;De 10 à 20 000 entrées;catégorie E;RD;commune isolée;179;152;0;54,5;30,2;10,4;4,9;100;53,3
178;26 385;19 191;MJC DE CASTANET TOLOSAN;49,7;43.516624;1.498262;87772;OCCITANIE;31113;12833;31;31701;Toulouse;948433;unités urbaines de 100 000 habitants et plus;1;52;1 095;37,50%;De 20 à 30 000 entrées;catégorie C;;banlieue;368;275;0;61,4;21,8;12,3;4,5;206;48,7
190;29 848;27 017;VEO CINEMAS;36,1;43.693325;1.429742;87941;OCCITANIE;31116;9917;31;31701;Toulouse;948433;unités urbaines de 100 000 habitants et plus;1;53;1 137;10,50%;De 20 à 30 000 entrées;catégorie C;;banlieue;239;166;16;48,5;44,3;5,7;1,5;127;32,7
185;15 258;14 662;;51,5;44.313986;0.084494;87966;NOUVELLE AQUITAINE;47052;4659;47;47102;Casteljaloux;4659;unités urbaines de moins de 20 000 habitants et zones rurales;1;51;575;4,10%;De 10 à 20 000 entrées;catégorie E;JPPR;commune isolée;239;181;0;54,8;32,2;8,2;4,8;156;44,5
193;16 209;15 170;ASSOCIATION CINEFOL 31;36,3;43.680383;1.534648;88111;OCCITANIE;31117;4168;31;31701;Toulouse;948433;unités urbaines de 100 000 habitants et plus;1;48;501;6,80%;De 10 à 20 000 entrées;catégorie C;;banlieue;279;215;15;49;35,9;12,3;2,8;136;35,9
447;26 465;;VEO CASTELNAUDARY;33,5;43.320632;1.951331;88236;OCCITANIE;11076;10969;11;11302;Castelnaudary;12212;unités urbaines de moins de 20 000 habitants et zones rurales;3;51;878;;De 20 à 30 000 entrées;catégorie E;JPPR;commune-centre;231;173;36;44,8;42,9;10,5;1,9;123;32,6
80;7 441;7 641;ASSOCIATION DEVELOPPEMENT ACTION CULTURELLE FOIX ARIEGE;82,6;43.001442;1.33357;88371;OCCITANIE;9082;444;9;0;Zone rurale;14541106;unités urbaines de 100 000 habitants et plus;1;46;328;-2,60%;De 5 à 10 000 entrées;catégorie E;JP;territoire rural;67;47;0;53,9;23;4,7;18,3;59;81,1
184;9 402;9 984;COMMUNE DE CASTELSARRASIN;54,3;44.037315;1.109842;88512;OCCITANIE;82033;13886;82;82401;Castelsarrasin;26467;unités urbaines de 20 000 à 100 000 habitants;1;48;317;-5,80%;De 5 à 10 000 entrées;catégorie D;;commune-centre;169;140;0;64,6;17,5;10;7,9;99;57,6
106;7 126;5 886;ASSOCIATION CASTESIENNE CINE KURSAAL;35,7;43.882158;-1.145369;88751;NOUVELLE AQUITAINE;40075;2120;40;0;Zone rurale;14541106;unités urbaines de 100 000 habitants et plus;1;50;504;21,10%;De 5 à 10 000 entrées;catégorie E;;territoire rural;204;174;1;47;39,1;11,4;2,5;85;30,8
205;17 066;16 775;ASSOCIATION LES AMIS DE CINE 4;47,4;44.651621;0.591622;88991;NOUVELLE AQUITAINE;47057;1436;47;0;Zone rurale;14541106;unités urbaines de 100 000 habitants et plus;1;53;613;1,70%;De 10 à 20 000 entrées;catégorie E;JP;territoire rural;277;216;1;38,1;33;24,1;4,8;149;45,6
660;178 491;169 746;SOCIETE D'EXPLOITATION CINEMATOGRAPHIQUE;26,4;43.606683;2.243043;89105;OCCITANIE;81065;41483;81;81501;Castres;56432;unités urbaines de 20 000 à 100 000 habitants;5;53;8 473;5,20%;De 150 à 200 000 entrées;catégorie D;RDJPPR;commune-centre;341;227;116;32,9;59,9;5,4;1,7;190;22,8
178;9 984;10 888;COMMUNE DE CATEAU CAMBRESIS;21;50.106254;3.54484;89152;HAUTS DE FRANCE;59136;7033;59;59208;Le Cateau-Cambrésis;7355;unités urbaines de moins de 20 000 habitants et zones rurales;1;48;309;-8,30%;De 5 à 10 000 entrées;non;;commune-centre;124;88;1;43;47,9;6,9;2,2;32;24,3
386;13 723;16 112;COMMUNE DE RIVES-EN-SEINE;28,3;49.525593;0.72697;89481;NORMANDIE;76164;4141;76;76105;Caudebec-en-Caux;4141;unités urbaines de moins de 20 000 habitants et zones rurales;1;53;612;-14,80%;De 10 à 20 000 entrées;catégorie E;;commune isolée;202;170;14;38,7;51,3;6,7;3,3;90;33,9
590;54 170;56 090;COMMUNE DE CAUDRY;29,9;50.127719;3.415275;89644;HAUTS DE FRANCE;59139;14935;59;59307;Caudry;18989;unités urbaines de moins de 20 000 habitants et zones rurales;2;51;1 504;-3,40%;De 50 à 80 000 entrées;catégorie E;JP;commune-centre;213;166;34;25,5;67;5,4;2,2;92;18,8
330;24 846;21 704;ACTION CINEMATOGRAPHIQUE DU TARN;44,4;44.162933;1.538724;90112;OCCITANIE;82037;6841;82;82203;Caussade;8205;unités urbaines de moins de 20 000 habitants et zones rurales;1;51;1 008;14,50%;De 20 à 30 000 entrées;catégorie E;RDJPPR;commune-centre;275;184;20;52;34,4;10,7;2,9;174;42,4
500;11 700;12 286;SOCIETE D' EXPLOITATION DES CASINOS PYREEENS;28,3;42.88755;-0.114879;90191;OCCITANIE;65138;933;65;0;Zone rurale;14541106;unités urbaines de 100 000 habitants et plus;1;48;477;-4,80%;De 10 à 20 000 entrées;catégorie E;;territoire rural;154;135;33;60;36;3;1,1;67;22,4
392;96 702;92 317;LES CINEMAS DE CAVAILLON;32,7;43.837243;5.040229;90312;PROVENCE-ALPES-COTE D'AZUR;84035;26707;84;754;Avignon;456042;unités urbaines de 100 000 habitants et plus;3;53;5 956;4,70%;De 80 à 100 000 entrées;catégorie C;;banlieue;321;257;173;54,9;37,5;6;1,7;172;33
360;33 089;35 362;LES CINEMAS DE CAVAILLON;24,5;43.834515;5.041736;90313;PROVENCE-ALPES-COTE D'AZUR;84035;26707;84;754;Avignon;456042;unités urbaines de 100 000 habitants et plus;1;53;755;-6,40%;De 30 à 40 000 entrées;non;;banlieue;104;72;47;25,8;67,4;4,8;2;44;25,3
149;9 538;9 606;LEROY PATRICK;24,4;43.172524;6.530347;90345;PROVENCE-ALPES-COTE D'AZUR;83036;7139;83;83207;Cavalaire-sur-Mer;10949;unités urbaines de moins de 20 000 habitants et zones rurales;1;53;632;-0,70%;De 5 à 10 000 entrées;non;;commune-centre;97;87;2;54,8;40,9;3,9;0,4;27;24,8
186;10 331;10 037;COMMUNE DE CAZAUBON;43,4;43.947931;-0.041716;90763;OCCITANIE;32096;1661;32;0;Zone rurale;14541106;unités urbaines de 100 000 habitants et plus;1;52;309;2,90%;De 10 à 20 000 entrées;catégorie E;;territoire rural;208;183;20;76,1;14,9;6,3;2,7;105;33,9
237;9 264;9 749;ASSOCIATION CINEFOL 31;42,8;43.203101;1.083573;90932;OCCITANIE;31135;4865;31;31203;Cazères;6105;unités urbaines de moins de 20 000 habitants et zones rurales;1;51;528;-5,00%;De 5 à 10 000 entrées;catégorie E;JP;commune-centre;281;245;0;56,8;29,5;8;5,6;143;40,2
319;13 380;11 110;VILLE DE LA CELLE SAINT CLOUD;57,9;48.847416;2.136047;91492;ILE-DE-FRANCE;78126;21037;78;851;Paris;10706072;petite couronne;1;41;195;20,40%;De 10 à 20 000 entrées;non;;banlieue;154;117;1;61,6;22,9;8,3;7,2;103;57,1
170;4 541;6 458;LAPORTA GERMAIN;50,9;42.486293;2.749588;92302;OCCITANIE;66049;7705;66;66302;Céret;13808;unités urbaines de moins de 20 000 habitants et zones rurales;1;23;53;-29,70%;De 2 à 5 000 entrées;non;;commune-centre;34;16;0;60,7;18,3;7,2;13,8;15;58,5
2768;505 356;499 660;UGC CINE CITE;23,3;49.048453;2.010977;92329;ILE-DE-FRANCE;95127;63395;95;851;Paris;10706072;petite couronne;14;53;27 334;1,10%;De 450 à 700 000 entrées;non;;banlieue;323;229;225;25,6;68,7;4,3;1,4;120;16,4
200;9 018;8 680;ASSOCIATION CINEMA DU BOCAGE;27,5;46.821515;-0.668137;92441;NOUVELLE AQUITAINE;79062;4784;79;79204;Cerizay;5757;unités urbaines de moins de 20 000 habitants et zones rurales;1;47;608;3,90%;De 5 à 10 000 entrées;catégorie E;JP;commune-centre;173;142;5;67,5;23,1;7,8;1,5;59;27,7
408;25 246;27 463;ESPACE GRUN;37,1;47.806567;7.173935;92542;GRAND EST;68063;11608;68;68402;Thann - Cernay;31817;unités urbaines de 20 000 à 100 000 habitants;1;52;815;-8,10%;De 20 à 30 000 entrées;catégorie D;;commune-centre;218;179;68;40,7;47,1;10,6;1,6;104;27,4
293;50 789;44 300;LOISIRS CULTURE LE SEVIGNE-CESSON;60,8;48.118209;-1.610628;93201;BRETAGNE;35051;17414;35;35701;Rennes;330871;unités urbaines de 100 000 habitants et plus;1;47;618;14,60%;De 50 à 80 000 entrées;catégorie C;;banlieue;224;166;11;64;22,6;9,4;4;147;58,7
544;51 556;43 436;ORGANISATION DES CIRCUITS CINEMATOGRAPHIQUES PRIVES;28,3;44.742006;-0.685394;93261;NOUVELLE AQUITAINE;33122;16573;33;33701;Bordeaux;904359;unités urbaines de 100 000 habitants et plus;2;53;2 426;18,70%;De 50 à 80 000 entrées;catégorie C;JP;banlieue;234;183;48;39,3;54,7;4,3;1,7;116;21,6
393;11 361;11 214;CERCLE FAMILIALE DES CINEPHILES DU PAYS DE CHALINDREY;19,9;47.803369;5.431466;94711;GRAND EST;52093;2437;52;52104;Chalindrey;3544;unités urbaines de moins de 20 000 habitants et zones rurales;1;49;201;1,30%;De 10 à 20 000 entrées;non;;commune-centre;91;73;1;54,6;40,6;4;0,8;23;23
516;91 148;84 254;SECIM;25,3;46.848712;-1.879118;94743;PAYS DE LA LOIRE;85047;20133;85;85402;Challans;27389;unités urbaines de 20 000 à 100 000 habitants;2;53;2 620;8,20%;De 80 à 100 000 entrées;catégorie D;JPPR;commune-centre;265;177;88;35,5;58,3;4,7;1,5;127;19,8
141;47 172;43 202;COMMUNE DE CHALLES LES EAUX;30,9;45.548622;5.986578;94802;AUVERGNE / RHONE-ALPES;73064;5346;73;73601;Chambéry;187010;unités urbaines de 100 000 habitants et plus;1;49;1 199;9,20%;De 40 à 50 000 entrées;catégorie C;;banlieue;161;131;12;49,7;43,8;5,5;1;77;28,5
274;15 111;11 899;COMMUNE DE CHALONNES SUR LOIRE;49,4;47.353192;-0.764716;94922;PAYS DE LA LOIRE;49063;6513;49;49203;Chalonnes-sur-Loire;6513;unités urbaines de moins de 20 000 habitants et zones rurales;1;50;401;27,00%;De 10 à 20 000 entrées;catégorie E;;commune isolée;224;194;1;60,2;25,9;9,4;4,5;125;43,4
1601;263 303;265 467;;14,4;48.940758;4.397745;94997;GRAND EST;51108;45268;51;51501;Châlons-en-Champagne;57901;unités urbaines de 20 000 à 100 000 habitants;9;53;17 143;-0,80%;De 200 à 300 000 entrées;non;;commune-centre;218;170;159;29,6;65,8;3,8;0,9;35;11,6
153;29 913;27 804;LA COMETE SCENE NATIONALE DE CHALONS EN CHAMPAGNE;82,8;48.956167;4.363554;95006;GRAND EST;51108;45268;51;51501;Châlons-en-Champagne;57901;unités urbaines de 20 000 à 100 000 habitants;1;48;994;7,60%;De 20 à 30 000 entrées;catégorie D;RDJPPR;commune-centre;243;129;2;57,6;17,1;15,2;10,1;219;83,8
722;50 781;80 742;CINEMA RITZ SARL;90,5;46.781288;4.850256;95044;BOURGOGNE / FRANCHE-COMTE;71076;45390;71;71501;Chalon-sur-Saône;74911;unités urbaines de 20 000 à 100 000 habitants;4;53;5 933;-37,10%;De 50 à 80 000 entrées;catégorie D;;commune-centre;302;185;105;60,1;13,4;15,4;11,1;275;91,4
1134;7 370;8 002;COMMUNE DE CHALON SUR SAONE;34,3;46.779485;4.849123;95052;BOURGOGNE / FRANCHE-COMTE;71076;45390;71;71501;Chalon-sur-Saône;74911;unités urbaines de 20 000 à 100 000 habitants;2;11;102;-7,90%;De 5 à 10 000 entrées;non;;commune-centre;20;10;0;32,9;18,9;36;12,2;12;27,8
1637;534 529;163 427;CINEMA RITZ SARL;15,4;46.775786;4.864432;95076;BOURGOGNE / FRANCHE-COMTE;71076;45390;71;71501;Chalon-sur-Saône;74911;unités urbaines de 20 000 à 100 000 habitants;12;53;21 317;227,10%;De 450 à 700 000 entrées;non;;commune-centre;276;209;198;33,8;60,4;5;0,8;63;14,2
154;10 125;10 805;ASSOCIATION MAISON DE LA CULTURE DE CHAMBERY ET DE SAVOIE;55,7;45.563024;5.924935;95405;AUVERGNE / RHONE-ALPES;73065;59697;73;73601;Chambéry;187010;unités urbaines de 100 000 habitants et plus;1;39;521;-6,30%;De 10 à 20 000 entrées;catégorie B;JPPR;commune-centre;129;50;9;36,8;19,2;31,8;12,2;91;54,4
584;116 031;104 970;SOCIETES DES CINEMAS ASTREE ET ALPHA;92,4;45.566066;5.923359;95413;AUVERGNE / RHONE-ALPES;73065;59697;73;73601;Chambéry;187010;unités urbaines de 100 000 habitants et plus;4;53;6 367;10,50%;De 100 à 150 000 entrées;catégorie B;RDJPPR;commune-centre;306;195;148;52,4;21,8;14;11,9;253;89,6
235;22 710;19 782;FORUM CINEMA;77,7;45.592248;5.919227;95451;AUVERGNE / RHONE-ALPES;73065;59697;73;73601;Chambéry;187010;unités urbaines de 100 000 habitants et plus;2;44;2 131;14,80%;De 20 à 30 000 entrées;catégorie B;RDJP;commune-centre;274;156;21;52,8;16;23;8,2;226;68,8
1314;327 353;272 421;;13,6;49.155627;2.248819;95562;HAUTS DE FRANCE;60139;10034;60;459;Persan - Beaumont-sur-Oise;37357;unités urbaines de 20 000 à 100 000 habitants;7;53;12 424;20,20%;De 300 à 450 000 entrées;non;;commune-centre;209;169;138;21,4;74;3,7;0,8;49;9,8
196;11 303;10 680;CINEMA SCOOP;65,5;45.061194;4.302941;95732;AUVERGNE / RHONE-ALPES;43051;2521;43;0;Zone rurale;14541106;unités urbaines de 100 000 habitants et plus;2;50;913;5,80%;De 10 à 20 000 entrées;catégorie E;RDJP;territoire rural;213;174;0;64,3;22,3;7,7;5,8;150;61
508;55 284;48 583;CHAMONIX SPECTACLES;29,8;45.923063;6.86902;96184;AUVERGNE / RHONE-ALPES;74056;8906;74;74301;Chamonix-Mont-Blanc;11840;unités urbaines de moins de 20 000 habitants et zones rurales;3;53;3 105;13,80%;De 50 à 80 000 entrées;catégorie E;RDJP;commune-centre;232;182;79;38;53;6,7;2,3;118;29
168;7 649;6 791;CINE MONTEREAU POINT COM;53,8;48.398755;2.80515;96533;ILE-DE-FRANCE;77079;6179;77;77404;Champagne-sur-Seine;28076;petite couronne;1;48;524;12,60%;De 5 à 10 000 entrées;catégorie D;;commune-centre;170;130;3;49,1;28,5;15,4;7;100;51,2
389;33 599;30 655;LES TROIS REPUBLIQUES;26,7;46.748543;5.906232;96611;BOURGOGNE / FRANCHE-COMTE;39097;7916;39;39301;Champagnole;9841;unités urbaines de moins de 20 000 habitants et zones rurales;3;53;2 544;9,60%;De 30 à 40 000 entrées;catégorie E;RDJP;commune-centre;188;158;59;38,4;54,7;4,4;2,6;95;24,2
170;2 989;3 480;SOCIETE DES CINEMAS DE COURCHEVEL;16,5;45.454122;6.692461;96641;AUVERGNE / RHONE-ALPES;73071;605;73;0;Zone rurale;14541106;unités urbaines de 100 000 habitants et plus;1;28;328;-14,10%;De 2 à 5 000 entrées;non;;territoire rural;119;103;3;47,3;48,7;3,5;0,5;23;14,5
242;1 626;1 595;CINE-OFF;50;47.341938;0.723719;96950;CENTRE-VAL DE LOIRE;37050;11144;37;37701;Tours;353042;unités urbaines de 100 000 habitants et plus;1;11;12;1,90%;Moins de 2000 entrées;non;;banlieue;12;9;0;100;0;0;0;6;51,6
944;150 162;136 819;STUDIO 66;23,8;48.814397;2.508133;97431;ILE-DE-FRANCE;94017;76508;94;851;Paris;10706072;grande couronne;5;53;8 331;9,80%;De 150 à 200 000 entrées;catégorie C;JP;banlieue;266;192;92;23,3;69,5;4,6;2,6;145;21,8
520;96 577;93 186;CINE FRERES;33,5;49.191375;2.464237;99031;HAUTS DE FRANCE;60141;10849;60;60402;Chantilly;37349;unités urbaines de 20 000 à 100 000 habitants;4;53;4 567;3,60%;De 80 à 100 000 entrées;catégorie D;JPPR;commune-centre;225;166;100;41;50,4;5,6;3,1;114;32,9
160;29 788;26 289;ASSOCIATION GESTION DU CINEMA LE SULLY;24,4;46.68832;-1.052512;99051;PAYS DE LA LOIRE;85051;8279;85;85207;Chantonnay;8279;unités urbaines de moins de 20 000 habitants et zones rurales;1;53;1 034;13,30%;De 20 à 30 000 entrées;catégorie E;JP;commune isolée;190;162;19;47,5;48,6;2,9;1,1;80;20,2
300;11 303;11 251;FAMILLES RURALES FEDERATION DEPARTEMENTALE DE VENDEE;32,4;46.587908;-1.642858;99411;PAYS DE LA LOIRE;85152;4925;85;85125;La Mothe-Achard;4925;unités urbaines de moins de 20 000 habitants et zones rurales;1;37;293;0,50%;De 10 à 20 000 entrées;non;;commune-centre;77;49;0;77;17,2;3,6;2,2;28;33,7
189;9 905;9 100;ASSOCIATION JEANNE D'ARC;47,9;47.270881;-1.337067;99631;PAYS DE LA LOIRE;44029;6701;44;44120;La Chapelle-Basse-Mer;6701;unités urbaines de moins de 20 000 habitants et zones rurales;1;47;326;8,80%;De 5 à 10 000 entrées;catégorie E;;commune isolée;156;130;0;69,3;20,5;6,8;3,4;94;43,2
400;14 180;14 947;UNION REG FEDERATIONS OEUVRES LAIQUES AUVERGNE RHONE ALPES;33,6;45.626941;4.935433;101491;AUVERGNE / RHONE-ALPES;69270;4098;69;758;Lyon;1639558;unités urbaines de 100 000 habitants et plus;1;43;292;-5,10%;De 10 à 20 000 entrées;catégorie C;JP;banlieue;127;87;0;65,2;25,2;6,6;3;55;34
300;32 141;31 874;ASSOCIATION CINEMATOGRAPHIQUE CHARBONNIERES LES BAINS;45,2;45.780835;4.739883;101692;AUVERGNE / RHONE-ALPES;69044;5003;69;758;Lyon;1639558;unités urbaines de 100 000 habitants et plus;1;48;746;0,80%;De 30 à 40 000 entrées;catégorie C;;banlieue;189;143;6;68,6;20,7;8,4;2,3;105;42
301;17 911;14 919;ASSOCIATION ODESSA CINEMA;55;47.176632;3.0219310999999607;102173;BOURGOGNE / FRANCHE-COMTE;58059;4966;58;254;La Charité-sur-Loire;5450;unités urbaines de moins de 20 000 habitants et zones rurales;2;50;1 650;20,10%;De 10 à 20 000 entrées;catégorie E;RDJPPR;commune-centre;295;206;7;50,3;33,7;10,4;5,5;179;47,5
2008;393 926;387 085;NORD EST CINEMA;22,4;49.773265;4.716286;102246;GRAND EST;8105;47847;8;8501;Charleville-Mézières;59465;unités urbaines de 20 000 à 100 000 habitants;10;53;17 105;1,80%;De 300 à 450 000 entrées;catégorie D;;commune-centre;372;278;205;29,3;62,2;6,4;2;176;17,1
210;30 297;27 491;ASSOCIATION AU FIL DU TEMPS;49,7;46.158309;4.170764;102284;AUVERGNE / RHONE-ALPES;42052;3694;42;42204;Charlieu;9321;unités urbaines de moins de 20 000 habitants et zones rurales;2;53;1 643;10,20%;De 30 à 40 000 entrées;catégorie E;RDJPPR;commune-centre;269;207;12;56,1;30,3;11,3;2,3;158;44,4
212;10 224;9 941;CINEMA DE CHARMOILLE;37,8;47.246351;6.672576;102531;BOURGOGNE / FRANCHE-COMTE;25125;335;25;0;Zone rurale;14541106;unités urbaines de 100 000 habitants et plus;1;49;291;2,80%;De 10 à 20 000 entrées;catégorie E;;territoire rural;148;118;0;61,1;28,4;8,9;1,5;63;41,7
233;27 199;25 364;;28,1;46.435078;4.273364;102853;BOURGOGNE / FRANCHE-COMTE;71106;2758;71;71105;Charolles;2758;unités urbaines de moins de 20 000 habitants et zones rurales;2;52;1 091;7,20%;De 20 à 30 000 entrées;catégorie E;JP;commune isolée;181;150;11;53,6;39,3;5,9;1,2;82;27,8
2025;484 744;453 945;;29,1;48.442342;1.489294;103166;CENTRE-VAL DE LOIRE;28085;38875;28;28501;Chartres;89793;unités urbaines de 20 000 à 100 000 habitants;11;53;16 582;6,80%;De 450 à 700 000 entrées;catégorie D;JPPR;commune-centre;429;299;248;31,8;61,6;4,4;2,3;212;19,2
249;31 240;31 949;FEDERATION ESPERANCE CHARTRES DE BRETAGNE;51;48.040732;-1.692346;103201;BRETAGNE;35066;7355;35;35701;Rennes;330871;unités urbaines de 100 000 habitants et plus;1;48;396;-2,20%;De 30 à 40 000 entrées;non;;banlieue;206;179;14;66,3;22,8;8;2,8;117;46,4
178;20 825;21 247;RENON IRENE EPOUSE VERGNAUD;31,9;45.823984;0.44846;103561;NOUVELLE AQUITAINE;16085;3036;16;16103;Chasseneuil-sur-Bonnieure;3036;unités urbaines de moins de 20 000 habitants et zones rurales;1;48;690;-2,00%;De 20 à 30 000 entrées;catégorie E;;commune isolée;199;155;0;53,5;30,6;13;2,8;72;33,1
160;4 601;3 777;FAMILLES RURALES FEDERATION DEPARTEMENTALE DE VENDEE;32,7;46.647373;-0.742446;103922;PAYS DE LA LOIRE;85059;2536;85;85123;La Châtaigneraie;3843;unités urbaines de moins de 20 000 habitants et zones rurales;1;22;104;21,80%;De 2 à 5 000 entrées;non;;commune-centre;58;40;0;62,9;21,7;12,4;3,1;23;35,3
465;81 568;83 388;LE CINEMATOGRAPHE;41,5;44.068241;5.987231;103985;PROVENCE-ALPES-COTE D'AZUR;4049;5184;4;4203;Château-Arnoux-Saint-Auban;7189;unités urbaines de moins de 20 000 habitants et zones rurales;3;53;4 096;-2,20%;De 80 à 100 000 entrées;catégorie E;RDJPPR;commune-centre;289;226;135;40,5;49,9;5,8;3,8;170;33,7
221;28 667;25 518;ASSOCIATION ETOILE CINEMA;33,8;48.110334;-1.405013;104032;BRETAGNE;35068;6917;35;35214;Châteaubourg;8907;unités urbaines de moins de 20 000 habitants et zones rurales;1;52;397;12,30%;De 20 à 30 000 entrées;catégorie E;;commune-centre;188;157;11;43,8;43,8;8;4,5;82;28,6
748;110 918;110 287;EMERAUDE CINEMAS;26,7;47.721188;-1.376037;104051;PAYS DE LA LOIRE;44036;12067;44;44302;Châteaubriant;12067;unités urbaines de moins de 20 000 habitants et zones rurales;4;52;4 195;0,60%;De 100 à 150 000 entrées;catégorie E;JP;commune isolée;298;203;74;42,4;51,6;5,2;0,8;156;20,7
185;6 440;5 793;SCENI QUA NON;56,1;47.064474;3.93279;104091;BOURGOGNE / FRANCHE-COMTE;58062;2071;58;58101;Château-Chinon (Ville);2071;unités urbaines de moins de 20 000 habitants et zones rurales;1;52;410;11,20%;De 5 à 10 000 entrées;catégorie E;PR;commune isolée;176;141;0;64,4;28,1;3,7;3,8;106;51
147;6 345;5 081;COMMUNE DE CHATEAU D'OLONNE;86,9;46.501324;-1.733545;104143;PAYS DE LA LOIRE;85060;13834;85;85403;Les Sables-d'Olonne;42649;unités urbaines de 20 000 à 100 000 habitants;1;17;176;24,90%;De 5 à 10 000 entrées;non;;commune-centre;72;37;0;68,1;6,8;14;11,2;59;83,8
127;18 049;17 672;CINE-OFF;62;47.696864;0.415325;104164;PAYS DE LA LOIRE;72071;6200;72;72204;Château-du-Loir;7439;unités urbaines de moins de 20 000 habitants et zones rurales;1;49;495;2,10%;De 10 à 20 000 entrées;catégorie E;RDJPPR;commune-centre;188;139;1;57,6;25;7,7;9,7;127;57,3
412;65 158;60 076;BENTABET HOCINE;16;48.071336;1.331864;104181;CENTRE-VAL DE LOIRE;28088;12980;28;28302;Châteaudun;16558;unités urbaines de moins de 20 000 habitants et zones rurales;3;52;3 051;8,50%;De 50 à 80 000 entrées;catégorie E;JPPR;commune-centre;227;172;69;33,8;59,7;4,4;2,1;88;15,7
182;24 830;20 956;CASTEL CINEMA;34,1;48.045827;-1.499092;104282;BRETAGNE;35069;9561;35;35217;Châteaugiron;12746;unités urbaines de moins de 20 000 habitants et zones rurales;1;49;367;18,50%;De 20 à 30 000 entrées;catégorie E;;commune-centre;196;154;3;45,8;40,3;12,8;1,1;75;31,7
445;93 951;87 255;LES 3 J;22,6;47.826896;-0.705609;104301;PAYS DE LA LOIRE;53062;11745;53;53302;Château-Gontier;16757;unités urbaines de moins de 20 000 habitants et zones rurales;3;53;2 738;7,70%;De 80 à 100 000 entrées;catégorie E;JP;commune-centre;288;217;115;46,4;46,9;5,6;1,1;117;22,9
194;21 346;17 959;LES CINEMAS DE L ODET;37,3;48.194912;-4.094078;104391;BRETAGNE;29026;5227;29;29204;Châteaulin;5616;unités urbaines de moins de 20 000 habitants et zones rurales;1;52;595;18,90%;De 20 à 30 000 entrées;catégorie E;JPPR;commune-centre;255;212;11;48,3;37,1;12,7;2;109;34,7
210;5 864;4 874;COMMUNAUTE DE COMMUNES BRIANCE COMBADE;40,8;45.714496;1.608216;104642;NOUVELLE AQUITAINE;87040;1603;87;0;Zone rurale;14541106;unités urbaines de 100 000 habitants et plus;1;49;314;20,30%;De 5 à 10 000 entrées;catégorie E;;territoire rural;170;143;0;49,9;34,5;10,1;5,5;83;43,8
120;10 990;9 628;OFFICE MUNICIPAL DE LA CULTURE DE CHATEAUNEUF;31,4;43.383798;5.16491;104661;PROVENCE-ALPES-COTE D'AZUR;13026;15057;13;759;Marseille - Aix-en-Provence;1585498;unités urbaines de 100 000 habitants et plus;1;44;969;14,10%;De 10 à 20 000 entrées;non;;banlieue;120;97;2;39,2;38,5;21,6;0,7;46;32,5
64;12 085;10 389;;51,3;47.931476;2.928439;104801;CENTRE-VAL DE LOIRE;45083;2237;45;0;Zone rurale;14541106;unités urbaines de 100 000 habitants et plus;1;52;721;16,30%;De 10 à 20 000 entrées;catégorie E;JPPR;territoire rural;196;130;0;54,4;25,9;13;6,7;113;49,2
329;45 807;42 238;POLYMAGES;28,4;43.885453;4.855476;104824;PROVENCE-ALPES-COTE D'AZUR;13027;15624;13;754;Avignon;456042;unités urbaines de 100 000 habitants et plus;3;50;3 242;8,40%;De 40 à 50 000 entrées;catégorie C;JPPR;banlieue;275;217;70;37,8;52,6;6,8;2,8;147;24,5
216;25 513;25 334;;35,7;47.592055;0.915712;104851;CENTRE-VAL DE LOIRE;37063;5036;37;37203;Château-Renault;7221;unités urbaines de moins de 20 000 habitants et zones rurales;1;51;1 061;0,70%;De 20 à 30 000 entrées;catégorie E;JPPR;commune-centre;218;172;10;48,8;40,5;8,7;2;102;33,7
328;34 905;37 917;ASSOCIATION POUR LA GESTION DES ESPACES CULTURELS;87,3;46.810828;1.697689;104863;CENTRE-VAL DE LOIRE;36044;43732;36;36501;Châteauroux;60779;unités urbaines de 20 000 à 100 000 habitants;1;48;1 452;-7,90%;De 30 à 40 000 entrées;catégorie D;RDJPPR;commune-centre;199;119;21;53,1;21,1;15,5;10,2;183;73,3
1078;228 830;212 680;CINEMOVIDA;24,4;46.808819;1.690195;104881;CENTRE-VAL DE LOIRE;36044;43732;36;36501;Châteauroux;60779;unités urbaines de 20 000 à 100 000 habitants;8;53;14 208;7,60%;De 200 à 300 000 entrées;non;;commune-centre;285;220;154;34;61,6;3,4;1;127;15,3
190;4 216;3 408;;17,5;48.822643;6.507084;104933;GRAND EST;57132;2442;57;57113;Château-Salins;2442;unités urbaines de moins de 20 000 habitants et zones rurales;1;50;171;23,70%;De 2 à 5 000 entrées;non;;commune isolée;62;50;0;66,7;19,5;10,6;3,3;13;29,4
576;106 476;98 899;CINEMA THEATRE JEAN DE LA FONTAINE;17,4;49.046046;3.402936;104994;HAUTS DE FRANCE;2168;14602;2;2401;Château-Thierry;21591;unités urbaines de 20 000 à 100 000 habitants;4;53;3 987;7,70%;De 100 à 150 000 entrées;non;;commune-centre;194;146;78;25,6;67,6;4,2;2,6;78;15,7
275;13 897;14 263;SOCIETE DES CINEMAS DU CHABLAIS;13;46.278127;6.859481;105091;AUVERGNE / RHONE-ALPES;74063;1224;74;74108;Abondance;3487;unités urbaines de moins de 20 000 habitants et zones rurales;1;30;400;-2,60%;De 10 à 20 000 entrées;non;;commune-centre;68;45;27;45,2;52,7;1,7;0,4;17;9,4
100;4 830;4 851;SOCIETE DES CINEMAS DU CHABLAIS;16,2;46.2662845;6.84154239999998;105092;AUVERGNE / RHONE-ALPES;74063;1224;74;74108;Abondance;3487;unités urbaines de moins de 20 000 habitants et zones rurales;1;27;302;-0,40%;De 2 à 5 000 entrées;non;;commune-centre;47;34;6;77,3;8,8;13,6;0,3;10;14,7
129;30 088;30 603;MJC LES 400 COUPS;83,3;46.810802;0.542436;105375;NOUVELLE AQUITAINE;86066;31809;86;86401;Châtellerault;40693;unités urbaines de 20 000 à 100 000 habitants;1;49;1 142;-1,70%;De 30 à 40 000 entrées;catégorie D;RDJPPR;commune-centre;173;114;15;64,9;12,4;13;9,6;149;75,7
946;191 756;175 556;;20,2;46.820621;0.544345;105404;NOUVELLE AQUITAINE;86066;31809;86;86401;Châtellerault;40693;unités urbaines de 20 000 à 100 000 habitants;7;53;10 277;9,20%;De 150 à 200 000 entrées;catégorie D;JP;commune-centre;277;225;174;35,6;59,8;4;0,6;96;14,9
551;62 088;57 641;ASSOCIATION CHATENAY ACTION CULTURE;55,8;48.765842;2.259825;105652;ILE-DE-FRANCE;92019;33330;92;851;Paris;10706072;grande couronne;2;49;2 347;7,70%;De 50 à 80 000 entrées;catégorie C;RDJPPR;banlieue;242;164;76;46,6;39,3;7,7;6,4;165;45,4
199;7 170;7 276;ASSOCIATION CULTURELLE DU VENDELAIS;46,8;48.22475;-1.179471;105931;BRETAGNE;35072;1700;35;0;Zone rurale;14541106;unités urbaines de 100 000 habitants et plus;1;47;376;-1,50%;De 5 à 10 000 entrées;catégorie E;JP;territoire rural;170;145;3;65,4;21,8;9,5;3,3;92;44,4
226;32 155;29 640;THEATRE DE CHATILLON;67,1;48.800675;2.288049;106031;ILE-DE-FRANCE;92020;37159;92;851;Paris;10706072;grande couronne;1;43;723;8,50%;De 30 à 40 000 entrées;catégorie C;;banlieue;197;127;0;56,5;24,1;11,9;7,4;139;63,9
245;22 451;19 616;;44,5;46.119679;4.956909;106072;AUVERGNE / RHONE-ALPES;1093;4914;1;1124;Châtillon-sur-Chalaronne;4914;unités urbaines de moins de 20 000 habitants et zones rurales;1;48;539;14,50%;De 20 à 30 000 entrées;catégorie E;JP;commune isolée;204;144;2;58,9;30,9;8,6;1,7;119;38,3
197;16 789;18 015;ALLIANCE BOURGUIGNONNE CINEMATOGRAPHIQUE;38;47.858822;4.57312;106181;BOURGOGNE / FRANCHE-COMTE;21154;5385;21;21203;Châtillon-sur-Seine;5385;unités urbaines de moins de 20 000 habitants et zones rurales;2;50;889;-6,80%;De 10 à 20 000 entrées;catégorie E;JPPR;commune isolée;211;182;11;55,1;38;5,2;1,7;101;28,9
459;73 105;61 066;ANIM'ACTION;38,3;48.886917;2.156299;106262;ILE-DE-FRANCE;78146;31058;78;851;Paris;10706072;petite couronne;2;49;1 779;19,70%;De 50 à 80 000 entrées;non;;banlieue;113;88;37;67,2;21,3;9,8;1,7;53;37,3
193;14 311;15 265;GODET DIDIER;36,4;48.7407435;2.764804799999979;106291;CENTRE-VAL DE LOIRE;36046;4255;36;36202;La Châtre;6969;unités urbaines de moins de 20 000 habitants et zones rurales;1;48;423;-6,20%;De 10 à 20 000 entrées;catégorie E;;commune-centre;102;78;4;57,6;35,7;5,5;1,3;45;36,8
250;5 173;5 994;COMMUNE DE CHAUDES AIGUES;28,3;44.855415;3.005081;106582;AUVERGNE / RHONE-ALPES;15045;891;15;0;Zone rurale;14541106;unités urbaines de 100 000 habitants et plus;1;52;230;-13,70%;De 5 à 10 000 entrées;catégorie E;;territoire rural;112;92;0;61,5;34,6;3,3;0,6;45;26,9
147;15 737;13 291;CINE ACTION PALACE;37,8;46.206256;4.339632;106673;BOURGOGNE / FRANCHE-COMTE;71120;3725;71;258;Chauffailles;6220;unités urbaines de moins de 20 000 habitants et zones rurales;1;53;1 028;18,40%;De 10 à 20 000 entrées;catégorie E;JPPR;commune-centre;200;161;5;46,5;44,9;7,2;1,4;103;32,1
270;6 404;6 624;CINE VADROUILLE;75;44.76726;6.010559;106681;PROVENCE-ALPES-COTE D'AZUR;5039;383;5;0;Zone rurale;14541106;unités urbaines de 100 000 habitants et plus;1;30;228;-3,30%;De 5 à 10 000 entrées;catégorie E;;territoire rural;24;9;0;80,4;7,2;3,9;8,5;22;74,6
1134;190 012;192 014;;29,1;48.110117;5.13491;107043;GRAND EST;52121;22333;52;52401;Chaumont;23370;unités urbaines de 20 000 à 100 000 habitants;8;53;11 070;-1,00%;De 150 à 200 000 entrées;catégorie D;RDJP;commune-centre;384;281;205;41,5;52,1;4,9;1,5;182;21,7
380;53 063;53 060;ECRANPIC;16,8;49.622785;3.220456;107251;HAUTS DE FRANCE;2173;11831;2;2303;Chauny;17550;unités urbaines de moins de 20 000 habitants et zones rurales;3;53;3 929;0,00%;De 50 à 80 000 entrées;non;;commune-centre;271;236;120;27,5;64,9;4,7;2,9;113;15,7
218;19 023;18 100;CHAUVIGNY CINEMA;65,9;46.568169;0.647781;107511;NOUVELLE AQUITAINE;86070;7105;86;86203;Chauvigny;7105;unités urbaines de moins de 20 000 habitants et zones rurales;2;48;736;5,10%;De 10 à 20 000 entrées;catégorie E;RDJPPR;commune isolée;196;152;0;68,9;16,3;11,4;3,4;147;57,1
643;21 191;19 355;;41,5;48.813094;2.192579;108192;ILE-DE-FRANCE;92022;20001;92;851;Paris;10706072;grande couronne;1;44;347;9,50%;De 20 à 30 000 entrées;non;;banlieue;132;95;3;48,1;32,8;8,6;10,4;71;45,4
195;6 967;5 808;UNION REG FEDERATIONS OEUVRES LAIQUES AUVERGNE RHONE ALPES;38,3;45.877437;4.7121;108298;AUVERGNE / RHONE-ALPES;69052;4095;69;758;Lyon;1639558;unités urbaines de 100 000 habitants et plus;1;37;94;20,00%;De 5 à 10 000 entrées;non;;banlieue;85;68;4;60,5;24,9;13,2;1,4;35;37,6
146;8 747;7 398;CINE CHEF;45,4;46.108833;-0.068552;108592;NOUVELLE AQUITAINE;79083;2137;79;79101;Chef-Boutonne;2137;unités urbaines de moins de 20 000 habitants et zones rurales;1;48;381;18,20%;De 5 à 10 000 entrées;catégorie E;JP;commune isolée;178;142;1;59,6;24,1;14,6;1,6;95;42,9
645;75 823;61 964;STUDIO 43;34,4;48.877872;2.586341;108774;ILE-DE-FRANCE;77108;53833;77;851;Paris;10706072;petite couronne;2;53;3 282;22,40%;De 50 à 80 000 entrées;catégorie C;JP;banlieue;222;151;21;32,7;58,3;6,4;2,6;122;25
198;14 585;13 931;ABC49 LES AMIS DU BON CINEMA;30,8;47.212271;-0.72686;108932;PAYS DE LA LOIRE;49092;21492;49;49210;Chemillé;21492;unités urbaines de 20 000 à 100 000 habitants;1;49;390;4,70%;De 10 à 20 000 entrées;catégorie D;;commune isolée;144;123;2;52,7;41;3;3,4;58;26,9
1025;58 188;55 395;SOCIETE RENNAISE DE DIFFUSION CINEMATOGRAPHIQUE;89,9;49.638968;-1.621407;109792;NORMANDIE;50129;80616;50;50501;Cherbourg-Octeville;83311;unités urbaines de 20 000 à 100 000 habitants;5;53;8 298;5,00%;De 50 à 80 000 entrées;catégorie B;RDJPPR;commune-centre;426;282;214;57,3;14,3;16,1;12,3;354;77,8
2536;370 291;349 710;;14,8;49.642211;-1.613365;109836;NORMANDIE;50129;80616;50;50501;Cherbourg-Octeville;83311;unités urbaines de 20 000 à 100 000 habitants;12;53;23 664;5,90%;De 300 à 450 000 entrées;non;;commune-centre;254;210;207;30,6;64,4;4,3;0,7;41;12,5
3923;913 512;874 904;GAUMONT;13,1;48.880488;2.772675;110351;ILE-DE-FRANCE;77111;5131;77;851;Paris;10706072;petite couronne;15;53;30 189;4,40%;De 700 000 à 1 million d'entrées;non;;banlieue;250;194;192;14,6;81,2;3,6;0,7;43;9,9
216;51 636;27 794;;23,1;48.856412;2.773682;110372;ILE-DE-FRANCE;77111;5131;77;851;Paris;10706072;petite couronne;2;51;3 629;85,80%;De 50 à 80 000 entrées;non;;banlieue;239;169;32;13,8;77,5;6,5;2,3;113;18,6
405;13 516;11 467;CENTRE CULTUREL DE CHEVILLY LARUE;58,2;48.770432;2.350955;110761;ILE-DE-FRANCE;94021;19169;94;851;Paris;10706072;grande couronne;1;46;453;17,90%;De 10 à 20 000 entrées;catégorie C;;banlieue;140;108;1;60,6;27,1;2,7;9,7;91;45,9
159;9 601;10 461;ASSOCIATION SOU DES ECOLES LAIQUES DE LA VILLE DU CHEYLARD;20,6;44.907088;4.421455;111071;AUVERGNE / RHONE-ALPES;7064;3032;7;7114;Le Cheylard;4014;unités urbaines de moins de 20 000 habitants et zones rurales;1;47;228;-8,20%;De 5 à 10 000 entrées;non;;commune-centre;96;79;0;45,7;47,1;5;2,2;22;19,5
409;50 385;50 273;ASSOCIATION FRANCOIS TRUFFAUT;61,8;48.703333;2.314917;111583;ILE-DE-FRANCE;91161;20258;91;851;Paris;10706072;petite couronne;2;53;3 086;0,20%;De 50 à 80 000 entrées;catégorie C;RDJPPR;banlieue;450;279;15;46,9;35,3;12,4;5,4;332;47,2
350;36 214;34 305;ASSOCIATION CINEMA LE RABELAIS;43,7;47.16663;0.240401;111621;CENTRE-VAL DE LOIRE;37072;8101;37;37205;Chinon;9906;unités urbaines de moins de 20 000 habitants et zones rurales;1;51;893;5,60%;De 30 à 40 000 entrées;catégorie E;JPPR;commune-centre;231;178;30;58,7;31,8;6,4;3,2;141;40,9
181;39 328;34 399;CENTRE D'ACTION CULTURELLE THEATRE PAUL ELUARD CHOISY LE ROI;54,3;48.766383;2.414699;112014;ILE-DE-FRANCE;94022;43846;94;851;Paris;10706072;grande couronne;1;48;1 047;14,30%;De 30 à 40 000 entrées;catégorie C;JP;banlieue;176;131;1;55,3;31,6;8,3;4,8;108;46
1443;402 686;376 258;SOCIETE NOUVELLE DE SPECTACLES;26,6;47.061739;-0.881773;112095;PAYS DE LA LOIRE;49099;53800;49;49501;Cholet;57841;unités urbaines de 20 000 à 100 000 habitants;10;53;17 129;7,00%;De 300 à 450 000 entrées;catégorie D;RDJPPR;commune-centre;539;354;212;37,5;57;4;1,5;298;19,1
400;2 227;1 676;ASSOCIATION ANIMATION DU VILLAGE DE CHOMERAC;25;44.7543898;4.69809029999999;112151;AUVERGNE / RHONE-ALPES;7066;3051;7;7104;Chomérac;3051;unités urbaines de moins de 20 000 habitants et zones rurales;1;7;8;32,90%;De 2 à 5 000 entrées;non;;commune isolée;8;5;0;64,2;15,5;20,3;0;2;24,6
426;73 505;72 325;SOCIETE DU KURSAAL CINEMA;32,9;43.175703;5.604941;112811;PROVENCE-ALPES-COTE D'AZUR;13028;35580;13;757;Toulon;569793;unités urbaines de 100 000 habitants et plus;3;53;4 449;1,60%;De 50 à 80 000 entrées;catégorie C;RD;banlieue;315;264;159;38,3;53,2;5,4;3,1;156;30
142;22 931;20 216;;66,8;43.177341;5.610704;112825;PROVENCE-ALPES-COTE D'AZUR;13028;35580;13;757;Toulon;569793;unités urbaines de 100 000 habitants et plus;1;52;999;13,40%;De 20 à 30 000 entrées;catégorie C;JPPR;banlieue;303;166;4;51,5;24,9;13,9;9,6;220;62,1
126;23 101;23 606;TEXIER PASCAL;39,4;46.148022;0.295463;113131;NOUVELLE AQUITAINE;86078;2664;86;86113;Civray;4019;unités urbaines de moins de 20 000 habitants et zones rurales;1;50;1 207;-2,10%;De 20 à 30 000 entrées;catégorie E;RDJPPR;commune-centre;266;191;8;47,2;35,1;15,7;2;127;36,3
116;3 094;3 507;ASSOCIATION LE PARVIS;47,3;43.257218;0.483469;113271;OCCITANIE;65148;125;65;0;Zone rurale;14541106;unités urbaines de 100 000 habitants et plus;1;53;203;-11,80%;De 2 à 5 000 entrées;catégorie E;;territoire rural;165;147;19;58,1;29,1;8,3;4,6;88;50,6
176;16 334;29 805;COMMUNE DE CLAMART;70,5;48.802513;2.263801;113523;ILE-DE-FRANCE;92023;52645;92;851;Paris;10706072;grande couronne;1;33;569;-45,20%;De 10 à 20 000 entrées;catégorie C;RDJP;banlieue;106;77;10;74,2;8,9;12,5;4,4;78;61,4
243;26 937;23 571;EDEN CINEMA SARL;22,8;47.458201;3.515322;113611;BOURGOGNE / FRANCHE-COMTE;58079;3867;58;58107;Clamecy;4165;unités urbaines de moins de 20 000 habitants et zones rurales;2;46;1 705;14,30%;De 20 à 30 000 entrées;non;;commune-centre;206;162;34;41;49,1;6,6;3,4;103;28,5
356;69 292;69 970;COMMUNE DE CLAYES SOUS BOIS;32,8;48.821274;1.987156;114032;ILE-DE-FRANCE;78165;17645;78;851;Paris;10706072;petite couronne;2;53;1 775;-1,00%;De 50 à 80 000 entrées;catégorie C;JP;banlieue;208;137;16;43,2;46,8;5,8;4,2;111;30,5
193;12 020;11 048;ASSOCIATION CULTURE ET LOISIRS CINEMA;36,4;46.290173;4.304916;114062;BOURGOGNE / FRANCHE-COMTE;71133;1706;71;71110;La Clayette;2947;unités urbaines de moins de 20 000 habitants et zones rurales;1;52;541;8,80%;De 10 à 20 000 entrées;catégorie E;JP;commune-centre;187;156;1;59,6;31,6;7,3;1,6;84;36
129;4 198;3 563;ECRAN VAGABOND DU TRIEVES;57,3;44.814065;5.63181;114211;AUVERGNE / RHONE-ALPES;38113;571;38;0;Zone rurale;14541106;unités urbaines de 100 000 habitants et plus;1;50;96;17,80%;De 2 à 5 000 entrées;non;;territoire rural;86;64;0;68,4;13,1;12,8;5,7;54;58,1
110;27 545;24 472;COMMUNE DE CLERMONT;45;49.377974;2.414916;114523;HAUTS DE FRANCE;60157;10548;60;60401;Clermont;21674;unités urbaines de 20 000 à 100 000 habitants;1;49;863;12,60%;De 20 à 30 000 entrées;catégorie D;JPPR;commune-centre;224;154;3;39,9;44,5;9,6;5,9;114;40
230;74 777;62 922;OFFICE CULTUREL CLERMONTAIS;42,7;43.625579;3.435522;114564;OCCITANIE;34079;8667;34;34213;Clermont-l'Hérault;10400;unités urbaines de moins de 20 000 habitants et zones rurales;1;53;1 460;18,80%;De 50 à 80 000 entrées;catégorie E;RDJPPR;commune-centre;281;209;33;44;45,3;7,4;3,3;173;34,9
670;109 976;108 155;UGC;86,8;45.776195;3.081674;114621;AUVERGNE / RHONE-ALPES;63113;141398;63;63701;Clermont-Ferrand;265892;unités urbaines de 100 000 habitants et plus;5;53;8 250;1,70%;De 100 à 150 000 entrées;catégorie A;RD;commune-centre;233;152;137;56;20,3;11,6;12,1;192;90
159;29 682;25 979;ASSOCIATION LES AMIS DU RIO;72,4;45.803623;3.108544;114664;AUVERGNE / RHONE-ALPES;63113;141398;63;63701;Clermont-Ferrand;265892;unités urbaines de 100 000 habitants et plus;1;49;1 570;14,30%;De 20 à 30 000 entrées;catégorie A;RDJPPR;commune-centre;234;111;18;62,8;8,8;23,9;4,5;191;62,6
1234;150 877;144 197;LES CINEMAS PATHE GAUMONT;12,5;45.77645;3.08216;114701;AUVERGNE / RHONE-ALPES;63113;141398;63;63701;Clermont-Ferrand;265892;unités urbaines de 100 000 habitants et plus;7;53;10 803;4,60%;De 150 à 200 000 entrées;non;;commune-centre;140;117;114;30,5;65,4;3;1,2;16;15,5
269;63 355;66 734;LE PARIS;93,3;45.778539;3.081053;114717;AUVERGNE / RHONE-ALPES;63113;141398;63;63701;Clermont-Ferrand;265892;unités urbaines de 100 000 habitants et plus;3;53;5 402;-5,10%;De 50 à 80 000 entrées;catégorie A;RDJPPR;commune-centre;201;115;107;47,6;12,5;23,2;16,7;170;92,7
1162;192 299;192 790;LE PARIS;16,6;45.774394;3.08166;114720;AUVERGNE / RHONE-ALPES;63113;141398;63;63701;Clermont-Ferrand;265892;unités urbaines de 100 000 habitants et plus;7;53;13 562;-0,30%;De 150 à 200 000 entrées;non;;commune-centre;165;128;118;29,6;65,7;4,1;0,6;30;19,4
2218;297 740;261 560;PROCHIMAT SARL;14,1;45.807582;3.109175;114727;AUVERGNE / RHONE-ALPES;63113;141398;63;63701;Clermont-Ferrand;265892;unités urbaines de 100 000 habitants et plus;12;53;23 628;13,80%;De 200 à 300 000 entrées;non;;commune-centre;246;184;179;26,2;68,1;4,4;1,3;38;12,6
150;17 661;19 514;FEDERATION DEPARTEMENTALE FOYERS RURAUX DE SAONE ET LOIRE;66,3;46.4211271;4.821967699999959;114971;BOURGOGNE / FRANCHE-COMTE;71135;848;71;0;Zone rurale;14541106;unités urbaines de 100 000 habitants et plus;1;48;517;-9,50%;De 10 à 20 000 entrées;catégorie E;JP;territoire rural;63;13;0;59,6;13;17,6;9,8;49;60,6
549;43 891;39 016;COMMUNE DE CLICHY LA GARENNE;49,5;48.90196;2.309342;115104;ILE-DE-FRANCE;92024;60435;92;851;Paris;10706072;grande couronne;1;47;943;12,50%;De 40 à 50 000 entrées;catégorie C;;banlieue;209;157;0;49,4;27,5;15,9;7,3;121;45,9
432;62 130;56 038;CINEMA LE CONNETABLE;39,5;47.083295;-1.287262;115334;PAYS DE LA LOIRE;44043;6883;44;365;Clisson;18440;unités urbaines de moins de 20 000 habitants et zones rurales;2;49;1 171;10,90%;De 50 à 80 000 entrées;catégorie E;JP;commune-centre;254;213;68;48,2;42,4;6,5;3;135;33,1
289;13 952;11 245;COMMUNE DE CLUNY;59,7;46.43482;4.657216;115511;BOURGOGNE / FRANCHE-COMTE;71137;4803;71;71112;Cluny;4803;unités urbaines de moins de 20 000 habitants et zones rurales;1;47;452;24,10%;De 10 à 20 000 entrées;catégorie E;JPPR;commune isolée;168;116;0;64;17,9;12;6,1;114;61,1
313;10 923;12 257;DUO;13,5;45.904524;6.425393;115521;AUVERGNE / RHONE-ALPES;74080;1770;74;0;Zone rurale;14541106;unités urbaines de 100 000 habitants et plus;1;31;348;-10,90%;De 10 à 20 000 entrées;non;;territoire rural;78;62;32;44;52,6;3,3;0,2;15;7,8
256;7 976;8 616;BAUCINE;16,3;46.050618;6.587273;115562;AUVERGNE / RHONE-ALPES;74081;17538;74;74502;Cluses;89490;unités urbaines de 20 000 à 100 000 habitants;1;28;276;-7,40%;De 5 à 10 000 entrées;non;;commune-centre;82;64;38;37,2;57,5;5,2;0,1;13;10,3
600;15 535;15 016;CINEVALLEES;79,8;46.058081;6.580638;115565;AUVERGNE / RHONE-ALPES;74081;17538;74;74502;Cluses;89490;unités urbaines de 20 000 à 100 000 habitants;1;52;451;3,50%;De 10 à 20 000 entrées;catégorie D;;commune-centre;225;157;1;51,6;26,5;7,7;14,2;184;77,9
962;137 487;131 968;RAYLUMOND;13,8;45.69146;-0.322862;115891;NOUVELLE AQUITAINE;16102;18654;16;16401;Cognac;26408;unités urbaines de 20 000 à 100 000 habitants;7;53;7 959;4,20%;De 100 à 150 000 entrées;non;;commune-centre;187;155;124;32,7;62,8;4;0,5;41;14,4
130;22 346;18 756;POLYMAGES;29;43.250728;6.537455;116021;PROVENCE-ALPES-COTE D'AZUR;83042;12387;83;83305;Cogolin;12387;unités urbaines de moins de 20 000 habitants et zones rurales;1;53;1 315;19,10%;De 20 à 30 000 entrées;catégorie E;;commune isolée;135;119;33;38,7;53,9;5,4;2;57;23,8
322;2 783;6 811;MAISON DES JEUNES ET DE LA CULTURE DU THEATRE DE COLOMBES;75,4;48.923862;2.250041;117025;ILE-DE-FRANCE;92025;85199;92;851;Paris;10706072;grande couronne;1;22;69;-59,10%;De 2 à 5 000 entrées;catégorie C;;banlieue;32;2;0;29,7;28,3;21,4;20,6;29;80,2
477;139 772;123 195;QUATRE CLUBS SARL;46,2;48.923159;2.255372;117051;ILE-DE-FRANCE;92025;85199;92;851;Paris;10706072;grande couronne;4;53;6 439;13,50%;De 100 à 150 000 entrées;catégorie C;JPPR;banlieue;235;171;126;40,4;48,4;6,6;4,6;146;37,5
412;55 897;51 998;;40,9;43.611008;1.332576;117341;OCCITANIE;31149;38801;31;31701;Toulouse;948433;unités urbaines de 100 000 habitants et plus;2;53;2 101;7,50%;De 50 à 80 000 entrées;catégorie C;RDJPPR;banlieue;263;163;45;48,1;41,4;7,6;2,9;155;38,8
296;35 009;33 979;ASSOCIATION LA CHATEAUBRIAND;41,3;48.412765;-1.750635;117742;BRETAGNE;35085;5862;35;35205;Combourg;5862;unités urbaines de moins de 20 000 habitants et zones rurales;2;53;1 345;3,00%;De 30 à 40 000 entrées;catégorie E;RDJP;commune isolée;316;258;39;46,7;35;14,9;3,4;167;40,4
236;12 268;13 971;SCENE NATIONALE DE SENART;60,3;48.659579;2.566711;117921;ILE-DE-FRANCE;77122;22154;77;851;Paris;10706072;petite couronne;1;47;587;-12,20%;De 10 à 20 000 entrées;non;;banlieue;171;125;0;43,1;28,8;13,9;14,2;118;57,6
0;15 306;14 452;;35,7;46.287439;2.74393;118073;AUVERGNE / RHONE-ALPES;3082;6329;3;3203;Commentry;7140;unités urbaines de moins de 20 000 habitants et zones rurales;1;48;387;5,90%;De 10 à 20 000 entrées;non;;commune-centre;51;33;0;73,6;5,6;13,1;7,7;23;46,5
215;15 945;17 133;;36,4;48.763489;5.589497;118135;GRAND EST;55122;5826;55;55203;Commercy;5826;unités urbaines de moins de 20 000 habitants et zones rurales;1;47;418;-6,90%;De 10 à 20 000 entrées;catégorie E;;commune isolée;163;133;3;41,7;40,7;13,5;4,1;72;33,3
801;178 103;162 841;SOCIETE DES CINEMAS CELTIC;24,9;47.899073;-3.909554;118495;BRETAGNE;29039;19182;29;29404;Concarneau;26225;unités urbaines de 20 000 à 100 000 habitants;5;53;7 009;9,40%;De 150 à 200 000 entrées;catégorie D;JP;commune-centre;283;195;104;42,2;52,1;4,7;1;135;24,8
381;24 783;23 737;LES FEUX DE LA RAMPE;31,6;48.8506;-0.551002;119054;NORMANDIE;14174;6834;14;262;Condé-sur-Noireau;8255;unités urbaines de moins de 20 000 habitants et zones rurales;1;52;699;4,40%;De 20 à 30 000 entrées;catégorie E;JP;commune-centre;189;151;7;48,1;43,4;6,2;2,3;81;23,1
340;12 839;13 590;LIGUE DE L' ENSEIGNEMENT DE BASSE-NORMANDIE;47,5;49.06477;-1.036857;119122;NORMANDIE;50139;4082;50;50106;Condé-sur-Vire;4082;unités urbaines de moins de 20 000 habitants et zones rurales;1;26;257;-5,50%;De 10 à 20 000 entrées;catégorie E;JP;commune isolée;94;65;0;70,2;18,5;6,8;4,5;49;46,3
273;18 859;19 270;LES LUMIERES DE LA VILLE;52,9;43.955916;0.372655;119181;OCCITANIE;32107;6695;32;32203;Condom;6695;unités urbaines de moins de 20 000 habitants et zones rurales;2;51;801;-2,10%;De 10 à 20 000 entrées;catégorie E;RDJPPR;commune isolée;332;247;42;52,5;34,2;8,9;4,5;212;45,2
159;10 187;9 831;CENTRE CULTUREL JEAN VILAR - CINEMA LUX;14,5;49.168276;5.857616;119281;GRAND EST;54136;2356;54;54301;Jarny;12197;unités urbaines de moins de 20 000 habitants et zones rurales;1;50;310;3,60%;De 10 à 20 000 entrées;non;;banlieue;72;65;4;38,4;53,4;7,5;0,8;15;15,4
3105;1 127 325;1 051 117;;20,1;49.004829;2.077668;119305;ILE-DE-FRANCE;78172;35019;78;851;Paris;10706072;petite couronne;13;53;23 765;7,30%;De 1 à 1,5 million d'entrées;non;;banlieue;307;236;203;23,3;71,6;4,1;1;108;13,9
149;19 039;17 295;ASSOCIATION CULTURELLE EMILE ROUX;40,7;46.012696;0.670482;119331;NOUVELLE AQUITAINE;16106;2711;16;16102;Confolens;2711;unités urbaines de moins de 20 000 habitants et zones rurales;1;50;854;10,10%;De 10 à 20 000 entrées;catégorie E;JP;commune isolée;250;187;2;45,7;40,3;10,4;3,6;131;35
0;7 725;7 252;;22,2;43.803799;7.330148;119812;PROVENCE-ALPES-COTE D'AZUR;6048;7412;6;6701;Nice;943354;unités urbaines de 100 000 habitants et plus;1;52;117;6,50%;De 5 à 10 000 entrées;non;;banlieue;84;74;4;63,9;32,7;3,1;0,4;23;15,5
250;2 493;3 235;SOCIETE D EXPLOITATION DU CASINO ET HOTELS DE CONTREXEVILLE;24,5;48.187388;5.923709;120071;GRAND EST;88114;3259;88;88109;Contrexéville;3259;unités urbaines de moins de 20 000 habitants et zones rurales;1;52;445;-22,90%;De 2 à 5 000 entrées;non;;commune isolée;103;93;0;68,6;27,4;1,9;2,1;26;25,5
2371;513 406;501 491;GAUMONT;15,4;50.931939;1.8108;120181;HAUTS DE FRANCE;62239;2519;62;62504;Calais;100640;unités urbaines de 100 000 habitants et plus;12;53;22 532;2,40%;De 450 à 700 000 entrées;non;;banlieue;284;236;192;24,9;70,5;4;0,6;79;10,4
615;19 331;15 882;SARL CINE FOGATA LUCIANI;17,2;42.627056;8.921392;120241;CORSE;2B093;957;2B;0;Zone rurale;14541106;unités urbaines de 100 000 habitants et plus;2;50;988;21,70%;De 10 à 20 000 entrées;non;;territoire rural;156;114;11;27,4;65;5,7;1,9;61;21,8
380;53 510;51 223;EDEN CASINO;27,6;48.603813;2.469302;120293;ILE-DE-FRANCE;91174;50412;91;851;Paris;10706072;petite couronne;3;52;3 480;4,50%;De 50 à 80 000 entrées;catégorie C;JPPR;banlieue;298;205;80;31,9;50,2;8,1;9,8;150;22,3
371;3 540;;;65,5;49.908852;2.515061;120434;HAUTS DE FRANCE;80212;6293;80;80208;Corbie;8149;unités urbaines de moins de 20 000 habitants et zones rurales;1;19;29;;De 2 à 5 000 entrées;non;;commune-centre;23;17;0;77,3;20,5;2,2;0;14;60,5
307;11 031;9 523;;46,6;48.959824;2.189151;120963;ILE-DE-FRANCE;95176;23661;95;851;Paris;10706072;petite couronne;1;41;193;15,80%;De 10 à 20 000 entrées;non;;banlieue;164;119;0;41,9;43,8;8,7;5,6;84;35,4
232;17 359;16 961;SARL PIEVE DI TALCINI;12,5;42.301162;9.151626;121792;CORSE;2B096;7331;2B;2B203;Corte;7331;unités urbaines de moins de 20 000 habitants et zones rurales;2;49;1 046;2,30%;De 10 à 20 000 entrées;non;;commune isolée;79;61;23;11,3;82,9;5,4;0,4;21;17,7
320;63 222;58 161;EDEN CINEMA SARL;25,6;47.409738;2.924065;121951;BOURGOGNE / FRANCHE-COMTE;58086;10388;58;58301;Cosne-Cours-sur-Loire;11508;unités urbaines de moins de 20 000 habitants et zones rurales;2;52;1 834;8,70%;De 50 à 80 000 entrées;catégorie E;;commune-centre;222;174;31;36,5;58,9;3,2;1,4;94;17,4
54;8 162;7 611;;55,8;43.527138;6.149835;122243;PROVENCE-ALPES-COTE D'AZUR;83046;2254;83;83204;Carcès;7028;unités urbaines de moins de 20 000 habitants et zones rurales;1;49;308;7,20%;De 5 à 10 000 entrées;catégorie E;;commune-centre;212;178;4;51,1;24,1;20,1;4,6;131;48,7
278;14 973;11 483;ASSOCIATION RETAISE DE DEVELOPPEMENT CULTUREL;46,5;46.191994;-1.426164;122291;NOUVELLE AQUITAINE;17121;1199;17;17118;Ars-en-Ré;4467;unités urbaines de moins de 20 000 habitants et zones rurales;1;52;979;30,40%;De 10 à 20 000 entrées;catégorie E;;commune-centre;204;170;12;60,4;24,5;10,1;5,1;113;43,5
314;14 990;14 039;CINE LIGUE NORD PAS DE CALAIS;47;51.018022;2.380798;122525;HAUTS DE FRANCE;59155;21360;59;59602;Dunkerque;177103;unités urbaines de 100 000 habitants et plus;1;46;183;6,80%;De 10 à 20 000 entrées;non;;banlieue;82;53;0;59;31,6;7,1;2,3;40;41
0;44 760;38 333;;24,5;49.412798;1.840232;122720;HAUTS DE FRANCE;60164;951;60;0;Zone rurale;14541106;unités urbaines de 100 000 habitants et plus;1;50;1 079;16,80%;De 40 à 50 000 entrées;catégorie E;JPPR;territoire rural;131;76;0;49,4;38;9,8;2,7;58;25,4
568;91 739;85 618;;15,9;48.809696;3.090876;123373;ILE-DE-FRANCE;77131;15116;77;77402;Coulommiers;27344;petite couronne;4;50;3 454;7,10%;De 80 à 100 000 entrées;catégorie D;JP;commune-centre;143;109;71;30,2;64,4;4,7;0,7;52;13,5
360;3 689;4 457;ASSOCIATION ESPACE CARPEAUX;38,1;48.899883;2.259136;123905;ILE-DE-FRANCE;92026;83136;92;851;Paris;10706072;grande couronne;1;9;21;-17,20%;De 2 à 5 000 entrées;non;;banlieue;16;14;1;70,4;17,6;12;0;6;28,2
139;54 863;49 205;ASSOCIATION ESPACE CARPEAUX;62,4;48.901327;2.271867;123914;ILE-DE-FRANCE;92026;83136;92;851;Paris;10706072;grande couronne;1;53;1 609;11,50%;De 50 à 80 000 entrées;catégorie C;JPPR;banlieue;260;192;3;57;20,1;14,8;8,1;170;63,6
195;21 326;18 261;ASSOCIATION DEVELOPPEMENT LOISIRS ET CULTURE;56,7;48.926821;2.391627;125135;ILE-DE-FRANCE;93027;41733;93;851;Paris;10706072;grande couronne;1;47;1 113;16,80%;De 20 à 30 000 entrées;catégorie C;RDJPPR;banlieue;254;160;1;28,1;38,3;15,8;17,7;165;44,1
476;59 497;49 865;KALEIDOSCOPE;37,1;45.731555;3.199146;125201;AUVERGNE / RHONE-ALPES;63124;19768;63;63701;Clermont-Ferrand;265892;unités urbaines de 100 000 habitants et plus;3;53;3 977;19,30%;De 50 à 80 000 entrées;catégorie C;;banlieue;214;166;41;47,6;42,5;7,8;2,1;121;35,8
124;7 550;6 270;ASSOCIATION COURPIERE CINEMA;45;45.755201;3.536932;125291;AUVERGNE / RHONE-ALPES;63125;4234;63;63115;Courpière;4234;unités urbaines de moins de 20 000 habitants et zones rurales;1;52;380;20,40%;De 5 à 10 000 entrées;non;;commune isolée;178;155;0;55,7;25,5;16,4;2,4;84;46,3
292;22 585;22 541;ASSOCIATION CULTURE ET RENCONTRES;11,7;50.453829;2.940575;125322;HAUTS DE FRANCE;62250;10696;62;756;Douai - Lens;504537;unités urbaines de 100 000 habitants et plus;1;47;512;0,20%;De 20 à 30 000 entrées;non;;banlieue;127;108;3;33,7;58,7;3,3;4,3;17;16,4
189;3 428;3 289;UNION REG FEDERATIONS OEUVRES LAIQUES AUVERGNE RHONE ALPES;28,7;46.100564;4.328791;125424;AUVERGNE / RHONE-ALPES;69066;4589;69;69106;Cours-la-Ville;4589;unités urbaines de moins de 20 000 habitants et zones rurales;1;43;157;4,20%;De 2 à 5 000 entrées;non;;commune isolée;119;97;1;63,7;31,2;3,7;1,4;40;25,1
240;17 723;14 623;SOCIETE NORMANDE D EXPLOITATION INDUSTRIELLE ET COMMERCIALE;29,8;49.334767;-0.457474;125513;NORMANDIE;14191;4118;14;14118;Courseulles-sur-Mer;4118;unités urbaines de moins de 20 000 habitants et zones rurales;1;52;611;21,20%;De 10 à 20 000 entrées;catégorie E;;commune isolée;175;137;2;48,8;41;8;2,2;74;23,2
104;2 018;2 447;VILLE DE LA COURTINE;27,6;45.701627;2.260588;125933;NOUVELLE AQUITAINE;23067;710;23;0;Zone rurale;14541106;unités urbaines de 100 000 habitants et plus;1;48;145;-17,50%;De 2 à 5 000 entrées;non;;territoire rural;77;66;0;65,6;23,7;10,6;0,2;24;35,3
324;67 055;63 847;SOCIETE DU CINEMA MAJESTIC;39,5;49.050552;-1.444356;126311;NORMANDIE;50147;8688;50;50206;Coutances;9110;unités urbaines de moins de 20 000 habitants et zones rurales;2;52;2 331;5,00%;De 50 à 80 000 entrées;catégorie E;RDJPPR;commune-centre;270;187;44;36,6;54,6;5,6;3,3;164;27,8
183;58 399;59 036;;55,6;45.904817;6.100656;127103;AUVERGNE / RHONE-ALPES;74010;125694;74;74601;Annecy;168098;unités urbaines de 100 000 habitants et plus;1;53;1 449;-1,10%;De 50 à 80 000 entrées;catégorie C;RDJP;commune-centre;378;262;8;52,9;27,3;12,6;7,3;235;52,9
349;13 737;10 148;UNION REG FEDERATIONS OEUVRES LAIQUES AUVERGNE RHONE ALPES;55,7;45.745756;4.718034;127232;AUVERGNE / RHONE-ALPES;69069;10979;69;758;Lyon;1639558;unités urbaines de 100 000 habitants et plus;1;42;237;35,40%;De 10 à 20 000 entrées;non;;banlieue;137;113;1;64,1;16,5;12,4;6,9;80;53,9
222;14 607;13 192;VILLE DE LA CRECHE;47,8;46.362399;-0.298072;127501;NOUVELLE AQUITAINE;79048;5524;79;79202;La Crèche;5524;unités urbaines de moins de 20 000 habitants et zones rurales;1;45;414;10,70%;De 10 à 20 000 entrées;catégorie E;JPPR;commune isolée;176;125;1;63,6;24,9;9,6;1,8;89;47
270;18 883;19 995;ESPACE PONTHIEU MARQUENTERRE;34,7;50.253278;1.884465;127571;HAUTS DE FRANCE;80222;1475;80;0;Zone rurale;14541106;unités urbaines de 100 000 habitants et plus;1;52;511;-5,60%;De 10 à 20 000 entrées;catégorie E;JP;territoire rural;155;111;0;48,2;41,7;8,8;1,3;61;32,7
749;4 892;5 149;OFFICE MUNICIPAL CULTUREL DE CREIL;65,7;49.259398;2.472183;127661;HAUTS DE FRANCE;60175;35575;60;60601;Creil;120350;unités urbaines de 100 000 habitants et plus;1;30;137;-5,00%;De 2 à 5 000 entrées;non;;commune-centre;75;36;0;57,7;27,8;4,6;9,9;55;73,1
189;27 406;24 557;OFFICE CREONNAIS CULTURE LOISIRS;57,4;44.773724;-0.348948;127821;NOUVELLE AQUITAINE;33140;4579;33;33114;Créon;4579;unités urbaines de moins de 20 000 habitants et zones rurales;1;52;1 135;11,60%;De 20 à 30 000 entrées;catégorie E;RDJPPR;commune isolée;294;212;4;52,8;30,1;11,3;5,8;195;53,2
548;141 673;132 446;;15,8;49.231725;2.890294;128114;HAUTS DE FRANCE;60176;15049;60;60303;Crépy-en-Valois;15049;unités urbaines de moins de 20 000 habitants et zones rurales;4;53;5 171;7,00%;De 100 à 150 000 entrées;non;;commune isolée;239;194;94;27,7;66,9;3,9;1,4;93;13,3
220;380;;CINE PLAN;33,3;43.655112;3.943144;128142;OCCITANIE;34090;9220;34;34701;Montpellier;428909;unités urbaines de 100 000 habitants et plus;1;3;6;;Moins de 2000 entrées;non;;banlieue;6;6;0;58,9;41,1;0;0;2;17,1
544;87 985;79 554;LE NAVIRE;40,4;44.726462;5.02496;128421;AUVERGNE / RHONE-ALPES;26108;8270;26;26302;Crest;13877;unités urbaines de moins de 20 000 habitants et zones rurales;3;52;2 950;10,60%;De 80 à 100 000 entrées;catégorie E;RDJPPR;commune-centre;358;256;51;47,1;41,2;7,5;4,2;212;37,7
92;18 282;17 832;MAISON DES JEUNES ET DE LA CULTURE DU MONT MESLY;60;48.777428;2.466468;128535;ILE-DE-FRANCE;94028;90739;94;851;Paris;10706072;grande couronne;1;48;1 260;2,50%;De 10 à 20 000 entrées;catégorie C;JP;banlieue;230;145;0;45,8;36,1;12,2;5,9;158;55
490;75 159;70 822;CINEMAS DU PALAIS;89,4;48.786063;2.444158;128541;ILE-DE-FRANCE;94028;90739;94;851;Paris;10706072;grande couronne;3;49;4 572;6,10%;De 50 à 80 000 entrées;catégorie C;RDJPPR;banlieue;246;170;84;58,9;16,4;14,4;10,2;211;80
456;60 640;64 257;GERARD DAVOINE ET SES ENFANTS;21,3;46.805596;4.420044;128605;BOURGOGNE / FRANCHE-COMTE;71153;21887;71;71401;Le Creusot;33444;unités urbaines de 20 000 à 100 000 habitants;4;53;4 658;-5,60%;De 50 à 80 000 entrées;non;;commune-centre;207;148;86;34,3;59,5;5,1;1,1;100;22,1
247;29 721;28 934;SOCIETE RENNAISE DE DIFFUSION CINEMATOGRAPHIQUE;37,9;47.292765;-2.509877;129441;PAYS DE LA LOIRE;44049;4040;44;44601;Saint-Nazaire;152164;unités urbaines de 100 000 habitants et plus;1;50;1 039;2,70%;De 20 à 30 000 entrées;catégorie C;;banlieue;190;170;29;64,1;28,5;4,2;3,3;87;35
177;27 356;21 620;LES FEUX DE LA RAMPE;33,1;48.242699;-4.494348;130633;BRETAGNE;29042;7601;29;29212;Crozon;7601;unités urbaines de moins de 20 000 habitants et zones rurales;1;53;719;26,50%;De 20 à 30 000 entrées;catégorie E;JP;commune isolée;217;169;43;50,3;40,5;7,5;1,7;96;28,3
156;8 155;9 304;VILLE DE CRUAS;26,6;44.656708;4.761992;130653;AUVERGNE / RHONE-ALPES;7076;2976;7;7105;Cruas;2976;unités urbaines de moins de 20 000 habitants et zones rurales;1;49;644;-12,30%;De 5 à 10 000 entrées;non;;commune isolée;158;136;0;39,2;53,6;6,2;1;56;24,2
93;23 920;23 301;ASSOCIATION CULTURE ET LOISIRS EDEN CINEMA;66,9;43.774382;5.440971;131031;PROVENCE-ALPES-COTE D'AZUR;84042;1781;84;0;Zone rurale;14541106;unités urbaines de 100 000 habitants et plus;1;52;1 015;2,70%;De 20 à 30 000 entrées;catégorie E;RDJPPR;territoire rural;269;178;3;61,1;16,8;13,7;8,3;207;69,1
151;12 023;10 130;;29,9;47.520393;-2.585183;133141;BRETAGNE;56052;1703;56;0;Zone rurale;14541106;unités urbaines de 100 000 habitants et plus;1;51;364;18,70%;De 10 à 20 000 entrées;catégorie E;;territoire rural;196;168;4;44;48,1;6;2;79;20,6
2181;371 298;366 321;PATHE DAMMARIE;14,9;48.517401;2.627798;133212;ILE-DE-FRANCE;77152;21712;77;851;Paris;10706072;petite couronne;10;53;17 314;1,40%;De 300 à 450 000 entrées;non;;banlieue;246;198;174;26,8;68,1;4,3;0,8;54;12
189;6 655;8 035;LES CINEMAS GIENNOIS;17,2;47.766235;2.572005;133381;CENTRE-VAL DE LOIRE;45122;1423;45;0;Zone rurale;14541106;unités urbaines de 100 000 habitants et plus;1;48;238;-17,20%;De 5 à 10 000 entrées;non;;territoire rural;107;92;29;38,5;58;2,1;1,4;22;16,5
168;6 584;7 149;ASSOCIATION  DES FAMILLES DU  CANTON DE DAMPIERRE SUR SALON;24,3;47.553711;5.676507;133621;BOURGOGNE / FRANCHE-COMTE;70198;1281;70;0;Zone rurale;14541106;unités urbaines de 100 000 habitants et plus;1;44;173;-7,90%;De 5 à 10 000 entrées;non;;territoire rural;82;63;1;61,1;34,1;2,3;2,5;20;28,8
250;29 904;29 558;URFOL FRANCHE COMTE;53,7;47.049645;6.481499;133681;BOURGOGNE / FRANCHE-COMTE;25271;1615;25;0;Zone rurale;14541106;unités urbaines de 100 000 habitants et plus;1;50;531;1,20%;De 20 à 30 000 entrées;catégorie E;JPPR;territoire rural;125;53;0;59,6;18;12,6;9,8;86;63,9
271;8 049;7 646;UNION REG FEDERATIONS OEUVRES LAIQUES AUVERGNE RHONE ALPES;48,2;45.810538;4.754801;136201;AUVERGNE / RHONE-ALPES;69072;8622;69;758;Lyon;1639558;unités urbaines de 100 000 habitants et plus;1;43;141;5,30%;De 5 à 10 000 entrées;non;;banlieue;126;104;0;59,2;26;12,2;2,6;65;47,6
1275;279 127;280 385;;28,5;43.714843;-1.055363;136666;NOUVELLE AQUITAINE;40088;20683;40;40402;Dax;49854;unités urbaines de 20 000 à 100 000 habitants;8;53;10 718;-0,40%;De 200 à 300 000 entrées;catégorie D;JP;commune-centre;303;237;202;37,6;56,2;4,6;1,5;131;22,3
777;115 167;104 493;EXPLOITATION CINEMATOGRAPHIQUE LECHANTEUR PERE ET FILS;21,4;49.356857;0.072039;136672;NORMANDIE;14220;3701;14;14402;Dives-sur-Mer;34823;unités urbaines de 20 000 à 100 000 habitants;4;53;3 267;10,20%;De 100 à 150 000 entrées;non;;commune-centre;115;85;66;45,5;46,9;5,6;2;38;19,9
460;99 555;88 515;VEO CINEMAS;27,4;44.557817;2.274123;136686;OCCITANIE;12089;5521;12;12302;Decazeville;14598;unités urbaines de moins de 20 000 habitants et zones rurales;3;53;4 333;12,50%;De 80 à 100 000 entrées;catégorie E;RDJPPR;commune-centre;296;207;98;41,2;53,2;4,4;1,2;153;20,8
144;33 014;30 871;REGIE AUTONOME DE GESTION DU TOBOGGAN;58,6;45.768904;4.955836;136753;AUVERGNE / RHONE-ALPES;69275;27362;69;758;Lyon;1639558;unités urbaines de 100 000 habitants et plus;1;49;1 127;6,90%;De 30 à 40 000 entrées;catégorie C;JPPR;banlieue;266;182;4;59,1;22,8;14,2;4;179;57,1
345;27 946;28 119;COMMUNE DE DECIZE;18,3;46.831224;3.459781;136773;BOURGOGNE / FRANCHE-COMTE;58095;5623;58;58201;Decize;7550;unités urbaines de moins de 20 000 habitants et zones rurales;2;51;1 576;-0,60%;De 20 à 30 000 entrées;catégorie E;;commune-centre;170;139;9;33,7;61,1;3,7;1,5;49;18,7
113;9 006;9 254;CINEMAS D'AUJOURD'HUI;27,9;47.512144;7.007276;136912;BOURGOGNE / FRANCHE-COMTE;90033;5749;90;90301;Delle (partie française);10029;unités urbaines de moins de 20 000 habitants et zones rurales;1;52;505;-2,70%;De 5 à 10 000 entrées;non;;commune-centre;135;104;0;53,6;34,5;10,2;1,8;42;38,4
167;10 530;10 028;COMMUNE DE DESCARTES;28,7;46.974658;0.698463;137481;CENTRE-VAL DE LOIRE;37115;3600;37;255;Descartes;5711;unités urbaines de moins de 20 000 habitants et zones rurales;1;52;436;5,00%;De 10 à 20 000 entrées;catégorie E;;commune-centre;151;122;8;53,8;39,1;6,2;0,9;61;36,2
111;6 968;7 992;OFFICE DU TOURISME ET DE LA CULTURE DE DESVRES;23,8;50.668276;1.837675;137663;HAUTS DE FRANCE;62268;5031;62;62203;Desvres;6474;unités urbaines de moins de 20 000 habitants et zones rurales;1;47;362;-12,80%;De 5 à 10 000 entrées;non;;commune-centre;87;71;1;44,5;47,7;6,3;1,5;24;19,8
207;37 268;23 111;HENRY GERARD;69;44.750763;5.3764;138172;AUVERGNE / RHONE-ALPES;26113;4576;26;26110;Die;4576;unités urbaines de moins de 20 000 habitants et zones rurales;1;50;935;61,30%;De 30 à 40 000 entrées;catégorie E;RDJPPR;commune isolée;208;156;0;55,9;25,8;8,6;9,7;152;65,1
578;33 281;35 129;CENTRE ANIMATION CULTUREL JEAN RENOIR;89,4;49.923374;1.081518;138345;NORMANDIE;76217;29965;76;76404;Dieppe;37127;unités urbaines de 20 000 à 100 000 habitants;1;49;915;-5,30%;De 30 à 40 000 entrées;catégorie D;RDJPPR;commune-centre;214;110;11;51,7;20,4;14,3;13,7;187;83,7
1319;147 482;;CINE DIEPPE;13,5;49.921565;1.079726;138352;NORMANDIE;76217;29965;76;76404;Dieppe;37127;unités urbaines de 20 000 à 100 000 habitants;8;52;5 603;;De 100 à 150 000 entrées;non;;commune-centre;188;162;113;29,3;66,8;3,6;0,3;57;11,2
139;10 396;10 433;CERCLE LABOR;68,3;44.527384;5.066722;138462;AUVERGNE / RHONE-ALPES;26114;3093;26;26109;Dieulefit;4007;unités urbaines de moins de 20 000 habitants et zones rurales;1;49;186;-0,40%;De 10 à 20 000 entrées;catégorie E;;commune-centre;62;48;0;73;15;5,1;6,9;45;69,8
256;4 567;4 753;;83,5;44.089715;6.239647;138594;PROVENCE-ALPES-COTE D'AZUR;4070;16246;4;4301;Digne-les-Bains;17038;unités urbaines de moins de 20 000 habitants et zones rurales;1;33;79;-3,90%;De 2 à 5 000 entrées;non;;commune-centre;61;16;0;32,3;23,6;24,9;19,3;53;79,6
767;106 359;104 033;CINE ESPACE EVASION;33,1;44.087669;6.231264;138595;PROVENCE-ALPES-COTE D'AZUR;4070;16246;4;4301;Digne-les-Bains;17038;unités urbaines de moins de 20 000 habitants et zones rurales;4;53;5 941;2,20%;De 100 à 150 000 entrées;catégorie E;RDJP;commune-centre;349;279;206;36,5;55,6;5,6;2,3;178;27,3
409;35 772;24 962;ENGELS WILLIAM;36,5;46.480212;3.977127;138641;BOURGOGNE / FRANCHE-COMTE;71176;7908;71;353;Digoin;10044;unités urbaines de moins de 20 000 habitants et zones rurales;3;50;1 875;43,30%;De 30 à 40 000 entrées;catégorie E;RDJPPR;commune-centre;252;189;58;41,5;52,8;4,9;0,9;138;28,9
1634;269 358;249 842;GAUMONT;13,8;47.323594;5.030088;138712;BOURGOGNE / FRANCHE-COMTE;21231;155114;21;21701;Dijon;243244;unités urbaines de 100 000 habitants et plus;10;53;17 337;7,80%;De 200 à 300 000 entrées;non;;commune-centre;191;155;148;17,5;75,1;6,7;0,7;33;18,5
1059;132 577;120 960;DARCY PALACE;41,5;47.323572;5.034663;138715;BOURGOGNE / FRANCHE-COMTE;21231;155114;21;21701;Dijon;243244;unités urbaines de 100 000 habitants et plus;6;53;9 444;9,60%;De 100 à 150 000 entrées;non;;commune-centre;127;103;91;82,9;10;4,8;2,4;60;44,1
403;86 163;83 697;LEAUREL;93,6;47.314412;5.048804;138741;BOURGOGNE / FRANCHE-COMTE;21231;155114;21;21701;Dijon;243244;unités urbaines de 100 000 habitants et plus;3;53;5 899;2,90%;De 80 à 100 000 entrées;catégorie A;RDJPPR;commune-centre;266;140;114;56,1;20,5;9,2;14,3;246;92,6
812;44 869;77 488;SAS DES CINEMAS DE QUETIGNY;81,3;47.325966;5.037826;138751;BOURGOGNE / FRANCHE-COMTE;21231;155114;21;21701;Dijon;243244;unités urbaines de 100 000 habitants et plus;5;31;4 905;-42,10%;De 40 à 50 000 entrées;catégorie A;RDJPPR;commune-centre;168;105;86;41,6;13,7;26,4;18,3;132;76,3
821;249 158;236 502;EMERAUDE CINEMAS;30,3;48.461416;-2.047138;138901;BRETAGNE;22050;11003;22;22402;Dinan;27552;unités urbaines de 20 000 à 100 000 habitants;5;53;6 117;5,40%;De 200 à 300 000 entrées;catégorie D;JPPR;commune-centre;354;231;131;42,3;50,4;5,8;1,5;190;25,8
499;95 231;84 756;EMERAUDE CINEMAS;36,1;48.635211;-2.055645;138922;BRETAGNE;35093;9936;35;458;Dinard;32364;unités urbaines de 20 000 à 100 000 habitants;2;53;2 129;12,40%;De 80 à 100 000 entrées;catégorie D;;commune-centre;233;193;120;49,9;35,7;12,5;2;125;32
250;20 652;18 635;COOPERATIVE REGIONALE DU CINEMA CULTUREL;43,8;48.539414;7.423392;139022;GRAND EST;67098;1418;67;67401;Molsheim;26662;unités urbaines de 20 000 à 100 000 habitants;1;41;464;10,80%;De 20 à 30 000 entrées;catégorie D;;banlieue;152;83;0;36,4;31;30;2,7;69;46,1
290;26 600;24 758;LIGUE DE L' ENSEIGNEMENT DE BASSE-NORMANDIE;45,1;49.286704;-0.099295;139232;NORMANDIE;14225;5733;14;14402;Dives-sur-Mer;34823;unités urbaines de 20 000 à 100 000 habitants;1;51;905;7,40%;De 20 à 30 000 entrées;catégorie D;JP;commune-centre;159;136;6;49,1;34,7;10,4;5,8;89;37,8
131;454;;SOCIETE TOURISTIQUE THERMALE ET HOTELIERE DE DIVONNE;15;46.350634;6.137102;139283;AUVERGNE / RHONE-ALPES;1143;9286;1;1203;Divonne-les-Bains (partie française);9286;unités urbaines de moins de 20 000 habitants et zones rurales;1;3;20;;Moins de 2000 entrées;non;;commune isolée;4;4;1;32,5;67,5;0;0;1;28,2
271;50 871;46 996;;24,1;48.546939;-1.753756;139503;BRETAGNE;35095;5646;35;35131;Dol-de-Bretagne;5646;unités urbaines de moins de 20 000 habitants et zones rurales;2;53;1 658;8,20%;De 50 à 80 000 entrées;non;;commune isolée;233;197;66;43,6;50,5;5,1;0,8;95;20,4
1037;129 091;118 102;OMNIA REX;24,5;47.095429;5.494926;139541;BOURGOGNE / FRANCHE-COMTE;39198;23373;39;39402;Dole;29916;unités urbaines de 20 000 à 100 000 habitants;6;53;10 362;9,30%;De 100 à 150 000 entrées;non;;commune-centre;354;272;125;35;58,3;5,5;1,3;195;22
282;42 656;39 784;CENTRE SOCIAL CULTUREL DOMONTOIS;22,7;49.02987;2.333691;140521;ILE-DE-FRANCE;95199;15343;95;851;Paris;10706072;petite couronne;1;53;1 615;7,20%;De 40 à 50 000 entrées;non;;banlieue;169;130;14;41,7;49,6;5,6;3,1;68;24,2
130;15 484;14 049;ASSOCIATION CINE SUR BESBRE;28;46.512529;3.675133;140713;AUVERGNE / RHONE-ALPES;3102;3071;3;3105;Dompierre-sur-Besbre;3071;unités urbaines de moins de 20 000 habitants et zones rurales;1;52;817;10,20%;De 10 à 20 000 entrées;catégorie E;JPPR;commune isolée;243;156;11;42,1;44,4;9,2;4,2;113;25,7
274;5 471;6 181;;21,7;47.319099;-2.074953;141031;PAYS DE LA LOIRE;44052;7699;44;44601;Saint-Nazaire;152164;unités urbaines de 100 000 habitants et plus;1;45;258;-11,50%;De 5 à 10 000 entrées;non;;banlieue;96;86;4;64,3;30,9;3,9;0,9;25;20,4
200;9 698;7 561;UNION REG FEDERATIONS OEUVRES LAIQUES AUVERGNE RHONE ALPES;38,5;44.379202;4.696224000000029;141262;AUVERGNE / RHONE-ALPES;26116;5541;26;26111;Donzère;5541;unités urbaines de moins de 20 000 habitants et zones rurales;1;49;299;28,30%;De 5 à 10 000 entrées;catégorie E;JP;commune isolée;129;89;1;59,9;26,7;9,9;3,5;63;34,5
270;7 663;8 314;CENTRE REGIONAL PROMOTION IMAGE LE SENECHAL;37,4;46.215275;1.080037;141321;NOUVELLE AQUITAINE;87059;1703;87;0;Zone rurale;14541106;unités urbaines de 100 000 habitants et plus;1;52;361;-7,80%;De 5 à 10 000 entrées;catégorie E;;territoire rural;190;161;0;63;25,8;9,9;1,3;84;41
2041;626 532;595 927;;20,8;48.521892;7.500139;141410;GRAND EST;67101;2588;67;67401;Molsheim;26662;unités urbaines de 20 000 à 100 000 habitants;13;53;24 268;5,10%;De 450 à 700 000 entrées;catégorie D;;banlieue;362;273;217;29,9;64,7;4,7;0,8;147;14,3
117;22 025;21 194;HIPPODROME DE DOUAI THEATRE D'ARRAS DIT TANDEM;89,5;50.365337;3.083696;141631;HAUTS DE FRANCE;59178;39989;59;756;Douai - Lens;504537;unités urbaines de 100 000 habitants et plus;1;42;790;3,90%;De 20 à 30 000 entrées;catégorie C;RDJP;commune-centre;157;106;15;63,1;15;11,9;10;139;87,4
2000;427 267;417 932;MAJESTIC SA;13,7;50.375978;3.075606;141657;HAUTS DE FRANCE;59178;39989;59;756;Douai - Lens;504537;unités urbaines de 100 000 habitants et plus;10;53;17 657;2,20%;De 300 à 450 000 entrées;non;;commune-centre;329;218;197;23,9;70,5;4,5;1;101;11,5
256;35 007;27 943;STUDIO 43;71,5;48.091511;-4.330601;141711;BRETAGNE;29046;14208;29;29307;Douarnenez;14208;unités urbaines de moins de 20 000 habitants et zones rurales;1;53;1 181;25,30%;De 30 à 40 000 entrées;catégorie E;RDJPPR;commune isolée;293;209;5;52,3;23,3;16,4;8;231;71,6
166;33 033;31 556;CINEMA JEAN RENOIR;42,2;50.300211;3.390251;141823;HAUTS DE FRANCE;59179;10783;59;59701;Valenciennes (partie française);335992;unités urbaines de 100 000 habitants et plus;1;48;775;4,70%;De 30 à 40 000 entrées;catégorie C;;banlieue;268;205;2;47,5;40,9;8,1;3,5;136;38,6
98;16 651;17 568;RD DIFFUSION;23,7;50.159213;2.335821;142082;HAUTS DE FRANCE;80253;6321;80;80204;Doullens;6726;unités urbaines de moins de 20 000 habitants et zones rurales;1;52;562;-5,20%;De 10 à 20 000 entrées;catégorie E;;commune-centre;150;131;0;40,3;52,9;5;1,8;39;20,6
227;45 760;20 864;ASSOCIATION DOURDANNAISE D'ANIMATION CULTURELLE;25,8;48.528741;2.015215;142171;ILE-DE-FRANCE;91200;10673;91;91302;Dourdan;12036;petite couronne;2;53;2 603;119,30%;De 40 à 50 000 entrées;catégorie E;;commune-centre;280;208;56;43,2;50,3;4,4;2;140;24,9
208;21 109;19 241;SOCIETE DES CINEMAS DU CHABLAIS;22,2;46.302008;6.310919;142311;AUVERGNE / RHONE-ALPES;74105;5716;74;74115;Douvaine;5716;unités urbaines de moins de 20 000 habitants et zones rurales;1;53;702;9,70%;De 20 à 30 000 entrées;non;;commune isolée;120;91;49;53,5;41,5;3,4;1,6;40;27,7
260;37 683;30 123;ASSOCIATION FOYER RURAL DE DOUVRES;45,2;49.295699;-0.380152;142371;NORMANDIE;14228;5190;14;14302;Douvres-la-Délivrande - Luc-sur-Mer;14825;unités urbaines de moins de 20 000 habitants et zones rurales;1;53;892;25,10%;De 30 à 40 000 entrées;catégorie E;JP;commune-centre;214;161;11;59,9;29,2;8,5;2,3;121;37,4
200;14 880;13 834;LIGUE DE L' ENSEIGNEMENT DE BASSE-NORMANDIE;46,9;49.3091816;-0.9051690000000008;142522;NORMANDIE;14711;929;14;0;Zone rurale;14541106;unités urbaines de 100 000 habitants et plus;1;29;352;7,60%;De 10 à 20 000 entrées;catégorie E;JP;territoire rural;123;73;0;55,8;25,4;12,3;6,5;67;50,6
1288;296 592;283 176;;15,5;43.532372;6.472812;142626;PROVENCE-ALPES-COTE D'AZUR;83050;40278;83;83501;Draguignan;81139;unités urbaines de 20 000 à 100 000 habitants;7;53;14 575;4,70%;De 200 à 300 000 entrées;non;;commune-centre;276;194;138;28,5;66,6;3,8;1,1;99;14,9
329;13 043;12 925;;25,2;48.927466;2.438309;142752;ILE-DE-FRANCE;93029;69568;93;851;Paris;10706072;grande couronne;1;44;254;0,90%;De 10 à 20 000 entrées;non;;banlieue;54;40;1;32,6;61,9;2,8;2,7;15;26,3
1544;361 845;339 099;SOCIETE NOUVELLE DES CINEMAS DE DREUX;22,8;48.731866;1.361178;142995;CENTRE-VAL DE LOIRE;28134;30836;28;28401;Dreux;49055;unités urbaines de 20 000 à 100 000 habitants;9;53;15 457;6,70%;De 300 à 450 000 entrées;catégorie D;PR;commune-centre;396;267;221;28,5;65,3;4,3;2;177;14,8
182;8 080;6 915;ASSOCIATION CINEMA LE MAUBOURG;40,4;45.217931;4.34228;143691;AUVERGNE / RHONE-ALPES;43087;2856;43;43101;Dunières;2856;unités urbaines de moins de 20 000 habitants et zones rurales;1;50;275;16,80%;De 5 à 10 000 entrées;catégorie E;;commune isolée;137;115;0;69,6;24,5;4,7;1,2;61;30,3
2751;548 822;543 651;AMC EUROPE;18,1;51.033536;2.372294;143720;HAUTS DE FRANCE;59183;88876;59;59602;Dunkerque;177103;unités urbaines de 100 000 habitants et plus;15;53;24 144;1,00%;De 450 à 700 000 entrées;non;;commune-centre;268;228;227;27,6;67,5;4,2;0,7;56;11,2
456;63 387;58 671;TERRE NEUVE;88,1;51.033536;2.372294;143731;HAUTS DE FRANCE;59183;88876;59;59602;Dunkerque;177103;unités urbaines de 100 000 habitants et plus;2;53;3 297;8,00%;De 50 à 80 000 entrées;catégorie B;RDJPPR;commune-centre;385;216;52;53,3;22;13,7;10,9;304;78,6
200;19 682;20 253;CENTRE REGIONAL PROMOTION IMAGE LE SENECHAL;33,5;46.300709;1.673061;143772;NOUVELLE AQUITAINE;23075;1127;23;0;Zone rurale;14541106;unités urbaines de 100 000 habitants et plus;1;50;779;-2,80%;De 10 à 20 000 entrées;catégorie E;JP;territoire rural;115;63;0;63;24,8;9,8;2,4;56;44,9
0;5 122;5 968;;49,4;43.990835;3.955297;144230;OCCITANIE;30106;689;30;0;Zone rurale;14541106;unités urbaines de 100 000 habitants et plus;1;30;83;-14,20%;De 5 à 10 000 entrées;non;;territoire rural;41;31;0;52,5;37,6;6,5;3,4;21;44,8
345;8 516;7 552;;64,5;48.992968;2.278288;144262;ILE-DE-FRANCE;95203;24609;95;851;Paris;10706072;petite couronne;1;36;107;12,80%;De 5 à 10 000 entrées;non;;banlieue;60;40;0;56,7;15;22,4;5,9;48;63,5
126;2 041;2 168;ASSOCIATION GESTION LOCAUX SOCIAUX;18,6;42.958713;-0.332293;144303;NOUVELLE AQUITAINE;64204;341;64;0;Zone rurale;14541106;unités urbaines de 100 000 habitants et plus;1;25;70;-5,90%;De 2 à 5 000 entrées;non;;territoire rural;49;39;8;53,7;45,4;0,4;0,4;9;10,6
323;10 531;9 275;OFFICE DU TOURISME D'EAUZE;43,6;43.859667;0.100888;144331;OCCITANIE;32119;3869;32;32103;Eauze;3869;unités urbaines de moins de 20 000 habitants et zones rurales;1;52;326;13,50%;De 10 à 20 000 entrées;catégorie E;PR;commune isolée;230;183;22;44,9;47,2;6,2;1,8;115;28,9
2925;724 745;710 572;PATHE ECHIROLLES;14,2;45.147822;5.718011;144981;AUVERGNE / RHONE-ALPES;38151;35648;38;38701;Grenoble;511598;unités urbaines de 100 000 habitants et plus;12;53;23 129;2,00%;De 700 000 à 1 million d'entrées;non;;banlieue;305;232;190;28,5;66,5;4,4;0,6;83;12,8
1973;494 818;488 632;LES IMAGES;18,2;47.278354;5.995713;145241;BOURGOGNE / FRANCHE-COMTE;25212;2476;25;25602;Besançon;135448;unités urbaines de 100 000 habitants et plus;13;53;22 131;1,30%;De 450 à 700 000 entrées;non;;banlieue;254;207;201;31,6;63,1;4,5;0,8;59;14,6
171;26 445;21 944;VILLE D'ECULLY;56,8;45.779053;4.778383;145792;AUVERGNE / RHONE-ALPES;69081;17947;69;758;Lyon;1639558;unités urbaines de 100 000 habitants et plus;1;48;720;20,50%;De 20 à 30 000 entrées;catégorie C;JP;banlieue;198;131;3;65,8;19,5;9,9;4,7;132;55
269;15 571;14 059;CENTRE CULTUREL ET SPORTIF EGLETONNAIS;34,6;45.404676;2.044182;146013;NOUVELLE AQUITAINE;19073;4274;19;19106;Égletons;4274;unités urbaines de moins de 20 000 habitants et zones rurales;2;51;992;10,80%;De 10 à 20 000 entrées;catégorie E;JP;commune isolée;256;213;3;38;46,4;10,9;4,7;126;35,9
348;112 064;103 358;SOCIETE D'ECONOMIE MIXTE DU CINEMA DES SEPT MARES;36,8;48.766594;1.949214;146371;ILE-DE-FRANCE;78208;25504;78;851;Paris;10706072;petite couronne;3;53;3 953;8,40%;De 100 à 150 000 entrées;catégorie C;RDJPPR;banlieue;297;214;75;41,2;47,6;6,6;4,6;165;33,3
957;111 594;107 031;SOCIETE NOUVELLE DES CINEMAS D'ELBEUF;26,8;49.287936;1.008591;146393;NORMANDIE;76231;16515;76;755;Rouen;467133;unités urbaines de 100 000 habitants et plus;5;53;6 500;4,30%;De 100 à 150 000 entrées;non;;banlieue;360;262;130;32,8;59,1;5,9;2,2;190;21,7
157;11 104;9 749;CINEMAGINAIRE;47,2;42.601026;2.9735;146576;OCCITANIE;66065;8659;66;66401;Saint-Cyprien;53068;unités urbaines de 20 000 à 100 000 habitants;1;52;551;13,90%;De 10 à 20 000 entrées;catégorie D;JP;commune-centre;191;148;28;49,8;27,6;12,6;10,1;116;51,5
388;58 021;53 832;CINEMAS G LAMIC;38,4;44.564376;6.493852;146762;PROVENCE-ALPES-COTE D'AZUR;5046;6177;5;5201;Embrun;6736;unités urbaines de moins de 20 000 habitants et zones rurales;2;52;1 478;7,80%;De 50 à 80 000 entrées;catégorie E;RDJP;commune-centre;225;189;67;42,9;45;7,2;5;116;35,3
208;2 956;3 374;VILLE D'ENCHASTRAYES;14,6;44.371085;6.682435;146931;PROVENCE-ALPES-COTE D'AZUR;4073;391;4;0;Zone rurale;14541106;unités urbaines de 100 000 habitants et plus;1;26;301;-12,40%;De 2 à 5 000 entrées;non;;territoire rural;96;82;19;48,1;43,9;7,3;0,6;19;13,4
1263;221 790;214 953;UGC SAS;32,5;48.970841;2.307185;147071;ILE-DE-FRANCE;95210;11413;95;851;Paris;10706072;petite couronne;5;53;9 334;3,20%;De 200 à 300 000 entrées;non;;banlieue;184;130;93;37,7;55,1;5,5;1,6;92;27,9
320;17 800;15 931;;63,9;48.971934;2.305204;147084;ILE-DE-FRANCE;95210;11413;95;851;Paris;10706072;petite couronne;1;46;413;11,70%;De 10 à 20 000 entrées;catégorie C;JPPR;banlieue;136;55;0;40,2;24;21,2;14,6;107;59
150;5 310;5 081;CINEMA POUR TOUS;57,8;44.644532;2.564434;147471;OCCITANIE;12094;1038;12;0;Zone rurale;14541106;unités urbaines de 100 000 habitants et plus;1;52;185;4,50%;De 5 à 10 000 entrées;catégorie E;;territoire rural;142;110;0;59,5;27,6;8,9;4;88;52,9
222;9 243;9 810;;37,7;45.432581;5.756014;147521;AUVERGNE / RHONE-ALPES;38155;1699;38;161;Entre-deux-Guiers;3248;unités urbaines de moins de 20 000 habitants et zones rurales;1;51;483;-5,80%;De 5 à 10 000 entrées;catégorie E;;commune-centre;171;143;0;46,1;43,4;5,8;4,7;75;31,5
1176;154 812;62 377;CINEMA PALACE;29,5;49.04567;3.958674;147971;GRAND EST;51230;23169;51;51401;Épernay;30507;unités urbaines de 20 000 à 100 000 habitants;7;52;8 226;148,20%;De 150 à 200 000 entrées;catégorie D;;commune-centre;297;230;163;32,2;60,5;5,9;1,4;137;20,8
544;20 040;18 149;VILLE D'EPERNON;25,2;48.605997;1.675422;148024;CENTRE-VAL DE LOIRE;28140;5540;28;355;Épernon;12210;unités urbaines de moins de 20 000 habitants et zones rurales;1;44;222;10,40%;De 20 à 30 000 entrées;non;;commune-centre;88;71;0;59,6;30,4;4,6;5,5;26;28,6
1600;438 992;415 121;SEM PALACE EPINAL;33,1;48.177085;6.455937;148227;GRAND EST;88160;31938;88;88501;Épinal;61800;unités urbaines de 20 000 à 100 000 habitants;8;53;11 127;5,80%;De 300 à 450 000 entrées;catégorie D;RDJPPR;commune-centre;402;297;187;37;56,8;4,8;1,5;220;20,8
180;3 878;4 531;ESPACE CINEMA;64,9;48.95411;2.312115;148321;ILE-DE-FRANCE;93031;54840;93;851;Paris;10706072;grande couronne;1;22;71;-14,40%;De 2 à 5 000 entrées;non;;banlieue;10;0;0;25,4;37,6;15,8;21,2;9;67,8
2565;475 402;427 832;VILLERAY;13,1;48.957859;2.301996;148324;ILE-DE-FRANCE;93031;54840;93;851;Paris;10706072;grande couronne;12;53;23 730;11,10%;De 450 à 700 000 entrées;non;;banlieue;255;203;199;18,5;67,4;3,1;11;30;10,8
280;29 880;26 285;ASSOCIATION DU CINEMA LE PALACE;48;49.6480683;-1.6539331999999831;148811;NORMANDIE;50129;80616;50;50501;Cherbourg-Octeville;83311;unités urbaines de 20 000 à 100 000 habitants;1;49;1 053;13,70%;De 20 à 30 000 entrées;catégorie D;JP;commune-centre;244;185;12;50,8;32,8;12;4,4;153;38,5
400;16 827;14 989;COMMUNE DE ERMONT;45;48.988575;2.259906;149335;ILE-DE-FRANCE;95219;28832;95;851;Paris;10706072;petite couronne;1;44;211;12,30%;De 10 à 20 000 entrées;non;;banlieue;122;96;0;64,2;19,9;11,2;4,7;58;43,5
254;14 434;12 647;HUNEAU JEAN;22,3;48.298541;-0.935976;149362;PAYS DE LA LOIRE;53096;5757;53;53202;Ernée;5757;unités urbaines de moins de 20 000 habitants et zones rurales;1;52;488;14,10%;De 10 à 20 000 entrées;non;;commune isolée;134;99;9;52,5;40,1;7,1;0,3;48;28,9
245;16 932;15 672;ASSOCIATION CATHOLIQUE DES CHEFS DE FAMILLE D'ERQUY;52,4;48.63121;-2.463964;149552;BRETAGNE;22054;3898;22;22114;Erquy;3898;unités urbaines de moins de 20 000 habitants et zones rurales;1;52;370;8,00%;De 10 à 20 000 entrées;catégorie E;JPPR;commune isolée;223;167;2;58,1;23,8;11,3;6,7;138;49,1
400;44 130;37 877;ERSTEIN CINEMA;30,5;48.421595;7.661242;149631;GRAND EST;67130;10969;67;67301;Erstein;11826;unités urbaines de moins de 20 000 habitants et zones rurales;2;53;1 808;16,50%;De 40 à 50 000 entrées;catégorie E;JP;commune-centre;272;208;46;30,8;53,5;14,1;1,5;136;27,7
217;20 496;20 308;VEO CINEMAS;47,7;44.523418;2.763821;150801;OCCITANIE;12096;4545;12;12201;Espalion;5892;unités urbaines de moins de 20 000 habitants et zones rurales;1;53;993;0,90%;De 20 à 30 000 entrées;catégorie E;RDJP;commune-centre;298;222;3;58,8;28,2;9,8;3,3;171;43,8
142;6 580;5 030;BOUCHERON JEAN LEON;58,3;48.626357;-2.833902;152732;BRETAGNE;22055;6922;22;22302;Binic;12615;unités urbaines de moins de 20 000 habitants et zones rurales;1;52;264;30,80%;De 5 à 10 000 entrées;catégorie E;;commune-centre;211;170;0;59;20,2;13,1;7,7;142;54,5
338;73 682;84 439;OMNICOM;14,8;48.433642;2.155867;152882;ILE-DE-FRANCE;91223;24271;91;91401;Étampes;29851;petite couronne;3;53;5 504;-12,70%;De 50 à 80 000 entrées;non;;commune-centre;204;178;75;27,8;68,4;3,2;0,6;45;11,7
146;6 946;7 572;ASSOCIATION ETAMPOISE CINE PETIT THEATRE;88,3;48.434287;2.157598;152884;ILE-DE-FRANCE;91223;24271;91;91401;Étampes;29851;petite couronne;1;40;503;-8,30%;De 5 à 10 000 entrées;catégorie D;PR;commune-centre;129;68;0;54,3;27,3;7;11,3;115;84
212;24 940;20 487;QUAI DES DUNES;46,4;47.654375;-3.202141;153083;BRETAGNE;56055;1951;56;56217;Belz;9265;unités urbaines de moins de 20 000 habitants et zones rurales;1;53;658;21,70%;De 20 à 30 000 entrées;catégorie E;RDJPPR;commune-centre;360;282;9;51,3;32,7;10,9;5;214;42,7
172;16 690;16 216;COMITE DE GESTION DU CINEMA MUNICIPAL;38,3;46.171552;2.484461;154142;NOUVELLE AQUITAINE;23076;1383;23;0;Zone rurale;14541106;unités urbaines de 100 000 habitants et plus;1;52;826;2,90%;De 10 à 20 000 entrées;catégorie E;JPPR;territoire rural;217;170;0;50,3;37,5;10,2;2;101;32
162;11 343;10 470;SOCIETE DES CINEMAS DU CHABLAIS;24,4;46.400244;6.59546;154251;AUVERGNE / RHONE-ALPES;74119;8968;74;74501;Thonon-les-Bains;75939;unités urbaines de 20 000 à 100 000 habitants;1;50;643;8,30%;De 10 à 20 000 entrées;non;;banlieue;119;88;44;52,7;44,6;2,2;0,5;38;39,8
2395;507 830;483 359;PATHE EVREUX;26,5;49.028048;1.145355;154393;NORMANDIE;27229;49426;27;27501;Évreux;60589;unités urbaines de 20 000 à 100 000 habitants;10;53;20 044;5,10%;De 450 à 700 000 entrées;catégorie D;RDPR;commune-centre;412;284;210;33;60,7;4,9;1,4;210;19,9
447;52 944;46 864;AMNESIA CORP;31,7;48.155173;-0.401505;154444;PAYS DE LA LOIRE;53097;7280;53;53203;Évron;7280;unités urbaines de moins de 20 000 habitants et zones rurales;3;53;3 515;13,00%;De 50 à 80 000 entrées;catégorie E;RDJPPR;commune isolée;308;210;40;49,4;44,4;5,3;0,9;169;30,5
2052;264 294;278 789;;12,4;48.627929;2.429517;154488;ILE-DE-FRANCE;91228;53871;91;851;Paris;10706072;petite couronne;10;53;19 859;-5,20%;De 200 à 300 000 entrées;non;;banlieue;230;182;174;15,9;74,2;3,1;6,7;31;9,6
198;9 991;8 462;POLYMAGES;41;43.695168;5.030541;154712;PROVENCE-ALPES-COTE D'AZUR;13035;6996;13;13207;Eyguières;6996;unités urbaines de moins de 20 000 habitants et zones rurales;1;49;442;18,10%;De 5 à 10 000 entrées;catégorie E;;commune isolée;138;101;18;37,7;49,9;7,4;5,1;74;37,1
135;8 294;8 352;ASSOCIATION EYMOUTIERS CINE VIDEO;59,3;45.738722;1.741383;154813;NOUVELLE AQUITAINE;87064;2055;87;0;Zone rurale;14541106;unités urbaines de 100 000 habitants et plus;1;53;508;-0,70%;De 5 à 10 000 entrées;catégorie E;JP;territoire rural;265;216;0;55,5;26,8;11;6,7;170;52,4
169;11 188;10 430;COMITE EYSINAIS D'ACTION CULTURELLE;51,1;44.879016;-0.6384;154921;NOUVELLE AQUITAINE;33162;22864;33;33701;Bordeaux;904359;unités urbaines de 100 000 habitants et plus;1;48;393;7,30%;De 10 à 20 000 entrées;catégorie C;;banlieue;217;178;19;60,4;19,2;17,5;3;122;48,5
150;20 265;18 531;CINEM AUDE 2000 VILLATGE AL PAIS;45,7;43.158478;2.727734;155143;OCCITANIE;11140;1173;11;0;Zone rurale;14541106;unités urbaines de 100 000 habitants et plus;1;52;1 067;9,40%;De 20 à 30 000 entrées;catégorie E;RDJPPR;territoire rural;272;187;3;59,8;22,9;11,6;5,7;160;40,8
198;32 319;26 337;ASSOCIATION ENTRACT ANIMATION;49,8;48.895422;-0.199598;155414;NORMANDIE;14258;8245;14;14205;Falaise;8245;unités urbaines de moins de 20 000 habitants et zones rurales;1;53;858;22,70%;De 30 à 40 000 entrées;catégorie E;JPPR;commune isolée;226;164;10;49,5;36,7;9,8;4;141;37,4
326;9 686;9 107;CINEMA ELLE;38;48.033874;-3.488682;155711;BRETAGNE;56057;2815;56;56109;Le Faouët;2815;unités urbaines de moins de 20 000 habitants et zones rurales;1;48;382;6,40%;De 5 à 10 000 entrées;non;;commune isolée;196;166;2;49,5;33,6;11,8;5;89;37,1
0;16 505;12 819;;17,3;49.65116;0.591603;156393;NORMANDIE;76258;4069;76;76102;Fauville-en-Caux;4069;unités urbaines de moins de 20 000 habitants et zones rurales;1;51;400;28,80%;De 10 à 20 000 entrées;non;;commune isolée;106;82;0;60,1;34;4,8;1;25;17,9
254;4 591;4 273;ASSOCIATION MAISON POUR TOUS;28,9;43.620961;6.698294;157011;PROVENCE-ALPES-COTE D'AZUR;83055;5670;83;83301;Fayence;11161;unités urbaines de moins de 20 000 habitants et zones rurales;1;50;135;7,40%;De 2 à 5 000 entrées;non;;commune-centre;123;111;4;40,3;51,1;3,7;4,8;33;36,7
710;134 508;138 714;CARPENTIER MARIE-THERESE;22,7;49.757837;0.37728;157231;NORMANDIE;76259;19167;76;76403;Fécamp;20919;unités urbaines de 20 000 à 100 000 habitants;4;53;5 576;-3,00%;De 100 à 150 000 entrées;catégorie D;JP;commune-centre;324;233;107;29,5;63,1;5,6;1,8;172;20
435;133 051;128 321;CINEMAS VOLTAIRE;28,2;46.253781;6.118753;157971;AUVERGNE / RHONE-ALPES;1160;9482;1;652;Genève (SUI) - Annemasse (partie française);178404;unités urbaines de 100 000 habitants et plus;3;53;4 662;3,70%;De 100 à 150 000 entrées;catégorie C;;banlieue;254;196;132;34,9;56,8;6;2,3;129;24
153;10 856;8 986;CINEMA LE ROC BAR CONFISERIE;51,9;46.712066;-1.314796;158201;PAYS DE LA LOIRE;85089;5167;85;85129;La Ferrière;5167;unités urbaines de moins de 20 000 habitants et zones rurales;1;45;393;20,80%;De 10 à 20 000 entrées;catégorie E;;commune isolée;168;125;3;66,5;14,3;12,9;6,2;92;47,7
232;39 168;41 315;ASSOCIATION LOISIRS ET CULTURE;25,2;48.187045;0.653774;158701;PAYS DE LA LOIRE;72132;8875;72;72301;La Ferté-Bernard;11544;unités urbaines de moins de 20 000 habitants et zones rurales;2;46;1 868;-5,20%;De 30 à 40 000 entrées;catégorie E;RDJP;commune-centre;253;198;58;43,2;49,3;4;3,5;126;21,7
182;19 491;20 744;ASSOCIATION OFFICE FERTOIS CULTURE ET LOISIRS;40,6;48.5905665;-0.3580058000000008;158783;NORMANDIE;61168;5548;61;61202;La Ferté-Macé;5548;unités urbaines de moins de 20 000 habitants et zones rurales;1;52;955;-6,00%;De 10 à 20 000 entrées;catégorie E;RDJPPR;commune isolée;318;206;14;46,4;41,5;6;6,1;187;36,6
119;6 098;5 668;LA FERTE MILON ANIMATIONS CULTURE ET LOISIRS;25,9;49.174952;3.127739;158801;HAUTS DE FRANCE;2307;2123;2;2107;La Ferté-Milon;2123;unités urbaines de moins de 20 000 habitants et zones rurales;1;48;455;7,60%;De 5 à 10 000 entrées;non;;commune isolée;141;118;0;48;36,5;6,9;8,5;48;33,5
187;8 818;;;30,9;47.718454;1.941702;158812;CENTRE-VAL DE LOIRE;45146;7367;45;45205;La Ferté-Saint-Aubin;7367;unités urbaines de moins de 20 000 habitants et zones rurales;1;34;350;;De 5 à 10 000 entrées;non;;commune isolée;163;158;0;47,8;37,6;11,5;3,1;60;27,2
141;25 010;22 381;ASSOCIATION FOREZIENNE DU CINEMA FAMILIAL ET CULTUREL;31,8;45.743661;4.225721;159361;AUVERGNE / RHONE-ALPES;42094;8056;42;42203;Feurs;9432;unités urbaines de moins de 20 000 habitants et zones rurales;1;52;781;11,70%;De 20 à 30 000 entrées;catégorie E;JP;commune-centre;201;166;9;49,3;40,6;6,8;3,2;98;28,5
317;38 622;37 166;CENTRE CULTUREL INTERCOMMUNAL DE FIGEAC;47,7;44.608696;2.025755;159674;OCCITANIE;46102;9826;46;364;Figeac;16530;unités urbaines de moins de 20 000 habitants et zones rurales;1;51;901;3,90%;De 30 à 40 000 entrées;catégorie E;RDJP;commune-centre;250;193;11;51,7;37,5;6,5;4,4;154;41
837;78 030;73 269;SOCIETE D'EXPLOITATION DU CINEMA LE MAJESTIC;20,9;45.389679;4.28977;159923;AUVERGNE / RHONE-ALPES;42095;16839;42;753;Saint-Étienne;373130;unités urbaines de 100 000 habitants et plus;2;53;2 759;6,50%;De 50 à 80 000 entrées;non;;banlieue;181;136;69;33,7;61,6;3,9;0,8;73;15,3
0;4 454;2 891;;57,1;43.382416;6.204033;160410;PROVENCE-ALPES-COTE D'AZUR;83057;3485;83;83108;Flassans-sur-Issole;3485;unités urbaines de moins de 20 000 habitants et zones rurales;1;52;177;54,10%;De 2 à 5 000 entrées;catégorie E;;commune isolée;117;95;2;53,1;35,1;11,1;0,7;69;53,1
230;55 151;50 366;VILLE DE LA FLECHE;24,1;47.699791;-0.080579;160742;PAYS DE LA LOIRE;72154;15185;72;72303;La Flèche;15185;unités urbaines de moins de 20 000 habitants et zones rurales;2;50;2 019;9,50%;De 50 à 80 000 entrées;catégorie E;JP;commune isolée;271;197;64;41,4;49,3;7,3;2;106;25,3
849;92 452;86 797;CINEMAS LES 4 VIKINGS;21,1;48.749639;-0.563195;160923;NORMANDIE;61169;14852;61;61401;Flers;21911;unités urbaines de 20 000 à 100 000 habitants;4;53;3 620;6,50%;De 80 à 100 000 entrées;non;;commune-centre;206;162;90;38,2;57,4;2,9;1,5;73;21,6
157;13 261;12 779;FEDERATION DES ASSOCIATIONS LAIQUES D' EDUCATION POPULAIRE GERS;45,2;43.850759;0.663578;161061;OCCITANIE;32132;6181;32;32201;Fleurance;6181;unités urbaines de moins de 20 000 habitants et zones rurales;2;52;747;3,80%;De 10 à 20 000 entrées;catégorie E;JPPR;commune isolée;336;269;37;38;44,1;14,3;3,7;182;37,6
141;35 924;23 290;EXTERIEUR NUIT;33,6;42.965028;1.607346;162212;OCCITANIE;9122;9706;9;9301;Foix;14531;unités urbaines de moins de 20 000 habitants et zones rurales;1;53;1 441;54,20%;De 30 à 40 000 entrées;catégorie E;;commune-centre;128;107;46;42,8;50,2;4,1;2,9;59;33,1
463;12 162;10 441;ASSOCIATION DEVELOPPEMENT ACTION CULTURELLE FOIX ARIEGE;80,4;42.960943;1.609276;162213;OCCITANIE;9122;9706;9;9301;Foix;14531;unités urbaines de moins de 20 000 habitants et zones rurales;1;38;311;16,50%;De 10 à 20 000 entrées;catégorie E;RDPR;commune-centre;126;79;2;46,4;27,7;9,2;16,7;113;79,7
150;1 214;1 157;ASSOCIATION COMITE DES FETES CINEMA;16;46.656698;6.0275;162501;BOURGOGNE / FRANCHE-COMTE;39228;1048;39;0;Zone rurale;14541106;unités urbaines de 100 000 habitants et plus;1;35;50;4,90%;Moins de 2000 entrées;non;;territoire rural;37;32;0;54;44,1;2;0;6;16,3
944;80 438;76 136;L ERMITAGE;75;48.404394;2.699594;162844;ILE-DE-FRANCE;77186;14974;77;77406;Fontainebleau;36517;petite couronne;5;49;6 014;5,70%;De 80 à 100 000 entrées;catégorie D;RDJPPR;commune-centre;315;204;138;55,3;18,9;15,9;9,9;222;69,3
1080;187 026;164 608;L ERMITAGE;23,9;48.400175;2.71613;162853;ILE-DE-FRANCE;77186;14974;77;77406;Fontainebleau;36517;petite couronne;6;53;8 935;13,60%;De 150 à 200 000 entrées;catégorie D;JP;commune-centre;273;184;160;29,6;63,9;4,7;1,7;117;22,2
1501;221 723;218 909;;14,1;46.529206;0.279764;163150;NOUVELLE AQUITAINE;86100;3856;86;86114;Fontaine-le-Comte;4672;unités urbaines de moins de 20 000 habitants et zones rurales;8;53;16 054;1,30%;De 200 à 300 000 entrées;non;;commune-centre;178;145;142;35,6;60,3;3,6;0,5;22;13,8
250;8 285;8 856;SNC GIPPA ET GILBERT;13;45.247083;6.304557;163811;AUVERGNE / RHONE-ALPES;73116;534;73;0;Zone rurale;14541106;unités urbaines de 100 000 habitants et plus;1;33;308;-6,40%;De 5 à 10 000 entrées;non;;territoire rural;108;91;44;48,7;47,8;2,4;1,1;21;6,2
198;15 015;15 961;COMITE MUNICIPAL DES FETES;71,6;48.791543;2.289748;163962;ILE-DE-FRANCE;92032;23963;92;851;Paris;10706072;grande couronne;1;28;496;-5,90%;De 10 à 20 000 entrées;catégorie C;JP;banlieue;107;79;0;54,7;26;14,2;5,1;80;68,8
520;87 176;78 309;SOCIETE CINEMATOGRAPHIQUE LUCONNAISE;20,8;46.466465;-0.803028;164003;PAYS DE LA LOIRE;85092;13640;85;85304;Fontenay-le-Comte;16868;unités urbaines de moins de 20 000 habitants et zones rurales;3;53;3 879;11,30%;De 80 à 100 000 entrées;catégorie E;RDJPPR;commune-centre;295;206;102;41,8;51,3;5,3;1,7;140;23,7
346;21 028;19 286;ASSOCIATION DU THEATRE DE FONTENAY LE FLEURY;49,4;48.811271;2.045243;164022;ILE-DE-FRANCE;78242;13374;78;851;Paris;10706072;petite couronne;1;52;680;9,00%;De 20 à 30 000 entrées;catégorie C;JP;banlieue;210;158;2;46,1;34,8;12,5;6,5;122;46,6
182;40 901;37 097;FONTENAY EN SCENES;78,8;48.852329;2.461111;164112;ILE-DE-FRANCE;94033;53649;94;851;Paris;10706072;grande couronne;1;52;1 021;10,30%;De 40 à 50 000 entrées;catégorie C;RDJPPR;banlieue;196;137;4;59,5;22;10,5;8;165;70,1
237;2 543;4 826;CYAN LOISIRS;13,7;42.505205;2.040244;164731;OCCITANIE;66124;1954;66;0;Zone rurale;14541106;unités urbaines de 100 000 habitants et plus;1;27;117;-47,30%;De 2 à 5 000 entrées;non;;territoire rural;62;46;2;33,4;57,4;3,9;5,3;10;9
135;15 238;12 592;COMMUNE DE FONTVIEILLE;30,4;43.726491;4.708604;164771;PROVENCE-ALPES-COTE D'AZUR;13038;3627;13;13106;Fontvieille;3627;unités urbaines de moins de 20 000 habitants et zones rurales;1;50;596;21,00%;De 10 à 20 000 entrées;catégorie E;;commune isolée;145;118;4;62,5;26,6;9,9;1;55;34,2
774;53 642;47 128;LOISIRS 2000 SARL;12,5;49.187501;6.899493;164811;GRAND EST;57227;21639;57;57501;Sarrebruck (ALL) - Forbach (partie française);83893;unités urbaines de 20 000 à 100 000 habitants;5;52;4 164;13,80%;De 50 à 80 000 entrées;non;;commune-centre;175;129;68;18,1;75,1;5;1,8;69;14,1
135;33 153;31 327;LE CINEMATOGRAPHE;72,5;43.959829;5.781061;164831;PROVENCE-ALPES-COTE D'AZUR;4088;4981;4;4202;Forcalquier;6348;unités urbaines de moins de 20 000 habitants et zones rurales;1;51;1 148;5,80%;De 30 à 40 000 entrées;catégorie E;RDJPPR;commune-centre;266;178;2;59,2;21,4;11,4;8;215;72,6
699;3 158;3 970;;57,8;49.615296;1.54519;165383;NORMANDIE;76276;3855;76;76201;Forges-les-Eaux;4860;unités urbaines de moins de 20 000 habitants et zones rurales;1;18;45;-20,50%;De 2 à 5 000 entrées;non;;commune-centre;32;14;0;43,1;39,9;5,6;11,3;19;61,5
280;8 145;9 349;OFFICE DU TOURISME DE FORT MAHON PLAGE;18,4;50.339949;1.569107;165801;HAUTS DE FRANCE;80333;1182;80;0;Zone rurale;14541106;unités urbaines de 100 000 habitants et plus;1;27;423;-12,90%;De 5 à 10 000 entrées;non;;territoire rural;79;76;6;30;67,5;2,3;0,2;24;11,3
392;36 786;36 028;CENTRE CULTUREL MARCEL PAGNOL (EX COMITE MUNI ACTION SOC CULTUR);41,2;43.453954;4.943629;165884;PROVENCE-ALPES-COTE D'AZUR;13039;15831;13;759;Marseille - Aix-en-Provence;1585498;unités urbaines de 100 000 habitants et plus;2;51;1 990;2,10%;De 30 à 40 000 entrées;catégorie C;JPPR;banlieue;291;218;25;34,3;55,8;6,3;3,6;174;24,7
195;28 273;24 118;COMMUNAUTE D AGGLOMERATION ROISSY PAYS DE FRANCE;63,6;49.099464;2.524882;166051;ILE-DE-FRANCE;95250;9566;95;95401;Fosses;21825;petite couronne;1;47;1 423;17,20%;De 20 à 30 000 entrées;catégorie D;RDJPPR;commune-centre;276;186;1;59,7;21,3;9,7;9,4;196;56,8
1042;205 813;186 242;ASSOCIATION D'EDUCATION POPULAIRE ET CULTURELLE DU PAYS FOUGERES;29,2;48.348029;-1.19278;166434;BRETAGNE;35115;20235;35;35401;Fougères;26788;unités urbaines de 20 000 à 100 000 habitants;6;53;8 393;10,50%;De 200 à 300 000 entrées;catégorie D;JPPR;commune-centre;272;188;123;40;55,4;3,5;1,1;143;21,9
282;13 263;12 069;SOCIETE D'EXPLOITATION DU CASINO DE FOURAS;39,1;45.990004;-1.097971;166862;NOUVELLE AQUITAINE;17168;4047;17;17115;Fouras;4047;unités urbaines de moins de 20 000 habitants et zones rurales;1;53;1 012;9,90%;De 10 à 20 000 entrées;catégorie E;;commune isolée;223;201;6;57,8;31,8;6,6;3,8;105;38,7
133;6 377;6 247;ASSOCIATION LE SONHIR 3;17,1;50.013373;4.04454;167035;HAUTS DE FRANCE;59249;12364;59;59305;Fourmies;15330;unités urbaines de moins de 20 000 habitants et zones rurales;1;52;878;2,10%;De 5 à 10 000 entrées;non;;commune-centre;175;156;6;32,5;55,3;9,8;2,4;56;24,7
174;7 655;9 046;;36,3;45.191425;6.648346;167151;AUVERGNE / RHONE-ALPES;73117;666;73;73109;Modane;3846;unités urbaines de moins de 20 000 habitants et zones rurales;1;50;446;-15,40%;De 5 à 10 000 entrées;non;;banlieue;218;186;3;40,4;42,6;15,2;1,8;99;37,2
193;3 516;3 947;UNION REG FEDERATIONS OEUVRES LAIQUES AUVERGNE RHONE ALPES;58,4;45.73125;4.765987;168071;AUVERGNE / RHONE-ALPES;69089;14361;69;758;Lyon;1639558;unités urbaines de 100 000 habitants et plus;1;37;77;-10,90%;De 2 à 5 000 entrées;non;;banlieue;69;46;0;53,6;21,2;17,3;7,9;43;68,1
518;38 780;37 790;ASSOCIATION CINE HENRI LANGLOIS;44,2;48.988437;2.232576;168193;ILE-DE-FRANCE;95252;34920;95;851;Paris;10706072;petite couronne;2;52;2 796;2,60%;De 30 à 40 000 entrées;catégorie C;RDJPPR;banlieue;278;197;38;48,4;33,1;15,3;3,2;171;36,2
502;50 460;49 716;LES CINEMAS DE SAINT RAPHAEL (EX LIDO RIALTO CINEMA ST RAPHAEL);82,1;43.432981;6.732812;168942;PROVENCE-ALPES-COTE D'AZUR;83061;52897;83;83502;Fréjus;95721;unités urbaines de 20 000 à 100 000 habitants;3;53;4 392;1,50%;De 50 à 80 000 entrées;catégorie D;;commune-centre;257;179;100;51,4;27;13,5;8;188;69,7
450;10 287;8 946;CINE SAUSSET;10,8;43.3974611;6.718800399999964;168953;PROVENCE-ALPES-COTE D'AZUR;83061;52897;83;83502;Fréjus;95721;unités urbaines de 20 000 à 100 000 habitants;1;12;74;15,00%;De 10 à 20 000 entrées;non;;commune-centre;38;36;7;33,3;60,9;5,5;0,3;7;5,4
2474;282 245;272 204;;15,4;49.141819;6.81071;170435;GRAND EST;57240;13059;57;57501;Sarrebruck (ALL) - Forbach (partie française);83893;unités urbaines de 20 000 à 100 000 habitants;10;53;18 896;3,70%;De 200 à 300 000 entrées;non;;commune-centre;297;229;173;22,6;71,9;4;1,5;96;12,7
152;61 676;56 764;CINEMISTRAL;39,7;43.447733;3.752698;171242;OCCITANIE;34108;22771;34;34502;Sète;91281;unités urbaines de 20 000 à 100 000 habitants;1;48;1 550;8,70%;De 50 à 80 000 entrées;catégorie D;JP;commune-centre;269;204;45;48,4;42;7,4;2,2;163;32,1
120;22 228;20 630;ASSOCIATION CINEFOL 31;45,7;43.839626;1.390132;171253;OCCITANIE;31202;5917;31;31202;Fronton;5917;unités urbaines de moins de 20 000 habitants et zones rurales;1;52;1 055;7,70%;De 20 à 30 000 entrées;catégorie E;RDJPPR;commune isolée;273;190;17;45,2;41,1;10,7;3;174;40,1
263;58 028;51 415;STUDIO CINEMA;11,9;42.657224;9.423381;171650;CORSE;2B120;5736;2B;2B501;Bastia;67699;unités urbaines de 20 000 à 100 000 habitants;1;49;1 213;12,90%;De 50 à 80 000 entrées;non;;banlieue;96;53;28;11,4;77;10,3;1,3;34;14,5
350;5 578;5 687;COMMUNE DE GACE;19;48.794527;0.298902;171881;NORMANDIE;61181;1896;61;61101;Gacé;2074;unités urbaines de moins de 20 000 habitants et zones rurales;1;47;200;-1,90%;De 5 à 10 000 entrées;non;;commune-centre;107;90;0;55,7;34;6,3;4,1;27;22,9
450;12 272;10 068;ASSOCIATION LE CINEMA DE GAGNY;49,1;48.884043;2.529952;172043;ILE-DE-FRANCE;93032;39603;93;851;Paris;10706072;grande couronne;1;45;322;21,90%;De 10 à 20 000 entrées;catégorie C;;banlieue;105;61;0;43,9;30,2;10;15,9;59;51,1
709;190 614;178 095;CINE QUATRE VINGT UN;44,8;43.901202;1.895449;172104;OCCITANIE;81099;15423;81;81303;Gaillac;18794;unités urbaines de moins de 20 000 habitants et zones rurales;4;53;6 355;7,00%;De 150 à 200 000 entrées;catégorie E;RDJP;commune-centre;326;250;149;39;48,4;9,4;3,2;198;34,5
505;54 511;54 366;LES ECRANS GAILLONNAIS;9,1;49.15552;1.344766;172213;NORMANDIE;27275;7027;27;27302;Gaillon;17263;unités urbaines de moins de 20 000 habitants et zones rurales;3;53;3 043;0,30%;De 50 à 80 000 entrées;non;;commune-centre;113;85;60;22,3;73,3;3,8;0,5;30;7,9
166;20 664;19 486;MIREILLE LACAN ET CIE;29,2;43.936455;3.709731;172662;OCCITANIE;34111;3950;34;34209;Ganges;7942;unités urbaines de moins de 20 000 habitants et zones rurales;1;53;1 226;6,00%;De 20 à 30 000 entrées;non;;commune-centre;234;192;25;48,3;43,5;4,8;3,4;119;32,9
131;19 806;18 557;;38,7;46.097274;3.197027;172682;AUVERGNE / RHONE-ALPES;3118;5841;3;3202;Gannat;5841;unités urbaines de moins de 20 000 habitants et zones rurales;1;53;886;6,70%;De 10 à 20 000 entrées;catégorie E;JP;commune isolée;220;173;3;49,8;37,8;8,8;3,5;111;31,5
640;155 968;155 209;LE PALACE;15,4;44.557036;6.078807;172741;PROVENCE-ALPES-COTE D'AZUR;5061;40776;5;5401;Gap;41248;unités urbaines de 20 000 à 100 000 habitants;6;53;8 643;0,50%;De 150 à 200 000 entrées;non;;commune-centre;156;133;123;30,6;64,6;4;0,8;26;17,5
274;23 217;24 419;ASSOCIATION CONFERENCE JEANNE D'ARC;44,6;44.559365;6.078993;172743;PROVENCE-ALPES-COTE D'AZUR;5061;40776;5;5401;Gap;41248;unités urbaines de 20 000 à 100 000 habitants;1;52;1 447;-4,90%;De 20 à 30 000 entrées;non;;commune-centre;70;52;38;60,8;20,6;16,7;1,9;43;48,4
104;20 689;18 721;ASSOCIATION CONFERENCE JEANNE D'ARC;96,8;44.55986;6.07839;172744;PROVENCE-ALPES-COTE D'AZUR;5061;40776;5;5401;Gap;41248;unités urbaines de 20 000 à 100 000 habitants;1;52;1 457;10,50%;De 20 à 30 000 entrées;catégorie D;RD;commune-centre;120;93;30;67,7;4,5;11,2;16,6;114;91,7
873;295 538;271 477;;26,7;45.629474;0.233829;172860;NOUVELLE AQUITAINE;16146;1999;16;0;Zone rurale;14541106;unités urbaines de 100 000 habitants et plus;6;53;10 463;8,90%;De 200 à 300 000 entrées;catégorie E;;territoire rural;289;204;122;33,7;61,5;3,8;1;146;17,4
434;33 263;33 755;VILLE DE LIART;45;48.844239;2.188722;172914;ILE-DE-FRANCE;92033;17762;92;851;Paris;10706072;grande couronne;2;46;1 423;-1,50%;De 30 à 40 000 entrées;non;;banlieue;198;160;53;62,3;28,3;7;2,4;107;35,8
423;32 221;30 416;GARDANNE ACTION CINEMA;59,9;43.454749;5.470731;172961;PROVENCE-ALPES-COTE D'AZUR;13041;19749;13;759;Marseille - Aix-en-Provence;1585498;unités urbaines de 100 000 habitants et plus;3;51;2 365;5,90%;De 30 à 40 000 entrées;catégorie C;;banlieue;298;222;17;56,7;28,4;7,8;7,1;190;60,5
141;11 694;10 246;VILLE DE LA GARDE;80,7;43.124317;6.009199;173083;PROVENCE-ALPES-COTE D'AZUR;83062;25047;83;757;Toulon;569793;unités urbaines de 100 000 habitants et plus;1;42;435;14,10%;De 10 à 20 000 entrées;catégorie C;;banlieue;92;64;1;68;12,9;7,7;11,4;75;74,3
225;7 658;7 579;VILLE DE GARGES LES GONESSE;48,4;48.971945;2.399817;173332;ILE-DE-FRANCE;95268;42501;95;851;Paris;10706072;petite couronne;1;48;713;1,00%;De 5 à 10 000 entrées;catégorie C;JPPR;banlieue;150;98;2;49,5;25,9;13,1;11,5;97;59,7
166;11 083;11 333;;46,5;43.560669;-0.272312;173432;NOUVELLE AQUITAINE;64233;1405;64;0;Zone rurale;14541106;unités urbaines de 100 000 habitants et plus;1;52;681;-2,20%;De 10 à 20 000 entrées;catégorie E;JP;territoire rural;273;214;3;50,9;26,1;13,8;9,2;143;51,9
177;12 091;11 964;TOURNEE FAMILIA;37,9;43.721609;7.149739;173991;PROVENCE-ALPES-COTE D'AZUR;6065;6415;6;6701;Nice;943354;unités urbaines de 100 000 habitants et plus;1;52;718;1,10%;De 10 à 20 000 entrées;non;;banlieue;231;209;8;53,2;33,2;10,2;3,4;103;34,3
323;3 398;2 469;;33,7;43.287544;5.6229;174813;PROVENCE-ALPES-COTE D'AZUR;13042;6387;13;759;Marseille - Aix-en-Provence;1585498;unités urbaines de 100 000 habitants et plus;1;41;196;37,60%;De 2 à 5 000 entrées;non;;banlieue;105;92;0;44,5;51,9;3,5;0,1;36;26,3
104;27 442;25 730;ASSOCIATION CINEMA DE GENCAY;59;46.374596;0.404662;174961;NOUVELLE AQUITAINE;86103;1733;86;86105;Gençay;3045;unités urbaines de moins de 20 000 habitants et zones rurales;1;53;1 062;6,70%;De 20 à 30 000 entrées;catégorie E;RDJPPR;commune-centre;220;156;2;65,7;16,4;14,3;3,5;158;53
266;4 234;5 336;;33,7;47.241889;5.217949;175404;BOURGOGNE / FRANCHE-COMTE;21292;5342;21;21202;Genlis;5342;unités urbaines de moins de 20 000 habitants et zones rurales;1;47;288;-20,70%;De 2 à 5 000 entrées;catégorie E;;commune isolée;129;111;5;60,4;33,6;4,6;1,4;49;23
290;46 949;43 025;ASSOCIATION CENTRE DE LOISIRS;59,4;48.928469;2.293206;175513;ILE-DE-FRANCE;92036;44551;92;851;Paris;10706072;grande couronne;2;49;2 121;9,10%;De 40 à 50 000 entrées;catégorie C;RDJPPR;banlieue;322;229;15;51;27,1;14,6;7,3;224;58,4
402;27 715;26 410;CASINO DE GERARDMER;10,9;48.069277;6.867186;175923;GRAND EST;88196;8294;88;88301;Gérardmer;9835;unités urbaines de moins de 20 000 habitants et zones rurales;1;53;921;4,90%;De 20 à 30 000 entrées;non;;commune-centre;75;69;39;37,9;60,9;1,3;0;10;9,9
211;17 877;16 009;MAISON DE LA CULTURE ET DES LOISIRS DE GERARDMER;68,1;48.071742;6.881569;175924;GRAND EST;88196;8294;88;88301;Gérardmer;9835;unités urbaines de moins de 20 000 habitants et zones rurales;1;49;796;11,70%;De 10 à 20 000 entrées;catégorie E;RDJP;commune-centre;173;124;2;55,3;15,7;19,8;9,1;131;65,9
220;9 406;11 489;BAUCINE;14,3;46.152434;6.657281;176722;AUVERGNE / RHONE-ALPES;74134;1251;74;0;Zone rurale;14541106;unités urbaines de 100 000 habitants et plus;1;27;307;-18,10%;De 5 à 10 000 entrées;non;;territoire rural;84;69;42;47;49,8;3,1;0;11;8,8
110;15 005;15 400;VILLE DE GEX;63,4;46.332254;6.05905;176873;AUVERGNE / RHONE-ALPES;1173;11687;1;1301;Gex;16504;unités urbaines de moins de 20 000 habitants et zones rurales;1;52;1 017;-2,60%;De 10 à 20 000 entrées;catégorie E;RDJPPR;commune-centre;304;181;1;50,2;28,3;14,9;6,6;212;55,2
188;23 106;21 262;LES CINEMAS GIENNOIS;18,2;47.733433;2.650054;177112;CENTRE-VAL DE LOIRE;45155;14559;45;45303;Gien;15740;unités urbaines de moins de 20 000 habitants et zones rurales;1;50;774;8,70%;De 20 à 30 000 entrées;non;;commune-centre;130;106;30;35,2;56,6;4,6;3,6;36;23,8
294;1 490;1 149;;47,4;45.1800066;5.791162699999973;177140;AUVERGNE / RHONE-ALPES;38179;6483;38;38701;Grenoble;511598;unités urbaines de 100 000 habitants et plus;1;16;19;29,70%;Moins de 2000 entrées;non;;banlieue;19;16;0;76,8;21,1;2,1;0;9;46,1
155;19 657;19 965;LES VRAIS INSTANTS DE L' IMAGE;55,6;48.701701;2.13387;177201;ILE-DE-FRANCE;91272;21069;91;851;Paris;10706072;petite couronne;1;48;1 104;-1,50%;De 10 à 20 000 entrées;catégorie C;;banlieue;116;92;2;54,9;27,1;11,8;6,2;70;60,9
97;7 390;8 307;;38,4;43.626338;0.878691;177663;OCCITANIE;32147;2973;32;32101;Gimont;2973;unités urbaines de moins de 20 000 habitants et zones rurales;1;51;310;-11,00%;De 5 à 10 000 entrées;catégorie E;JP;commune isolée;199;171;9;52;40,1;5,9;2;88;28,8
207;16 296;14 304;VILLE DE GISORS;38;49.279682;1.774186;178231;NORMANDIE;27284;11867;27;359;Gisors;13776;unités urbaines de moins de 20 000 habitants et zones rurales;1;52;1 078;13,90%;De 10 à 20 000 entrées;catégorie E;JP;commune-centre;215;175;5;52,1;38,6;7,3;2;103;33
465;24 644;41 179;LE MANEGE;14,5;50.135351;4.82068;178423;GRAND EST;8190;6699;8;8206;Givet;8421;unités urbaines de moins de 20 000 habitants et zones rurales;2;41;1 183;-40,20%;De 20 à 30 000 entrées;catégorie E;JP;commune-centre;154;129;28;12,5;83,6;3,7;0,1;42;8,8
223;27 257;21 453;COMMUNE DE GONESSE;66,1;48.999982;2.428131;179852;ILE-DE-FRANCE;95277;26142;95;851;Paris;10706072;petite couronne;1;49;1 282;27,10%;De 20 à 30 000 entrées;catégorie C;RDJP;banlieue;291;199;1;45,5;29,5;13,1;11,9;201;56,8
337;6 809;5 396;;28,5;49.504857;0.228509;179902;NORMANDIE;76305;9234;76;76701;Le Havre;237578;unités urbaines de 100 000 habitants et plus;1;18;186;26,20%;De 5 à 10 000 entrées;non;;banlieue;69;34;0;23,2;62,7;11,4;2,8;28;33,4
272;10 681;10 247;VILLE DE GORRON;36;48.413307;-0.814298;180261;PAYS DE LA LOIRE;53107;2623;53;53105;Gorron;2623;unités urbaines de moins de 20 000 habitants et zones rurales;1;50;361;4,20%;De 10 à 20 000 entrées;catégorie E;JP;commune isolée;154;118;2;59,6;25,6;14,5;0,3;69;42,1
290;28 415;28 306;SARL CINE LIMOUSIN QUERCY PERIGORD;40,8;44.737405;1.38428;181262;OCCITANIE;46127;4321;46;46105;Gourdon;4321;unités urbaines de moins de 20 000 habitants et zones rurales;2;52;1 893;0,40%;De 20 à 30 000 entrées;catégorie E;RDJPPR;commune isolée;394;295;7;50,1;39,1;6,6;4,2;226;38,3
227;20 454;19 185;AEP OEUVRE DE JEANNE D'ARC;37,1;48.141023;-3.606192;181351;BRETAGNE;56066;3972;56;56115;Gourin;3972;unités urbaines de moins de 20 000 habitants et zones rurales;1;53;1 464;6,60%;De 20 à 30 000 entrées;catégorie E;RDJPPR;commune isolée;312;235;18;46,7;41,5;8,6;3,1;153;28,3
319;51 690;48 575;ASSOCIATION LES ECRANS;33,5;49.482406;1.723715;181422;NORMANDIE;76312;6294;76;76205;Gournay-en-Bray;7975;unités urbaines de moins de 20 000 habitants et zones rurales;2;51;1 982;6,40%;De 50 à 80 000 entrées;catégorie E;RDJP;commune-centre;283;238;41;41,8;50,8;5,8;1,6;159;20,7
562;2 843;5 420;VILLE DE GOUSSAINVILLE;38,5;49.03242;2.471796;181553;ILE-DE-FRANCE;95280;31025;95;851;Paris;10706072;petite couronne;1;10;26;-47,50%;De 2 à 5 000 entrées;non;;banlieue;18;8;0;52,2;20,4;27,4;0;6;50,5
158;19 085;17 687;VILLE DE GRAMAT;37,7;44.775936;1.72351;182282;OCCITANIE;46128;3649;46;46103;Gramat;3649;unités urbaines de moins de 20 000 habitants et zones rurales;1;53;710;7,90%;De 10 à 20 000 entrées;catégorie E;JP;commune isolée;243;198;0;38,8;52,4;5,6;3,2;117;33,3
199;9 530;11 082;MC4  DISTRIBUTION;21,1;45.935346;6.473902;182461;AUVERGNE / RHONE-ALPES;74136;2154;74;74101;Le Grand-Bornand;2154;unités urbaines de moins de 20 000 habitants et zones rurales;1;31;384;-14,00%;De 5 à 10 000 entrées;non;;commune isolée;144;123;42;45;49,3;5,4;0,3;43;13
150;7 261;9 096;MC4  DISTRIBUTION;18,6;45.969321;6.446761;182462;AUVERGNE / RHONE-ALPES;74136;2154;74;74101;Le Grand-Bornand;2154;unités urbaines de moins de 20 000 habitants et zones rurales;1;29;360;-20,20%;De 5 à 10 000 entrées;non;;commune isolée;127;109;39;49,5;47,5;2,7;0,3;34;10,6
227;25 236;30 110;REGIE PERSONNALISEE CINEMA LE VARLIN;17,6;51.018143;2.300028;182931;HAUTS DE FRANCE;59271;23634;59;59602;Dunkerque;177103;unités urbaines de 100 000 habitants et plus;1;52;849;-16,20%;De 20 à 30 000 entrées;non;;banlieue;143;108;3;27,9;60,5;9,1;2,5;44;22,9
3828;807 718;784 855;GAUMONT;14,7;49.413966;1.041562;183301;NORMANDIE;76322;25652;76;755;Rouen;467133;unités urbaines de 100 000 habitants et plus;16;53;28 759;2,90%;De 700 000 à 1 million d'entrées;non;;banlieue;312;230;190;26,8;67,6;4,7;0,9;91;11,8
295;19 764;18 182;;59,5;43.608373;5.064398;183942;PROVENCE-ALPES-COTE D'AZUR;13044;4703;13;13501;Salon-de-Provence;60408;unités urbaines de 20 000 à 100 000 habitants;1;50;907;8,70%;De 10 à 20 000 entrées;catégorie D;RDJPPR;banlieue;232;152;0;50;32,2;8,9;9;163;48,5
514;106 655;101 249;LE SELECT;34,4;48.837706;-1.594566;183951;NORMANDIE;50218;13175;50;50402;Granville;26343;unités urbaines de 20 000 à 100 000 habitants;3;53;4 143;5,30%;De 100 à 150 000 entrées;catégorie D;JP;commune-centre;288;212;108;43,1;50,7;4,3;2;160;27,5
230;16 941;16 798;VILLE DE GRASSE;51,1;43.659584;6.922053;184053;PROVENCE-ALPES-COTE D'AZUR;6069;50937;6;6701;Nice;943354;unités urbaines de 100 000 habitants et plus;2;48;1 875;0,90%;De 10 à 20 000 entrées;catégorie C;;banlieue;352;296;33;56,2;28,4;9,2;6,2;204;51,2
425;48 869;41 445;SARL VOG;31;43.544412;4.131107;184213;OCCITANIE;30133;8434;30;362;Le Grau-du-Roi;17189;unités urbaines de moins de 20 000 habitants et zones rurales;2;52;2 811;17,90%;De 40 à 50 000 entrées;catégorie E;;banlieue;288;249;103;59,5;33,7;5,2;1,7;139;24,6
280;52 190;45 150;;28,8;43.760736;1.999613;184252;OCCITANIE;81105;12461;81;81302;Graulhet;12461;unités urbaines de moins de 20 000 habitants et zones rurales;2;53;2 691;15,60%;De 50 à 80 000 entrées;catégorie E;JP;commune isolée;247;199;53;38;50,4;9,4;2,2;124;25
369;38 664;37 437;L'ETOILE;23,9;51.003064;2.131258;184364;HAUTS DE FRANCE;59273;11586;59;59602;Dunkerque;177103;unités urbaines de 100 000 habitants et plus;2;52;1 726;3,30%;De 30 à 40 000 entrées;catégorie C;JP;banlieue;250;197;38;22,5;69,1;6,9;1,5;102;14,9
252;41 547;43 304;COMMUNAUTE DE COMMUNES DU VAL DE GRAY;29,7;47.448741;5.587904;184581;BOURGOGNE / FRANCHE-COMTE;70279;5484;70;70301;Gray;9470;unités urbaines de moins de 20 000 habitants et zones rurales;2;50;1 434;-4,10%;De 40 à 50 000 entrées;catégorie E;JPPR;commune-centre;177;129;33;37,5;55,8;5,2;1,4;77;26,6
250;24 134;22 811;ASSOCIATION CINEFOL 31;49,9;43.76859;1.296013;184852;OCCITANIE;31232;8685;31;31205;Grenade;8685;unités urbaines de moins de 20 000 habitants et zones rurales;1;52;563;5,80%;De 20 à 30 000 entrées;catégorie E;JP;commune isolée;277;221;1;53,3;35,8;7,7;3,1;161;46,4
1009;94 829;100 439;CINEMA REX;1,8;45.189425;5.728332;185002;AUVERGNE / RHONE-ALPES;38185;160649;38;38701;Grenoble;511598;unités urbaines de 100 000 habitants et plus;6;53;11 065;-5,60%;De 80 à 100 000 entrées;non;;commune-centre;113;100;96;16,8;79,2;3,7;0,4;3;1,3
479;120 434;118 952;;94,4;45.187177;5.722453;185023;AUVERGNE / RHONE-ALPES;38185;160649;38;38701;Grenoble;511598;unités urbaines de 100 000 habitants et plus;5;53;8 858;1,20%;De 100 à 150 000 entrées;catégorie A;RD;commune-centre;285;194;171;62,8;15,1;10,8;11,3;247;94,4
876;135 617;114 338;CINE 38;51,7;45.190618;5.723517;185044;AUVERGNE / RHONE-ALPES;38185;160649;38;38701;Grenoble;511598;unités urbaines de 100 000 habitants et plus;7;53;12 252;18,60%;De 100 à 150 000 entrées;non;;commune-centre;203;158;127;55,2;33,8;9,3;1,7;103;57,1
2984;613 151;605 768;;31;45.185486;5.731291;185116;AUVERGNE / RHONE-ALPES;38185;160649;38;38701;Grenoble;511598;unités urbaines de 100 000 habitants et plus;10;53;19 045;1,20%;De 450 à 700 000 entrées;non;;commune-centre;272;195;189;30,1;62,3;4,8;2,7;95;26,7
641;42 193;46 028;;36,1;43.757246;5.886021;185173;PROVENCE-ALPES-COTE D'AZUR;4094;2628;4;4101;Gréoux-les-Bains;2628;unités urbaines de moins de 20 000 habitants et zones rurales;2;51;2 248;-8,30%;De 40 à 50 000 entrées;catégorie E;RDJP;commune isolée;213;188;12;64,8;27,3;4,9;2,9;110;33,3
0;1 131;2 045;ECOCINE VERDON;20;43.757189;5.886009;185175;PROVENCE-ALPES-COTE D'AZUR;4094;2628;4;4101;Gréoux-les-Bains;2628;unités urbaines de moins de 20 000 habitants et zones rurales;1;6;15;-44,70%;Moins de 2000 entrées;non;;commune isolée;6;5;0;33,7;59,3;0;7;3;21,3
154;3 759;3 290;VILLE DE GRESSE EN VERCORS;22,6;44.900658;5.555056;185241;AUVERGNE / RHONE-ALPES;38186;395;38;0;Zone rurale;14541106;unités urbaines de 100 000 habitants et plus;1;52;115;14,30%;De 2 à 5 000 entrées;non;;territoire rural;91;75;0;56,6;35,6;5,5;2,3;25;21,3
236;12 158;7 105;BERGER BOTERF HELENE;72,2;47.641631;-3.45272;186232;BRETAGNE;56069;2262;56;0;Zone rurale;14541106;unités urbaines de 100 000 habitants et plus;1;52;216;71,10%;De 10 à 20 000 entrées;non;;territoire rural;189;146;0;46,4;26,5;16,8;10,3;144;66,6
740;170 796;141 610;SG CINEMA LE FLORIVAL;23,1;47.908949;7.211201;187022;GRAND EST;68112;11319;68;68401;Guebwiller;29102;unités urbaines de 20 000 à 100 000 habitants;5;53;6 049;20,60%;De 150 à 200 000 entrées;catégorie D;;commune-centre;332;236;88;26,3;65,6;7,1;0,9;177;17,5
170;7 788;6 935;ASSOCIATION L' ETENDARD;32,5;47.630162;-1.8325;187191;PAYS DE LA LOIRE;44067;5231;44;44122;Guémené-Penfao;5231;unités urbaines de moins de 20 000 habitants et zones rurales;1;52;363;12,30%;De 5 à 10 000 entrées;catégorie E;;commune isolée;167;136;2;48,1;35,8;15,5;0,6;63;36
201;12 378;11 914;ASSOCIATION ROCH;46,6;48.064952;-3.208011;187201;BRETAGNE;56073;1103;56;0;Zone rurale;14541106;unités urbaines de 100 000 habitants et plus;1;52;633;3,90%;De 10 à 20 000 entrées;catégorie E;RDJPPR;territoire rural;349;266;2;45,2;29,3;20,5;5;203;43,2
184;16 130;14 032;CINEGUER;33,4;47.907692;-2.118355;187365;BRETAGNE;56075;6299;56;56211;Guer;6803;unités urbaines de moins de 20 000 habitants et zones rurales;1;50;595;15,00%;De 10 à 20 000 entrées;catégorie E;;commune-centre;210;180;8;40,1;49,9;8,1;1,9;88;23,7
270;13 820;13 804;ASSOCIATION LES JONGLEURS;37,3;47.941328;-1.226507;187441;BRETAGNE;35125;4281;35;35204;La Guerche-de-Bretagne;5391;unités urbaines de moins de 20 000 habitants et zones rurales;1;49;362;0,10%;De 10 à 20 000 entrées;catégorie E;;commune-centre;196;164;2;52,3;39,6;6,8;1,4;86;28,5
695;111 572;103 630;CENTRE REGIONAL PROMOTION IMAGE LE SENECHAL;31,7;46.169796;1.867356;187515;NOUVELLE AQUITAINE;23096;13492;23;23301;Guéret;14529;unités urbaines de moins de 20 000 habitants et zones rurales;5;53;6 204;7,70%;De 100 à 150 000 entrées;catégorie E;RDJPPR;commune-centre;334;267;138;34,5;56,4;7,4;1,7;177;24,6
180;21 177;22 069;SARL LE DANTON;38;46.600458;4.067349;187852;BOURGOGNE / FRANCHE-COMTE;71230;7184;71;71204;Gueugnon;7184;unités urbaines de moins de 20 000 habitants et zones rurales;1;52;1 218;-4,00%;De 20 à 30 000 entrées;catégorie E;JPPR;commune isolée;211;163;15;43,9;47,4;7,5;1,2;108;32,4
284;34 777;33 641;CINEMA LE BRETAGNE;46,5;47.990181;-1.796621;188041;BRETAGNE;35126;8231;35;35213;Guichen;8231;unités urbaines de moins de 20 000 habitants et zones rurales;2;52;832;3,40%;De 30 à 40 000 entrées;catégorie E;RDJP;commune isolée;258;205;14;48,3;39,8;9,1;2,8;148;36,5
238;20 530;13 893;ASSOCIATION COMITE MUNICIPAL DES FETES;36,7;44.932115;4.875562;188251;AUVERGNE / RHONE-ALPES;7102;10862;7;651;Valence;129705;unités urbaines de 100 000 habitants et plus;1;45;256;47,80%;De 20 à 30 000 entrées;non;;banlieue;86;62;0;83,6;10;5,8;0,7;37;34,1
185;16 711;14 087;CINE GUIL;31,7;44.662223;6.649662;188341;PROVENCE-ALPES-COTE D'AZUR;5065;2301;5;5102;Guillestre;3208;unités urbaines de moins de 20 000 habitants et zones rurales;1;50;1 022;18,60%;De 10 à 20 000 entrées;catégorie E;JP;commune-centre;190;152;15;41,6;45,9;8,7;3,9;87;29,9
438;104 790;88 573;LES BALADINS;26,8;48.559935;-3.148205;188591;BRETAGNE;22070;6900;22;22401;Guingamp;21755;unités urbaines de 20 000 à 100 000 habitants;2;53;4 522;18,30%;De 100 à 150 000 entrées;catégorie D;JPPR;commune-centre;521;365;155;40,9;51;6,5;1,6;261;22,6
185;16 847;14 409;CINEMA ALLIANCE;31,2;47.8255858;-1.8447579999999562;188681;BRETAGNE;35176;6888;35;35207;Guipry;6888;unités urbaines de moins de 20 000 habitants et zones rurales;1;52;484;16,90%;De 10 à 20 000 entrées;catégorie E;;banlieue;235;204;7;44,7;41,6;12,2;1,4;95;27
160;8 621;8 606;VILLE DE GUISE;16,5;49.898867;3.627448;188762;HAUTS DE FRANCE;2361;4919;2;2201;Guise;4919;unités urbaines de moins de 20 000 habitants et zones rurales;1;48;504;0,20%;De 5 à 10 000 entrées;non;;commune isolée;137;109;0;40,9;50;8,1;0,9;31;20,1
182;29 463;21 161;ARTS ET TECHNIQUES;52;44.638602;-1.111896;188933;NOUVELLE AQUITAINE;33199;20817;33;33501;La Teste-de-Buch - Arcachon;65500;unités urbaines de 20 000 à 100 000 habitants;1;53;727;39,20%;De 20 à 30 000 entrées;catégorie D;;commune-centre;303;223;31;58,8;23,7;10,3;7,2;192;54,5
415;8 176;8 205;GOSSE PHILIPPE;34,6;43.656112;-0.592314;189661;NOUVELLE AQUITAINE;40119;4616;40;40201;Hagetmau;5305;unités urbaines de moins de 20 000 habitants et zones rurales;1;49;555;-0,40%;De 5 à 10 000 entrées;catégorie E;;commune-centre;221;190;4;50,1;37,3;10,9;1,7;89;30,5
1650;342 806;337 087;SOCIETE DU CINEMA MEGAREX;11,2;48.80003;7.834416;189741;GRAND EST;67180;34846;67;67501;Haguenau;59194;unités urbaines de 20 000 à 100 000 habitants;10;53;14 388;1,70%;De 300 à 450 000 entrées;non;;commune-centre;210;165;155;22;71,7;5,6;0,7;43;10
480;7 305;7 847;ARTS ET TECHNIQUES;34,4;44.874611;-0.677018;189830;NOUVELLE AQUITAINE;33200;10755;33;33701;Bordeaux;904359;unités urbaines de 100 000 habitants et plus;1;48;360;-6,90%;De 5 à 10 000 entrées;catégorie C;;banlieue;183;151;6;46,8;42,4;9,7;1,2;75;22,5
237;29 680;31 385;OFFICE DU CINEMA HALLUINOIS;25,1;50.780027;3.127664;190194;HAUTS DE FRANCE;59279;20662;59;59702;Lille (partie française);1039397;unités urbaines de 100 000 habitants et plus;1;47;534;-5,40%;De 20 à 30 000 entrées;non;;banlieue;157;120;1;36;54,7;7,1;2,2;51;21,3
198;6 926;8 057;CINEM'HAM;30,2;49.747151;3.074474;190281;HAUTS DE FRANCE;80410;4679;80;80207;Ham;7343;unités urbaines de moins de 20 000 habitants et zones rurales;1;48;179;-14,00%;De 5 à 10 000 entrées;non;;commune-centre;119;98;1;44,7;41,3;12,8;1,1;37;37
362;18 119;16 706;;23,2;50.445859;2.905974;191372;HAUTS DE FRANCE;62413;12595;62;756;Douai - Lens;504537;unités urbaines de 100 000 habitants et plus;1;51;535;8,50%;De 10 à 20 000 entrées;non;;banlieue;118;86;0;18,7;66,5;9,8;5,1;39;21
193;14 212;6 807;ASSOCIATION ZABALKI;46,6;43.382881;-1.306533;191591;NOUVELLE AQUITAINE;64256;6562;64;64202;Hasparren;6562;unités urbaines de moins de 20 000 habitants et zones rurales;1;46;590;108,80%;De 10 à 20 000 entrées;catégorie E;JP;commune isolée;222;198;3;51,1;29,2;15,7;4;113;53,7
177;9 854;8 190;ASSOCIATION DIFFUSION EXPLOITATION CINEMATOGRAPHIQUE SUD EST;26,2;45.977393;5.601461;192631;AUVERGNE / RHONE-ALPES;1185;3739;1;1120;Hauteville-Lompnes;3739;unités urbaines de moins de 20 000 habitants et zones rurales;1;52;618;20,30%;De 5 à 10 000 entrées;catégorie E;JP;commune isolée;150;124;0;49,4;42,5;7,1;1;50;30,6
560;3 669;4 353;ASSOCIATION CINEMA LE PARADISIO;19,4;50.257558;3.913904;192833;HAUTS DE FRANCE;59291;14685;59;59601;Maubeuge (partie française);112020;unités urbaines de 100 000 habitants et plus;1;44;165;-15,70%;De 2 à 5 000 entrées;non;;banlieue;76;61;0;32,4;51,2;10,5;5,9;15;33,4
282;40 373;34 122;ASSOCIATION DU CINEMA DE LA PLAGE;47,5;48.977726;-1.557167;192961;NORMANDIE;50231;689;50;0;Zone rurale;14541106;unités urbaines de 100 000 habitants et plus;2;52;1 801;18,30%;De 40 à 50 000 entrées;catégorie E;RDJPPR;territoire rural;320;246;53;59,7;29,1;7,9;3,3;201;37,2
492;136 408;123 243;SOCIETE CINEMATOGRAPHIQUE HAVRAISE;78,2;49.501072;0.145711;193111;NORMANDIE;76351;172366;76;76701;Le Havre;237578;unités urbaines de 100 000 habitants et plus;5;53;7 739;10,70%;De 100 à 150 000 entrées;catégorie A;RDJP;commune-centre;258;175;131;51,9;25,5;13,5;9,2;213;78,9
86;17 877;16 522;LES FILMS SEINE OCEAN;76,9;49.492799;0.120219;193185;NORMANDIE;76351;172366;76;76701;Le Havre;237578;unités urbaines de 100 000 habitants et plus;1;47;1 204;8,20%;De 10 à 20 000 entrées;catégorie A;JPPR;commune-centre;140;8;4;26,5;42,9;16,2;14,5;120;69,3
2412;552 147;563 294;;14;49.48976;0.131344;193373;NORMANDIE;76351;172366;76;76701;Le Havre;237578;unités urbaines de 100 000 habitants et plus;12;53;22 464;-2,00%;De 450 à 700 000 entrées;non;;commune-centre;314;241;199;25,4;69,7;4,2;0,7;88;11,9
274;42 060;37 038;VILLE DE L'HAY LES  ROSES;56;48.779749;2.339014;193442;ILE-DE-FRANCE;94038;30736;94;851;Paris;10706072;grande couronne;1;48;1 044;13,60%;De 40 à 50 000 entrées;catégorie C;JP;banlieue;203;162;9;56,6;28,6;10,4;4,3;128;49,1
250;17 014;14 399;CHAMPALAUNE BRUNO MAURICE GERARD;37,4;49.288956;-1.544392;193591;NORMANDIE;50236;4014;50;50102;La Haye-du-Puits;4014;unités urbaines de moins de 20 000 habitants et zones rurales;1;51;728;18,20%;De 10 à 20 000 entrées;catégorie E;;commune-centre;235;194;4;51,4;37;10;1,6;112;30,7
540;152 692;152 573;OCINE;18,5;50.724833;2.533715;193731;HAUTS DE FRANCE;59295;21709;59;59401;Hazebrouck;26633;unités urbaines de 20 000 à 100 000 habitants;4;53;5 052;0,10%;De 150 à 200 000 entrées;catégorie D;JP;commune-centre;222;169;115;38,3;57,6;3,4;0,6;85;16,7
324;16 318;15 395;VILLE DE HENDAYE;46;43.355543;-1.773311;194541;NOUVELLE AQUITAINE;64260;16328;64;751;Bayonne (partie française);236730;unités urbaines de 100 000 habitants et plus;1;52;795;6,00%;De 10 à 20 000 entrées;catégorie C;;banlieue;292;241;12;39,3;37,3;16,4;6,9;154;44
2401;603 674;614 179;GAUMONT;15,9;50.409044;2.9707;194671;HAUTS DE FRANCE;62427;26379;62;756;Douai - Lens;504537;unités urbaines de 100 000 habitants et plus;12;53;19 337;-1,70%;De 450 à 700 000 entrées;non;;commune-centre;366;254;199;21,3;73,7;4,1;0,9;112;10,2
376;61 525;56 115;ASSOCIATION DE GESTION DU CINEMA GRAND ECRAN LES HERBIERS;26,6;46.87211;-1.013741;195021;PAYS DE LA LOIRE;85109;15992;85;85303;Les Herbiers;15992;unités urbaines de moins de 20 000 habitants et zones rurales;1;53;1 119;9,60%;De 50 à 80 000 entrées;catégorie E;JP;commune isolée;193;154;63;42,3;52,7;3,3;1,7;69;20,4
621;45 702;30 225;CINEMA LE GEN'ERIC;27,7;47.414702;-1.655686;195211;PAYS DE LA LOIRE;44073;5876;44;44121;Héric;5876;unités urbaines de moins de 20 000 habitants et zones rurales;3;52;1 173;51,20%;De 40 à 50 000 entrées;catégorie E;JP;commune isolée;241;190;54;49,2;45,3;4,1;1,5;114;23
1009;114 671;107 254;ASSOCIATION DU CAFE DES IMAGES;79,4;49.202885;-0.332513;195741;NORMANDIE;14327;22460;14;14601;Caen;198639;unités urbaines de 100 000 habitants et plus;4;53;5 897;6,90%;De 100 à 150 000 entrées;catégorie C;RDJPPR;banlieue;421;217;144;51,1;22,6;15,9;10,4;329;72,4
436;79 794;76 002;ASSOCIATION LE SONHIR 3;16,1;49.920188;4.084108;196901;HAUTS DE FRANCE;2381;9158;2;2302;Hirson;10031;unités urbaines de moins de 20 000 habitants et zones rurales;3;53;2 942;5,00%;De 50 à 80 000 entrées;non;;commune-centre;250;193;96;24;70,9;3,4;1,7;93;14
199;18 406;16 400;EXPLOITATION CINEMATOGRAPHIQUE LECHANTEUR PERE ET FILS;25,6;49.419105;0.234146;197622;NORMANDIE;14333;7454;14;363;Honfleur;16740;unités urbaines de moins de 20 000 habitants et zones rurales;1;49;798;12,20%;De 10 à 20 000 entrées;non;;commune-centre;164;140;6;38,1;50,3;7,9;3,7;57;28,5
262;19 751;17 439;SARL REGENT CINEMA;37,8;49.304867;-0.074371;198581;NORMANDIE;14338;1956;14;14402;Dives-sur-Mer;34823;unités urbaines de 20 000 à 100 000 habitants;1;51;960;13,30%;De 10 à 20 000 entrées;catégorie D;JP;banlieue;239;198;13;46,1;38,7;11,9;3,4;148;37,9
481;9 295;8 636;QUEAU LUDOVIC CLAUDE;24,1;45.184656;-1.059343;198721;NOUVELLE AQUITAINE;33203;3490;33;33103;Hourtin;3490;unités urbaines de moins de 20 000 habitants et zones rurales;1;46;299;7,60%;De 5 à 10 000 entrées;non;;commune isolée;138;120;4;37,1;56,3;5,3;1,3;51;28
97;8 688;8 395;ASSOCIATION ARTHUS CINE;56;48.363571;-3.746066;199121;BRETAGNE;29081;1530;29;0;Zone rurale;14541106;unités urbaines de 100 000 habitants et plus;1;53;530;3,50%;De 5 à 10 000 entrées;catégorie E;JPPR;territoire rural;231;185;3;41,8;40,9;13,4;3,8;136;49,1
312;2 557;2 538;SOCIETE DES CINEMAS HUEZ CHAMROUSSE;9,6;45.080667;6.0585;199152;AUVERGNE / RHONE-ALPES;38191;1335;38;0;Zone rurale;14541106;unités urbaines de 100 000 habitants et plus;1;27;303;0,70%;De 2 à 5 000 entrées;non;;territoire rural;52;44;21;41,1;52,6;4;2,2;5;7
258;9 755;11 049;AGORA CINEMAS;19,1;45.090313;6.07033;199153;AUVERGNE / RHONE-ALPES;38191;1335;38;0;Zone rurale;14541106;unités urbaines de 100 000 habitants et plus;2;33;733;-11,70%;De 5 à 10 000 entrées;non;;territoire rural;149;126;11;46;48,4;4,3;1,3;41;16,3
730;181 752;182 397;MANGOT DANIEL ET MANGOT DANIELLE;34,1;43.118684;6.128014;199831;PROVENCE-ALPES-COTE D'AZUR;83069;56478;83;757;Toulon;569793;unités urbaines de 100 000 habitants et plus;6;53;9 662;-0,40%;De 150 à 200 000 entrées;catégorie C;;banlieue;243;194;149;51,3;41;5,9;1,8;125;30,1
1052;65 167;64 974;ASSOCIATION LE PARVIS;85,7;43.242508;-0.005686;199951;OCCITANIE;65226;2887;65;0;Zone rurale;14541106;unités urbaines de 100 000 habitants et plus;4;52;4 114;0,30%;De 50 à 80 000 entrées;catégorie E;RDJPPR;territoire rural;414;184;59;53,3;20,6;14,1;12,1;350;82,1
179;5 202;5 246;CINE-OFF;48;47.125566;0.414813;200262;CENTRE-VAL DE LOIRE;37119;1610;37;0;Zone rurale;14541106;unités urbaines de 100 000 habitants et plus;1;47;148;-0,80%;De 5 à 10 000 entrées;non;;territoire rural;102;85;0;63;26;7,6;3,4;57;42,8
216;29 398;27 130;ASSOCIATION PERSPECTIVE;42,2;46.72447;-2.348624;200332;PAYS DE LA LOIRE;85113;4771;85;85132;L'Île-d'Yeu;4771;unités urbaines de moins de 20 000 habitants et zones rurales;1;53;817;8,40%;De 20 à 30 000 entrées;catégorie E;JP;commune isolée;230;186;19;40,5;44,9;8,9;5,6;121;40,1
122;7 022;6 435;;62,7;47.403746;-0.921463;201041;PAYS DE LA LOIRE;49160;2615;49;156;Ingrandes;2615;unités urbaines de moins de 20 000 habitants et zones rurales;1;47;268;9,10%;De 5 à 10 000 entrées;catégorie E;;commune-centre;162;123;0;62,7;19,9;10,9;6,4;110;56
180;23 384;18 747;ASSOCIATION TRICOLORES DE LOCHRIST CINEMA;43,4;47.827604;-3.253047;201253;BRETAGNE;56090;6471;56;56205;Inzinzac-Lochrist;6471;unités urbaines de moins de 20 000 habitants et zones rurales;1;49;599;24,70%;De 20 à 30 000 entrées;catégorie E;JPPR;commune isolée;216;139;13;56,9;30,1;10,6;2,4;114;39,8
308;6 200;6 733;ASSOCIATION ETOILES ET TOILE;30,6;49.320073;-1.104154;201482;NORMANDIE;14342;3674;14;14109;Isigny-sur-Mer;3674;unités urbaines de moins de 20 000 habitants et zones rurales;1;51;314;-7,90%;De 5 à 10 000 entrées;non;;commune isolée;116;98;4;41,2;43,9;12,1;2,8;45;28,8
739;114 784;108 389;SPECTA;21,7;49.110771;2.211976;201524;ILE-DE-FRANCE;95313;12249;95;851;Paris;10706072;petite couronne;5;53;6 732;5,90%;De 100 à 150 000 entrées;non;;banlieue;260;203;126;41,2;53,4;4,5;1;111;19,4
237;2 896;3 126;CULTURE ET CINEMA;48,7;43.381163;0.836443;201632;OCCITANIE;31239;1677;31;0;Zone rurale;14541106;unités urbaines de 100 000 habitants et plus;1;48;113;-7,40%;De 2 à 5 000 entrées;non;;territoire rural;98;71;0;79,4;13,1;6,8;0,7;54;35,3
191;38 974;36 727;FEDERATION DES ASSOCIATIONS LAIQUES D' EDUCATION POPULAIRE GERS;56,8;43.614931;1.089434;201661;OCCITANIE;32160;8568;32;32202;L'Isle-Jourdain;8568;unités urbaines de moins de 20 000 habitants et zones rurales;2;53;1 719;6,10%;De 30 à 40 000 entrées;catégorie E;RDJPPR;commune isolée;365;280;47;45,3;43,3;7,1;4,3;241;42,8
92;9 218;8 634;ASSOCIATION LA STRADA;64,7;43.916183;5.048509;201753;PROVENCE-ALPES-COTE D'AZUR;84054;19483;84;754;Avignon;456042;unités urbaines de 100 000 habitants et plus;1;50;402;6,80%;De 5 à 10 000 entrées;catégorie C;;banlieue;188;138;1;64,4;26,9;6,4;2,4;118;61,1
150;5 993;6 248;CINE SAUSSET;4,4;44.18736;7.045728;201821;PROVENCE-ALPES-COTE D'AZUR;6073;693;6;0;Zone rurale;14541106;unités urbaines de 100 000 habitants et plus;1;27;344;-4,10%;De 5 à 10 000 entrées;non;;territoire rural;59;45;10;36,3;62,9;0,5;0,3;3;4,3
408;92 168;87 405;CINEMA LE MODERN;23,4;45.543752;3.244977;202085;AUVERGNE / RHONE-ALPES;63178;14564;63;63304;Issoire;15450;unités urbaines de moins de 20 000 habitants et zones rurales;3;53;3 578;5,40%;De 80 à 100 000 entrées;catégorie E;;commune-centre;149;121;65;31,9;64;3,5;0,6;73;21
469;41 174;38 957;;25,4;46.949327;1.995229;202162;CENTRE-VAL DE LOIRE;36088;12029;36;36301;Issoudun;12029;unités urbaines de moins de 20 000 habitants et zones rurales;3;51;2 349;5,70%;De 40 à 50 000 entrées;catégorie E;JPPR;commune isolée;235;188;61;36,1;57,3;5,4;1,1;99;18,3
376;41 001;37 166;SOCIETE D' EXPLOITATION DU PALAIS ARTS ET CONGRES D'ISSY;53,3;48.825247;2.271161;202214;ILE-DE-FRANCE;92040;69093;92;851;Paris;10706072;grande couronne;1;45;505;10,30%;De 40 à 50 000 entrées;non;;banlieue;99;81;21;58,2;25,1;13,1;3,5;51;49,7
435;107 453;104 533;;26,7;43.514195;4.987268;202292;PROVENCE-ALPES-COTE D'AZUR;13047;43086;13;759;Marseille - Aix-en-Provence;1585498;unités urbaines de 100 000 habitants et plus;4;52;5 972;2,80%;De 100 à 150 000 entrées;catégorie C;RDJPPR;banlieue;317;226;90;24,8;68,7;4,7;1,8;194;20,6
0;7 120;4 574;;56,1;48.515193;2.341767;202370;ILE-DE-FRANCE;91315;6676;91;91402;Ballancourt-sur-Essonne;35283;petite couronne;1;37;114;55,70%;De 5 à 10 000 entrées;non;;commune-centre;60;30;0;51,9;25;16,7;6,4;35;51,7
507;76 001;76 888;VILLE D'IVRY SUR SEINE;85,9;48.81362;2.389338;202551;ILE-DE-FRANCE;94041;59572;94;851;Paris;10706072;grande couronne;2;53;2 518;-1,20%;De 50 à 80 000 entrées;catégorie C;RDJPPR;banlieue;325;186;67;56,2;19,4;13,5;10,8;295;75,5
3830;768 601;746 432;;15,1;48.824074;2.387803;202562;ILE-DE-FRANCE;94041;59572;94;851;Paris;10706072;grande couronne;14;53;26 941;3,00%;De 700 000 à 1 million d'entrées;non;;banlieue;271;220;185;18,9;76,7;3,5;0,9;72;12,4
156;1 540;1 939;UNIVERCINE;85,7;45.557131;5.910739;202891;AUVERGNE / RHONE-ALPES;73137;3899;73;73601;Chambéry;187010;unités urbaines de 100 000 habitants et plus;1;21;21;-20,60%;Moins de 2000 entrées;non;;banlieue;21;19;0;20;49,1;17,3;13,6;18;87,5
274;31 754;29 952;AEP STELLA CINEMA;30,7;47.959564;-1.491109;203311;BRETAGNE;35136;8268;35;35215;Janzé;8268;unités urbaines de moins de 20 000 habitants et zones rurales;1;52;501;6,00%;De 30 à 40 000 entrées;catégorie E;;commune isolée;231;196;12;47,6;44,6;6,2;1,7;90;23,7
191;19 410;17 177;ASSOCIATION CINEMA DU BOCAGE;43;46.414996;-1.574373;203343;PAYS DE LA LOIRE;85114;2642;85;85121;Jard-sur-Mer;3951;unités urbaines de moins de 20 000 habitants et zones rurales;1;50;927;13,00%;De 10 à 20 000 entrées;catégorie E;JP;commune-centre;196;168;11;61,7;29,1;5;4,1;105;35,5
310;16 054;13 177;COMMUNAUTE DES COMMUNES DE JARNISY;29,5;49.157279;5.882037;203523;GRAND EST;54273;8307;54;54301;Jarny;12197;unités urbaines de moins de 20 000 habitants et zones rurales;1;52;648;21,80%;De 10 à 20 000 entrées;non;;commune-centre;125;96;22;46,5;45,7;6,8;1,1;47;29,5
244;4 495;3 891;FAMILLES RURALES FEDERATION REGIONALE DES PAYS DE LA LOIRE;38,5;47.5524248;-0.23296830000003865;203672;PAYS DE LA LOIRE;49163;2750;49;0;Zone rurale;14541106;unités urbaines de 100 000 habitants et plus;1;45;161;15,50%;De 2 à 5 000 entrées;non;;territoire rural;102;78;1;46,8;44,9;6,1;2,2;43;33,9
2466;502 282;481 587;MAJESTIC COMPIEGNE;24,9;49.402871;2.774688;203910;HAUTS DE FRANCE;60325;2564;60;60502;Compiègne;70485;unités urbaines de 20 000 à 100 000 habitants;14;53;25 110;4,30%;De 450 à 700 000 entrées;catégorie D;PR;banlieue;479;338;281;30,5;63,2;4,9;1,3;220;16,8
100;6 626;6 553;FEDERATION DEPARTEMENTALE DES FOYERS RURAUX DE MOSELLE;34,2;48.842059;6.241568;204111;GRAND EST;54276;801;54;0;Zone rurale;14541106;unités urbaines de 100 000 habitants et plus;1;38;158;1,10%;De 5 à 10 000 entrées;non;;territoire rural;41;27;0;59,6;15,7;12,5;12,1;16;42,9
50;7 406;6 826;CINEMAFOR;32,5;45.72693270000001;3.834929299999999;204141;AUVERGNE / RHONE-ALPES;42039;451;42;0;Zone rurale;14541106;unités urbaines de 100 000 habitants et plus;1;47;163;8,50%;De 5 à 10 000 entrées;non;;territoire rural;102;78;0;56,5;26,4;8,8;8,2;39;35,2
580;16 659;16 382;ASSOCIATION CINEMA LE REGENT;15,2;50.296328;4.097609;204312;HAUTS DE FRANCE;59324;10093;59;59601;Maubeuge (partie française);112020;unités urbaines de 100 000 habitants et plus;1;52;801;1,70%;De 10 à 20 000 entrées;non;;banlieue;155;129;8;30,7;62,5;4,9;1,9;40;19,5
234;13 046;11 891;MAISON DES JEUNES ET DE LA CULTURE DE JOEUF;55,6;49.229366;6.019184;204451;GRAND EST;54280;6518;54;454;Joeuf;22306;unités urbaines de 20 000 à 100 000 habitants;1;51;514;9,70%;De 10 à 20 000 entrées;catégorie D;;commune-centre;130;96;1;51,1;31,2;9,9;7,7;82;52
118;32 045;26 187;;28,9;47.983463;3.395496;204507;BOURGOGNE / FRANCHE-COMTE;89206;9580;89;89301;Joigny;9580;unités urbaines de moins de 20 000 habitants et zones rurales;1;53;1 135;22,40%;De 30 à 40 000 entrées;catégorie E;JP;commune isolée;240;180;23;42,9;50,1;5,3;1,6;114;32,7
300;15 154;11 777;VILLE DE JOINVILLE LE PONT;40,5;48.816711;2.468136;204534;ILE-DE-FRANCE;94042;18859;94;851;Paris;10706072;grande couronne;1;42;200;28,70%;De 10 à 20 000 entrées;non;;banlieue;124;106;0;64,9;23,5;8,3;3,4;57;37,6
354;40 030;39 291;MARTEAU FLORENCE;33;45.445545;-0.433778;204891;NOUVELLE AQUITAINE;17197;3451;17;17201;Jonzac;5283;unités urbaines de moins de 20 000 habitants et zones rurales;2;53;1 542;1,90%;De 40 à 50 000 entrées;catégorie E;RDJP;commune-centre;254;200;36;43,8;48,2;5,4;2,6;113;25,7
321;10 028;10 662;ASSOCIATION CINEMA LE BEAUMANOIR;37,6;47.953858;-2.545992;205001;BRETAGNE;56091;2495;56;56106;Josselin;2495;unités urbaines de moins de 20 000 habitants et zones rurales;1;52;348;-5,90%;De 10 à 20 000 entrées;catégorie E;;commune isolée;194;165;6;56,2;27,8;11,5;4,6;86;35
670;1 884;1 751;CINE-OFF;33,3;47.351751;0.6454439999999977;205213;CENTRE-VAL DE LOIRE;37122;37535;37;37701;Tours;353042;unités urbaines de 100 000 habitants et plus;1;9;9;7,60%;Moins de 2000 entrées;non;;banlieue;9;8;0;100;0;0;0;3;33,4
346;11 813;10 327;VILLE DE JOUY LE MOUTIER;57,3;49.011314;2.043572;205601;ILE-DE-FRANCE;95323;15971;95;851;Paris;10706072;petite couronne;1;34;143;14,40%;De 10 à 20 000 entrées;non;;banlieue;69;43;1;66;16,6;8,8;8,6;40;59,3
123;13 071;9 508;LE CENTRE CULTUREL DES PORTES DE L' ESSONNE;59,9;48.688996;2.376314;206924;ILE-DE-FRANCE;91326;16365;91;851;Paris;10706072;petite couronne;1;48;950;37,50%;De 10 à 20 000 entrées;catégorie C;JP;banlieue;244;176;3;62,3;22,4;11,1;4,2;157;60,6
244;4 745;6 118;;28,6;47.668953;7.496743;207170;GRAND EST;68163;5106;68;68205;Kembs;8954;unités urbaines de moins de 20 000 habitants et zones rurales;1;33;77;-22,40%;De 2 à 5 000 entrées;non;;commune-centre;68;50;0;55,5;33,3;7,6;3,6;21;22,3
150;12 654;12 430;CINECRAN 81;56,3;43.474778;2.646568;208981;OCCITANIE;81115;1410;81;0;Zone rurale;14541106;unités urbaines de 100 000 habitants et plus;1;47;350;1,80%;De 10 à 20 000 entrées;catégorie E;JP;territoire rural;76;45;0;60,8;17,1;18,7;3,3;47;59,3
3647;1 074 288;1 027 673;GAUMONT;19;43.539479;1.511109;209151;OCCITANIE;31254;4277;31;31701;Toulouse;948433;unités urbaines de 100 000 habitants et plus;16;53;29 715;4,50%;De 1 à 1,5 million d'entrées;non;;banlieue;359;260;221;25,8;68,7;4,8;0,8;105;16
236;10 908;11 171;VILLE DE LABOUHEYRE;39,9;44.213874;-0.919094;209494;NOUVELLE AQUITAINE;40134;2720;40;40101;Labouheyre;2720;unités urbaines de moins de 20 000 habitants et zones rurales;1;50;662;-2,40%;De 10 à 20 000 entrées;catégorie E;JP;commune isolée;255;220;3;38,5;48,9;9,4;3,2;125;25,1
167;10 363;10 554;;49;43.538478;2.263266;209682;OCCITANIE;81120;6514;81;81202;Labruguière;6514;unités urbaines de moins de 20 000 habitants et zones rurales;1;49;339;-1,80%;De 10 à 20 000 entrées;catégorie E;JP;commune isolée;258;227;0;50,3;27,5;18,1;4,1;135;47,9
100;20 402;18 065;ASSOCIATION LA STRADA;63,2;43.847212;5.273548;210701;PROVENCE-ALPES-COTE D'AZUR;84058;409;84;0;Zone rurale;14541106;unités urbaines de 100 000 habitants et plus;1;52;593;12,90%;De 20 à 30 000 entrées;catégorie E;JP;territoire rural;172;126;0;61,7;24,8;9,2;4,3;121;59,7
492;119 435;100 006;CINEFUTUR AUDIOVISUEL;26,3;48.879604;2.706124;211844;ILE-DE-FRANCE;77243;21488;77;851;Paris;10706072;petite couronne;3;51;5 975;19,40%;De 100 à 150 000 entrées;catégorie C;;banlieue;269;203;84;36,2;56,5;5,1;2,2;137;23,3
66;2 910;2 937;;51,7;47.842504;4.365197;212450;BOURGOGNE / FRANCHE-COMTE;21336;734;21;0;Zone rurale;14541106;unités urbaines de 100 000 habitants et plus;1;47;151;-0,90%;De 2 à 5 000 entrées;catégorie E;;territoire rural;138;117;0;60,3;21,3;11,9;6,5;73;51,2
252;4 481;4 178;ASSOCIATION LE PARVIS;48;43.310067;0.33742;212871;OCCITANIE;65250;109;65;0;Zone rurale;14541106;unités urbaines de 100 000 habitants et plus;1;47;323;7,30%;De 2 à 5 000 entrées;catégorie E;;territoire rural;215;185;0;59,6;24,2;12,7;3,5;117;42,8
400;2 435;1 877;ASSOCIATION DU CINEMA LE FOYER;32,7;45.120045;4.534213;213122;AUVERGNE / RHONE-ALPES;7128;404;7;0;Zone rurale;14541106;unités urbaines de 100 000 habitants et plus;1;9;49;29,70%;De 2 à 5 000 entrées;non;;territoire rural;26;21;0;51;27,7;12,8;8,5;9;33,6
107;6 837;6 095;VILLE DE LAMALOU LES BAINS;46;43.593733;3.082206;213233;OCCITANIE;34126;2576;34;34302;Bédarieux;13279;unités urbaines de moins de 20 000 habitants et zones rurales;1;45;450;12,20%;De 5 à 10 000 entrées;catégorie E;;banlieue;128;110;2;71;18,7;6;4,3;68;45,5
210;16 219;14 138;ASSOCIATION PENTHIEVRE OMNISPORTS;37,9;48.46778;-2.510319;213462;BRETAGNE;22093;13465;22;22301;Lamballe;13465;unités urbaines de moins de 20 000 habitants et zones rurales;1;52;346;14,70%;De 10 à 20 000 entrées;non;;commune isolée;132;102;2;50,6;30;17,1;2,3;52;48,2
181;25 259;22 283;;31,5;50.651234;3.02797;213491;HAUTS DE FRANCE;59328;27517;59;59702;Lille (partie française);1039397;unités urbaines de 100 000 habitants et plus;1;49;634;13,40%;De 20 à 30 000 entrées;non;;banlieue;151;121;0;67,1;24,8;6,3;1,8;59;36,6
137;30 595;27 597;CINE BONNE NOUVELLE;27,7;43.653486;5.262357;213542;PROVENCE-ALPES-COTE D'AZUR;13050;9584;13;13213;Lambesc;9584;unités urbaines de moins de 20 000 habitants et zones rurales;1;50;1 045;10,90%;De 30 à 40 000 entrées;non;;commune isolée;140;95;0;52,4;41,8;5,1;0,7;57;31,3
168;13 957;11 422;CINEXPANSION  DU VAL DE LOIRE SARL;21,5;47.60131;2.026127;213933;CENTRE-VAL DE LOIRE;41106;4750;41;41110;Lamotte-Beuvron;4750;unités urbaines de moins de 20 000 habitants et zones rurales;1;48;461;22,20%;De 10 à 20 000 entrées;non;;commune isolée;125;103;12;56,3;37,6;5,5;0,6;39;22,4
470;43 421;48 954;LE ROHAN;18,3;48.452604;-4.252927;214541;BRETAGNE;29103;15746;29;29308;Landerneau;17686;unités urbaines de moins de 20 000 habitants et zones rurales;2;40;1 271;-11,30%;De 40 à 50 000 entrées;catégorie E;JP;commune-centre;119;83;42;36,4;57,9;5,5;0,3;56;17,8
394;56 669;50 246;LE ROHAN;20,7;48.510619;-4.069393;214841;BRETAGNE;29105;9079;29;29301;Landivisiau;11158;unités urbaines de moins de 20 000 habitants et zones rurales;2;50;1 596;12,80%;De 50 à 80 000 entrées;catégorie E;;commune-centre;133;110;53;35,1;59,9;5;0,1;57;17,9
160;5 724;5 927;;39;45.557325;6.763374;215092;AUVERGNE / RHONE-ALPES;73142;843;73;0;Zone rurale;14541106;unités urbaines de 100 000 habitants et plus;1;31;354;-3,40%;De 5 à 10 000 entrées;non;;territoire rural;114;98;6;50,6;43,3;3,8;2,3;46;26,3
1890;494 739;458 019;IMAGE 56;14,5;47.775894;-3.35298;215183;BRETAGNE;56098;22095;56;56601;Lorient;114299;unités urbaines de 100 000 habitants et plus;11;53;21 893;8,00%;De 450 à 700 000 entrées;non;;banlieue;226;181;178;28,8;66,5;4;0,8;34;12,4
189;16 246;15 415;CINE-OFF;50,8;47.326633;0.408328;215502;CENTRE-VAL DE LOIRE;37123;4593;37;37108;Langeais;4593;unités urbaines de moins de 20 000 habitants et zones rurales;1;50;451;5,40%;De 10 à 20 000 entrées;catégorie E;JPPR;commune isolée;177;138;2;56;26,5;14,9;2,6;109;48,5
299;12 440;11 782;VILLE DE LANGOGNE;21,7;44.726847;3.856667;215581;OCCITANIE;48080;2894;48;48102;Langogne;3246;unités urbaines de moins de 20 000 habitants et zones rurales;1;50;457;5,60%;De 10 à 20 000 entrées;non;;commune-centre;107;93;0;51,2;43,1;5,7;0;26;23,5
465;25 404;40 058;RAYMOND EMMANUEL;26,3;44.553056;-0.245112;215621;NOUVELLE AQUITAINE;33227;7389;33;33303;Langon;13481;unités urbaines de moins de 20 000 habitants et zones rurales;2;44;1 014;-36,60%;De 20 à 30 000 entrées;catégorie E;;commune-centre;130;105;24;39,2;55,2;4,6;1;55;18,5
993;48 214;;GRAND ECRAN II;15,1;44.5231;-0.232774;215634;NOUVELLE AQUITAINE;33227;7389;33;33303;Langon;13481;unités urbaines de moins de 20 000 habitants et zones rurales;6;10;1 898;;De 40 à 50 000 entrées;non;;commune-centre;53;46;29;22,3;76,5;1,3;0;17;11,8
344;53 114;47 336;CRINON SERGE RAYMOND;26;47.861736;5.332835;215723;GRAND EST;52269;7786;52;52202;Langres;9347;unités urbaines de moins de 20 000 habitants et zones rurales;2;53;2 715;12,20%;De 50 à 80 000 entrées;catégorie E;RDJPPR;commune-centre;245;179;57;38,3;55;4,8;1,9;130;23,2
383;5 562;12 266;CHENEAUX JEAN PAUL LOUIS;28,7;43.121779;0.383424;216064;OCCITANIE;65258;5893;65;65202;Lannemezan;5893;unités urbaines de moins de 20 000 habitants et zones rurales;1;36;348;-54,70%;De 5 à 10 000 entrées;non;;commune isolée;59;48;8;42,8;49,9;3,8;3,4;23;30,8
828;208 074;195 859;LES BALADINS;27,6;48.72808;-3.460577;216171;BRETAGNE;22113;19827;22;22403;Lannion;49438;unités urbaines de 20 000 à 100 000 habitants;5;53;6 546;6,20%;De 200 à 300 000 entrées;catégorie D;;commune-centre;266;213;111;39,8;54,9;4;1,3;123;23,1
184;14 633;13 666;SYNDICAT D'INITIATIVE DE LANS EN VERCORS;73,4;45.128093;5.589034;216371;AUVERGNE / RHONE-ALPES;38205;2649;38;0;Zone rurale;14541106;unités urbaines de 100 000 habitants et plus;1;49;421;7,10%;De 10 à 20 000 entrées;catégorie E;JP;territoire rural;203;166;0;57;17,1;17;9;165;67,9
92;1 045;1 393;ASSOCIATION LE CLAP;40,7;45.126881;5.59068;216372;AUVERGNE / RHONE-ALPES;38205;2649;38;0;Zone rurale;14541106;unités urbaines de 100 000 habitants et plus;1;1;27;-25,00%;Moins de 2000 entrées;non;;territoire rural;19;14;1;43,5;25,9;19,3;11,2;9;32,4
180;5 175;6 098;VILLE DE LANSLEBOURG MONT CENIS;31,9;45.285761;6.879713;216451;AUVERGNE / RHONE-ALPES;73290;2141;73;0;Zone rurale;14541106;unités urbaines de 100 000 habitants et plus;1;50;301;-15,10%;De 5 à 10 000 entrées;non;;territoire rural;161;131;4;47,8;40,5;9,5;2,2;62;27,5
166;6 252;7 152;FOYER RURAL DE LANSLEVILLARD;8,6;45.302343;6.947815;216471;AUVERGNE / RHONE-ALPES;73290;2141;73;0;Zone rurale;14541106;unités urbaines de 100 000 habitants et plus;1;28;222;-12,60%;De 5 à 10 000 entrées;non;;territoire rural;77;64;35;49,7;47,4;3;0;9;7,5
790;116 508;113 837;CINELAON;14,3;49.569175;3.623996;216843;HAUTS DE FRANCE;2408;25358;2;2403;Laon;28791;unités urbaines de 20 000 à 100 000 habitants;5;53;7 319;2,30%;De 100 à 150 000 entrées;non;;commune-centre;219;147;114;24,8;69,8;3,3;2,1;68;11,9
699;609;915;VILLE DE LAON;0;49.564845;3.62504;216851;HAUTS DE FRANCE;2408;25358;2;2403;Laon;28791;unités urbaines de 20 000 à 100 000 habitants;2;7;16;-33,40%;Moins de 2000 entrées;non;;commune-centre;0;0;0;;;;;0;0
160;17 775;7 739;MERITAN THIERRY PATRICK GEORGES;35,2;44.314841;5.822237;217372;PROVENCE-ALPES-COTE D'AZUR;5070;3455;5;5104;Laragne-Montéglin;3816;unités urbaines de moins de 20 000 habitants et zones rurales;1;52;1 103;129,70%;De 10 à 20 000 entrées;catégorie E;RDJP;commune-centre;298;240;7;46,6;41,1;9,8;2,5;132;34,9
155;3 807;3 762;L'ECRAN;35,3;42.988146;-0.425403;218381;NOUVELLE AQUITAINE;64320;1179;64;0;Zone rurale;14541106;unités urbaines de 100 000 habitants et plus;1;52;300;1,20%;De 2 à 5 000 entrées;catégorie E;;territoire rural;176;156;23;53,2;37,7;7,6;1,5;86;33,9
2002;443 011;426 485;MONDLATTES;13,4;43.584563;3.935363;219191;OCCITANIE;34129;16298;34;34701;Montpellier;428909;unités urbaines de 100 000 habitants et plus;12;53;23 814;3,90%;De 300 à 450 000 entrées;non;;banlieue;242;196;191;30,4;64,3;4,1;1,1;35;13,3
1844;418 909;402 482;SOCIETE RENNAISE DE DIFFUSION CINEMATOGRAPHIQUE;24,3;48.072111;-0.771727;220074;PAYS DE LA LOIRE;53130;49848;53;53501;Laval;67160;unités urbaines de 20 000 à 100 000 habitants;9;53;13 937;4,10%;De 300 à 450 000 entrées;catégorie D;RDJP;commune-centre;425;270;165;40,6;53,8;4,3;1,3;216;23,9
544;15 300;13 974;DPL;3,7;43.135578;6.358877;220334;PROVENCE-ALPES-COTE D'AZUR;83070;5533;83;83308;Bormes-les-Mimosas - Le Lavandou;14116;unités urbaines de moins de 20 000 habitants et zones rurales;1;10;54;9,50%;De 10 à 20 000 entrées;non;;banlieue;18;18;9;28,5;71,5;0;0;1;2,2
192;5 804;18 455;LES CINEMAS DU VAURAIS;46,5;43.700824;1.820322;220603;OCCITANIE;81140;10699;81;81301;Lavaur;12623;unités urbaines de moins de 20 000 habitants et zones rurales;1;11;142;-68,60%;De 5 à 10 000 entrées;catégorie E;;commune-centre;48;28;0;49,6;42,5;4,3;3,7;25;48,2
480;34 187;31 391;SOCIETE NOUVELLE DE SPECTACLES;24,1;42.935388;1.849583;220681;OCCITANIE;9160;6205;9;9202;Lavelanet;7164;unités urbaines de moins de 20 000 habitants et zones rurales;2;53;2 270;8,90%;De 30 à 40 000 entrées;catégorie E;RDJPPR;commune-centre;218;159;26;27;64,7;6,7;1,6;118;20,8
174;18 289;15 131;DESMAZES PATRICK;49,2;43.934628;0.620319;221712;OCCITANIE;32208;3710;32;32102;Lectoure;3710;unités urbaines de moins de 20 000 habitants et zones rurales;2;52;1 044;20,90%;De 10 à 20 000 entrées;catégorie E;RDJPPR;commune isolée;364;293;47;42,6;42,6;8,9;5,9;210;45,7
154;15 778;14 530;AMICAL CINE;45,7;50.679317;3.243787;221842;HAUTS DE FRANCE;59339;9620;59;59702;Lille (partie française);1039397;unités urbaines de 100 000 habitants et plus;1;48;516;8,60%;De 10 à 20 000 entrées;non;;banlieue;159;124;0;57,3;27,6;11,2;3,9;68;44,7
263;8 925;10 842;AEP LA LEGEENNE;32,8;46.88534;-1.59841;221971;PAYS DE LA LOIRE;44081;4491;44;44114;Legé;4491;unités urbaines de moins de 20 000 habitants et zones rurales;1;44;366;-17,70%;De 5 à 10 000 entrées;catégorie E;;commune isolée;151;121;4;54,4;31;12,2;2,5;59;29,8
252;12 913;13 423;;38,4;43.600031;1.239756;222030;OCCITANIE;31291;8948;31;31701;Toulouse;948433;unités urbaines de 100 000 habitants et plus;1;49;425;-3,80%;De 10 à 20 000 entrées;catégorie C;;banlieue;269;210;0;61,2;26,4;9,5;2,9;123;43,6
289;9 623;8 961;ASSOCIATION CINEMA DE L'ETOILE;27,4;46.815557;0.327879;222481;NOUVELLE AQUITAINE;86128;2462;86;86102;Lencloître;2462;unités urbaines de moins de 20 000 habitants et zones rurales;1;42;503;7,40%;De 5 à 10 000 entrées;non;;commune isolée;144;116;0;61,7;27,7;9,9;0,7;46;33,1
349;18 577;15 832;VILLE DE LEOGNAN;51,1;44.730648;-0.600381;222821;NOUVELLE AQUITAINE;33238;10015;33;33701;Bordeaux;904359;unités urbaines de 100 000 habitants et plus;1;47;532;17,30%;De 10 à 20 000 entrées;non;;banlieue;232;180;3;55,8;26,4;14,1;3,7;128;55
222;10 472;9 169;COMMUNE DE LEON;40;43.875113;-1.302436;222841;NOUVELLE AQUITAINE;40150;1963;40;0;Zone rurale;14541106;unités urbaines de 100 000 habitants et plus;1;37;587;14,20%;De 10 à 20 000 entrées;catégorie E;;territoire rural;195;175;14;42;46,9;7,8;3,4;95;34,4
340;36 114;31 728;ASSOCIATION CULTURELLE DE LA COTE DES LEGENDES;39,2;48.572208;-4.327487;223593;BRETAGNE;29124;7290;29;29303;Lesneven;12959;unités urbaines de moins de 20 000 habitants et zones rurales;1;53;530;13,80%;De 30 à 40 000 entrées;catégorie E;JPPR;commune-centre;214;144;6;55,4;27,3;13;4,3;106;41,5
212;20 320;18 612;ARTS ET TECHNIQUES;29,5;45.307833;-0.938774;223612;NOUVELLE AQUITAINE;33240;5699;33;33208;Lesparre-Médoc;7974;unités urbaines de moins de 20 000 habitants et zones rurales;1;53;702;9,20%;De 20 à 30 000 entrées;catégorie E;;commune-centre;255;220;16;45,1;49,3;4,7;0,9;103;22,5
451;59 494;62 886;CINEX LOISIRS;25;42.841052;3.039151;224165;OCCITANIE;11202;4373;11;0;Zone rurale;14541106;unités urbaines de 100 000 habitants et plus;3;49;3 959;-5,40%;De 50 à 80 000 entrées;catégorie E;JPPR;territoire rural;246;171;69;39,4;54,5;3,6;2,5;132;20,7
1538;493 093;425 953;;24,5;48.891726;2.296363;224413;ILE-DE-FRANCE;92044;64195;92;851;Paris;10706072;grande couronne;8;53;14 885;15,80%;De 450 à 700 000 entrées;non;;banlieue;242;192;153;31,5;61,3;4,9;2,3;86;22
0;7 669;8 905;LES CINEMAS DE SAINT RAPHAEL (EX LIDO RIALTO CINEMA ST RAPHAEL);23,1;43.860403;7.223268;224532;PROVENCE-ALPES-COTE D'AZUR;6075;4741;6;6108;Levens;4741;unités urbaines de moins de 20 000 habitants et zones rurales;1;52;221;-13,90%;De 5 à 10 000 entrées;non;;commune isolée;100;80;0;49,3;42,4;6,1;2,2;33;27,2
199;10 955;10 346;CINEM AUDE 2000 VILLATGE AL PAIS;54,5;43.200704;2.758263;225081;OCCITANIE;11203;11285;11;11206;Lézignan-Corbières;11285;unités urbaines de moins de 20 000 habitants et zones rurales;1;52;468;5,90%;De 10 à 20 000 entrées;catégorie E;JPPR;commune isolée;260;185;3;47,3;27,6;20,6;4,4;160;64,9
1367;273 175;267 853;SOCIETE D EXPLOITATION GRAND ECRAN;32,1;44.913546;-0.237461;225444;NOUVELLE AQUITAINE;33243;24866;33;33401;Libourne;35963;unités urbaines de 20 000 à 100 000 habitants;10;53;14 485;2,00%;De 200 à 300 000 entrées;catégorie D;RDJP;commune-centre;398;307;225;33,9;59;5,2;1,9;215;21,3
3921;1 741 858;1 539 221;PATHE SENART;19,9;48.616119;2.547927;226040;ILE-DE-FRANCE;77251;13242;77;851;Paris;10706072;petite couronne;17;53;34 749;13,20%;De 1,5 à 2 millions d'entrées;non;;banlieue;285;228;225;23,4;71,8;3,9;1;78;13,5
3391;577 453;585 440;;16,6;50.42314;2.777484;226125;HAUTS DE FRANCE;62510;31237;62;756;Douai - Lens;504537;unités urbaines de 100 000 habitants et plus;15;53;26 161;-1,40%;De 450 à 700 000 entrées;non;;commune-centre;330;261;217;23,8;70,4;4,9;0,9;110;11,1
300;29 242;28 106;ASSOCIATION CULTURELLE CINEMA SAINT MICHEL;34,1;48.213038;-1.504786;226211;BRETAGNE;35152;7370;35;35210;Liffré;7370;unités urbaines de moins de 20 000 habitants et zones rurales;1;48;361;4,00%;De 20 à 30 000 entrées;catégorie E;;commune isolée;167;135;9;52,2;37,3;9,7;0,7;70;29,6
308;15 400;14 388;VILLE DES LILAS;69,8;48.881921;2.419546;226883;ILE-DE-FRANCE;93045;22964;93;851;Paris;10706072;grande couronne;1;40;579;7,00%;De 10 à 20 000 entrées;catégorie C;;banlieue;189;153;1;62,7;12,3;16,7;8,3;149;64
2725;726 312;673 263;UGC SAS;31,5;50.633831;3.063221;226974;HAUTS DE FRANCE;59350;232741;59;59702;Lille (partie française);1039397;unités urbaines de 100 000 habitants et plus;14;53;26 830;7,90%;De 700 000 à 1 million d'entrées;non;;commune-centre;258;194;184;31,3;58,6;6,8;3,4;93;31,4
466;133 741;129 883;OBJECTIF 21;91,4;50.636559;3.066988;227031;HAUTS DE FRANCE;59350;232741;59;59702;Lille (partie française);1039397;unités urbaines de 100 000 habitants et plus;4;53;7 677;3,00%;De 100 à 150 000 entrées;catégorie A;RD;commune-centre;187;147;123;63,3;4,2;25,2;7,2;171;92,3
660;212 268;221 301;MAJESTIC SA;88,4;50.633401;3.06284;227281;HAUTS DE FRANCE;59350;232741;59;59702;Lille (partie française);1039397;unités urbaines de 100 000 habitants et plus;6;53;11 672;-4,10%;De 200 à 300 000 entrées;catégorie A;RDJPPR;commune-centre;330;177;142;43,3;31,5;6,6;18,6;278;89,7
377;7 054;8 225;ASSOCIATION CULTURELLE DE LILLEBONNE;28,5;49.518115;0.53231;227982;NORMANDIE;76384;8963;76;76402;Lillebonne;21641;unités urbaines de 20 000 à 100 000 habitants;1;28;137;-14,20%;De 5 à 10 000 entrées;non;;commune-centre;69;43;1;35,3;56,3;5,3;3;22;30,8
165;3 140;3 419;KART OON SARL;36,8;48.744182;2.503331;228122;ILE-DE-FRANCE;94044;25639;94;851;Paris;10706072;grande couronne;1;44;76;-8,20%;De 2 à 5 000 entrées;non;;banlieue;64;49;0;60;32,1;2,8;5,1;26;35,2
686;61 485;61 947;SOCIETE CENTRALE EXPLOITATION CINEMATOGRAPHIQUE;98,1;45.854302;1.256414;228305;NOUVELLE AQUITAINE;87085;133627;87;87601;Limoges;183347;unités urbaines de 100 000 habitants et plus;3;53;4 104;-0,70%;De 50 à 80 000 entrées;catégorie B;RD;commune-centre;189;130;90;57,4;13,5;17,6;11,5;164;92
2252;360 263;341 394;SOCIETE CENTRALE EXPLOITATION CINEMATOGRAPHIQUE;37;45.83291;1.255375;228311;NOUVELLE AQUITAINE;87085;133627;87;87601;Limoges;183347;unités urbaines de 100 000 habitants et plus;14;53;23 676;5,50%;De 300 à 450 000 entrées;non;;commune-centre;326;277;228;43,1;49,2;5,7;2;155;31,1
2465;500 267;484 277;SOCIETE CENTRALE EXPLOITATION CINEMATOGRAPHIQUE;17,7;45.845477;1.276023;228370;NOUVELLE AQUITAINE;87085;133627;87;87601;Limoges;183347;unités urbaines de 100 000 habitants et plus;14;53;17 716;3,30%;De 450 à 700 000 entrées;non;;commune-centre;255;189;165;30;64,1;4,7;1,2;76;11,3
350;11 533;10 400;CINEM AUDE 2000 VILLATGE AL PAIS;52,9;43.055193;2.214156;228531;OCCITANIE;11206;10214;11;11301;Limoux;12989;unités urbaines de moins de 20 000 habitants et zones rurales;1;52;482;10,90%;De 10 à 20 000 entrées;catégorie E;JPPR;commune-centre;261;195;3;54;24,2;16,7;5;160;58,1
111;4 844;4 361;SOCIETE NORMANDE D EXPLOITATION INDUSTRIELLE ET COMMERCIALE;49,4;49.301809;-0.316265;229082;NORMANDIE;14365;2394;14;14201;Hermanville-sur-Mer;5413;unités urbaines de moins de 20 000 habitants et zones rurales;1;53;174;11,10%;De 2 à 5 000 entrées;catégorie E;;banlieue;147;123;0;52,5;30,9;11,3;5,3;82;43
536;79 829;76 118;SOCIETE NORMANDE D EXPLOITATION INDUSTRIELLE ET COMMERCIALE;7,6;49.143794;0.227798;229261;NORMANDIE;14366;20771;14;14401;Lisieux;28545;unités urbaines de 20 000 à 100 000 habitants;3;53;2 728;4,90%;De 50 à 80 000 entrées;non;;commune-centre;83;70;59;20,3;76,2;3,3;0,2;7;7,5
536;34 590;38 489;SOCIETE NORMANDE D EXPLOITATION INDUSTRIELLE ET COMMERCIALE;46,1;49.145632;0.228315;229262;NORMANDIE;14366;20771;14;14401;Lisieux;28545;unités urbaines de 20 000 à 100 000 habitants;2;53;1 893;-10,10%;De 30 à 40 000 entrées;catégorie D;RDJP;commune-centre;166;114;33;73,6;15,5;6,5;4,4;111;46,4
264;44 554;35 111;VILLE DE LIVRY GARGAN;36,8;48.92579;2.545121;229833;ILE-DE-FRANCE;93046;44415;93;851;Paris;10706072;grande couronne;1;46;1 067;26,90%;De 40 à 50 000 entrées;catégorie C;JP;banlieue;189;144;0;49;40,4;6,4;4,2;82;30,3
503;30 884;28 610;NAGOT MARC;27,7;47.129518;0.993278;230152;CENTRE-VAL DE LOIRE;37132;6299;37;37301;Loches;10355;unités urbaines de moins de 20 000 habitants et zones rurales;2;49;851;7,90%;De 30 à 40 000 entrées;catégorie E;;commune-centre;156;129;32;57,3;36,9;4,1;1,7;64;28,7
228;36 470;34 067;ASSOCIATION CINEMA LE CLUB;25,4;47.88976;-2.835941;230301;BRETAGNE;56117;4159;56;56214;Locminé;7918;unités urbaines de moins de 20 000 habitants et zones rurales;1;53;1 015;7,10%;De 30 à 40 000 entrées;catégorie E;JP;commune-centre;205;151;15;47,7;45,3;5,7;1,3;85;23,6
270;38 321;33 961;COMMUNE DE LODEVE;39,5;43.732596;3.314911;230475;OCCITANIE;34142;7409;34;34214;Lodève;9751;unités urbaines de moins de 20 000 habitants et zones rurales;2;53;1 915;12,80%;De 30 à 40 000 entrées;catégorie E;RDPR;commune-centre;224;171;24;40,5;48,9;8,1;2,5;122;37,4
7358;1 863 429;1 871 212;KINEPOLIS LE CHATEAU DU CINEMA;21,8;50.651256;2.975116;231270;HAUTS DE FRANCE;59350;232741;59;59702;Lille (partie française);1039397;unités urbaines de 100 000 habitants et plus;23;53;36 700;-0,40%;De 1,5 à 2 millions d'entrées;non;;commune-centre;418;307;287;23;71;4,6;1,5;108;13,1
862;1 370;;;23,5;48.679684;2.313256;231939;ILE-DE-FRANCE;91345;21724;91;851;Paris;10706072;petite couronne;1;2;17;;Moins de 2000 entrées;non;;banlieue;8;8;0;40,9;59,1;0;0;2;14,8
1330;236 100;231 598;;22,1;49.518361;5.770719;232454;GRAND EST;54323;14437;54;54405;Longwy (partie française);45883;unités urbaines de 20 000 à 100 000 habitants;7;53;11 159;1,90%;De 200 à 300 000 entrées;catégorie D;JPPR;commune-centre;282;184;133;25,9;68,5;4,1;1,5;127;14,8
445;21 072;19 220;SOCIETE DES CINEMAS LONS LE SAUNIER;61,6;46.673494;5.556147;232572;BOURGOGNE / FRANCHE-COMTE;39300;17459;39;39401;Lons-le-Saunier;26894;unités urbaines de 20 000 à 100 000 habitants;3;51;3 235;9,60%;De 20 à 30 000 entrées;non;;commune-centre;149;111;39;64;19,6;10,7;5,6;87;66,3
256;29 808;31 202;;93,4;46.674335;5.555107;232584;BOURGOGNE / FRANCHE-COMTE;39300;17459;39;39401;Lons-le-Saunier;26894;unités urbaines de 20 000 à 100 000 habitants;2;50;1 623;-4,50%;De 20 à 30 000 entrées;catégorie D;RDJPPR;commune-centre;173;115;27;56,8;12,5;15,4;15,3;164;86,7
995;219 607;214 337;;10,6;46.673143;5.558777;232586;BOURGOGNE / FRANCHE-COMTE;39300;17459;39;39401;Lons-le-Saunier;26894;unités urbaines de 20 000 à 100 000 habitants;7;53;12 086;2,50%;De 200 à 300 000 entrées;non;;commune-centre;199;161;147;33;62,5;3,9;0,5;27;11
120;11 075;13 802;CINE ESPACE EVASION;70,3;43.493104;6.361864;232943;PROVENCE-ALPES-COTE D'AZUR;83072;9042;83;83303;Lorgues;10853;unités urbaines de moins de 20 000 habitants et zones rurales;1;52;654;-19,80%;De 10 à 20 000 entrées;catégorie E;RD;commune-centre;217;172;2;50,1;21,2;18,3;10,3;155;64,4
2160;380 504;370 464;SOCIETE RENNAISE DE DIFFUSION CINEMATOGRAPHIQUE;41,7;47.751879;-3.366695;233001;BRETAGNE;56121;57567;56;56601;Lorient;114299;unités urbaines de 100 000 habitants et plus;11;53;19 217;2,70%;De 300 à 450 000 entrées;non;;commune-centre;437;298;237;48,6;41,7;7;2,7;239;38,5
124;20 150;17 135;COMMUNE DE LORIOL SUR DROME;32,7;44.75382;4.824625;233062;AUVERGNE / RHONE-ALPES;26166;6487;26;26303;Livron-sur-Drôme;16046;unités urbaines de moins de 20 000 habitants et zones rurales;1;48;781;17,60%;De 20 à 30 000 entrées;catégorie E;JP;banlieue;176;150;2;49,8;41,7;6,2;2,4;66;28,7
198;10 853;10 277;ASSOCIATION CINE LOROUX;49,7;47.236043;-1.348969;233181;PAYS DE LA LOIRE;44084;8031;44;44303;Saint-Julien-de-Concelles;14891;unités urbaines de moins de 20 000 habitants et zones rurales;1;48;376;5,60%;De 10 à 20 000 entrées;catégorie E;;commune-centre;172;131;0;60,7;19,3;14,1;5,9;100;49
409;38 330;36 282;BESSAC RAYMOND ANDRE;42,9;48.172681;-2.751236;233722;BRETAGNE;22136;9615;22;22205;Loudéac;9615;unités urbaines de moins de 20 000 habitants et zones rurales;2;51;2 115;5,60%;De 30 à 40 000 entrées;catégorie E;RDJPPR;commune isolée;325;240;54;41,8;47,2;8,5;2,5;194;28,8
107;7 398;7 758;ASSOCIATION LE PARVIS;42,5;42.795333;0.411078;233742;OCCITANIE;65282;286;65;0;Zone rurale;14541106;unités urbaines de 100 000 habitants et plus;1;51;275;-4,60%;De 5 à 10 000 entrées;catégorie E;;territoire rural;179;158;31;51,8;35,9;8,5;3,8;95;32,5
151;22 064;19 202;ASSOCIATION GESTION ANIMATION CINE CORNAY;29,3;47.010932;0.084051;233802;NOUVELLE AQUITAINE;86137;6740;86;86204;Loudun;6740;unités urbaines de moins de 20 000 habitants et zones rurales;1;52;574;14,90%;De 20 à 30 000 entrées;catégorie E;PR;commune isolée;185;141;0;54;36,9;6,5;2,7;80;39,5
469;21 478;20 476;FOURNIER CHRISTOPHE CINEMA;25,3;46.630199;5.222983;233941;BOURGOGNE / FRANCHE-COMTE;71263;6354;71;71301;Louhans;11877;unités urbaines de moins de 20 000 habitants et zones rurales;3;52;3 039;4,90%;De 20 à 30 000 entrées;catégorie E;;commune-centre;179;140;37;41,2;47,8;10;1;75;31,8
487;9 270;10 686;ASSOCIATION LE PARVIS;38,8;43.085637;-0.04492;234273;OCCITANIE;65286;13946;65;65302;Lourdes;16982;unités urbaines de moins de 20 000 habitants et zones rurales;1;49;510;-13,30%;De 5 à 10 000 entrées;catégorie E;JP;commune-centre;213;173;38;58;28,5;11;2,6;121;52,4
281;8 938;9 545;JACALS;0;43.095917;-0.055559;234295;OCCITANIE;65286;13946;65;65302;Lourdes;16982;unités urbaines de moins de 20 000 habitants et zones rurales;1;30;584;-6,40%;De 5 à 10 000 entrées;non;;commune-centre;1;0;0;100;0;0;0;0;0
492;27 745;19 158;;18,7;43.102921;-0.039469;234296;OCCITANIE;65286;13946;65;65302;Lourdes;16982;unités urbaines de moins de 20 000 habitants et zones rurales;3;53;3 567;44,80%;De 20 à 30 000 entrées;non;;commune-centre;152;130;38;39,7;56,3;2,9;1,1;30;25,6
249;2 752;2 149;;75;43.098225;-0.045524;234297;OCCITANIE;65286;13946;65;65302;Lourdes;16982;unités urbaines de moins de 20 000 habitants et zones rurales;1;50;532;28,10%;De 2 à 5 000 entrées;non;;commune-centre;11;9;3;86,9;12,1;1,1;0;5;70,9
960;106 332;109 578;NORD OUEST EXPLOITATION CINEMAS;13,5;49.216151;1.170764;234801;NORMANDIE;27375;18410;27;27402;Louviers;44239;unités urbaines de 20 000 à 100 000 habitants;5;53;6 150;-3,00%;De 100 à 150 000 entrées;non;;commune-centre;216;163;119;26,7;67,6;4,4;1,2;79;14,2
100;10 942;9 222;POLYMAGES;26,8;43.395569;6.311016;235561;PROVENCE-ALPES-COTE D'AZUR;83073;10821;83;83307;Le Luc;15177;unités urbaines de moins de 20 000 habitants et zones rurales;1;45;559;18,70%;De 10 à 20 000 entrées;catégorie E;;commune-centre;143;130;3;50,1;43,7;4,5;1,8;46;24,2
766;116 015;104 645;SOCIETE CINEMATOGRAPHIQUE LUCONNAISE;27,4;46.460681;-1.176832;235771;PAYS DE LA LOIRE;85128;9394;85;85208;Luçon;9394;unités urbaines de moins de 20 000 habitants et zones rurales;5;53;6 053;10,90%;De 100 à 150 000 entrées;catégorie E;JPPR;commune isolée;352;249;150;38,2;56;4,6;1,1;176;19,6
340;2 780;2 768;SOCIETE NORMANDE D EXPLOITATION INDUSTRIELLE ET COMMERCIALE;9;49.310786;-0.361997;235831;NORMANDIE;14384;3171;14;14302;Douvres-la-Délivrande - Luc-sur-Mer;14825;unités urbaines de moins de 20 000 habitants et zones rurales;1;18;156;0,40%;De 2 à 5 000 entrées;non;;commune-centre;41;37;0;49,8;43,8;4,6;1,8;7;6,4
425;5 652;3 709;VILLE DU LUDE;38,9;47.643316;0.156442;235942;PAYS DE LA LOIRE;72176;3876;72;72115;Le Lude;3876;unités urbaines de moins de 20 000 habitants et zones rurales;1;49;136;52,40%;De 5 à 10 000 entrées;non;;commune isolée;106;87;0;70,3;23,2;6,3;0,2;40;27,9
2996;746 279;752 006;UGC CINE CITE;21,7;48.617851;6.173437;236001;GRAND EST;54328;6363;54;54206;Ludres;8676;unités urbaines de moins de 20 000 habitants et zones rurales;14;53;27 608;-0,80%;De 700 000 à 1 million d'entrées;non;;commune-centre;234;188;186;41,8;53,2;4,2;0,8;74;17,5
375;83 022;80 563;FALISSARD ALAIN JEAN-PIERRE;21,9;43.677738;4.131204;236511;OCCITANIE;34145;25178;34;463;Lunel;49914;unités urbaines de 20 000 à 100 000 habitants;3;50;2 973;3,10%;De 80 à 100 000 entrées;catégorie D;;commune-centre;219;171;79;38,2;56,7;4;1;103;21,4
551;11 168;;SPL CINELUN';6,6;48.593047;6.489720;236594;GRAND EST;54329;19020;54;54403;Lunéville;22690;unités urbaines de 20 000 à 100 000 habitants;4;3;302;;De 10 à 20 000 entrées;non;;commune-centre;19;18;6;24,9;75,1;0;0;3;3,4
352;49 435;48 945;;21,3;47.686072;6.497922;236833;BOURGOGNE / FRANCHE-COMTE;70310;8253;70;70302;Lure;11135;unités urbaines de moins de 20 000 habitants et zones rurales;2;52;1 411;1,00%;De 40 à 50 000 entrées;catégorie E;JP;commune-centre;229;176;19;35;54;8;3,1;86;24,4
490;31 795;33 796;CASINO DE LUXEUIL;26,3;47.820086;6.375487;237554;BOURGOGNE / FRANCHE-COMTE;70311;6821;70;70304;Luxeuil-les-Bains;12366;unités urbaines de moins de 20 000 habitants et zones rurales;2;53;1 219;-5,90%;De 30 à 40 000 entrées;catégorie E;JP;commune-centre;217;175;39;40,5;50,6;5,4;3,5;104;26,4
137;5 433;4 371;ASSOCIATION LE PARVIS;52,5;42.87365;-0.003171;237793;OCCITANIE;65295;982;65;0;Zone rurale;14541106;unités urbaines de 100 000 habitants et plus;1;53;320;24,30%;De 5 à 10 000 entrées;catégorie E;;territoire rural;244;215;0;52,2;31;10,4;6,5;140;47,3
178;4 128;3 890;SCENI QUA NON;55,4;46.790178;3.969574;237821;BOURGOGNE / FRANCHE-COMTE;58149;1981;58;0;Zone rurale;14541106;unités urbaines de 100 000 habitants et plus;1;52;343;6,10%;De 2 à 5 000 entrées;catégorie E;;territoire rural;170;138;1;61,9;25,8;7,9;4,4;101;43
2104;675 803;638 884;PARAFRANCE COMMUNICATION;35,8;45.758734;4.834873;237903;AUVERGNE / RHONE-ALPES;69123;513275;69;758;Lyon;1639558;unités urbaines de 100 000 habitants et plus;10;53;18 982;5,80%;De 450 à 700 000 entrées;non;;commune-centre;198;141;128;32,9;57,5;5,8;3,8;77;31,9
1281;410 627;386 757;UGC SAS;90,2;45.747368;4.835557;237933;AUVERGNE / RHONE-ALPES;69123;513275;69;758;Lyon;1639558;unités urbaines de 100 000 habitants et plus;9;53;15 995;6,20%;De 300 à 450 000 entrées;catégorie A;RDJPPR;commune-centre;401;241;217;50,3;21,7;13,7;14,3;344;90,5
46;3 512;3 387;LE CINEMA OPERA;93,5;45.768607;4.834444;237945;AUVERGNE / RHONE-ALPES;69123;513275;69;758;Lyon;1639558;unités urbaines de 100 000 habitants et plus;1;49;1 284;3,70%;De 2 à 5 000 entrées;non;;commune-centre;137;112;8;52,6;9,9;17,2;20,3;125;94,1
91;22 314;20 107;ASSOCIATION CINE DUCHERE;68,4;45.787163;4.799719;238013;AUVERGNE / RHONE-ALPES;69123;513275;69;758;Lyon;1639558;unités urbaines de 100 000 habitants et plus;1;48;908;11,00%;De 20 à 30 000 entrées;catégorie A;JPPR;commune-centre;204;128;2;59,2;20,5;13,7;6,7;149;70,9
214;66 673;52 991;CINEMA NATIONAL POPULAIRE;94,7;45.757455;4.835595;238021;AUVERGNE / RHONE-ALPES;69123;513275;69;758;Lyon;1639558;unités urbaines de 100 000 habitants et plus;3;53;4 552;25,80%;De 50 à 80 000 entrées;catégorie A;RD;commune-centre;248;155;94;46,4;26;18,4;9,2;226;92,9
894;231 578;209 288;UGC SAS;69,5;45.769811;4.855776;238032;AUVERGNE / RHONE-ALPES;69123;513275;69;758;Lyon;1639558;unités urbaines de 100 000 habitants et plus;5;53;9 808;10,70%;De 200 à 300 000 entrées;non;;commune-centre;173;103;90;56,9;23,4;11,6;8;119;68,6
136;55 598;49 568;KEUROGHLIAN FRANCOIS YERNOS;79,7;45.763283;4.843832;238163;AUVERGNE / RHONE-ALPES;69123;513275;69;758;Lyon;1639558;unités urbaines de 100 000 habitants et plus;3;53;4 449;12,20%;De 50 à 80 000 entrées;catégorie A;JP;commune-centre;307;224;14;50,7;14,4;19,9;15;268;77
2387;479 833;471 763;UGC SAS;14,2;45.759486;4.846313;238164;AUVERGNE / RHONE-ALPES;69123;513275;69;758;Lyon;1639558;unités urbaines de 100 000 habitants et plus;14;53;27 414;1,70%;De 450 à 700 000 entrées;non;;commune-centre;199;170;169;23,7;70,3;5;1;28;13,8
290;11 499;10 610;ASSOCIATION BIENFAISANCE CHARMETTES;48,4;45.765819;4.865911;238244;AUVERGNE / RHONE-ALPES;69123;513275;69;758;Lyon;1639558;unités urbaines de 100 000 habitants et plus;1;41;345;8,40%;De 10 à 20 000 entrées;non;;commune-centre;202;148;0;66,8;19,3;7,1;6,8;110;49,4
326;129 014;107 176;CINEMA NATIONAL POPULAIRE;98,4;45.765294;4.834225;238351;AUVERGNE / RHONE-ALPES;69123;513275;69;758;Lyon;1639558;unités urbaines de 100 000 habitants et plus;4;53;6 817;20,40%;De 100 à 150 000 entrées;catégorie A;RD;commune-centre;155;103;85;56,6;17,9;8,8;16,8;145;98,8
97;14 348;11 737;LE CINEMA OPERA;74;45.76732;4.835049;238421;AUVERGNE / RHONE-ALPES;69123;513275;69;758;Lyon;1639558;unités urbaines de 100 000 habitants et plus;1;49;1 388;22,20%;De 10 à 20 000 entrées;catégorie A;RD;commune-centre;168;105;32;40,7;13,1;38,1;8,1;117;52,1
2830;456 481;437 074;UGC CINE CITE;31,1;45.784585;4.852131;238461;AUVERGNE / RHONE-ALPES;69123;513275;69;758;Lyon;1639558;unités urbaines de 100 000 habitants et plus;14;53;27 096;4,40%;De 450 à 700 000 entrées;non;;commune-centre;304;217;185;31,2;59,2;7,1;2,5;129;28
237;41 040;38 101;ESPOIR DU PLATEAU;71,4;45.779971;4.832347;238494;AUVERGNE / RHONE-ALPES;69123;513275;69;758;Lyon;1639558;unités urbaines de 100 000 habitants et plus;1;44;563;7,70%;De 40 à 50 000 entrées;non;;commune-centre;167;116;0;63,6;19,8;9,5;7,1;127;69,9
2801;774 557;768 323;;23,5;45.787335;4.812112;238886;AUVERGNE / RHONE-ALPES;69123;513275;69;758;Lyon;1639558;unités urbaines de 100 000 habitants et plus;14;53;24 748;0,80%;De 700 000 à 1 million d'entrées;non;;commune-centre;286;229;226;31,3;63,7;4,3;0,8;78;19,1
327;45 239;39 207;CINEMA SAINT HONORE;32,4;46.993184;-1.823515;239121;PAYS DE LA LOIRE;44087;7341;44;44202;Machecoul;7341;unités urbaines de moins de 20 000 habitants et zones rurales;2;53;1 185;15,40%;De 40 à 50 000 entrées;catégorie E;JPPR;commune isolée;265;200;14;50,5;37,2;8,2;4,1;127;27,9
2085;529 106;534 554;CINEMA MARIVAUX;26,4;46.316471;4.838508;239353;BOURGOGNE / FRANCHE-COMTE;71270;33236;71;464;Mâcon;47775;unités urbaines de 20 000 à 100 000 habitants;11;53;18 475;-1,00%;De 450 à 700 000 entrées;catégorie D;RDJPPR;commune-centre;445;293;218;40,2;53,6;4,8;1,4;246;22,3
250;9 549;5 494;SOCIETE DES CINEMAS DES ECRINS;26,8;45.508685;6.679705;239412;AUVERGNE / RHONE-ALPES;73150;3685;73;73201;Aime;8119;unités urbaines de moins de 20 000 habitants et zones rurales;1;30;380;73,80%;De 5 à 10 000 entrées;non;;banlieue;147;129;27;47,4;49,2;2,9;0,6;54;11,9
320;19 515;17 783;;34,2;47.252947;6.800494;240661;BOURGOGNE / FRANCHE-COMTE;25356;4273;25;25109;Maîche;4273;unités urbaines de moins de 20 000 habitants et zones rurales;1;51;403;9,70%;De 10 à 20 000 entrées;catégorie E;;commune isolée;140;120;0;56,7;34,1;8,3;0,9;53;35,3
406;19 470;14 548;MUSIQUE ET DANSE;64,4;48.801474;2.430493;241923;ILE-DE-FRANCE;94046;54915;94;851;Paris;10706072;grande couronne;1;41;174;33,80%;De 10 à 20 000 entrées;non;;banlieue;83;76;0;76,3;15;5,3;3,3;54;59,1
163;48 424;46 073;;52,3;48.946355;2.147062;242003;ILE-DE-FRANCE;78358;23371;78;851;Paris;10706072;petite couronne;1;52;1 237;5,10%;De 40 à 50 000 entrées;catégorie C;JP;banlieue;191;150;24;48,8;33,6;11,5;6,1;112;51,8
198;36 895;32 399;ASSOCIATION THEATRE 71;78,1;48.820911;2.302756;242422;ILE-DE-FRANCE;92046;29897;92;851;Paris;10706072;grande couronne;1;47;668;13,90%;De 30 à 40 000 entrées;catégorie C;JP;banlieue;177;131;1;59,8;14;16,5;9,6;143;76,1
234;12 576;12 817;ASSOCIATION ARMORIC CINEMA;36,6;47.808963;-2.386134;242852;BRETAGNE;56124;2459;56;56112;Malestroit;3519;unités urbaines de moins de 20 000 habitants et zones rurales;1;52;380;-1,90%;De 10 à 20 000 entrées;catégorie E;;commune-centre;197;162;3;54,9;31,6;12,5;1,1;85;32,5
271;44 687;43 444;ASSOCIATION CINEMAMERS;30;48.347714;0.363927;243552;PAYS DE LA LOIRE;72180;5304;72;72202;Mamers;5815;unités urbaines de moins de 20 000 habitants et zones rurales;2;52;2 420;2,90%;De 40 à 50 000 entrées;catégorie E;RDJPPR;commune-centre;351;258;64;54,2;37;4,5;4,3;190;30,9
259;12 908;14 021;;31,7;43.535959;6.929182;243839;PROVENCE-ALPES-COTE D'AZUR;6079;22360;6;6701;Nice;943354;unités urbaines de 100 000 habitants et plus;1;47;287;-7,90%;De 10 à 20 000 entrées;non;;banlieue;126;103;2;50,5;45;2,8;1,6;46;22,8
99;20;;CENTRE JACQUES PREVERT;100;48.007214;0.195479;244455;PAYS DE LA LOIRE;72181;143325;72;72701;Le Mans;210018;unités urbaines de 100 000 habitants et plus;1;1;2;;Moins de 2000 entrées;non;;commune-centre;2;0;0;70;30;0;0;2;100
1126;48 492;44 021;LES CINEMAS DU MANS;16,8;48.002865;0.194124;244481;PAYS DE LA LOIRE;72181;143325;72;72701;Le Mans;210018;unités urbaines de 100 000 habitants et plus;7;53;10 350;10,20%;De 40 à 50 000 entrées;non;;commune-centre;183;125;99;32,5;58,8;5;3,6;60;16,8
94;15 100;13 230;CINEAMBUL 72;56,9;47.968733;0.203923;244491;PAYS DE LA LOIRE;72181;143325;72;72701;Le Mans;210018;unités urbaines de 100 000 habitants et plus;1;49;559;14,10%;De 10 à 20 000 entrées;non;;commune-centre;141;108;1;75,6;9,5;6,8;8,2;94;52,8
383;119 855;114 229;CENTRE JACQUES PREVERT;91,7;48.004856;0.20079;244492;PAYS DE LA LOIRE;72181;143325;72;72701;Le Mans;210018;unités urbaines de 100 000 habitants et plus;4;50;6 854;4,90%;De 100 à 150 000 entrées;catégorie A;RDJPPR;commune-centre;433;216;149;57,6;12,7;15;14,7;373;83,3
1811;524 903;502 170;;20,6;48.007113;0.199047;244496;PAYS DE LA LOIRE;72181;143325;72;72701;Le Mans;210018;unités urbaines de 100 000 habitants et plus;11;53;21 347;4,50%;De 450 à 700 000 entrées;non;;commune-centre;299;242;205;36,3;58,6;4,6;0,5;96;19,4
2081;476 320;437 845;;16,2;48.989664;1.715981;244700;ILE-DE-FRANCE;78361;44799;78;851;Paris;10706072;petite couronne;9;53;17 981;8,80%;De 450 à 700 000 entrées;non;;banlieue;230;176;165;23,4;71,8;3,3;1,4;52;12,2
300;7 039;5 833;CENTRE CULTUREL LE CHAPLIN;77,9;49.000101;1.683456;244715;ILE-DE-FRANCE;78361;44799;78;851;Paris;10706072;petite couronne;1;27;104;20,70%;De 5 à 10 000 entrées;non;;banlieue;40;7;0;39,8;32,1;1,9;26,2;33;80
88;8 743;7 337;OFFICE DU TOURISME BASTIDES ET VALLONS DU GERS;48,4;43.525284;0.161702;245883;OCCITANIE;32233;1247;32;0;Zone rurale;14541106;unités urbaines de 100 000 habitants et plus;1;52;440;19,20%;De 5 à 10 000 entrées;catégorie E;JP;territoire rural;274;217;29;51;27,2;16,6;5,2;148;49,9
175;12 206;10 857;CINEMA VOX;33;46.276444;4.040561;245911;BOURGOGNE / FRANCHE-COMTE;71275;1809;71;71109;Marcigny;2974;unités urbaines de moins de 20 000 habitants et zones rurales;1;52;552;12,40%;De 10 à 20 000 entrées;catégorie E;;commune-centre;192;160;2;55;34,7;8,8;1,5;80;33,5
231;21 939;19 813;VILLE DE MARCOUSSIS;53,2;48.642026;2.222592;246432;ILE-DE-FRANCE;91363;8132;91;851;Paris;10706072;petite couronne;1;53;775;10,70%;De 20 à 30 000 entrées;catégorie C;JP;banlieue;184;141;1;52;34,1;10,1;3,8;110;50
226;54 422;49 354;LUMIERE DANS LA VILLE;46,7;50.664345;3.072348;246501;HAUTS DE FRANCE;59378;39298;59;59702;Lille (partie française);1039397;unités urbaines de 100 000 habitants et plus;1;50;1 100;10,30%;De 50 à 80 000 entrées;catégorie C;JP;banlieue;216;157;32;63;24,5;8,1;4,4;128;46,7
206;22 636;19 304;LIEN OLERONNAIS POUR LA CULTURE L' ANIMATION ET LES LOISIRS;43,8;45.821371;-1.108436;246763;NOUVELLE AQUITAINE;17219;5662;17;17206;Marennes;9109;unités urbaines de moins de 20 000 habitants et zones rurales;1;52;911;17,30%;De 20 à 30 000 entrées;catégorie E;JPPR;commune-centre;259;187;17;46,4;38,2;8;7,4;156;41,4
97;1 827;1 701;;57;42.235245;8.804724;247550;CORSE;2A154;106;2A;0;Zone rurale;14541106;unités urbaines de 100 000 habitants et plus;1;48;279;7,40%;Moins de 2000 entrées;non;;territoire rural;156;117;0;49,1;31,7;9,7;9,4;94;58,7
240;44 079;39 200;DEVELOPPEMENT ARTISTIQUE CULTURE MEDITERRANEEN;30,8;43.419763;5.213706;247565;PROVENCE-ALPES-COTE D'AZUR;13054;33929;13;759;Marseille - Aix-en-Provence;1585498;unités urbaines de 100 000 habitants et plus;2;53;2 923;12,40%;De 40 à 50 000 entrées;catégorie C;JP;banlieue;194;155;50;32,6;60,4;5,6;1,5;84;23,4
146;22 833;23 361;MARLY SCOPE CINEMA;45,1;49.06744;6.148929;248151;GRAND EST;57447;10023;57;57701;Metz;285268;unités urbaines de 100 000 habitants et plus;1;50;649;-2,30%;De 20 à 30 000 entrées;catégorie C;;banlieue;205;157;11;64,5;22;8;5,5;104;35,5
336;67 338;68 243;ASSOCIATION LE FONTENELLE;53,2;48.871284;2.095564;248192;ILE-DE-FRANCE;78372;16431;78;851;Paris;10706072;petite couronne;2;44;2 350;-1,30%;De 50 à 80 000 entrées;catégorie C;JP;banlieue;291;183;55;58,6;24,7;11;5,6;185;50,6
513;116 402;112 184;ASSOCIATION PROMOTION ACTIVITE CULTURELLE AUDIOVISUELLE MARMANDE;33,9;44.497638;0.168923;248254;NOUVELLE AQUITAINE;47157;17949;47;455;Marmande;29652;unités urbaines de 20 000 à 100 000 habitants;4;52;4 891;3,80%;De 100 à 150 000 entrées;catégorie D;RDJPPR;commune-centre;335;224;90;34,3;59,7;4,2;1,8;189;22,8
245;4 565;3 812;VILLE DE MAROMME;34,6;49.479355;1.042864;248763;NORMANDIE;76410;11023;76;755;Rouen;467133;unités urbaines de 100 000 habitants et plus;1;38;81;19,80%;De 2 à 5 000 entrées;non;;banlieue;49;27;0;60,8;25,7;9,6;3,9;21;43,2
1433;377 663;399 023;SOCIETE PRADEX;18,5;43.28385;5.384511;249441;PROVENCE-ALPES-COTE D'AZUR;13055;861635;13;759;Marseille - Aix-en-Provence;1585498;unités urbaines de 100 000 habitants et plus;11;53;19 016;-5,40%;De 300 à 450 000 entrées;non;;commune-centre;260;203;185;35;60,9;3,1;1,1;66;19,3
806;146 520;146 750;SOCIETE DES CINEMAS DE BONNEVEINE;17,5;43.249625;5.389984;249451;PROVENCE-ALPES-COTE D'AZUR;13055;861635;13;759;Marseille - Aix-en-Provence;1585498;unités urbaines de 100 000 habitants et plus;5;53;7 673;-0,20%;De 100 à 150 000 entrées;non;;commune-centre;99;72;69;28,2;64,7;6,1;0,9;29;18,4
1358;245 513;279 744;PATHE MARSEILLE;39,4;43.300347;5.399852;249471;PROVENCE-ALPES-COTE D'AZUR;13055;861635;13;759;Marseille - Aix-en-Provence;1585498;unités urbaines de 100 000 habitants et plus;8;53;14 286;-12,20%;De 200 à 300 000 entrées;non;;commune-centre;301;221;171;38,1;52;6;3,9;135;36,5
458;115 127;129 882;SOCIETE BASTILLE SAINT ANTOINE;97,4;43.28624;5.383262;249563;PROVENCE-ALPES-COTE D'AZUR;13055;861635;13;759;Marseille - Aix-en-Provence;1585498;unités urbaines de 100 000 habitants et plus;3;53;3 862;-11,40%;De 100 à 150 000 entrées;catégorie A;RD;commune-centre;159;99;82;46,8;15,9;13,3;24;144;97,9
460;137 776;137 231;SOCIETE DU CINEMA DU PRADO;46,6;43.273044;5.391418;249581;PROVENCE-ALPES-COTE D'AZUR;13055;861635;13;759;Marseille - Aix-en-Provence;1585498;unités urbaines de 100 000 habitants et plus;4;53;5 853;0,40%;De 100 à 150 000 entrées;non;;commune-centre;93;73;66;34,9;47,4;16,3;1,4;36;54,7
545;99 657;82 936;SOCIETE BASTILLE SAINT ANTOINE;89,5;43.297447;5.379767;249791;PROVENCE-ALPES-COTE D'AZUR;13055;861635;13;759;Marseille - Aix-en-Provence;1585498;unités urbaines de 100 000 habitants et plus;7;25;5 609;20,20%;De 80 à 100 000 entrées;catégorie A;RDJPPR;commune-centre;246;145;109;56,1;24,7;7,4;11,8;195;91,9
2436;1 019 595;1 060 120;SOCIETE DES CINEMAS DE LA VALENTINE;12,9;43.289155;5.481134;249831;PROVENCE-ALPES-COTE D'AZUR;13055;861635;13;759;Marseille - Aix-en-Provence;1585498;unités urbaines de 100 000 habitants et plus;11;53;17 188;-3,80%;De 1 à 1,5 million d'entrées;non;;commune-centre;169;130;129;19,7;76,1;3,7;0,6;31;12,1
256;42 216;42 483;CINEMARSEILLE;73,9;43.360713;5.330247;249942;PROVENCE-ALPES-COTE D'AZUR;13055;861635;13;759;Marseille - Aix-en-Provence;1585498;unités urbaines de 100 000 habitants et plus;1;48;1 187;-0,60%;De 40 à 50 000 entrées;catégorie A;RDJPPR;commune-centre;229;147;4;47,8;25,5;17,7;9,1;166;65,7
345;20 718;20 061;;38,1;43.294553;5.498707;250410;PROVENCE-ALPES-COTE D'AZUR;13055;861635;13;759;Marseille - Aix-en-Provence;1585498;unités urbaines de 100 000 habitants et plus;1;50;1 240;3,30%;De 20 à 30 000 entrées;non;;commune-centre;117;70;5;42,6;35;15,4;7;61;35,4
230;31 870;32 697;;60,7;43.312724;5.384422;250412;PROVENCE-ALPES-COTE D'AZUR;13055;861635;13;759;Marseille - Aix-en-Provence;1585498;unités urbaines de 100 000 habitants et plus;1;45;917;-2,50%;De 30 à 40 000 entrées;catégorie A;RDJPPR;commune-centre;185;94;15;44;32,1;11,9;11,9;142;60,9
150;6 151;3 851;LE BISTROT;78,8;45.611664;0.44206;250751;NOUVELLE AQUITAINE;16211;554;16;0;Zone rurale;14541106;unités urbaines de 100 000 habitants et plus;1;53;297;59,70%;De 5 à 10 000 entrées;catégorie E;;territoire rural;249;212;0;48;24;21,6;6,4;205;69,8
166;29 925;27 835;ASSOCIATION CINEMA RENOIR;81,4;43.410526;5.052683;250935;PROVENCE-ALPES-COTE D'AZUR;13056;49403;13;759;Marseille - Aix-en-Provence;1585498;unités urbaines de 100 000 habitants et plus;1;52;1 410;7,50%;De 20 à 30 000 entrées;catégorie C;RDJPPR;banlieue;221;151;1;54,3;18,6;14,6;12,6;196;77,5
177;15 131;15 408;TRIANON CINEMA;34,7;44.551614;3.291609;251251;OCCITANIE;48092;4841;48;48201;Marvejols;6066;unités urbaines de moins de 20 000 habitants et zones rurales;1;50;944;-1,80%;De 10 à 20 000 entrées;catégorie E;JP;commune-centre;144;121;1;54,2;36,6;5,5;3,7;58;32,4
153;9 803;8 364;LA SOCIETE DES AMIS DU CINEMA INDEPENDANT;46,8;43.42733;0.576514;251922;OCCITANIE;32242;1518;32;0;Zone rurale;14541106;unités urbaines de 100 000 habitants et plus;1;52;523;17,20%;De 5 à 10 000 entrées;catégorie E;;territoire rural;304;245;28;44,8;44,6;6,3;4,3;166;37,8
417;33 778;31 020;CINEMASSY;80,5;48.732679;2.288638;252134;ILE-DE-FRANCE;91377;48363;91;851;Paris;10706072;petite couronne;3;53;4 921;8,90%;De 30 à 40 000 entrées;catégorie C;;banlieue;334;233;73;54,5;19,2;16,8;9,5;267;73,8
154;7 408;7 511;OFFICE MUNICIPAL DES SPORTS LOISIRS CULTURE ANIMATION;41,2;45.868856;-0.320748;252212;NOUVELLE AQUITAINE;17224;2175;17;17101;Matha;2175;unités urbaines de moins de 20 000 habitants et zones rurales;1;51;289;-1,40%;De 5 à 10 000 entrées;non;;commune isolée;138;115;1;50,8;40,3;8;1;64;43,5
199;4 930;5 148;;35,3;46.306676;4.481344;252342;BOURGOGNE / FRANCHE-COMTE;71289;1068;71;0;Zone rurale;14541106;unités urbaines de 100 000 habitants et plus;1;49;190;-4,20%;De 2 à 5 000 entrées;non;;territoire rural;156;126;0;68,9;18,7;9,2;3,1;57;43,3
269;7 594;6 409;ASSOCIATION LES TRINITAIRES DE MAULEON;31;46.9250409;-0.7596104000000423;252701;NOUVELLE AQUITAINE;79079;8479;79;79205;Mauléon;8479;unités urbaines de moins de 20 000 habitants et zones rurales;1;49;348;18,50%;De 5 à 10 000 entrées;catégorie E;;commune isolée;103;89;1;69,1;30,3;0,7;0;37;29,7
102;32 347;29 510;;51,9;48.916554;1.821165;252712;ILE-DE-FRANCE;78380;5800;78;78301;Maule;10150;petite couronne;1;50;1 417;9,60%;De 30 à 40 000 entrées;catégorie E;RDJPPR;commune-centre;236;204;3;59,2;27,9;9,2;3,7;147;47,2
416;20 999;19 113;ASSOCIATION MAULE BAITHA;43,3;43.221421;-0.889467;252742;NOUVELLE AQUITAINE;64371;2969;64;64204;Mauléon-Licharre;6395;unités urbaines de moins de 20 000 habitants et zones rurales;2;53;1 139;9,90%;De 20 à 30 000 entrées;catégorie E;RDJP;commune-centre;366;309;40;41,3;44,6;11,6;2,6;190;37,5
173;9 490;8 984;L'AURORE;31,5;47.891029;-1.991909;252991;BRETAGNE;35168;3908;35;0;Zone rurale;14541106;unités urbaines de 100 000 habitants et plus;1;49;270;5,60%;De 5 à 10 000 entrées;catégorie E;;territoire rural;174;143;0;55,5;34,1;9,4;1,1;60;29,7
256;15 383;14 875;LE PRE BOURGES;40,7;45.216795;2.333982;253164;AUVERGNE / RHONE-ALPES;15120;3671;15;15105;Mauriac;4502;unités urbaines de moins de 20 000 habitants et zones rurales;1;49;535;3,40%;De 10 à 20 000 entrées;catégorie E;;commune-centre;171;139;0;56,5;33,3;9;1,3;82;39,3
260;16 585;16 134;CINEMAGINAIRE;22,7;42.814211;2.600537;253313;OCCITANIE;66107;802;66;0;Zone rurale;14541106;unités urbaines de 100 000 habitants et plus;1;52;317;2,80%;De 10 à 20 000 entrées;catégorie E;;territoire rural;101;74;18;41,4;51,6;5,2;1,7;40;15,9
92;5 370;6 259;FOYER RURAL JEUNES EDUCATION POPULAIRE;43,1;43.731827;0.878411;253442;OCCITANIE;32249;2149;32;0;Zone rurale;14541106;unités urbaines de 100 000 habitants et plus;1;46;216;-14,20%;De 5 à 10 000 entrées;catégorie E;JP;territoire rural;163;137;12;46,9;37,2;9,5;6,5;75;47,7
374;97 724;84 895;SOCIETE BOURZEIX;37,8;48.302362;-0.620404;253763;PAYS DE LA LOIRE;53147;13016;53;53301;Mayenne;15119;unités urbaines de moins de 20 000 habitants et zones rurales;3;53;4 710;15,10%;De 80 à 100 000 entrées;catégorie E;RDJPPR;commune-centre;440;280;122;44,8;47,1;6,6;1,6;262;31,4
485;45 027;41 873;ACTION CINEMATOGRAPHIQUE DU TARN;29;43.493101;2.374957;254005;OCCITANIE;81163;10063;81;81401;Mazamet;24994;unités urbaines de 20 000 à 100 000 habitants;2;53;2 161;7,50%;De 40 à 50 000 entrées;catégorie D;;commune-centre;240;186;59;33,2;58,1;7;1,7;120;22,1
182;2 629;2 447;;14,4;43.250817;1.677678;254173;OCCITANIE;9185;3826;9;9104;Mazères;3826;unités urbaines de moins de 20 000 habitants et zones rurales;1;50;215;7,40%;De 2 à 5 000 entrées;non;;commune isolée;100;87;0;32;62;1,9;4,2;19;27,6
1129;255 222;244 350;SOCIETE DU CINEMA MAJESTIC  MEAUX;24,9;48.95945;2.882959;254781;ILE-DE-FRANCE;77284;53720;77;77501;Meaux;74463;petite couronne;7;53;12 244;4,40%;De 200 à 300 000 entrées;non;;commune-centre;315;183;125;30,6;63,7;4,6;1,1;189;19,1
315;8 756;855;FORUM INTERNATIONAL;15,9;45.861574;6.626043;255072;AUVERGNE / RHONE-ALPES;74173;3210;74;462;Sallanches;44281;unités urbaines de 20 000 à 100 000 habitants;1;29;345;924,10%;De 5 à 10 000 entrées;non;;banlieue;93;71;39;48,1;45,9;5,6;0,4;19;13,7
100;6 881;9 246;CINE ITINERANT RURAL BRESSE REVERMONT;16,6;46.245266;5.347704;255421;AUVERGNE / RHONE-ALPES;1241;1316;1;0;Zone rurale;14541106;unités urbaines de 100 000 habitants et plus;1;43;223;-25,60%;De 5 à 10 000 entrées;non;;territoire rural;16;12;0;71,4;23,9;4,7;0;3;16,4
434;34 169;29 739;CINEMEL;64,5;46.222661;-0.144659;255911;NOUVELLE AQUITAINE;79174;3607;79;79203;Melle;5471;unités urbaines de moins de 20 000 habitants et zones rurales;2;52;1 076;14,90%;De 30 à 40 000 entrées;catégorie E;RDJPPR;commune-centre;228;168;6;56,8;29,7;8,5;4,9;165;53
566;42 186;35 900;VARIETES CINEMA;32,8;48.533449;2.6548;255991;ILE-DE-FRANCE;77288;39914;77;851;Paris;10706072;petite couronne;3;53;3 168;17,50%;De 40 à 50 000 entrées;catégorie C;JPPR;banlieue;302;239;75;46,3;39,1;10,4;4,2;147;36,1
402;64 621;63 105;SOCIETE ANONYME IMMOBILIERE D'ECONOMIE MIXTE MENDE FONTANILLES;27,9;44.519155;3.499538;256211;OCCITANIE;48095;11641;48;48301;Mende;11641;unités urbaines de moins de 20 000 habitants et zones rurales;3;52;2 772;2,40%;De 50 à 80 000 entrées;catégorie E;RDJP;commune isolée;203;162;56;40,6;54,9;3,3;1,3;84;24,4
324;97 531;85 899;;19,9;48.564849;2.441479;256983;ILE-DE-FRANCE;91386;13959;91;851;Paris;10706072;petite couronne;3;53;4 774;13,50%;De 80 à 100 000 entrées;non;;banlieue;155;127;106;35,1;59,8;4,4;0,7;47;18,8
377;92 370;87 844;LES CINEMAS DE SAINT RAPHAEL (EX LIDO RIALTO CINEMA ST RAPHAEL);27,4;43.775396;7.50197;257302;PROVENCE-ALPES-COTE D'AZUR;6083;28231;6;6501;Menton - Monaco (partie française);68326;unités urbaines de 20 000 à 100 000 habitants;3;53;4 741;5,20%;De 80 à 100 000 entrées;non;;commune-centre;214;175;86;39,3;54,5;4,9;1,3;88;22,6
142;7 032;7 033;SOCIETE DU PATRONAGE SAINT MICHEL;25,1;48.19242;-2.416156;257772;BRETAGNE;22147;2937;22;22103;Merdrignac;2937;unités urbaines de moins de 20 000 habitants et zones rurales;1;47;307;0,00%;De 5 à 10 000 entrées;non;;commune isolée;140;117;0;52,4;41,2;4,4;2;36;33,9
1041;250 418;230 869;IPEC;16,8;44.842142;-0.647041;258161;NOUVELLE AQUITAINE;33281;70127;33;33701;Bordeaux;904359;unités urbaines de 100 000 habitants et plus;4;53;6 973;8,50%;De 200 à 300 000 entrées;non;;banlieue;207;150;102;35,6;60,1;4,1;0,1;94;13,7
214;55 212;58 761;RD DIFFUSION;21,2;50.066803;1.384364;258652;HAUTS DE FRANCE;80533;2840;80;453;Eu;20095;unités urbaines de 20 000 à 100 000 habitants;1;53;1 484;-6,00%;De 50 à 80 000 entrées;non;;banlieue;186;160;71;44;49,5;5,1;1,5;77;19,8
237;28 914;31 857;ASSOCIATION MERU CINEMA;21,3;49.234352;2.134691;258732;HAUTS DE FRANCE;60395;14703;60;60302;Méru;14703;unités urbaines de moins de 20 000 habitants et zones rurales;2;50;2 405;-9,20%;De 20 à 30 000 entrées;catégorie E;RDJPPR;commune isolée;278;200;51;25,8;62,2;7,8;4,3;99;19,6
305;29 512;32 044;COMMUNE DE MERVILLE;29,7;50.641083;2.637315;258812;HAUTS DE FRANCE;59400;9967;59;752;Béthune;355543;unités urbaines de 100 000 habitants et plus;1;51;693;-7,90%;De 20 à 30 000 entrées;non;;banlieue;203;157;2;41,9;47;9,7;1,4;81;28,2
228;6 764;7 522;;29,4;49.060326;2.170288;258952;ILE-DE-FRANCE;95394;9531;95;851;Paris;10706072;petite couronne;1;30;218;-10,10%;De 5 à 10 000 entrées;non;;banlieue;107;78;0;53,8;28,7;11,8;5,7;42;36,1
133;11 447;12 180;;40,6;45.564042;-0.95352;259022;NOUVELLE AQUITAINE;17230;3087;17;17402;Royan;35729;unités urbaines de 20 000 à 100 000 habitants;1;52;1 028;-6,00%;De 10 à 20 000 entrées;catégorie D;;banlieue;239;195;5;42,8;42,3;9,3;5,6;122;33,1
0;5 465;;FAMASO;0;43.816722;-1.375306;260340;NOUVELLE AQUITAINE;40181;961;40;0;Zone rurale;14541106;unités urbaines de 100 000 habitants et plus;1;8;48;;De 5 à 10 000 entrées;non;;territoire rural;4;4;0;4,5;95,5;0;0;0;0
212;24 075;25 780;CINEMA OLYMPIA;19,2;46.773516;6.350469;260602;BOURGOGNE / FRANCHE-COMTE;25380;1179;25;0;Zone rurale;14541106;unités urbaines de 100 000 habitants et plus;2;50;1 805;-6,60%;De 20 à 30 000 entrées;catégorie E;JP;territoire rural;225;195;33;36,9;59,5;3,3;0,3;75;12,9
972;165 060;54 394;REX CINEMA DE METZ;88,3;49.118892;6.175464;260731;GRAND EST;57463;117492;57;57701;Metz;285268;unités urbaines de 100 000 habitants et plus;7;53;13 547;203,50%;De 150 à 200 000 entrées;non;;commune-centre;470;296;240;49,1;27,5;12;11,4;392;87,8
458;29 300;26 234;VILLE DE MEUDON;59,6;48.81334;2.235774;260903;ILE-DE-FRANCE;92048;45317;92;851;Paris;10706072;grande couronne;1;44;441;11,70%;De 20 à 30 000 entrées;catégorie C;;banlieue;191;127;1;43,4;31,5;17,6;7,5;124;63,7
268;13 729;12 282;VILLE DE MEUDON;40,8;48.7873;2.23254;260904;ILE-DE-FRANCE;92048;45317;92;851;Paris;10706072;grande couronne;1;45;343;11,80%;De 10 à 20 000 entrées;non;;banlieue;133;101;0;67;23;7,9;2,1;60;37,6
143;5 173;4 192;;51,1;47.826282;1.696401;261032;CENTRE-VAL DE LOIRE;45203;6267;45;45209;Meung-sur-Loire;9217;unités urbaines de moins de 20 000 habitants et zones rurales;1;38;94;23,40%;De 5 à 10 000 entrées;non;;commune-centre;78;58;0;46;30,7;16,6;6,7;44;45,1
161;39 345;36 678;ASSOCIATION CINEMA L HORLOGE;37,3;45.90391;5.192869;261273;AUVERGNE / RHONE-ALPES;1244;7655;1;1206;Meximieux;10144;unités urbaines de moins de 20 000 habitants et zones rurales;1;51;971;7,30%;De 30 à 40 000 entrées;catégorie E;JPPR;commune-centre;262;185;10;47,7;41,5;8,2;2,6;138;30
244;6 017;6 748;OFFICE DU TOURISME DE MEYMAC;48,7;45.532714;2.146857;261351;NOUVELLE AQUITAINE;19136;2455;19;19101;Meymac;2455;unités urbaines de moins de 20 000 habitants et zones rurales;1;53;306;-10,80%;De 5 à 10 000 entrées;catégorie E;;commune isolée;225;184;0;39,9;44,9;10,4;4,9;123;43,2
287;21 602;22 298;CINE L'ARLEQUIN;33,8;45.916394;6.090209;261581;AUVERGNE / RHONE-ALPES;74010;125694;74;74601;Annecy;168098;unités urbaines de 100 000 habitants et plus;1;50;660;-3,10%;De 20 à 30 000 entrées;catégorie C;;commune-centre;188;141;2;53,4;34,3;10,1;2,3;87;31,5
408;64 694;60 059;;29,8;45.765107;5.00317;261603;AUVERGNE / RHONE-ALPES;69282;32863;69;758;Lyon;1639558;unités urbaines de 100 000 habitants et plus;3;53;2 957;7,70%;De 50 à 80 000 entrées;catégorie C;JP;banlieue;253;206;84;43,1;49,5;6,2;1,1;120;23,1
144;32 195;28 525;CENTRE COMMUNAL POUR LA PROMOTION CULTURELLE;37,4;43.421612;3.601996;261623;OCCITANIE;34157;11537;34;34301;Mèze;11537;unités urbaines de moins de 20 000 habitants et zones rurales;1;49;842;12,90%;De 30 à 40 000 entrées;catégorie E;JP;commune isolée;202;153;16;47,1;46,3;4,9;1,7;113;30,9
2580;621 763;603 063;;15,7;48.202673;-1.730539;261730;BRETAGNE;35177;4644;35;35127;La Mézière;4644;unités urbaines de moins de 20 000 habitants et zones rurales;12;53;24 245;3,10%;De 450 à 700 000 entrées;non;;commune isolée;265;212;207;32,1;62,3;4,5;1,1;47;14,6
200;2 088;2 334;MODERNE CINEMA;9,6;46.36675;5.996859;262461;AUVERGNE / RHONE-ALPES;1247;336;1;0;Zone rurale;14541106;unités urbaines de 100 000 habitants et plus;1;18;83;-10,50%;De 2 à 5 000 entrées;non;;territoire rural;33;27;6;65;29,3;0,2;5,5;6;20,6
581;89 939;84 130;LES LUMIERES DE LA VILLE;27,7;44.100489;3.076198;262622;OCCITANIE;12145;22234;12;12401;Millau;23837;unités urbaines de 20 000 à 100 000 habitants;4;53;6 097;6,90%;De 80 à 100 000 entrées;catégorie D;RDJP;commune-centre;321;254;157;40,5;53,1;4,8;1,6;161;26
750;22 945;21 562;COMMUNE DE MIMIZAN;27,8;44.20143;-1.228686;262921;NOUVELLE AQUITAINE;40184;6927;40;40203;Mimizan;6927;unités urbaines de moins de 20 000 habitants et zones rurales;1;52;748;6,40%;De 20 à 30 000 entrées;catégorie E;JP;commune isolée;217;185;70;34,2;57,7;6,9;1,1;86;21,1
165;22 179;24 853;ASSOCIATION CENTRE CULTUREL DE MIRAMAS;50,1;43.581558;5.001721;263261;PROVENCE-ALPES-COTE D'AZUR;13063;25639;13;759;Marseille - Aix-en-Provence;1585498;unités urbaines de 100 000 habitants et plus;1;48;1 266;-10,80%;De 20 à 30 000 entrées;catégorie C;JP;banlieue;246;177;6;49,5;37,6;7,2;5,7;149;42,8
250;13 016;11 950;FEDERATION DES ASSOCIATIONS LAIQUES D' EDUCATION POPULAIRE GERS;43,6;43.513752;0.405519;263372;OCCITANIE;32256;3483;32;32105;Mirande;3932;unités urbaines de moins de 20 000 habitants et zones rurales;1;52;388;8,90%;De 10 à 20 000 entrées;catégorie E;;commune-centre;259;205;25;45,7;41,5;7,8;5;122;40
332;22 557;21 454;VILLE DE MIRECOURT;15,3;48.299898;6.132591;263484;GRAND EST;88304;5325;88;88205;Mirecourt;7359;unités urbaines de moins de 20 000 habitants et zones rurales;1;52;790;5,10%;De 20 à 30 000 entrées;non;;commune-centre;147;118;20;44,2;49,6;4,8;1,4;35;21,2
106;12 779;10 058;VILLE DE MIREPOIX;47,9;43.089583;1.87481;263563;OCCITANIE;9194;3162;9;9103;Mirepoix;3162;unités urbaines de moins de 20 000 habitants et zones rurales;1;48;607;27,10%;De 10 à 20 000 entrées;catégorie E;JP;commune isolée;176;134;0;48,6;36,3;9,6;5,6;100;48,7
300;13 060;12 223;ASSOCIATION REGIONALE PROMOTION DU CINEMA;49,2;45.871817;4.913437;263612;AUVERGNE / RHONE-ALPES;1249;9574;1;758;Lyon;1639558;unités urbaines de 100 000 habitants et plus;1;46;301;6,80%;De 10 à 20 000 entrées;catégorie C;JP;banlieue;170;124;0;69;19,8;7,5;3,7;88;51,2
210;27 905;12 875;ASSOCIATION MITRYENNE DE LOISIRS;58,8;48.956929;2.603083;263912;ILE-DE-FRANCE;77294;19847;77;851;Paris;10706072;petite couronne;1;46;1 185;116,70%;De 20 à 30 000 entrées;catégorie C;JPPR;banlieue;322;209;2;48,8;30,8;16,7;3,7;222;46,4
220;4 277;5 263;SNC GIPPA ET GILBERT;17,4;45.14954;6.634433;264123;AUVERGNE / RHONE-ALPES;73157;3180;73;73109;Modane;3846;unités urbaines de moins de 20 000 habitants et zones rurales;1;29;172;-18,70%;De 2 à 5 000 entrées;non;;commune-centre;83;71;3;40,6;58,2;1,2;0,1;20;5,2
172;52 899;45 299;LES GARS DE SAINT PHILIBERT;48,2;47.808314;-3.635534;264151;BRETAGNE;29150;6874;29;29206;Moëlan-sur-Mer;6874;unités urbaines de moins de 20 000 habitants et zones rurales;1;53;1 110;16,80%;De 50 à 80 000 entrées;catégorie E;RDJPPR;commune isolée;296;220;23;57,9;27,7;11,4;3;170;43
330;7 151;6 826;ASSOCIATION LA FRATERNELLE;40,7;46.457868;5.758014;264442;BOURGOGNE / FRANCHE-COMTE;39333;2088;39;39102;Moirans-en-Montagne;2088;unités urbaines de moins de 20 000 habitants et zones rurales;1;52;349;4,80%;De 5 à 10 000 entrées;catégorie E;JP;commune isolée;223;192;10;42,9;35,1;16,9;5,1;109;32,7
737;45 532;42 892;SOCIETE NOUVELLE DES CINEMAS ATLANTIQUE;13,1;44.132684;1.066545;264591;OCCITANIE;82112;12581;82;82401;Castelsarrasin;26467;unités urbaines de 20 000 à 100 000 habitants;6;50;3 235;6,20%;De 40 à 50 000 entrées;non;;banlieue;144;120;63;29,4;66,3;2,8;1,5;44;13,8
349;17 736;13 292;SCENE NATIONALE DE SENART;47,3;48.628281;2.589982;264672;ILE-DE-FRANCE;77296;17630;77;851;Paris;10706072;petite couronne;1;48;664;33,40%;De 10 à 20 000 entrées;catégorie C;JP;banlieue;188;123;0;46,4;28,2;19,4;6;113;46,3
153;3 446;3 131;ASSOCIATION CINEFOL 31;54,1;43.966813;1.584453;266213;OCCITANIE;82115;1945;82;0;Zone rurale;14541106;unités urbaines de 100 000 habitants et plus;1;52;207;10,10%;De 2 à 5 000 entrées;non;;territoire rural;193;169;0;53,8;22,5;18,3;5,4;107;58,8
295;7 187;7 426;ASSOCIATION CINEMA DU BOCAGE;31,1;46.724207;-0.587156;266292;NOUVELLE AQUITAINE;79179;3161;79;79105;Moncoutant;3161;unités urbaines de moins de 20 000 habitants et zones rurales;1;47;585;-3,20%;De 5 à 10 000 entrées;catégorie E;JP;commune isolée;161;135;4;72,6;20,7;5,7;1;58;33,2
2452;662 439;656 571;UGC CINE CITE MONDEVILLE;17,5;49.166065;-0.30018;266361;NORMANDIE;14437;9719;14;14601;Caen;198639;unités urbaines de 100 000 habitants et plus;12;53;24 388;0,90%;De 450 à 700 000 entrées;non;;banlieue;306;185;159;32,3;63,3;3,8;0,6;123;13,9
159;9 344;9 741;ASSOCIATION FOYER RURAL CENTRE SOCIAL ET CULTUREL;51;43.320215;-0.579262;266571;NOUVELLE AQUITAINE;64393;4473;64;64302;Mourenx;14531;unités urbaines de moins de 20 000 habitants et zones rurales;1;53;1 031;-4,10%;De 5 à 10 000 entrées;catégorie E;RDJPPR;commune-centre;248;199;2;51,7;28,6;12,7;7;140;49,5
128;8 838;8 052;SOCIETE DES CINEMAS DE LA GUISANE;39,9;44.975571;6.50728;266752;PROVENCE-ALPES-COTE D'AZUR;5079;1024;5;0;Zone rurale;14541106;unités urbaines de 100 000 habitants et plus;2;40;791;9,80%;De 5 à 10 000 entrées;non;;territoire rural;79;61;3;63,8;23,2;8,7;4,3;38;41,2
348;61 905;61 498;;32,2;45.284509;4.176668;266962;AUVERGNE / RHONE-ALPES;43137;8793;43;43301;Monistrol-sur-Loire;13126;unités urbaines de moins de 20 000 habitants et zones rurales;2;51;1 574;0,70%;De 50 à 80 000 entrées;catégorie E;JP;commune-centre;268;226;27;43,2;51,2;4,1;1,4;128;21,5
300;21 700;21 927;CINE-OFF;47,1;47.499906;0.752013;267061;CENTRE-VAL DE LOIRE;37153;4298;37;37106;Monnaie;4298;unités urbaines de moins de 20 000 habitants et zones rurales;1;50;376;-1,00%;De 20 à 30 000 entrées;catégorie E;JPPR;commune isolée;92;49;0;67,4;21,1;9,9;1,5;49;47,8
179;15 351;16 229;ARTS ET TECHNIQUES;32,5;45.008093;0.159645;267243;NOUVELLE AQUITAINE;24294;5466;24;354;Montpon-Ménestérol;11508;unités urbaines de moins de 20 000 habitants et zones rurales;1;52;573;-5,40%;De 10 à 20 000 entrées;catégorie E;JP;commune-centre;241;200;1;53,5;39;6,5;1,1;98;26,5
189;15 535;16 623;USUREAU PAUL;45,9;44.650724;0.079158;267391;NOUVELLE AQUITAINE;33289;1500;33;0;Zone rurale;14541106;unités urbaines de 100 000 habitants et plus;1;53;781;-6,50%;De 10 à 20 000 entrées;catégorie E;JPPR;territoire rural;292;224;1;47;33,2;15,3;4,4;162;41,6
312;38 496;35 421;ASSOCIATION CINE LIBERTY;50,1;44.481444;0.945323;267432;NOUVELLE AQUITAINE;47179;2093;47;47302;Fumel;11735;unités urbaines de moins de 20 000 habitants et zones rurales;2;52;1 544;8,70%;De 30 à 40 000 entrées;catégorie E;RDJPPR;banlieue;361;246;14;46,9;41,1;6,8;5,3;243;40,2
48;5 197;5 860;ONZE VINGT QUATORZE OU 11 X 20 + 14;85,2;48.490092;3.148397;267481;ILE-DE-FRANCE;77298;463;77;0;Zone rurale;14541106;petite couronne;1;43;511;-11,30%;De 5 à 10 000 entrées;catégorie E;;territoire rural;223;179;0;51,4;11,8;20,9;15,9;193;70,7
205;20 989;19 744;CINEMA LE MONTAGNARD;38,8;47.18723;-1.679304;267832;PAYS DE LA LOIRE;44101;6135;44;44701;Nantes;633690;unités urbaines de 100 000 habitants et plus;1;47;498;6,30%;De 20 à 30 000 entrées;catégorie C;;banlieue;232;176;3;52,3;35,7;8,3;3,7;117;34,4
280;49 414;41 049;VILLE DE MONTAIGU;34,3;46.98002;-1.316083;268122;PAYS DE LA LOIRE;85146;5180;85;85302;Montaigu;13921;unités urbaines de moins de 20 000 habitants et zones rurales;2;53;1 500;20,40%;De 40 à 50 000 entrées;catégorie E;JPPR;commune-centre;240;176;32;46,2;42,8;9,9;1,1;106;28,3
1499;346 146;326 335;;20,2;48.001962;2.729169;268583;CENTRE-VAL DE LOIRE;45208;14254;45;45501;Montargis;55881;unités urbaines de 20 000 à 100 000 habitants;9;53;15 330;6,10%;De 300 à 450 000 entrées;catégorie D;;commune-centre;369;268;196;31,2;63,1;4,2;1,5;180;15,9
3450;607 933;596 897;;18,6;49.261576;2.452904;268733;HAUTS DE FRANCE;60414;13360;60;60601;Creil;120350;unités urbaines de 100 000 habitants et plus;14;53;24 220;1,80%;De 450 à 700 000 entrées;non;;banlieue;325;265;219;25,7;68,9;4,6;0,8;107;12,9
461;40 420;39 418;CONSORTIUM DES CINEMAS DE MONTAUBAN;92,8;44.016766;1.361386;268813;OCCITANIE;82121;59982;82;82501;Montauban;78084;unités urbaines de 20 000 à 100 000 habitants;3;49;3 532;2,50%;De 40 à 50 000 entrées;catégorie D;RDJPPR;commune-centre;277;174;103;60;12,9;13,8;13,2;230;89,2
150;11 606;11 192;AEP MONTALBANAISE;34,4;48.200293;-2.049655;268841;BRETAGNE;35184;5095;35;35129;Montauban-de-Bretagne;5095;unités urbaines de moins de 20 000 habitants et zones rurales;1;47;317;3,70%;De 10 à 20 000 entrées;catégorie E;;commune isolée;169;137;3;52,7;35,5;10,6;1,2;68;33,1
279;36 681;34 296;ASSOCIATION MAISON POUR TOUS;37,3;43.618473;6.771904;268972;PROVENCE-ALPES-COTE D'AZUR;83081;6298;83;83205;Montauroux;9536;unités urbaines de moins de 20 000 habitants et zones rurales;1;53;1 146;7,00%;De 30 à 40 000 entrées;catégorie E;JP;commune-centre;257;221;6;41,6;48,3;8;2,1;124;30,4
165;19 732;21 372;ASSOCIATION CINE CITE;38;47.6229;4.338005;269141;BOURGOGNE / FRANCHE-COMTE;21425;5331;21;21205;Montbard;5662;unités urbaines de moins de 20 000 habitants et zones rurales;1;43;818;-7,70%;De 10 à 20 000 entrées;catégorie E;JPPR;commune-centre;212;170;2;40,9;50,9;5,9;2,3;103;25,3
182;24 116;10 431;ASSOCIATION LES AMIS DE L'ESPACE PIERRE MERY;38;47.286138;0.703952;269222;CENTRE-VAL DE LOIRE;37154;4154;37;37701;Tours;353042;unités urbaines de 100 000 habitants et plus;1;44;669;131,20%;De 20 à 30 000 entrées;catégorie C;JP;banlieue;151;132;20;60,5;26;11;2,5;74;44,8
1053;44 022;45 183;CINEMA DU COLISEE;68,5;47.50866;6.801618;269255;BOURGOGNE / FRANCHE-COMTE;25388;25336;25;25601;Montbéliard;106486;unités urbaines de 100 000 habitants et plus;4;53;4 899;-2,60%;De 40 à 50 000 entrées;catégorie C;RDJPPR;commune-centre;337;186;99;62,3;19,5;9,5;8,7;254;69,4
816;233 418;219 882;;32,2;45.612675;4.067565;269635;AUVERGNE / RHONE-ALPES;42147;15526;42;42401;Montbrison;23170;unités urbaines de 20 000 à 100 000 habitants;5;53;6 945;6,20%;De 200 à 300 000 entrées;catégorie D;RDJPPR;commune-centre;367;278;156;40;54,4;4,6;1;206;19,3
662;66 986;75 617;SOCIETE DU CINEMA REX;19,1;46.674118;4.364044;269843;BOURGOGNE / FRANCHE-COMTE;71306;18772;71;71402;Montceau-les-Mines;39188;unités urbaines de 20 000 à 100 000 habitants;3;53;3 559;-11,40%;De 50 à 80 000 entrées;catégorie D;;commune-centre;169;125;65;29,9;66,6;3,1;0,5;86;17,5
607;13 133;16 061;ROYAL CINEMA;63,5;43.889338;-0.504397;270562;NOUVELLE AQUITAINE;40192;30629;40;40401;Mont-de-Marsan;40141;unités urbaines de 20 000 à 100 000 habitants;4;53;3 078;-18,20%;De 10 à 20 000 entrées;non;;commune-centre;198;129;41;44,5;25,9;18,7;10,8;129;66,7
178;23 649;23 887;VILLE DE MONTDIDIER;19,2;49.647736;2.570756;270633;HAUTS DE FRANCE;80561;6201;80;80202;Montdidier;6384;unités urbaines de moins de 20 000 habitants et zones rurales;1;52;569;-1,00%;De 20 à 30 000 entrées;non;;commune-centre;142;117;4;29,7;64;4,5;1,8;35;20,7
178;8 952;9 342;CINEMA OLYMPIC;35,1;45.575851;2.809534;270673;AUVERGNE / RHONE-ALPES;63236;1328;63;0;Zone rurale;14541106;unités urbaines de 100 000 habitants et plus;1;50;445;-4,20%;De 5 à 10 000 entrées;non;;territoire rural;84;78;3;59,3;29,5;7,2;4;38;23,5
613;110 992;105 365;SOCIETE DU CINEMA PALACE - MONTELIMAR;21,3;44.561459;4.748988;271052;AUVERGNE / RHONE-ALPES;26198;38397;26;551;Montélimar;55791;unités urbaines de 20 000 à 100 000 habitants;5;53;4 668;5,30%;De 100 à 150 000 entrées;non;;commune-centre;100;89;80;33,3;61,9;4,7;0,1;28;19,9
118;28 949;28 272;VILLE DE MONTELIMAR;79,7;44.557962;4.751413;271055;AUVERGNE / RHONE-ALPES;26198;38397;26;551;Montélimar;55791;unités urbaines de 20 000 à 100 000 habitants;1;43;1 260;2,40%;De 20 à 30 000 entrées;catégorie D;RDJP;commune-centre;270;185;18;59;12,5;20,5;7,9;223;74,8
627;126 467;124 520;ANEMONE MONTELIMAR CINEMA LES SEPT NEFS;16,5;44.560981;4.749382;271071;AUVERGNE / RHONE-ALPES;26198;38397;26;551;Montélimar;55791;unités urbaines de 20 000 à 100 000 habitants;7;53;9 566;1,60%;De 100 à 150 000 entrées;non;;commune-centre;141;122;109;29,3;65,2;4,2;1,3;36;13,4
120;7 980;8 696;;39,3;45.283756;-0.408153;271162;NOUVELLE AQUITAINE;17240;3210;17;17112;Montendre;3576;unités urbaines de moins de 20 000 habitants et zones rurales;1;50;445;-8,20%;De 5 à 10 000 entrées;catégorie E;;commune-centre;239;207;16;46,1;46;4,8;3,1;129;29,6
264;35 121;32 488;LA CANE MONTFORTAISE;33,3;48.134411;-1.950548;272101;BRETAGNE;35188;6556;35;35208;Montfort-sur-Meu;6556;unités urbaines de moins de 20 000 habitants et zones rurales;1;49;616;8,10%;De 30 à 40 000 entrées;catégorie E;JP;commune isolée;255;212;22;56,9;31,9;9,4;1,9;115;29,1
188;5 274;5 157;OFFICE DU TOURISME DE MONTGENEVRE;12,6;44.932175;6.724754;272358;PROVENCE-ALPES-COTE D'AZUR;5085;510;5;0;Zone rurale;14541106;unités urbaines de 100 000 habitants et plus;1;36;341;2,30%;De 5 à 10 000 entrées;non;;territoire rural;129;107;36;41,2;52,6;5,4;0,8;23;6,4
329;44 839;40 463;COMMUNAUTE D'AGGLOMERATION SENART VAL DE SEINE;75,9;48.703763;2.46109;272392;ILE-DE-FRANCE;91421;23727;91;851;Paris;10706072;petite couronne;1;49;1 164;10,80%;De 40 à 50 000 entrées;catégorie C;RDJP;banlieue;246;182;0;61,4;21,4;9,6;7,7;197;68,8
133;11 553;11 064;ASSOCIATION LES AMIS DU CINEMA;48,6;45.217551;-0.186333;272481;NOUVELLE AQUITAINE;17241;1593;17;0;Zone rurale;14541106;unités urbaines de 100 000 habitants et plus;1;52;592;4,40%;De 10 à 20 000 entrées;catégorie E;JP;territoire rural;247;193;5;40,4;43,8;11,1;4,7;127;45,5
176;18 186;16 556;VILLE DE MONTIGNAC;53,3;45.063871;1.163498;272701;NOUVELLE AQUITAINE;24291;2807;24;24104;Montignac;2807;unités urbaines de moins de 20 000 habitants et zones rurales;1;52;709;9,80%;De 10 à 20 000 entrées;catégorie E;RDJPPR;commune isolée;256;177;1;49,6;36,2;10,7;3,5;154;49,7
282;16 492;13 786;VILLE DE MONTIGNY LE BRETONNEUX;42,1;48.77004;2.03446;273071;ILE-DE-FRANCE;78423;33123;78;851;Paris;10706072;petite couronne;1;45;385;19,60%;De 10 à 20 000 entrées;non;;banlieue;105;78;0;51,5;31;7,4;10;53;55,9
304;8 135;8 723;OFFICE MUNICIPALE DE LA CULTURE (MONTIGNY);35,9;48.997001;2.200873;273182;ILE-DE-FRANCE;95424;20789;95;851;Paris;10706072;petite couronne;1;44;131;-6,70%;De 5 à 10 000 entrées;non;;banlieue;60;35;0;36,4;42,5;15,5;5,6;27;35,3
861;218 451;174 918;NORD OUEST EXPLOITATION CINEMAS;7,7;49.534592;0.181289;273565;NORMANDIE;76447;16016;76;76701;Le Havre;237578;unités urbaines de 100 000 habitants et plus;4;53;6 151;24,90%;De 200 à 300 000 entrées;non;;banlieue;222;131;68;20,5;75,3;3,4;0,9;109;4,7
155;21 632;21 461;ASS FETES LOISIRS ET ANIMATION DE MONTJEAN SUR LOIRE;16,4;47.38864;-0.8621689999999944;273631;PAYS DE LA LOIRE;49244;18356;49;49208;La Pommeraye;18356;unités urbaines de moins de 20 000 habitants et zones rurales;1;53;611;0,80%;De 20 à 30 000 entrées;non;;commune-centre;113;101;37;41,5;54,7;3,2;0,6;25;13,4
662;179 084;171 497;CINE 2000;21,9;46.338813;2.602249;274201;AUVERGNE / RHONE-ALPES;3185;36946;3;3501;Montluçon;56615;unités urbaines de 20 000 à 100 000 habitants;5;53;6 398;4,40%;De 150 à 200 000 entrées;catégorie D;;commune-centre;226;179;117;34,1;60,7;4;1,2;92;18,7
171;6 462;6 301;UNION REG FEDERATIONS OEUVRES LAIQUES AUVERGNE RHONE ALPES;49,6;45.85006;5.057372;274272;AUVERGNE / RHONE-ALPES;1262;7032;1;758;Lyon;1639558;unités urbaines de 100 000 habitants et plus;1;44;119;2,60%;De 5 à 10 000 entrées;non;;banlieue;94;71;0;70,2;18,2;7,3;4,2;49;52,4
98;6 469;6 526;CENTRE REGIONAL AUDIOVISUEL DE LORRAINE;44,8;49.519626;5.363556;274502;GRAND EST;55351;2199;55;55103;Montmédy;2199;unités urbaines de moins de 20 000 habitants et zones rurales;1;47;455;-0,90%;De 5 à 10 000 entrées;catégorie E;;commune isolée;155;121;2;54,6;29,4;6,3;9,7;73;39,7
158;11 014;11 595;;66,9;45.500407;6.048642;274543;AUVERGNE / RHONE-ALPES;73171;4112;73;73202;Montmélian;6849;unités urbaines de moins de 20 000 habitants et zones rurales;1;48;314;-5,00%;De 10 à 20 000 entrées;catégorie E;;commune-centre;148;115;0;68,3;17,7;10,1;3,9;100;68,3
288;14 443;13 629;AMNESIA CORP;17,3;48.873643;3.534231;274603;GRAND EST;51380;3643;51;51111;Montmirail;3643;unités urbaines de moins de 20 000 habitants et zones rurales;2;52;1 478;6,00%;De 10 à 20 000 entrées;non;;commune isolée;196;174;27;33,7;62;4;0,2;71;13,4
92;4 414;3 826;LES BONIMENTEURS;41,3;45.396196;0.130119;274682;NOUVELLE AQUITAINE;16230;2591;16;0;Zone rurale;14541106;unités urbaines de 100 000 habitants et plus;1;52;172;15,40%;De 2 à 5 000 entrées;catégorie E;;territoire rural;136;111;0;61,2;24,8;11,2;2,8;69;34,8
222;43 102;40 272;;51,7;48.988818;2.318091;274702;ILE-DE-FRANCE;95428;21258;95;851;Paris;10706072;petite couronne;2;53;2 369;7,00%;De 40 à 50 000 entrées;catégorie C;JPPR;banlieue;295;200;51;52;29,7;10,8;7,5;184;51,5
166;24 275;22 232;ASSOCIATION L'ETOILE;45,9;46.424909;0.870092;274732;NOUVELLE AQUITAINE;86165;6095;86;86202;Montmorillon;6095;unités urbaines de moins de 20 000 habitants et zones rurales;1;48;918;9,20%;De 20 à 30 000 entrées;catégorie E;JPPR;commune isolée;303;226;3;49,7;35,7;10,2;4,4;170;38,3
0;8 777;8 945;LE NAVIRE;74;44.794674;4.937598;274900;AUVERGNE / RHONE-ALPES;26208;1908;26;0;Zone rurale;14541106;unités urbaines de 100 000 habitants et plus;1;8;50;-1,90%;De 5 à 10 000 entrées;non;;territoire rural;44;27;1;65,1;25,6;7,8;1,5;33;70,4
1067;362 866;336 091;TRANSVERSAL FILMS;92,3;43.607742;3.880324;275201;OCCITANIE;34172;277639;34;34701;Montpellier;428909;unités urbaines de 100 000 habitants et plus;6;53;11 906;8,00%;De 300 à 450 000 entrées;catégorie A;RDJPPR;commune-centre;373;261;237;52,2;23,3;11,6;13;330;92,6
265;104 716;;UTOPIA SAINTE BERNADETTE;81;43.628684;3.868881;275205;OCCITANIE;34172;277639;34;34701;Montpellier;428909;unités urbaines de 100 000 habitants et plus;3;53;5 323;;De 100 à 150 000 entrées;catégorie A;RDJPPR;commune-centre;307;182;41;53,1;17,2;18,4;11,3;245;76,2
1113;267 857;267 692;GAUMONT;22,1;43.609061;3.880069;275273;OCCITANIE;34172;277639;34;34701;Montpellier;428909;unités urbaines de 100 000 habitants et plus;8;53;14 220;0,10%;De 200 à 300 000 entrées;non;;commune-centre;286;213;156;26,5;65,7;6,9;0,8;96;22,9
3919;1 237 182;1 232 208;GAUMONT;22,9;43.603985;3.91557;275311;OCCITANIE;34172;277639;34;34701;Montpellier;428909;unités urbaines de 100 000 habitants et plus;17;53;32 578;0,40%;De 1 à 1,5 million d'entrées;non;;commune-centre;307;233;232;25,5;68,3;4,3;1,8;86;17,9
107;23 552;23 114;;68,9;43.61435;3.828731;275334;OCCITANIE;34172;277639;34;34701;Montpellier;428909;unités urbaines de 100 000 habitants et plus;1;49;1 431;1,90%;De 20 à 30 000 entrées;catégorie A;RDJPPR;commune-centre;260;190;6;60,5;15,5;13,6;10,4;202;61,8
88;5 112;1 809;;17,3;43.624323;3.817591;275336;OCCITANIE;34172;277639;34;34701;Montpellier;428909;unités urbaines de 100 000 habitants et plus;1;47;503;182,60%;De 5 à 10 000 entrées;non;;commune-centre;91;73;0;48,4;45;4,9;1,7;16;39,7
0;15 424;16 435;;62,4;44.495224;4.20018;275460;AUVERGNE / RHONE-ALPES;7189;297;7;0;Zone rurale;14541106;unités urbaines de 100 000 habitants et plus;1;51;306;-6,20%;De 10 à 20 000 entrées;catégorie E;JP;territoire rural;169;123;2;73,3;9,1;13,6;4;115;50,4
202;3 304;3 184;ASSOCIATION MONTREDONNAISE ART ET CULTURE CINEMATOGRAPHIQUE;15,3;43.720217;2.323868;275751;OCCITANIE;81182;2036;81;0;Zone rurale;14541106;unités urbaines de 100 000 habitants et plus;1;30;85;3,80%;De 2 à 5 000 entrées;non;;territoire rural;38;31;0;48,7;45,9;5,4;0;7;17,4
200;5 979;6 821;C'EST DU CINE;37,4;43.084724;0.571254;275771;OCCITANIE;31390;2863;31;252;Montréjeau;5468;unités urbaines de moins de 20 000 habitants et zones rurales;1;51;625;-12,30%;De 5 à 10 000 entrées;catégorie E;JP;commune-centre;160;121;1;65,2;20,4;11;3,4;74;40,9
1139;358 406;331 840;;80;48.862437;2.442502;276086;ILE-DE-FRANCE;93048;106691;93;851;Paris;10706072;grande couronne;6;52;8 582;8,00%;De 300 à 450 000 entrées;catégorie C;RDJPPR;banlieue;605;349;260;49,6;28,5;11,3;10,5;478;74,6
204;4 332;5 396;ASS D'ACTION ARTISTIQUE ET DE DEV CULTUREL DU PAYS MONTREUILLOIS;50,9;50.461411;1.759867;276221;HAUTS DE FRANCE;62588;2133;62;62201;Montreuil;5014;unités urbaines de moins de 20 000 habitants et zones rurales;1;36;342;-19,70%;De 2 à 5 000 entrées;catégorie E;JP;commune-centre;128;94;0;57,6;31,4;8,2;2,8;72;55,1
195;31 039;29 041;ASSOCIATION CINEMA CANTONAL DE MONTRICHARD;43,4;47.343448;1.182804;276351;CENTRE-VAL DE LOIRE;41151;3837;41;41204;Montrichard;6854;unités urbaines de moins de 20 000 habitants et zones rurales;1;53;832;6,90%;De 30 à 40 000 entrées;catégorie E;JPPR;commune-centre;266;204;5;52,6;34,9;10,1;2,4;145;33,6
315;4 206;4 113;SA COOPERATIVE MONTRICHER ALBANNECOOP;10,4;45.22819;6.404581;276361;AUVERGNE / RHONE-ALPES;73173;477;73;0;Zone rurale;14541106;unités urbaines de 100 000 habitants et plus;1;27;221;2,30%;De 2 à 5 000 entrées;non;;territoire rural;85;71;24;41,5;52,2;5,6;0,6;10;6,7
162;22 303;19 504;INSTITUT DE FORMATION D'ANIMATION ET DE CONSEIL;57,7;48.813222;2.311441;276554;ILE-DE-FRANCE;92049;48991;92;851;Paris;10706072;grande couronne;1;47;648;14,40%;De 20 à 30 000 entrées;catégorie C;JP;banlieue;148;117;0;63,1;19,2;12,4;5,4;92;60,9
278;21 417;20 815;VILLE DE MONT SAINT AIGNAN;78,8;49.462477;1.070892;276712;NORMANDIE;76451;19209;76;755;Rouen;467133;unités urbaines de 100 000 habitants et plus;1;47;930;2,90%;De 20 à 30 000 entrées;catégorie C;JPPR;banlieue;177;88;0;58,1;14,6;15;12,3;153;73,4
290;8 109;7 393;ASSOCIATION CINEMA LE MAJESTIC;21,8;48.136733;-0.555009;277201;PAYS DE LA LOIRE;53161;2561;53;53101;Montsûrs;2561;unités urbaines de moins de 20 000 habitants et zones rurales;1;47;275;9,70%;De 5 à 10 000 entrées;non;;commune isolée;138;112;3;59,2;33,9;6,8;0,1;38;27
291;6 126;6 122;DAVOINE ET COMPAGNIE;20,5;45.62746;6.848058;277331;AUVERGNE / RHONE-ALPES;73176;695;73;0;Zone rurale;14541106;unités urbaines de 100 000 habitants et plus;2;31;585;0,10%;De 5 à 10 000 entrées;non;;territoire rural;148;119;6;40,7;53,2;5,1;1,1;44;16,2
441;12 935;11 339;ASSOCIATION CINE LOISIRS;26,8;44.033295;-0.911916;277721;NOUVELLE AQUITAINE;40197;4415;40;40107;Morcenx;4415;unités urbaines de moins de 20 000 habitants et zones rurales;1;53;676;14,10%;De 10 à 20 000 entrées;catégorie E;JP;commune isolée;205;178;65;44,7;48,9;6;0,4;69;25,2
161;26 579;23 556;DEFRANCE GILBERT ALPHONSE ALEXANDRE;27,3;45.676633;5.469622;277851;AUVERGNE / RHONE-ALPES;38261;4364;38;38302;Morestel;16051;unités urbaines de moins de 20 000 habitants et zones rurales;1;52;740;12,80%;De 20 à 30 000 entrées;catégorie E;JP;commune-centre;165;134;4;42,4;49;5,4;3,3;67;26,8
0;5 977;7 556;FEDERATION DEPARTEMENTALE DES MJC DE LA SOMME;52,6;49.780148;2.47974;277893;HAUTS DE FRANCE;80570;4007;80;80117;Moreuil;4516;unités urbaines de moins de 20 000 habitants et zones rurales;1;38;171;-20,90%;De 5 à 10 000 entrées;catégorie E;;commune-centre;67;49;0;53;17;28,7;1,4;39;65,7
308;10 642;14 261;SOCIETE D'EXPLOITATION DE SPECTACLES;22;46.523212;6.020616;277940;BOURGOGNE / FRANCHE-COMTE;39368;5391;39;39202;Morez;7715;unités urbaines de moins de 20 000 habitants et zones rurales;2;35;830;-25,40%;De 10 à 20 000 entrées;catégorie E;;commune-centre;146;121;25;45,1;47,7;4,7;2,5;51;30,7
697;85 435;77 472;CINEMAS RIALTO;14,7;48.575673;-3.827938;278231;BRETAGNE;29151;14830;29;29403;Morlaix;25437;unités urbaines de 20 000 à 100 000 habitants;3;53;3 528;10,30%;De 80 à 100 000 entrées;non;;commune-centre;109;89;65;33;64,3;2,7;0;19;15,5
146;30 495;28 733;LA SALAMANDRE;89,3;48.589341;-3.817369;278241;BRETAGNE;29151;14830;29;29403;Morlaix;25437;unités urbaines de 20 000 à 100 000 habitants;1;49;1 137;6,10%;De 30 à 40 000 entrées;catégorie D;RDJPPR;commune-centre;156;107;19;58,5;16,4;16,6;8,5;146;84,9
298;34 968;30 482;COMMUNAUTE DE COMMUNES DU PAYS MORNANTAIS;57,2;45.616568;4.675055;278432;AUVERGNE / RHONE-ALPES;69141;5582;69;69205;Mornant;5582;unités urbaines de moins de 20 000 habitants et zones rurales;1;49;808;14,70%;De 30 à 40 000 entrées;catégorie E;RDJPPR;commune-centre;206;137;0;64;22,4;9,2;4,3;133;57,4
146;33 770;35 047;AEP ETOILE CINEMA MORTAGNE AU PERCHE;43,2;48.520588;0.545946;278721;NORMANDIE;61293;3929;61;61201;Mortagne-au-Perche;4844;unités urbaines de moins de 20 000 habitants et zones rurales;1;48;1 015;-3,60%;De 30 à 40 000 entrées;catégorie E;RDJPPR;commune-centre;199;148;24;43,7;45,5;7,3;3,6;111;38,2
120;18 367;17 496;COMMUNAUTE DE COMMUNES DU VAL DE MORTEAU;11,5;47.056013;6.605836;278802;BOURGOGNE / FRANCHE-COMTE;25411;6849;25;25204;Morteau;9904;unités urbaines de moins de 20 000 habitants et zones rurales;1;47;738;5,00%;De 10 à 20 000 entrées;non;;commune-centre;101;82;7;38,6;53,5;7,5;0,4;16;17,7
340;12 051;9 846;MAISON DES JEUNES ET DE LA CULTURE DE MORTEAU;84,5;47.05651;6.604743;278805;BOURGOGNE / FRANCHE-COMTE;25411;6849;25;25204;Morteau;9904;unités urbaines de moins de 20 000 habitants et zones rurales;1;45;322;22,40%;De 10 à 20 000 entrées;catégorie E;;commune-centre;94;68;1;60,5;19,9;15;4,5;79;80,3
288;10 536;11 756;BAUCINE;16,4;46.179604;6.706652;279184;AUVERGNE / RHONE-ALPES;74191;2870;74;74114;Morzine;4604;unités urbaines de moins de 20 000 habitants et zones rurales;1;32;384;-10,40%;De 10 à 20 000 entrées;non;;commune-centre;93;74;46;38,3;56,3;5,2;0,2;15;10,4
261;14 822;;CINEMONDE;10,3;46.190882;6.776907;279192;AUVERGNE / RHONE-ALPES;74191;2870;74;74114;Morzine;4604;unités urbaines de moins de 20 000 habitants et zones rurales;1;27;358;;De 10 à 20 000 entrées;non;;commune-centre;76;64;42;48,2;47,6;4,3;0;8;9,5
200;1 712;1 026;ABC CINEMA SARL;12,5;43.620396;6.969027;279662;PROVENCE-ALPES-COTE D'AZUR;6084;9510;6;6701;Nice;943354;unités urbaines de 100 000 habitants et plus;1;8;8;66,90%;Moins de 2000 entrées;non;;banlieue;8;7;0;0;100;0;0;1;7,2
847;355 983;330 287;;26,4;43.617882;6.97286;279663;PROVENCE-ALPES-COTE D'AZUR;6084;9510;6;6701;Nice;943354;unités urbaines de 100 000 habitants et plus;5;53;8 441;7,80%;De 300 à 450 000 entrées;catégorie C;RD;banlieue;260;204;119;28,8;66;4,2;1;139;19,7
1118;214 209;202 501;;26,2;46.56427;3.339458;280653;AUVERGNE / RHONE-ALPES;3190;19697;3;3401;Moulins;38277;unités urbaines de 20 000 à 100 000 habitants;9;53;18 043;5,80%;De 200 à 300 000 entrées;catégorie D;RDJPPR;commune-centre;378;279;164;38,9;54,5;4,9;1,7;204;20,5
238;19 764;20 042;ASSOCIATION GRAND ECRAN;45,8;43.369451;-0.629102;280894;NOUVELLE AQUITAINE;64410;6536;64;64302;Mourenx;14531;unités urbaines de moins de 20 000 habitants et zones rurales;2;53;2 991;-1,40%;De 10 à 20 000 entrées;catégorie E;RDJPPR;commune-centre;304;244;26;45,2;37,5;12,1;5,2;192;40,6
263;16 543;16 039;LES AMIS DU CINEMA;24,6;45.483587;6.527476;281723;AUVERGNE / RHONE-ALPES;73181;3607;73;73110;Moûtiers;4612;unités urbaines de moins de 20 000 habitants et zones rurales;2;53;1 168;3,10%;De 10 à 20 000 entrées;catégorie E;;commune-centre;208;168;19;40,3;50,7;5,9;3,1;89;27,3
200;30 555;28 736;CINE LIGUE CHAMPAGNE ARDENNE;58,1;49.582217;5.079352;282092;GRAND EST;8311;2356;8;8102;Mouzon;2356;unités urbaines de moins de 20 000 habitants et zones rurales;1;46;609;6,30%;De 30 à 40 000 entrées;catégorie E;JP;commune isolée;95;51;2;55;19,2;18,7;7,1;69;58,4
192;9 596;9 626;ASSOCIATION ENTRACTE;50,4;43.750527;-0.749807;282411;NOUVELLE AQUITAINE;40201;1456;40;0;Zone rurale;14541106;unités urbaines de 100 000 habitants et plus;1;52;709;-0,30%;De 5 à 10 000 entrées;catégorie E;RDJP;territoire rural;263;214;9;54,5;25;14,5;6;152;49,3
126;33 605;31 028;ASSOCIATION DU CINEMA BEL AIR DE MULHOUSE;88,5;47.733763;7.30706;282583;GRAND EST;68224;110370;68;68701;Mulhouse;246511;unités urbaines de 100 000 habitants et plus;1;50;1 654;8,30%;De 30 à 40 000 entrées;catégorie A;RDJPPR;commune-centre;232;114;46;49,2;9,2;23,9;17,8;182;78,2
4533;564 824;546 793;;16,5;47.760377;7.351564;282631;GRAND EST;68224;110370;68;68701;Mulhouse;246511;unités urbaines de 100 000 habitants et plus;14;53;23 024;3,30%;De 450 à 700 000 entrées;non;;commune-centre;361;265;237;19,6;73,6;5;1,7;73;10,4
854;118 066;110 992;LES ECRANS DE MULHOUSE;48,3;47.755602;7.334726;282651;GRAND EST;68224;110370;68;68701;Mulhouse;246511;unités urbaines de 100 000 habitants et plus;8;53;12 232;6,40%;De 100 à 150 000 entrées;non;;commune-centre;223;157;149;46,5;42,6;9,4;1,5;131;48,6
252;10;5 329;CINEAMBUL 72;0;47.913307;0.246735;282731;PAYS DE LA LOIRE;72213;5088;72;72117;Mulsanne;5088;unités urbaines de moins de 20 000 habitants et zones rurales;1;1;2;-99,80%;Moins de 2000 entrées;catégorie E;;commune isolée;2;0;0;0;100;0;0;0;0
247;25 293;22 041;SARL CINEMA FLORIVAL;38,6;48.03997;7.14025;282842;GRAND EST;68226;4603;68;68302;Munster;11780;unités urbaines de moins de 20 000 habitants et zones rurales;1;52;653;14,80%;De 20 à 30 000 entrées;catégorie E;JP;commune-centre;206;135;1;52,6;29,9;13,8;3,7;100;43,2
252;2 787;2 815;;33,3;48.101851;7.468382;282860;GRAND EST;68227;1192;68;0;Zone rurale;14541106;unités urbaines de 100 000 habitants et plus;1;34;51;-1,00%;De 2 à 5 000 entrées;non;;territoire rural;35;24;0;33,9;55,1;11;0;13;41,1
100;9 603;8 375;VILLE DE MURAT;43,3;45.110108;2.86664;282922;AUVERGNE / RHONE-ALPES;15138;1951;15;15101;Murat;1951;unités urbaines de moins de 20 000 habitants et zones rurales;1;48;575;14,70%;De 5 à 10 000 entrées;catégorie E;JP;commune isolée;202;160;1;52,2;37,5;8,2;2,1;105;39
94;2 759;2 994;;39,2;44.844783;2.659612;282999;OCCITANIE;12164;785;12;0;Zone rurale;14541106;unités urbaines de 100 000 habitants et plus;1;52;171;-7,80%;De 2 à 5 000 entrées;catégorie E;;territoire rural;147;124;0;57,1;25,9;16,3;0,7;64;34,5
360;41 982;36 848;ASSOCIATION DE DIFFUSION CULTURELLE DES MUREAUX;33;48.993874;1.910246;283043;ILE-DE-FRANCE;78440;32048;78;851;Paris;10706072;petite couronne;2;51;2 361;13,90%;De 40 à 50 000 entrées;catégorie C;JP;banlieue;231;175;8;37,9;49,7;5;7,3;109;37,5
505;35 061;31 398;LA MURE CINEMA THEATRE;41;44.901927;5.786028;283051;AUVERGNE / RHONE-ALPES;38269;4992;38;38204;La Mure;6587;unités urbaines de moins de 20 000 habitants et zones rurales;2;52;1 922;11,70%;De 30 à 40 000 entrées;catégorie E;RDJPPR;commune-centre;254;191;6;47,3;40,6;7,5;4,6;140;37,6
1041;532 916;511 060;;30,9;43.465865;1.326927;283105;OCCITANIE;31395;25264;31;31701;Toulouse;948433;unités urbaines de 100 000 habitants et plus;8;53;13 757;4,30%;De 450 à 700 000 entrées;catégorie C;RDJPPR;banlieue;470;283;161;32,6;61,5;4,4;1,5;275;19,2
141;14 854;15 620;;36,4;45.034377;0.364624;283412;NOUVELLE AQUITAINE;24299;2730;24;24204;Mussidan;7146;unités urbaines de moins de 20 000 habitants et zones rurales;1;52;693;-4,90%;De 10 à 20 000 entrées;catégorie E;JP;commune-centre;218;177;0;56,1;33,6;8,6;1,7;92;33,3
226;4 719;4 541;VILLE DE MUTZIG;62,2;48.536154;7.453136;283523;GRAND EST;67313;5926;67;67401;Molsheim;26662;unités urbaines de 20 000 à 100 000 habitants;1;52;275;3,90%;De 2 à 5 000 entrées;catégorie D;;commune-centre;173;123;7;53,8;16,7;23,5;6;123;65,4
186;15 464;14 354;ASSOCIATION GROUPE JEANNE D'ARC;27,5;47.555803;-2.484734;283551;BRETAGNE;56143;4988;56;56116;Muzillac;4988;unités urbaines de moins de 20 000 habitants et zones rurales;1;53;451;7,70%;De 10 à 20 000 entrées;catégorie E;;commune isolée;185;159;12;51,9;41;6,5;0,6;65;26,6
1046;213 917;202 055;PARAFRANCE COMMUNICATION;29,8;48.689694;6.178976;284111;GRAND EST;54395;105162;54;54701;Nancy;285659;unités urbaines de 100 000 habitants et plus;8;53;15 495;5,90%;De 200 à 300 000 entrées;non;;commune-centre;225;137;133;38,6;55,4;5,1;0,9;94;27,3
1062;133 284;124 755;UGC SAS;87,1;48.689045;6.178729;284113;GRAND EST;54395;105162;54;54701;Nancy;285659;unités urbaines de 100 000 habitants et plus;4;53;6 672;6,80%;De 100 à 150 000 entrées;catégorie A;RDJPPR;commune-centre;228;175;120;46;28,1;10,1;15,8;196;88,3
450;122 058;117 864;EOLE CINE;94,5;48.687007;6.172177;284121;GRAND EST;54395;105162;54;54701;Nancy;285659;unités urbaines de 100 000 habitants et plus;4;53;6 928;3,60%;De 100 à 150 000 entrées;catégorie A;RDJPPR;commune-centre;279;202;141;60;11,2;21,3;7,5;263;92,5
163;137;509;ASSOCIATION LORRAINE DE FORMATION ET DE RECHERCHE EN ACTION SOCI;100;48.704545;6.157804;284155;GRAND EST;54395;105162;54;54701;Nancy;285659;unités urbaines de 100 000 habitants et plus;1;5;5;-73,10%;Moins de 2000 entrées;non;;commune-centre;5;0;0;62,8;0;29,2;8;5;100
2644;668 994;667 861;;14,9;48.691512;6.195241;284207;GRAND EST;54395;105162;54;54701;Nancy;285659;unités urbaines de 100 000 habitants et plus;10;53;17 144;0,20%;De 450 à 700 000 entrées;non;;commune-centre;252;184;176;24,4;70,3;4,3;1,1;36;11,7
132;11 006;10 149;;40,4;48.555127;3.0133;284362;ILE-DE-FRANCE;77327;8593;77;77208;Nangis;8593;petite couronne;1;44;549;8,40%;De 10 à 20 000 entrées;catégorie E;JPPR;commune isolée;150;108;0;38,8;42,1;15,4;3,6;68;40,6
660;136 728;130 246;SOCIETE D'ECO MIXTE D'AMENAGEMENT GESTION DE LA VILLE DE NANTERR;47,4;48.892601;2.195729;284490;ILE-DE-FRANCE;92050;93742;92;851;Paris;10706072;grande couronne;4;53;6 812;5,00%;De 100 à 150 000 entrées;catégorie C;RDJPPR;banlieue;304;188;92;36;50,1;7,8;6,1;198;41,2
1875;613 624;578 420;GAUMONT;38,1;47.213357;-1.558244;284613;PAYS DE LA LOIRE;44109;303382;44;44701;Nantes;633690;unités urbaines de 100 000 habitants et plus;12;53;22 546;6,10%;De 450 à 700 000 entrées;non;;commune-centre;305;203;183;39,5;51,4;6,2;2,9;123;34,4
881;265 365;240 995;SOCIETE K;93,7;47.213603;-1.562528;284631;PAYS DE LA LOIRE;44109;303382;44;44701;Nantes;633690;unités urbaines de 100 000 habitants et plus;6;53;10 030;10,10%;De 200 à 300 000 entrées;catégorie A;RDJPPR;commune-centre;405;209;183;48,4;19,2;17;15,4;329;91
287;121 010;112 192;CLOCHARD GERARD JACQUES;73;47.21118;-1.586751;284662;PAYS DE LA LOIRE;44109;303382;44;44701;Nantes;633690;unités urbaines de 100 000 habitants et plus;4;50;6 125;7,90%;De 100 à 150 000 entrées;catégorie A;RDJP;commune-centre;367;286;79;57,8;17,7;14,1;10,3;280;69,5
341;24 204;26 217;ASSOCIATION SPORTIVE ET CULTURELLE BONNE GARDE;66,8;47.195308;-1.538372;284694;PAYS DE LA LOIRE;44109;303382;44;44701;Nantes;633690;unités urbaines de 100 000 habitants et plus;1;47;584;-7,70%;De 20 à 30 000 entrées;catégorie A;RDJPPR;commune-centre;276;187;2;58,9;19,1;13,3;8,7;200;57,9
162;52 566;53 875;;73,7;47.216901;-1.551545;284747;PAYS DE LA LOIRE;44109;303382;44;44701;Nantes;633690;unités urbaines de 100 000 habitants et plus;1;50;1 253;-2,40%;De 50 à 80 000 entrées;catégorie A;RDJPPR;commune-centre;330;24;4;34;40,6;15,2;10,3;291;69,7
298;25 471;23 929;P SERIGNAT ET COMPAGNIE;37,1;46.153678;5.603874;285872;AUVERGNE / RHONE-ALPES;1269;3525;1;1123;Nantua;4160;unités urbaines de moins de 20 000 habitants et zones rurales;1;48;1 201;6,40%;De 20 à 30 000 entrées;catégorie E;RDJPPR;commune-centre;276;199;9;41,5;48,5;7,9;2,1;153;29,6
1258;364 014;351 200;SOCIETE NARBONNAISE DE SPECTACLES;16,3;43.163076;2.984491;285966;OCCITANIE;11262;53462;11;11502;Narbonne;53462;unités urbaines de 20 000 à 100 000 habitants;9;53;17 773;3,60%;De 300 à 450 000 entrées;non;;commune isolée;225;182;174;29,8;65,3;4;0,9;41;13
260;27 945;27 097;REGAIN;83,7;43.180232;3.014167;285975;OCCITANIE;11262;53462;11;11502;Narbonne;53462;unités urbaines de 20 000 à 100 000 habitants;1;47;602;3,10%;De 20 à 30 000 entrées;catégorie D;RDJP;commune isolée;171;110;13;61,4;13,8;12,6;12,3;156;81,5
507;38 735;35 808;LES MELIES;12,6;48.265654;2.695374;286831;ILE-DE-FRANCE;77333;13358;77;77401;Nemours;21380;petite couronne;3;53;2 632;8,20%;De 30 à 40 000 entrées;non;;commune-centre;165;110;47;24;66;6,8;3,2;82;16,3
236;17 759;16 816;ASSOCIATION POUR LA PROMOTION DU CINEMA EN ALBRET;50,4;44.13533;0.339366;286912;NOUVELLE AQUITAINE;47195;6969;47;47301;Nérac;11723;unités urbaines de moins de 20 000 habitants et zones rurales;1;51;571;5,60%;De 10 à 20 000 entrées;catégorie E;JPPR;commune-centre;226;168;2;50,4;35,6;10,5;3,5;134;48,1
405;45 978;43 282;;21,8;49.148993;0.902155;287391;NORMANDIE;27428;4099;27;27201;Le Neubourg;5244;unités urbaines de moins de 20 000 habitants et zones rurales;1;51;1 204;6,20%;De 40 à 50 000 entrées;non;;commune-centre;134;103;41;47,9;48,7;2,6;0,8;47;17,9
385;93 432;45 808;LES ECRANS DE NEUFCHATEAU;21,7;48.353974;5.695801;287452;GRAND EST;88321;6615;88;88204;Neufchâteau;6615;unités urbaines de moins de 20 000 habitants et zones rurales;3;53;4 051;104,00%;De 80 à 100 000 entrées;non;;commune isolée;228;186;113;44,7;51,7;2,9;0,6;86;16
332;22 708;23 761;AMIS DU CINEMA 2001 - 2002;16,6;50.632496;1.578876;287462;HAUTS DE FRANCE;62604;3750;62;62207;Neufchâtel-Hardelot;7249;unités urbaines de moins de 20 000 habitants et zones rurales;2;51;1 897;-4,40%;De 20 à 30 000 entrées;non;;commune-centre;112;96;14;48,7;42,7;8,5;0,2;24;15,2
227;26 900;24 066;ASSOCIATION CINE POUR TOUS;27;49.730796;1.442643;287472;NORMANDIE;76462;4728;76;76203;Neufchâtel-en-Bray;5179;unités urbaines de moins de 20 000 habitants et zones rurales;1;48;574;11,80%;De 20 à 30 000 entrées;catégorie E;;commune-centre;168;132;1;40,9;50,7;5,2;3,2;66;27,6
146;25 428;21 985;VILLE DE NEUILLY  PLAISANCE;53,9;48.87311;2.510505;288024;ILE-DE-FRANCE;93049;21165;93;851;Paris;10706072;grande couronne;1;48;1 134;15,70%;De 20 à 30 000 entrées;catégorie C;JPPR;banlieue;224;158;0;60,4;21,5;11,6;6,6;139;51,6
500;84 931;67 065;PARAFRANCE COMMUNICATION;42,7;48.885364;2.268222;288151;ILE-DE-FRANCE;92051;60910;92;851;Paris;10706072;grande couronne;2;53;2 429;26,60%;De 80 à 100 000 entrées;non;;banlieue;126;86;31;59,3;27,4;9,8;3,6;66;42,8
100;28 709;25 036;AGENCE POUR DEVELOPPEMENT ACTIVITES TOURISTIQUES ET CULTURELLES;46,1;47.940501;2.182716;288291;CENTRE-VAL DE LOIRE;45142;3691;45;45202;Fay-aux-Loges;6432;unités urbaines de moins de 20 000 habitants et zones rurales;1;45;1 051;14,70%;De 20 à 30 000 entrées;catégorie E;JPPR;commune-centre;97;54;1;63,4;25,8;4,8;6;60;47,3
144;6 619;7 062;LE PRE BOURGES;34,3;45.38274;2.272379;288571;NOUVELLE AQUITAINE;19148;1689;19;0;Zone rurale;14541106;unités urbaines de 100 000 habitants et plus;1;47;414;-6,30%;De 5 à 10 000 entrées;catégorie E;;territoire rural;237;193;0;39,8;45,3;11,3;3,5;106;37,7
134;10 747;10 955;ASSOCIATION RENCONTRES CULTURELLES;46,5;46.68787;0.246293;288922;NOUVELLE AQUITAINE;86177;5352;86;86115;Neuville-de-Poitou;5352;unités urbaines de moins de 20 000 habitants et zones rurales;1;45;269;-1,90%;De 10 à 20 000 entrées;catégorie E;;commune isolée;115;88;0;79;8,9;10,1;2;60;43,5
269;45 974;41 900;REX CINEMA;30,8;45.87473;4.841744;289344;AUVERGNE / RHONE-ALPES;69143;7376;69;758;Lyon;1639558;unités urbaines de 100 000 habitants et plus;2;53;1 946;9,70%;De 40 à 50 000 entrées;catégorie C;JP;banlieue;155;115;40;46,6;44,3;6,1;3;73;30,8
1816;334 960;322 051;ETABLISSEMENTS IMBERDIS;24,6;46.989632;3.150328;289783;BOURGOGNE / FRANCHE-COMTE;58194;34228;58;58501;Nevers;58395;unités urbaines de 20 000 à 100 000 habitants;10;53;16 350;4,00%;De 300 à 450 000 entrées;catégorie D;RDJP;commune-centre;346;270;189;35,1;59,1;4,5;1,3;175;18,7
703;113 700;114 343;CINEMA RIALTO;97,4;43.696032;7.258586;290022;PROVENCE-ALPES-COTE D'AZUR;6088;342522;6;6701;Nice;943354;unités urbaines de 100 000 habitants et plus;5;53;9 198;-0,60%;De 100 à 150 000 entrées;catégorie A;RD;commune-centre;195;158;145;52,3;16,1;14,6;17;186;97,9
1108;132 243;135 795;CINEMA CASINO DES VARIETES;17,2;43.699902;7.26609;290032;PROVENCE-ALPES-COTE D'AZUR;6088;342522;6;6701;Nice;943354;unités urbaines de 100 000 habitants et plus;7;53;12 680;-2,60%;De 100 à 150 000 entrées;non;;commune-centre;142;126;124;39,6;52,9;6,6;0,8;21;20,4
1366;333 276;342 912;GAUMONT;50,2;43.702059;7.266941;290044;PROVENCE-ALPES-COTE D'AZUR;6088;342522;6;6701;Nice;943354;unités urbaines de 100 000 habitants et plus;7;53;13 793;-2,80%;De 300 à 450 000 entrées;non;;commune-centre;200;148;130;47,7;40,5;8;3,9;89;43,9
149;11 022;10 069;ASSOCIATION ESPACE MAGNAN;54,6;43.692782;7.245773;290063;PROVENCE-ALPES-COTE D'AZUR;6088;342522;6;6701;Nice;943354;unités urbaines de 100 000 habitants et plus;1;21;152;9,50%;De 10 à 20 000 entrées;non;;commune-centre;41;7;0;30,8;11,5;52,1;5,6;29;48
154;73 409;74 173;DEPARTEMENT DES ALPES MARITIMES;69,8;43.700772;7.280789;290093;PROVENCE-ALPES-COTE D'AZUR;6088;342522;6;6701;Nice;943354;unités urbaines de 100 000 habitants et plus;3;47;4 648;-1,00%;De 50 à 80 000 entrées;catégorie A;RDJP;commune-centre;522;391;108;66,6;11;13,6;8,8;362;63,8
2816;875 469;928 495;EUROPALACES NICE BOULOGNE;14,5;43.671643;7.203332;290191;PROVENCE-ALPES-COTE D'AZUR;6088;342522;6;6701;Nice;943354;unités urbaines de 100 000 habitants et plus;13;53;25 983;-5,70%;De 700 000 à 1 million d'entrées;non;;commune-centre;259;194;190;23,1;71,6;4,7;0,6;48;12,3
979;26 535;93 268;LES CINEMAS PATHE GAUMONT;18,2;43.704136;7.266397;290363;PROVENCE-ALPES-COTE D'AZUR;6088;342522;6;6701;Nice;943354;unités urbaines de 100 000 habitants et plus;5;24;3 366;-71,50%;De 20 à 30 000 entrées;non;;commune-centre;99;67;6;55,2;30,5;9,7;4,6;16;18,4
1537;620 831;384 499;;15,5;43.709724;7.261413;290388;PROVENCE-ALPES-COTE D'AZUR;6088;342522;6;6701;Nice;943354;unités urbaines de 100 000 habitants et plus;9;53;18 363;61,50%;De 450 à 700 000 entrées;non;;commune-centre;220;157;123;23,4;71,6;4,1;0,8;57;15,5
464;6 200;35 592;FORUM KINEPOLIS;2,7;43.837841;4.362383;290933;OCCITANIE;30189;150672;30;30601;Nîmes;184750;unités urbaines de 100 000 habitants et plus;4;11;1 239;-82,60%;De 5 à 10 000 entrées;non;;commune-centre;29;15;10;36,4;59,9;3,3;0,4;4;7,5
571;215 706;198 186;LE SEMAPHORE;87,7;43.833909;4.357425;290975;OCCITANIE;30189;150672;30;30601;Nîmes;184750;unités urbaines de 100 000 habitants et plus;6;53;11 137;8,80%;De 200 à 300 000 entrées;catégorie B;RDJPPR;commune-centre;442;259;208;56,7;18;15;10,3;385;85,8
2928;659 381;662 687;FORUM KINEPOLIS;15;43.814338;4.367462;291014;OCCITANIE;30189;150672;30;30601;Nîmes;184750;unités urbaines de 100 000 habitants et plus;12;53;19 882;-0,50%;De 450 à 700 000 entrées;non;;commune-centre;288;210;201;25,2;69,5;4,3;1;44;10,9
1604;259 567;232 482;;13,8;43.856426;4.403645;291027;OCCITANIE;30189;150672;30;30601;Nîmes;184750;unités urbaines de 100 000 habitants et plus;10;53;20 024;11,70%;De 200 à 300 000 entrées;non;;commune-centre;213;165;159;25,4;69,7;4;0,9;33;13
893;50 440;53 191;LE MOULIN DU ROC SCENE NATIONALE A NIORT;90,7;46.326112;-0.468239;291114;NOUVELLE AQUITAINE;79191;58952;79;79501;Niort;72991;unités urbaines de 20 000 à 100 000 habitants;2;49;1 803;-5,20%;De 50 à 80 000 entrées;catégorie D;RDJPPR;commune-centre;147;89;45;67,8;4,3;13,8;14,1;138;87
2052;462 714;443 248;HELLUCHA;18,8;46.337524;-0.481854;291144;NOUVELLE AQUITAINE;79191;58952;79;79501;Niort;72991;unités urbaines de 20 000 à 100 000 habitants;12;53;23 453;4,40%;De 450 à 700 000 entrées;non;;commune-centre;298;232;216;34,6;60,3;4,1;1;80;16,7
296;14 994;13 828;CULTURE LOISIRS ANIMATION NOGARO;47,1;43.758956;-0.034329;291731;OCCITANIE;32296;1980;32;0;Zone rurale;14541106;unités urbaines de 100 000 habitants et plus;1;52;346;8,40%;De 10 à 20 000 entrées;catégorie E;JP;territoire rural;247;200;18;46,2;42,8;9;1,9;127;40,8
481;73 590;73 286;IMAGE A L'APPUI;31,1;48.322377;0.818153;291822;CENTRE-VAL DE LOIRE;28280;9956;28;28301;Nogent-le-Rotrou;11158;unités urbaines de moins de 20 000 habitants et zones rurales;3;53;3 149;0,40%;De 50 à 80 000 entrées;catégorie E;RDJPPR;commune-centre;244;183;65;44,4;48,9;4,3;2,3;128;21
815;228 152;201 231;UGC;37,4;48.838331;2.489437;291891;ILE-DE-FRANCE;94052;31550;94;851;Paris;10706072;grande couronne;6;53;9 435;13,40%;De 200 à 300 000 entrées;catégorie C;RDJP;banlieue;346;242;154;40,1;50,4;6,6;2,8;192;33,8
228;26 993;24 176;OFFICE DE GESTION D'EQUIPEMENTS CULTURELS DE NOGENT-SUR-SEINE;21,6;48.489946;3.505014;291964;GRAND EST;10268;5965;10;10202;Nogent-sur-Seine;5965;unités urbaines de moins de 20 000 habitants et zones rurales;2;53;1 605;11,70%;De 20 à 30 000 entrées;catégorie E;JP;commune isolée;246;207;48;35,3;56,1;6,3;2,2;98;21
181;10 941;9 465;AEP ARTS ET THEATRE;30,7;45.8173155;3.7672235;292201;AUVERGNE / RHONE-ALPES;42159;1611;42;0;Zone rurale;14541106;unités urbaines de 100 000 habitants et plus;1;52;293;15,60%;De 10 à 20 000 entrées;non;;territoire rural;113;87;0;61,5;32,8;4,7;1,1;46;33,7
500;54 624;49 778;CINEMAS MIMOSAS;35,3;47.004998;-2.240623;292231;PAYS DE LA LOIRE;85163;4666;85;85131;Noirmoutier-en-l'Île;4666;unités urbaines de moins de 20 000 habitants et zones rurales;2;51;1 373;9,70%;De 50 à 80 000 entrées;catégorie E;;commune isolée;195;166;48;43,4;42,4;9,9;4,3;83;32
346;30 950;40 569;LA FERME DU BUISSON;83,3;48.84468;2.624254;292341;ILE-DE-FRANCE;77337;15627;77;851;Paris;10706072;petite couronne;2;46;1 127;-23,70%;De 30 à 40 000 entrées;catégorie C;RDJPPR;banlieue;174;127;5;57,8;22,7;11,6;7,9;148;70,8
1797;455 436;456 989;UGC SAS;27,7;48.840097;2.547002;292374;ILE-DE-FRANCE;93051;66213;93;851;Paris;10706072;grande couronne;10;53;20 672;-0,30%;De 450 à 700 000 entrées;non;;banlieue;260;175;172;30,3;64,2;4,6;1;110;19,7
416;125 947;114 019;;70,2;48.849023;2.552482;292377;ILE-DE-FRANCE;93051;66213;93;851;Paris;10706072;grande couronne;3;53;5 391;10,50%;De 100 à 150 000 entrées;catégorie C;RDJPPR;banlieue;254;159;68;44,9;30,3;13,9;10,9;203;62,8
169;21 877;20 498;VILLE DE NONTRON;44;45.523215;0.659963;292782;NOUVELLE AQUITAINE;24311;3121;24;24109;Nontron;3923;unités urbaines de moins de 20 000 habitants et zones rurales;1;53;969;6,70%;De 20 à 30 000 entrées;catégorie E;JP;commune-centre;281;228;4;51,1;37,8;9;2,1;153;40,8
230;24 726;23 930;ASSOCIATION CINEMA PARADISO;40,2;47.441735;-1.502661;293121;PAYS DE LA LOIRE;44110;8539;44;44209;Nort-sur-Erdre;8539;unités urbaines de moins de 20 000 habitants et zones rurales;1;52;423;3,30%;De 20 à 30 000 entrées;catégorie E;JP;commune isolée;207;166;1;53,2;33,1;10;3,7;97;38,8
657;43 434;42 704;ASSOCIATION GRAVENCHONNAISE POUR L'ANIMATION CULTURELLE;18,6;49.491272;0.575902;293392;NORMANDIE;76476;9743;76;76402;Lillebonne;21641;unités urbaines de 20 000 à 100 000 habitants;3;52;2 186;1,70%;De 40 à 50 000 entrées;non;;commune-centre;192;162;42;22,8;73,5;3,3;0,4;89;12
400;7 993;6 730;PATRONAGE NOTRE DAME DE MONTS;13,6;46.829294;-2.137105;293531;PAYS DE LA LOIRE;85164;2029;85;85301;Saint-Jean-de-Monts;12838;unités urbaines de moins de 20 000 habitants et zones rurales;1;36;331;18,80%;De 5 à 10 000 entrées;non;;banlieue;103;94;9;35,8;57,7;4,7;1,7;26;8,7
500;2 698;2 675;CINE-OFF;40,7;47.448213;0.694335;293630;CENTRE-VAL DE LOIRE;37172;4045;37;37701;Tours;353042;unités urbaines de 100 000 habitants et plus;1;18;27;0,90%;De 2 à 5 000 entrées;non;;banlieue;24;16;0;77,6;13,8;8,6;0;10;49,1
200;5 668;5 006;UNION POUR LA CULTURE POPULAIRE SOLOGNE;38,8;47.535458;2.042446;293801;CENTRE-VAL DE LOIRE;41161;2330;41;41104;Nouan-le-Fuzelier;2330;unités urbaines de moins de 20 000 habitants et zones rurales;1;27;152;13,20%;De 5 à 10 000 entrées;non;;commune isolée;13;9;0;95,3;0,8;0;3,9;6;31,7
161;4 580;4 053;;54,8;43.875599;4.9035;294314;PROVENCE-ALPES-COTE D'AZUR;13066;5761;13;754;Avignon;456042;unités urbaines de 100 000 habitants et plus;1;44;197;13,00%;De 2 à 5 000 entrées;non;;banlieue;175;143;0;59,9;17,5;15,9;6,7;108;46
643;135 934;123 670;NOUVEAU CINEMA LE PARADISIO;18,8;49.579959;3.008971;294861;HAUTS DE FRANCE;60471;13883;60;60304;Noyon;15867;unités urbaines de moins de 20 000 habitants et zones rurales;4;53;6 567;9,90%;De 100 à 150 000 entrées;catégorie E;RDJP;commune-centre;305;249;148;29,3;65,1;4,4;1,2;133;13,3
210;22 361;20 917;CINEMA LE NOZEK;38,1;47.565293;-1.628355;294891;PAYS DE LA LOIRE;44113;4087;44;44110;Nozay;4087;unités urbaines de moins de 20 000 habitants et zones rurales;1;53;512;6,90%;De 20 à 30 000 entrées;catégorie E;JP;commune isolée;243;202;4;50,8;36,9;10,4;1,9;115;36,1
252;15 081;14 153;MAISON DES JEUNES ET DE LA CULTURE DE NUITS SAINT GEORGES;32,1;47.135748;4.94934;295122;BOURGOGNE / FRANCHE-COMTE;21464;5552;21;21204;Nuits-Saint-Georges;6003;unités urbaines de moins de 20 000 habitants et zones rurales;1;49;890;6,60%;De 10 à 20 000 entrées;catégorie E;JP;commune-centre;144;118;36;54,6;33,3;8,3;3,8;59;37,2
284;62 195;60 126;REGAIN;55,8;44.360368;5.13899;295254;AUVERGNE / RHONE-ALPES;26220;6690;26;26202;Nyons;6690;unités urbaines de moins de 20 000 habitants et zones rurales;2;48;2 225;3,40%;De 50 à 80 000 entrées;catégorie E;RDJPPR;commune isolée;379;305;76;54,6;30,4;9,5;5,6;247;48
173;14 564;12 631;ASSOCIATION CULTURELLE D'OBERNAI - ESPACE ATHIC;54;48.462351;7.479092;295493;GRAND EST;67348;10751;67;67303;Obernai;12211;unités urbaines de moins de 20 000 habitants et zones rurales;1;53;633;15,30%;De 10 à 20 000 entrées;catégorie E;JPPR;commune-centre;239;163;2;47,6;27,9;20,6;3,9;143;53
198;12 962;11 435;VILLE D'OISSEL;59;49.339471;1.08919;296615;NORMANDIE;76484;11355;76;755;Rouen;467133;unités urbaines de 100 000 habitants et plus;1;44;317;13,40%;De 10 à 20 000 entrées;non;;banlieue;176;133;2;41,6;39,4;11,3;7,7;108;42,7
100;2 032;1 786;ASSOCIATION L'IMAGE BUISSONNIERE;57,6;44.807704;4.628561;296921;AUVERGNE / RHONE-ALPES;7167;970;7;0;Zone rurale;14541106;unités urbaines de 100 000 habitants et plus;1;42;99;13,80%;De 2 à 5 000 entrées;non;;territoire rural;28;17;0;79,4;5,3;4,2;11;18;50
429;57 737;57 119;B ET R LAHADERNE;41,7;43.192296;-0.613402;297122;NOUVELLE AQUITAINE;64422;10818;64;64303;Oloron-Sainte-Marie;17065;unités urbaines de moins de 20 000 habitants et zones rurales;3;53;3 676;1,10%;De 50 à 80 000 entrées;catégorie E;RDJPPR;commune-centre;254;183;71;38,8;48,8;9,6;2,7;162;34,8
150;37 276;37 951;;55,7;46.174778;6.496059;297601;AUVERGNE / RHONE-ALPES;74205;1260;74;0;Zone rurale;14541106;unités urbaines de 100 000 habitants et plus;1;52;792;-1,80%;De 30 à 40 000 entrées;catégorie E;RDJPPR;territoire rural;268;166;1;62,8;23,5;7;6,7;170;54,3
283;61 181;60 764;CINE FORUM;24,9;44.137785;4.809487;297871;PROVENCE-ALPES-COTE D'AZUR;84087;29561;84;754;Avignon;456042;unités urbaines de 100 000 habitants et plus;3;51;4 197;0,70%;De 50 à 80 000 entrées;non;;banlieue;185;151;81;39,4;55,5;3,9;1,2;77;24,8
186;10 392;9 920;CERCLE DES LOISIRS CULTURELS DU VAL D ORBEY;29,8;48.125889;7.163437;297962;GRAND EST;68249;3576;68;68116;Orbey;3576;unités urbaines de moins de 20 000 habitants et zones rurales;1;50;312;4,80%;De 10 à 20 000 entrées;catégorie E;;commune isolée;146;125;0;48,3;34,5;15,6;1,6;54;29,2
244;11 067;9 819;CINE GUIL;15,4;44.708057;6.341919;298142;PROVENCE-ALPES-COTE D'AZUR;5096;715;5;0;Zone rurale;14541106;unités urbaines de 100 000 habitants et plus;2;31;955;12,70%;De 10 à 20 000 entrées;non;;territoire rural;84;61;14;44,5;49;5,7;0,7;14;9,4
729;172 876;156 207;EDEN CARMES;89,3;47.901533;1.900955;298831;CENTRE-VAL DE LOIRE;45234;114644;45;45701;Orléans;278131;unités urbaines de 100 000 habitants et plus;3;53;7 300;10,70%;De 150 à 200 000 entrées;catégorie A;RDJPPR;commune-centre;399;229;155;53,3;20,1;12,9;13,7;336;82,6
2309;597 420;553 421;MARTROI;30,1;47.89856839999999;1.9088173000000097;298834;CENTRE-VAL DE LOIRE;45234;114644;45;45701;Orléans;278131;unités urbaines de 100 000 habitants et plus;12;53;22 388;8,00%;De 450 à 700 000 entrées;non;;commune-centre;276;200;193;38,4;54,1;5,9;1,6;101;23,8
388;18 137;15 980;VILLE D'ORLY;48,4;48.742445;2.395558;298964;ILE-DE-FRANCE;94054;23272;94;851;Paris;10706072;grande couronne;1;44;469;13,50%;De 10 à 20 000 entrées;non;;banlieue;171;115;0;44,9;36,7;13,7;4,8;88;42,8
358;6 302;5 183;VILLE D'ORMESSON SUR MARNE;50,5;48.786098;2.544935;299122;ILE-DE-FRANCE;94055;10161;94;851;Paris;10706072;grande couronne;1;34;103;21,60%;De 5 à 10 000 entrées;non;;banlieue;47;27;0;43,6;52,8;2,4;1,3;26;53,1
153;19 731;18 684;VILLE D'ORNANS;28,2;47.106949;6.144394;299281;BOURGOGNE / FRANCHE-COMTE;25434;4357;25;25110;Ornans;4357;unités urbaines de moins de 20 000 habitants et zones rurales;1;53;1 148;5,60%;De 10 à 20 000 entrées;non;;commune isolée;157;123;10;54,1;34,9;10,4;0,6;60;36,9
255;7 447;5 846;CINEMAS G LAMIC;10,8;44.493107;6.556982;299451;PROVENCE-ALPES-COTE D'AZUR;5098;569;5;0;Zone rurale;14541106;unités urbaines de 100 000 habitants et plus;1;30;268;27,40%;De 5 à 10 000 entrées;non;;territoire rural;87;71;25;37,7;58,1;4,2;0;10;3,1
186;5 869;5 485;LA JEANNE D'ARC;31,1;49.130553;2.511848;299511;HAUTS DE FRANCE;60482;3384;60;60204;Orry-la-Ville;6328;unités urbaines de moins de 20 000 habitants et zones rurales;1;43;135;7,00%;De 5 à 10 000 entrées;non;;commune-centre;64;51;0;55,9;33,8;8,9;1,3;23;33
357;53 620;53 458;ASSOCIATION MJC MAISON DES JEUNES ET DE LA CULTURE D' ORSAY;80,1;48.698781;2.189727;299572;ILE-DE-FRANCE;91471;16530;91;851;Paris;10706072;petite couronne;3;46;2 276;0,30%;De 50 à 80 000 entrées;catégorie C;RDJPPR;banlieue;275;169;25;54,7;17,8;15,5;12;214;76,6
299;57 045;55 163;ASSOCIATION AMICALE LAIQUE ORTHEZIENNE;43,8;43.487215;-0.777436;299685;NOUVELLE AQUITAINE;64430;10672;64;64301;Orthez;12917;unités urbaines de moins de 20 000 habitants et zones rurales;2;51;1 916;3,40%;De 50 à 80 000 entrées;catégorie E;RDJPPR;commune-centre;254;189;27;35,7;52,9;7,1;4,4;150;34,6
255;12 339;10 705;SYNDICAT INTERCOMMUNAL POUR LA VALORISA DU PATRIMOINE CERDAN;27,3;42.4151068;1.9811399999999821;300171;OCCITANIE;66130;1328;66;0;Zone rurale;14541106;unités urbaines de 100 000 habitants et plus;1;47;267;15,30%;De 10 à 20 000 entrées;catégorie E;;territoire rural;150;118;4;35,7;52,1;9,7;2,5;52;29,3
352;51 319;47 005;ASSOCIATION CINEMA LE CABIEU;39,5;49.276964;-0.256313;300801;NORMANDIE;14488;9177;14;14206;Ouistreham;9177;unités urbaines de moins de 20 000 habitants et zones rurales;1;53;1 103;9,20%;De 50 à 80 000 entrées;catégorie E;JPPR;commune isolée;240;189;15;52,9;36,8;8,2;2,1;124;28,2
164;18 789;16 941;VILLE D'OYONNAX;72,2;46.255796;5.651795;301624;AUVERGNE / RHONE-ALPES;1283;22392;1;1401;Oyonnax;33118;unités urbaines de 20 000 à 100 000 habitants;2;48;1 347;10,90%;De 10 à 20 000 entrées;catégorie D;RDJP;commune-centre;249;178;31;65,3;17,4;13,6;3,8;188;65,2
479;75 403;71 306;VILLE D'OYONNAX;10,7;46.258908;5.655149;301633;AUVERGNE / RHONE-ALPES;1283;22392;1;1401;Oyonnax;33118;unités urbaines de 20 000 à 100 000 habitants;3;53;2 606;5,70%;De 50 à 80 000 entrées;non;;commune-centre;161;139;107;23,8;70,3;5,1;0,8;30;9,5
171;11 714;11 977;ASSOCIATION CINEMA VIDEO PIERRE BRASSEUR;28,1;48.762604;2.664715;301781;ILE-DE-FRANCE;77350;20137;77;851;Paris;10706072;petite couronne;1;52;494;-2,20%;De 10 à 20 000 entrées;non;;banlieue;112;99;0;67,2;25;6,3;1,4;35;32
196;35 737;30 640;ASSOCIATION LA PAIMPOLAISE;40,5;48.780228;-3.05216;302312;BRETAGNE;22162;7199;22;22303;Paimpol;17817;unités urbaines de moins de 20 000 habitants et zones rurales;1;53;523;16,60%;De 30 à 40 000 entrées;catégorie E;;commune-centre;206;165;8;56,2;33,2;7,2;3,5;107;40,4
234;30 109;25 629;GARLABAN SARL;49,1;47.347212;-3.157897;302453;BRETAGNE;56152;2579;56;56105;Le Palais;2579;unités urbaines de moins de 20 000 habitants et zones rurales;1;49;805;17,50%;De 30 à 40 000 entrées;catégorie E;RDJPPR;commune isolée;268;188;23;42,8;43,7;8,4;5;168;45,5
545;179 095;172 911;;40,9;48.71031;2.243459;302485;ILE-DE-FRANCE;91477;33114;91;851;Paris;10706072;petite couronne;4;53;5 661;3,60%;De 150 à 200 000 entrées;catégorie C;RDJPPR;banlieue;258;156;66;33,8;57,7;4,6;3,9;155;33,7
212;5 972;4 359;CINE PLAN;31,6;43.527952;3.931577;302596;OCCITANIE;34192;6173;34;34206;Palavas-les-Flots;6173;unités urbaines de moins de 20 000 habitants et zones rurales;1;47;256;37,00%;De 5 à 10 000 entrées;non;;commune isolée;68;51;1;71,2;16,3;8,9;3,6;24;32,1
275;38 768;40 386;TOILES DU TEMPS;11,1;43.116608;1.612993;302933;OCCITANIE;9225;15317;9;9401;Pamiers;26453;unités urbaines de 20 000 à 100 000 habitants;2;53;1 826;-4,00%;De 30 à 40 000 entrées;non;;commune-centre;127;104;58;25,7;70,4;2,7;1,2;30;15,2
148;12 410;11 841;ASSOCIATION CINEMA PANISSIERES;32,9;45.792194;4.341577;303122;AUVERGNE / RHONE-ALPES;42165;2943;42;42101;Panissières;2943;unités urbaines de moins de 20 000 habitants et zones rurales;1;46;301;4,80%;De 10 à 20 000 entrées;catégorie E;;commune isolée;141;115;0;63,2;28,7;6,7;1,4;53;31,5
457;88 654;81 147;VILLE DE PANTIN;82,3;48.89218;2.408907;303281;ILE-DE-FRANCE;93055;55180;93;851;Paris;10706072;grande couronne;3;46;3 077;9,30%;De 80 à 100 000 entrées;catégorie C;RDJPPR;banlieue;271;166;46;57,2;19,8;14,5;8,5;231;77,9
314;7 463;6 315;VILLE DE PARAY VIEILLE POSTE;35,2;48.712693;2.363281;303445;ILE-DE-FRANCE;91479;7437;91;851;Paris;10706072;petite couronne;1;45;128;18,20%;De 5 à 10 000 entrées;non;;banlieue;86;67;1;44,2;37,7;17,1;1;34;28,1
513;40 029;;PARAY-LE-MONIAL CULTURE;24,7;46.449057;4.116424;303475;BOURGOGNE / FRANCHE-COMTE;71342;9201;71;71205;Paray-le-Monial;9201;unités urbaines de moins de 20 000 habitants et zones rurales;3;52;2 521;;De 40 à 50 000 entrées;catégorie E;JP;commune isolée;211;165;49;40,4;54,8;4,3;0,5;86;20
0;5 575;;L' ECRAN DES PINS;0;44.349894;-1.064305;303803;NOUVELLE AQUITAINE;40217;5933;40;40109;Parentis-en-Born;5933;unités urbaines de moins de 20 000 habitants et zones rurales;1;9;22;;De 5 à 10 000 entrées;non;;commune isolée;6;6;0;2,9;97,1;0;0;0;0
356;38 440;36 198;ASSOCIATION DU CERCLE SAINT JOSEPH BAR;36,8;46.644644;-0.244668;304442;NOUVELLE AQUITAINE;79202;10381;79;79303;Parthenay;18221;unités urbaines de moins de 20 000 habitants et zones rurales;2;53;1 593;6,20%;De 30 à 40 000 entrées;catégorie E;JPPR;commune-centre;267;204;31;56,2;34,8;6,8;2,2;136;35,3
412;113 706;108 622;ASSOCIATION CINE MA PASSION;89,3;43.301543;-0.372504;305014;NOUVELLE AQUITAINE;64445;77215;64;64601;Pau;197713;unités urbaines de 100 000 habitants et plus;2;53;3 649;4,70%;De 100 à 150 000 entrées;catégorie B;RDJPPR;commune-centre;303;183;101;53,4;17,1;16,6;12,9;268;83,6
1148;72 013;72 685;CINEMA SAINT LOUIS;41,6;43.295774;-0.370121;305031;NOUVELLE AQUITAINE;64445;77215;64;64601;Pau;197713;unités urbaines de 100 000 habitants et plus;7;53;10 764;-0,90%;De 50 à 80 000 entrées;non;;commune-centre;234;196;157;33,1;50,1;12,3;4,5;120;37,8
2570;396 093;390 166;LUMONPAU;16,1;43.302981;-0.369831;305041;NOUVELLE AQUITAINE;64445;77215;64;64601;Pau;197713;unités urbaines de 100 000 habitants et plus;12;53;23 928;1,50%;De 300 à 450 000 entrées;non;;commune-centre;234;184;181;30,4;64,5;4,1;1;43;14,6
283;17 268;14 893;VILLE DE PAUILLAC;43,5;45.201428;-0.746674;305101;NOUVELLE AQUITAINE;33314;4861;33;33201;Pauillac;4861;unités urbaines de moins de 20 000 habitants et zones rurales;1;51;666;15,90%;De 10 à 20 000 entrées;catégorie E;JP;commune isolée;213;169;5;54,5;32,3;9,2;4;107;42,9
329;51 332;43 402;ESPACE DES ARTS;47,6;48.903037;2.507379;305402;ILE-DE-FRANCE;93057;23356;93;851;Paris;10706072;grande couronne;1;47;1 104;18,30%;De 50 à 80 000 entrées;catégorie C;JP;banlieue;221;182;2;52,1;35,8;8,8;3,3;119;42,3
360;69 387;60 610;BERNARD JACQUES ANDRE JEAN;15,6;45.371031;4.797096;305632;AUVERGNE / RHONE-ALPES;38298;6622;38;556;Vienne;94687;unités urbaines de 20 000 à 100 000 habitants;3;51;3 033;14,50%;De 50 à 80 000 entrées;catégorie D;JP;banlieue;204;160;63;33,7;59,6;5,1;1,6;79;13,3
164;26 546;25 276;;42,8;45.418565;4.675401;306243;AUVERGNE / RHONE-ALPES;42168;3757;42;42108;Pélussin;4660;unités urbaines de moins de 20 000 habitants et zones rurales;1;48;689;5,00%;De 20 à 30 000 entrées;catégorie E;JPPR;commune-centre;219;165;3;61,6;28,2;7,6;2,6;116;38,9
235;52 738;44 479;VILLE DE PENMARCH;66,3;47.799654;-4.356964;306414;BRETAGNE;29158;5457;29;29401;Penmarch;22807;unités urbaines de 20 000 à 100 000 habitants;1;53;1 053;18,60%;De 50 à 80 000 entrées;catégorie D;RDJPPR;commune-centre;352;252;18;57,2;24,1;13,7;5;262;60,9
3617;1 545 255;1 546 869;SOCIETE IMMOBILIERE DU PATHE PALACE;14,7;43.413496;5.356466;306521;PROVENCE-ALPES-COTE D'AZUR;13071;21387;13;759;Marseille - Aix-en-Provence;1585498;unités urbaines de 100 000 habitants et plus;17;53;29 632;-0,10%;De 1,5 à 2 millions d'entrées;non;;banlieue;259;206;206;20,7;74,5;4,1;0,7;47;11,6
251;9 262;10 143;TOURNEE FAMILIA;21,5;44.0967176;6.928323500000033;306601;PROVENCE-ALPES-COTE D'AZUR;6094;866;6;0;Zone rurale;14541106;unités urbaines de 100 000 habitants et plus;1;26;303;-8,70%;De 5 à 10 000 entrées;non;;territoire rural;89;73;5;38,5;58,8;2,4;0,3;26;9,3
1864;379 684;351 396;;27,7;45.182579;0.718006;307135;NOUVELLE AQUITAINE;24322;29829;24;24501;Périgueux;74257;unités urbaines de 20 000 à 100 000 habitants;10;53;20 197;8,10%;De 300 à 450 000 entrées;catégorie D;RDJPPR;commune-centre;524;352;180;35,1;57,1;5,6;2,2;319;24,3
384;15 837;20 013;COMMUNE DE PERONNE;14,6;49.930788;2.936858;307361;HAUTS DE FRANCE;80620;7652;80;80209;Péronne;9453;unités urbaines de moins de 20 000 habitants et zones rurales;2;46;1 006;-20,90%;De 10 à 20 000 entrées;non;;commune-centre;154;134;16;33,9;58,6;7,3;0,2;34;20,3
626;181 654;163 278;SOCIETE NOUVELLE DE SPECTACLES;83,6;42.701362;2.894282;307502;OCCITANIE;66136;121934;66;66601;Perpignan;200971;unités urbaines de 100 000 habitants et plus;7;53;11 473;11,30%;De 150 à 200 000 entrées;catégorie A;RDJPPR;commune-centre;544;331;199;51,9;22;13,8;12,3;435;80,5
2609;730 099;740 924;SOCIETE NOUVELLE DE SPECTACLES;13,3;42.663168;2.880281;307543;OCCITANIE;66136;121934;66;66601;Perpignan;200971;unités urbaines de 100 000 habitants et plus;14;53;24 894;-1,50%;De 700 000 à 1 million d'entrées;non;;commune-centre;254;207;204;29,4;65,8;4,3;0,5;38;12,2
198;51 048;45 756;CENTRE DES BORDS DE MARNE;59;48.84694;2.509968;307692;ILE-DE-FRANCE;94058;33970;94;851;Paris;10706072;grande couronne;1;47;1 133;11,60%;De 50 à 80 000 entrées;catégorie C;;banlieue;204;151;30;64,6;23,4;8,3;3,6;123;52
437;40 553;35 426;LES BALADINS;53,5;48.814855;-3.457451;307943;BRETAGNE;22168;7288;22;22403;Lannion;49438;unités urbaines de 20 000 à 100 000 habitants;2;53;2 154;14,50%;De 40 à 50 000 entrées;catégorie D;RDJP;banlieue;209;168;43;60,6;23,2;11,7;4,4;134;53,8
363;92 212;84 218;HADDAD PATRICIA EPOUSE BORGESON;30;43.692404;5.499464;308231;PROVENCE-ALPES-COTE D'AZUR;84089;19645;84;84303;Pertuis;19645;unités urbaines de moins de 20 000 habitants et zones rurales;3;53;4 489;9,50%;De 80 à 100 000 entrées;catégorie E;RDJPPR;commune isolée;324;259;152;31,2;61,9;5,2;1,7;163;23,3
767;227 891;207 732;;75,3;44.80514;-0.632009;308361;NOUVELLE AQUITAINE;33318;61332;33;33701;Bordeaux;904359;unités urbaines de 100 000 habitants et plus;5;53;7 168;9,70%;De 200 à 300 000 entrées;catégorie C;RDJPPR;banlieue;396;175;97;51,5;25,4;11,7;11,3;319;70,4
200;3 001;3 019;LA ZINZEN;40,5;45.813639;1.772698;309331;NOUVELLE AQUITAINE;87117;952;87;0;Zone rurale;14541106;unités urbaines de 100 000 habitants et plus;1;52;215;-0,60%;De 2 à 5 000 entrées;non;;territoire rural;188;158;0;32,3;40,4;25,1;2,3;78;32,8
199;28 722;26 549;;31,1;43.545174;-1.102823;309443;NOUVELLE AQUITAINE;40224;3616;40;40204;Peyrehorade;7357;unités urbaines de moins de 20 000 habitants et zones rurales;1;53;896;8,20%;De 20 à 30 000 entrées;catégorie E;JP;commune-centre;304;230;7;37,2;51,3;9;2,6;146;22,5
219;13 189;10 777;VILLE DE PEZENAS;31,4;43.460841;3.42083;309891;OCCITANIE;34199;8156;34;34215;Pézenas;9696;unités urbaines de moins de 20 000 habitants et zones rurales;1;37;362;22,40%;De 10 à 20 000 entrées;catégorie E;;commune-centre;145;110;1;58,9;21,9;15,4;3,7;96;65,4
160;3 385;4 263;;76,4;48.768553;7.258661;310106;GRAND EST;57540;4729;57;57201;Phalsbourg;5094;unités urbaines de moins de 20 000 habitants et zones rurales;1;44;148;-20,60%;De 2 à 5 000 entrées;non;;commune-centre;89;65;1;57,2;19,2;11,9;11,8;63;69,6
1084;298 104;277 180;;11,8;44.952219;-0.629792;310180;NOUVELLE AQUITAINE;33322;6442;33;33701;Bordeaux;904359;unités urbaines de 100 000 habitants et plus;6;53;10 143;7,50%;De 200 à 300 000 entrées;non;;banlieue;142;119;113;23,1;73,4;3;0,5;16;9,6
123;5 080;4 759;;23,4;49.301154;5.786676;310485;GRAND EST;54425;2480;54;54111;Piennes;4620;unités urbaines de moins de 20 000 habitants et zones rurales;1;49;197;6,70%;De 5 à 10 000 entrées;non;;commune-centre;70;53;1;52;41,1;5;1,9;20;24,3
88;15 051;12 787;VILLE DE PIERRE BENITE;59,4;45.703741;4.823295;310542;AUVERGNE / RHONE-ALPES;69152;10257;69;758;Lyon;1639558;unités urbaines de 100 000 habitants et plus;1;46;894;17,70%;De 10 à 20 000 entrées;catégorie C;JPPR;banlieue;268;188;2;59,8;21,9;13,2;5,2;175;63,5
100;10 808;7 964;LE CINEMA DU SOLEIL;36,8;43.22419;6.144814;310645;PROVENCE-ALPES-COTE D'AZUR;83091;6074;83;83201;Pierrefeu-du-Var;6074;unités urbaines de moins de 20 000 habitants et zones rurales;1;49;427;35,70%;De 10 à 20 000 entrées;catégorie E;;commune isolée;116;88;19;45,7;45,1;5,1;4,1;57;37,5
291;57 986;57 510;LE NAVIRE;20,6;44.376008;4.701762;310925;AUVERGNE / RHONE-ALPES;26235;13105;26;26301;Pierrelatte;13105;unités urbaines de moins de 20 000 habitants et zones rurales;2;53;1 967;0,80%;De 50 à 80 000 entrées;catégorie E;JP;commune isolée;239;192;58;29,3;63,7;5,3;1,6;89;17,6
154;14 807;14 387;ASSOCIATION DU CINEMA DE LA PLAGE;39,3;49.166275;-1.5704;312221;NORMANDIE;50403;1484;50;0;Zone rurale;14541106;unités urbaines de 100 000 habitants et plus;1;51;647;2,90%;De 10 à 20 000 entrées;catégorie E;JP;territoire rural;193;163;12;58,1;29,8;10,5;1,6;93;34,2
220;50 017;46 634;SARL 2H;24,8;48.173277;2.253059;312443;CENTRE-VAL DE LOIRE;45252;9100;45;45301;Pithiviers;11969;unités urbaines de moins de 20 000 habitants et zones rurales;1;53;1 409;7,30%;De 50 à 80 000 entrées;non;;commune-centre;254;188;39;31,9;63;3,1;2;128;20
181;9 731;8 622;OFFICE DU TOURISME BASTIDES ET VALLONS DU GERS;50,4;43.604768;0.0448;312973;OCCITANIE;32319;1487;32;0;Zone rurale;14541106;unités urbaines de 100 000 habitants et plus;1;52;363;12,90%;De 5 à 10 000 entrées;catégorie E;PR;territoire rural;257;203;20;49,8;34,9;10,7;4,6;141;49,8
537;161 556;115 424;ECRAN 7;18,8;43.56314;1.291519;312981;OCCITANIE;31424;17896;31;31701;Toulouse;948433;unités urbaines de 100 000 habitants et plus;3;53;4 676;40,00%;De 150 à 200 000 entrées;non;;banlieue;228;181;81;32,9;62,5;4,1;0,5;91;13,8
82;2 623;2 746;AEP DU CINEMA DE PLANCHER LES MINES;25,2;47.763891;6.743534;313151;BOURGOGNE / FRANCHE-COMTE;70414;1006;70;70101;Plancher-les-Mines;2969;unités urbaines de moins de 20 000 habitants et zones rurales;1;45;127;-4,50%;De 2 à 5 000 entrées;non;;banlieue;61;51;0;39,9;49,8;10,1;0,3;16;27,8
350;345;248;LE PRE BOURGES;100;45.133956;2.227009;313704;AUVERGNE / RHONE-ALPES;15153;1517;15;0;Zone rurale;14541106;unités urbaines de 100 000 habitants et plus;1;3;4;39,10%;Moins de 2000 entrées;non;;territoire rural;3;0;0;82;0;18;0;3;100
192;17 940;17 676;CINEMA L'HERMINE;48,5;47.998597;-2.096562;313842;BRETAGNE;35223;3852;35;35116;Plélan-le-Grand;3852;unités urbaines de moins de 20 000 habitants et zones rurales;1;52;489;1,50%;De 10 à 20 000 entrées;catégorie E;JP;commune isolée;336;288;3;48,2;36,3;11,7;3,8;195;38,9
600;19 716;17 382;SOCIETE D'EXPLOITATION DU CASINO DE LA ROTONDE;31,5;48.590655;-2.553431;313912;BRETAGNE;22186;4009;22;22115;Pléneuf-Val-André;4009;unités urbaines de moins de 20 000 habitants et zones rurales;1;53;762;13,40%;De 10 à 20 000 entrées;catégorie E;JP;commune isolée;254;218;10;41;46,7;9;3,3;110;30,5
400;64 044;63 199;VILLE DU PLESSIS ROBINSON;32,5;48.777607;2.254424;314413;ILE-DE-FRANCE;92060;28974;92;851;Paris;10706072;grande couronne;2;52;2 345;1,30%;De 50 à 80 000 entrées;catégorie C;JP;banlieue;230;178;41;53,5;34;9,7;2,8;114;30,8
340;9 637;8 506;RENCONTRES ANIMATIONS PLESSEENNES;31,1;48.80535;2.578145;314451;ILE-DE-FRANCE;94059;20102;94;851;Paris;10706072;grande couronne;1;45;280;13,30%;De 5 à 10 000 entrées;non;;banlieue;55;47;0;84,8;7,8;7,4;0;19;32,3
180;26 370;25 405;ASSOCIATION CULTURELLE CINEMATOGRAPHIQUE;37,5;48.655594;-3.630501;314471;BRETAGNE;22194;3598;22;251;Plestin-les-Grèves;4945;unités urbaines de moins de 20 000 habitants et zones rurales;1;42;706;3,80%;De 20 à 30 000 entrées;catégorie E;JPPR;commune-centre;190;145;23;54,3;32,9;9,9;3;92;33,1
196;19 042;16 768;ASSOCIATION SAINT GUILLAUME;39,1;48.578076;-2.061657;314601;BRETAGNE;35228;6628;35;458;Dinard;32364;unités urbaines de 20 000 à 100 000 habitants;1;52;419;13,60%;De 10 à 20 000 entrées;catégorie D;;commune-centre;192;164;12;58,5;28,9;10,8;1,7;95;35,1
794;152 545;148 031;;24,2;47.936453;-2.401708;314823;BRETAGNE;56165;9571;56;56216;Ploërmel;9571;unités urbaines de moins de 20 000 habitants et zones rurales;5;53;7 643;3,00%;De 150 à 200 000 entrées;catégorie E;RDJP;commune isolée;343;266;131;39,2;55,6;4,4;0,8;172;18,2
400;4 777;1 937;SOCIETE D'EXPLOITATION DU CASINO DE PLOMBIERES;42;47.963557;6.457663;314931;GRAND EST;88351;1699;88;0;Zone rurale;14541106;unités urbaines de 100 000 habitants et plus;1;52;181;146,60%;De 2 à 5 000 entrées;non;;territoire rural;73;59;4;79,8;12,8;6,4;1;30;41,8
358;17 143;15 586;;46,2;48.657353;-4.170827;315251;BRETAGNE;29185;3471;29;29118;Plouescat;3471;unités urbaines de moins de 20 000 habitants et zones rurales;1;53;431;10,00%;De 10 à 20 000 entrées;catégorie E;;commune isolée;195;161;7;57,3;29,9;10,6;2,2;103;40,8
237;39 976;34 723;;45,3;48.373269;-4.370987;315312;BRETAGNE;29189;13436;29;29701;Brest;200530;unités urbaines de 100 000 habitants et plus;2;53;1 698;15,10%;De 30 à 40 000 entrées;catégorie C;JP;banlieue;220;161;43;51;34,5;11,6;2,8;133;37,8
129;22 018;19 733;ASSOCIATION LES ALLUMES DE LA GRANDE TOILE;50,4;48.340552;-4.723462;315332;BRETAGNE;29190;4083;29;29113;Plougonvelin;4083;unités urbaines de moins de 20 000 habitants et zones rurales;1;53;657;11,60%;De 20 à 30 000 entrées;catégorie E;JPPR;commune isolée;229;167;2;56,1;27,8;12,5;3,7;142;43,6
177;6 240;5 748;CINEMA JEANNE D'ARC;30;48.28043;-2.706503;315411;BRETAGNE;22219;1844;22;0;Zone rurale;14541106;unités urbaines de 100 000 habitants et plus;1;48;237;8,60%;De 5 à 10 000 entrées;catégorie E;;territoire rural;109;92;1;65,5;25,2;5,6;3,6;39;36,4
983;176 277;176 587;SOCIETE DES CINEMAS DE POISSY;16,6;48.92287;2.029616;317291;ILE-DE-FRANCE;78498;37093;78;851;Paris;10706072;petite couronne;5;53;8 661;-0,20%;De 150 à 200 000 entrées;non;;banlieue;154;126;115;27,4;67,6;4,4;0,6;37;17,2
459;79 837;81 167;THEATRE AUDITORIUM DE POITIERS, SCENE NATIONALE;93,6;46.580669;0.339687;317345;NOUVELLE AQUITAINE;86194;87918;86;86601;Poitiers;130502;unités urbaines de 100 000 habitants et plus;3;51;5 080;-1,60%;De 50 à 80 000 entrées;catégorie B;RDJPPR;commune-centre;258;169;110;70,4;8,1;10,9;10,5;229;89,2
141;35 858;29 046;ASSOCIATION CINE U;84,8;46.589505;0.346095;317384;NOUVELLE AQUITAINE;86194;87918;86;86601;Poitiers;130502;unités urbaines de 100 000 habitants et plus;1;53;1 550;23,50%;De 30 à 40 000 entrées;catégorie B;RDJPPR;commune-centre;181;75;21;35,6;24,5;19,4;20,5;139;76,7
719;93 468;91 368;LES CINEMAS PATHE GAUMONT;34,2;46.580197;0.338977;317394;NOUVELLE AQUITAINE;86194;87918;86;86601;Poitiers;130502;unités urbaines de 100 000 habitants et plus;5;53;7 421;2,30%;De 80 à 100 000 entrées;non;;commune-centre;195;155;129;31,7;56;9,3;3;86;33,1
220;31 145;28 320;ESPACE TRIANON;25,6;49.776307;1.980512;317442;HAUTS DE FRANCE;80630;2402;80;80106;Poix-de-Picardie;2402;unités urbaines de moins de 20 000 habitants et zones rurales;1;52;562;10,00%;De 30 à 40 000 entrées;catégorie E;PR;commune isolée;189;147;5;47,8;45;6,2;1;68;22,7
212;27 932;27 042;;25,9;46.836349;5.702889;317613;BOURGOGNE / FRANCHE-COMTE;39434;4104;39;39107;Poligny;4104;unités urbaines de moins de 20 000 habitants et zones rurales;1;53;1 142;3,30%;De 20 à 30 000 entrées;catégorie E;JP;commune isolée;196;165;30;45;48,7;3,6;2,7;84;29,7
100;15 307;13 026;CENTRE DE COORDINATION DES MONTS DU LYONNAIS;26,3;45.640438;4.467393;317831;AUVERGNE / RHONE-ALPES;69155;1136;69;0;Zone rurale;14541106;unités urbaines de 100 000 habitants et plus;1;46;615;17,50%;De 10 à 20 000 entrées;non;;territoire rural;77;49;1;59,1;28,9;10,5;1,5;31;29,4
134;14 374;13 525;ASSOCIATION CINEMA SAINT MARTIN;42,1;47.359284;-0.860039;317911;PAYS DE LA LOIRE;49244;18356;49;49208;La Pommeraye;18356;unités urbaines de moins de 20 000 habitants et zones rurales;1;53;496;6,30%;De 10 à 20 000 entrées;catégorie D;;commune-centre;232;192;1;60,4;30,9;6,8;1,9;124;36,6
234;10 616;10 293;COMMUNE DE PONS;39,1;45.580586;-0.546711;318483;NOUVELLE AQUITAINE;17283;4121;17;17116;Pons;4121;unités urbaines de moins de 20 000 habitants et zones rurales;2;52;1 280;3,10%;De 10 à 20 000 entrées;catégorie E;;commune isolée;235;197;2;49,5;36,6;8,9;5;109;47
50;33 030;32 462;UNION DEPARTEMENTALE MAISON DES JEUNES & DE LA CULTURE COTE D OR;42,5;47.306004;5.410506;318612;BOURGOGNE / FRANCHE-COMTE;21496;1293;21;0;Zone rurale;14541106;unités urbaines de 100 000 habitants et plus;1;48;635;1,70%;De 30 à 40 000 entrées;catégorie E;JP;territoire rural;73;44;1;61,6;17;15;6,4;37;43,5
283;66 612;59 302;CINEMA CONCORDE;21,3;48.902416;6.055412;318661;GRAND EST;54431;14901;54;54404;Pont-à-Mousson;24248;unités urbaines de 20 000 à 100 000 habitants;2;53;3 999;12,30%;De 50 à 80 000 entrées;catégorie D;JP;commune-centre;289;224;94;35,5;57,1;6,6;0,9;128;18,1
964;243 942;231 649;CINEMA OLYMPIA;21,4;46.901894;6.357637;318711;BOURGOGNE / FRANCHE-COMTE;25462;17140;25;25401;Pontarlier;21760;unités urbaines de 20 000 à 100 000 habitants;6;53;8 072;5,30%;De 200 à 300 000 entrées;non;;commune-centre;289;216;144;36,8;57,6;4,8;0,8;113;17,9
589;67 882;59 461;SWERTVAEGHER CATHERINE ASTRID MICHELE;19,7;49.354873;0.511693;318782;NORMANDIE;27467;8998;27;27303;Pont-Audemer;22373;unités urbaines de 20 000 à 100 000 habitants;3;51;3 267;14,20%;De 50 à 80 000 entrées;non;;commune-centre;255;208;62;25,7;68,6;5,1;0,7;136;16
295;51 058;49 436;ASSOCIATION APOLLO;37,4;48.803412;2.611316;318801;ILE-DE-FRANCE;77373;38370;77;851;Paris;10706072;petite couronne;2;50;2 380;3,30%;De 50 à 80 000 entrées;catégorie C;JP;banlieue;274;210;14;41,1;40,8;13,7;4,4;151;37,3
288;56 184;52 234;BOCCA BERNARD ALBERT;34;45.432083;6.020106;318981;AUVERGNE / RHONE-ALPES;38314;7258;38;270;Pontcharra;9333;unités urbaines de moins de 20 000 habitants et zones rurales;1;53;944;7,60%;De 50 à 80 000 entrées;catégorie E;JP;commune-centre;223;172;46;36,6;54,4;6,6;2,4;117;31,8
129;18 696;16 800;ASSOCIATION DU CINEMA DE PONTCHATEAU;35,8;47.435409;-2.088906;319022;PAYS DE LA LOIRE;44129;10604;44;44214;Pontchâteau;10604;unités urbaines de moins de 20 000 habitants et zones rurales;1;53;688;11,30%;De 10 à 20 000 entrées;catégorie E;;commune isolée;266;214;1;49,5;36,6;9,8;4;128;30,4
234;20 276;27 081;LE DIAMANT;20,7;45.53638;5.670755;319161;AUVERGNE / RHONE-ALPES;38315;3574;38;360;Le Pont-de-Beauvoisin;16178;unités urbaines de moins de 20 000 habitants et zones rurales;2;36;608;-25,10%;De 20 à 30 000 entrées;non;;commune-centre;150;121;9;40,3;52,1;6,8;0,8;47;19,9
749;148 985;136 834;CINEMA VARIETES;20,2;45.749757;5.175101;319302;AUVERGNE / RHONE-ALPES;38316;5629;38;38402;Charvieu-Chavagneux;26024;unités urbaines de 20 000 à 100 000 habitants;5;53;6 857;8,90%;De 100 à 150 000 entrées;non;;commune-centre;156;122;87;25,4;68,7;4,9;1;55;14,4
100;5 970;5 604;ASSOCIATION L'UNION OUVRIERE AEP;23,5;47.383873;6.769949;319582;BOURGOGNE / FRANCHE-COMTE;25463;4215;25;25203;Pont-de-Roide;5695;unités urbaines de moins de 20 000 habitants et zones rurales;1;52;387;6,50%;De 5 à 10 000 entrées;catégorie E;;commune-centre;104;89;4;69,5;18,3;12,2;0;29;32,6
806;133 300;122 848;CINEGYR PONTIVY;25,7;48.068322;-2.948573;320311;BRETAGNE;56178;14117;56;56303;Pontivy;16234;unités urbaines de moins de 20 000 habitants et zones rurales;5;53;6 068;8,50%;De 100 à 150 000 entrées;catégorie E;JPPR;commune-centre;307;210;126;42,3;52,3;4,6;0,8;137;20,9
610;11 475;;CINEVILLE;11,9;47.863407;-4.229693;320333;BRETAGNE;29220;8206;29;29306;Pont-l'Abbé;14289;unités urbaines de moins de 20 000 habitants et zones rurales;4;2;219;;De 10 à 20 000 entrées;non;;commune-centre;16;15;3;21,5;78,5;0;0;3;8
169;28 375;24 338;ASSOCIATION DU CINEMA LE CONCORDE;41,5;49.285635;0.185399;320411;NORMANDIE;14514;4498;14;14120;Pont-l'Évêque;5253;unités urbaines de moins de 20 000 habitants et zones rurales;1;49;966;16,60%;De 20 à 30 000 entrées;catégorie E;;commune-centre;177;155;12;53,8;34,8;7,9;3,4;85;36,5
272;28 738;28 242;ASSOCIATION CINEMAS DES DEUX RIVES;75,2;49.049188;2.099047;320532;ILE-DE-FRANCE;95500;30487;95;851;Paris;10706072;petite couronne;1;47;674;1,80%;De 20 à 30 000 entrées;catégorie C;;banlieue;210;176;111;61;17,5;14,8;6,7;168;71,2
220;10 962;10 697;ASSOCIATION CINEMA GRAND ECRAN;25,9;43.787182;-0.923978;320561;NOUVELLE AQUITAINE;40230;2739;40;0;Zone rurale;14541106;unités urbaines de 100 000 habitants et plus;1;52;568;2,50%;De 10 à 20 000 entrées;catégorie E;;territoire rural;196;169;63;42,9;47,5;8,1;1,5;65;26,2
322;26 617;25 991;ASSOCIATION CINEMATOGRAPHIQUE LE PALACE;25;49.302107;2.60337;320771;HAUTS DE FRANCE;60509;12601;60;60305;Pont-Sainte-Maxence;16997;unités urbaines de moins de 20 000 habitants et zones rurales;2;53;2 080;2,40%;De 20 à 30 000 entrées;catégorie E;JP;commune-centre;269;237;53;37,4;56,2;3,3;3;120;23,7
188;22 451;19 774;UNION REG FEDERATIONS OEUVRES LAIQUES AUVERGNE RHONE ALPES;42,9;44.266447;4.644976;320783;OCCITANIE;30202;10279;30;30304;Pont-Saint-Esprit;15266;unités urbaines de moins de 20 000 habitants et zones rurales;2;49;1 584;13,50%;De 20 à 30 000 entrées;catégorie E;RDJPPR;commune-centre;177;145;20;47,1;44,1;6,7;2,1;89;39,7
1189;380 203;348 333;;17,3;47.434019;-0.500603;320873;PAYS DE LA LOIRE;49246;12488;49;49701;Angers;225978;unités urbaines de 100 000 habitants et plus;6;53;10 288;9,10%;De 300 à 450 000 entrées;non;;banlieue;167;130;86;38;58,8;3;0,2;46;14,5
100;3 452;2 670;FAMILLES RURALES FEDERATION REGIONALE DES PAYS DE LA LOIRE;27,8;47.750682;0.192681;320971;PAYS DE LA LOIRE;72243;1730;72;0;Zone rurale;14541106;unités urbaines de 100 000 habitants et plus;1;32;72;29,30%;De 2 à 5 000 entrées;non;;territoire rural;25;18;0;78,5;16,1;3,3;2,1;10;43
150;15 894;12 641;ARTS ET TECHNIQUES;34,5;44.8722;-1.092786;321121;NOUVELLE AQUITAINE;33333;2875;33;0;Zone rurale;14541106;unités urbaines de 100 000 habitants et plus;1;51;403;25,70%;De 10 à 20 000 entrées;catégorie E;;territoire rural;183;160;23;50,6;42;5,4;2;86;27,8
270;43 659;37 853;;42,5;47.119337;-2.101111;321132;PAYS DE LA LOIRE;44131;14902;44;44304;Pornic;19312;unités urbaines de moins de 20 000 habitants et zones rurales;1;53;1 171;15,30%;De 40 à 50 000 entrées;catégorie E;JP;commune-centre;271;211;46;48,1;38,1;11,8;2,1;148;37,4
185;16 729;15 151;UNION FRATERNELLE DE SAINTE MARIE SUR MER;45,3;47.114365;-2.127161;321135;PAYS DE LA LOIRE;44131;14902;44;44304;Pornic;19312;unités urbaines de moins de 20 000 habitants et zones rurales;1;53;850;10,40%;De 10 à 20 000 entrées;catégorie E;JPPR;commune-centre;276;217;9;61,8;22,1;10,1;6;151;43
155;21 871;21 066;CENTRE DE CONCEPTION ET DE DIFFUSION DE L IMAGE;56,1;43.404425;4.98382;321343;PROVENCE-ALPES-COTE D'AZUR;13077;17090;13;759;Marseille - Aix-en-Provence;1585498;unités urbaines de 100 000 habitants et plus;1;52;1 554;3,80%;De 20 à 30 000 entrées;catégorie C;RDJPPR;banlieue;429;307;12;47,3;32,6;12,2;7,9;274;53
117;15 335;11 615;;58;44.874731;4.88233;321594;AUVERGNE / RHONE-ALPES;26252;10209;26;651;Valence;129705;unités urbaines de 100 000 habitants et plus;1;43;493;32,00%;De 10 à 20 000 entrées;catégorie C;;banlieue;92;66;2;66,9;22,6;6,7;3,7;57;51,7
213;12 496;13 728;COMMUNE DE PORT SAINT LOUIS;48;43.39359;4.796834;321854;PROVENCE-ALPES-COTE D'AZUR;13078;8588;13;13214;Port-Saint-Louis-du-Rhône;8588;unités urbaines de moins de 20 000 habitants et zones rurales;1;49;927;-9,00%;De 10 à 20 000 entrées;catégorie E;JPPR;commune isolée;225;157;3;37,5;52,5;7,2;2,8;138;30,4
233;7 406;6 848;COMMUNE DE PORT VENDRES;40,1;42.515622;3.105129;321912;OCCITANIE;66148;4195;66;66401;Saint-Cyprien;53068;unités urbaines de 20 000 à 100 000 habitants;1;52;354;8,10%;De 5 à 10 000 entrées;catégorie D;;banlieue;157;135;26;56,7;34,4;6,1;2,9;88;33,4
0;8 911;8 216;;46,9;43.608168;-0.998487;322592;NOUVELLE AQUITAINE;40233;3042;40;40202;Pouillon;5571;unités urbaines de moins de 20 000 habitants et zones rurales;1;43;275;8,50%;De 5 à 10 000 entrées;catégorie E;JP;commune-centre;146;112;0;66,8;16,4;14,2;2,6;75;51
300;10 558;10 994;SCENI QUA NON;37,6;47.184077;3.945032;322721;BOURGOGNE / FRANCHE-COMTE;58205;645;58;0;Zone rurale;14541106;unités urbaines de 100 000 habitants et plus;1;47;576;-4,00%;De 10 à 20 000 entrées;catégorie E;JPPR;territoire rural;89;58;0;61,3;24,8;10,7;3,2;49;42,7
230;54 266;50 686;ASSOCIATION LE PAX (EX ASSOCIATION ST NICOLAS);67,3;47.276193;-2.429727;322952;PAYS DE LA LOIRE;44135;4455;44;44601;Saint-Nazaire;152164;unités urbaines de 100 000 habitants et plus;1;53;1 466;7,10%;De 50 à 80 000 entrées;catégorie C;RDJP;banlieue;268;213;106;58,9;22,5;11,6;7;201;63,2
154;23 848;22 527;;27,3;46.773329;-0.84843;323493;PAYS DE LA LOIRE;85182;5525;85;85201;Pouzauges;5525;unités urbaines de moins de 20 000 habitants et zones rurales;1;51;1 067;5,90%;De 20 à 30 000 entrées;catégorie E;;commune isolée;201;178;43;48,6;46,4;4,3;0,7;69;19,3
189;30 890;30 973;COMMUNE DE PRADES;41,1;42.616153;2.421654;323812;OCCITANIE;66149;6040;66;66205;Prades;9414;unités urbaines de moins de 20 000 habitants et zones rurales;1;52;871;-0,30%;De 30 à 40 000 entrées;catégorie E;JP;commune-centre;245;193;9;42,7;41,1;11,2;5;128;42,4
200;2 489;2 209;;50;43.697918;3.864705;323840;OCCITANIE;34217;5203;34;34701;Montpellier;428909;unités urbaines de 100 000 habitants et plus;1;21;44;12,70%;De 2 à 5 000 entrées;non;;banlieue;23;20;0;76;19,4;4,6;0;12;50,8
199;16 881;11 607;LE CINEMA DU SOLEIL;43,2;43.108927;6.020419;323884;PROVENCE-ALPES-COTE D'AZUR;83098;10217;83;757;Toulon;569793;unités urbaines de 100 000 habitants et plus;1;47;481;45,40%;De 10 à 20 000 entrées;catégorie C;;banlieue;193;168;1;64;26,2;6,7;3,1;97;44,6
150;7 222;7 238;SOCIETE GESTION DES ACTIVITES TOURISTIQUES DE PRALOGNAN;16,7;45.381523;6.722351;324021;AUVERGNE / RHONE-ALPES;73206;744;73;0;Zone rurale;14541106;unités urbaines de 100 000 habitants et plus;1;31;300;-0,20%;De 5 à 10 000 entrées;non;;territoire rural;128;112;17;44,1;53,1;2,7;0,2;27;9,9
159;3 728;2 343;;47,7;42.403764;2.481748;324212;OCCITANIE;66150;1127;66;0;Zone rurale;14541106;unités urbaines de 100 000 habitants et plus;1;49;222;59,10%;De 2 à 5 000 entrées;non;;territoire rural;163;137;24;52,6;33,9;8,8;4,7;92;37,6
250;16 652;14 157;CINE 46;58,2;44.503225;1.187579;324302;OCCITANIE;46225;2452;46;46102;Prayssac;3372;unités urbaines de moins de 20 000 habitants et zones rurales;1;48;364;17,60%;De 10 à 20 000 entrées;catégorie E;;commune-centre;180;151;0;57,4;22;14,3;6,3;113;54,4
268;7 870;7 644;ASSOCIATION SAINT ETIENNE CINEMA;51;47.12792959999999;-2.215288200000032;324731;PAYS DE LA LOIRE;44136;1213;44;44401;Saint-Brevin-les-Pins;23405;unités urbaines de 20 000 à 100 000 habitants;1;52;257;3,00%;De 5 à 10 000 entrées;catégorie D;;banlieue;207;177;1;58,2;24,8;12,3;4,7;115;40,4
350;58 439;54 213;BAUCINE;41,5;44.734637;4.59441;326085;AUVERGNE / RHONE-ALPES;7186;8321;7;7301;Privas;14767;unités urbaines de moins de 20 000 habitants et zones rurales;3;53;2 678;7,80%;De 50 à 80 000 entrées;catégorie E;RDJPPR;commune-centre;322;255;57;47,7;42,3;7,2;2,8;203;38,6
400;11 947;9 971;THEATRE DE PROPRIANO VITA E CULTURA;17,2;41.671492;8.91212;326263;CORSE;2A249;3806;2A;2A104;Propriano;4531;unités urbaines de moins de 20 000 habitants et zones rurales;1;48;378;19,80%;De 10 à 20 000 entrées;non;;commune-centre;135;113;2;28,1;65,2;5,8;0,9;32;16,1
570;101 279;100 476;;18,7;48.559158;3.304398;326550;ILE-DE-FRANCE;77379;11683;77;77303;Provins;12905;petite couronne;4;53;6 712;0,80%;De 100 à 150 000 entrées;non;;commune-centre;205;150;76;28,2;67,3;3,6;0,9;95;15,3
200;5 726;5 822;BOUIS ANGELE JEANNE (NÉE DELFINO);29,7;42.003231;9.362695;326741;CORSE;2B251;3578;2B;2B101;Prunelli-di-Fiumorbo;3578;unités urbaines de moins de 20 000 habitants et zones rurales;1;43;167;-1,60%;De 5 à 10 000 entrées;non;;commune isolée;70;51;0;42,8;44;11,8;1,4;29;46,6
100;5 857;4 553;LE CINEMA DU SOLEIL;31,3;43.288803;6.130491;327092;PROVENCE-ALPES-COTE D'AZUR;83100;4177;83;83111;Puget-Ville;4177;unités urbaines de moins de 20 000 habitants et zones rurales;1;48;83;28,60%;De 5 à 10 000 entrées;non;;commune isolée;54;41;9;40,4;55,9;2;1,7;18;33,6
3642;1 494 797;1 438 481;UGC CINE CITE;31,3;48.876233;2.242749;327945;ILE-DE-FRANCE;92062;45146;92;851;Paris;10706072;grande couronne;16;53;34 158;3,90%;De 1 à 1,5 million d'entrées;non;;banlieue;392;286;253;26,1;65,8;5,5;2,6;189;24,4
480;54 771;49 748;;26,3;48.885137;2.239127;327961;ILE-DE-FRANCE;92062;45146;92;851;Paris;10706072;grande couronne;2;49;2 570;10,10%;De 50 à 80 000 entrées;non;;banlieue;145;99;24;30;58;9,7;2,3;75;25,6
1151;243 471;231 487;CINE DYKE;31,6;45.040387;3.886089;328244;AUVERGNE / RHONE-ALPES;43157;18909;43;43401;Le Puy-en-Velay;38205;unités urbaines de 20 000 à 100 000 habitants;6;53;7 661;5,20%;De 200 à 300 000 entrées;catégorie D;;commune-centre;257;195;122;40;54,5;4,4;1,1;137;23,8
195;6 129;5 488;;16,1;44.82571;6.498622;328621;PROVENCE-ALPES-COTE D'AZUR;5110;283;5;0;Zone rurale;14541106;unités urbaines de 100 000 habitants et plus;1;28;299;11,70%;De 5 à 10 000 entrées;non;;territoire rural;110;94;34;43,4;53,3;2,5;0,8;20;9,3
208;14 994;13 996;CINE PAX QUEND;30,9;50.323857;1.548679;329162;HAUTS DE FRANCE;80649;1391;80;0;Zone rurale;14541106;unités urbaines de 100 000 habitants et plus;1;52;1 241;7,10%;De 10 à 20 000 entrées;non;;territoire rural;194;151;4;44,5;47,2;6,5;1,8;80;21,9
334;50 429;45 798;ASSOCIATION IRIS CINEMA;43,8;47.662952;-2.454678;329501;BRETAGNE;56184;7440;56;56208;Questembert;7440;unités urbaines de moins de 20 000 habitants et zones rurales;2;52;1 705;10,10%;De 50 à 80 000 entrées;catégorie E;RDJPPR;commune isolée;307;226;33;48,9;39,2;9,2;2,7;189;37,5
2393;797 898;775 837;SAS DES CINEMAS DE QUETIGNY;14,2;47.311707;5.092506;329531;BOURGOGNE / FRANCHE-COMTE;21515;9651;21;21701;Dijon;243244;unités urbaines de 100 000 habitants et plus;12;53;21 321;2,80%;De 700 000 à 1 million d'entrées;non;;banlieue;233;192;190;28,4;66,8;4,1;0,7;40;12,6
242;38 795;34 398;;41,1;47.480187;-3.121863;329792;BRETAGNE;56186;4938;56;56201;Quiberon;4938;unités urbaines de moins de 20 000 habitants et zones rurales;2;53;1 769;12,80%;De 30 à 40 000 entrées;catégorie E;JP;commune isolée;276;214;37;52,2;36,8;8,2;2,8;148;35,6
210;7 642;7 415;CINEM AUDE 2000 VILLATGE AL PAIS;56,7;42.875502;2.184954;329941;OCCITANIE;11304;3336;11;11109;Quillan;3653;unités urbaines de moins de 20 000 habitants et zones rurales;1;51;471;3,10%;De 5 à 10 000 entrées;catégorie E;PR;commune-centre;261;197;4;47,4;30,5;16;6,1;166;68,9
785;52 467;29 644;LES CINEMAS DE L ODET;48;47.994608;-4.102191;330021;BRETAGNE;29232;63508;29;29501;Quimper;80005;unités urbaines de 20 000 à 100 000 habitants;6;53;6 729;77,00%;De 50 à 80 000 entrées;non;;commune-centre;187;143;115;59,9;28,7;9,3;2,1;112;65,1
216;34 557;58 449;CHAPEAU ROUGE;94,9;47.996139;-4.107921;330033;BRETAGNE;29232;63508;29;29501;Quimper;80005;unités urbaines de 20 000 à 100 000 habitants;2;35;2 050;-40,90%;De 30 à 40 000 entrées;catégorie D;RDJPPR;commune-centre;152;85;39;42,5;13,3;24,4;19,7;146;92,7
278;37 407;33 388;COMMUNE DE QUIMPERLE;48,3;47.874513;-3.545043;330052;BRETAGNE;29233;12018;29;29304;Quimperlé;14318;unités urbaines de moins de 20 000 habitants et zones rurales;1;49;638;12,00%;De 30 à 40 000 entrées;catégorie E;JPPR;commune-centre;251;192;18;50,9;37,4;8,5;3,1;155;40,7
200;9 288;8 271;ASSOCIATION LE ROCHONEN;33,9;48.401006;-2.912056;330431;BRETAGNE;22262;2809;22;22101;Quintin;2809;unités urbaines de moins de 20 000 habitants et zones rurales;1;52;289;12,30%;De 5 à 10 000 entrées;catégorie E;;commune isolée;144;112;3;62,7;30,6;3,1;3,5;57;45
99;11 244;12 279;COMMUNE DE RABASTENS;56,5;43.822342;1.724822;330574;OCCITANIE;81220;5448;81;81203;Rabastens;8235;unités urbaines de moins de 20 000 habitants et zones rurales;1;49;577;-8,40%;De 10 à 20 000 entrées;catégorie E;JP;commune-centre;210;166;1;53,9;27,2;13,2;5,8;128;56,4
320;31 899;37 971;LES VRAIS INSTANTS DE L' IMAGE;45,5;48.644508;1.823157;331271;ILE-DE-FRANCE;78517;25456;78;78401;Rambouillet;25456;petite couronne;2;45;2 429;-16,00%;De 30 à 40 000 entrées;catégorie D;;commune isolée;97;84;34;49,9;38,2;8,8;3,1;53;40,6
201;35 530;33 900;ASSOCIATION RAMONVILLE CINE;67,5;43.545097;1.484818;331401;OCCITANIE;31446;13829;31;31701;Toulouse;948433;unités urbaines de 100 000 habitants et plus;1;52;1 038;4,80%;De 30 à 40 000 entrées;catégorie C;RDJPPR;banlieue;311;219;2;63,3;18,8;10,6;7,3;225;68,4
403;26 530;24 185;ASSOCIATION LES AMIS RAONNAIS DU THEATRE;13,2;48.406279;6.8448;331964;GRAND EST;88372;6420;88;266;Raon-l'Étape;8069;unités urbaines de moins de 20 000 habitants et zones rurales;1;52;721;9,70%;De 20 à 30 000 entrées;non;;commune-centre;113;91;37;33,4;62,6;2,4;1,5;35;14,8
1065;221 092;202 450;MANIVEL CINEMA;36,9;47.643971;-2.08863;333304;BRETAGNE;35236;8914;35;452;Redon;20214;unités urbaines de 20 000 à 100 000 habitants;7;53;10 725;9,20%;De 200 à 300 000 entrées;catégorie D;RDJPPR;commune-centre;445;288;162;43,2;47,1;7,4;2,2;251;27,7
0;1 557;705;LE CINEMA DU SOLEIL;4,2;43.657393;6.130635;333600;PROVENCE-ALPES-COTE D'AZUR;83102;2512;83;0;Zone rurale;14541106;unités urbaines de 100 000 habitants et plus;1;10;24;120,90%;Moins de 2000 entrées;non;;territoire rural;10;10;2;24,5;69;6,5;0;1;6,5
341;17 283;15 160;ASSOCIATION CULTURELLE DE REICHSHOFFEN;38,6;48.931499;7.660695;333683;GRAND EST;67388;5397;67;67305;Reichshoffen - Niederbronn-les-Bains;14545;unités urbaines de moins de 20 000 habitants et zones rurales;1;52;698;14,00%;De 10 à 20 000 entrées;catégorie E;JP;commune-centre;218;156;0;37,3;40,2;20,3;2,1;115;49,1
200;27 296;23 102;CINEBUS;61,3;46.153096;6.238556;333751;AUVERGNE / RHONE-ALPES;74220;7585;74;652;Genève (SUI) - Annemasse (partie française);178404;unités urbaines de 100 000 habitants et plus;1;52;661;18,20%;De 20 à 30 000 entrées;catégorie C;JP;banlieue;173;126;1;66;17,2;9,6;7,2;112;59,7
1606;95 133;;GAUMONT;59,6;49.256421;4.026693;333901;GRAND EST;51454;184076;51;51701;Reims;212949;unités urbaines de 100 000 habitants et plus;11;16;5 205;;De 80 à 100 000 entrées;catégorie A;RDJPPR;commune-centre;141;115;75;51,5;41,2;4,2;3,1;97;56,8
607;112 126;158 197;OPERA DE REIMS;70,2;49.253618;4.027718;333961;GRAND EST;51454;184076;51;51701;Reims;212949;unités urbaines de 100 000 habitants et plus;5;37;6 795;-29,10%;De 100 à 150 000 entrées;non;;commune-centre;235;139;109;44,7;30,2;13,7;11,3;195;67,8
374;57 810;53 629;LE PETIT LORRAIN;24,2;48.016226;6.594837;334601;GRAND EST;88383;7741;88;88401;Remiremont;21669;unités urbaines de 20 000 à 100 000 habitants;2;53;2 267;7,80%;De 50 à 80 000 entrées;catégorie D;;commune-centre;201;158;58;36,5;57,4;4,9;1,3;100;21
218;15 057;13 986;ASSOCIATION AVANT GARDE DE RENAZE;32,9;47.794318;-1.057793;334921;PAYS DE LA LOIRE;53188;2529;53;53104;Renazé;2529;unités urbaines de moins de 20 000 habitants et zones rurales;1;49;292;7,70%;De 10 à 20 000 entrées;catégorie E;;commune isolée;118;83;1;60,9;26,3;12,2;0,6;47;33
373;119 756;113 235;ASSOCIATION ARVOR CINEMA ET CULTURE;96,7;48.11601;-1.67887;335054;BRETAGNE;35238;215366;35;35701;Rennes;330871;unités urbaines de 100 000 habitants et plus;2;53;3 469;5,80%;De 100 à 150 000 entrées;catégorie A;RDJP;commune-centre;228;130;101;58,1;15;14,9;12;182;92,3
495;92 817;83 369;THEATRE NATIONAL DE BRETAGNE CENTRE EUROPEEN DE PRODUCTION;90,7;48.107745;-1.67277;335055;BRETAGNE;35238;215366;35;35701;Rennes;330871;unités urbaines de 100 000 habitants et plus;2;49;3 001;11,30%;De 80 à 100 000 entrées;catégorie A;RDJPPR;commune-centre;239;99;74;63,6;11;10,2;15,2;205;87,3
1230;188 548;273 374;;14,1;48.104927;-1.678362;335073;BRETAGNE;35238;215366;35;35701;Rennes;330871;unités urbaines de 100 000 habitants et plus;6;40;6 867;-31,00%;De 150 à 200 000 entrées;non;;commune-centre;154;103;62;24,7;69,7;4,9;0,6;59;13,4
2800;842 670;795 537;;30,8;48.106343;-1.675345;335108;BRETAGNE;35238;215366;35;35701;Rennes;330871;unités urbaines de 100 000 habitants et plus;13;53;23 699;5,90%;De 700 000 à 1 million d'entrées;non;;commune-centre;331;248;234;35,2;56,2;5,5;3;115;30,6
249;16 542;17 420;ASSOCIATION ECRAN REOLAIS;43;44.582404;-0.036426;335303;NOUVELLE AQUITAINE;33352;4173;33;33206;La Réole;6644;unités urbaines de moins de 20 000 habitants et zones rurales;1;53;976;-5,00%;De 10 à 20 000 entrées;catégorie E;JPPR;commune-centre;313;261;11;43,9;42,8;9,3;3,9;157;40,2
88;5 503;6 491;BENAC HERVE;35,6;44.032421;2.535913;335473;OCCITANIE;12197;2005;12;0;Zone rurale;14541106;unités urbaines de 100 000 habitants et plus;1;52;390;-15,20%;De 5 à 10 000 entrées;non;;territoire rural;107;90;0;65,7;19,3;11,8;3,2;42;40,2
169;15 605;12 657;CINEMA LE RESTERIA;35,7;47.914523;-1.380231;335711;BRETAGNE;35239;4267;35;35201;Retiers;6043;unités urbaines de moins de 20 000 habitants et zones rurales;1;53;448;23,30%;De 10 à 20 000 entrées;catégorie E;;commune-centre;212;169;4;49,3;43,6;5,7;1,4;98;29
100;5 644;8 080;CINE LUX;35,5;45.186514;4.029204;335751;AUVERGNE / RHONE-ALPES;43162;2899;43;0;Zone rurale;14541106;unités urbaines de 100 000 habitants et plus;1;43;259;-30,10%;De 5 à 10 000 entrées;catégorie E;;territoire rural;93;73;0;78,4;19,7;1,9;0;37;36,9
193;41 071;37 186;VEO CINEMAS;29;43.457554;2.006074;336023;OCCITANIE;31451;9546;31;31209;Revel;9546;unités urbaines de moins de 20 000 habitants et zones rurales;1;53;1 049;10,40%;De 40 à 50 000 entrées;catégorie E;JP;commune isolée;194;146;38;44,4;44,9;9,4;1,3;82;29,6
285;17 780;15 000;GUYOT FREDERIC PAUL ROGER;32,5;49.615851;-1.26046;336191;NORMANDIE;50433;1092;50;0;Zone rurale;14541106;unités urbaines de 100 000 habitants et plus;2;46;1 260;18,50%;De 10 à 20 000 entrées;catégorie E;;territoire rural;218;191;29;49,8;40,5;7,8;1,9;118;31,1
425;34 346;26 093;CINEMA ST PAUL;62;47.183872;-1.543971;336432;PAYS DE LA LOIRE;44143;39649;44;44701;Nantes;633690;unités urbaines de 100 000 habitants et plus;1;49;563;31,60%;De 30 à 40 000 entrées;catégorie C;;banlieue;255;194;0;60,7;20,7;8;10,6;174;58,7
190;11 438;8 640;SOCIETE CINOR;41,2;48.194474;7.323025;336732;GRAND EST;68269;4746;68;68124;Ribeauvillé;4746;unités urbaines de moins de 20 000 habitants et zones rurales;1;52;340;32,40%;De 10 à 20 000 entrées;catégorie E;;commune isolée;193;148;1;49,4;27,2;19,4;4;99;42,4
314;25 871;25 128;COMMUNE DE RIBERAC;46,9;45.244774;0.339095;336801;NOUVELLE AQUITAINE;24352;3932;24;24202;Ribérac;5555;unités urbaines de moins de 20 000 habitants et zones rurales;1;53;931;3,00%;De 20 à 30 000 entrées;catégorie E;RDJPPR;commune-centre;300;230;6;47,8;40,1;9,5;2,6;175;43,8
246;12 893;13 067;ASSOCIATION LES RICHELAIS DU CARDINAL;36,1;47.014742;0.322461;337051;CENTRE-VAL DE LOIRE;37196;1787;37;37101;Richelieu;2341;unités urbaines de moins de 20 000 habitants et zones rurales;1;49;785;-1,30%;De 10 à 20 000 entrées;catégorie E;JP;commune-centre;157;134;2;59,8;31,6;7,4;1,2;69;34,2
239;11 587;10 576;COMMUNAUTE DE COMMUNES AVEYRON SEGALA VIAUR;64,6;44.3078;2.237623;337353;OCCITANIE;12198;1990;12;0;Zone rurale;14541106;unités urbaines de 100 000 habitants et plus;1;52;367;9,60%;De 10 à 20 000 entrées;catégorie E;;territoire rural;278;236;1;61,4;13,9;16,5;8,2;191;65,5
590;50 347;34 146;;30,3;45.81862;4.904221;337784;AUVERGNE / RHONE-ALPES;69286;30375;69;758;Lyon;1639558;unités urbaines de 100 000 habitants et plus;3;53;3 725;47,40%;De 50 à 80 000 entrées;catégorie C;;banlieue;327;226;52;41;49,8;7,1;2,1;180;27
543;95 908;12 880;CINERIOM;36,1;45.894648;3.119978;338145;AUVERGNE / RHONE-ALPES;63300;18987;63;63401;Riom;33406;unités urbaines de 20 000 à 100 000 habitants;3;53;4 943;644,60%;De 80 à 100 000 entrées;catégorie D;JPPR;commune-centre;213;143;66;43,2;50,2;5,4;1,2;127;31,8
64;5 072;4 978;ASSOCIATION CINEMA Z;26,5;43.913839;-0.91372;338172;NOUVELLE AQUITAINE;40243;2937;40;0;Zone rurale;14541106;unités urbaines de 100 000 habitants et plus;1;52;498;1,90%;De 5 à 10 000 entrées;catégorie E;;territoire rural;188;167;49;45,8;43;10,5;0,7;64;23,3
184;10 854;9 777;LE PRE BOURGES;36,1;45.281368;2.657031;338212;AUVERGNE / RHONE-ALPES;15162;2591;15;15102;Riom-ès-Montagnes;2591;unités urbaines de moins de 20 000 habitants et zones rurales;1;48;327;11,00%;De 10 à 20 000 entrées;catégorie E;;commune isolée;162;135;0;53,3;39,1;6,5;1,1;74;29,8
709;71 146;62 466;ASSOCIATION GESTION SALLE ROBERT DESNOS;71,1;48.65291;2.418053;338332;ILE-DE-FRANCE;91521;27797;91;851;Paris;10706072;petite couronne;3;50;3 734;13,90%;De 50 à 80 000 entrées;catégorie C;RDJPPR;banlieue;326;196;61;51;26,3;15,7;6,9;238;62,4
291;22 093;18 660;ASSOCIATION GESTION SALLE ROBERT DESNOS;58,1;48.651395;2.414242;338335;ILE-DE-FRANCE;91521;27797;91;851;Paris;10706072;petite couronne;1;53;1 391;18,40%;De 20 à 30 000 entrées;non;;banlieue;156;112;29;66,2;17,7;11,4;4,6;111;58
308;13 356;13 445;CINE GUIL;15,5;44.647615;6.629737;338342;PROVENCE-ALPES-COTE D'AZUR;5119;638;5;0;Zone rurale;14541106;unités urbaines de 100 000 habitants et plus;2;29;845;-0,70%;De 10 à 20 000 entrées;non;;territoire rural;75;55;14;42,3;51,5;5,8;0,5;12;8,7
384;58 019;59 060;COMMUNE DE RIVE DE GIER;39,9;45.528846;4.614829;338461;AUVERGNE / RHONE-ALPES;42186;15182;42;753;Saint-Étienne;373130;unités urbaines de 100 000 habitants et plus;2;53;2 627;-1,80%;De 50 à 80 000 entrées;catégorie C;RDJPPR;banlieue;284;194;35;44,6;43,7;8,2;3,5;162;37,9
2143;344 370;338 304;RIVEMOND;14,3;42.765685;2.868611;338590;OCCITANIE;66164;8678;66;66601;Perpignan;200971;unités urbaines de 100 000 habitants et plus;12;53;23 908;1,80%;De 300 à 450 000 entrées;non;;banlieue;235;186;182;24,2;70,7;4;1,1;37;10,3
224;26 414;23 997;ASSOCIATION CENTRE SOCIO CULTUREL LA PASSERELLE;38,5;47.750793;7.411718;338902;GRAND EST;68278;13990;68;68701;Mulhouse;246511;unités urbaines de 100 000 habitants et plus;1;50;977;10,10%;De 20 à 30 000 entrées;catégorie C;JP;banlieue;241;184;2;43,5;30,7;18,3;7,6;122;33,9
429;61 455;59 197;CINE RIVAGE;91,4;46.038163;4.069538;338953;AUVERGNE / RHONE-ALPES;42187;34831;42;42502;Roanne;79899;unités urbaines de 20 000 à 100 000 habitants;2;49;2 602;3,80%;De 50 à 80 000 entrées;catégorie D;RDJPPR;commune-centre;235;154;46;66,4;9,3;17;7,3;217;80
1919;364 942;356 212;CINEMA LE MAJESTIC;14,7;46.037107;4.06479;339013;AUVERGNE / RHONE-ALPES;42187;34831;42;42502;Roanne;79899;unités urbaines de 20 000 à 100 000 habitants;9;53;13 879;2,50%;De 300 à 450 000 entrées;non;;commune-centre;201;179;177;35,3;60,4;3,9;0,5;28;12,8
258;24 450;9 036;MJC DE LA ROCHE SUR FORON ET DU PAYS ROCHOIS;66,3;46.066503;6.314579;339254;AUVERGNE / RHONE-ALPES;74224;11659;74;74502;Cluses;89490;unités urbaines de 20 000 à 100 000 habitants;1;48;540;170,60%;De 20 à 30 000 entrées;non;;commune-centre;167;108;1;56,1;27,6;7,5;8,8;120;58,6
260;41 204;37 191;ASSOCIATION CULTURELLE LOISIRS;35,4;47.517686;-2.300226;339311;BRETAGNE;56195;666;56;0;Zone rurale;14541106;unités urbaines de 100 000 habitants et plus;2;53;1 719;10,80%;De 40 à 50 000 entrées;catégorie E;RDJP;territoire rural;314;259;65;49,3;41,7;6,9;2,1;170;25,2
161;14 110;12 881;ARTS ET TECHNIQUES;37,5;45.148742;0.014338;339491;NOUVELLE AQUITAINE;24354;2970;24;170;La Roche-Chalais - Saint-Aigulin;4865;unités urbaines de moins de 20 000 habitants et zones rurales;1;53;749;9,50%;De 10 à 20 000 entrées;catégorie E;JP;commune-centre;247;192;2;49,5;41;8,5;0,9;113;26
1310;270 571;254 498;;25,7;45.93763;-0.966174;339664;NOUVELLE AQUITAINE;17299;24045;17;17403;Rochefort;38325;unités urbaines de 20 000 à 100 000 habitants;8;53;12 322;6,30%;De 200 à 300 000 entrées;catégorie D;;commune-centre;283;223;159;36;57;5,4;1,6;124;20,9
130;9 429;8 963;LE BISTROT;44,5;45.740934;0.383249;339713;NOUVELLE AQUITAINE;16281;2954;16;16104;La Rochefoucauld;2954;unités urbaines de moins de 20 000 habitants et zones rurales;1;52;434;5,20%;De 5 à 10 000 entrées;catégorie E;;commune isolée;217;181;1;59,8;24,1;11,8;4,4;106;43,3
350;9 142;9 228;;33;45.434822;4.32352;339810;AUVERGNE / RHONE-ALPES;42189;9868;42;753;Saint-Étienne;373130;unités urbaines de 100 000 habitants et plus;1;38;97;-0,90%;De 5 à 10 000 entrées;non;;banlieue;59;37;0;45,9;30,7;19,2;4,2;23;33,3
777;23 806;29 917;CGR CINEMAS;96;46.162612;-1.152316;339851;NOUVELLE AQUITAINE;17300;75404;17;17601;La Rochelle;128466;unités urbaines de 100 000 habitants et plus;3;53;2 481;-20,40%;De 20 à 30 000 entrées;catégorie B;PR;commune-centre;195;145;88;53,3;12,6;13,9;20,3;176;92,9
1280;49 858;49 568;ASSOCIATION POUR UNE NOUVELLE SCENE;94;46.156657;-1.154697;339852;NOUVELLE AQUITAINE;17300;75404;17;17601;La Rochelle;128466;unités urbaines de 100 000 habitants et plus;2;45;1 330;0,60%;De 40 à 50 000 entrées;catégorie B;RDJPPR;commune-centre;108;64;42;58,3;10,2;13,9;17,6;104;92,5
1024;177 351;158 342;CGR CINEMAS;61,1;46.157744;-1.153595;339871;NOUVELLE AQUITAINE;17300;75404;17;17601;La Rochelle;128466;unités urbaines de 100 000 habitants et plus;6;53;10 156;12,00%;De 150 à 200 000 entrées;non;;commune-centre;256;207;191;59,5;26,6;10,1;3,9;170;58,9
2421;665 690;638 115;RAYLUMOND;13,1;46.147254;-1.153689;339911;NOUVELLE AQUITAINE;17300;75404;17;17601;La Rochelle;128466;unités urbaines de 100 000 habitants et plus;12;53;24 684;4,30%;De 450 à 700 000 entrées;non;;commune-centre;253;206;191;30,7;64,6;3,9;0,8;43;12,1
233;7 683;7 370;ASSOCIATION SYNDICAT D'INITIATIVE;56,2;46.785295;0.811448;340043;NOUVELLE AQUITAINE;86207;1551;86;0;Zone rurale;14541106;unités urbaines de 100 000 habitants et plus;1;48;450;4,20%;De 5 à 10 000 entrées;catégorie E;;territoire rural;178;150;0;65,1;19,5;10,3;5,1;114;48,7
50;14 888;13 777;;54,3;45.815626;0.307695;340411;NOUVELLE AQUITAINE;16282;530;16;0;Zone rurale;14541106;unités urbaines de 100 000 habitants et plus;1;50;348;8,10%;De 10 à 20 000 entrées;catégorie E;;territoire rural;137;84;0;71,5;10,2;13,7;4,6;80;53,3
1603;306 363;292 214;LES CINEMAS DE RODEZ;27;44.34873;2.57572;340874;OCCITANIE;12202;23949;12;12402;Rodez;50571;unités urbaines de 20 000 à 100 000 habitants;10;53;20 013;4,80%;De 300 à 450 000 entrées;catégorie D;RDJPPR;commune-centre;371;266;203;41,3;52,8;4,6;1,3;181;23,1
192;16 013;15 805;COMMUNE DE ROISSY EN BRIE;21,2;48.793178;2.648662;341321;ILE-DE-FRANCE;77390;23048;77;851;Paris;10706072;petite couronne;1;52;656;1,30%;De 10 à 20 000 entrées;non;;banlieue;142;119;2;28,6;62,3;6,3;2,9;41;16,3
436;65 724;57 109;ASSOCIATION COMITE GESTION CINEMA TRIANON;62,6;48.883869;2.44086;341652;ILE-DE-FRANCE;93063;26031;93;851;Paris;10706072;grande couronne;1;48;1 306;15,10%;De 50 à 80 000 entrées;catégorie C;RDJPPR;banlieue;258;160;9;51,8;28,6;8,9;10,7;172;50,3
1069;190 426;182 330;SOCIETE ROMANAISE CINEMATOGRAPHIQUE;20,7;45.045939;5.054595;341752;AUVERGNE / RHONE-ALPES;26281;33465;26;26501;Romans-sur-Isère;57105;unités urbaines de 20 000 à 100 000 habitants;8;53;10 579;4,40%;De 150 à 200 000 entrées;non;;commune-centre;235;214;198;33,7;61,8;4;0,5;67;14,8
434;38 609;41 201;SOCIETE ROMANAISE CINEMATOGRAPHIQUE;77,1;45.046219;5.050587;341771;AUVERGNE / RHONE-ALPES;26281;33465;26;26501;Romans-sur-Isère;57105;unités urbaines de 20 000 à 100 000 habitants;3;48;2 669;-6,30%;De 30 à 40 000 entrées;catégorie D;JP;commune-centre;183;141;89;56,3;23,3;9,5;10,9;136;74
209;23 493;21 600;;41,4;48.213608;-1.892787;342020;BRETAGNE;35245;3878;35;35112;Romillé;3878;unités urbaines de moins de 20 000 habitants et zones rurales;1;49;638;8,80%;De 20 à 30 000 entrées;catégorie E;JPPR;commune isolée;247;199;7;57,5;30;10,2;2,3;125;37,2
698;74 093;73 132;ASSOCIATION CINEMA EDEN;20,4;48.516527;3.723266;342071;GRAND EST;10323;14493;10;10301;Romilly-sur-Seine;16856;unités urbaines de moins de 20 000 habitants et zones rurales;3;53;3 440;1,30%;De 50 à 80 000 entrées;catégorie E;;commune-centre;205;158;70;29,8;62,5;4,7;2,9;96;19,5
488;75 672;67 638;CINEXPANSION  DU VAL DE LOIRE SARL;23;47.358326;1.745177;342112;CENTRE-VAL DE LOIRE;41194;17748;41;41301;Romorantin-Lanthenay;17748;unités urbaines de moins de 20 000 habitants et zones rurales;3;53;2 784;11,90%;De 50 à 80 000 entrées;catégorie E;PR;commune isolée;231;179;69;40,9;53,4;5;0,7;116;19,7
137;21 078;17 599;MAISON DES ASSOCIATIONS;34;50.750026;3.123334;342332;HAUTS DE FRANCE;59508;13657;59;59702;Lille (partie française);1039397;unités urbaines de 100 000 habitants et plus;1;45;473;19,80%;De 20 à 30 000 entrées;non;;banlieue;170;134;0;45,5;41,7;9,3;3,6;64;35,6
372;37 556;33 151;;34,3;43.665141;7.049995;342900;PROVENCE-ALPES-COTE D'AZUR;6105;6628;6;6701;Nice;943354;unités urbaines de 100 000 habitants et plus;2;53;2 086;13,30%;De 30 à 40 000 entrées;catégorie C;;banlieue;298;250;37;44,9;42,7;9,4;3;146;31
230;1 140;1 667;;62,5;43.510867;1.379784;343010;OCCITANIE;31458;4469;31;31701;Toulouse;948433;unités urbaines de 100 000 habitants et plus;1;9;24;-31,60%;Moins de 2000 entrées;non;;banlieue;13;5;0;54,1;24,6;7,6;13,7;13;67
200;13 252;11 496;CINEMA SAINTE BARBE;36,9;48.724745;-3.984009;343321;BRETAGNE;29239;3354;29;29305;Saint-Pol-de-Léon;12288;unités urbaines de moins de 20 000 habitants et zones rurales;1;52;415;15,30%;De 10 à 20 000 entrées;catégorie E;;banlieue;158;130;16;55,1;29,3;11,6;4;71;35,5
352;26 049;21 566;AEP JEAN BECQUE;37,9;44.482369;4.255896;343491;AUVERGNE / RHONE-ALPES;7199;1188;7;7402;Aubenas;41552;unités urbaines de 20 000 à 100 000 habitants;2;52;1 260;20,80%;De 20 à 30 000 entrées;catégorie D;;banlieue;295;263;3;51,7;40,2;5,5;2,7;132;31,7
3324;1 170 575;1 110 865;UGC CINE CITE ILE DE FRANCE;18,9;48.880702;2.480345;343750;ILE-DE-FRANCE;93064;44728;93;851;Paris;10706072;grande couronne;15;53;31 407;5,40%;De 1 à 1,5 million d'entrées;non;;banlieue;298;206;205;23,7;71,1;4,3;0,9;100;14,2
229;14 574;11 408;COMMUNE DE ROSNY SOUS BOIS;58,9;48.873327;2.482728;343762;ILE-DE-FRANCE;93064;44728;93;851;Paris;10706072;grande couronne;1;43;355;27,80%;De 10 à 20 000 entrées;catégorie C;;banlieue;145;103;2;53;22,4;17,7;7;102;56,2
227;16 170;13 246;ASSOCIATION CINE BREIZ;40,9;48.237305;-3.316257;343951;BRETAGNE;22266;3101;22;22110;Rostrenen;3101;unités urbaines de moins de 20 000 habitants et zones rurales;1;52;815;22,10%;De 10 à 20 000 entrées;catégorie E;JP;commune isolée;271;222;12;48,3;40,4;8,8;2,5;138;35
145;4 381;4 788;;25,9;48.459054;7.210973;344002;GRAND EST;67414;1554;67;67304;La Broque;13376;unités urbaines de moins de 20 000 habitants et zones rurales;1;46;135;-8,50%;De 2 à 5 000 entrées;non;;commune-centre;113;83;0;46,3;39,1;13,9;0,7;27;37,1
1590;212 663;224 424;;22,7;50.691883;3.165548;344352;HAUTS DE FRANCE;59512;96077;59;59702;Lille (partie française);1039397;unités urbaines de 100 000 habitants et plus;9;53;14 718;-5,20%;De 200 à 300 000 entrées;non;;banlieue;238;173;161;29,8;62,3;5,6;2,2;79;22
1345;250 466;225 067;GAUMONT;88,8;49.438455;1.096887;344532;NORMANDIE;76540;110169;76;755;Rouen;467133;unités urbaines de 100 000 habitants et plus;7;53;12 390;11,30%;De 200 à 300 000 entrées;catégorie A;RDJPPR;commune-centre;577;386;282;54;21,3;12,8;11,9;497;88,4
2539;197 592;163 913;EDEN PANORAMA;18,2;49.430638;1.085206;344571;NORMANDIE;76540;110169;76;755;Rouen;467133;unités urbaines de 100 000 habitants et plus;14;53;25 522;20,50%;De 150 à 200 000 entrées;non;;commune-centre;354;243;213;25;65,7;5,8;3,4;78;17,3
3021;842 411;868 253;;25,4;49.444934;1.067208;344590;NORMANDIE;76540;110169;76;755;Rouen;467133;unités urbaines de 100 000 habitants et plus;14;53;27 710;-3,00%;De 700 000 à 1 million d'entrées;non;;commune-centre;276;197;191;29,7;65,5;4;0,9;92;17,7
112;20 209;15 863;ASSOCIATION POUR LE DEVELOPPEMENT AUDIOVISUEL EN MILIEU RURAL;24,7;43.839788;6.151962;345421;PROVENCE-ALPES-COTE D'AZUR;4172;746;4;0;Zone rurale;14541106;unités urbaines de 100 000 habitants et plus;1;49;530;27,40%;De 20 à 30 000 entrées;non;;territoire rural;130;106;4;31,6;60;5,4;3;37;22,7
291;25 132;22 820;MODERNE CINEMA;18,5;46.484074;6.058293;345631;BOURGOGNE / FRANCHE-COMTE;39470;3410;39;0;Zone rurale;14541106;unités urbaines de 100 000 habitants et plus;2;53;1 855;10,10%;De 20 à 30 000 entrées;non;;territoire rural;204;175;40;34,3;60,2;4,1;1,4;71;15,1
1076;272 378;167 801;CINÉMA & LOISIRS;16,3;45.62416;-1.025656;346502;NOUVELLE AQUITAINE;17306;18393;17;17402;Royan;35729;unités urbaines de 20 000 à 100 000 habitants;6;53;9 071;62,30%;De 200 à 300 000 entrées;non;;commune-centre;202;165;139;41,4;55,1;3,2;0,2;43;15,2
326;26 379;26 253;;15,3;49.69929;2.790104;346622;HAUTS DE FRANCE;80685;5972;80;80203;Roye;5972;unités urbaines de moins de 20 000 habitants et zones rurales;1;49;845;0,50%;De 20 à 30 000 entrées;non;;commune isolée;174;153;17;31,2;63,4;4,8;0,7;63;15,2
689;122 157;110 058;CINE RUEIL;56,1;48.879844;2.180852;347162;ILE-DE-FRANCE;92063;78794;92;851;Paris;10706072;grande couronne;3;51;4 179;11,00%;De 100 à 150 000 entrées;catégorie C;;banlieue;142;105;59;61,3;23,7;11,3;3,7;89;51,9
688;149 097;141 698;;9,7;48.862565;2.194794;347175;ILE-DE-FRANCE;92063;78794;92;851;Paris;10706072;grande couronne;3;53;3 977;5,20%;De 100 à 150 000 entrées;non;;banlieue;93;75;65;23,9;71,5;4,2;0,4;21;11,2
271;20 881;16 140;ASSOCIATION D EDUCATION POPULAIRE DE RUFFEC;35,8;46.027187;0.203603;347302;NOUVELLE AQUITAINE;16292;3477;16;16106;Ruffec;3947;unités urbaines de moins de 20 000 habitants et zones rurales;2;53;988;29,40%;De 20 à 30 000 entrées;catégorie E;JP;commune-centre;272;228;3;48,8;40,5;7,6;3,1;126;37,8
516;87 847;75 398;;29,7;45.85878;5.957306;347732;AUVERGNE / RHONE-ALPES;74225;14931;74;74302;Rumilly;16812;unités urbaines de moins de 20 000 habitants et zones rurales;3;53;3 154;16,50%;De 80 à 100 000 entrées;catégorie E;RDJP;commune-centre;304;237;95;37,3;56,5;4,9;1,3;148;21
245;11 189;11 023;ASSOCIATION D' EDUCATION POPULAIRE CINEMA LE FOYER;27,3;44.453436;4.339659;347831;AUVERGNE / RHONE-ALPES;7201;2258;7;7111;Ruoms;3764;unités urbaines de moins de 20 000 habitants et zones rurales;1;50;549;1,50%;De 10 à 20 000 entrées;catégorie E;;commune-centre;200;175;1;44,5;47,5;4,1;3,9;79;25,9
798;224 167;200 233;LE PALACE DES SABLES D'OLONNE;23;46.501653;-1.786349;348296;PAYS DE LA LOIRE;85194;13940;85;85403;Les Sables-d'Olonne;42649;unités urbaines de 20 000 à 100 000 habitants;5;53;6 130;12,00%;De 200 à 300 000 entrées;non;;commune-centre;211;173;128;43,4;51,8;3,9;0,8;73;19,9
500;35 418;32 365;BOISRAME ROGER;17,7;47.840861;-0.334058;348311;PAYS DE LA LOIRE;72264;12496;72;72302;Sablé-sur-Sarthe;14863;unités urbaines de moins de 20 000 habitants et zones rurales;1;52;1 136;9,40%;De 30 à 40 000 entrées;non;;commune-centre;122;91;48;44,7;50,1;4,9;0,4;39;25,8
655;6 579;6 941;ASSOCIATION ENTRACTE;80;47.839188;-0.3382865999999467;348314;PAYS DE LA LOIRE;72264;12496;72;72302;Sablé-sur-Sarthe;14863;unités urbaines de moins de 20 000 habitants et zones rurales;1;32;90;-5,20%;De 5 à 10 000 entrées;non;;commune-centre;49;29;0;47,5;12,4;14,3;25,9;43;75,5
103;5 347;4 480;ASSOCIATION CULTURE ET LOISIRS DE SABRES;42,7;44.152438;-0.737033;348442;NOUVELLE AQUITAINE;40246;1196;40;0;Zone rurale;14541106;unités urbaines de 100 000 habitants et plus;1;50;398;19,40%;De 5 à 10 000 entrées;catégorie E;;territoire rural;188;156;0;47;31,6;19,4;2;90;41,2
199;13 936;12 474;UNION REG FEDERATIONS OEUVRES LAIQUES AUVERGNE RHONE ALPES;56,9;45.809747;4.596802;349322;AUVERGNE / RHONE-ALPES;69171;2309;69;69303;L'Arbresle;20735;unités urbaines de 20 000 à 100 000 habitants;1;43;202;11,70%;De 10 à 20 000 entrées;catégorie D;;banlieue;158;122;0;63,1;18,3;12,5;6,1;91;54,9
520;42 553;42 135;PIZZO ANTOINE;87,2;45.747157;-0.634183;349492;NOUVELLE AQUITAINE;17415;25288;17;17401;Saintes;29362;unités urbaines de 20 000 à 100 000 habitants;2;48;1 619;1,00%;De 40 à 50 000 entrées;catégorie D;RDJPPR;commune-centre;196;130;41;50,2;15,1;25,1;9,6;178;86,2
1256;379 835;381 360;;14,5;45.74154;-0.691811;349524;NOUVELLE AQUITAINE;17415;25288;17;17401;Saintes;29362;unités urbaines de 20 000 à 100 000 habitants;8;53;10 803;-0,40%;De 300 à 450 000 entrées;non;;commune-centre;205;174;164;34,9;61,7;3;0,4;34;12,1
172;10 194;8 650;LE CINEMA DU SOLEIL;35,2;43.561544;6.236388;350023;PROVENCE-ALPES-COTE D'AZUR;83121;3889;83;83202;Salernes;6051;unités urbaines de moins de 20 000 habitants et zones rurales;1;49;651;17,80%;De 10 à 20 000 entrées;catégorie E;;commune-centre;137;102;20;45,7;45,8;5,8;2,8;72;33,6
138;21 253;19 101;;53,3;43.471607;-0.927756;350169;NOUVELLE AQUITAINE;64499;4741;64;64107;Salies-de-Béarn;4741;unités urbaines de moins de 20 000 habitants et zones rurales;1;52;1 118;11,30%;De 20 à 30 000 entrées;catégorie E;RDJPPR;commune isolée;243;174;20;47,6;35,6;11,3;5,6;160;48
149;679;536;;15,6;47.620428;4.88235;350390;BOURGOGNE / FRANCHE-COMTE;21579;217;21;0;Zone rurale;14541106;unités urbaines de 100 000 habitants et plus;1;31;32;26,70%;Moins de 2000 entrées;non;;territoire rural;31;27;0;83,1;16,3;0,6;0;5;24,3
1554;400 273;394 874;;23,2;45.944805;6.630005;350414;AUVERGNE / RHONE-ALPES;74256;16050;74;462;Sallanches;44281;unités urbaines de 20 000 à 100 000 habitants;10;53;16 227;1,40%;De 300 à 450 000 entrées;catégorie D;;commune-centre;319;256;201;33,2;61,3;4,3;1,2;128;17
430;9 726;10 072;SOCIETE DES CINEMAS DE LA GUISANE;9,5;44.915761;6.542422;350542;PROVENCE-ALPES-COTE D'AZUR;5161;1003;5;5301;Briançon;17468;unités urbaines de moins de 20 000 habitants et zones rurales;2;27;641;-3,40%;De 5 à 10 000 entrées;non;;banlieue;61;52;22;46,7;47,7;3,1;2,5;6;8,1
162;18 091;14 976;GONZALEZ PHILIPPE;37,6;44.550748;-0.869882;350641;NOUVELLE AQUITAINE;33498;6785;33;33204;Salles;6785;unités urbaines de moins de 20 000 habitants et zones rurales;1;52;489;20,80%;De 10 à 20 000 entrées;catégorie E;;commune isolée;241;198;31;39;53,9;5,6;1,5;128;25,7
472;62 007;63 879;CINE SPECTACLES;35,8;43.637405;5.099136;351034;PROVENCE-ALPES-COTE D'AZUR;13103;44836;13;13501;Salon-de-Provence;60408;unités urbaines de 20 000 à 100 000 habitants;2;53;3 069;-2,90%;De 50 à 80 000 entrées;catégorie D;;commune-centre;252;230;46;24;71,4;2,4;2,1;135;20,9
838;154 388;149 685;CINE SPECTACLES;27,7;43.637886;5.099752;351052;PROVENCE-ALPES-COTE D'AZUR;13103;44836;13;13501;Salon-de-Provence;60408;unités urbaines de 20 000 à 100 000 habitants;6;53;9 994;3,10%;De 150 à 200 000 entrées;catégorie D;RDJPPR;commune-centre;450;301;210;31,9;57,7;7,4;3;240;25,9
187;12 551;11 722;FOYER RURAL DE SAMATAN;43,8;43.490681;0.929457;351333;OCCITANIE;32410;2377;32;0;Zone rurale;14541106;unités urbaines de 100 000 habitants et plus;1;52;443;7,10%;De 10 à 20 000 entrées;catégorie E;JPPR;territoire rural;291;228;36;48,8;39,6;7,8;3,8;145;41,6
304;11 160;12 455;CINEMONDE;10,5;46.0819758;6.727133399999957;351441;AUVERGNE / RHONE-ALPES;74258;2396;74;74110;Samoëns;3743;unités urbaines de moins de 20 000 habitants et zones rurales;1;30;380;-10,40%;De 10 à 20 000 entrées;non;;commune-centre;82;65;44;43;52,5;3,6;0,9;13;10,8
234;49 165;44 561;CINEMA A B C;29,1;43.117504;5.799215;351621;PROVENCE-ALPES-COTE D'AZUR;83123;16168;83;757;Toulon;569793;unités urbaines de 100 000 habitants et plus;1;53;1 888;10,30%;De 40 à 50 000 entrées;non;;banlieue;151;143;120;56,7;34,5;6,3;2,5;53;28,9
426;18 427;17 990;;53,7;50.59221;2.959712;352223;HAUTS DE FRANCE;59553;5811;59;59702;Lille (partie française);1039397;unités urbaines de 100 000 habitants et plus;1;43;136;2,40%;De 10 à 20 000 entrées;non;;banlieue;78;51;0;67;22,1;7,8;3,1;39;50,8
2436;723 903;667 427;MARTROI;13,5;47.94652;1.895679;352610;CENTRE-VAL DE LOIRE;45302;16259;45;45701;Orléans;278131;unités urbaines de 100 000 habitants et plus;10;53;18 549;8,50%;De 700 000 à 1 million d'entrées;non;;banlieue;176;141;136;27,3;69,2;3,1;0,4;22;11,1
979;149 148;142 245;;33,8;44.885645;1.216981;352923;NOUVELLE AQUITAINE;24520;9030;24;24205;Sarlat-la-Canéda;9030;unités urbaines de moins de 20 000 habitants et zones rurales;6;53;8 668;4,90%;De 100 à 150 000 entrées;catégorie E;RDJPPR;commune isolée;438;290;168;40,1;52,9;4,9;2,1;235;26,8
853;170 756;166 678;ASSOCIATION LE LORRAIN;21,3;48.736261;7.05462;353161;GRAND EST;57630;12259;57;57302;Sarrebourg;15917;unités urbaines de moins de 20 000 habitants et zones rurales;5;53;6 025;2,40%;De 150 à 200 000 entrées;catégorie E;RDJP;commune-centre;281;202;133;29,6;63,1;5,8;1,5;135;15,8
1394;209 244;205 357;SOCIETE NOUVELLE DES CINEMAS MELIES;21,6;49.11063;7.070985;353201;GRAND EST;57631;21236;57;57401;Sarreguemines (partie française);29359;unités urbaines de 20 000 à 100 000 habitants;8;53;10 163;1,90%;De 200 à 300 000 entrées;catégorie D;;commune-centre;286;222;163;25,9;67,2;5,7;1,2;117;16,9
436;156 023;153 281;STE D'ETABLISEMENTS ET REPRESENTATIONS THEATRALES ET CINEMATOGRA;20,6;48.937892;2.159419;353531;ILE-DE-FRANCE;78586;52538;78;851;Paris;10706072;petite couronne;5;53;9 161;1,80%;De 150 à 200 000 entrées;non;;banlieue;157;126;112;32,4;60,5;5,5;1,6;46;21,4
318;2 652;11 488;GLOZEL;30,9;47.524564;-2.767434;353571;BRETAGNE;56240;7825;56;56213;Sarzeau;7825;unités urbaines de moins de 20 000 habitants et zones rurales;1;7;81;-76,90%;De 2 à 5 000 entrées;non;;commune isolée;27;16;1;60,6;28,2;9,6;1,6;12;38,8
151;12 215;12 012;ASSOCIATION CINEMA THEATRE EXPRESSION SEDELOCIEN;37;47.280282;4.229497;354301;BOURGOGNE / FRANCHE-COMTE;21584;2473;21;21104;Saulieu;2473;unités urbaines de moins de 20 000 habitants et zones rurales;1;52;617;1,70%;De 10 à 20 000 entrées;catégorie E;JP;commune isolée;225;178;0;46,2;41,1;10,3;2,3;105;31,8
1469;311 647;284 832;LE PALACE;23;47.262131;-0.078279;354782;PAYS DE LA LOIRE;49328;27486;49;49401;Saumur;29302;unités urbaines de 20 000 à 100 000 habitants;9;53;13 741;9,40%;De 300 à 450 000 entrées;catégorie D;;commune-centre;296;230;167;39,2;56,3;3,6;0,8;122;17,3
662;158 579;148 205;;22,4;47.363726;-1.942308;355933;PAYS DE LA LOIRE;44195;8319;44;44215;Savenay;11232;unités urbaines de moins de 20 000 habitants et zones rurales;5;53;6 654;7,00%;De 150 à 200 000 entrées;catégorie E;JP;commune-centre;223;165;99;31,8;63,8;3,7;0,7;106;15,4
189;5 924;6 881;COMMUNE DE SAVERDUN;41,7;43.236313;1.574721;355993;OCCITANIE;9282;4734;9;9105;Saverdun;4734;unités urbaines de moins de 20 000 habitants et zones rurales;1;47;283;-13,90%;De 5 à 10 000 entrées;catégorie E;;commune isolée;178;143;0;44,5;40,9;8,2;6,4;85;50,6
412;61 017;59 500;;27,1;48.739119;7.36694;356024;GRAND EST;67437;11238;67;67307;Saverne;18828;unités urbaines de moins de 20 000 habitants et zones rurales;2;53;2 584;2,50%;De 50 à 80 000 entrées;catégorie E;JP;commune-centre;191;130;67;30,2;57,7;10,5;1,6;103;27,3
390;21 594;21 953;ESPACE PREVERT ANIMATION;41,4;48.57649;2.579118;356431;ILE-DE-FRANCE;77445;30260;77;851;Paris;10706072;petite couronne;1;49;804;-1,60%;De 20 à 30 000 entrées;catégorie C;;banlieue;186;139;3;51,3;35;8,6;5,1;94;38,9
270;72 717;69 510;LES GEMEAUX SCENE NATIONALE;73,1;48.777656;2.292628;356871;ILE-DE-FRANCE;92071;19355;92;851;Paris;10706072;grande couronne;1;53;1 207;4,60%;De 50 à 80 000 entrées;catégorie C;RDJPPR;banlieue;235;158;19;55,8;22,6;13,3;8,3;176;72,3
450;52 708;50 065;SEDAN CINEMA;13,8;49.698315;4.947865;357672;GRAND EST;8409;17248;8;8401;Sedan;26148;unités urbaines de 20 000 à 100 000 habitants;3;51;1 890;5,30%;De 50 à 80 000 entrées;non;;commune-centre;181;137;46;24,5;67,7;5,6;2,2;56;16,2
212;23 490;24 766;SEES DU CINE;35,4;48.607433;0.170941;357751;NORMANDIE;61464;4209;61;61107;Sées;4209;unités urbaines de moins de 20 000 habitants et zones rurales;1;52;914;-5,20%;De 20 à 30 000 entrées;catégorie E;JPPR;commune isolée;219;170;15;48,1;36,5;10;5,4;103;35,7
375;67 985;61 882;ABC49 LES AMIS DU BON CINEMA;24,9;47.68565;-0.868807;357904;PAYS DE LA LOIRE;49331;17603;49;49212;Segré;17603;unités urbaines de moins de 20 000 habitants et zones rurales;3;52;2 405;9,90%;De 50 à 80 000 entrées;catégorie E;JPPR;commune-centre;203;143;47;40,5;54,5;3,5;1,6;88;22,5
594;100 167;95 177;SOCIETE GESTION EXPLOITATION CINEMATOGRAPHIQUES;24,6;48.257586;7.452058;358333;GRAND EST;67462;19252;67;67306;Sélestat;19252;unités urbaines de moins de 20 000 habitants et zones rurales;3;53;4 483;5,20%;De 100 à 150 000 entrées;catégorie E;RDJP;commune isolée;244;180;82;29,4;63,5;6,3;0,8;120;21,3
123;10 727;10 527;CINEMA STUDIO DE SELLES SUR CHER;22,7;47.274507;1.55439;358561;CENTRE-VAL DE LOIRE;41242;4625;41;41111;Selles-sur-Cher;4625;unités urbaines de moins de 20 000 habitants et zones rurales;1;52;752;1,90%;De 10 à 20 000 entrées;catégorie E;JP;commune isolée;185;147;3;54,8;34,2;8,3;2,8;61;31,2
124;20 069;18 039;ASSOCIATION L' OEIL ECOUTE;59,9;47.49215;4.334794;359082;BOURGOGNE / FRANCHE-COMTE;21603;4124;21;21109;Semur-en-Auxois;4124;unités urbaines de moins de 20 000 habitants et zones rurales;1;52;801;11,30%;De 20 à 30 000 entrées;catégorie E;RDJPPR;commune isolée;267;199;2;51,7;30,7;11,3;6,4;177;52,3
227;31 047;27 815;ASSOCIATION PATRONAGE SAINT RIEUL;43,5;49.208302;2.585995;359462;HAUTS DE FRANCE;60612;14777;60;60306;Senlis;15685;unités urbaines de moins de 20 000 habitants et zones rurales;1;52;1 251;11,60%;De 30 à 40 000 entrées;catégorie E;RDJPPR;commune-centre;277;185;29;43,8;41;9,4;5,7;170;41,5
306;31 360;27 679;ASSOCIATION PROMOTION DES ACTIVITES CINEMATOGRAPHIQUES SENONCHE;27,2;48.561662;1.032664;359622;CENTRE-VAL DE LOIRE;28373;3092;28;28107;Senonches;3092;unités urbaines de moins de 20 000 habitants et zones rurales;1;53;1 044;13,30%;De 30 à 40 000 entrées;catégorie E;JP;commune isolée;227;181;35;34,9;57,3;4,1;3,7;114;19,5
1340;292 792;287 015;SOCIETE SENONAISE D'EXPLOITATION CINEMATOGRAPHIQUE;25,5;48.176509;3.284553;359772;BOURGOGNE / FRANCHE-COMTE;89387;25784;89;89401;Sens;37683;unités urbaines de 20 000 à 100 000 habitants;7;53;13 379;2,00%;De 200 à 300 000 entrées;catégorie D;JPPR;commune-centre;288;213;165;33,6;60,1;4,7;1,6;125;18,7
158;11 975;11 806;CENTRE SOCIO CULTUREL;45,6;49.317865;6.093266;360572;GRAND EST;57647;4343;57;57601;Thionville;132722;unités urbaines de 100 000 habitants et plus;1;48;491;1,40%;De 10 à 20 000 entrées;catégorie C;;banlieue;158;125;3;46,5;27,2;16,1;10,2;88;43,1
481;94 828;81 985;VEO BASSIN DE THAU;56,6;43.404513;3.695345;362034;OCCITANIE;34301;43620;34;34502;Sète;91281;unités urbaines de 20 000 à 100 000 habitants;3;53;4 522;15,70%;De 80 à 100 000 entrées;catégorie D;RDJPPR;commune-centre;325;210;112;49,6;38,4;7,1;4,9;229;52,9
299;2 073;;VEO BASSIN DE THAU;32,3;43.408726;3.698237;362074;OCCITANIE;34301;43620;34;34502;Sète;91281;unités urbaines de 20 000 à 100 000 habitants;3;3;192;;De 2 à 5 000 entrées;non;;commune-centre;16;14;6;62,5;35,1;2,4;0;7;26,9
380;23 966;23 051;ETABLISSEMENT PUBLIC DE COOPERATION CULTURELLE SEVRES ESPACE LOI;68,1;48.82472689999999;2.21509930000002;362414;ILE-DE-FRANCE;92072;23332;92;851;Paris;10706072;grande couronne;1;44;376;4,00%;De 20 à 30 000 entrées;catégorie C;;banlieue;124;101;1;64,7;16,7;13,5;5,1;85;65,7
200;1 975;2 334;LE CINEMA DU SOLEIL;70,6;43.103927;5.878774;362614;PROVENCE-ALPES-COTE D'AZUR;83126;64903;83;757;Toulon;569793;unités urbaines de 100 000 habitants et plus;1;7;17;-15,40%;Moins de 2000 entrées;non;;banlieue;17;10;0;57,9;17,7;24,4;0;12;68,8
277;26 165;25 529;AUDITORIUM DE SEYNOD;37,7;45.889595;6.101037;362651;AUVERGNE / RHONE-ALPES;74010;125694;74;74601;Annecy;168098;unités urbaines de 100 000 habitants et plus;1;48;623;2,50%;De 20 à 30 000 entrées;catégorie C;JP;commune-centre;206;156;2;47,9;35,8;11;5,4;97;34,8
128;8 020;6 846;BOUET JORDA LAURENCE ET JEAN-MICHEL;25,2;45.95807;5.835541;362693;AUVERGNE / RHONE-ALPES;74269;2290;74;164;Seyssel;4526;unités urbaines de moins de 20 000 habitants et zones rurales;1;51;254;17,10%;De 5 à 10 000 entrées;non;;commune-centre;145;113;1;47;39,3;10,2;3,4;48;28,6
319;50 794;47 211;ASSOCIATION CINEMA SEZ 'ART;30,3;48.721194;3.729236;362773;GRAND EST;51535;4996;51;51202;Sézanne;4996;unités urbaines de moins de 20 000 habitants et zones rurales;2;53;2 881;7,60%;De 50 à 80 000 entrées;catégorie E;JPPR;commune isolée;182;131;36;33,2;61,6;3,7;1,5;88;22,2
206;12 328;11 708;MAISON DES JEUNES ET DES LOISIRS DE SIGEAN;20,3;43.028712;2.979248;363131;OCCITANIE;11379;5463;11;11201;Sigean;5463;unités urbaines de moins de 20 000 habitants et zones rurales;1;50;626;5,30%;De 10 à 20 000 entrées;non;;commune isolée;88;69;10;42,7;45,8;10,7;0,8;29;27,6
0;41 035;38 085;CINEBUS;60,3;45.941027;6.035993;363480;AUVERGNE / RHONE-ALPES;74272;5045;74;74601;Annecy;168098;unités urbaines de 100 000 habitants et plus;1;52;1 130;7,70%;De 40 à 50 000 entrées;catégorie C;JPPR;banlieue;190;120;1;62,2;18,6;11,6;7,5;127;56,3
225;15 622;16 996;MICHEL GUY HENRI PIERRE;18,6;44.194031;5.94255;364121;PROVENCE-ALPES-COTE D'AZUR;4209;7213;4;4204;Sisteron;7213;unités urbaines de moins de 20 000 habitants et zones rurales;2;52;1 268;-8,10%;De 10 à 20 000 entrées;non;;commune isolée;146;129;32;48,2;45;5,6;1,3;38;19
450;218 926;198 093;;29,8;43.093086;5.83938;364205;PROVENCE-ALPES-COTE D'AZUR;83129;33339;83;757;Toulon;569793;unités urbaines de 100 000 habitants et plus;3;53;5 506;10,50%;De 200 à 300 000 entrées;catégorie C;JPPR;banlieue;298;208;86;37,2;57,2;3,9;1,7;166;22,5
982;150 471;146 640;KALLISTE FILMS;20,1;49.382084;3.326393;364503;HAUTS DE FRANCE;2722;28410;2;2404;Soissons;42947;unités urbaines de 20 000 à 100 000 habitants;6;53;8 904;2,60%;De 150 à 200 000 entrées;non;;commune-centre;220;154;102;28,3;65,9;3,8;2,1;99;16,1
200;705;693;BEL ARIA;7,7;41.904436;9.388834;364632;CORSE;2B283;706;2B;0;Zone rurale;14541106;unités urbaines de 100 000 habitants et plus;1;8;39;1,70%;Moins de 2000 entrées;non;;territoire rural;26;25;5;18;74,5;6,1;1,4;3;3,5
178;10 145;8 308;;26,5;43.190268;6.038903;364945;PROVENCE-ALPES-COTE D'AZUR;83130;10951;83;757;Toulon;569793;unités urbaines de 100 000 habitants et plus;1;41;275;22,10%;De 10 à 20 000 entrées;non;;banlieue;84;75;5;68,6;26,7;4,4;0,4;30;26,8
150;294;433;LE CINEMA DU SOLEIL;66,7;43.19314;6.005894;364961;PROVENCE-ALPES-COTE D'AZUR;83131;5756;83;757;Toulon;569793;unités urbaines de 100 000 habitants et plus;1;2;3;-32,10%;Moins de 2000 entrées;non;;banlieue;3;1;0;15;57,8;27,2;0;2;42,2
192;14 898;13 863;BOUREL PHILIPPE;15,6;50.174295;4.093165;364991;HAUTS DE FRANCE;59572;1833;59;0;Zone rurale;14541106;unités urbaines de 100 000 habitants et plus;1;51;475;7,50%;De 10 à 20 000 entrées;non;;territoire rural;118;95;9;41,1;52,6;6;0,3;28;20,8
296;61 076;40 411;CINEMA LE VENISE;33,8;43.782561;4.087698;365434;OCCITANIE;30321;4753;30;30208;Sommières;7520;unités urbaines de moins de 20 000 habitants et zones rurales;3;52;3 513;51,10%;De 50 à 80 000 entrées;catégorie E;RDJP;commune-centre;210;167;88;44,8;48,6;4,4;2,2;101;31,1
390;44 861;40 162;PEI;33,7;43.664191;-1.395;365721;NOUVELLE AQUITAINE;40304;3823;40;40301;Capbreton;12599;unités urbaines de moins de 20 000 habitants et zones rurales;1;53;977;11,70%;De 40 à 50 000 entrées;catégorie E;;banlieue;202;182;80;49,8;40,8;7,3;2,1;91;32,8
344;12 181;11 968;VEO CINEMAS;29,8;44.897861;1.477417;366992;OCCITANIE;46309;3353;46;46107;Souillac;4141;unités urbaines de moins de 20 000 habitants et zones rurales;2;52;1 321;1,80%;De 10 à 20 000 entrées;catégorie E;JP;commune-centre;244;206;6;41,5;51,9;5;1,6;112;33,1
287;27 535;24 258;ARTS ET TECHNIQUES;36,9;45.51424;-1.123506;367052;NOUVELLE AQUITAINE;33514;2621;33;33104;Soulac-sur-Mer;2621;unités urbaines de moins de 20 000 habitants et zones rurales;1;52;588;13,50%;De 20 à 30 000 entrées;catégorie E;JP;commune isolée;253;216;44;43,7;49,2;4,7;2,4;138;27,1
225;3 579;2 974;;20,3;48.935358;7.883424;367453;GRAND EST;67474;3127;67;67115;Soultz-sous-Forêts;3127;unités urbaines de moins de 20 000 habitants et zones rurales;1;41;74;20,30%;De 2 à 5 000 entrées;non;;commune isolée;45;32;0;33,8;47;19,2;0;10;15,7
206;21 429;19 381;PEI;45,5;43.753649;-1.327299;367871;NOUVELLE AQUITAINE;40310;7664;40;40205;Soustons;7664;unités urbaines de moins de 20 000 habitants et zones rurales;1;53;1 140;10,60%;De 20 à 30 000 entrées;catégorie E;RDJP;commune isolée;273;224;34;40,5;51;4,7;3,8;162;33,3
190;14 298;13 655;MAISON DES JEUNES ET DE LA CULTURE DE LA VILLE DE LA SOUTERRAINE;39,4;46.236572;1.486137;367911;NOUVELLE AQUITAINE;23176;5315;23;23201;La Souterraine;5315;unités urbaines de moins de 20 000 habitants et zones rurales;1;50;687;4,70%;De 10 à 20 000 entrées;catégorie E;JPPR;commune isolée;229;182;2;42,4;38,4;16,8;2,5;118;42,6
699;13 239;10 595;COMITE GESTION CENTRE LOISIRS CULTURE PAUL ELUARD;31,5;48.951678;2.381372;368403;ILE-DE-FRANCE;93072;39551;93;851;Paris;10706072;grande couronne;1;28;138;25,00%;De 10 à 20 000 entrées;non;;banlieue;79;52;0;23,5;61,4;9,8;5,4;26;25,5
210;16 500;15 821;;13,3;49.487702;5.197037;368614;GRAND EST;55502;2745;55;55105;Stenay;3173;unités urbaines de moins de 20 000 habitants et zones rurales;1;50;828;4,30%;De 10 à 20 000 entrées;non;;commune-centre;145;121;15;30,2;65,5;3,4;0,9;37;15,7
304;48 102;44 601;ODYSSEE;75,9;48.582601;7.745895;368723;GRAND EST;67482;277270;67;67701;Strasbourg (partie française);461101;unités urbaines de 100 000 habitants et plus;2;53;4 802;7,80%;De 40 à 50 000 entrées;catégorie A;RDJPPR;commune-centre;423;35;2;29;28,3;31,7;11,1;304;76,3
964;203 004;178 662;;17,5;48.581785;7.746387;368764;GRAND EST;67482;277270;67;67701;Strasbourg (partie française);461101;unités urbaines de 100 000 habitants et plus;6;53;11 279;13,60%;De 200 à 300 000 entrées;non;;commune-centre;222;142;130;18,6;75,2;5,1;1,1;47;19,5
529;152 852;149 341;LE CINEMATOGRAPHE;92,4;48.583754;7.742752;368801;GRAND EST;67482;277270;67;67701;Strasbourg (partie française);461101;unités urbaines de 100 000 habitants et plus;5;53;9 912;2,40%;De 150 à 200 000 entrées;catégorie A;RDJPPR;commune-centre;431;259;156;58,6;11,6;21,3;8,5;366;90,3
691;190 120;169 688;CINEST;73;48.582805;7.74237;369781;GRAND EST;67482;277270;67;67701;Strasbourg (partie française);461101;unités urbaines de 100 000 habitants et plus;5;53;9 606;12,00%;De 150 à 200 000 entrées;catégorie A;RDJPPR;commune-centre;380;212;115;40,7;30,6;13,7;15;256;75,2
5412;1 299 429;1 274 416;UGC CINE CITE STRASBOURG;33,6;48.572723;7.764957;369792;GRAND EST;67482;277270;67;67701;Strasbourg (partie française);461101;unités urbaines de 100 000 habitants et plus;22;53;43 366;2,00%;De 1 à 1,5 million d'entrées;non;;commune-centre;471;314;287;32,1;58,2;6,8;2,9;225;27,4
205;29 774;27 444;VILLE DE SUCY EN BRIE;45,1;48.772452;2.512597;370073;ILE-DE-FRANCE;94071;26264;94;851;Paris;10706072;grande couronne;1;44;393;8,50%;De 20 à 30 000 entrées;non;;banlieue;156;119;0;65,9;21,6;9,8;2,7;82;43,4
204;18 148;9 223;SARL 2H;31,9;47.765104;2.374435;370251;CENTRE-VAL DE LOIRE;45315;5386;45;45302;Sully-sur-Loire;11960;unités urbaines de moins de 20 000 habitants et zones rurales;1;52;665;96,80%;De 10 à 20 000 entrées;non;;commune-centre;218;187;11;48,7;40,3;8;3;99;35
644;138 442;118 111;ESPACE CINEMA;45;48.871363;2.229109;370411;ILE-DE-FRANCE;92073;48565;92;851;Paris;10706072;grande couronne;4;53;6 543;17,20%;De 100 à 150 000 entrées;catégorie C;JP;banlieue;243;159;105;43,7;45;6,7;4,6;155;41,1
210;32 222;27 455;ESPACE CULTUREL LE PALACE;40,5;46.108206;-0.750249;370483;NOUVELLE AQUITAINE;17434;6750;17;17203;Surgères;6750;unités urbaines de moins de 20 000 habitants et zones rurales;1;53;1 232;17,40%;De 30 à 40 000 entrées;catégorie E;JP;commune isolée;302;267;57;48,7;39,5;8,7;3,2;151;34,7
243;33 479;31 723;ECRANS SPECTACLES SUD AVEYRON;31,3;43.955721;2.884014;371131;OCCITANIE;12208;8236;12;12202;Saint-Affrique;9417;unités urbaines de moins de 20 000 habitants et zones rurales;2;53;1 693;5,50%;De 30 à 40 000 entrées;non;;commune-centre;210;183;40;44,1;47,2;6,1;2,6;96;27,7
232;22 565;19 276;ASSOCIATION DU CINEMA LE PETIT CASINO;36,2;47.269008;1.371774;371581;CENTRE-VAL DE LOIRE;41198;2883;41;41205;Saint-Aignan;7900;unités urbaines de moins de 20 000 habitants et zones rurales;2;52;1 043;17,10%;De 20 à 30 000 entrées;catégorie E;JPPR;commune-centre;252;195;6;51,2;39,3;6,2;3,3;122;30,9
1007;371 477;351 233;;11,5;50.437378;3.449925;372146;HAUTS DE FRANCE;59526;16534;59;59402;Saint-Amand-les-Eaux;33873;unités urbaines de 20 000 à 100 000 habitants;6;53;8 498;5,80%;De 300 à 450 000 entrées;non;;commune-centre;188;152;103;18,2;77,4;3,7;0,7;50;9,5
226;32 324;31 795;COMMUNE DE SAINT AMAND MONTROND;20,8;46.722722;2.503052;372181;CENTRE-VAL DE LOIRE;18197;9919;18;18301;Saint-Amand-Montrond;12320;unités urbaines de moins de 20 000 habitants et zones rurales;2;53;2 089;1,70%;De 30 à 40 000 entrées;catégorie E;JP;commune-centre;236;208;58;46,2;49,4;3,6;0,8;99;22,2
100;14 934;15 756;CINE PARC;66,3;45.583013;3.621912;372341;AUVERGNE / RHONE-ALPES;63314;500;63;0;Zone rurale;14541106;unités urbaines de 100 000 habitants et plus;1;47;371;-5,20%;De 10 à 20 000 entrées;catégorie E;JP;territoire rural;91;43;0;53,7;8,5;31,9;6;66;66,1
951;146 047;;CINE VILLAGE;23,2;45.009604;-0.438522;372923;NOUVELLE AQUITAINE;33366;10791;33;33306;Saint-André-de-Cubzac;22342;unités urbaines de 20 000 à 100 000 habitants;6;51;8 637;;De 100 à 150 000 entrées;catégorie D;JP;commune-centre;310;212;117;22,9;71,7;4,7;0,7;155;14,7
100;842;840;RATAJCZYK FREDERIC;28,6;45.174031;5.218117;373599;AUVERGNE / RHONE-ALPES;38359;1167;38;0;Zone rurale;14541106;unités urbaines de 100 000 habitants et plus;1;7;7;0,20%;Moins de 2000 entrées;non;;territoire rural;7;5;1;54,6;45,1;0;0,2;2;21,6
108;11 471;10 873;SEVEGNES LILIANE;62,2;44.150668;1.754536;373722;OCCITANIE;82155;1866;82;0;Zone rurale;14541106;unités urbaines de 100 000 habitants et plus;1;53;516;5,50%;De 10 à 20 000 entrées;catégorie E;;territoire rural;109;95;2;44,9;25,3;26,2;3,5;74;63
439;46 341;43 648;;30,1;48.571134;1.933453;374021;ILE-DE-FRANCE;78537;6086;78;78202;Saint-Arnoult-en-Yvelines;6086;petite couronne;1;53;1 068;6,20%;De 40 à 50 000 entrées;non;;commune isolée;144;125;3;41,1;52,1;5,5;1,2;61;27
341;22 911;20 815;COMMUNE DE SAINT- ASTIER;38,4;45.145584;0.526425;374082;NOUVELLE AQUITAINE;24372;5530;24;24203;Saint-Astier;6790;unités urbaines de moins de 20 000 habitants et zones rurales;1;52;951;10,10%;De 20 à 30 000 entrées;catégorie E;JP;commune-centre;199;157;2;53,4;36,6;7,5;2,5;91;33,6
300;34 964;27 700;FAMILLES RURALES FEDERATION REGIONALE DES PAYS DE LA LOIRE;34,4;47.3292625;-0.6707131000000572;374431;PAYS DE LA LOIRE;49292;3352;49;0;Zone rurale;14541106;unités urbaines de 100 000 habitants et plus;1;47;593;26,20%;De 30 à 40 000 entrées;non;;territoire rural;108;79;0;72,2;21,9;3,7;2,2;47;36,8
293;25 327;24 362;CINEMA MAUCLERC;28,8;48.256952;-1.391536;374582;BRETAGNE;35253;3732;35;35121;Saint-Aubin-du-Cormier;3732;unités urbaines de moins de 20 000 habitants et zones rurales;2;51;673;4,00%;De 20 à 30 000 entrées;catégorie E;JP;commune isolée;213;182;22;43,6;48,9;6,8;0,8;84;22,4
179;8 622;6 419;SOCIETE NORMANDE D EXPLOITATION INDUSTRIELLE ET COMMERCIALE;18,2;49.329525;-0.385911;374903;NORMANDIE;14562;2418;14;14302;Douvres-la-Délivrande - Luc-sur-Mer;14825;unités urbaines de moins de 20 000 habitants et zones rurales;1;51;506;34,30%;De 5 à 10 000 entrées;non;;banlieue;132;112;0;43,7;46,8;8,3;1,2;34;20
186;5 553;5 292;BURG RENE;34,3;45.201563;0.134975;375012;NOUVELLE AQUITAINE;24376;1448;24;0;Zone rurale;14541106;unités urbaines de 100 000 habitants et plus;1;52;367;4,90%;De 5 à 10 000 entrées;non;;territoire rural;163;130;0;42,9;40,2;15,9;1;68;35
205;12 968;11 961;COMMUNE DE SAINT AVOLD;68,4;49.106153;6.700789;375325;GRAND EST;57606;15748;57;57402;Saint-Avold (partie française);34694;unités urbaines de 20 000 à 100 000 habitants;1;46;329;8,40%;De 10 à 20 000 entrées;catégorie D;;commune-centre;143;98;0;47,3;31;10;11,7;97;60,9
258;6 048;6 632;AGORA CINEMAS;10,6;45.411405;6.633802;376531;AUVERGNE / RHONE-ALPES;73227;2370;73;0;Zone rurale;14541106;unités urbaines de 100 000 habitants et plus;1;27;302;-8,80%;De 5 à 10 000 entrées;non;;territoire rural;59;50;21;42,7;53,1;2,6;1,6;6;7,9
212;5 424;4 516;SAINT JEAN ASSOCIATION;66,7;44.682199;6.075234;376802;PROVENCE-ALPES-COTE D'AZUR;5132;2021;5;0;Zone rurale;14541106;unités urbaines de 100 000 habitants et plus;1;42;105;20,10%;De 5 à 10 000 entrées;non;;territoire rural;59;31;0;68,3;12,7;10,9;8;44;59,6
145;20 123;19 200;COMMUNAUTE DE COMMUNES DE SAINT BONNET LE CHATEAU;44,5;45.421496;4.064272;376842;AUVERGNE / RHONE-ALPES;42204;1552;42;0;Zone rurale;14541106;unités urbaines de 100 000 habitants et plus;1;53;1 231;4,80%;De 20 à 30 000 entrées;catégorie E;RDJPPR;territoire rural;291;233;2;53,1;32,6;10,5;3,9;165;39,1
465;150 233;132 587;;31,3;47.246308;-2.135768;377083;PAYS DE LA LOIRE;44154;13492;44;44401;Saint-Brevin-les-Pins;23405;unités urbaines de 20 000 à 100 000 habitants;3;53;4 231;13,30%;De 150 à 200 000 entrées;catégorie D;JP;commune-centre;298;214;96;40,1;54,7;4;1,2;165;21,5
1150;108 347;111 379;SOCIETE RENNAISE DE DIFFUSION CINEMATOGRAPHIQUE;84,5;48.508095;-2.760537;377271;BRETAGNE;22278;45105;22;22501;Saint-Brieuc;94500;unités urbaines de 20 000 à 100 000 habitants;6;53;6 687;-2,70%;De 100 à 150 000 entrées;catégorie D;RDJPPR;commune-centre;338;187;141;61,9;14,9;14,2;8,9;282;81,5
131;9 044;6 591;MAISON DES JEUNES ET DE LA CULTURE;50,9;47.920147;0.743555;377441;PAYS DE LA LOIRE;72269;3281;72;72116;Saint-Calais;3814;unités urbaines de moins de 20 000 habitants et zones rurales;1;48;430;37,20%;De 5 à 10 000 entrées;catégorie E;;commune-centre;240;185;0;59,8;29,4;5,1;5,7;151;47,9
284;11 569;12 038;MAISON DES JEUNES ET DE LA CULTURE DE SAINT CERE;42,3;44.85779;1.896668;377892;OCCITANIE;46251;3476;46;46106;Saint-Céré;4572;unités urbaines de moins de 20 000 habitants et zones rurales;1;51;634;-3,90%;De 10 à 20 000 entrées;catégorie E;;commune-centre;155;122;1;46,4;45,9;5,5;2,2;75;42,1
170;7 504;7 523;CINE GUIL;18;44.932417;6.590074;378061;PROVENCE-ALPES-COTE D'AZUR;5133;1643;5;5301;Briançon;17468;unités urbaines de moins de 20 000 habitants et zones rurales;2;29;791;-0,30%;De 5 à 10 000 entrées;non;;banlieue;74;54;14;51,1;41,4;6,3;1,2;12;15,5
152;25 919;25 886;COMMUNAUTE DE COMMUNES DES TERRES D'APCHER MARGUERIDE AUBRAC;37,9;44.803412;3.275679;378233;OCCITANIE;48140;4156;48;48103;Saint-Chély-d'Apcher;4156;unités urbaines de moins de 20 000 habitants et zones rurales;1;53;1 334;0,10%;De 20 à 30 000 entrées;catégorie E;RDJP;commune isolée;231;178;1;43,4;47,9;5,5;3,2;121;31,5
225;5 417;5 236;COMMUNE DE SAINT CIERS SUR GIRONDE;34,5;45.290626;-0.610204;379013;NOUVELLE AQUITAINE;33389;3039;33;33107;Saint-Ciers-sur-Gironde;3039;unités urbaines de moins de 20 000 habitants et zones rurales;1;48;498;3,50%;De 5 à 10 000 entrées;catégorie E;;commune isolée;194;173;1;58,2;33,6;7,1;1,1;75;31,6
419;37 887;35 205;ASSOCIATION LA FRATERNELLE;37,3;46.387715;5.86346;379403;BOURGOGNE / FRANCHE-COMTE;39478;9732;39;39302;Saint-Claude;10346;unités urbaines de moins de 20 000 habitants et zones rurales;3;52;2 978;7,60%;De 30 à 40 000 entrées;catégorie E;RDJPPR;commune-centre;360;281;53;36,6;50,7;8,8;3,9;201;33,3
466;36 399;45 591;COMMUNE DE SAINT CLOUD;64,1;48.852362;2.216385;379671;ILE-DE-FRANCE;92064;29362;92;851;Paris;10706072;grande couronne;2;33;1 017;-20,20%;De 30 à 40 000 entrées;catégorie C;;banlieue;178;116;47;59,9;24,3;11,1;4,8;124;52,5
168;20 071;17 984;CENTRE D'ACTION CULTURELLE;53,8;48.799763;2.067533;381152;ILE-DE-FRANCE;78545;18221;78;851;Paris;10706072;petite couronne;1;49;889;11,60%;De 20 à 30 000 entrées;catégorie C;JPPR;banlieue;206;148;0;51;30;9,1;9,8;127;53
292;2 908;2 891;CINE-OFF;33,3;47.419122;0.653805;381240;CENTRE-VAL DE LOIRE;37214;15911;37;37701;Tours;353042;unités urbaines de 100 000 habitants et plus;1;14;18;0,60%;De 2 à 5 000 entrées;non;;banlieue;14;12;0;93,2;6,8;0;0;6;33,1
110;24 014;21 012;LE CINEMA DU SOLEIL;33,8;43.19174;5.713725;381260;PROVENCE-ALPES-COTE D'AZUR;83112;12103;83;757;Toulon;569793;unités urbaines de 100 000 habitants et plus;1;53;1 168;14,30%;De 20 à 30 000 entrées;non;;banlieue;221;165;30;45;48,6;4,6;1,7;106;27,5
398;74 950;71 754;CINEMA L'ECRAN;83,4;48.93659;2.358747;381912;ILE-DE-FRANCE;93066;111103;93;851;Paris;10706072;grande couronne;2;49;2 597;4,50%;De 50 à 80 000 entrées;catégorie C;RDJPPR;banlieue;360;206;47;49,4;26,3;14,6;9,7;301;72
1513;258 993;265 622;GAUMONT;9,3;48.925395;2.363117;381941;ILE-DE-FRANCE;93066;111103;93;851;Paris;10706072;grande couronne;9;53;14 674;-2,50%;De 200 à 300 000 entrées;non;;banlieue;187;144;132;11,6;65,9;2,3;20,1;19;8,3
900;75 854;66 501;CINEMA LORRAIN CINELOR;20;48.284403;6.952124;382412;GRAND EST;88413;20079;88;88403;Saint-Dié-des-Vosges;41934;unités urbaines de 20 000 à 100 000 habitants;4;53;4 273;14,10%;De 50 à 80 000 entrées;catégorie D;;commune-centre;200;174;112;31,9;63,9;3,1;1,2;66;14,8
96;14 983;14 407;ASSOCIATION CINEMA D ART ET D'ESSAI;81,2;48.284368;6.952934;382423;GRAND EST;88413;20079;88;88403;Saint-Dié-des-Vosges;41934;unités urbaines de 20 000 à 100 000 habitants;1;47;787;4,00%;De 10 à 20 000 entrées;catégorie D;RDJPPR;commune-centre;149;98;1;56,3;12,7;16,4;14,6;133;75,9
1122;201 387;198 288;COMPLEXE CINEMATOGRAPHIQUE MARNAIS;24,3;48.640036;4.95025;382552;GRAND EST;52448;25182;52;460;Saint-Dizier;31794;unités urbaines de 20 000 à 100 000 habitants;7;53;9 378;1,60%;De 200 à 300 000 entrées;catégorie D;RDJP;commune-centre;343;258;184;33,1;61,5;4,4;1,1;153;15,7
232;10 650;10 307;MAISON DES JEUNES ET DE LA CULTURE DU PAYS DE L'HERBASSE;45,9;45.122686;4.98172;382660;AUVERGNE / RHONE-ALPES;26301;4018;26;26104;Saint-Donat-sur-l'Herbasse;4018;unités urbaines de moins de 20 000 habitants et zones rurales;1;52;281;3,30%;De 10 à 20 000 entrées;catégorie E;JP;commune isolée;172;136;3;63,7;25;7;4,3;92;44,1
432;68 175;59 365;;40,3;45.230283;5.681963;382760;AUVERGNE / RHONE-ALPES;38382;15738;38;38701;Grenoble;511598;unités urbaines de 100 000 habitants et plus;2;48;1 777;14,80%;De 50 à 80 000 entrées;catégorie C;JP;banlieue;284;230;30;52,6;36;7,8;3,7;158;32,8
2006;277 678;302 652;GAUMONT;9,4;45.441579;4.383999;383245;AUVERGNE / RHONE-ALPES;42218;171057;42;753;Saint-Étienne;373130;unités urbaines de 100 000 habitants et plus;10;53;16 814;-8,30%;De 200 à 300 000 entrées;non;;commune-centre;164;138;134;25,3;72,5;2,1;0,1;17;9,1
477;50 733;46 850;AMIS DU BON CINEMA;86,3;45.43924;4.401579;383261;AUVERGNE / RHONE-ALPES;42218;171057;42;753;Saint-Étienne;373130;unités urbaines de 100 000 habitants et plus;2;49;2 875;8,30%;De 50 à 80 000 entrées;catégorie A;RDJPPR;commune-centre;344;203;24;51,3;22,1;15,2;11,4;296;83
630;145 081;141 151;SOCIETE BRAYTOISE D'EXPLOITATION CINEMATOGRAPHIQUES;92,4;45.441646;4.387294;383585;AUVERGNE / RHONE-ALPES;42218;171057;42;753;Saint-Étienne;373130;unités urbaines de 100 000 habitants et plus;4;51;6 823;2,80%;De 100 à 150 000 entrées;catégorie A;RDJPPR;commune-centre;311;226;153;58,3;20,7;12;9,1;271;90,4
1640;216 609;212 442;;21,2;45.4379;4.395893;383589;AUVERGNE / RHONE-ALPES;42218;171057;42;753;Saint-Étienne;373130;unités urbaines de 100 000 habitants et plus;10;53;17 694;2,00%;De 200 à 300 000 entrées;non;;commune-centre;177;144;138;29;63,5;5,9;1,6;44;15,7
950;208 633;23 519;;28,2;45.472045;4.505391;383599;AUVERGNE / RHONE-ALPES;42207;34870;42;753;Saint-Étienne;373130;unités urbaines de 100 000 habitants et plus;6;53;9 634;787,10%;De 200 à 300 000 entrées;non;;banlieue;316;230;132;37,4;55,8;5,7;1;165;19,1
241;18 090;17 681;ASSOCIATION DU MONTLUC CINEMA;43,6;47.275577;-1.779561;383961;PAYS DE LA LOIRE;44158;6840;44;44205;Saint-Étienne-de-Montluc;6840;unités urbaines de moins de 20 000 habitants et zones rurales;1;46;422;2,30%;De 10 à 20 000 entrées;catégorie E;JP;commune isolée;174;125;0;63;22,6;6,7;7,7;96;38,1
250;6 894;7 251;CINEGIL;4,5;44.225131;6.93274;384051;PROVENCE-ALPES-COTE D'AZUR;6120;1468;6;0;Zone rurale;14541106;unités urbaines de 100 000 habitants et plus;1;28;355;-4,90%;De 5 à 10 000 entrées;non;;territoire rural;63;48;10;32,9;66,2;0,9;0,1;5;3,9
1251;292 390;312 187;;13,7;44.906415;-0.484312;384532;NOUVELLE AQUITAINE;33397;4576;33;33701;Bordeaux;904359;unités urbaines de 100 000 habitants et plus;7;53;12 301;-6,30%;De 200 à 300 000 entrées;non;;banlieue;214;167;145;29,1;66,3;3,9;0,7;56;10,4
222;8 953;7 178;;50,1;48.535934;2.547053;384792;ILE-DE-FRANCE;77407;14172;77;851;Paris;10706072;petite couronne;1;41;473;24,70%;De 5 à 10 000 entrées;catégorie C;;banlieue;158;112;0;57,8;31,5;6,4;4,3;90;50,4
299;3 834;3 116;SOLUTIONS BUREAUTIQUE CORSE;6,9;42.676812;9.302536;385371;CORSE;2B298;1604;2B;0;Zone rurale;14541106;unités urbaines de 100 000 habitants et plus;1;16;87;23,00%;De 2 à 5 000 entrées;non;;territoire rural;45;43;8;18,5;75,5;5,3;0,7;6;2,9
286;13 096;11 972;ASSOCIATION ST FLORENT CULTURE;36;46.996042;2.252694;385392;CENTRE-VAL DE LOIRE;18207;6671;18;18202;Saint-Florent-sur-Cher;6671;unités urbaines de moins de 20 000 habitants et zones rurales;1;49;691;9,40%;De 10 à 20 000 entrées;catégorie E;JPPR;commune isolée;181;143;3;46,1;41;10,1;2,8;78;44,9
152;19 070;19 092;PANORAMIC;43,4;47.815917;3.799085;385401;BOURGOGNE / FRANCHE-COMTE;89068;2300;89;0;Zone rurale;14541106;unités urbaines de 100 000 habitants et plus;1;52;482;-0,10%;De 10 à 20 000 entrées;catégorie E;JP;territoire rural;166;126;0;75,9;12,7;8,5;2,9;99;45,7
192;4 974;6 281;CINE GLONNE;37;47.363746;-1.0164589999999407;385421;PAYS DE LA LOIRE;49244;18356;49;49208;La Pommeraye;18356;unités urbaines de moins de 20 000 habitants et zones rurales;1;44;208;-20,80%;De 2 à 5 000 entrées;catégorie D;;commune-centre;126;105;0;65,9;28,4;4,1;1,7;58;31,2
252;33 416;35 041;HAUTE AUVERGNE MEDIA;38,7;45.03382;3.095174;385491;AUVERGNE / RHONE-ALPES;15187;6630;15;15201;Saint-Flour;6630;unités urbaines de moins de 20 000 habitants et zones rurales;2;52;1 273;-4,60%;De 30 à 40 000 entrées;catégorie E;RDJP;commune isolée;272;231;11;42,8;49,7;5,9;1,5;150;30,3
512;34 124;25 188;COMMUNAUTE DE COMMUNES DU PAYS FOYEN;37,7;44.842499;0.219805;385793;NOUVELLE AQUITAINE;33402;2414;33;553;Bergerac;64508;unités urbaines de 20 000 à 100 000 habitants;2;49;1 114;35,50%;De 30 à 40 000 entrées;catégorie D;;banlieue;287;219;34;44,4;43,3;9,5;2,8;142;35,1
280;94 333;80 463;;65,7;45.73594;4.79997;385823;AUVERGNE / RHONE-ALPES;69202;21978;69;758;Lyon;1639558;unités urbaines de 100 000 habitants et plus;2;52;2 568;17,20%;De 80 à 100 000 entrées;catégorie C;RDJPPR;banlieue;330;216;56;68,7;16;11,4;3,8;234;63,9
160;4 771;5 928;LE STAR;8,4;45.415068;6.357553;385941;AUVERGNE / RHONE-ALPES;73235;460;73;0;Zone rurale;14541106;unités urbaines de 100 000 habitants et plus;1;27;202;-19,50%;De 2 à 5 000 entrées;non;;territoire rural;77;63;27;41,4;57;0,9;0,8;9;5,2
202;27 661;27 518;ASSOCIATION CINEMATOGRAPHIQUE BALDOMERIENNE;30;45.591253;4.316478;386192;AUVERGNE / RHONE-ALPES;42222;5688;42;42501;Saint-Just-Saint-Rambert;60716;unités urbaines de 20 000 à 100 000 habitants;1;53;1 154;0,50%;De 20 à 30 000 entrées;catégorie D;JP;banlieue;281;199;9;47,2;41;10,9;0,9;128;28,8
1020;197 481;193 146;ASSOCIATION CINE PASSION;36,1;43.108339;0.718892;386264;OCCITANIE;31483;11327;31;31302;Saint-Gaudens;15830;unités urbaines de moins de 20 000 habitants et zones rurales;7;53;11 595;2,20%;De 150 à 200 000 entrées;catégorie E;RDJPPR;commune-centre;463;319;244;36,4;55,5;5,8;2,3;249;25,5
221;13 031;12 202;;32;45.339698;4.414174;386792;AUVERGNE / RHONE-ALPES;42224;2874;42;0;Zone rurale;14541106;unités urbaines de 100 000 habitants et plus;1;50;275;6,80%;De 10 à 20 000 entrées;catégorie E;;territoire rural;125;101;1;62,4;29,4;7,7;0,6;48;34,8
728;63 249;78 019;CINAEA;12,4;48.647712;2.326708;386864;ILE-DE-FRANCE;91549;35857;91;851;Paris;10706072;petite couronne;4;53;6 511;-18,90%;De 50 à 80 000 entrées;non;;banlieue;103;88;63;24,3;71,6;4;0,1;20;10,6
127;8 281;8 611;ASSOCIATION CINEFOL 31;38,7;43.682793;1.486048;386961;OCCITANIE;31484;2342;31;31701;Toulouse;948433;unités urbaines de 100 000 habitants et plus;1;48;421;-3,80%;De 5 à 10 000 entrées;catégorie C;;banlieue;253;220;16;53,9;32,7;9,3;4;123;42,8
204;4 624;4 590;ASSOCIATION CULTURELLE D'ANIMATION MARMOTTE;37,3;44.465282;2.972204;387041;OCCITANIE;12224;2200;12;0;Zone rurale;14541106;unités urbaines de 100 000 habitants et plus;1;52;166;0,70%;De 2 à 5 000 entrées;catégorie E;;territoire rural;138;123;0;51,1;36,1;10,1;2,7;57;33,9
282;6 723;5 984;ARTS ET TECHNIQUES;29,9;45.485115;-0.566824;387092;NOUVELLE AQUITAINE;17331;1240;17;0;Zone rurale;14541106;unités urbaines de 100 000 habitants et plus;1;52;231;12,30%;De 5 à 10 000 entrées;non;;territoire rural;167;137;0;46;39,8;13,5;0,7;58;28,5
301;17 687;15 498;COMMUNE DE SAINT GENIS LAVAL;57,4;45.696745;4.795075;387142;AUVERGNE / RHONE-ALPES;69204;21342;69;758;Lyon;1639558;unités urbaines de 100 000 habitants et plus;1;42;469;14,10%;De 10 à 20 000 entrées;catégorie C;;banlieue;168;101;0;67,6;12,2;15;5,3;114;53,8
147;14 848;11 695;ASSOCIATION CINEMA L'ATMOSPHERE;48,9;45.599999;5.633175;387191;AUVERGNE / RHONE-ALPES;73236;2384;73;167;Aoste;5246;unités urbaines de moins de 20 000 habitants et zones rurales;1;50;728;27,00%;De 10 à 20 000 entrées;catégorie E;JP;banlieue;187;154;1;60;30,5;6,7;2,8;104;42,5
192;31 740;32 718;MARTEAU FLORENCE;70,9;45.59922;-0.993953;387501;NOUVELLE AQUITAINE;17333;5268;17;17402;Royan;35729;unités urbaines de 20 000 à 100 000 habitants;1;52;1 021;-3,00%;De 30 à 40 000 entrées;catégorie D;RDJPPR;banlieue;234;162;45;56,8;19,5;14,3;9,4;177;70,6
157;7 477;7 808;ASSOCIATION JULIEN MAUNOIR;34,6;48.506874;-1.241635;387661;BRETAGNE;35271;1556;35;0;Zone rurale;14541106;unités urbaines de 100 000 habitants et plus;1;52;408;-4,20%;De 5 à 10 000 entrées;catégorie E;JP;territoire rural;180;150;8;63,9;22,1;6,7;7,3;69;35
100;28 965;24 394;CINECO;62,6;44.217236;3.808519;388371;OCCITANIE;48155;440;48;0;Zone rurale;14541106;unités urbaines de 100 000 habitants et plus;1;52;950;18,70%;De 20 à 30 000 entrées;catégorie E;RDJP;territoire rural;100;52;1;57,9;26;7,6;8,5;72;56,8
742;188 613;194 203;SOCIETE ETABLISSEMENTS JOUSSEAUME;39,9;48.896605;2.090977;388971;ILE-DE-FRANCE;78551;39980;78;851;Paris;10706072;petite couronne;5;53;8 479;-2,90%;De 150 à 200 000 entrées;catégorie C;;banlieue;184;136;106;37,8;50,9;7,9;3,5;99;40,3
763;204 415;187 018;;24;46.699163;-1.927816;390024;PAYS DE LA LOIRE;85222;7540;85;85401;Saint-Hilaire-de-Riez;25377;unités urbaines de 20 000 à 100 000 habitants;4;53;4 401;9,30%;De 200 à 300 000 entrées;catégorie D;JP;commune-centre;207;179;93;43,6;52,2;3;1,2;93;20,4
298;17 721;18 908;COMMUNE DE SAINT GIRONS;41,9;42.983492;1.146819;390184;OCCITANIE;9261;6324;9;9203;Saint-Girons;9722;unités urbaines de moins de 20 000 habitants et zones rurales;1;46;370;-6,30%;De 10 à 20 000 entrées;catégorie E;;commune-centre;153;117;1;49;39,6;6,2;5,2;79;40,8
281;5 010;4 693;COMMUNE DE SAINT GOBAIN;30,4;49.597177;3.378189;390271;HAUTS DE FRANCE;2680;2269;2;2109;Saint-Gobain;2269;unités urbaines de moins de 20 000 habitants et zones rurales;1;47;194;6,80%;De 5 à 10 000 entrées;non;;commune isolée;145;124;0;55,2;29,9;11,7;3,3;50;32
371;68 288;65 247;ASSOCIATION OFFICE CULTUREL DE SAINT GRATIEN;88,6;48.971269;2.274468;390452;ILE-DE-FRANCE;95555;20827;95;851;Paris;10706072;petite couronne;3;51;3 713;4,70%;De 50 à 80 000 entrées;catégorie C;RDJPPR;banlieue;202;128;64;57,7;14,6;16,5;11,2;190;87,3
0;7 749;6 568;;29,9;49.7511844;0.40355909999993855;390680;NOUVELLE AQUITAINE;33417;2732;33;0;Zone rurale;14541106;unités urbaines de 100 000 habitants et plus;1;50;408;18,00%;De 5 à 10 000 entrées;non;;territoire rural;187;158;2;50;40,1;8,1;1,8;69;32,9
288;28 958;26 053;;59,1;47.21395;-1.64939;390791;PAYS DE LA LOIRE;44162;45786;44;44701;Nantes;633690;unités urbaines de 100 000 habitants et plus;1;43;536;11,20%;De 20 à 30 000 entrées;catégorie C;JP;banlieue;182;109;0;64,5;13,8;14,6;7,1;131;51,5
2462;437 310;434 405;UGC CINE CITE;30,1;47.224381;-1.625621;390793;PAYS DE LA LOIRE;44162;45786;44;44701;Nantes;633690;unités urbaines de 100 000 habitants et plus;12;53;24 898;0,70%;De 300 à 450 000 entrées;non;;banlieue;264;170;166;42,6;50,5;4,9;2;118;26,8
162;7 121;6 930;AEP CINEMA LE TIGRE;42,7;46.556503;-1.061779;390821;PAYS DE LA LOIRE;85223;2884;85;0;Zone rurale;14541106;unités urbaines de 100 000 habitants et plus;1;46;246;2,80%;De 5 à 10 000 entrées;catégorie E;JP;territoire rural;108;91;0;54,6;21,2;8,5;15,7;48;54,1
395;18 019;18 532;GUYOT FREDERIC PAUL ROGER;19,3;48.576008;-1.09371;391331;NORMANDIE;50484;6081;50;50202;Saint-Hilaire-du-Harcouët;8794;unités urbaines de moins de 20 000 habitants et zones rurales;1;47;493;-2,80%;De 10 à 20 000 entrées;non;;commune-centre;87;74;25;56,7;40,6;2,6;0,1;24;22,5
251;9 834;9 046;AEP LE REVEIL DU MARAIS;47,1;46.269476;-0.715321;391451;NOUVELLE AQUITAINE;79257;1575;79;0;Zone rurale;14541106;unités urbaines de 100 000 habitants et plus;1;52;365;8,70%;De 5 à 10 000 entrées;catégorie E;;territoire rural;141;121;0;68,2;24,5;6,2;1,1;77;42,2
179;4 580;4 221;COMMUNE DE SAINT HONORE LES BAINS;62,7;46.905158;3.842831;391951;BOURGOGNE / FRANCHE-COMTE;58246;756;58;0;Zone rurale;14541106;unités urbaines de 100 000 habitants et plus;1;52;351;8,50%;De 2 à 5 000 entrées;catégorie E;PR;territoire rural;166;125;1;66,5;22,8;6,9;3,9;114;59
174;20 642;20 137;VEO CINEMAS;45,7;45.94953;-0.518149;392671;NOUVELLE AQUITAINE;17347;7106;17;17207;Saint-Jean-d'Angély;8393;unités urbaines de moins de 20 000 habitants et zones rurales;1;53;821;2,50%;De 20 à 30 000 entrées;catégorie E;JPPR;commune-centre;248;177;1;49,3;35,8;10,3;4,6;140;47
215;12 306;12 352;;26;45.214928;6.260483;392710;AUVERGNE / RHONE-ALPES;73242;265;73;0;Zone rurale;14541106;unités urbaines de 100 000 habitants et plus;1;47;461;-0,40%;De 10 à 20 000 entrées;catégorie E;;territoire rural;198;168;12;42,1;49,9;6,6;1,4;70;15,4
285;15 267;12 838;L'ECRAN SAINT JEANNAIS;42,4;45.501585;5.142493;392882;AUVERGNE / RHONE-ALPES;38399;4622;38;38123;Saint-Jean-de-Bournay;4622;unités urbaines de moins de 20 000 habitants et zones rurales;1;45;387;18,90%;De 10 à 20 000 entrées;catégorie E;JP;commune isolée;177;148;1;57,8;28,1;7,2;6,8;81;37,5
775;250 009;234 834;;44,4;43.388314;-1.659851;393253;NOUVELLE AQUITAINE;64483;14133;64;751;Bayonne (partie française);236730;unités urbaines de 100 000 habitants et plus;5;53;7 305;6,50%;De 200 à 300 000 entrées;catégorie C;RDJP;banlieue;401;317;247;47,6;40,7;8,7;3;211;36,5
265;37 336;35 247;SNC GIPPA ET GILBERT;21;45.277364;6.348249;393293;AUVERGNE / RHONE-ALPES;73248;7809;73;73301;Saint-Jean-de-Maurienne;9474;unités urbaines de moins de 20 000 habitants et zones rurales;1;53;1 255;5,90%;De 30 à 40 000 entrées;non;;commune-centre;229;196;98;28,6;63,2;7,6;0,6;91;17,2
298;31 751;25 053;AEP COUSINS DE MONTS;29,4;46.793577;-2.061566;393312;PAYS DE LA LOIRE;85234;8621;85;85301;Saint-Jean-de-Monts;12838;unités urbaines de moins de 20 000 habitants et zones rurales;1;52;799;26,70%;De 30 à 40 000 entrées;catégorie E;JP;commune-centre;202;158;10;52,1;37,7;6,7;3,5;94;27,1
300;20 804;17 394;GARAZIKUS;45,8;43.16402;-1.237591;394201;NOUVELLE AQUITAINE;64485;1580;64;64106;Saint-Jean-Pied-de-Port;4416;unités urbaines de moins de 20 000 habitants et zones rurales;1;52;673;19,60%;De 20 à 30 000 entrées;catégorie E;JP;commune-centre;268;214;11;49,2;34,2;12,7;3,9;134;46,1
92;9 281;8 677;;50;45.832006;6.161597;394522;AUVERGNE / RHONE-ALPES;74242;5747;74;74601;Annecy;168098;unités urbaines de 100 000 habitants et plus;1;51;234;7,00%;De 5 à 10 000 entrées;catégorie C;;banlieue;176;141;2;61,4;24,6;9,9;4,1;98;46,2
290;21 841;18 760;ASSOCIATION A CONTIS;64,8;44.079661;-1.257781;395463;NOUVELLE AQUITAINE;40266;1589;40;0;Zone rurale;14541106;unités urbaines de 100 000 habitants et plus;1;53;1 220;16,40%;De 20 à 30 000 entrées;catégorie E;RDJPPR;territoire rural;297;253;63;44,9;32,3;17,6;5,2;199;55
123;34 864;32 390;;68,5;46.144524;6.080637;395484;AUVERGNE / RHONE-ALPES;74243;14085;74;652;Genève (SUI) - Annemasse (partie française);178404;unités urbaines de 100 000 habitants et plus;1;48;1 009;7,60%;De 30 à 40 000 entrées;catégorie C;JP;banlieue;249;177;6;57,9;23,8;11,1;7,2;185;66
4058;916 112;915 417;KINEPOLIS SAINT JULIEN LES METZ;19,2;49.133075;6.200124;395671;GRAND EST;57616;3214;57;57701;Metz;285268;unités urbaines de 100 000 habitants et plus;14;53;23 261;0,10%;De 700 000 à 1 million d'entrées;non;;banlieue;334;249;241;27,4;66,8;4,7;1;66;13
0;2 342;2 185;;68,1;45.319731;4.616216;395720;AUVERGNE / RHONE-ALPES;42246;1160;42;0;Zone rurale;14541106;unités urbaines de 100 000 habitants et plus;1;39;69;7,20%;De 2 à 5 000 entrées;non;;territoire rural;54;40;0;76,2;6;10,6;7,2;42;62,6
328;45 458;41 676;ETABLISSEMENT PUBLIC DE COOPERATION CULTURELLE VIENNE GLANE;32,5;45.887637;0.903224;395872;NOUVELLE AQUITAINE;87154;11156;87;87301;Saint-Junien;11156;unités urbaines de moins de 20 000 habitants et zones rurales;2;53;1 721;9,10%;De 40 à 50 000 entrées;catégorie E;RDJPPR;commune isolée;292;224;43;37,5;54,3;6,1;2;164;26,7
200;29 468;25 200;ASSOCIATION IMAGE ET SON DU PLATEAU PICARD;17;49.505347;2.430243;396151;HAUTS DE FRANCE;60581;5972;60;60201;Saint-Just-en-Chaussée;5972;unités urbaines de moins de 20 000 habitants et zones rurales;1;50;819;16,90%;De 20 à 30 000 entrées;non;;commune isolée;168;145;26;27,5;67,1;4,8;0,6;43;13,6
1277;336 548;305 554;FAMILY CINEMA;27,7;45.51246;4.263395;396275;AUVERGNE / RHONE-ALPES;42279;14935;42;42501;Saint-Just-Saint-Rambert;60716;unités urbaines de 20 000 à 100 000 habitants;7;53;10 123;10,10%;De 300 à 450 000 entrées;catégorie D;PR;commune-centre;294;224;160;39;56,1;4,2;0,7;132;18,9
336;9 043;14 845;CHENEAUX JEAN PAUL LOUIS;34,2;42.815993;0.320259;396502;OCCITANIE;65388;854;65;0;Zone rurale;14541106;unités urbaines de 100 000 habitants et plus;2;42;612;-39,10%;De 5 à 10 000 entrées;non;;territoire rural;113;100;14;49,9;42,7;3,1;4,4;55;20,2
176;139;1 572;COMMUNE DE SAINT LAURENT DE CERDANS;0;42.38271;2.614735;396771;OCCITANIE;66179;1136;66;0;Zone rurale;14541106;unités urbaines de 100 000 habitants et plus;1;2;3;-91,20%;Moins de 2000 entrées;non;;territoire rural;3;3;0;38,1;61,9;0;0;0;0
326;3 064;2 467;ASSOCIATION LE PARVIS;50;43.08008;0.480895;396961;OCCITANIE;65389;921;65;0;Zone rurale;14541106;unités urbaines de 100 000 habitants et plus;1;51;124;24,20%;De 2 à 5 000 entrées;non;;territoire rural;117;95;26;56,1;26,9;12,3;4,8;61;43,9
187;14 244;12 889;ASSOCIATION CULTURE ET LOISIRS CINEMA LE CARTUS;30,8;45.388247;5.73148;397231;AUVERGNE / RHONE-ALPES;38412;4543;38;38124;Saint-Laurent-du-Pont;4543;unités urbaines de moins de 20 000 habitants et zones rurales;1;50;484;10,50%;De 10 à 20 000 entrées;catégorie E;JP;commune isolée;170;146;0;44,9;47;6,1;2;67;25,6
192;8 717;9 082;COMMUNE DE SAINT LEONARD DE NOBLAT;42,5;45.838161;1.487619;398251;NOUVELLE AQUITAINE;87161;4633;87;87106;Saint-Léonard-de-Noblat;4633;unités urbaines de moins de 20 000 habitants et zones rurales;1;53;379;-4,00%;De 5 à 10 000 entrées;catégorie E;JP;commune isolée;180;141;1;52,8;37,8;7,4;2;96;36,7
50;7 940;7 951;ASSOCIATION ART CINE;71,3;44.397257;0.588996;398525;NOUVELLE AQUITAINE;47252;6298;47;47401;Villeneuve-sur-Lot;48824;unités urbaines de 20 000 à 100 000 habitants;1;45;662;-0,10%;De 5 à 10 000 entrées;catégorie D;RDJPPR;banlieue;225;149;1;58;15,3;13,8;12,8;174;71,4
119;20 950;17 444;ASSOCIATION ART CINE;49,1;44.398567;0.590542;398526;NOUVELLE AQUITAINE;47252;6298;47;47401;Villeneuve-sur-Lot;48824;unités urbaines de 20 000 à 100 000 habitants;1;52;822;20,10%;De 20 à 30 000 entrées;catégorie D;JP;banlieue;198;139;5;59,5;25,5;8,1;6,9;116;58,5
1344;327 818;313 903;;20,9;49.118217;-1.098287;398574;NORMANDIE;50502;19301;50;50401;Saint-Lô;24221;unités urbaines de 20 000 à 100 000 habitants;9;53;14 578;4,40%;De 300 à 450 000 entrées;non;;commune-centre;389;282;193;39,3;55;4,6;1,1;200;18,9
491;81 441;76 007;SEM LA COUPOLE;24,4;47.586452;7.564551;398731;GRAND EST;68297;20401;68;68403;Bâle (SUI) - Saint-Louis (partie française);38768;unités urbaines de 20 000 à 100 000 habitants;3;53;3 511;7,10%;De 80 à 100 000 entrées;catégorie D;;commune-centre;180;123;62;25,4;63,5;10,2;1;91;22,3
203;12 200;10 264;;54,7;48.634794;-2.105848;399341;BRETAGNE;35287;2276;35;458;Dinard;32364;unités urbaines de 20 000 à 100 000 habitants;1;52;236;18,90%;De 10 à 20 000 entrées;catégorie D;;banlieue;181;148;4;46,2;30,6;16,1;7,1;110;48,2
202;10 537;9 331;ASSOCIATION FAMILIA CINEMA;33,8;47.124726;-0.994734;399432;PAYS DE LA LOIRE;49301;25572;49;49205;Saint-Macaire-en-Mauges;25572;unités urbaines de 20 000 à 100 000 habitants;1;48;331;12,90%;De 10 à 20 000 entrées;catégorie D;;commune isolée;194;154;0;54,4;35,8;5,2;4,6;78;35,4
872;208 490;191 152;ASSOCIATION CINEMA LE VAUBAN;13,5;48.651576;-2.00345;399681;BRETAGNE;35288;45719;35;35402;Saint-Malo;45719;unités urbaines de 20 000 à 100 000 habitants;5;53;6 608;9,10%;De 200 à 300 000 entrées;non;;commune isolée;132;110;104;37,3;60,2;2,5;0;19;15,1
505;70 848;66 200;ASSOCIATION CINEMA LE VAUBAN;87,6;48.602575;-2.005943;399686;BRETAGNE;35288;45719;35;35402;Saint-Malo;45719;unités urbaines de 20 000 à 100 000 habitants;3;53;4 064;7,00%;De 50 à 80 000 entrées;catégorie D;RDJPPR;commune isolée;207;149;86;63,5;7,5;18,1;11;183;86
150;12 650;12 277;"SOCIETE DE SPORTS ET D  EDUCATION POPULAIRE ""LA MALOUINE"" CINEMA";26,8;47.339858;-2.175644;399721;PAYS DE LA LOIRE;44176;3181;44;44207;Saint-Joachim - Saint-Malo-de-Guersac;7115;unités urbaines de moins de 20 000 habitants et zones rurales;1;48;753;3,00%;De 10 à 20 000 entrées;catégorie E;JPPR;banlieue;254;198;18;54,2;36,2;7,6;2,1;106;26,4
150;5 456;5 295;POLYMAGES;45,1;43.074223;5.927991;399893;PROVENCE-ALPES-COTE D'AZUR;83153;5787;83;757;Toulon;569793;unités urbaines de 100 000 habitants et plus;1;43;257;3,00%;De 5 à 10 000 entrées;catégorie C;;banlieue;150;131;0;67,2;22;6,4;4,3;76;54,3
330;49 978;42 558;RATAJCZYK FREDERIC;29;45.155481;5.318377;400305;AUVERGNE / RHONE-ALPES;38416;8133;38;38401;Saint-Marcellin;21027;unités urbaines de 20 000 à 100 000 habitants;2;52;1 693;17,40%;De 40 à 50 000 entrées;catégorie D;;commune-centre;274;237;85;49,4;44,2;4,5;1,9;125;23,1
220;8 720;10 081;ASSOCIATION JEANNE D'ARC CINEMA;26,1;47.52339;-1.186562;401371;PAYS DE LA LOIRE;44180;2400;44;44101;Saint-Mars-la-Jaille;2400;unités urbaines de moins de 20 000 habitants et zones rurales;1;44;468;-13,50%;De 5 à 10 000 entrées;non;;commune isolée;145;119;13;51,5;38,8;8,6;1,1;38;22,5
180;4 515;5 500;FORUM INTERNATIONAL;21,4;45.295246;6.58263;402242;AUVERGNE / RHONE-ALPES;73257;2975;73;0;Zone rurale;14541106;unités urbaines de 100 000 habitants et plus;1;34;370;-17,90%;De 2 à 5 000 entrées;non;;territoire rural;143;120;0;41,6;50,1;6,6;1,8;43;14
344;8 506;9 727;DAVOINE EVELYNE;21,2;45.323346;6.538468;402243;AUVERGNE / RHONE-ALPES;73257;2975;73;0;Zone rurale;14541106;unités urbaines de 100 000 habitants et plus;2;30;661;-12,60%;De 5 à 10 000 entrées;non;;territoire rural;139;118;3;43,2;53,9;2,6;0,3;38;11
290;5 968;6 814;AGORA CINEMAS;20,4;45.323346;6.538468;402249;AUVERGNE / RHONE-ALPES;73257;2975;73;0;Zone rurale;14541106;unités urbaines de 100 000 habitants et plus;1;30;309;-12,40%;De 5 à 10 000 entrées;non;;territoire rural;124;103;0;42,4;50,7;6,5;0,4;37;12,2
25;12 045;8 828;ECRAN VAGABOND DU TRIEVES;58,8;44.833366;5.59397;402431;AUVERGNE / RHONE-ALPES;38419;181;38;0;Zone rurale;14541106;unités urbaines de 100 000 habitants et plus;1;50;486;36,40%;De 10 à 20 000 entrées;catégorie E;JP;territoire rural;88;65;0;64,1;11,8;14,1;10,1;55;59,4
134;19 038;18 423;CENTRE DE DEVELOPPEMENT CULTUREL;27,4;43.638749;4.813461;402493;PROVENCE-ALPES-COTE D'AZUR;13097;13673;13;13301;Saint-Martin-de-Crau;13673;unités urbaines de moins de 20 000 habitants et zones rurales;1;50;788;3,30%;De 10 à 20 000 entrées;catégorie E;;commune isolée;161;129;1;43,1;49,5;6,7;0,7;59;24,9
140;29 708;27 255;CENTRE CULTUREL DE SAINT MARTIN D'HERES;78,2;45.185764;5.747373;403281;AUVERGNE / RHONE-ALPES;38421;38479;38;38701;Grenoble;511598;unités urbaines de 100 000 habitants et plus;1;47;1 109;9,00%;De 20 à 30 000 entrées;catégorie C;RDJP;banlieue;231;161;5;55,8;14,4;16,2;13,6;188;73,7
0;7 791;7 356;;52,1;47.434568;-0.703599;403400;PAYS DE LA LOIRE;49306;1670;49;0;Zone rurale;14541106;unités urbaines de 100 000 habitants et plus;1;42;188;5,90%;De 5 à 10 000 entrées;non;;territoire rural;141;103;0;59,5;25;11,5;4;74;48,7
299;71 699;63 474;CINEMA PARADISO;34,2;45.660214;4.558851;403681;AUVERGNE / RHONE-ALPES;69227;3907;69;69105;Saint-Martin-en-Haut;3907;unités urbaines de moins de 20 000 habitants et zones rurales;2;53;3 204;13,00%;De 50 à 80 000 entrées;catégorie E;RDJPPR;commune isolée;436;337;64;49,2;41,9;6,3;2,6;243;29
0;9 721;10 225;;27,3;44.073396;7.263839;404350;PROVENCE-ALPES-COTE D'AZUR;6127;1394;6;0;Zone rurale;14541106;unités urbaines de 100 000 habitants et plus;1;48;300;-4,90%;De 5 à 10 000 entrées;non;;territoire rural;80;67;7;69,6;25,7;4;0,6;29;25,4
425;50 081;44 874;ATELIER THEATRE DE LA CITE;75,6;48.798427;2.485821;404603;ILE-DE-FRANCE;94068;75168;94;851;Paris;10706072;grande couronne;1;53;1 521;11,60%;De 50 à 80 000 entrées;catégorie C;RDJPPR;banlieue;263;185;56;58,8;20,3;11,3;9,5;204;71,8
886;121 726;116 278;PARAFRANCE COMMUNICATION;35;48.793451;2.514771;404612;ILE-DE-FRANCE;94068;75168;94;851;Paris;10706072;grande couronne;4;53;6 017;4,70%;De 100 à 150 000 entrées;non;;banlieue;216;152;97;46;45,7;5,9;2,4;117;32,8
140;8 445;7 925;CINE-OFF;54;47.111089;0.61914;404692;CENTRE-VAL DE LOIRE;37226;4351;37;37109;Sainte-Maure-de-Touraine;4351;unités urbaines de moins de 20 000 habitants et zones rurales;1;49;328;6,60%;De 5 à 10 000 entrées;catégorie E;JP;commune isolée;163;127;0;59;29,6;9,7;1,7;98;47,8
274;65 252;61 558;CINEMA ROYAL;16,9;48.699609;6.207734;405441;GRAND EST;54482;9822;54;54701;Nancy;285659;unités urbaines de 100 000 habitants et plus;2;53;3 316;6,00%;De 50 à 80 000 entrées;non;;banlieue;176;140;72;46,2;45,8;7;1;52;21,7
450;142 828;146 128;;18,6;43.32495;6.62431;405462;PROVENCE-ALPES-COTE D'AZUR;83115;14289;83;83310;Sainte-Maxime;18589;unités urbaines de moins de 20 000 habitants et zones rurales;3;52;4 706;-2,30%;De 100 à 150 000 entrées;non;;commune-centre;184;158;91;35,1;60,6;3,8;0,4;60;17,3
140;57 693;51 987;;16,9;43.453509;5.860383;405509;PROVENCE-ALPES-COTE D'AZUR;83116;16037;83;83309;Saint-Maximin-la-Sainte-Baume;16037;unités urbaines de moins de 20 000 habitants et zones rurales;1;53;1 533;11,00%;De 50 à 80 000 entrées;non;;commune isolée;161;130;53;26,6;67,7;4,5;1,2;63;13,9
1072;90 061;81 311;ARTS ET TECHNIQUES;35,4;44.893791;-0.715027;405772;NOUVELLE AQUITAINE;33449;30547;33;33701;Bordeaux;904359;unités urbaines de 100 000 habitants et plus;3;52;3 110;10,80%;De 80 à 100 000 entrées;catégorie C;JP;banlieue;318;239;102;40,1;52,6;4,5;2,8;183;25,6
307;25 258;23 517;LES ENFANTS DE SAINT MEEN;31,6;48.188591;-2.192564;405831;BRETAGNE;35297;4610;35;35202;Saint-Méen-le-Grand;5801;unités urbaines de moins de 20 000 habitants et zones rurales;2;53;1 051;7,40%;De 20 à 30 000 entrées;catégorie E;JP;commune-centre;286;231;23;48,5;41,6;8,9;1;122;25,8
187;9 108;9 778;CINEMA ET CULTURE MAURIENNE;41,5;45.21706;6.474053;406333;AUVERGNE / RHONE-ALPES;73261;2472;73;73104;Saint-Michel-de-Maurienne;2831;unités urbaines de moins de 20 000 habitants et zones rurales;1;51;443;-6,90%;De 5 à 10 000 entrées;catégorie E;JP;commune-centre;229;199;1;50,1;32,5;13,2;4,3;112;41,8
95;11 293;10 430;;50,4;47.180946;-2.149737;406352;PAYS DE LA LOIRE;44182;4642;44;44401;Saint-Brevin-les-Pins;23405;unités urbaines de 20 000 à 100 000 habitants;1;52;488;8,30%;De 10 à 20 000 entrées;catégorie D;;banlieue;239;198;11;65,2;19,1;10;5,8;134;42,8
496;69 881;69 515;ESPACE MARCEL CARNE;77,6;48.637713;2.320768;406812;ILE-DE-FRANCE;91570;20160;91;851;Paris;10706072;petite couronne;3;50;2 800;0,50%;De 50 à 80 000 entrées;catégorie C;RDJPPR;banlieue;281;161;29;57,8;22,8;11,4;8,1;232;71,6
0;7 726;6 965;;68,9;44.203862;1.018776;407140;OCCITANIE;82168;363;82;0;Zone rurale;14541106;unités urbaines de 100 000 habitants et plus;1;52;296;10,90%;De 5 à 10 000 entrées;catégorie E;JP;territoire rural;70;25;0;71,4;9,9;8,7;9,9;48;60
154;35 909;32 043;LE THEATRE;86,8;47.280291;-2.216623;407211;PAYS DE LA LOIRE;44184;69784;44;44601;Saint-Nazaire;152164;unités urbaines de 100 000 habitants et plus;1;49;1 390;12,10%;De 30 à 40 000 entrées;catégorie B;RDJPPR;commune-centre;217;105;20;59,9;12,4;15,4;12,3;195;85
1986;431 476;404 776;SOCIETE RENNAISE DE DIFFUSION CINEMATOGRAPHIQUE;20,9;47.274768;-2.20402;407220;PAYS DE LA LOIRE;44184;69784;44;44601;Saint-Nazaire;152164;unités urbaines de 100 000 habitants et plus;9;53;15 104;6,60%;De 300 à 450 000 entrées;non;;commune-centre;307;210;165;35,1;60,4;4;0,5;117;17,8
1029;211 823;194 800;CINEMA CULTURE LOISIRS DE LA PRESQU' ILE;16,8;47.331071;-2.426378;407229;PAYS DE LA LOIRE;44069;16294;44;44601;Saint-Nazaire;152164;unités urbaines de 100 000 habitants et plus;6;53;9 683;8,70%;De 200 à 300 000 entrées;non;;banlieue;206;168;126;38,4;58,4;2,9;0,3;58;15,4
260;6 968;5 857;SOC VIALE ET D ORTA;4,7;42.366924;9.53137;407321;CORSE;2B313;1901;2B;0;Zone rurale;14541106;unités urbaines de 100 000 habitants et plus;1;12;85;19,00%;De 5 à 10 000 entrées;non;;territoire rural;34;33;10;13,8;82,9;2,9;0,3;4;1,6
1546;364 523;375 644;OCINE;22,2;50.750679;2.250328;407871;HAUTS DE FRANCE;62765;14343;62;62501;Saint-Omer;62105;unités urbaines de 20 000 à 100 000 habitants;9;53;14 347;-3,00%;De 300 à 450 000 entrées;catégorie D;;commune-centre;296;235;152;33,4;62;3,8;0,8;140;14,5
176;9 140;11 265;COMMUNE DE SAINT OUEN (SOMME);21,7;50.038633;2.123723;408122;HAUTS DE FRANCE;80711;1915;80;80206;Saint-Léger-lès-Domart;7323;unités urbaines de moins de 20 000 habitants et zones rurales;1;41;208;-18,90%;De 5 à 10 000 entrées;non;;commune-centre;97;81;1;46,5;41;10,1;2,5;19;28,9
513;152 959;144 555;ASSOCIATION CINEMAS DES DEUX RIVES;78,8;49.044334;2.106823;408323;ILE-DE-FRANCE;95572;24498;95;851;Paris;10706072;petite couronne;5;51;7 572;5,80%;De 150 à 200 000 entrées;catégorie C;RDJPPR;banlieue;390;261;153;57,7;17,1;15,9;9,3;311;74,3
683;61 463;57 842;CENTRE AUDONIEN ET FRANCILIEN D'ART ET DE CULTURE;69,3;48.904144;2.339193;408441;ILE-DE-FRANCE;93070;48431;93;851;Paris;10706072;grande couronne;2;50;2 521;6,30%;De 50 à 80 000 entrées;catégorie C;RDJPPR;banlieue;233;169;19;44,3;34,5;12,6;8,6;175;56,8
496;30 333;26 020;ASSOCIATION ARGITZE;39,2;43.327875;-1.034919;408682;NOUVELLE AQUITAINE;64493;1850;64;64102;Saint-Palais;2969;unités urbaines de moins de 20 000 habitants et zones rurales;2;53;1 472;16,60%;De 30 à 40 000 entrées;catégorie E;RDJP;commune-centre;384;320;51;45,5;40,6;11,4;2,5;193;36,3
195;8 573;7 149;SECIC;28,1;45.64428;-1.088823;408744;NOUVELLE AQUITAINE;17380;3875;17;17402;Royan;35729;unités urbaines de 20 000 à 100 000 habitants;1;52;704;19,90%;De 5 à 10 000 entrées;non;;banlieue;156;143;6;52;42,9;4;1,1;66;18,7
99;562;1 059;;18,8;43.687155;5.708539;409303;PROVENCE-ALPES-COTE D'AZUR;13099;841;13;0;Zone rurale;14541106;unités urbaines de 100 000 habitants et plus;1;13;32;-46,90%;Moins de 2000 entrées;non;;territoire rural;13;11;0;36,8;63,2;0;0;3;14,8
172;2 762;2 036;CINEMAGINAIRE;55,1;42.811446;2.505248;409463;OCCITANIE;66187;1812;66;0;Zone rurale;14541106;unités urbaines de 100 000 habitants et plus;1;49;265;35,70%;De 2 à 5 000 entrées;catégorie E;;territoire rural;157;130;2;48,2;32,8;13,2;5,8;93;44,3
159;34 142;32 330;LE NAVIRE;20,3;44.353475;4.739599;409903;AUVERGNE / RHONE-ALPES;26324;8969;26;26203;Saint-Paul-Trois-Châteaux;10328;unités urbaines de moins de 20 000 habitants et zones rurales;1;53;1 160;5,60%;De 30 à 40 000 entrées;catégorie E;JP;commune-centre;185;153;44;33,3;60,3;4,1;2,3;78;20,5
228;34 582;32 857;ASSOCIATION CINE PHIL;27,2;47.037392;-1.641091;410232;PAYS DE LA LOIRE;44188;8767;44;44211;Saint-Philbert-de-Grand-Lieu;8767;unités urbaines de moins de 20 000 habitants et zones rurales;1;53;677;5,30%;De 30 à 40 000 entrées;catégorie E;JP;commune isolée;255;205;4;43,9;41,1;11,8;3,1;97;21,7
300;2 454;2 867;COMMUNE DE SAINT PIERRE D'ALBIGNY;40,2;45.569699;6.15397;410631;AUVERGNE / RHONE-ALPES;73270;3936;73;73108;Saint-Pierre-d'Albigny;4838;unités urbaines de moins de 20 000 habitants et zones rurales;1;31;87;-14,40%;De 2 à 5 000 entrées;non;;commune-centre;45;28;0;65,4;27,6;4,2;2,8;18;34,6
365;5 421;5 012;CINE-OFF;63,4;47.389603;0.719808;411244;CENTRE-VAL DE LOIRE;37233;15745;37;37701;Tours;353042;unités urbaines de 100 000 habitants et plus;1;37;71;8,20%;De 5 à 10 000 entrées;non;;banlieue;51;32;1;56,6;22,2;14,7;6,4;30;63,7
155;7 720;7 681;ENSEIGNEMENT CATHOLIQUE LOISIRS;32,5;48.400769;-0.099188;411333;PAYS DE LA LOIRE;53246;1991;53;0;Zone rurale;14541106;unités urbaines de 100 000 habitants et plus;1;52;209;0,50%;De 5 à 10 000 entrées;catégorie E;;territoire rural;136;105;2;70,7;19,7;8,4;1,2;47;34
630;98 632;88 769;LIEN OLERONNAIS POUR LA CULTURE L' ANIMATION ET LES LOISIRS;47,1;45.943128;-1.308557;411461;NOUVELLE AQUITAINE;17385;6751;17;17204;Saint-Pierre-d'Oléron;6751;unités urbaines de moins de 20 000 habitants et zones rurales;3;53;3 613;11,10%;De 80 à 100 000 entrées;catégorie E;RDJPPR;commune isolée;352;255;92;47,4;42,1;6,2;4,3;233;36
299;77 909;76 028;ROYAL CINEMA;9,1;43.885758;-0.521675;411540;NOUVELLE AQUITAINE;40281;9512;40;40401;Mont-de-Marsan;40141;unités urbaines de 20 000 à 100 000 habitants;4;53;6 658;2,50%;De 50 à 80 000 entrées;non;;banlieue;113;98;87;22,8;72,8;4,3;0,1;15;7,5
144;13 929;13 499;CINEMA LE REXY;45,4;49.016764;-0.043436;412061;NORMANDIE;14654;7835;14;14119;Saint-Pierre-sur-Dives;7835;unités urbaines de moins de 20 000 habitants et zones rurales;1;50;500;3,20%;De 10 à 20 000 entrées;catégorie E;JP;commune-centre;161;120;3;53,2;27,6;12,5;6,7;89;42,7
331;24 482;19 892;ASSOCIATION CULTURELLE ET ARTISTIQUE DU LEON;34,5;48.687279;-3.992419;412251;BRETAGNE;29259;6584;29;29305;Saint-Pol-de-Léon;12288;unités urbaines de moins de 20 000 habitants et zones rurales;1;52;553;23,10%;De 20 à 30 000 entrées;catégorie E;;commune-centre;228;194;24;46,6;40,3;11,8;1,3;101;28,8
140;40 016;39 066;ASSOCIATION CULTURE ET CINEMA EN TERNOIS;35,9;50.381554;2.33712;412322;HAUTS DE FRANCE;62767;5029;62;62209;Saint-Pol-sur-Ternoise;8619;unités urbaines de moins de 20 000 habitants et zones rurales;1;53;1 430;2,40%;De 40 à 50 000 entrées;catégorie E;JPPR;commune-centre;163;101;27;47,8;46;4;2,2;97;29,1
155;7 174;8 117;BRIQUE BERNARD;33,1;43.48939;2.758039;412415;OCCITANIE;34284;1892;34;0;Zone rurale;14541106;unités urbaines de 100 000 habitants et plus;1;47;954;-11,60%;De 5 à 10 000 entrées;catégorie E;;territoire rural;166;127;4;46,5;42,5;9;2,1;68;33,5
0;7 551;8 128;;33,4;46.307498;3.289943;412532;AUVERGNE / RHONE-ALPES;3254;5090;3;3201;Saint-Pourçain-sur-Sioule;5090;unités urbaines de moins de 20 000 habitants et zones rurales;1;49;368;-7,10%;De 5 à 10 000 entrées;non;;commune isolée;158;130;0;56,2;28;10;5,8;64;38,1
395;70 512;64 526;SAINT PRIEST CINEMA;27,7;45.694405;4.936379;412623;AUVERGNE / RHONE-ALPES;69290;45097;69;758;Lyon;1639558;unités urbaines de 100 000 habitants et plus;2;53;2 901;9,30%;De 50 à 80 000 entrées;catégorie C;JP;banlieue;263;168;60;33;55,5;7,3;4,3;146;25,1
167;39 984;35 668;GLOZEL;31,7;48.651051;-2.83135;413111;BRETAGNE;22325;2931;22;22302;Binic;12615;unités urbaines de moins de 20 000 habitants et zones rurales;1;53;1 252;12,10%;De 30 à 40 000 entrées;catégorie E;RDJPPR;commune-centre;219;184;57;54,9;38,9;4,6;1,6;109;28,7
1927;362 907;357 040;SAPEC;22,3;49.84044;3.292065;413157;HAUTS DE FRANCE;2691;55649;2;2501;Saint-Quentin;65059;unités urbaines de 20 000 à 100 000 habitants;11;53;22 001;1,60%;De 300 à 450 000 entrées;catégorie D;;commune-centre;414;300;199;28,4;65,1;4,7;1,8;198;15,4
190;40 030;36 248;ASSOCIATION CINE PALACE;38,4;43.788778;4.829098;414162;PROVENCE-ALPES-COTE D'AZUR;13100;9775;13;13302;Saint-Rémy-de-Provence;12731;unités urbaines de moins de 20 000 habitants et zones rurales;1;53;1 421;10,40%;De 40 à 50 000 entrées;catégorie E;JP;commune-centre;312;268;31;49,2;35;11,8;4;159;39,4
300;30 279;27 136;CINEMA LE BRETAGNE;56;48.431183;-4.623373;414352;BRETAGNE;29260;8101;29;29210;Saint-Renan;8101;unités urbaines de moins de 20 000 habitants et zones rurales;1;52;557;11,60%;De 30 à 40 000 entrées;catégorie E;RDJPPR;commune isolée;267;194;7;55,2;30;11,7;3,2;173;42,8
2141;614 679;577 758;SOCIETE DE PARTICIPATIONS CINEMATOGRAPHIQUES;14,9;48.06123;0.167196;415471;PAYS DE LA LOIRE;72320;2487;72;72701;Le Mans;210018;unités urbaines de 100 000 habitants et plus;12;53;24 389;6,40%;De 450 à 700 000 entrées;non;;banlieue;241;192;192;34,2;61,7;3,5;0,6;36;12,2
188;7 700;7 202;ECRAN SAVINOIS;54,3;45.87583;-0.681096;416021;NOUVELLE AQUITAINE;17397;2427;17;0;Zone rurale;14541106;unités urbaines de 100 000 habitants et plus;1;48;385;6,90%;De 5 à 10 000 entrées;catégorie E;;territoire rural;183;142;0;45,8;36,2;12,9;5,1;109;53,2
200;11 863;12 306;OFFICE DU TOURISME DE SAINT SEVER CAP DE GASCOGNE;24,1;43.758985;-0.574071;416622;NOUVELLE AQUITAINE;40282;4884;40;40108;Saint-Sever;4884;unités urbaines de moins de 20 000 habitants et zones rurales;1;52;606;-3,60%;De 10 à 20 000 entrées;catégorie E;;commune isolée;184;162;61;42,8;48,6;7,7;0,9;57;25
208;13 123;13 340;CIN'ETOILES;36,1;45.24015;4.233176;416701;AUVERGNE / RHONE-ALPES;43224;5959;43;43203;Sainte-Sigolène;8231;unités urbaines de moins de 20 000 habitants et zones rurales;1;52;477;-1,60%;De 10 à 20 000 entrées;catégorie E;JP;commune-centre;194;163;0;53,8;34,6;9,6;2;89;27,4
200;8 513;9 762;;43,2;47.135691;2.548784;416921;CENTRE-VAL DE LOIRE;18235;1154;18;0;Zone rurale;14541106;unités urbaines de 100 000 habitants et plus;1;43;273;-12,80%;De 5 à 10 000 entrées;catégorie E;JP;territoire rural;50;27;0;59;36,4;3,5;1,1;26;49,6
167;11 928;13 070;VEO CINEMAS;52,7;43.77186;1.688125;417332;OCCITANIE;81271;8778;81;81204;Saint-Sulpice;8778;unités urbaines de moins de 20 000 habitants et zones rurales;1;46;641;-8,70%;De 10 à 20 000 entrées;catégorie E;;commune isolée;203;174;2;43,4;31;22;3,6;110;54,2
376;27 763;30 001;AEP CINEMA LE FOYER;32,4;45.629307;4.452451;418121;AUVERGNE / RHONE-ALPES;69238;3627;69;69103;Saint-Symphorien-sur-Coise;3627;unités urbaines de moins de 20 000 habitants et zones rurales;2;53;1 298;-7,50%;De 20 à 30 000 entrées;catégorie E;JP;commune isolée;248;203;11;55,4;37,3;5,4;1,9;109;29,2
168;11 413;12 848;COMMUNE DE SAINT TROPEZ;25;43.269837;6.635574;418633;PROVENCE-ALPES-COTE D'AZUR;83119;4305;83;83304;Saint-Tropez;8975;unités urbaines de moins de 20 000 habitants et zones rurales;1;49;801;-11,20%;De 10 à 20 000 entrées;non;;commune-centre;113;97;17;49,8;43,4;5,4;1,5;36;28,2
218;5 239;4 230;COMMUNE DE SAINTE TULLE;37,2;43.786667;5.762877;418651;PROVENCE-ALPES-COTE D'AZUR;4197;3449;4;4401;Manosque;30036;unités urbaines de 20 000 à 100 000 habitants;1;52;336;23,90%;De 5 à 10 000 entrées;catégorie D;;banlieue;215;192;2;55,6;24,3;9,4;10,7;88;47,7
189;14 769;14 336;CASINO DE SAINT VALERY EN CAUX;22,1;49.863;0.706604;418992;NORMANDIE;76655;4209;76;76119;Saint-Valery-en-Caux;4209;unités urbaines de moins de 20 000 habitants et zones rurales;1;53;593;3,00%;De 10 à 20 000 entrées;non;;commune isolée;149;120;7;36;55,8;4,3;3,9;43;33,1
354;75 681;67 175;ASSOCIATION DIFFUSION EXPLOITATION CINEMATOGRAPHIQUE SUD EST;26,7;45.176008;4.816127;419082;AUVERGNE / RHONE-ALPES;26333;3935;26;269;Saint-Vallier;9130;unités urbaines de moins de 20 000 habitants et zones rurales;2;53;2 634;12,70%;De 50 à 80 000 entrées;catégorie E;;commune-centre;266;223;60;39,7;54,5;4,2;1,6;138;20,6
286;21 763;20 677;CINETYR;42,8;43.660752;-1.304343;419912;NOUVELLE AQUITAINE;40284;7661;40;40303;Saint-Vincent-de-Tyrosse;15408;unités urbaines de moins de 20 000 habitants et zones rurales;1;52;685;5,30%;De 20 à 30 000 entrées;catégorie E;JP;commune-centre;262;209;20;46,4;36,2;13,3;4,1;139;40,9
264;28 661;27 472;;36,9;45.51138;1.20357;420443;NOUVELLE AQUITAINE;87187;6813;87;87203;Saint-Yrieix-la-Perche;6813;unités urbaines de moins de 20 000 habitants et zones rurales;2;52;1 337;4,30%;De 20 à 30 000 entrées;catégorie E;JP;commune isolée;279;231;12;49,9;40,6;6,7;2,7;141;31,3
150;3 049;3 045;AMIS DU BON CINEMA;64,6;45.474022;4.380177;421203;AUVERGNE / RHONE-ALPES;42275;6175;42;753;Saint-Étienne;373130;unités urbaines de 100 000 habitants et plus;1;19;46;0,10%;De 2 à 5 000 entrées;non;;banlieue;25;7;0;47,5;22,7;25,9;3,9;20;67,8
277;7 538;7 938;VILLE DE LA TALAUDIERE;41,1;45.482487;4.429981;421204;AUVERGNE / RHONE-ALPES;42305;6608;42;753;Saint-Étienne;373130;unités urbaines de 100 000 habitants et plus;1;46;146;-5,00%;De 5 à 10 000 entrées;non;;banlieue;123;101;0;58,6;28,2;11,4;1,8;54;41,2
2427;366 730;316 465;UGC CINE CITE;27,8;44.811682;-0.592543;421242;NOUVELLE AQUITAINE;33522;42171;33;33701;Bordeaux;904359;unités urbaines de 100 000 habitants et plus;12;53;21 159;15,90%;De 300 à 450 000 entrées;non;;banlieue;285;167;164;30,9;61,2;5,4;2,6;117;27,5
328;7 484;6 213;ASSOCIATION CINEMA LE MANOIR;36,8;46.465494;-1.62086;421441;PAYS DE LA LOIRE;85288;7363;85;85204;Talmont-Saint-Hilaire;7363;unités urbaines de moins de 20 000 habitants et zones rurales;1;52;522;20,50%;De 5 à 10 000 entrées;catégorie E;;commune isolée;212;183;1;53,1;34,9;6,6;5,4;94;35
357;55 859;49 737;CINEMA MARIVAUX;29,7;45.898249;4.4318;421911;AUVERGNE / RHONE-ALPES;69243;10639;69;69302;Tarare;16613;unités urbaines de moins de 20 000 habitants et zones rurales;2;53;1 920;12,30%;De 50 à 80 000 entrées;catégorie E;RDJP;commune-centre;266;202;46;41,6;52,5;4,5;1,4;135;23,8
200;11 708;10 000;OFFICE DU TOURISME DU PAYS DE TARASCON;36,5;42.846422;1.603935;421923;OCCITANIE;9306;3231;9;9201;Tarascon-sur-Ariège;5525;unités urbaines de moins de 20 000 habitants et zones rurales;1;52;531;17,10%;De 10 à 20 000 entrées;catégorie E;;commune-centre;198;167;1;43,4;45,6;5,3;5,7;96;45,6
336;26 697;27 293;JOURCIN DIDIER;17,6;43.806585;4.660803;421932;PROVENCE-ALPES-COTE D'AZUR;13108;15056;13;456;Beaucaire;31150;unités urbaines de 20 000 à 100 000 habitants;2;49;1 856;-2,20%;De 20 à 30 000 entrées;catégorie D;JP;banlieue;157;128;62;34,7;60,6;3,7;1;51;16,9
2049;389 217;377 699;CINE LOISIRS AQUITAINE;15,8;43.240399;0.079601;421997;OCCITANIE;65440;40593;65;65501;Tarbes;75605;unités urbaines de 20 000 à 100 000 habitants;11;53;21 742;3,00%;De 300 à 450 000 entrées;non;;commune-centre;239;196;189;29,3;65,8;4,2;0,7;39;12,8
2567;272 511;269 539;LANESMOND;16,2;43.536908;-1.461264;422160;NOUVELLE AQUITAINE;40312;12387;40;751;Bayonne (partie française);236730;unités urbaines de 100 000 habitants et plus;12;53;22 237;1,10%;De 200 à 300 000 entrées;non;;banlieue;247;195;190;29,1;65,6;4,4;1;47;14,5
245;41 579;39 385;ASSOCIATION DIFFUSION EXPLOITATION CINEMATOGRAPHIQUE SUD EST;59,1;45.761019;4.761288;422432;AUVERGNE / RHONE-ALPES;69244;21793;69;758;Lyon;1639558;unités urbaines de 100 000 habitants et plus;1;47;929;5,60%;De 40 à 50 000 entrées;catégorie C;JP;banlieue;226;161;5;66,9;21,1;8,4;3,6;149;55,5
329;14 527;;STUDIO 207;35,9;49.026312;2.224754;422871;ILE-DE-FRANCE;95607;26077;95;851;Paris;10706072;petite couronne;2;28;1 560;;De 10 à 20 000 entrées;non;;banlieue;115;111;8;44,3;43;7,5;5,1;52;36,2
189;32 505;32 834;ASSOCIATION CINEBOL;49,4;44.550873;4.681776;423061;AUVERGNE / RHONE-ALPES;7319;8449;7;551;Montélimar;55791;unités urbaines de 20 000 à 100 000 habitants;2;51;1 829;-1,00%;De 30 à 40 000 entrées;catégorie D;RDJP;banlieue;320;248;19;53,1;30,8;12,4;3,7;196;47,1
170;41 905;40 707;;10,6;50.527126;3.168609;423382;HAUTS DE FRANCE;59586;5930;59;59211;Templeuve;10210;unités urbaines de moins de 20 000 habitants et zones rurales;1;53;1 109;2,90%;De 40 à 50 000 entrées;non;;commune-centre;98;74;35;50,8;45,6;2,4;1,2;31;11,5
126;28 059;26 845;;30,9;50.526289;3.170036;423383;HAUTS DE FRANCE;59586;5930;59;59211;Templeuve;10210;unités urbaines de moins de 20 000 habitants et zones rurales;1;53;1 041;4,50%;De 20 à 30 000 entrées;catégorie E;JP;commune-centre;139;107;18;46,1;45,6;6,4;2;58;36,1
172;13 088;12 378;;36,4;45.114054;4.290647;423422;AUVERGNE / RHONE-ALPES;43244;3106;43;43102;Tence;3106;unités urbaines de moins de 20 000 habitants et zones rurales;1;50;508;5,70%;De 10 à 20 000 entrées;catégorie E;;commune isolée;204;166;4;47,9;41,6;6,6;3,9;91;27,8
157;4 038;3 395;ASSOCIATION MAISON DES JEUNES ET DE LA CULTURE;22,7;44.08886;7.593211;423501;PROVENCE-ALPES-COTE D'AZUR;6163;2174;6;0;Zone rurale;14541106;unités urbaines de 100 000 habitants et plus;1;52;110;18,90%;De 2 à 5 000 entrées;non;;territoire rural;109;99;1;44,4;50,7;3,3;1,5;24;22,3
498;30 521;31 271;CENTRE D'ANIMATION CULTURELLE INTERCOMMUNALE DU TERNOIS;23,3;49.657142;3.298248;423561;HAUTS DE FRANCE;2738;13734;2;2402;Tergnier;22463;unités urbaines de 20 000 à 100 000 habitants;2;53;2 213;-2,40%;De 30 à 40 000 entrées;non;;commune-centre;225;195;64;21,7;73,5;3,8;1;74;9,9
228;24 848;25 076;;45,4;45.131093;1.301938;423865;NOUVELLE AQUITAINE;24547;6173;24;265;Terrasson-Lavilledieu;7839;unités urbaines de moins de 20 000 habitants et zones rurales;1;53;1 153;-0,90%;De 20 à 30 000 entrées;catégorie E;JP;commune-centre;391;288;5;46,8;41,8;8;3,5;234;37,6
1375;300 510;274 273;SARL GRAND ECRAN;28,8;44.637099;-1.153746;424194;NOUVELLE AQUITAINE;33529;26110;33;33501;La Teste-de-Buch - Arcachon;65500;unités urbaines de 20 000 à 100 000 habitants;10;53;14 936;9,60%;De 300 à 450 000 entrées;catégorie D;;commune-centre;364;273;193;31,5;61,6;5,4;1,4;172;17,8
670;29 159;29 042;ASSOCIATION ARTS ET CULTURE PAYS THANNAIS;35,9;47.805797;7.101395;424465;GRAND EST;68334;7898;68;68402;Thann - Cernay;31817;unités urbaines de 20 000 à 100 000 habitants;2;48;1 283;0,40%;De 20 à 30 000 entrées;catégorie D;JP;commune-centre;230;180;67;44,8;42,2;12;1,1;110;29,2
221;10 690;10 234;ASSOCIATION LE FOYER THEILLOIS;34,5;48.265259;0.690629;424781;NORMANDIE;61484;3737;61;61102;Le Theil;3737;unités urbaines de moins de 20 000 habitants et zones rurales;1;44;394;4,50%;De 10 à 20 000 entrées;catégorie E;JP;commune-centre;131;104;1;55,6;35,6;4;4,7;50;36,8
3679;1 440 885;1 418 442;LES CINEMAS PATHE GAUMONT;17;48.756508;2.371928;425503;ILE-DE-FRANCE;94073;28942;94;851;Paris;10706072;grande couronne;16;53;33 772;1,60%;De 1 à 1,5 million d'entrées;non;;banlieue;272;217;214;21,6;73,1;4,2;1,1;56;12,7
341;22 765;21 911;THIERS CINEMA;41,2;45.855676;3.547437;425783;AUVERGNE / RHONE-ALPES;63430;11805;63;63303;Thiers;13925;unités urbaines de moins de 20 000 habitants et zones rurales;3;53;1 787;3,90%;De 20 à 30 000 entrées;catégorie E;;commune-centre;166;128;8;52;39,5;5,6;2,9;83;36,8
2609;836 902;837 341;SOCIETE DES GRANDS ECRANS DE THILLOIS;18,9;49.254024;3.962365;426120;GRAND EST;51569;405;51;0;Zone rurale;14541106;unités urbaines de 100 000 habitants et plus;13;53;23 754;-0,10%;De 700 000 à 1 million d'entrées;non;;territoire rural;289;236;199;27,8;67,1;4,5;0,7;92;13,2
332;19 108;18 308;ROUEFF GERARD;12;47.881078;6.765526;426151;GRAND EST;88468;3513;88;88303;Le Thillot;15370;unités urbaines de moins de 20 000 habitants et zones rurales;2;51;998;4,40%;De 10 à 20 000 entrées;non;;commune-centre;139;125;24;37,1;58,4;4,5;0;26;10,8
299;40 515;40 211;ASSOCIATION CINE ESSAI;89,6;49.357979;6.167955;426273;GRAND EST;57672;40665;57;57601;Thionville;132722;unités urbaines de 100 000 habitants et plus;2;44;2 809;0,80%;De 40 à 50 000 entrées;catégorie C;RDJPPR;commune-centre;270;171;55;57,4;19,6;13,3;9,7;222;84,4
2844;552 888;388 811;KINEPOLIS THIONVILLE;15;49.362347;6.111437;426301;GRAND EST;57672;40665;57;57601;Thionville;132722;unités urbaines de 100 000 habitants et plus;10;53;16 765;42,20%;De 450 à 700 000 entrées;non;;commune-centre;237;185;178;22,6;72;4,3;1,1;36;11,2
173;18 516;17 162;SARL CINE LIMOUSIN QUERCY PERIGORD;46,1;45.413265;0.918749;426463;NOUVELLE AQUITAINE;24551;2893;24;24108;Thiviers;3849;unités urbaines de moins de 20 000 habitants et zones rurales;1;53;825;7,90%;De 10 à 20 000 entrées;catégorie E;RDJPPR;commune-centre;298;233;1;55,8;29,3;10,1;4,7;170;42,9
333;4 864;4 822;VEGA;37,1;46.030249;4.313447;426533;AUVERGNE / RHONE-ALPES;69248;6150;69;69203;Thizy;6150;unités urbaines de moins de 20 000 habitants et zones rurales;2;48;626;0,90%;De 2 à 5 000 entrées;catégorie E;;commune isolée;147;111;3;57,6;30,3;8,7;3,3;55;52,9
193;2 116;2 248;SOCIETE DES CINEMAS DU CHABLAIS;16,8;46.389621;6.718783;426761;AUVERGNE / RHONE-ALPES;74279;760;74;0;Zone rurale;14541106;unités urbaines de 100 000 habitants et plus;1;27;226;-5,90%;De 2 à 5 000 entrées;non;;territoire rural;72;57;0;40,1;49,2;10,3;0,4;18;17,8
189;23 167;22 494;ASSOCIATION EDUCATIVE ARTS LOISIRS;27,7;45.881671;6.325794;426831;AUVERGNE / RHONE-ALPES;74280;6549;74;74205;Thônes;10092;unités urbaines de moins de 20 000 habitants et zones rurales;1;53;534;3,00%;De 20 à 30 000 entrées;catégorie E;;commune-centre;141;105;43;49,5;38,7;7,8;4;56;37,2
412;53 171;52 576;BAUCINE;85,2;46.369762;6.481305;426921;AUVERGNE / RHONE-ALPES;74281;34895;74;74501;Thonon-les-Bains;75939;unités urbaines de 20 000 à 100 000 habitants;3;53;3 701;1,10%;De 50 à 80 000 entrées;catégorie D;;commune-centre;180;134;82;62,5;18,5;9,4;9,5;137;79,2
1392;410 833;389 200;;13,8;46.352812;6.468439;426924;AUVERGNE / RHONE-ALPES;74281;34895;74;74501;Thonon-les-Bains;75939;unités urbaines de 20 000 à 100 000 habitants;8;53;13 110;5,60%;De 300 à 450 000 entrées;non;;commune-centre;222;178;172;29,5;65,6;4,5;0,4;43;13,2
114;16 234;12 195;ASSOCIATION DU CINEMA LE PARNAL;58,8;45.99595;6.239124;427042;AUVERGNE / RHONE-ALPES;74282;9104;74;0;Zone rurale;14541106;unités urbaines de 100 000 habitants et plus;1;52;485;33,10%;De 10 à 20 000 entrées;catégorie E;JP;territoire rural;162;100;1;59,7;23,6;12,1;4,6;118;51,1
170;5 804;4 554;;43,2;47.267642;-0.502889;427312;PAYS DE LA LOIRE;49345;5783;49;0;Zone rurale;14541106;unités urbaines de 100 000 habitants et plus;1;46;206;27,40%;De 5 à 10 000 entrées;catégorie E;;territoire rural;145;119;0;71,3;17,3;6,1;5,3;72;52,9
235;39 434;37 594;AEP LA DURANDAL;28,8;46.977963;-0.211033;427363;NOUVELLE AQUITAINE;79329;9225;79;79302;Thouars;14299;unités urbaines de moins de 20 000 habitants et zones rurales;1;53;965;4,90%;De 30 à 40 000 entrées;catégorie E;;commune-centre;178;141;27;45,6;47,2;5,1;2;85;24,3
220;4 076;3 535;;66,3;49.482001;2.884056;427442;HAUTS DE FRANCE;60636;4584;60;60502;Compiègne;70485;unités urbaines de 20 000 à 100 000 habitants;1;44;80;15,30%;De 2 à 5 000 entrées;non;;banlieue;58;32;0;41,3;30,8;3;24,8;44;66,1
270;16 966;17 249;ASSOCIATION ARTS ET LOISIRS;17,2;50.471998;3.073172;427703;HAUTS DE FRANCE;59592;3942;59;756;Douai - Lens;504537;unités urbaines de 100 000 habitants et plus;1;46;291;-1,60%;De 10 à 20 000 entrées;non;;banlieue;104;89;2;35,1;53,5;11,2;0,3;22;20,9
213;22 530;19 914;ORGANISATION MANIFESTATIONS ACTION CULTURELLE CINEMATOGRAPHIQUE;43,1;48.985746;-0.478263;427861;NORMANDIE;14689;3680;14;0;Zone rurale;14541106;unités urbaines de 100 000 habitants et plus;1;52;864;13,10%;De 20 à 30 000 entrées;catégorie E;JP;territoire rural;213;178;12;48,7;40,8;8,8;1,7;115;29,5
282;20 767;22 864;MONTAGNE CINE AUDIO;16,2;45.456559;6.900294;428103;AUVERGNE / RHONE-ALPES;73296;2569;73;0;Zone rurale;14541106;unités urbaines de 100 000 habitants et plus;2;41;1 008;-9,20%;De 20 à 30 000 entrées;non;;territoire rural;176;155;36;41,3;52,6;5,8;0,2;46;11
280;6 302;5 368;LIGUE DE L' ENSEIGNEMENT DE BASSE-NORMANDIE;34,5;48.763163;-0.732609;428483;NORMANDIE;61486;4999;61;61104;Tinchebray;4999;unités urbaines de moins de 20 000 habitants et zones rurales;1;49;200;17,40%;De 5 à 10 000 entrées;catégorie E;;commune isolée;153;124;0;54,6;34,7;7;3,7;63;29,5
200;22 618;22 136;ASSOCIATION CINE PASSION EN PERIGORD;47,5;45.252655;0.493333;428711;NOUVELLE AQUITAINE;24553;1667;24;0;Zone rurale;14541106;unités urbaines de 100 000 habitants et plus;1;52;552;2,20%;De 20 à 30 000 entrées;catégorie E;JP;territoire rural;149;107;2;61,2;31,9;5,5;1,4;76;43,1
173;4 043;3 703;CINE REX;54,6;45.966024;-0.705655;428921;NOUVELLE AQUITAINE;17448;1161;17;0;Zone rurale;14541106;unités urbaines de 100 000 habitants et plus;1;52;315;9,20%;De 2 à 5 000 entrées;catégorie E;;territoire rural;145;114;0;57,9;24,3;15;2,8;82;60,3
320;36 188;34 563;ASSOCIATION POUR LA PROMOTION ET L'ANIMATION DU CINE A TONNEINS;42,5;44.391294;0.311793;428942;NOUVELLE AQUITAINE;47310;9014;47;47201;Tonneins;9853;unités urbaines de moins de 20 000 habitants et zones rurales;2;53;1 903;4,70%;De 30 à 40 000 entrées;catégorie E;RDJPPR;commune-centre;429;336;83;43,3;45,5;7,4;3,8;237;30
141;8 867;8 195;VILLE DE TONNERRE;51,8;47.856492;3.972991;428961;BOURGOGNE / FRANCHE-COMTE;89418;4736;89;89202;Tonnerre;5337;unités urbaines de moins de 20 000 habitants et zones rurales;1;50;488;8,20%;De 5 à 10 000 entrées;catégorie E;JPPR;commune-centre;118;70;1;45,3;39,4;9,4;5,9;75;55,8
2974;893 673;811 075;;19;48.840592;2.654959;429132;ILE-DE-FRANCE;77468;23558;77;851;Paris;10706072;petite couronne;16;53;32 475;10,20%;De 700 000 à 1 million d'entrées;non;;banlieue;343;260;254;21,7;71;4,1;3,2;87;12,8
246;35 979;34 840;CINE SPECTACLE;47,1;48.676183;5.893159;429814;GRAND EST;54528;16021;54;54402;Toul;23131;unités urbaines de 20 000 à 100 000 habitants;1;49;1 005;3,30%;De 30 à 40 000 entrées;non;;commune-centre;279;230;2;50,4;34,2;12,5;2,9;142;41,3
386;115 636;111 220;ASSOCIATION CINEMA LE ROYAL - TOULON;96,7;43.124501;5.96296;429951;PROVENCE-ALPES-COTE D'AZUR;83137;167479;83;757;Toulon;569793;unités urbaines de 100 000 habitants et plus;3;53;5 256;4,00%;De 100 à 150 000 entrées;catégorie A;RDPR;commune-centre;234;148;114;52,3;20;13,1;14,6;221;94,4
100;4 288;4 208;;2,6;42.666461;2.836131;430102;OCCITANIE;66213;6686;66;66601;Perpignan;200971;unités urbaines de 100 000 habitants et plus;1;19;39;1,90%;De 2 à 5 000 entrées;non;;banlieue;19;14;0;70,5;26,3;3,2;0;1;1,4
1554;129 019;276 231;UGC SAS;24,8;43.605557;1.448068;430202;OCCITANIE;31555;471941;31;31701;Toulouse;948433;unités urbaines de 100 000 habitants et plus;9;27;8 362;-53,30%;De 100 à 150 000 entrées;non;;commune-centre;118;60;60;28,5;60,8;9,5;1,2;54;21,2
396;175 008;158 031;ASSOCIATION POUR LA PROMOTION DU CINEMA ABC;91;43.60903;1.443975;430222;OCCITANIE;31555;471941;31;31701;Toulouse;948433;unités urbaines de 100 000 habitants et plus;3;53;5 980;10,70%;De 150 à 200 000 entrées;catégorie A;RDJPPR;commune-centre;322;170;124;60;13;12,8;14,2;278;89,1
441;230 240;232 923;UTOPIA LATIN;91,6;43.604016;1.446784;430243;OCCITANIE;31555;471941;31;31701;Toulouse;948433;unités urbaines de 100 000 habitants et plus;3;53;5 831;-1,20%;De 200 à 300 000 entrées;catégorie A;RDJPPR;commune-centre;317;160;126;50,1;21,3;11,7;16,9;256;91,8
79;21 618;21 463;ASSOCIATION CINEFOL 31;86,7;43.588909;1.445984;430261;OCCITANIE;31555;471941;31;31701;Toulouse;948433;unités urbaines de 100 000 habitants et plus;1;47;1 099;0,70%;De 20 à 30 000 entrées;catégorie A;RDJP;commune-centre;280;159;1;52,5;20,4;13,4;13,6;250;80,1
132;4 020;2 543;CENTRE SOCIO CULTUREL SPORT MINVIL;82,3;43.563857;1.404136;430404;OCCITANIE;31555;471941;31;31701;Toulouse;948433;unités urbaines de 100 000 habitants et plus;1;29;96;58,10%;De 2 à 5 000 entrées;non;;commune-centre;41;25;0;68,9;26,6;1,9;2,6;38;87,8
3529;1 118 843;1 011 755;GAUMONT;34,2;43.60456;1.44782;430446;OCCITANIE;31555;471941;31;31701;Toulouse;948433;unités urbaines de 100 000 habitants et plus;15;53;28 812;10,60%;De 1 à 1,5 million d'entrées;non;;commune-centre;438;269;252;29,3;60,8;6;3,8;200;32,8
299;36 303;;BORDEROUGE CINE;78,8;43.642205;1.45598;430455;OCCITANIE;31555;471941;31;31701;Toulouse;948433;unités urbaines de 100 000 habitants et plus;3;30;2 548;;De 30 à 40 000 entrées;non;;commune-centre;135;97;4;51,4;16,8;20,6;11,1;112;75,1
682;114 561;113 021;PECOURT JOSEPH EMILE;33,9;50.524614;1.585193;430620;HAUTS DE FRANCE;62826;4285;62;62401;Berck;44863;unités urbaines de 20 000 à 100 000 habitants;5;53;8 637;1,40%;De 100 à 150 000 entrées;catégorie D;JPPR;banlieue;343;255;163;43,6;49;6,2;1,2;188;23,8
299;23 048;21 218;LE FRESNOY STUDIO NATIONAL DES ARTS CONTEMPORAINS;82,6;50.699907;3.155883;430771;HAUTS DE FRANCE;59599;96809;59;59702;Lille (partie française);1039397;unités urbaines de 100 000 habitants et plus;2;48;855;8,60%;De 20 à 30 000 entrées;catégorie C;JP;banlieue;179;124;0;56,9;20;10,9;12,1;148;73,8
638;135 851;133 502;;13,9;50.721235;3.15888;430886;HAUTS DE FRANCE;59599;96809;59;59702;Lille (partie française);1039397;unités urbaines de 100 000 habitants et plus;5;53;8 270;1,80%;De 100 à 150 000 entrées;non;;banlieue;166;116;94;20,1;73,6;4,8;1,5;49;14,2
0;4 226;;BASILIC DIFFUSION;55;43.726077;5.547136;430923;PROVENCE-ALPES-COTE D'AZUR;84133;4196;84;84108;La Tour-d'Aigues;4196;unités urbaines de moins de 20 000 habitants et zones rurales;1;39;120;;De 2 à 5 000 entrées;non;;commune isolée;67;60;0;70,4;16,9;9,8;2,9;39;52,8
208;31 122;23 482;;32,9;45.562468;5.444145;431023;AUVERGNE / RHONE-ALPES;38509;7970;38;38304;La Tour-du-Pin;21762;unités urbaines de 20 000 à 100 000 habitants;1;53;1 168;32,50%;De 30 à 40 000 entrées;non;;commune-centre;217;181;23;54,1;37,4;6;2,5;113;31,4
300;25 645;25 951;ASSOCIATION CINEFOL 31;53;43.216817;0.882662;431351;OCCITANIE;31028;1201;31;0;Zone rurale;14541106;unités urbaines de 100 000 habitants et plus;1;52;756;-1,20%;De 20 à 30 000 entrées;catégorie E;JP;territoire rural;165;99;0;55,7;22,6;17,1;4,6;97;51,5
486;221 527;222 039;UTOPIA LATIN;83,5;43.581932;1.345083;431352;OCCITANIE;31557;26477;31;31701;Toulouse;948433;unités urbaines de 100 000 habitants et plus;4;53;6 898;-0,20%;De 200 à 300 000 entrées;catégorie C;RDJPPR;banlieue;295;181;106;54,9;16,9;18,1;10,1;242;81,3
285;37 138;34 734;ASSOCIATION RHONE COMMUNICATIONS;26,4;45.065738;4.834751;431551;AUVERGNE / RHONE-ALPES;7324;10326;7;457;Tournon-sur-Rhône;29832;unités urbaines de 20 000 à 100 000 habitants;2;51;1 210;6,90%;De 30 à 40 000 entrées;catégorie D;JP;commune-centre;167;126;24;50,6;44,6;2,3;2,4;77;27,9
219;21 362;17 525;FOURNIER CHRISTOPHE CINEMA;55,6;46.562498;4.912313;431604;BOURGOGNE / FRANCHE-COMTE;71543;5663;71;71202;Tournus;5663;unités urbaines de moins de 20 000 habitants et zones rurales;1;48;711;21,90%;De 20 à 30 000 entrées;catégorie E;RDJPPR;commune isolée;254;161;0;59,5;25,7;10,2;4,6;173;58,8
1067;358 583;342 844;ANIMATION DES STUDIO DE TOURS;82,1;47.394391;0.697155;431732;CENTRE-VAL DE LOIRE;37261;136252;37;37701;Tours;353042;unités urbaines de 100 000 habitants et plus;7;53;11 288;4,60%;De 300 à 450 000 entrées;catégorie A;RDJPPR;commune-centre;438;283;204;63,3;14,1;13,8;8,7;360;82
2574;870 703;880 691;TOURMOND;17,5;47.365422;0.680755;431771;CENTRE-VAL DE LOIRE;37261;136252;37;37701;Tours;353042;unités urbaines de 100 000 habitants et plus;13;53;26 239;-1,10%;De 700 000 à 1 million d'entrées;non;;commune-centre;256;207;205;30,8;64,5;3,8;0,9;51;14
1898;215 346;243 235;CINETOURS;21,8;47.366664;0.706536;431801;CENTRE-VAL DE LOIRE;37261;136252;37;37701;Tours;353042;unités urbaines de 100 000 habitants et plus;8;53;15 875;-11,50%;De 200 à 300 000 entrées;non;;commune-centre;309;225;156;31,9;61;5,2;1,9;131;18,8
266;35 862;31 836;ASSOCIATION CINEMA DU BOCAGE;32,6;46.34852;-1.448152;432661;PAYS DE LA LOIRE;85294;2863;85;85104;La Tranche-sur-Mer;2863;unités urbaines de moins de 20 000 habitants et zones rurales;2;49;1 979;12,60%;De 30 à 40 000 entrées;catégorie E;;commune isolée;251;209;54;50,3;42,1;5,6;2;104;23,3
218;21 390;23 240;;57,9;48.780183;1.992423;432832;ILE-DE-FRANCE;78621;32346;78;851;Paris;10706072;petite couronne;1;50;909;-8,00%;De 20 à 30 000 entrées;catégorie C;JP;banlieue;209;161;1;45,6;33,6;9,4;11,5;138;56
2187;568 862;522 049;CINECRANS;13,7;48.493105;-2.761907;433570;BRETAGNE;22360;8411;22;22501;Saint-Brieuc;94500;unités urbaines de 20 000 à 100 000 habitants;10;53;13 636;9,00%;De 450 à 700 000 entrées;non;;banlieue;200;174;171;35,5;61,2;3;0,3;25;14,1
259;13 589;13 534;SECIC;56,6;45.796268;-1.166123;433913;NOUVELLE AQUITAINE;17452;4641;17;17301;La Tremblade;11935;unités urbaines de moins de 20 000 habitants et zones rurales;1;48;735;0,40%;De 10 à 20 000 entrées;non;;commune-centre;180;152;16;45,9;40,1;9,7;4,3;123;43,3
524;55 119;108 161;ASSOCIATION TREMBLAYSIENNE POUR LE CINEMA;47,7;48.99649;2.550261;433972;ILE-DE-FRANCE;93073;35381;93;851;Paris;10706072;grande couronne;3;22;1 794;-49,00%;De 50 à 80 000 entrées;catégorie C;RDJPPR;banlieue;146;87;16;42,6;44,4;6,8;6,2;101;33,1
2380;770 211;731 249;;11,9;48.991044;2.524032;433975;ILE-DE-FRANCE;93073;35381;93;851;Paris;10706072;grande couronne;12;53;21 648;5,30%;De 700 000 à 1 million d'entrées;non;;banlieue;195;152;149;17,5;78,9;2,8;0,7;24;11,1
332;28 062;28 598;CASINO DU TREPORT;6,2;50.061473;1.367587;434402;NORMANDIE;76711;4935;76;453;Eu;20095;unités urbaines de 20 000 à 100 000 habitants;1;53;1 638;-1,90%;De 20 à 30 000 entrées;non;;commune-centre;141;115;55;22,8;72,5;3,4;1,3;25;10,2
220;8 151;6 361;POLYMAGES;33,1;43.447455;5.684694;434682;PROVENCE-ALPES-COTE D'AZUR;13110;10963;13;759;Marseille - Aix-en-Provence;1585498;unités urbaines de 100 000 habitants et plus;1;49;317;28,10%;De 5 à 10 000 entrées;non;;banlieue;107;88;20;46,6;46,9;5;1,5;48;33,2
228;4 009;3 056;ASSOCIATION L'ETOILE;41,3;46.46634;1.038441;435331;NOUVELLE AQUITAINE;86273;901;86;0;Zone rurale;14541106;unités urbaines de 100 000 habitants et plus;1;52;334;31,20%;De 2 à 5 000 entrées;catégorie E;;territoire rural;161;139;0;55,8;29;13,4;1,8;69;39,8
2352;586 101;539 576;AUBOISE D EXPLOITATION CINEMATOGRAPHIQUE;27,1;48.291806;4.080707;436453;GRAND EST;10387;60928;10;10601;Troyes;136330;unités urbaines de 100 000 habitants et plus;14;53;28 253;8,60%;De 450 à 700 000 entrées;non;;commune-centre;474;353;270;31,4;61,7;5;1,9;231;18,2
708;139 525;134 576;;30,6;45.272941;1.776816;436927;NOUVELLE AQUITAINE;19272;14390;19;19401;Tulle;21196;unités urbaines de 20 000 à 100 000 habitants;5;53;8 005;3,70%;De 100 à 150 000 entrées;catégorie D;RDJPPR;commune-centre;360;248;137;38,9;54,7;4,9;1,5;202;22,6
106;15 458;15 051;IMA 3;30,8;45.297176;5.483039;436962;AUVERGNE / RHONE-ALPES;38517;7655;38;38206;Tullins;8805;unités urbaines de moins de 20 000 habitants et zones rurales;1;47;671;2,70%;De 10 à 20 000 entrées;catégorie E;JP;commune-centre;153;123;2;56,1;32,7;5,9;5,4;63;31,7
160;45 829;41 291;DAVID;65;47.348261;-2.512088;437012;PAYS DE LA LOIRE;44211;4460;44;44206;La Turballe;6691;unités urbaines de moins de 20 000 habitants et zones rurales;1;53;1 591;11,00%;De 40 à 50 000 entrées;catégorie E;RDJPPR;commune-centre;287;218;108;59,5;22,3;11,3;6,9;207;60,6
615;79 942;79 229;LES AMIS DU CINEMA;26;45.754303;6.417593;437401;AUVERGNE / RHONE-ALPES;73303;7042;73;73203;Ugine;8717;unités urbaines de moins de 20 000 habitants et zones rurales;2;53;2 559;0,90%;De 50 à 80 000 entrées;catégorie E;RDJP;commune-centre;207;173;90;29,8;65,4;4,2;0,5;97;16,7
600;91 446;95 621;UGC SAS;13,5;48.675884;2.175597;437562;ILE-DE-FRANCE;91692;24764;91;851;Paris;10706072;petite couronne;4;53;6 282;-4,40%;De 80 à 100 000 entrées;non;;banlieue;93;85;78;29,5;68,3;2,2;0;11;11,9
102;2 318;1 625;;29,2;47.876905;7.309221;437630;GRAND EST;68343;2177;68;68207;Ensisheim;9600;unités urbaines de moins de 20 000 habitants et zones rurales;1;36;65;42,60%;De 2 à 5 000 entrées;non;;banlieue;54;43;1;66,4;15,9;17,7;0;13;26,5
377;22 193;22 561;VILLE D'UNIEUX;31,8;45.396194;4.281269;437674;AUVERGNE / RHONE-ALPES;42316;8975;42;753;Saint-Étienne;373130;unités urbaines de 100 000 habitants et plus;1;44;1 187;-1,60%;De 20 à 30 000 entrées;non;;banlieue;199;160;7;44,7;41,5;9,4;4,4;80;31,9
200;25 926;22 510;ASSOCIATION CINEMA LE LUMIERE;40,6;43.654225;1.491185;437682;OCCITANIE;31561;11595;31;31701;Toulouse;948433;unités urbaines de 100 000 habitants et plus;1;48;564;15,20%;De 20 à 30 000 entrées;catégorie C;;banlieue;301;244;15;58,8;29,5;9,6;2,1;151;42,6
229;18 303;19 379;AEP LES AMIS DE LA JEUNESSE D URRUGNE;79,8;43.36278;-1.696856;438001;NOUVELLE AQUITAINE;64545;9674;64;751;Bayonne (partie française);236730;unités urbaines de 100 000 habitants et plus;1;51;1 569;-5,60%;De 10 à 20 000 entrées;catégorie C;RDJPPR;banlieue;251;185;19;49,2;19,2;21,2;10,4;207;76,6
491;35 749;32 314;VEO CINEMAS;28;45.550069;2.312425;438291;NOUVELLE AQUITAINE;19275;9783;19;19301;Ussel;9783;unités urbaines de moins de 20 000 habitants et zones rurales;2;53;1 686;10,60%;De 30 à 40 000 entrées;catégorie E;JP;commune isolée;261;201;28;36,8;55;6,5;1,6;138;21,1
200;6 220;6 480;;16,6;44.369873;6.605179;438461;PROVENCE-ALPES-COTE D'AZUR;4226;583;4;0;Zone rurale;14541106;unités urbaines de 100 000 habitants et plus;1;29;350;-4,00%;De 5 à 10 000 entrées;non;;territoire rural;120;105;33;41,4;51,4;6,9;0,3;26;10,1
187;10 011;9 983;VILLE D'UZERCHE;33,7;45.424402;1.563016;438622;NOUVELLE AQUITAINE;19276;2889;19;19103;Uzerche;2889;unités urbaines de moins de 20 000 habitants et zones rurales;1;52;409;0,30%;De 10 à 20 000 entrées;catégorie E;;commune isolée;180;144;0;47,7;42,3;8,1;1,9;69;32,9
500;70 790;60 969;ATMOSPHERE ATMOSPHERE;45,3;44.014623;4.419527;438631;OCCITANIE;30334;8540;30;30301;Uzès;11726;unités urbaines de moins de 20 000 habitants et zones rurales;3;53;3 925;16,10%;De 50 à 80 000 entrées;catégorie E;JPPR;commune-centre;270;206;123;49,1;40,4;7,1;3,4;152;39,2
183;12 577;12 036;;27,6;48.008328;6.71485;439061;GRAND EST;88486;3949;88;88402;La Bresse;24384;unités urbaines de 20 000 à 100 000 habitants;1;49;293;4,50%;De 10 à 20 000 entrées;catégorie D;;commune-centre;164;129;0;62,6;30,5;4,1;2,9;61;28,3
311;8 934;7 569;ASSOCIATION VAIROISE D'ANIMATION CULTURELLE;33,4;48.874168;2.632366;439271;ILE-DE-FRANCE;77479;13579;77;851;Paris;10706072;petite couronne;1;46;323;18,00%;De 5 à 10 000 entrées;non;;banlieue;101;88;0;71;11,9;4,5;12,6;37;38,6
442;60 233;;REGAIN;56,7;44.244391;5.067667;439295;PROVENCE-ALPES-COTE D'AZUR;84137;6072;84;84203;Vaison-la-Romaine;7872;unités urbaines de moins de 20 000 habitants et zones rurales;3;48;2 793;;De 50 à 80 000 entrées;catégorie E;RDJPPR;commune-centre;406;329;152;51,6;35,6;8,5;4,3;271;44,2
230;7 105;6 718;ALMA CENTRE CULTUREL;55,7;43.619739;7.039277;439502;PROVENCE-ALPES-COTE D'AZUR;6152;13183;6;6701;Nice;943354;unités urbaines de 100 000 habitants et plus;1;37;140;5,80%;De 5 à 10 000 entrées;non;;banlieue;56;35;0;52,7;32,1;9,9;5,3;36;55,4
230;20 268;20 632;LES VISITEURS DU SOIR;83,4;43.641892;7.006394;439503;PROVENCE-ALPES-COTE D'AZUR;6152;13183;6;6701;Nice;943354;unités urbaines de 100 000 habitants et plus;1;48;283;-1,80%;De 20 à 30 000 entrées;catégorie C;;banlieue;166;126;0;53,2;18,1;15,2;13,5;144;81,3
241;16 377;14 917;;30,4;47.148814;6.343241;439583;BOURGOGNE / FRANCHE-COMTE;25578;5474;25;25114;Valdahon;5474;unités urbaines de moins de 20 000 habitants et zones rurales;1;52;369;9,80%;De 10 à 20 000 entrées;catégorie E;;commune isolée;183;154;0;57,7;34,9;6,7;0,7;55;38,8
242;13 610;12 152;CENTRE D'ACTION CULTUREL DU VAL DE REUIL;55,8;49.271387;1.212255;439721;NORMANDIE;27701;13269;27;27402;Louviers;44239;unités urbaines de 20 000 à 100 000 habitants;2;52;1 236;12,00%;De 10 à 20 000 entrées;catégorie D;JP;commune-centre;231;167;2;52,2;32,1;10,5;5,2;140;46,2
156;10 087;10 347;MC4  DISTRIBUTION;25,4;45.44673400000001;6.975815000000011;439745;AUVERGNE / RHONE-ALPES;73304;1583;73;0;Zone rurale;14541106;unités urbaines de 100 000 habitants et plus;1;46;524;-2,50%;De 10 à 20 000 entrées;non;;territoire rural;211;185;46;41,1;50;7,9;1;72;19,9
148;13 757;11 888;;36,7;44.107657;0.889685;439901;OCCITANIE;82186;5277;82;82202;Valence;7776;unités urbaines de moins de 20 000 habitants et zones rurales;1;49;433;15,70%;De 10 à 20 000 entrées;catégorie E;;commune-centre;217;186;1;45,6;40,7;10,4;3,3;91;35,1
739;117 183;103 483;LE NAVIRE;92,2;44.93274;4.89523;439941;AUVERGNE / RHONE-ALPES;26362;62479;26;651;Valence;129705;unités urbaines de 100 000 habitants et plus;5;53;8 460;13,20%;De 100 à 150 000 entrées;catégorie B;RDJPPR;commune-centre;346;216;179;55,2;18,7;12,7;13,5;316;88,8
377;28 316;33 648;LUX SCENE NATIONALE DE VALENCE;79,1;44.930191;4.893946;439942;AUVERGNE / RHONE-ALPES;26362;62479;26;651;Valence;129705;unités urbaines de 100 000 habitants et plus;2;45;1 433;-15,80%;De 20 à 30 000 entrées;catégorie B;JPPR;commune-centre;156;60;26;50,8;17,1;20,4;11,7;138;64,6
2343;643 386;621 139;;16,8;44.933197;4.901186;439990;AUVERGNE / RHONE-ALPES;26362;62479;26;651;Valence;129705;unités urbaines de 100 000 habitants et plus;12;53;24 219;3,60%;De 450 à 700 000 entrées;non;;commune-centre;298;240;203;29,6;65,6;4,2;0,6;81;13,5
3710;678 476;706 771;GAUMONT;21,1;50.339838;3.514954;440044;HAUTS DE FRANCE;59606;44043;59;59701;Valenciennes (partie française);335992;unités urbaines de 100 000 habitants et plus;15;53;25 438;-4,00%;De 450 à 700 000 entrées;non;;commune-centre;423;293;244;25,3;68,1;5,3;1,3;186;15,9
109;21 777;18 492;POLYMAGES;44,2;43.131815;5.988887;440286;PROVENCE-ALPES-COTE D'AZUR;83144;23347;83;757;Toulon;569793;unités urbaines de 100 000 habitants et plus;1;52;993;17,80%;De 20 à 30 000 entrées;catégorie C;;banlieue;252;210;1;64,2;23,4;8,8;3,6;133;46,9
282;28 205;28 752;ASSOCIATION CINEMA LE CEP;41,3;47.162517;-1.264107;440961;PAYS DE LA LOIRE;44212;8838;44;44212;Vallet;8838;unités urbaines de moins de 20 000 habitants et zones rurales;1;51;635;-1,90%;De 20 à 30 000 entrées;catégorie E;JP;commune isolée;207;144;5;55,1;29,3;10,6;5;109;35,4
334;17 538;16 776;AEP DE  VALLOIRE;23,2;45.164163;6.429287;441063;AUVERGNE / RHONE-ALPES;73306;1135;73;0;Zone rurale;14541106;unités urbaines de 100 000 habitants et plus;1;49;509;4,50%;De 10 à 20 000 entrées;catégorie E;JP;territoire rural;190;158;55;46,1;47,2;5,7;1;65;14,9
274;9 009;8 181;;21,7;45.174957;6.493547;441172;AUVERGNE / RHONE-ALPES;73307;510;73;0;Zone rurale;14541106;unités urbaines de 100 000 habitants et plus;2;28;511;10,10%;De 5 à 10 000 entrées;non;;territoire rural;151;119;48;47,6;48,1;3,6;0,7;51;9
340;25 254;26 538;LECERF RICHARD JACQUES GILBERT;29,5;49.508042;-1.47082;441261;NORMANDIE;50615;6745;50;50205;Valognes;7860;unités urbaines de moins de 20 000 habitants et zones rurales;1;49;687;-4,80%;De 20 à 30 000 entrées;catégorie E;;commune-centre;150;118;33;49,6;39,7;8,4;2,3;77;29,6
807;37 088;35 158;LES THEATRES PIERRE ROUX;17,3;44.384549;4.991924;441352;PROVENCE-ALPES-COTE D'AZUR;84138;9492;84;84204;Valréas;9492;unités urbaines de moins de 20 000 habitants et zones rurales;2;48;2 957;5,50%;De 30 à 40 000 entrées;non;;commune isolée;193;168;56;41,6;53,2;4,1;1,1;67;16,8
218;7 858;7 718;BAUCINE;28,2;44.655637;4.36656;441383;AUVERGNE / RHONE-ALPES;7331;3500;7;7402;Aubenas;41552;unités urbaines de 20 000 à 100 000 habitants;2;49;585;1,80%;De 5 à 10 000 entrées;catégorie D;;banlieue;160;138;1;62,2;27,9;8,3;1,6;56;29,7
813;125 111;121 720;SOCIETE RENNAISE DE DIFFUSION CINEMATOGRAPHIQUE;88,5;47.654885;-2.756096;441861;BRETAGNE;56260;53200;56;56501;Vannes;78876;unités urbaines de 20 000 à 100 000 habitants;5;53;7 224;2,80%;De 100 à 150 000 entrées;catégorie D;RDJPPR;commune-centre;356;204;119;61,8;13,5;16,6;8,1;301;85,2
1979;546 779;497 105;;13;47.670076;-2.792332;441876;BRETAGNE;56260;53200;56;56501;Vannes;78876;unités urbaines de 20 000 à 100 000 habitants;9;53;15 144;10,00%;De 450 à 700 000 entrées;non;;commune-centre;227;172;158;36,9;59,4;3,3;0,4;36;14
316;21 513;20 485;AEP JEAN BECQUE;62,4;44.402406;4.132968;441953;AUVERGNE / RHONE-ALPES;7334;2672;7;7110;Les Vans;3526;unités urbaines de moins de 20 000 habitants et zones rurales;1;52;657;5,00%;De 20 à 30 000 entrées;catégorie E;RDJP;commune-centre;273;219;7;53;27;10,8;9,2;184;58,8
192;23 011;18 386;VILLE DE VANVES;78,1;48.821779;2.287439;442002;ILE-DE-FRANCE;92075;27806;92;851;Paris;10706072;grande couronne;1;45;552;25,20%;De 20 à 30 000 entrées;catégorie C;;banlieue;177;142;0;60,2;23,4;10,6;5,9;137;75,4
1603;322 478;308 664;CINE MONTEREAU POINT COM;18,6;48.367677;2.957289;442370;ILE-DE-FRANCE;77482;3429;77;77403;Montereau-Fault-Yonne;27606;petite couronne;9;53;15 646;4,50%;De 300 à 450 000 entrées;non;;banlieue;312;219;183;27,6;65,3;5,8;1,4;117;14,3
188;9 612;7 755;SAVOY CINEMA;8,1;44.569752;6.68318;442861;PROVENCE-ALPES-COTE D'AZUR;5177;573;5;0;Zone rurale;14541106;unités urbaines de 100 000 habitants et plus;2;28;796;23,90%;De 5 à 10 000 entrées;non;;territoire rural;68;55;11;38,9;58,8;1,9;0,4;9;6,5
295;50 828;43 912;LES VRAIS INSTANTS DE L' IMAGE;53,9;48.837881;2.157499;443601;ILE-DE-FRANCE;92076;8688;92;851;Paris;10706072;grande couronne;2;53;2 768;15,70%;De 50 à 80 000 entrées;catégorie C;;banlieue;125;100;50;58,3;20,2;15,2;6,4;74;57
160;5 542;5 334;COMMUNE DE CHAMROUSSE;15,2;45.111573;5.875976;444091;AUVERGNE / RHONE-ALPES;38567;462;38;0;Zone rurale;14541106;unités urbaines de 100 000 habitants et plus;1;26;270;3,90%;De 5 à 10 000 entrées;non;;territoire rural;106;89;9;44,2;49,9;6;0;21;11,2
177;12 011;9 630;VILLE DE VAULX EN VELIN;59,5;45.789822;4.917721;444143;AUVERGNE / RHONE-ALPES;69256;47313;69;758;Lyon;1639558;unités urbaines de 100 000 habitants et plus;1;44;578;24,70%;De 10 à 20 000 entrées;catégorie C;JP;banlieue;158;124;5;41;32,9;21,3;4,9;93;61,8
3669;1 128 491;1 120 433;;14,7;45.763741;4.920277;444144;AUVERGNE / RHONE-ALPES;69256;47313;69;758;Lyon;1639558;unités urbaines de 100 000 habitants et plus;15;53;28 108;0,70%;De 1 à 1,5 million d'entrées;non;;banlieue;287;226;185;21,8;72,9;4,1;1,2;77;11,7
217;44 939;38 081;VILLE DE VAUREAL;23,7;49.030119;2.021182;444330;ILE-DE-FRANCE;95637;16221;95;851;Paris;10706072;petite couronne;2;50;2 333;18,00%;De 40 à 50 000 entrées;non;;banlieue;238;194;23;23,2;54,7;13,8;8,3;83;23,5
268;21 396;22 145;VILLE DE VAUX LE PENIL;63,3;48.527795;2.689584;444791;ILE-DE-FRANCE;77487;11039;77;851;Paris;10706072;petite couronne;1;49;867;-3,40%;De 20 à 30 000 entrées;catégorie C;;banlieue;218;175;9;59,7;21,7;13,5;5,1;120;49,6
200;10 265;9 496;ASSOCIATION CINE SPECTACLES L'UXELLO;48,4;44.954501;1.70171;445201;OCCITANIE;46330;1291;46;155;Vayrac;2488;unités urbaines de moins de 20 000 habitants et zones rurales;1;52;368;8,10%;De 10 à 20 000 entrées;catégorie E;;commune-centre;221;191;1;63,8;22,5;9,3;4,5;116;48,5
281;27 450;29 213;CINEGIL;43,9;43.723214;7.110472;446171;PROVENCE-ALPES-COTE D'AZUR;6157;18393;6;6701;Nice;943354;unités urbaines de 100 000 habitants et plus;2;47;1 507;-6,00%;De 20 à 30 000 entrées;catégorie C;;banlieue;307;276;45;59,4;26,2;9,1;5,3;154;49,4
0;8 873;3 424;ORGANISATION CINEMATOGRAPHIQUE FAVARD;12;45.355735;-1.060588;446204;NOUVELLE AQUITAINE;33540;2453;33;0;Zone rurale;14541106;unités urbaines de 100 000 habitants et plus;1;8;25;159,10%;De 5 à 10 000 entrées;non;;territoire rural;22;13;0;59;32,8;8,2;0;3;8,9
900;148 380;140 593;;17,6;47.802972;1.06936;446494;CENTRE-VAL DE LOIRE;41269;16716;41;41401;Vendôme;23423;unités urbaines de 20 000 à 100 000 habitants;5;53;6 549;5,50%;De 100 à 150 000 entrées;non;;commune-centre;212;156;104;41,3;54,6;3,5;0,5;90;17,5
473;92 655;84 768;CENTRE CULTUREL COMMUNAL BORIS VIAN;40,7;45.697279;4.8697;446804;AUVERGNE / RHONE-ALPES;69259;64273;69;758;Lyon;1639558;unités urbaines de 100 000 habitants et plus;3;53;4 261;9,30%;De 80 à 100 000 entrées;catégorie C;RDJPPR;banlieue;280;196;76;38,8;51,4;8,2;1,6;172;36
280;14 182;14 306;OFFICE DU TOURISME DES DEUX ALPES;18,6;44.995012;6.117879;446901;AUVERGNE / RHONE-ALPES;38253;1894;38;0;Zone rurale;14541106;unités urbaines de 100 000 habitants et plus;2;36;585;-0,90%;De 10 à 20 000 entrées;non;;territoire rural;169;145;18;37,1;57,3;5,2;0,4;43;12
98;4 535;4 919;;49,7;43.851122;1.234903;447605;OCCITANIE;82190;4727;82;82104;Verdun-sur-Garonne;4727;unités urbaines de moins de 20 000 habitants et zones rurales;1;52;354;-7,80%;De 2 à 5 000 entrées;catégorie E;JPPR;commune isolée;282;242;3;46,6;35,3;12,3;5,8;148;43,4
1161;207 775;198 962;BLN MAJESTIC;23,5;49.159325;5.38635;447622;GRAND EST;55545;18139;55;55401;Verdun;24283;unités urbaines de 20 000 à 100 000 habitants;8;53;10 823;4,40%;De 200 à 300 000 entrées;catégorie D;;commune-centre;354;252;185;36,6;57,2;5;1,2;156;18,4
168;29 172;27 271;COMMUNE DE VERNEUIL SUR AVRE;28,9;48.736789;0.930047;448762;NORMANDIE;27679;8173;27;27205;Verneuil-sur-Avre;8173;unités urbaines de moins de 20 000 habitants et zones rurales;1;52;807;7,00%;De 20 à 30 000 entrées;catégorie E;JP;commune isolée;227;179;26;41;50,5;6,1;2,4;119;28,3
312;30 158;25 574;VILLE DE VERNEUIL SUR SEINE;30,6;48.979213;1.97461;448802;ILE-DE-FRANCE;78642;15366;78;851;Paris;10706072;petite couronne;1;48;826;17,90%;De 30 à 40 000 entrées;non;;banlieue;218;190;0;57,3;29,7;10,9;2,1;89;31,7
836;82 639;80 769;COINTIN ET CIE;17,4;49.091924;1.487671;448981;NORMANDIE;27681;23797;27;27401;Vernon;31840;unités urbaines de 20 000 à 100 000 habitants;4;53;3 174;2,30%;De 80 à 100 000 entrées;non;;commune-centre;161;123;80;31,7;62,9;4,2;1,2;65;19,3
250;16 736;14 720;ECRAN VILLAGE;68,5;44.996549;4.552256;449133;AUVERGNE / RHONE-ALPES;7129;2361;7;7102;Lamastre;2361;unités urbaines de moins de 20 000 habitants et zones rurales;1;51;514;13,70%;De 10 à 20 000 entrées;catégorie E;RDJPPR;commune isolée;191;144;1;61,6;27,4;5,1;5,9;143;50,3
491;36 279;35 347;VILLE DE VERRIERES LE BUISSON;57,5;48.754993;2.269638;449542;ILE-DE-FRANCE;91645;15592;91;851;Paris;10706072;petite couronne;2;48;1 802;2,60%;De 30 à 40 000 entrées;non;;banlieue;266;207;14;64,8;21,3;10,9;3;168;55
1590;351 009;376 582;SOCIETE NOUVELLE DE GESTION CYRANO;26,3;48.807883;2.130901;449661;ILE-DE-FRANCE;78646;85771;78;851;Paris;10706072;petite couronne;8;53;16 636;-6,80%;De 300 à 450 000 entrées;non;;banlieue;270;182;139;41,8;50,2;7,4;0,6;127;29
769;115 597;135 235;ROXANE;92,7;48.803954;2.133847;449702;ILE-DE-FRANCE;78646;85771;78;851;Paris;10706072;petite couronne;4;53;8 167;-14,50%;De 100 à 150 000 entrées;catégorie C;RDJPPR;banlieue;271;188;91;61,8;8,1;16;14,1;239;90
195;28 757;27 613;ASSOCIATION CINE VAILLANT;62,1;47.167104;-1.467908;450171;PAYS DE LA LOIRE;44215;23124;44;44701;Nantes;633690;unités urbaines de 100 000 habitants et plus;1;48;538;4,10%;De 20 à 30 000 entrées;catégorie C;;banlieue;199;159;0;65,7;11,8;13,4;9,2;144;59,2
149;7 710;7 222;ASSOCIATION VERVINS CINE VIDEO;21,1;49.833134;3.902529;450271;HAUTS DE FRANCE;2789;2502;2;2120;Vervins;3434;unités urbaines de moins de 20 000 habitants et zones rurales;1;48;232;6,80%;De 5 à 10 000 entrées;non;;commune-centre;117;89;0;44,1;40;6,1;9,7;27;35
199;31 768;29 911;ASSOCIATION DU CENTRE DES ARTS ET LOISIRS DU VESINET;66,7;48.893988;2.134326;450503;ILE-DE-FRANCE;78650;15884;78;851;Paris;10706072;petite couronne;1;48;760;6,20%;De 30 à 40 000 entrées;catégorie C;;banlieue;157;115;12;54,1;25,8;10,4;9,8;112;67,1
370;7 281;4 063;CINE 70;68,6;47.636582;6.166288;450575;BOURGOGNE / FRANCHE-COMTE;70550;15058;70;70401;Vesoul;28707;unités urbaines de 20 000 à 100 000 habitants;1;30;86;79,20%;De 5 à 10 000 entrées;non;;commune-centre;41;20;0;37,8;29,1;10,7;22,3;26;65,5
97;6 689;7 581;;35,8;49.873882;0.796808;450742;NORMANDIE;76735;594;76;0;Zone rurale;14541106;unités urbaines de 100 000 habitants et plus;1;48;436;-11,80%;De 5 à 10 000 entrées;catégorie E;;territoire rural;146;128;2;54,2;31,4;10,1;4,4;66;34,3
276;4 162;4 441;CENTRE SOCIAL RURAL EMILE MEUNIER;57,2;44.532911;5.816268;450871;PROVENCE-ALPES-COTE D'AZUR;5179;3159;5;5103;Veynes;3302;unités urbaines de moins de 20 000 habitants et zones rurales;1;51;418;-6,30%;De 2 à 5 000 entrées;catégorie E;;commune-centre;258;222;2;55,1;23;13,6;8,4;154;66,7
110;7 939;7 808;COMMUNAUTE DE COMMUNES VIC-MONTANER;30,7;43.387059;0.055241;451594;OCCITANIE;65460;5030;65;65201;Vic-en-Bigorre;5030;unités urbaines de moins de 20 000 habitants et zones rurales;1;50;501;1,70%;De 5 à 10 000 entrées;catégorie E;;commune isolée;203;156;0;48,2;32,8;14,9;4,1;80;37,5
112;8 911;8 018;CINE 32;43,5;43.757919;0.302664;451631;OCCITANIE;32462;3488;32;32104;Vic-Fezensac;3946;unités urbaines de moins de 20 000 habitants et zones rurales;1;52;382;11,10%;De 5 à 10 000 entrées;catégorie E;JPPR;commune-centre;261;202;17;45,6;40,1;11,8;2,6;136;38,5
300;1 757;1 807;U SAMPIERU;0;42.114293;8.698973;451772;CORSE;2A348;907;2A;0;Zone rurale;14541106;unités urbaines de 100 000 habitants et plus;1;7;25;-2,80%;Moins de 2000 entrées;non;;territoire rural;10;10;5;14,5;85,5;0;0;0;0
1437;365 860;341 756;SOCIETE CINEMA LE PARIS;23,7;45.520383;4.86896;452571;AUVERGNE / RHONE-ALPES;38544;29162;38;556;Vienne;94687;unités urbaines de 20 000 à 100 000 habitants;8;53;11 863;7,10%;De 300 à 450 000 entrées;catégorie D;;commune-centre;291;224;139;34,9;60,1;3,7;1,3;139;19
436;9 007;7 050;PEI;21,9;43.78629;-1.402582;452961;NOUVELLE AQUITAINE;40328;1580;40;0;Zone rurale;14541106;unités urbaines de 100 000 habitants et plus;1;36;401;27,80%;De 5 à 10 000 entrées;non;;territoire rural;96;79;20;20,9;69,1;7,5;2,5;41;16,5
158;20 897;17 746;MIREILLE LACAN ET CIE;32;43.991372;3.607058;453462;OCCITANIE;30350;3896;30;30209;Le Vigan;7165;unités urbaines de moins de 20 000 habitants et zones rurales;1;53;1 083;17,80%;De 20 à 30 000 entrées;non;;commune-centre;249;195;26;50,4;41,5;4,5;3,5;127;37,8
204;20 497;17 430;LE CINE FIL;39,9;47.14704;-0.536932;454032;PAYS DE LA LOIRE;49373;7858;49;49125;Vihiers;7858;unités urbaines de moins de 20 000 habitants et zones rurales;1;47;376;17,60%;De 20 à 30 000 entrées;catégorie E;;commune isolée;142;113;0;64,7;29,4;4,1;1,8;71;35,2
528;92 884;84 444;ESPACE ARAGON;43,9;45.238286;5.888231;454504;AUVERGNE / RHONE-ALPES;38547;7096;38;38701;Grenoble;511598;unités urbaines de 100 000 habitants et plus;2;49;2 051;10,00%;De 80 à 100 000 entrées;catégorie C;JP;banlieue;276;189;44;50,6;36,9;7,4;5,1;174;37,6
419;33 336;29 459;MC4  DISTRIBUTION;27,8;45.070607;5.549868;454531;AUVERGNE / RHONE-ALPES;38548;4175;38;38119;Villard-de-Lans;4175;unités urbaines de moins de 20 000 habitants et zones rurales;2;53;1 677;13,20%;De 30 à 40 000 entrées;catégorie E;;commune isolée;282;238;81;45;47,6;5,2;2,3;129;22,5
136;41 146;38 284;LA TRACE;52,2;46.216827;6.440326;454671;AUVERGNE / RHONE-ALPES;74301;760;74;0;Zone rurale;14541106;unités urbaines de 100 000 habitants et plus;1;53;1 257;7,50%;De 40 à 50 000 entrées;catégorie E;RDJPPR;territoire rural;253;198;11;53,6;33,9;7,8;4,6;151;35,9
204;4 523;4 982;SNC GIPPA ET GILBERT;8,7;45.244201;6.263395;454712;AUVERGNE / RHONE-ALPES;73318;249;73;0;Zone rurale;14541106;unités urbaines de 100 000 habitants et plus;1;29;205;-9,20%;De 2 à 5 000 entrées;non;;territoire rural;80;67;30;40,7;55,8;2,9;0,7;7;4,8
137;11 529;11 636;VILLE DE VILLARS LES DOMBES;24,1;45.999263;5.031235;455071;AUVERGNE / RHONE-ALPES;1443;4460;1;1122;Villars-les-Dombes;4460;unités urbaines de moins de 20 000 habitants et zones rurales;1;46;661;-0,90%;De 10 à 20 000 entrées;non;;commune isolée;167;140;8;47,3;48,3;3,9;0,5;62;24,1
279;11 998;10 217;;54,9;48.824654;2.18397;455770;ILE-DE-FRANCE;92077;11422;92;851;Paris;10706072;grande couronne;1;50;344;17,40%;De 10 à 20 000 entrées;catégorie C;;banlieue;223;195;0;52,5;29;13,3;5,2;121;50
240;23 278;21 820;MOREAU DENIS;52,2;48.837867;-1.221993;455951;NORMANDIE;50639;3905;50;50201;Villedieu-les-Poêles;5786;unités urbaines de moins de 20 000 habitants et zones rurales;1;52;705;6,70%;De 20 à 30 000 entrées;catégorie E;RDJPPR;commune-centre;215;150;6;56,2;31,2;9,4;3,3;147;39,9
600;76 728;71 961;ESPACE FELLINI;33,7;45.612006;5.156182;456251;AUVERGNE / RHONE-ALPES;38553;18891;38;38403;Villefontaine;35978;unités urbaines de 20 000 à 100 000 habitants;4;53;3 826;6,60%;De 50 à 80 000 entrées;catégorie D;RDJP;commune-centre;372;287;103;31,3;58,9;5,7;4;221;29,4
0;9 564;8 347;CINEMAU;22,7;43.701093;7.311425;456305;PROVENCE-ALPES-COTE D'AZUR;6159;5112;6;6701;Nice;943354;unités urbaines de 100 000 habitants et plus;1;49;150;14,60%;De 5 à 10 000 entrées;non;;banlieue;97;90;7;23,8;63,9;10,8;1,5;30;13,7
162;15 828;14 701;ASSOCIATION CINEFOL 31;51,4;43.398281;1.715623;456362;OCCITANIE;31582;4345;31;31114;Villefranche-de-Lauragais;4885;unités urbaines de moins de 20 000 habitants et zones rurales;1;52;730;7,70%;De 10 à 20 000 entrées;catégorie E;RDJP;commune-centre;347;291;0;47,5;33,8;13,3;5,4;201;48,1
305;34 274;31 793;CHIAPPINI DIDIER;20,9;44.351282;2.034728;456402;OCCITANIE;12300;11892;12;12301;Villefranche-de-Rouergue;12642;unités urbaines de moins de 20 000 habitants et zones rurales;2;52;1 503;7,80%;De 30 à 40 000 entrées;non;;commune-centre;120;89;35;41;53,8;4,1;1,1;44;25,8
392;70 784;57 778;ASSOCIATION DIFFUSION EXPLOITATION CINEMATOGRAPHIQUE SUD EST;93,4;45.989404;4.716509;456493;AUVERGNE / RHONE-ALPES;69264;36671;69;758;Lyon;1639558;unités urbaines de 100 000 habitants et plus;3;51;2 883;22,50%;De 50 à 80 000 entrées;catégorie C;RDJPPR;banlieue;268;151;62;62,7;14,5;11,8;11;235;90,1
616;23 712;19 601;THEATRE ROMAIN ROLLAND;56,5;48.793428;2.363199;456762;ILE-DE-FRANCE;94076;56661;94;851;Paris;10706072;grande couronne;1;46;306;21,00%;De 20 à 30 000 entrées;non;;banlieue;119;103;1;56,9;33,2;6,5;3,3;76;53,6
3271;869 328;850 479;VILNAMOND;15,6;44.788343;-0.532977;457411;NOUVELLE AQUITAINE;33550;31620;33;33701;Bordeaux;904359;unités urbaines de 100 000 habitants et plus;15;53;29 693;2,20%;De 700 000 à 1 million d'entrées;non;;banlieue;253;206;203;24,1;70,6;4,3;1;48;11,8
316;10 229;7 488;KINO CINE;66,6;50.608989;3.134086;457562;HAUTS DE FRANCE;59009;61920;59;59702;Lille (partie française);1039397;unités urbaines de 100 000 habitants et plus;1;49;882;36,60%;De 10 à 20 000 entrées;catégorie C;RDJPPR;banlieue;225;133;3;34,6;17,6;23,1;24,6;165;63
167;56 892;54 346;ASSOCIATION LA ROSE DES VENTS;77,2;50.616176;3.139061;457563;HAUTS DE FRANCE;59009;61920;59;59702;Lille (partie française);1039397;unités urbaines de 100 000 habitants et plus;1;48;1 342;4,70%;De 50 à 80 000 entrées;catégorie C;RDJPPR;banlieue;319;202;1;51,4;20;17,2;11,4;276;65,6
2835;877 398;865 332;UGC CINE CITE;18,5;50.615793;3.126269;457576;HAUTS DE FRANCE;59009;61920;59;59702;Lille (partie française);1039397;unités urbaines de 100 000 habitants et plus;12;53;23 491;1,40%;De 700 000 à 1 million d'entrées;non;;banlieue;301;191;158;30,1;65;4,4;0,5;125;15,7
212;9 934;8 739;ASSOCIATION POUR LE CINEMA SALLE ANDRE MALRAUX;52,1;48.935662;2.333275;457861;ILE-DE-FRANCE;92078;24433;92;851;Paris;10706072;grande couronne;1;40;238;13,70%;De 5 à 10 000 entrées;non;;banlieue;66;31;0;54,3;23;14,3;8,4;36;57
448;2 433;2 513;;35,3;48.735355;2.416829;457983;ILE-DE-FRANCE;94077;20732;94;851;Paris;10706072;grande couronne;1;13;17;-3,20%;De 2 à 5 000 entrées;non;;banlieue;15;12;0;36,6;63,4;0;0;6;24,1
725;87 679;81 124;SARL MINAS;12,9;44.408808;0.704017;458401;NOUVELLE AQUITAINE;47323;22686;47;47401;Villeneuve-sur-Lot;48824;unités urbaines de 20 000 à 100 000 habitants;6;53;5 069;8,10%;De 80 à 100 000 entrées;non;;commune-centre;143;124;89;26,8;69,5;3,2;0,5;26;11,8
217;28 877;28 773;ASSOCIATION CINEMA LES CLUBS;26,6;49.254713;3.092158;459221;HAUTS DE FRANCE;2810;10951;2;2301;Villers-Cotterêts;10951;unités urbaines de moins de 20 000 habitants et zones rurales;2;53;2 227;0,40%;De 20 à 30 000 entrées;catégorie E;RDJP;commune isolée;318;246;67;35,3;54,6;6,7;3,4;168;26,4
229;15 892;15 793;OFFICE DE TOURISME ET D' ANIMATION DE VILLERS SUR MER;20;49.324649;-0.001154;460033;NORMANDIE;14754;2719;14;14402;Dives-sur-Mer;34823;unités urbaines de 20 000 à 100 000 habitants;1;50;719;0,60%;De 10 à 20 000 entrées;non;;banlieue;127;117;2;57,7;37,1;4,2;1;37;18,1
127;8 250;9 139;ASSOCIATION POLE DE L'IMAGE;37,6;49.469111;5.928509;460135;GRAND EST;54580;9552;54;366;Esch-sur-Alzette (LUX) - Villerupt (partie française);20247;unités urbaines de 20 000 à 100 000 habitants;1;22;159;-9,70%;De 5 à 10 000 entrées;non;;commune-centre;45;23;3;53,2;6,9;39,9;0;26;56
240;67 221;63 691;ASSOCIATION POUR LE CINEMA;79,8;45.770555;4.874404;460784;AUVERGNE / RHONE-ALPES;69266;148665;69;758;Lyon;1639558;unités urbaines de 100 000 habitants et plus;1;51;1 304;5,50%;De 50 à 80 000 entrées;catégorie C;RDJPPR;banlieue;349;218;17;47,9;18;22,4;11,8;292;73,9
220;23 682;20 548;;48,1;48.826124;2.542402;461663;ILE-DE-FRANCE;94079;28511;94;851;Paris;10706072;grande couronne;1;50;1 096;15,30%;De 20 à 30 000 entrées;catégorie C;;banlieue;215;180;2;50,7;28;11,5;9,7;123;46,9
204;1 249;1 046;ASSOCIATION CULTURELLE VINCENNES PROMO CINEMA;26,7;48.849453;2.437319;462304;ILE-DE-FRANCE;94080;49461;94;851;Paris;10706072;grande couronne;1;7;15;19,40%;Moins de 2000 entrées;non;;banlieue;5;0;0;0;22,5;65,1;12,4;4;13,5
481;183 039;153 879;LE VINCENNES;61,9;48.845095;2.434268;462321;ILE-DE-FRANCE;94080;49461;94;851;Paris;10706072;grande couronne;4;53;6 871;18,90%;De 150 à 200 000 entrées;catégorie C;JPPR;banlieue;242;131;96;45,7;38,3;8,2;7,8;189;55,7
160;7 739;6 465;ASSOCIATION POUR LE DEVELOPPEMENT AUDIOVISUEL EN MILIEU RURAL;23,3;43.733221;5.808646;462644;PROVENCE-ALPES-COTE D'AZUR;83150;4196;83;83112;Vinon-sur-Verdon;4196;unités urbaines de moins de 20 000 habitants et zones rurales;1;53;933;19,70%;De 5 à 10 000 entrées;non;;commune isolée;156;141;4;46,5;47,1;5,5;0,8;39;19,7
345;64 245;67 274;VILLE DE VIRE;39,6;48.838655;-0.892968;462953;NORMANDIE;14762;17650;14;14301;Vire;17650;unités urbaines de moins de 20 000 habitants et zones rurales;2;50;2 046;-4,50%;De 50 à 80 000 entrées;catégorie E;RDJPPR;commune-centre;275;187;44;33,1;53,1;9,8;4;167;28,8
551;90 583;78 606;SAEM DE RENOVATION URBAINE & RESTAURATION IMMOBIL VIRY CHATILLON;42,5;48.681815;2.379391;463353;ILE-DE-FRANCE;91687;30831;91;851;Paris;10706072;petite couronne;3;52;3 179;15,20%;De 80 à 100 000 entrées;catégorie C;JP;banlieue;330;240;50;38,6;51,8;6,6;3;217;32,9
130;8 009;7 281;LE CINEMA DU SOLEIL;51,6;44.312781;4.951099;463372;PROVENCE-ALPES-COTE D'AZUR;84150;1961;84;0;Zone rurale;14541106;unités urbaines de 100 000 habitants et plus;1;46;285;10,00%;De 5 à 10 000 entrées;catégorie E;;territoire rural;117;84;0;61,9;27,3;8,5;2,3;72;43,8
515;123 926;115 245;AURORE DE VITRE;28,7;48.123858;-1.200713;463643;BRETAGNE;35360;17798;35;35302;Vitré;17798;unités urbaines de moins de 20 000 habitants et zones rurales;3;53;3 144;7,50%;De 100 à 150 000 entrées;catégorie E;JP;commune isolée;181;128;57;39,5;57,1;3;0,4;94;23
393;21 260;23 876;SOCIETE D'ECONOMIE MIXTE VITROLLES ANIMATION;68,9;43.447301;5.250042;463723;PROVENCE-ALPES-COTE D'AZUR;13117;34089;13;759;Marseille - Aix-en-Provence;1585498;unités urbaines de 100 000 habitants et plus;3;48;2 010;-11,00%;De 20 à 30 000 entrées;catégorie C;RDJPPR;banlieue;328;209;1;54,9;25,8;10,6;8,7;250;61,5
465;50 735;46 252;CINEMA DE LA RENAISSANCE;18,3;48.727309;4.586264;463842;GRAND EST;51649;12805;51;51301;Vitry-le-François;15578;unités urbaines de moins de 20 000 habitants et zones rurales;3;53;3 110;9,70%;De 50 à 80 000 entrées;catégorie E;;commune-centre;194;161;79;35,9;59,8;3,2;1;66;16
549;71 785;69 490;VILLE DE VITRY SUR SEINE;43,6;48.790948;2.388152;463931;ILE-DE-FRANCE;94081;92531;94;851;Paris;10706072;grande couronne;3;53;4 526;3,30%;De 50 à 80 000 entrées;catégorie C;RDJPPR;banlieue;341;233;28;41;48,3;7,1;3,7;212;36,2
313;25 558;26 665;ASSOCIATION CULTURELLE DE VITTEL;17,2;48.201738;5.943243;464001;GRAND EST;88516;5213;88;88202;Vittel;5213;unités urbaines de moins de 20 000 habitants et zones rurales;1;52;581;-4,20%;De 20 à 30 000 entrées;non;;commune isolée;120;106;35;40,4;56;2,7;0,9;26;11,7
420;57 663;49 563;LES CINEMAS ASSOCIES;37,9;45.07319;5.771446;464453;AUVERGNE / RHONE-ALPES;38562;7468;38;38303;Vizille;20127;unités urbaines de 20 000 à 100 000 habitants;2;53;2 251;16,30%;De 50 à 80 000 entrées;catégorie D;RDJP;commune-centre;259;192;21;52,8;34,9;8;4,3;150;38,3
389;43 587;40 868;LE ROYAL;70,1;45.365575;5.589119;464692;AUVERGNE / RHONE-ALPES;38563;20529;38;38701;Grenoble;511598;unités urbaines de 100 000 habitants et plus;3;47;2 766;6,70%;De 40 à 50 000 entrées;catégorie C;;banlieue;124;91;31;67,3;10,7;16,4;5,7;81;66,4
1076;286 855;268 242;LE ROYAL;14,7;45.364057;5.593001;464706;AUVERGNE / RHONE-ALPES;38563;20529;38;38701;Grenoble;511598;unités urbaines de 100 000 habitants et plus;6;53;9 245;6,90%;De 200 à 300 000 entrées;non;;banlieue;185;139;130;29,1;65,5;4,4;1;52;14,1
218;25 922;24 054;VILLE DE VOREPPE;43,5;45.296452;5.636354;465193;AUVERGNE / RHONE-ALPES;38565;9441;38;38701;Grenoble;511598;unités urbaines de 100 000 habitants et plus;2;49;1 620;7,80%;De 20 à 30 000 entrées;catégorie C;JP;banlieue;305;247;9;57,8;28,5;7,6;6,1;159;40,9
120;45 108;43 339;CENTRE REGIONAL DE PROMOTION DU CINEMA;32,3;46.716996;0.536753;465651;NOUVELLE AQUITAINE;86298;2142;86;0;Zone rurale;14541106;unités urbaines de 100 000 habitants et plus;1;51;898;4,10%;De 40 à 50 000 entrées;catégorie E;JPPR;territoire rural;119;68;0;74,6;16,6;6,9;1,8;56;37,5
353;29 140;29 538;ASSOCIATION LES TOURELLES;20,7;49.395324;4.700053;465872;GRAND EST;8490;4383;8;8106;Vouziers;4383;unités urbaines de moins de 20 000 habitants et zones rurales;2;52;1 837;-1,30%;De 20 à 30 000 entrées;catégorie E;;commune isolée;206;162;31;40,9;53,8;4;1,4;76;19,8
0;5 721;8 027;;14,9;49.714863;3.584145;465920;HAUTS DE FRANCE;2517;341;2;0;Zone rurale;14541106;unités urbaines de 100 000 habitants et plus;1;43;195;-28,70%;De 5 à 10 000 entrées;catégorie E;;territoire rural;50;33;0;55,5;25,4;5,2;13,9;11;19,6
150;6 506;6 395;FAMILLES RURALES FEDERATION REGIONALE DES PAYS DE LA LOIRE;38,1;47.476235;-2.158292;466201;PAYS DE LA LOIRE;44098;5199;44;44119;Missillac;5199;unités urbaines de moins de 20 000 habitants et zones rurales;1;39;126;1,70%;De 5 à 10 000 entrées;non;;commune isolée;56;30;0;66,3;24,1;8,1;1,5;28;37,9
96;13 091;10 574;ASSOCIATION CINEMA GERARD PHILIPE;45,6;50.68623;3.14461;467301;HAUTS DE FRANCE;59646;20963;59;59702;Lille (partie française);1039397;unités urbaines de 100 000 habitants et plus;1;52;419;23,80%;De 10 à 20 000 entrées;non;;banlieue;159;114;0;57,9;28,8;8,7;4,7;75;45
0;20 506;20 111;ERSTEIN CINEMA;49,1;48.918237;7.370931;468243;GRAND EST;67538;1623;67;0;Zone rurale;14541106;unités urbaines de 100 000 habitants et plus;1;48;587;2,00%;De 20 à 30 000 entrées;catégorie E;JPPR;territoire rural;174;112;0;46,2;32,7;17,9;3,2;107;51,1
411;2 685;2 753;;34;49.036084;7.946947;468473;GRAND EST;67544;7662;67;67212;Wissembourg (partie française);7662;unités urbaines de moins de 20 000 habitants et zones rurales;1;19;50;-2,50%;De 2 à 5 000 entrées;non;;commune isolée;46;26;0;38,8;41,2;14,1;5,9;17;31,7
240;14 576;12 850;VILLE DE WITTENHEIM;37,2;47.822671;7.337178;468533;GRAND EST;68376;14512;68;68701;Mulhouse;246511;unités urbaines de 100 000 habitants et plus;1;50;852;13,40%;De 10 à 20 000 entrées;catégorie C;;banlieue;215;160;5;43,7;39;15,9;1,4;114;32,8
100;21 412;21 072;MARLY SCOPE CINEMA;33,2;49.150597;6.146816;468741;GRAND EST;57751;13608;57;57701;Metz;285268;unités urbaines de 100 000 habitants et plus;1;52;413;1,60%;De 20 à 30 000 entrées;catégorie C;JP;banlieue;129;87;9;55,8;24,1;14,9;5,2;63;39,7
182;1 191;1 233;LE PRE BOURGES;24;45.348209;2.438915;469181;AUVERGNE / RHONE-ALPES;15265;1777;15;15103;Ydes;2861;unités urbaines de moins de 20 000 habitants et zones rurales;1;27;50;-3,40%;Moins de 2000 entrées;non;;commune-centre;34;32;0;65,5;32,7;1,8;0;8;47,2
214;34 252;30 898;STUDIO 43;38,3;48.714932;2.489765;469245;ILE-DE-FRANCE;91691;28921;91;851;Paris;10706072;petite couronne;1;52;1 138;10,90%;De 30 à 40 000 entrées;catégorie C;;banlieue;164;136;6;56,3;33,6;7;3,1;77;34,1
252;38 780;37 526;;32,8;45.143821;4.124759;469500;AUVERGNE / RHONE-ALPES;43268;7122;43;43201;Yssingeaux;7122;unités urbaines de moins de 20 000 habitants et zones rurales;2;53;1 514;3,30%;De 30 à 40 000 entrées;catégorie E;RDJPPR;commune isolée;231;181;25;48,8;45,4;4,4;1,4;111;27,3
690;217 845;97 386;CINAEA;26,2;49.618891;0.753617;469602;NORMANDIE;76758;12072;76;76301;Yvetot;15657;unités urbaines de moins de 20 000 habitants et zones rurales;7;53;11 145;123,70%;De 200 à 300 000 entrées;catégorie E;JP;commune-centre;396;299;159;32,9;61,4;4,6;1,1;216;17,3
250;2 178;2 627;PINNA JEAN DANIEL;3,3;41.687469;9.365073;470161;CORSE;2A362;2675;2A;0;Zone rurale;14541106;unités urbaines de 100 000 habitants et plus;1;12;60;-17,10%;De 2 à 5 000 entrées;non;;territoire rural;23;23;3;17,3;78,1;4,6;0;2;2
3728;630 498;631 776;LES IMAGES;17,5;48.930677;2.320895;575001;ILE-DE-FRANCE;92078;24433;92;851;Paris;10706072;grande couronne;18;53;31 076;-0,20%;De 450 à 700 000 entrées;non;;banlieue;290;235;232;20,7;72,5;4,5;2,4;54;12,9
2985;729 608;723 258;PATHE NANTES;16;47.222987;-1.628379;576000;PAYS DE LA LOIRE;44162;45786;44;44701;Nantes;633690;unités urbaines de 100 000 habitants et plus;14;53;26 259;0,90%;De 700 000 à 1 million d'entrées;non;;banlieue;356;247;198;26,4;67,8;4,2;1,6;99;14,3
3297;837 631;808 383;GEORRAY;17,1;45.683172;4.766021;700000;AUVERGNE / RHONE-ALPES;69027;11327;69;758;Lyon;1639558;unités urbaines de 100 000 habitants et plus;15;53;31 069;3,60%;De 700 000 à 1 million d'entrées;non;;banlieue;285;232;227;28,9;65,5;4,2;1,4;58;12,4
110;19 874;20 825;;45,9;45.94045500000001;4.77174500000001;700250;AUVERGNE / RHONE-ALPES;1427;6768;1;758;Lyon;1639558;unités urbaines de 100 000 habitants et plus;1;48;760;-4,60%;De 10 à 20 000 entrées;catégorie C;JP;banlieue;175;123;5;66,8;23,4;6,5;3,3;101;42,6
0;2 732;2 795;;2;44.6771389;5.926679000000036;701400;PROVENCE-ALPES-COTE D'AZUR;5139;994;5;0;Zone rurale;14541106;unités urbaines de 100 000 habitants et plus;1;23;199;-2,30%;De 2 à 5 000 entrées;non;;territoire rural;47;36;5;44,5;55,3;0,1;0;3;1,2
89;1 742;2 637;;6,3;44.72169;5.924351;701401;PROVENCE-ALPES-COTE D'AZUR;5139;994;5;0;Zone rurale;14541106;unités urbaines de 100 000 habitants et plus;1;15;160;-33,90%;Moins de 2000 entrées;non;;territoire rural;35;24;3;56;43,7;0,2;0;4;2,1
195;14 814;13 543;ECRAN VILLAGE;70,1;44.89487;4.642625;702550;AUVERGNE / RHONE-ALPES;7338;1946;7;0;Zone rurale;14541106;unités urbaines de 100 000 habitants et plus;1;50;508;9,40%;De 10 à 20 000 entrées;catégorie E;RDJPPR;territoire rural;190;144;2;53,2;32;8,4;6,5;144;57,3
380;6 535;6 067;;25,2;43.450397;4.427827;703300;PROVENCE-ALPES-COTE D'AZUR;13096;2680;13;13101;Saintes-Maries-de-la-Mer;2680;unités urbaines de moins de 20 000 habitants et zones rurales;1;45;107;7,70%;De 5 à 10 000 entrées;non;;commune isolée;55;46;0;38,8;58,8;1,4;1;15;16,1
200;2 224;269;COMMUNE DES MATHES;24,4;45.714055;-1.142718;703700;NOUVELLE AQUITAINE;17225;1945;17;0;Zone rurale;14541106;unités urbaines de 100 000 habitants et plus;1;35;123;726,80%;De 2 à 5 000 entrées;non;;territoire rural;86;85;0;56,3;41,1;1,8;0,9;24;18,3
298;21 522;26 239;STUDIO CINEMA;35,7;41.592115;9.276211;704450;CORSE;2A247;11826;2A;2A301;Porto-Vecchio;11826;unités urbaines de moins de 20 000 habitants et zones rurales;1;50;819;-18,00%;De 20 à 30 000 entrées;catégorie E;;commune isolée;138;107;12;37,3;53,1;5;4,7;68;34,6
201;3 814;3 740;ASSOCIATION CINEFOL 31;38,3;43.795535;1.6077;706850;OCCITANIE;31066;3959;31;31109;Bessières;3959;unités urbaines de moins de 20 000 habitants et zones rurales;1;44;128;2,00%;De 2 à 5 000 entrées;non;;commune isolée;105;79;0;35,2;39,9;23,5;1,4;44;35,2
634;78 212;;LES CINEMAS DU NORD BASSIN;30,4;44.744571;-1.093117;707300;NOUVELLE AQUITAINE;33005;11687;33;33305;Andernos-les-Bains;18458;unités urbaines de moins de 20 000 habitants et zones rurales;4;53;1 370;;De 50 à 80 000 entrées;catégorie E;JP;commune-centre;197;156;38;47,6;46,1;4,2;2,2;111;24,3
1480;334 363;286 355;;18,6;43.682089;3.806546;707900;OCCITANIE;34255;9826;34;34701;Montpellier;428909;unités urbaines de 100 000 habitants et plus;8;53;14 322;16,80%;De 300 à 450 000 entrées;non;;banlieue;186;157;149;32,9;62,4;3,6;1;32;17,5
258;10 941;11 330;;31,3;45.817369;4.183976;709650;AUVERGNE / RHONE-ALPES;42011;2989;42;42105;Balbigny;4243;unités urbaines de moins de 20 000 habitants et zones rurales;1;39;233;-3,40%;De 10 à 20 000 entrées;catégorie E;;commune-centre;129;108;0;67,1;27,7;4,4;0,9;46;29,9
145;12 286;12 307;IMAGES ET SONS DES 3 PROVINCES;35,9;45.390497;3.946964;710250;AUVERGNE / RHONE-ALPES;42318;1500;42;0;Zone rurale;14541106;unités urbaines de 100 000 habitants et plus;1;52;764;-0,20%;De 10 à 20 000 entrées;catégorie E;RDJP;territoire rural;191;162;0;53,7;40;5,6;0,6;93;28,3
196;28 230;24 824;;42,2;45.736994;4.657674;715100;AUVERGNE / RHONE-ALPES;69255;5418;69;758;Lyon;1639558;unités urbaines de 100 000 habitants et plus;1;48;609;13,70%;De 20 à 30 000 entrées;catégorie C;;banlieue;226;191;1;55,4;32,8;9,3;2,5;119;33,2
311;3 248;3 608;;21,1;45.398217;6.56643;715700;AUVERGNE / RHONE-ALPES;73015;1848;73;0;Zone rurale;14541106;unités urbaines de 100 000 habitants et plus;1;31;218;-10,00%;De 2 à 5 000 entrées;non;;territoire rural;70;54;0;36,1;40,6;22,9;0,4;20;19,6
2014;529 295;509 435;SOCIETE RENNAISE DE DIFFUSION CINEMATOGRAPHIQUE;16,7;46.697805;-1.426619;718200;PAYS DE LA LOIRE;85191;53578;85;85501;La Roche-sur-Yon;53578;unités urbaines de 20 000 à 100 000 habitants;9;53;14 181;3,90%;De 450 à 700 000 entrées;non;;commune isolée;270;200;161;34,9;61,1;3,5;0,5;81;13,5
294;75 510;75 023;;89,2;46.673549;-1.425858;718210;PAYS DE LA LOIRE;85191;53578;85;85501;La Roche-sur-Yon;53578;unités urbaines de 20 000 à 100 000 habitants;2;53;3 474;0,60%;De 50 à 80 000 entrées;catégorie D;RDJPPR;commune isolée;315;172;63;54,3;22,4;11;12,4;265;83,8
1508;524 055;130 992;;17,3;48.57924680000001;2.2996356999999534;718750;ILE-DE-FRANCE;91103;26215;91;851;Paris;10706072;petite couronne;10;53;17 063;300,10%;De 450 à 700 000 entrées;non;;banlieue;277;205;195;23,8;70,6;4,1;1,5;42;11,9
178;4 340;;PANORAMIC;40,3;48.032408;3.296723;719400;BOURGOGNE / FRANCHE-COMTE;89348;2402;89;89102;Saint-Julien-du-Sault;2825;unités urbaines de moins de 20 000 habitants et zones rurales;1;37;308;;De 2 à 5 000 entrées;non;;commune-centre;129;124;5;52,2;37,5;3,5;6,8;58;40,3
524;178 263;173 619;;90,6;45.182643;5.723905;719456;AUVERGNE / RHONE-ALPES;38185;160649;38;38701;Grenoble;511598;unités urbaines de 100 000 habitants et plus;3;53;5 679;2,70%;De 150 à 200 000 entrées;catégorie A;RDJPPR;commune-centre;264;120;103;46,5;8,7;20,2;24,7;232;88,8
450;7 700;6 905;;58,9;43.658327;7.12373;720000;PROVENCE-ALPES-COTE D'AZUR;6161;14266;6;6701;Nice;943354;unités urbaines de 100 000 habitants et plus;1;41;95;11,50%;De 5 à 10 000 entrées;non;;banlieue;88;65;0;61,7;16,9;17,9;3,4;55;55,9
1605;384 196;374 859;;27,4;43.123515;5.948704;720150;PROVENCE-ALPES-COTE D'AZUR;83137;167479;83;757;Toulon;569793;unités urbaines de 100 000 habitants et plus;9;53;16 816;2,50%;De 300 à 450 000 entrées;non;;commune-centre;314;235;185;37,7;54,8;6,3;1,2;119;23,4
1991;379 279;374 310;LES SPECTACLES SELECTIONNES;14,9;43.32208;3.271565;720200;OCCITANIE;34336;4266;34;34501;Béziers;90841;unités urbaines de 20 000 à 100 000 habitants;12;53;23 882;1,30%;De 300 à 450 000 entrées;non;;banlieue;243;194;185;28,8;66,3;3,9;1;47;12,1
2092;373 049;371 768;SOCIETE D' EXPLOITATION DU PALACE;14,1;43.43362;5.050227;720250;PROVENCE-ALPES-COTE D'AZUR;13056;49403;13;759;Marseille - Aix-en-Provence;1585498;unités urbaines de 100 000 habitants et plus;11;53;19 572;0,30%;De 300 à 450 000 entrées;non;;banlieue;215;188;184;23,2;71,3;4,3;1,1;34;11
3702;775 391;802 030;UGC CINE CITE;22,6;48.797186;2.469391;720300;ILE-DE-FRANCE;94028;90739;94;851;Paris;10706072;grande couronne;18;53;25 870;-3,30%;De 700 000 à 1 million d'entrées;non;;banlieue;279;187;186;25,8;68,6;4,7;0,8;101;15,5
1012;280 128;273 566;;22,2;46.129437;3.429201;720350;AUVERGNE / RHONE-ALPES;3310;25068;3;3502;Vichy;65272;unités urbaines de 20 000 à 100 000 habitants;7;53;11 066;2,40%;De 200 à 300 000 entrées;catégorie D;RD;commune-centre;290;210;136;37,2;57;4,4;1,4;125;20,1
3612;1 066 555;1 080 293;UGC CINE CITE;28,3;48.784168;2.039775;720400;ILE-DE-FRANCE;78423;33123;78;851;Paris;10706072;petite couronne;16;53;34 237;-1,30%;De 1 à 1,5 million d'entrées;non;;banlieue;368;257;255;30,1;63;5;2;160;20,3
1880;393 200;401 072;;14,2;47.489082;6.838484;720450;BOURGOGNE / FRANCHE-COMTE;25031;14121;25;25601;Montbéliard;106486;unités urbaines de 100 000 habitants et plus;10;53;17 374;-2,00%;De 300 à 450 000 entrées;non;;commune-centre;219;176;168;27,9;67,5;4;0,7;45;12
595;153 399;140 503;CINEMA MODERNE;21,6;45.961254;5.356402;720500;AUVERGNE / RHONE-ALPES;1004;14127;1;1302;Ambérieu-en-Bugey;17920;unités urbaines de moins de 20 000 habitants et zones rurales;3;53;3 414;9,20%;De 150 à 200 000 entrées;catégorie E;RDJP;commune-centre;184;128;61;25,4;69,9;3,9;0,8;92;17
1961;340 664;338 901;CINE 70;22,8;47.634045;6.139787;720551;BOURGOGNE / FRANCHE-COMTE;70550;15058;70;70401;Vesoul;28707;unités urbaines de 20 000 à 100 000 habitants;10;53;17 479;0,50%;De 300 à 450 000 entrées;catégorie D;RDJP;commune-centre;468;318;211;37,4;53,3;5,3;4;264;21,2
1096;226 341;224 189;KORIC;14,3;43.485068;-1.471948;720600;NOUVELLE AQUITAINE;64102;49207;64;751;Bayonne (partie française);236730;unités urbaines de 100 000 habitants et plus;7;53;13 488;1,00%;De 200 à 300 000 entrées;non;;commune-centre;197;155;142;30,5;65,2;3,6;0,7;38;14,9
1191;144 257;135 324;CINE LUMIERE;22,6;47.22562;2.057905;720650;CENTRE-VAL DE LOIRE;18279;26919;18;18401;Vierzon;30159;unités urbaines de 20 000 à 100 000 habitants;7;53;5 681;6,60%;De 100 à 150 000 entrées;catégorie D;;commune-centre;262;198;141;37,6;56,9;4,6;0,9;111;18,6
1744;320 862;311 452;;22,6;50.273088;3.97037;720700;HAUTS DE FRANCE;59392;30100;59;59601;Maubeuge (partie française);112020;unités urbaines de 100 000 habitants et plus;9;53;14 489;3,00%;De 300 à 450 000 entrées;non;;commune-centre;333;248;156;24,7;69,7;4,5;1;162;14,3
1958;447 869;426 099;;14,5;43.973656;1.38232;720750;OCCITANIE;82121;59982;82;82501;Montauban;78084;unités urbaines de 20 000 à 100 000 habitants;10;53;20 112;5,10%;De 300 à 450 000 entrées;non;;commune-centre;229;190;184;28,5;66,7;4;0,7;36;11,4
1480;332 441;332 291;;14;45.693031;5.895383;720800;AUVERGNE / RHONE-ALPES;73008;29822;73;73601;Chambéry;187010;unités urbaines de 100 000 habitants et plus;8;53;14 382;0,00%;De 300 à 450 000 entrées;non;;banlieue;225;196;192;34,1;61,6;3,8;0,5;39;12,9
2458;543 356;494 937;SOCIETE D'EXPLOITATION CINEMATOGRAPHIQUE;29,3;48.081767;7.355074;720850;GRAND EST;68066;70284;68;68501;Colmar;95712;unités urbaines de 20 000 à 100 000 habitants;12;53;24 333;9,80%;De 450 à 700 000 entrées;non;;commune-centre;513;374;256;31,5;60,7;6;1,8;276;19,9
1792;552 138;542 987;;18,9;47.189868;-1.4869;720950;PAYS DE LA LOIRE;44190;26371;44;44701;Nantes;633690;unités urbaines de 100 000 habitants et plus;9;53;15 762;1,70%;De 450 à 700 000 entrées;non;;banlieue;183;141;134;36,6;59,6;3,6;0,1;37;17,3
3464;795 838;798 194;UGC CINE CITE;34,8;45.738623;4.82112;721000;AUVERGNE / RHONE-ALPES;69123;513275;69;758;Lyon;1639558;unités urbaines de 100 000 habitants et plus;14;53;27 255;-0,30%;De 700 000 à 1 million d'entrées;non;;commune-centre;308;215;186;32,6;58,9;5,8;2,6;148;30,5
1938;429 482;420 630;;17,6;46.209005;5.230481;721100;AUVERGNE / RHONE-ALPES;1053;40819;1;1501;Bourg-en-Bresse;59778;unités urbaines de 20 000 à 100 000 habitants;9;53;13 170;2,10%;De 300 à 450 000 entrées;non;;commune-centre;223;183;180;31,5;64,2;3,8;0,5;58;15,7
2236;778 548;743 463;LE CAPITOLE;15,4;43.980769;4.874683;721200;PROVENCE-ALPES-COTE D'AZUR;84092;17563;84;754;Avignon;456042;unités urbaines de 100 000 habitants et plus;11;53;19 158;4,70%;De 700 000 à 1 million d'entrées;non;;banlieue;268;186;183;23,8;71,8;3,8;0,7;57;12
1305;348 342;349 552;LES CINEMAS DE SAINT RAPHAEL (EX LIDO RIALTO CINEMA ST RAPHAEL);15,8;43.42402;6.769447;721250;PROVENCE-ALPES-COTE D'AZUR;83118;35296;83;83502;Fréjus;95721;unités urbaines de 20 000 à 100 000 habitants;7;53;11 592;-0,30%;De 300 à 450 000 entrées;non;;banlieue;204;178;176;34,5;61;4,2;0,4;38;15,3
1611;397 773;394 834;;16,5;45.566568;5.91835;721450;AUVERGNE / RHONE-ALPES;73065;59697;73;73601;Chambéry;187010;unités urbaines de 100 000 habitants et plus;10;53;18 045;0,70%;De 300 à 450 000 entrées;non;;commune-centre;298;241;194;29;65,8;4,6;0,6;84;14,7
1987;495 495;465 242;;22,4;48.00072;-4.109877;721500;BRETAGNE;29232;63508;29;29501;Quimper;80005;unités urbaines de 20 000 à 100 000 habitants;10;53;16 575;6,50%;De 450 à 700 000 entrées;catégorie D;;commune-centre;342;233;192;34,9;60,3;4,3;0,5;134;18,6
288;64 565;65 876;LES MONTREURS D'IMAGES;89,1;44.204672;0.62747;721602;NOUVELLE AQUITAINE;47001;33988;47;47501;Agen;81266;unités urbaines de 20 000 à 100 000 habitants;2;51;2 631;-2,00%;De 50 à 80 000 entrées;catégorie D;RDJPPR;commune-centre;418;212;58;61,1;12,8;14,2;11,8;367;84,5
1533;243 642;241 665;;16,2;43.923796;2.144604;721750;OCCITANIE;81004;49475;81;81502;Albi;74751;unités urbaines de 20 000 à 100 000 habitants;8;53;15 702;0,80%;De 200 à 300 000 entrées;catégorie D;;commune-centre;219;178;171;33,4;62;3,9;0,7;42;16,1
1327;200 771;188 986;;29,8;43.887186;-0.501779;721850;NOUVELLE AQUITAINE;40192;30629;40;40401;Mont-de-Marsan;40141;unités urbaines de 20 000 à 100 000 habitants;8;53;11 928;6,20%;De 200 à 300 000 entrées;catégorie D;JP;commune-centre;311;256;212;32;62;4,8;1,3;139;19,9
2490;441 493;409 921;;13,2;43.437442;5.25529;721900;PROVENCE-ALPES-COTE D'AZUR;13117;34089;13;759;Marseille - Aix-en-Provence;1585498;unités urbaines de 100 000 habitants et plus;12;53;23 906;7,70%;De 300 à 450 000 entrées;non;;banlieue;234;191;189;21,1;73,3;3,9;1,7;32;10,3
275;15 094;14 003;;62,2;43.961546;1.342434;722000;OCCITANIE;82025;3696;82;82501;Montauban;78084;unités urbaines de 20 000 à 100 000 habitants;1;52;987;7,80%;De 10 à 20 000 entrées;catégorie D;RDJP;banlieue;263;185;1;51,7;26,6;14;7,7;186;55,9
1575;286 824;278 677;;15,2;43.319282;-0.433455;722040;NOUVELLE AQUITAINE;64335;9958;64;64601;Pau;197713;unités urbaines de 100 000 habitants et plus;9;53;18 219;2,90%;De 200 à 300 000 entrées;non;;banlieue;199;154;146;31;64,6;3,8;0,6;34;12,1
298;1 566;1 336;CINE-OFF;56,3;47.38634;0.653023;722080;CENTRE-VAL DE LOIRE;37195;10403;37;37701;Tours;353042;unités urbaines de 100 000 habitants et plus;1;14;16;17,20%;Moins de 2000 entrées;non;;banlieue;15;11;0;71,4;0,7;27,9;0;8;44,8
905;188 484;167 507;LE NAVIRE;36,3;44.618656;4.384301;722120;AUVERGNE / RHONE-ALPES;7019;12248;7;7402;Aubenas;41552;unités urbaines de 20 000 à 100 000 habitants;6;53;6 723;12,50%;De 150 à 200 000 entrées;catégorie D;RDJPPR;commune-centre;392;289;112;40,3;50,2;6,5;3;230;33,4
87;6 281;5 351;;26,5;45.370156;4.199354;722200;AUVERGNE / RHONE-ALPES;43012;6102;43;753;Saint-Étienne;373130;unités urbaines de 100 000 habitants et plus;1;43;449;17,40%;De 5 à 10 000 entrées;non;;banlieue;136;117;1;59,2;35,7;4,2;0,9;41;28,6
263;3 909;2 958;;83,7;43.297725;5.360374;722240;PROVENCE-ALPES-COTE D'AZUR;13055;861635;13;759;Marseille - Aix-en-Provence;1585498;unités urbaines de 100 000 habitants et plus;1;12;86;32,20%;De 2 à 5 000 entrées;non;;commune-centre;58;19;0;42,7;2;37,6;17,6;45;74,9
2080;359 848;;EUROPACORP LA JOLIETTE;16,4;43.36065;5.330055;722241;PROVENCE-ALPES-COTE D'AZUR;13055;861635;13;759;Marseille - Aix-en-Provence;1585498;unités urbaines de 100 000 habitants et plus;14;40;19 414;;De 300 à 450 000 entrées;non;;commune-centre;220;179;138;13,7;80,6;5,1;0,7;66;15
118;12 709;11 029;ASSOCIATION CINE PASSION EN PERIGORD;43;45.182708;0.762663;722720;NOUVELLE AQUITAINE;24053;10510;24;24501;Périgueux;74257;unités urbaines de 20 000 à 100 000 habitants;1;51;454;15,20%;De 10 à 20 000 entrées;catégorie D;;banlieue;209;157;0;53,9;36,7;6,5;2,9;105;38,1
3271;1 446 162;1 411 116;;14,4;43.137099;6.003711;722760;PROVENCE-ALPES-COTE D'AZUR;83144;23347;83;757;Toulon;569793;unités urbaines de 100 000 habitants et plus;16;53;30 479;2,50%;De 1 à 1,5 million d'entrées;non;;banlieue;233;188;187;24,8;70,1;4,5;0,6;38;12,1
619;52 972;;CORSICA GAME;28,3;41.672626;9.302129;723120;CORSE;2A139;1673;2A;0;Zone rurale;14541106;unités urbaines de 100 000 habitants et plus;4;22;2 844;;De 50 à 80 000 entrées;non;;territoire rural;153;145;44;20,4;75,4;3,8;0,4;71;24,3
64;3 864;260;SCENI QUA NON;45,2;44.665847;1.193196;723200;BOURGOGNE / FRANCHE-COMTE;58205;645;58;0;Zone rurale;14541106;unités urbaines de 100 000 habitants et plus;1;52;248;1386,20%;De 2 à 5 000 entrées;non;;territoire rural;135;114;1;67,8;27,1;4,8;0,3;73;41
1161;264 461;237 103;;13,3;43.690447;1.403453;723480;OCCITANIE;31182;5065;31;31701;Toulouse;948433;unités urbaines de 100 000 habitants et plus;8;53;13 202;11,50%;De 200 à 300 000 entrées;non;;banlieue;202;148;137;22,6;72,7;3,6;1,1;31;10,4
89;30 183;11 540;;81,9;43.2936968;5.383868200000052;723560;PROVENCE-ALPES-COTE D'AZUR;13055;861635;13;759;Marseille - Aix-en-Provence;1585498;unités urbaines de 100 000 habitants et plus;1;49;1 499;161,60%;De 30 à 40 000 entrées;non;;commune-centre;230;96;36;57,1;16,9;10,3;15,7;192;80,7
1861;535 672;396 022;FORUM INTERNATIONAL;12,3;48.994228;2.194982;723600;ILE-DE-FRANCE;95424;20789;95;851;Paris;10706072;petite couronne;8;53;14 443;35,30%;De 450 à 700 000 entrées;non;;banlieue;181;153;150;21;74,3;3,7;1;21;11
1817;392 143;299 401;ANGEOR;11,7;48.984111;2.372423;723680;ILE-DE-FRANCE;95585;57412;95;851;Paris;10706072;petite couronne;10;53;20 558;31,00%;De 300 à 450 000 entrées;non;;banlieue;214;172;164;18,2;74;3,2;4,6;27;9,8
1894;627 821;538 667;;19,5;48.724173;2.262676;723760;ILE-DE-FRANCE;91377;48363;91;851;Paris;10706072;petite couronne;9;53;19 538;16,60%;De 450 à 700 000 entrées;non;;banlieue;223;176;169;22,3;72,4;3,9;1,3;46;15,2
1745;400 016;337 591;;12,3;45.989161;4.724226;723800;AUVERGNE / RHONE-ALPES;69264;36671;69;758;Lyon;1639558;unités urbaines de 100 000 habitants et plus;10;53;20 095;18,50%;De 300 à 450 000 entrées;non;;banlieue;214;176;173;27,8;66,8;4,5;0,8;27;10,6
166;2 710;2 485;CINE-OFF;27,3;47.345608;0.608054;723840;CENTRE-VAL DE LOIRE;37018;7911;37;37701;Tours;353042;unités urbaines de 100 000 habitants et plus;1;20;33;9,10%;De 2 à 5 000 entrées;non;;banlieue;18;10;0;44,6;40,7;10,2;4,5;7;31,5
1214;207 665;135 862;;26,2;43.836195;5.779884;723960;PROVENCE-ALPES-COTE D'AZUR;4112;21754;4;4401;Manosque;30036;unités urbaines de 20 000 à 100 000 habitants;8;53;16 094;52,80%;De 200 à 300 000 entrées;catégorie A;RDJP;commune-centre;307;222;160;30,2;62,9;4,5;2,4;146;20,4
1606;273 635;53 413;DELTA EXPLOITATION;19,7;48.7946166;2.5525718999999754;724000;ILE-DE-FRANCE;94019;18226;94;851;Paris;10706072;grande couronne;8;53;16 682;412,30%;De 200 à 300 000 entrées;non;;banlieue;187;163;158;29,4;64,7;5;1;37;14,4
1804;242 715;49 630;SOCIETE DES CINEMAS DE TOURS;14,1;47.416279;0.702126;724048;CENTRE-VAL DE LOIRE;37261;136252;37;37701;Tours;353042;unités urbaines de 100 000 habitants et plus;9;53;15 920;389,00%;De 200 à 300 000 entrées;non;;commune-centre;165;134;134;24,8;70,7;4;0,6;19;11,8
3814;856 488;;UGC CINE CITE;31,8;48.781030;2.189542;724120;ILE-DE-FRANCE;78640;21090;78;851;Paris;10706072;petite couronne;18;53;33 887;;De 700 000 à 1 million d'entrées;non;;banlieue;396;288;250;29,4;62,4;6,1;2,1;187;22,3
130;1 575;;COMMUNE DE VAUJANY;25,9;45.164059;6.089026;724280;AUVERGNE / RHONE-ALPES;38527;307;38;0;Zone rurale;14541106;unités urbaines de 100 000 habitants et plus;1;26;85;;Moins de 2000 entrées;non;;territoire rural;64;63;12;38,2;57,1;4,6;0,1;19;15,3
2200;296 199;;UGC CINE CITE;38,1;48.827796;2.116072;724320;ILE-DE-FRANCE;78158;28512;78;851;Paris;10706072;petite couronne;12;27;12 550;;De 200 à 300 000 entrées;non;;banlieue;148;118;102;31,1;60,5;5,6;2,7;70;31,8
1209;65 046;;KINEPOLIS PROSPECTION;24,9;48.718766;2.589559;724440;ILE-DE-FRANCE;77450;3133;77;851;Paris;10706072;petite couronne;9;15;4 422;;De 50 à 80 000 entrées;non;;banlieue;66;59;48;25,6;72,5;1,4;0,5;14;21
1051;108 690;;SOCIETE CADURCIENNE D'EXPLOITATION CINEMATOGRAPHIQUE;35,5;44.456197;1.450773;724520;OCCITANIE;46042;19340;46;46401;Cahors;22764;unités urbaines de 20 000 à 100 000 habitants;7;53;4 848;;De 100 à 150 000 entrées;catégorie D;;commune-centre;271;228;122;36;58,2;3,8;2;151;29,3
1244;54 925;;CINEVILLE;23,1;48.065518;-1.626459;724600;BRETAGNE;35352;7871;35;35216;Vern-sur-Seiche;7871;unités urbaines de moins de 20 000 habitants et zones rurales;6;13;2 566;;De 50 à 80 000 entrées;non;;commune isolée;43;38;25;26,9;72,3;0,7;0,1;10;21,2
248;1 733;;COMMUNE DE SAINT-GENIS-POUILLY;59,7;46.242665;6.021223;724640;AUVERGNE / RHONE-ALPES;1354;10824;1;652;Genève (SUI) - Annemasse (partie française);178404;unités urbaines de 100 000 habitants et plus;1;11;67;;Moins de 2000 entrées;non;;banlieue;36;30;0;57,5;21,6;11,4;9,5;22;55,4
166;2 186;;ECRAN 7;49,6;43.578553;1.262865;724760;OCCITANIE;31526;8007;31;31701;Toulouse;948433;unités urbaines de 100 000 habitants et plus;1;10;123;;De 2 à 5 000 entrées;non;;banlieue;38;38;0;74,7;24;0,9;0,3;21;27,7
