fauteuils;entrees_2021;entrees_2020;proprietaire;part des seances de films Art et Essai;latitude;longitude;num_auto;region_administrative;code_INSEE;population_de_la_commune;departement;num_UU;unite_urbaine;population_unite_urbaine;situation_geographique;ecrans;semaines_d_activite;seances;evolution_entrees;tranche_d_entrees;categorie_Art_et_Essai;label_Art_et_Essai;zone_de_la_commune;nombre_de_films_programmes;nombre_de_films_inedits;nombre_de_films_en_semaine_1;PdM_en_entrees_des_films_francais;PdM_en_entrees_des_films_americains;PdM_en_entrees_des_films_europeens;PdM_en_entrees_des_autres_films;films_Art_et_Essai;PdM_en_entrees_des_films_Art_et_Essai
1610;119 434;75 648;UGC SAS;41,6;48.872265;2.300938;31;ILE-DE-FRANCE;75108;36827;75;851;Paris;10909327;01-Paris;4;32;4 004;57,9;De 100 à 150 000 entrées;NON;;C;80;48;45;45,8;29,8;24,5;0;22;35,8
589;55 067;45 293;CINELBA;97;48.872431;2.299525;35;ILE-DE-FRANCE;75108;36827;75;851;Paris;10909327;01-Paris;3;32;2 855;21,6;De 50 à 80 000 entrées;A;RD;C;136;58;40;68,8;5,6;11,8;13,8;53;97,2
1597;169 651;80 996;LES CINEMAS PATHE GAUMONT;6,4;48.869654;2.306873;54;ILE-DE-FRANCE;75108;36827;75;851;Paris;10909327;01-Paris;6;32;5 335;109,5;De 150 à 200 000 entrées;NON;;C;87;77;66;22,1;55,6;20,8;1,5;9;7,6
448;23 035;19 379;STUDIO DU DRAGON;99,3;48.870512;2.303157;55;ILE-DE-FRANCE;75108;36827;75;851;Paris;10909327;01-Paris;3;32;2 841;18,9;De 20 à 30 000 entrées;A;RD;C;102;62;57;56;5,3;22,1;16,6;60;99,5
760;81 837;55 232;UGC SAS;53,4;48.871332;2.335302;204;ILE-DE-FRANCE;75109;60370;75;851;Paris;10909327;01-Paris;4;32;4 044;48,2;De 80 à 100 000 entrées;NON;;C;63;37;39;63,9;12,2;23,9;0;20;44,7
591;59 031;37 409;PARAFRANCE COMMUNICATION;72,5;48.871363;2.344886;301;ILE-DE-FRANCE;75109;60370;75;851;Paris;10909327;01-Paris;1;32;868;57,8;De 50 à 80 000 entrées;A;;C;58;14;11;22,5;48,9;22,2;6,4;10;74,2
4274;473 518;148 381;THEATRE LE REX;8,1;48.86872;2.347608;311;ILE-DE-FRANCE;75102;21561;75;851;Paris;10909327;01-Paris;7;32;6 119;219,1;De 450 à 700 000 entrées;NON;;C;127;82;78;16,7;66,8;10,9;5,6;5;10,1
1138;181 402;123 537;GAUMONT;40,6;48.870632;2.334338;321;ILE-DE-FRANCE;75102;21561;75;851;Paris;10909327;01-Paris;6;32;5 513;46,8;De 150 à 200 000 entrées;NON;;C;97;86;67;47,5;32,7;19,3;0,5;40;31,2
1592;190 458;124 223;UGC SAS;26,2;48.84351;2.325646;451;ILE-DE-FRANCE;75106;41384;75;851;Paris;10909327;01-Paris;7;32;7 027;53,3;De 150 à 200 000 entrées;NON;;C;81;74;74;46,7;37,3;16;0;18;28,5
2876;475 104;283 901;PARAFRANCE COMMUNICATION;34,1;48.843074;2.324424;481;ILE-DE-FRANCE;75114;137574;75;851;Paris;10909327;01-Paris;15;32;17 318;67,3;De 450 à 700 000 entrées;NON;;C;219;199;195;47,2;35,8;14,9;2,1;85;28,4
268;29 174;19 479;MANUFACTURE A FILMS;89,3;48.83393;2.31652;483;ILE-DE-FRANCE;75114;137574;75;851;Paris;10909327;01-Paris;3;32;2 873;49,8;De 20 à 30 000 entrées;A;RDJP;C;219;119;22;73,6;9,1;11;6,3;101;89,1
557;158 940;129 665;MK2 CINEMAS;98;48.861555;2.352217;531;ILE-DE-FRANCE;75103;34305;75;851;Paris;10909327;01-Paris;6;32;8 357;22,6;De 150 à 200 000 entrées;A;RDPR;C;212;77;65;54;19,6;14,9;11,5;74;98,9
762;62 847;50 265;PARAFRANCE COMMUNICATION;52,5;48.878512;2.282965;612;ILE-DE-FRANCE;75117;167284;75;851;Paris;10909327;01-Paris;4;32;4 159;25;De 50 à 80 000 entrées;NON;;C;100;72;49;68,2;10,2;20,8;0,8;50;42,8
510;76 108;60 802;LES CINEMAS PATHE GAUMONT;93;48.852188;2.342788;721;ILE-DE-FRANCE;75106;41384;75;851;Paris;10909327;01-Paris;4;32;5 469;25,2;De 50 à 80 000 entrées;A;RD;C;99;77;42;66,9;8,2;10,8;14,1;64;94,1
678;143 364;101 335;PARAFRANCE COMMUNICATION;60,2;48.852437;2.338266;731;ILE-DE-FRANCE;75106;41384;75;851;Paris;10909327;01-Paris;5;32;6 589;41,5;De 100 à 150 000 entrées;NON;;C;66;63;62;57,5;23,7;16,4;2,4;41;57,1
97;8 084;7 337;STUDIO GALANDE BERUCHET;85,2;48.851619;2.347076;733;ILE-DE-FRANCE;75105;59050;75;851;Paris;10909327;01-Paris;1;32;687;10,2;De 5 à 10 000 entrées;A;;C;86;55;5;56,3;13,7;18,9;11,1;45;81,4
334;43 660;33 324;CINEPOQUE;87;48.84824;2.340797;741;ILE-DE-FRANCE;75106;41384;75;851;Paris;10909327;01-Paris;3;32;3 160;31;De 40 à 50 000 entrées;A;RD;C;150;78;35;68,8;11,7;12,8;6,7;66;82,2
510;24 297;18 589;SOCIETE CINEMA SAINT ANDRE DES ARTS;87,2;48.853361;2.34211;751;ILE-DE-FRANCE;75106;41384;75;851;Paris;10909327;01-Paris;3;32;3 057;30,7;De 20 à 30 000 entrées;A;;C;204;63;37;80,5;1,8;7,8;10;45;85,7
250;36 575;27 111;MK2 CINEMAS;87,5;48.842813;2.330525;801;ILE-DE-FRANCE;75106;41384;75;851;Paris;10909327;01-Paris;3;32;4 364;34,9;De 30 à 40 000 entrées;A;;C;123;84;5;67,9;12,6;5,6;13,9;72;86,6
467;40 081;39 046;UGC SAS;91,3;48.842318;2.328975;802;ILE-DE-FRANCE;75106;41384;75;851;Paris;10909327;01-Paris;3;32;2 700;2,7;De 40 à 50 000 entrées;NON;;C;63;38;32;78,8;6,5;11,5;3,2;33;90,9
1020;3 804;10 222;CINEMAS RYTMANN SAS;13,6;48.843752;2.324925;803;ILE-DE-FRANCE;75106;41384;75;851;Paris;10909327;01-Paris;2;7;308;-62,8;De 2 à 5 000 entrées;NON;;C;9;9;7;2,6;77;20,4;0;1;6,9
148;13 216;17 790;LE LUCERNAIRE FORUM;86,7;48.844244;2.330407;814;ILE-DE-FRANCE;75106;41384;75;851;Paris;10909327;01-Paris;3;18;1 903;-25,7;De 10 à 20 000 entrées;A;JP;C;129;71;6;69,8;10,5;17,5;2,2;59;79,7
842;95 714;55 381;LES CINQ PARNASSIENS;96,5;48.842443;2.327625;821;ILE-DE-FRANCE;75114;137574;75;851;Paris;10909327;01-Paris;7;32;8 067;72,8;De 80 à 100 000 entrées;A;RD;C;119;96;93;51,9;10,9;20,7;16,5;91;97,1
234;29 425;30 183;TRIOMPH CINEMA;18,9;48.854455;2.340132;883;ILE-DE-FRANCE;75106;41384;75;851;Paris;10909327;01-Paris;2;32;1 825;-2,5;De 20 à 30 000 entrées;A;PR;C;250;13;4;18;3;1,4;77,6;9;14,5
252;1 455;5 017;CINEMA LE BILBOQUET;100;48.85467;2.333052;891;ILE-DE-FRANCE;75106;41384;75;851;Paris;10909327;01-Paris;1;13;87;-71;Moins de 2000 entrées;A;;C;50;8;1;100;0;0;0;8;100
609;35 847;19 663;EUROPALACES ETOILE;57,5;48.872794;2.296984;1031;ILE-DE-FRANCE;75108;36827;75;851;Paris;10909327;01-Paris;2;32;2 145;82,3;De 30 à 40 000 entrées;NON;;C;136;56;46;68,1;20,3;9,6;1,9;25;55,5
204;16 679;12 905;PARIS CINE;95,2;48.870455;2.35466;1392;ILE-DE-FRANCE;75110;88971;75;851;Paris;10909327;01-Paris;2;30;1 756;29,2;De 10 à 20 000 entrées;A;RDJPPR;C;200;65;7;58,9;8,6;15,1;17,5;60;96,5
139;37 547;34 632;SOLO LIMITED;93,3;48.871771;2.355398;1393;ILE-DE-FRANCE;75110;88971;75;851;Paris;10909327;01-Paris;2;32;3 182;8,4;De 30 à 40 000 entrées;A;RDJPPR;C;227;97;2;66,5;15,1;9,7;8,7;84;91,8
3896;1 408 789;1 082 659;UGC CINE CITE ILE DE FRANCE;51,4;48.861424;2.345829;1681;ILE-DE-FRANCE;75101;16236;75;851;Paris;10909327;01-Paris;27;32;37 275;30,1;De 1 à 1,5 million d'entrées;NON;;C;350;294;290;43,1;39,6;13,6;3,6;172;41,9
238;37 359;33 837;CARLOTTA CINEMAS                                                ;85,3;48.858689;2.353591;1791;ILE-DE-FRANCE;75104;29018;75;851;Paris;10909327;01-Paris;2;32;2 239;10,4;De 30 à 40 000 entrées;A;RDJP;C;168;83;31;52;7,3;24,8;16;65;83,8
617;73 590;42 641;DULAC CINEMAS;36,5;48.858204;2.282104;2251;ILE-DE-FRANCE;75116;168286;75;851;Paris;10909327;01-Paris;3;32;3 239;72,6;De 50 à 80 000 entrées;NON;;C;131;67;43;56,6;17,9;24,9;0,6;32;33,1
501;95 909;78 870;CINEVOG SARL;82,1;48.87561;2.32791;2982;ILE-DE-FRANCE;75109;60370;75;851;Paris;10909327;01-Paris;5;32;5 583;21,6;De 80 à 100 000 entrées;A;;C;74;67;66;77,2;5,5;10,6;6,7;57;81
478;76 311;70 514;SARL DES AUTEURS REALISATEURS PRODUCTEURS ARP;98;48.884303;2.326888;3211;ILE-DE-FRANCE;75117;167284;75;851;Paris;10909327;01-Paris;3;32;3 112;8,2;De 50 à 80 000 entrées;A;RDJP;C;90;48;39;63,3;0;17;19,7;46;99,1
1757;424 464;255 340;LES IMAGES;31,5;48.883938;2.328034;3222;ILE-DE-FRANCE;75118;194491;75;851;Paris;10909327;01-Paris;11;32;14 289;66,2;De 300 à 450 000 entrées;NON;;C;191;173;145;46,2;37,8;15,3;0,7;75;28,2
172;24 213;18 127;STUDIO 28;70,1;48.886142;2.335342;3741;ILE-DE-FRANCE;75118;194491;75;851;Paris;10909327;01-Paris;1;28;784;33,6;De 20 à 30 000 entrées;A;;C;93;82;3;60,6;20,9;9,2;9,4;56;72,3
992;198 514;172 475;MK2 QUAI DE SEINE;87,1;48.885073;2.371493;4731;ILE-DE-FRANCE;75119;186530;75;851;Paris;10909327;01-Paris;6;32;8 092;15,1;De 150 à 200 000 entrées;A;RDJP;C;169;109;76;68;18,6;8,3;5,1;87;87,9
1140;190 956;144 054;MK2 CINEMAS;62,9;48.864763;2.399555;5691;ILE-DE-FRANCE;75120;196530;75;851;Paris;10909327;01-Paris;6;32;8 112;32,6;De 150 à 200 000 entrées;NON;;C;133;88;74;54,8;29,8;10,9;4,6;60;61,7
423;85 778;78 853;BASTILLE SAINT ANTOINE (DOUBLON N° 95 7200);96,2;48.853157;2.370719;5841;ILE-DE-FRANCE;75111;146735;75;851;Paris;10909327;01-Paris;3;32;3 998;8,8;De 80 à 100 000 entrées;A;RD;C;57;48;40;64,5;10,6;10,7;14,2;46;94,5
356;53 823;40 402;DULAC CINEMAS;98,9;48.860238;2.37214;5852;ILE-DE-FRANCE;75111;146735;75;851;Paris;10909327;01-Paris;2;32;2 501;33,2;De 50 à 80 000 entrées;A;RDJP;C;100;63;33;56,9;24;18,4;0,7;57;98,6
469;121 331;94 158;MK2 CINEMAS;76,5;48.854674;2.369381;5861;ILE-DE-FRANCE;75111;146735;75;851;Paris;10909327;01-Paris;4;32;5 324;28,9;De 100 à 150 000 entrées;A;RDJP;C;77;61;38;58,4;23,5;16,6;1,4;50;69,4
557;195 764;131 257;MK2 CINEMAS;57,7;48.848213;2.39311;6212;ILE-DE-FRANCE;75112;140605;75;851;Paris;10909327;01-Paris;8;32;9 123;49,1;De 150 à 200 000 entrées;NON;;C;108;74;62;67,7;18,4;13,5;0,4;46;56,2
1273;136 006;84 853;UGC SAS;16,4;48.847502;2.371855;6531;ILE-DE-FRANCE;75112;140605;75;851;Paris;10909327;01-Paris;7;32;7 285;60,3;De 100 à 150 000 entrées;NON;;C;119;90;87;40,3;42,7;16,3;0,7;18;13,9
4480;681 518;496 865;UGC CINE CITE ILE DE FRANCE;35,9;48.833595;2.38604;6611;ILE-DE-FRANCE;75112;140605;75;851;Paris;10909327;01-Paris;18;32;22 425;37,2;De 450 à 700 000 entrées;NON;;C;244;205;207;34,9;48,4;15,2;1,5;94;24,9
363;41 308;38 484;CINEMA CHAPLIN;63,2;48.843204;2.298558;7231;ILE-DE-FRANCE;75115;233855;75;851;Paris;10909327;01-Paris;3;32;3 542;7,3;De 40 à 50 000 entrées;A;JP;C;248;157;2;61,5;21,3;11;6,2;111;58,5
1263;245 633;174 210;GAUMONT;56,1;48.837759;2.296259;7394;ILE-DE-FRANCE;75115;233855;75;851;Paris;10909327;01-Paris;9;32;9 830;41;De 200 à 300 000 entrées;NON;;C;149;135;117;57,7;24;14,6;3,8;81;46
2583;73 673;197 201;GAUMONT;19,9;48.830408;2.276322;7491;ILE-DE-FRANCE;75115;233855;75;851;Paris;10909327;01-Paris;14;13;4 094;-62,6;De 50 à 80 000 entrées;NON;;C;99;85;61;22,7;57,7;15,1;4,5;20;9,8
397;84 252;56 355;CINEMAS RYTMANN SAS;75,4;48.841914;2.324596;7711;ILE-DE-FRANCE;75114;137574;75;851;Paris;10909327;01-Paris;4;32;4 525;49,5;De 80 à 100 000 entrées;NON;;C;107;101;34;71,3;14,3;10,1;4,3;65;68,3
1384;236 317;164 857;GAUMONT;25;48.828166;2.327463;8132;ILE-DE-FRANCE;75114;137574;75;851;Paris;10909327;01-Paris;8;32;8 726;43,3;De 200 à 300 000 entrées;NON;;C;143;128;94;39,7;43,2;16,3;0,8;53;22,9
133;17 940;14 844;SOCIETE D'EXPLOITATION DU THEATRE DENFERT ROCHEREAU;64,5;48.833879;2.330976;8161;ILE-DE-FRANCE;75114;137574;75;851;Paris;10909327;01-Paris;1;32;1 208;20,9;De 10 à 20 000 entrées;A;JP;C;127;80;0;72,4;19,6;4,7;3,4;52;61,9
591;56 442;49 941;DULAC CINEMAS;91;48.851278;2.330648;8291;ILE-DE-FRANCE;75106;41384;75;851;Paris;10909327;01-Paris;3;32;3 162;13;De 50 à 80 000 entrées;A;RDPR;C;158;60;47;55,3;12,8;19,1;12,8;46;90,4
684;99 447;70 774;UGC SAS;57;48.852138;2.338995;8331;ILE-DE-FRANCE;75106;41384;75;851;Paris;10909327;01-Paris;4;32;4 756;40,5;De 80 à 100 000 entrées;NON;;C;62;58;40;59,6;19,6;18,7;2,1;37;51,8
119;18 313;14 474;CINEDEVIL;100;48.850764;2.341747;8341;ILE-DE-FRANCE;75106;41384;75;851;Paris;10909327;01-Paris;1;32;894;26,5;De 10 à 20 000 entrées;A;RDJP;C;84;28;0;44,1;11,8;14,8;29,3;28;100
722;107 689;85 435;UGC SAS;72,2;48.852353;2.339834;8353;ILE-DE-FRANCE;75106;41384;75;851;Paris;10909327;01-Paris;5;32;6 173;26;De 100 à 150 000 entrées;NON;;C;110;85;67;63;21;11,9;4;59;64,4
210;19 574;20 163;SOCIETE DE DIFFUSION AUDIOVISUELLE;79,2;48.853093;2.344228;8361;ILE-DE-FRANCE;75105;59050;75;851;Paris;10909327;01-Paris;2;31;2 509;-2,9;De 10 à 20 000 entrées;A;RD;C;40;30;28;54,1;4,9;19,7;21,3;23;81
200;28 419;28 076;CINELUX;10,3;48.848384;2.348973;8374;ILE-DE-FRANCE;75105;59050;75;851;Paris;10909327;01-Paris;2;32;2 015;1,2;De 20 à 30 000 entrées;A;PR;C;267;8;1;5,5;94;0;0,5;7;10
200;7 675;17 171;LES FILMS DE LA GARENNE;100;48.847502;2.342301;8391;ILE-DE-FRANCE;75105;59050;75;851;Paris;10909327;01-Paris;1;32;1 061;-55,3;De 5 à 10 000 entrées;A;RD;C;30;12;5;98,3;0;1,7;0;12;100
240;50 555;41 281;SOCIETE D'EXPLOITATION DU CHAMPOLLION STUDIO DES ECOLES;100;48.849983;2.343211;8422;ILE-DE-FRANCE;75105;59050;75;851;Paris;10909327;01-Paris;2;32;2 391;22,5;De 50 à 80 000 entrées;A;PR;C;135;6;3;6,1;0;54,7;39,2;6;100
164;53 849;55 838;CINE SORBONNE;100;48.849504;2.342788;8425;ILE-DE-FRANCE;75105;59050;75;851;Paris;10909327;01-Paris;2;32;2 024;-3,6;De 50 à 80 000 entrées;A;PR;C;292;1;0;100;0;0;0;1;100
122;14 314;11 615;SARL DES AUTEURS REALISATEURS PRODUCTEURS ARP;85;48.842733;2.342044;8451;ILE-DE-FRANCE;75105;59050;75;851;Paris;10909327;01-Paris;1;32;665;23,2;De 10 à 20 000 entrées;A;JPPR;C;82;10;5;16,9;2,7;75;5,4;7;74,7
339;48 873;47 300;DULAC CINEMAS;100;48.849591;2.342836;8513;ILE-DE-FRANCE;75105;59050;75;851;Paris;10909327;01-Paris;3;32;3 260;3,3;De 40 à 50 000 entrées;A;RDPR;C;186;36;23;52,8;9,5;15,8;22;36;100
140;23 338;19 746;STUDIO 43;75,4;48.841535;2.34958;8514;ILE-DE-FRANCE;75105;59050;75;851;Paris;10909327;01-Paris;2;32;2 140;18,2;De 20 à 30 000 entrées;A;;C;120;73;5;74,2;10,8;8,9;6,1;50;71,2
336;27 606;25 325;ACTION RIVE GAUCHE;92;48.847537;2.352122;8531;ILE-DE-FRANCE;75105;59050;75;851;Paris;10909327;01-Paris;2;25;1 321;9;De 20 à 30 000 entrées;A;PR;C;147;11;6;10,1;89,9;0;0;9;95
645;75 716;55 439;GAUMONT;40,8;48.833574;2.353775;8621;ILE-DE-FRANCE;75113;181859;75;851;Paris;10909327;01-Paris;5;32;5 630;36,6;De 50 à 80 000 entrées;NON;;C;90;75;60;48,5;35,5;15,3;0,7;30;37,9
1169;224 585;170 162;UGC SAS;53,5;48.832888;2.354241;8632;ILE-DE-FRANCE;75113;181859;75;851;Paris;10909327;01-Paris;11;32;12 538;32;De 200 à 300 000 entrées;NON;;C;222;159;141;53,7;30,3;13,4;2,6;89;49,2
329;38 331;30 666;DULAC CINEMAS;98,5;48.836817;2.349632;8661;ILE-DE-FRANCE;75113;181859;75;851;Paris;10909327;01-Paris;2;32;2 281;25;De 30 à 40 000 entrées;A;RDJP;C;109;64;37;70;0,3;10,3;19,3;62;99,4
556;109 882;92 428;CINELOUXOR                                                      ;99,6;48.883487;2.349853;9452;ILE-DE-FRANCE;75110;88971;75;851;Paris;10909327;01-Paris;3;32;3 495;18,9;De 100 à 150 000 entrées;A;RDJPPR;C;156;57;36;62,6;19,3;9,2;8,8;54;99,1
2952;593 144;428 669;MK2 TOLBIAC                                                     ;36,6;48.833718;2.373922;9600;ILE-DE-FRANCE;75113;181859;75;851;Paris;10909327;01-Paris;16;33;22 470;38,4;De 450 à 700 000 entrées;NON;;C;280;222;212;31,4;51;13;4,7;106;32,2
520;67 946;41 420;MK2 A & E                                                       ;82,9;48.832993;2.378615;9616;ILE-DE-FRANCE;75113;181859;75;851;Paris;10909327;01-Paris;4;32;5 891;64;De 50 à 80 000 entrées;NON;;C;145;117;44;55,4;20,5;9,9;14,1;91;76,1
1962;421 618;261 343;PATHE BEAUGRENNELLE                                             ;23,7;48.848895;2.282585;9700;ILE-DE-FRANCE;75115;233855;75;851;Paris;10909327;01-Paris;10;32;11 456;61,3;De 300 à 450 000 entrées;NON;;C;122;112;102;33,8;47,9;17,5;0,8;34;19,8
161;2 974;2 392;SOCIETE CINEMATOGRAPHIQUE THEATRALE ET AUDIOVISUELLE CTAV 14;36,4;48.876113;2.295345;9802;ILE-DE-FRANCE;75117;167284;75;851;Paris;10909327;01-Paris;1;18;52;24,3;De 2 à 5 000 entrées;NON;;C;43;8;2;39,7;21,4;38,9;0;4;24,5
1151;93 497;51 795;LES 7 BATIGNOLLES;36,6;48.893315;2.311503;9803;ILE-DE-FRANCE;75117;167284;75;851;Paris;10909327;01-Paris;7;32;7 466;80,5;De 80 à 100 000 entrées;NON;;C;170;97;80;39,2;40,9;18,5;1,4;45;32,7
1108;239 081;173 285;MK2 QUAI DE LOIRE                                               ;41,3;48.885067;2.374123;9900;ILE-DE-FRANCE;75119;186530;75;851;Paris;10909327;01-Paris;6;32;7 466;38;De 200 à 300 000 entrées;NON;;C;133;93;62;44,6;37,8;16,5;1,1;46;46,1
2790;204 005;177 666;UGC CINE CITE;31,8;48.898991;2.376757;9906;ILE-DE-FRANCE;75119;186530;75;851;Paris;10909327;01-Paris;14;32;15 009;14,8;De 200 à 300 000 entrées;NON;;C;232;194;173;35,9;49,3;13,4;1,4;82;24,5
2901;282 502;187 681;PATHE LA VILLETTE;12,7;48.897016;2.385181;9920;ILE-DE-FRANCE;75119;186530;75;851;Paris;10909327;01-Paris;16;32;14 828;50,5;De 200 à 300 000 entrées;NON;;C;205;168;141;13,9;66,3;16,8;3;58;9,3
1394;134 186;82 424;CINELILAS                                                       ;7;48.852605;2.406733;9950;ILE-DE-FRANCE;75120;196530;75;851;Paris;10909327;01-Paris;7;32;8 309;62,8;De 100 à 150 000 entrées;NON;;C;120;88;91;21,4;61,8;11,9;4,9;8;5,6
209;1 033;514;LES BORDS DE SCENES;42,3;48.724181;2.420302;10552;ILE-DE-FRANCE;94001;5845;94;851;Paris;10909327;02-Petite Couronne;1;9;28;101;Moins de 2000 entrées;NON;;B;25;23;0;46,3;49,7;4;0;10;11,1
257;37 686;30 614;CINE ACHERES PANDORA;81,4;48.960956;2.067774;10992;ILE-DE-FRANCE;78005;21252;78;851;Paris;10909327;03-Grande couronne;3;29;2 686;23,1;De 30 à 40 000 entrées;C;RDJP;B;147;112;47;67,1;14,2;14,5;4,2;88;74,1
410;3 238;2 815;COMMUNE d'ALFORVILLE;52,8;48.807586;2.422346;14693;ILE-DE-FRANCE;94002;44446;94;851;Paris;10909327;02-Petite Couronne;1;18;41;15;De 2 à 5 000 entrées;NON;;B;39;35;1;77,2;13,2;9,5;0;19;41,9
665;103 115;85 492;CENTRE CULTUREL MUNICIPAL D'ANTONY;79,2;48.753029;2.304782;20931;ILE-DE-FRANCE;92002;63674;92;851;Paris;10909327;02-Petite Couronne;4;28;3 614;20,6;De 100 à 150 000 entrées;C;RDJPPR;B;226;185;126;64,6;18,6;14,1;2,8;145;65,7
328;12 412;12 942;COMMUNE D ARCUEIL;84,6;48.801352;2.330702;22634;ILE-DE-FRANCE;94003;21845;94;851;Paris;10909327;02-Petite Couronne;2;32;1 326;-4,1;De 10 à 20 000 entrées;C;RDJPPR;B;204;142;5;63,9;14;15,9;6,2;114;78,3
781;102 911;68 669;CINEARCUEIL                                                     ;5,9;48.810228;2.328168;22636;ILE-DE-FRANCE;94003;21845;94;851;Paris;10909327;02-Petite Couronne;6;32;5 912;49,9;De 100 à 150 000 entrées;NON;;B;99;89;83;20,7;62,7;14,3;2,3;8;4,5
128;4 030;4 116;COMMUNAUTE D AGGLOMERATION ARGENTEUIL BEZONS;78,7;48.946909;2.249331;23301;ILE-DE-FRANCE;95018;110766;95;851;Paris;10909327;03-Grande couronne;1;27;459;-2,1;De 2 à 5 000 entrées;C;RDJP;B;79;56;0;41,1;33,6;16,7;8,6;44;64,8
826;29 559;23 428;COMMUNAUTE D AGGLOMERATION ARGENTEUIL BEZONS;42,1;48.943679;2.24855;23323;ILE-DE-FRANCE;95018;110766;95;851;Paris;10909327;03-Grande couronne;3;32;2 158;26,2;De 20 à 30 000 entrées;C;RDJPPR;B;161;138;32;38,3;41;16,4;4,4;75;32,8
646;86 580;60 803;CINEZEPHYR ASNIERES;45,8;48.906327;2.284046;26662;ILE-DE-FRANCE;92004;86605;92;851;Paris;10909327;02-Petite Couronne;4;32;4 728;42,4;De 80 à 100 000 entrées;C;JPPR;B;132;103;97;49,7;34,4;14,9;1;63;33,5
175;4 543;3 600;LE CENTRE CULTUREL DES PORTES DE L  ESSONNE;53,5;48.7102;2.388137;27573;ILE-DE-FRANCE;91027;35448;91;851;Paris;10909327;03-Grande couronne;1;28;333;26,2;De 2 à 5 000 entrées;C;;B;114;92;0;58;25;16,4;0,6;51;33,8
127;13 653;12 932;ASSOCIATION CINEMA LE STUDIO;68,3;48.910534;2.384966;28264;ILE-DE-FRANCE;93001;87762;93;851;Paris;10909327;02-Petite Couronne;1;32;699;5,6;De 10 à 20 000 entrées;C;JPPR;B;173;116;6;51;25,6;16,7;6,7;84;56,8
789;11 153;11 295;INSTITUT AULNAYSIEN DE DEVELOPPEMENT CULTUREL;59,9;48.940586;2.496291;30164;ILE-DE-FRANCE;93005;86683;93;851;Paris;10909327;02-Petite Couronne;2;27;726;-1,3;De 10 à 20 000 entrées;C;JP;B;176;152;6;62,5;18,6;16;2,8;97;44,9
2590;312 659;273 569;UGC CINE CITE;8,6;48.960325;2.473606;30184;ILE-DE-FRANCE;93005;86683;93;851;Paris;10909327;02-Petite Couronne;14;32;15 790;14,3;De 300 à 450 000 entrées;NON;;B;195;133;132;17,1;66,1;15,5;1,3;22;2,9
418;3 097;4 348;COMMUNE DE BAGNEUX;26,3;48.804045;2.321692;35953;ILE-DE-FRANCE;92007;40946;92;851;Paris;10909327;02-Petite Couronne;1;17;68;-28,8;De 2 à 5 000 entrées;NON;;B;24;14;0;26,9;73,1;0;0;5;12,6
288;17 239;14 047;ASSOCIATION BAGNOLETAISE DU CINEMA;82;48.869237;2.417029;36013;ILE-DE-FRANCE;93006;35546;93;851;Paris;10909327;02-Petite Couronne;2;28;1 135;22,7;De 10 à 20 000 entrées;C;RDJPPR;B;155;109;9;70,5;19,2;6,3;4;86;75,8
189;5 624;4 258;VILLE DE BALLANCOURT SUR ESSONNE                                ;7,3;48.528643;2.388787;37350;ILE-DE-FRANCE;91045;7695;91;91402;Ballancourt-sur-Essonne;35634;03-Grande couronne;1;29;288;32,1;De 5 à 10 000 entrées;NON;;C;61;50;35;47,9;44,2;7,9;0;7;5,8
353;11 229;6 642;COMMUNE DE BEAUMONT SUR OISE;48,5;49.141412;2.283076;45132;ILE-DE-FRANCE;95052;9660;95;459;Persan - Beaumont-sur-Oise;38645;03-Grande couronne;1;32;612;69,1;De 10 à 20 000 entrées;D;JPPR;C;157;122;0;50,9;17;27,3;4,8;61;54,6
292;5 420;3 950;SYNDICAT INTERCOMMUNAL DE GESTION DES ACTIVITES DU CENTRE CULTUR;47,9;48.855732;1.875104;54292;ILE-DE-FRANCE;78062;7763;78;78205;Beynes;8284;03-Grande couronne;1;24;249;37,2;De 5 à 10 000 entrées;NON;;C;80;68;0;58,4;33;8,7;0;33;33,2
598;14 373;9 537;THEATRE PAUL ELUARD;34,5;48.931156;2.207081;54692;ILE-DE-FRANCE;95063;30608;95;851;Paris;10909327;03-Grande couronne;2;32;880;50,7;De 10 à 20 000 entrées;C;JP;B;159;128;9;35,9;50,3;13,2;0,6;56;19,9
447;29 623;23 861;COMMUNE DE BLANC MESNIL;33,7;48.941761;2.457313;57582;ILE-DE-FRANCE;93007;57317;93;851;Paris;10909327;02-Petite Couronne;3;32;1 992;24,1;De 20 à 30 000 entrées;C;JPPR;B;163;136;24;49,7;38,4;10;2;67;20,2
400;5 211;4 922;EST ENSEMBLE;65,2;48.909510;2.436542;59033;ILE-DE-FRANCE;93008;54436;93;851;Paris;10909327;02-Petite Couronne;1;19;294;5,9;De 5 à 10 000 entrées;E;;B;68;50;1;28,4;51,2;20;0,4;33;33,4
300;6 517;8 031;COMMUNE DE BOIS COLOMBES;36,2;48.916548;2.266897;59604;ILE-DE-FRANCE;92009;28706;92;851;Paris;10909327;02-Petite Couronne;1;25;203;-18,9;De 5 à 10 000 entrées;NON;;B;54;33;0;71,6;14,7;12,4;1,3;11;32,7
338;4 607;4 186;COMMUNE DE BOIS D'ARCY;38,2;48.800013;2.023763;59690;ILE-DE-FRANCE;78073;15366;78;851;Paris;10909327;03-Grande couronne;1;20;305;10,1;De 2 à 5 000 entrées;NON;;B;86;82;0;54;37,7;7,6;0,7;34;17,9
114;2 036;1 951;COMMUNE DE BOISSY SAINT LEGER;47,2;48.754035;2.502015;60942;ILE-DE-FRANCE;94004;16541;94;851;Paris;10909327;02-Petite Couronne;1;26;96;4,4;De 2 à 5 000 entrées;NON;;B;63;44;0;45,3;21,7;32,5;0,4;22;38,3
324;18 071;12 659;COMMUNE DE BONDY;52,3;48.901598;2.480089;61504;ILE-DE-FRANCE;93010;54207;93;851;Paris;10909327;02-Petite Couronne;1;32;854;42,8;De 10 à 20 000 entrées;C;JP;B;150;109;4;35,1;49,4;13,1;2,4;59;33,9
245;3 070;4 130;COMMUNE DE BONNEUIL SUR MARNE;41,5;48.774577;2.486664;62121;ILE-DE-FRANCE;94011;18117;94;851;Paris;10909327;02-Petite Couronne;1;19;185;-25,7;De 2 à 5 000 entrées;NON;;B;50;45;0;54,7;28,5;16,8;0;18;25,8
154;23 607;22 897;COMMUNE DE BOULOGNE-BILLANCOURT;97,8;48.83591;2.239289;66835;ILE-DE-FRANCE;92012;122577;92;851;Paris;10909327;02-Petite Couronne;1;32;1 068;3,1;De 20 à 30 000 entrées;C;RDJPPR;B;120;85;75;54,6;9,2;20,7;15,4;81;97,9
1492;280 883;180 567;EUROPALACES NICE BOULOGNE;31,6;48.837649;2.239534;66923;ILE-DE-FRANCE;92012;122577;92;851;Paris;10909327;02-Petite Couronne;7;32;6 453;55,6;De 200 à 300 000 entrées;NON;;B;113;101;95;45,9;37,7;15,6;0,7;40;24,9
83;863;1 974;COMMUNE DU BOURGET;27,3;48.932361;2.424858;68114;ILE-DE-FRANCE;93013;16183;93;851;Paris;10909327;02-Petite Couronne;1;7;163;-56,3;Moins de 2000 entrées;NON;;B;30;28;0;49,6;37,1;13,3;0;7;15,2
177;383;235;LES GEMEAUX SCENE NATIONALE;33,3;48.778884;2.317531;68212;ILE-DE-FRANCE;92014;21120;92;851;Paris;10909327;02-Petite Couronne;1;9;13;63;Moins de 2000 entrées;NON;;B;13;6;0;59;20,3;20,8;0;2;40,6
797;39 463;29 093;ASSOCIATION DES CINEMAS INDEPENDANTS                            ;24,3;48.683571;2.535014;69641;ILE-DE-FRANCE;91097;7840;91;851;Paris;10909327;03-Grande couronne;5;32;4 172;35,6;De 30 à 40 000 entrées;C;;B;132;117;84;42,6;47;10;0,4;42;14,5
105;2 511;1 226;LEMOINE DENISE;40,1;48.415251;3.237856;71901;ILE-DE-FRANCE;77051;2294;77;77116;Bray-sur-Seine;3333;03-Grande couronne;1;29;187;104,8;De 2 à 5 000 entrées;E;;C;84;73;0;65,8;27;6,5;0,7;32;22,7
368;19 783;15 946;ASSOCIATION CINE 220;48;48.608596;2.303919;73423;ILE-DE-FRANCE;91103;27193;91;851;Paris;10909327;03-Grande couronne;2;32;1 546;24,1;De 10 à 20 000 entrées;C;RDJPPR;B;184;140;19;46,6;35,8;16,4;1,3;83;37,3
168;10 261;9 636;VILLE DE BRIE-COMTE-ROBERT                                      ;52,2;48.696652;2.607228;74662;ILE-DE-FRANCE;77053;18550;77;77306;Brie-Comte-Robert;18550;03-Grande couronne;1;31;576;6,5;De 10 à 20 000 entrées;E;RDJP;I;154;128;1;62,8;23,4;12,2;1,5;72;37,3
802;29 589;22 063;ASSOCIATION CENTRE CULTUREL COMMUNAL CACHAN;50,9;48.795796;2.335316;81101;ILE-DE-FRANCE;94016;31248;94;851;Paris;10909327;02-Petite Couronne;3;29;2 253;34,1;De 20 à 30 000 entrées;C;JP;B;171;138;57;54,5;33,4;11,3;0,8;89;41,6
319;3 757;4 110;COMMUNE DE LA CELLE SAINT CLOUD;57,1;48.847416;2.136047;91492;ILE-DE-FRANCE;78126;21237;78;851;Paris;10909327;03-Grande couronne;1;25;112;-8,6;De 2 à 5 000 entrées;NON;;B;108;81;0;74,8;14,8;7,7;2,7;47;50
2788;187 148;142 257;UGC CINE CITE;19,9;49.048453;2.010977;92329;ILE-DE-FRANCE;95127;66838;95;851;Paris;10909327;03-Grande couronne;14;32;13 295;31,6;De 150 à 200 000 entrées;NON;;B;197;161;161;26,3;56,4;15,4;1,8;49;10,1
168;2 804;2 270;CINE MONTEREAU POINT COM;50,3;48.398755;2.80515;96533;ILE-DE-FRANCE;77079;6433;77;77404;Champagne-sur-Seine;28623;03-Grande couronne;1;29;217;23,5;De 2 à 5 000 entrées;D;;C;77;59;0;59,6;21,9;17,7;0,8;32;44,7
944;64 401;45 798;STUDIO 66;11,6;48.814397;2.508133;97431;ILE-DE-FRANCE;94017;77381;94;851;Paris;10909327;02-Petite Couronne;5;32;4 887;40,6;De 50 à 80 000 entrées;C;JP;B;160;130;78;20,8;63,1;13;3,1;51;7,9
551;24 420;18 879;ASSOCIATION CHATENAY ACTION CULTURE;64,7;48.765842;2.259825;105652;ILE-DE-FRANCE;92019;34527;92;851;Paris;10909327;02-Petite Couronne;2;28;1 461;29,4;De 20 à 30 000 entrées;C;RDJPPR;B;135;103;51;49,9;30;19,3;0,8;69;47,1
459;28 945;24 968;ANIM ACTION;49,9;48.886917;2.156299;106262;ILE-DE-FRANCE;78146;30850;78;851;Paris;10909327;03-Grande couronne;2;30;1 266;15,9;De 20 à 30 000 entrées;NON;;B;158;124;31;58,6;23,7;16,3;1,4;71;38,3
643;6 365;6 937;REGIE CULTURELLE ATRIUM DE CHAVILLE;34;48.813094;2.192579;108192;ILE-DE-FRANCE;92022;21012;92;851;Paris;10909327;02-Petite Couronne;1;26;220;-8,2;De 5 à 10 000 entrées;NON;;B;100;80;0;54,9;25,4;17,5;2,2;31;30,2
645;36 307;22 477;STUDIO 43;21,5;48.877872;2.586341;108774;ILE-DE-FRANCE;77108;55441;77;851;Paris;10909327;03-Grande couronne;2;31;2 046;61,5;De 30 à 40 000 entrées;C;JP;B;141;106;24;32,8;53,3;11,4;2,5;47;14,3
3923;418 659;233 168;GAUMONT;8,2;48.880488;2.772675;110351;ILE-DE-FRANCE;77111;6020;77;851;Paris;10909327;03-Grande couronne;15;32;15 376;79,6;De 300 à 450 000 entrées;NON;;B;158;134;135;18;66,2;14,4;1,3;20;4,9
216;28 970;16 327;LE CINEMA DE CHESSY;13,2;48.856412;2.773682;110372;ILE-DE-FRANCE;77111;6020;77;851;Paris;10909327;03-Grande couronne;2;32;2 330;77,4;De 20 à 30 000 entrées;C;;B;131;104;29;14,8;72,5;11;1,7;30;9,5
405;8 303;5 823;CENTRE CULTUREL DE CHEVILLY LARUE;50;48.770432;2.350955;110761;ILE-DE-FRANCE;94021;19930;94;851;Paris;10909327;02-Petite Couronne;1;28;301;42,6;De 5 à 10 000 entrées;C;;B;93;73;3;53,8;22,9;22,5;0,8;37;42,1
409;24 560;17 622;ASSOCIATION FRANCOIS TRUFFAUT;68;48.703333;2.314917;111583;ILE-DE-FRANCE;91161;19992;91;851;Paris;10909327;03-Grande couronne;2;32;1 816;39,4;De 20 à 30 000 entrées;C;RDJPPR;B;261;171;14;53,1;25,4;18,1;3,4;125;42,2
181;13 833;13 046;CENTRE D'ACTION CULTURELLE THEATRE PAUL ELUARD CHOISY LE ROI;58;48.766383;2.414699;112014;ILE-DE-FRANCE;94022;46366;94;851;Paris;10909327;02-Petite Couronne;1;30;598;6;De 10 à 20 000 entrées;C;JP;B;104;77;4;61;21,6;17,1;0,3;44;48,8
176;9 894;1 386;COMMUNE DE CLAMART;76,6;48.802513;2.263801;113523;ILE-DE-FRANCE;92023;53429;92;851;Paris;10909327;02-Petite Couronne;1;26;534;613,9;De 5 à 10 000 entrées;C;RDJP;B;80;68;8;82,2;7,7;9,9;0,2;49;65,5
313;24 414;21 250;COMMUNE DE LES CLAYES SOUS BOIS;36,3;48.821274;1.987156;114032;ILE-DE-FRANCE;78165;17794;78;851;Paris;10909327;03-Grande couronne;2;33;1 308;14,9;De 20 à 30 000 entrées;C;JP;B;155;100;11;54,5;30,2;14,5;0,9;42;30,3
387;63 696;0;CINE CLAYE;5,6;48.947319;2.673824;114042;ILE-DE-FRANCE;77118;12400;77;77302;Claye-Souilly;12400;03-Grande couronne;3;27;2 094;#DIV/0!;De 50 à 80 000 entrées;NON;;I;59;59;30;21,1;67,6;11,3;0;7;3,3
322;642;849;MAISON DES JEUNES ET DE LA CULTURE DU THEATRE DE COLOMBES;0;48.923862;2.250041;117025;ILE-DE-FRANCE;92025;86633;92;851;Paris;10909327;02-Petite Couronne;1;9;15;-24,4;Moins de 2000 entrées;NON;;B;7;0;0;0;0;0;0;0;0
477;64 655;48 765;QUATRE CLUBS SARL;41,5;48.923159;2.255372;117051;ILE-DE-FRANCE;92025;86633;92;851;Paris;10909327;02-Petite Couronne;4;32;3 729;32,6;De 50 à 80 000 entrées;C;JPPR;B;142;107;89;42,3;44,8;11,7;1,2;57;28
236;5 536;4 737;SCENE NATIONALE DE SENART;42,5;48.659579;2.566711;117921;ILE-DE-FRANCE;77122;21967;77;851;Paris;10909327;03-Grande couronne;1;28;310;16,9;De 5 à 10 000 entrées;NON;;B;91;70;0;62;25,5;12,5;0;29;28,1
3105;472 752;329 801;PATHE CONFLANS                                                  ;15;49.004829;2.077668;119305;ILE-DE-FRANCE;78172;36068;78;851;Paris;10909327;03-Grande couronne;13;32;12 099;43,3;De 450 à 700 000 entrées;NON;;B;200;173;144;25,5;57,2;16,1;1,1;64;8,4
380;20 876;17 699;EDEN CASINO;31,9;48.603813;2.469302;120293;ILE-DE-FRANCE;91174;51245;91;851;Paris;10909327;03-Grande couronne;3;32;2 206;18;De 20 à 30 000 entrées;C;JPPR;B;191;149;59;34,4;51;13,5;1,1;76;17,3
307;2 708;5 226;COMMUNE DE CORMEILLES EN PARISIS;39,4;48.959824;2.189151;120963;ILE-DE-FRANCE;95176;24892;95;851;Paris;10909327;03-Grande couronne;1;21;91;-48,2;De 2 à 5 000 entrées;NON;;B;84;61;0;63,3;26,9;9,1;0,6;25;22,9
568;10 866;16 105;ZARATHUSHTRA                                                    ;7,7;48.809696;3.090876;123373;ILE-DE-FRANCE;77131;15000;77;77402;Coulommiers;27800;03-Grande couronne;4;30;820;-32,5;De 10 à 20 000 entrées;D;JP;C;46;31;15;38,2;45,4;15,7;0,7;4;6,7
360;2 724;1 544;ASSOCIATION ESPACE CARPEAUX;63,6;48.899883;2.259136;123905;ILE-DE-FRANCE;92026;82856;92;851;Paris;10909327;02-Petite Couronne;1;4;17;76,4;De 2 à 5 000 entrées;NON;;B;11;8;0;100;0;0;0;6;49,8
139;21 984;18 446;ASSOCIATION ESPACE CARPEAUX;60,5;48.901327;2.271867;123914;ILE-DE-FRANCE;92026;82856;92;851;Paris;10909327;02-Petite Couronne;1;32;968;19,2;De 20 à 30 000 entrées;C;;B;159;109;0;59,1;20;16,2;4,7;71;50,5
195;9 681;8 592;ASSOCIATION DEVELOPPEMENT LOISIRS ET CULTURE;55,5;48.926821;2.391627;125135;ILE-DE-FRANCE;93027;44073;93;851;Paris;10909327;02-Petite Couronne;1;28;687;12,7;De 5 à 10 000 entrées;C;RDJPPR;B;149;98;2;23,3;42,9;31,9;1,9;56;36,4
92;7 312;6 289;MAISON DES JEUNES ET DE LA CULTURE DU MONT MESLY;74,1;48.777428;2.466468;128535;ILE-DE-FRANCE;94028;92737;94;851;Paris;10909327;02-Petite Couronne;1;30;772;16,3;De 5 à 10 000 entrées;C;JP;B;138;83;1;45,4;20,2;16,1;18,2;61;67,3
490;36 917;32 547;CINEMAS DU PALAIS;88,2;48.786063;2.444158;128541;ILE-DE-FRANCE;94028;92737;94;851;Paris;10909327;02-Petite Couronne;3;32;2 899;13,4;De 30 à 40 000 entrées;C;RDJPPR;B;169;124;79;64,4;10,8;19,5;5,3;103;87
2181;142 408;109 103;PATHE DAMMARIE;13,4;48.517401;2.627798;133212;ILE-DE-FRANCE;77152;22320;77;851;Paris;10909327;03-Grande couronne;10;32;10 076;30,5;De 100 à 150 000 entrées;NON;;B;183;153;122;31,5;53;14,3;1,2;51;7,2
282;15 730;12 286;CENTRE SOCIAL CULTUREL DOMONTOIS;17,8;49.02987;2.333691;140521;ILE-DE-FRANCE;95199;15611;95;851;Paris;10909327;03-Grande couronne;1;32;946;28;De 10 à 20 000 entrées;NON;;B;102;90;10;47,3;39,4;12,7;0,5;26;13,1
227;20 721;14 009;ASSOCIATION DOURDANNAISE D'ANIMATION CULTURELLE;31,2;48.528741;2.015215;142171;ILE-DE-FRANCE;91200;10748;91;91302;Dourdan;12139;03-Grande couronne;2;32;1 497;47,9;De 20 à 30 000 entrées;E;JPPR;C;175;142;45;43,2;43,1;12,9;0,8;71;20,4
329;3 153;4 291;COMMUNE DE DRANCY;21,1;48.927466;2.438309;142752;ILE-DE-FRANCE;93029;72391;93;851;Paris;10909327;02-Petite Couronne;1;16;93;-26,5;De 2 à 5 000 entrées;NON;;B;25;23;0;20,9;73,7;5,3;0;5;8,6
345;3 001;2 838;COMMUNE DE EAUBONNE;82,4;48.992968;2.278288;144262;ILE-DE-FRANCE;95203;25454;95;851;Paris;10909327;03-Grande couronne;1;18;55;5,7;De 2 à 5 000 entrées;NON;;B;38;29;0;67,9;21,8;9,5;0,8;24;67,3
348;40 570;33 659;SOCIETE D'ECONOMIE MIXTE DU CINEMA DES SEPT MARES;34,5;48.766594;1.949214;146371;ILE-DE-FRANCE;78208;25820;78;851;Paris;10909327;03-Grande couronne;3;32;2 289;20,5;De 40 à 50 000 entrées;C;RDJPPR;B;174;140;61;44,2;40,6;14,6;0,6;67;24,7
1222;78 783;61 099;UGC SAS;25,7;48.970841;2.307185;147071;ILE-DE-FRANCE;95210;11439;95;851;Paris;10909327;03-Grande couronne;5;32;3 722;28,9;De 50 à 80 000 entrées;NON;;B;102;74;57;37,6;46;16,2;0,1;28;17,7
320;5 702;4 753;COMMUNE D'ENGHIEN LES BAINS;74,7;48.971934;2.305204;147084;ILE-DE-FRANCE;95210;11439;95;851;Paris;10909327;03-Grande couronne;1;23;209;20;De 5 à 10 000 entrées;C;JPPR;B;71;26;1;64,7;23,2;12,1;0;21;74,9
180;2 006;1 563;ESPACE CINEMA;0;48.95411;2.312115;148321;ILE-DE-FRANCE;93031;54928;93;851;Paris;10909327;02-Petite Couronne;1;12;44;28,3;De 2 à 5 000 entrées;NON;;B;6;0;0;0;0;0;0;0;0
2470;187 175;114 572;VILLERAY;11,9;48.957859;2.301996;148324;ILE-DE-FRANCE;93031;54928;93;851;Paris;10909327;02-Petite Couronne;12;32;14 184;63,4;De 150 à 200 000 entrées;NON;;B;184;148;149;18,8;61,2;14,9;5,1;27;4,4
400;2 957;6 742;COMMUNE DE ERMONT;31,1;48.988575;2.259906;149335;ILE-DE-FRANCE;95219;29314;95;851;Paris;10909327;03-Grande couronne;1;13;57;-56,1;De 2 à 5 000 entrées;NON;;B;46;41;0;56,8;26;16,7;0,5;13;23,9
338;25 016;18 658;OMNICOM;9,2;48.433642;2.155867;152882;ILE-DE-FRANCE;91223;25471;91;91401;Étampes;31180;03-Grande couronne;3;32;2 999;34,1;De 20 à 30 000 entrées;NON;;C;82;74;56;26,8;60,5;11,6;1,1;5;4,8
146;3 938;3 329;ASSOCIATION ETAMPOISE CINE PETIT THEATRE;83,5;48.434287;2.157598;152884;ILE-DE-FRANCE;91223;25471;91;91401;Étampes;31180;03-Grande couronne;1;32;461;18,3;De 2 à 5 000 entrées;D;PR;C;123;85;4;79,5;9,6;3,1;7,8;71;85,4
2052;94 643;64 630;ESPACE LOISIRS                                                  ;6,6;48.627929;2.429517;154488;ILE-DE-FRANCE;91228;67591;91;851;Paris;10909327;03-Grande couronne;10;32;12 097;46,4;De 80 à 100 000 entrées;NON;;B;161;128;125;16;66;12,3;5,8;16;3,1
944;36 613;29 250;L ERMITAGE;82,5;48.404394;2.699594;162844;ILE-DE-FRANCE;77186;15862;77;77406;Fontainebleau;37628;03-Grande couronne;5;32;4 019;25,2;De 30 à 40 000 entrées;D;RDJPPR;C;171;132;112;67,4;13,6;12,8;6,2;100;77,1
1080;86 459;51 310;L ERMITAGE;16;48.400175;2.71613;162853;ILE-DE-FRANCE;77186;15862;77;77406;Fontainebleau;37628;03-Grande couronne;6;32;5 443;68,5;De 80 à 100 000 entrées;D;JP;C;144;115;109;36,3;47,4;15,2;1,2;31;12,7
198;13 746;10 482;COMITE MUNICIPAL DES FETES;58,4;48.791543;2.289748;163962;ILE-DE-FRANCE;92032;25578;92;851;Paris;10909327;02-Petite Couronne;1;28;523;31,1;De 10 à 20 000 entrées;C;JP;B;102;72;0;59,8;24,3;13,3;2,7;43;50,5
346;7 612;7 453;ASSOCIATION DU THEATRE DE FONTENAY LE FLEURY;50,3;48.811271;2.045243;164022;ILE-DE-FRANCE;78242;13637;78;851;Paris;10909327;03-Grande couronne;1;30;467;2,1;De 5 à 10 000 entrées;C;JP;B;133;112;4;51,9;22,8;21,7;3,5;58;47,2
190;16 404;13 901;FONTENAY EN SCENES;83;48.852329;2.461111;164112;ILE-DE-FRANCE;94033;52685;94;851;Paris;10909327;02-Petite Couronne;1;32;586;18;De 10 à 20 000 entrées;C;RDJPPR;B;104;72;2;71,1;12,4;12;4,5;58;75
195;12 636;10 214;COMMUNAUTE D AGGLOMERATION ROISSY PAYS DE FRANCE;65,5;49.099464;2.524882;166051;ILE-DE-FRANCE;95250;9798;95;95401;Fosses;22206;03-Grande couronne;1;32;954;23,7;De 10 à 20 000 entrées;D;RDJPPR;C;196;143;1;65,3;22,7;10,2;1,8;92;51,3
518;15 542;13 080;ASSOCIATION CINE HENRI LANGLOIS;39,3;48.988437;2.232576;168193;ILE-DE-FRANCE;95252;37179;95;851;Paris;10909327;03-Grande couronne;2;28;1 524;18,8;De 10 à 20 000 entrées;C;RDJPPR;B;153;131;23;58,3;26,3;14,9;0,5;70;29,4
158;5 850;2 515;MAISON DES JEUNES ET DE LA CULTURE DE FRESNES;19,1;48.752796;2.313077;169572;ILE-DE-FRANCE;94034;28342;94;851;Paris;10909327;02-Petite Couronne;1;20;150;132,6;De 5 à 10 000 entrées;NON;;B;21;8;1;8;62,2;29,8;0;3;12,9
450;4 503;3 952;ASSOCIATION LE CINEMA DE GAGNY;57;48.884043;2.529952;172043;ILE-DE-FRANCE;93032;39816;93;851;Paris;10909327;02-Petite Couronne;1;28;278;13,9;De 2 à 5 000 entrées;C;;B;112;87;0;59,5;20,1;19,1;1,4;53;35,9
434;12 182;8 680;COMMUNE DE LIART;44;48.844239;2.188722;172914;ILE-DE-FRANCE;92033;18197;92;851;Paris;10909327;02-Petite Couronne;2;29;721;40,3;De 10 à 20 000 entrées;NON;;B;123;108;25;56,5;30,5;10,4;2,5;53;30,1
225;5 288;4 333;COMMUNE DE GARGES LES GONESSE;35,4;48.971945;2.399817;173332;ILE-DE-FRANCE;95268;43051;95;851;Paris;10909327;03-Grande couronne;1;28;444;22;De 5 à 10 000 entrées;C;JPPR;B;93;70;1;43,3;30,2;26,6;0;29;35,3
290;23 631;18 490;ASSOCIATION CENTRE DE LOISIRS;58,2;48.928469;2.293206;175513;ILE-DE-FRANCE;92036;47921;92;851;Paris;10909327;02-Petite Couronne;2;28;1 223;27,8;De 20 à 30 000 entrées;C;RDJPPR;B;179;122;10;53,1;32;12,8;2,1;76;43
90;22;0;GRAND-ORLY SEINE BIEVRE;100;48.815668;2.346427;175794;ILE-DE-FRANCE;94037;18685;94;851;Paris;10909327;02-Petite Couronne;1;17;29;#DIV/0!;Moins de 2000 entrées;NON;;B;24;1;0;100;0;0;0;1;100
155;7 246;5 991;LES VRAIS INSTANTS DE L  IMAGE;49,4;48.701701;2.13387;177201;ILE-DE-FRANCE;91272;21910;91;851;Paris;10909327;03-Grande couronne;1;28;564;20,9;De 5 à 10 000 entrées;C;;B;38;33;6;58,5;20;19,9;1,6;17;48,6
223;13 633;11 081;COMMUNE DE GONESSE;64,9;48.999982;2.428131;179852;ILE-DE-FRANCE;95277;26139;95;851;Paris;10909327;03-Grande couronne;1;32;780;23;De 10 à 20 000 entrées;C;RDJP;B;193;131;4;51,8;30;15,3;2,9;81;44,6
274;16 925;14 420;COMMUNE DE L HAY LES  ROSES;57,4;48.779749;2.339014;193442;ILE-DE-FRANCE;94038;31589;94;851;Paris;10909327;02-Petite Couronne;1;31;581;17,4;De 10 à 20 000 entrées;C;JP;B;124;96;8;61,8;23,3;14,6;0,2;56;47,8
739;47 512;28 222;SPECTA;19,4;49.110771;2.211976;201524;ILE-DE-FRANCE;95313;12201;95;851;Paris;10909327;03-Grande couronne;5;32;3 739;68,4;De 40 à 50 000 entrées;C;;B;182;148;78;41,4;44,2;13,5;0,9;54;12,2
376;14 057;11 566;SOCIETE D EXPLOITATION DU PALAIS DES ARTS ET CONGRES D ISSY LES;53;48.825247;2.271161;202214;ILE-DE-FRANCE;92040;68980;92;851;Paris;10909327;02-Petite Couronne;1;26;269;21,5;De 10 à 20 000 entrées;NON;;B;50;44;15;69,7;15,6;14,7;0;20;42,2
340;2 774;3 209;CINESSONE;37,1;48.515193;2.341767;202370;ILE-DE-FRANCE;91315;6598;91;91402;Ballancourt-sur-Essonne;35634;03-Grande couronne;1;22;71;-13,6;De 2 à 5 000 entrées;NON;;C;37;22;0;40,3;18,4;41,3;0;8;33,5
507;37 388;32 788;COMMUNE D IVRY SUR SEINE;95,2;48.81362;2.389338;202551;ILE-DE-FRANCE;94041;63562;94;851;Paris;10909327;02-Petite Couronne;2;32;1 569;14;De 30 à 40 000 entrées;C;RDJPPR;B;203;117;42;67,4;8,4;17,8;6,4;106;94,2
3830;315 119;214 890;PATHE IVRY                                                      ;10,2;48.824074;2.387803;202562;ILE-DE-FRANCE;94041;63562;94;851;Paris;10909327;02-Petite Couronne;14;32;12 918;46,6;De 300 à 450 000 entrées;NON;;B;163;140;137;15,1;65,5;18;1,4;29;6,3
300;5 086;5 779;COMMUNE DE JOINVILLE LE PONT;51,7;48.816711;2.468136;204534;ILE-DE-FRANCE;94042;19673;94;851;Paris;10909327;02-Petite Couronne;1;23;119;-12;De 5 à 10 000 entrées;NON;;B;73;59;0;54,1;24,1;20,3;1,5;31;38,7
346;2 884;4 188;COMMUNE DE JOUY LE MOUTIER;48,6;49.011314;2.043572;205601;ILE-DE-FRANCE;95323;16343;95;851;Paris;10909327;03-Grande couronne;1;16;62;-31,1;De 2 à 5 000 entrées;NON;;B;34;25;0;61,2;17,2;21,6;0;12;42
123;6 265;5 499;LE CENTRE CULTUREL DES PORTES DE L  ESSONNE;60,2;48.688996;2.376314;206924;ILE-DE-FRANCE;91326;17132;91;851;Paris;10909327;03-Grande couronne;1;28;500;13,9;De 5 à 10 000 entrées;C;JP;B;123;97;0;66,5;19,5;13,3;0,6;56;52,1
492;59 773;45 534;CINEFUTUR AUDIOVISUEL;21,2;48.879604;2.706124;211844;ILE-DE-FRANCE;77243;21580;77;851;Paris;10909327;03-Grande couronne;3;32;3 958;31,3;De 50 à 80 000 entrées;C;;B;171;136;66;43,8;44,2;11,1;1;58;16,3
1538;239 649;150 326;PATHE LEVALLOIS                                                 ;18,5;48.891726;2.296363;224413;ILE-DE-FRANCE;92044;66390;92;851;Paris;10909327;02-Petite Couronne;8;32;7 089;59,4;De 200 à 300 000 entrées;NON;;B;156;142;111;33,9;47,4;17,8;0,9;55;13
3790;701 315;522 268;PATHE SENART;16,9;48.616119;2.547927;226040;ILE-DE-FRANCE;77251;13502;77;851;Paris;10909327;03-Grande couronne;17;32;18 893;34,3;De 700 000 à 1 million d'entrées;NON;;B;196;173;173;23,8;59,5;15,4;1,3;57;7,6
308;8 200;7 571;COMMUNE DES LILAS;79,7;48.881921;2.419546;226883;ILE-DE-FRANCE;93045;23533;93;851;Paris;10909327;02-Petite Couronne;1;26;419;8,3;De 5 à 10 000 entrées;C;;B;125;106;1;74,8;6;14,6;4,6;85;79,7
165;2 098;1 591;KART OON SARL;30,3;48.744182;2.503331;228122;ILE-DE-FRANCE;94044;27796;94;851;Paris;10909327;02-Petite Couronne;1;28;97;31,9;De 2 à 5 000 entrées;NON;;B;80;70;0;55;31,9;13,1;0;23;24,1
264;14 070;16 017;COMMUNE DE LIVRY GARGAN;32,9;48.92579;2.545121;229833;ILE-DE-FRANCE;93046;45221;93;851;Paris;10909327;02-Petite Couronne;1;29;639;-12,2;De 10 à 20 000 entrées;C;JP;B;110;90;0;53,8;37,4;8,3;0,6;33;19,3
862;4 185;2 636;PRODUCENE;26,2;48.679684;2.313256;231939;ILE-DE-FRANCE;91345;21106;91;851;Paris;10909327;03-Grande couronne;1;23;137;58,8;De 2 à 5 000 entrées;NON;;B;77;59;0;42,7;41,6;15,8;0;16;14,2
406;7 909;7 434;MUSIQUE ET DANSE;60,2;48.801474;2.430493;241923;ILE-DE-FRANCE;94046;56188;94;851;Paris;10909327;02-Petite Couronne;1;23;109;6,4;De 5 à 10 000 entrées;NON;;B;54;46;0;74,5;12,6;12,8;0;28;48,1
163;22 459;17 881;CINELAB FRANCE                                                  ;52,7;48.946355;2.147062;242003;ILE-DE-FRANCE;78358;24124;78;851;Paris;10909327;03-Grande couronne;1;31;753;25,6;De 20 à 30 000 entrées;C;JP;B;108;85;16;52,3;31;15,1;1,6;51;46
198;16 303;14 057;ASSOCIATION THEATRE 71;77,7;48.820911;2.302756;242422;ILE-DE-FRANCE;92046;30911;92;851;Paris;10909327;02-Petite Couronne;1;27;393;16;De 10 à 20 000 entrées;C;JP;B;92;72;3;70;14,7;13,1;2,2;54;68,7
2053;196 090;127 890;RAYMANTES                                                       ;11,2;48.989664;1.715981;244700;ILE-DE-FRANCE;78361;44423;78;851;Paris;10909327;03-Grande couronne;9;32;10 804;53,3;De 150 à 200 000 entrées;NON;;B;147;120;117;24,3;60,4;13;2,2;23;4,8
300;3 058;3 495;CENTRE CULTUREL LE CHAPLIN;100;49.000101;1.683456;244715;ILE-DE-FRANCE;78361;44423;78;851;Paris;10909327;03-Grande couronne;1;14;52;-12,5;De 2 à 5 000 entrées;NON;;B;12;2;0;100;0;0;0;2;100
231;10 114;8 373;COMMUNE DE MARCOUSSIS;48,7;48.642026;2.222592;246432;ILE-DE-FRANCE;91363;8328;91;851;Paris;10909327;03-Grande couronne;1;38;452;20,8;De 10 à 20 000 entrées;C;JP;B;116;91;0;51,6;32,8;14,1;1,5;49;36,1
336;27 639;24 636;CINELAB OUEST;54,9;48.871284;2.095564;248192;ILE-DE-FRANCE;78372;16833;78;851;Paris;10909327;03-Grande couronne;2;32;1 536;12,2;De 20 à 30 000 entrées;C;JPPR;B;165;134;40;61,5;21,9;14,5;2,1;84;45,9
194;36;14 057;CINEMASSY;0;48.732679;2.288638;252134;ILE-DE-FRANCE;91377;50985;91;851;Paris;10909327;03-Grande couronne;1;2;4;-99,7;Moins de 2000 entrées;C;;B;2;0;0;0;0;0;0;0;0
102;12 608;9 987;COMMUNAUTE DE COMMUNES DE GALLY-MAULDRE                         ;60,9;48.916554;1.821165;252712;ILE-DE-FRANCE;78380;6099;78;78301;Maule;10574;03-Grande couronne;1;29;838;26,2;De 10 à 20 000 entrées;E;RDJPPR;C;134;115;7;62,4;21,2;13,9;2,5;76;51,4
566;20 537;14 922;VARIETES CINEMA;32,4;48.533449;2.6548;255991;ILE-DE-FRANCE;77288;40249;77;851;Paris;10909327;03-Grande couronne;3;32;2 014;37,6;De 20 à 30 000 entrées;C;JPPR;B;197;157;35;47,9;41,5;8,9;1,7;73;25
324;41 885;25 461;CINEMA CONFLUENCES MENNECY;13,8;48.564849;2.441479;256983;ILE-DE-FRANCE;91386;14961;91;851;Paris;10909327;03-Grande couronne;3;32;2 563;64,5;De 40 à 50 000 entrées;C;;B;101;85;66;40,2;48,9;10,8;0,1;22;8
228;2 846;2 377;VILLE DE MERY SUR OISE;24,4;49.060326;2.170288;258952;ILE-DE-FRANCE;95394;9997;95;851;Paris;10909327;03-Grande couronne;1;21;157;19,7;De 2 à 5 000 entrées;NON;;B;70;57;0;51,2;28,4;20,4;0;15;19,1
458;11 563;9 295;COMMUNE DE MEUDON;55,4;48.81334;2.235774;260903;ILE-DE-FRANCE;92048;46430;92;851;Paris;10909327;02-Petite Couronne;1;23;273;24,4;De 10 à 20 000 entrées;C;;B;108;73;0;48,3;32,7;12,9;6;40;46
268;4 487;4 399;COMMUNE DE MEUDON;51,8;48.7873;2.23254;260904;ILE-DE-FRANCE;92048;46430;92;851;Paris;10909327;02-Petite Couronne;1;21;184;2;De 2 à 5 000 entrées;NON;;B;75;65;0;68,7;20;10,1;1,2;31;35,8
210;13 001;10 171;ASSOCIATION MITRYENNE DE LOISIRS;54,4;48.956929;2.603083;263912;ILE-DE-FRANCE;77294;20436;77;851;Paris;10909327;03-Grande couronne;1;32;829;27,8;De 10 à 20 000 entrées;C;JPPR;B;220;159;7;51,7;33,5;12,9;1,9;92;27,4
349;10 240;7 648;SCENE NATIONALE DE SENART;44,2;48.628281;2.589982;264672;ILE-DE-FRANCE;77296;18018;77;851;Paris;10909327;03-Grande couronne;1;32;485;33,9;De 10 à 20 000 entrées;C;JP;B;119;90;1;49,1;37,3;12,9;0,7;42;26,3
48;1 539;1 789;ONZE VINGT QUATORZE OU 11 X 20 + 14;92,7;48.490092;3.148397;267481;ILE-DE-FRANCE;77298;459;77;0;Zone rurale;14862638;03-Grande couronne;1;22;300;-14;Moins de 2000 entrées;E;;R;143;97;0;65,2;13,8;9;12,1;90;86,1
329;16 417;15 081;COMMUNAUTE D'AGGLOMERATION SENART VAL DE SEINE;79,3;48.703763;2.46109;272392;ILE-DE-FRANCE;91421;24069;91;851;Paris;10909327;03-Grande couronne;1;28;672;8,9;De 10 à 20 000 entrées;C;RDJP;B;129;97;1;71,7;7,5;17,7;3;76;69
282;5 245;5 779;COMMUNE DE MONTIGNY LE BRETONNEUX;36,9;48.77004;2.03446;273071;ILE-DE-FRANCE;78423;33046;78;851;Paris;10909327;03-Grande couronne;1;32;197;-9,2;De 5 à 10 000 entrées;NON;;B;67;51;0;53;32;13,9;1,1;18;32
304;3 883;4 326;OFFICE MUNICIPALE DE LA CULTURE (MONTIGNY);20,5;48.997001;2.200873;273182;ILE-DE-FRANCE;95424;21748;95;851;Paris;10909327;03-Grande couronne;1;25;84;-10,2;De 2 à 5 000 entrées;NON;;B;31;23;0;31,2;26,2;41;1,6;3;38,1
222;17 342;15 786;CINELAB MONTMORENCY;58,5;48.988818;2.318091;274702;ILE-DE-FRANCE;95428;21897;95;851;Paris;10909327;03-Grande couronne;2;31;1 372;9,9;De 10 à 20 000 entrées;C;JPPR;B;169;137;36;60,6;21,3;16;2,1;86;44,9
1139;189 709;136 278;EST ENSEMBLE;81,3;48.862437;2.442502;276086;ILE-DE-FRANCE;93048;110465;93;851;Paris;10909327;02-Petite Couronne;6;32;6 064;39,2;De 150 à 200 000 entrées;C;RDJPPR;B;382;226;188;57;22,2;14,4;6,4;181;73,9
154;9 429;8 844;INSTITUT DE FORMATION D ANIMATION ET DE CONSEIL;53,4;48.813222;2.311441;276554;ILE-DE-FRANCE;92049;48965;92;851;Paris;10909327;02-Petite Couronne;1;27;364;6,6;De 5 à 10 000 entrées;C;JP;B;88;69;0;63,8;22,4;13,5;0,3;35;47,3
360;14 761;13 181;ASSOCIATION DE DIFFUSION CULTURELLE DES MUREAUX;27,6;48.993874;1.910246;283043;ILE-DE-FRANCE;78440;33105;78;851;Paris;10909327;03-Grande couronne;2;31;1 298;12;De 10 à 20 000 entrées;C;JP;B;118;102;12;32,4;54,7;11,3;1,6;40;14,4
132;2 329;3 498;COMMUNE DE NANGIS;53,3;48.555127;3.0133;284362;ILE-DE-FRANCE;77327;8860;77;77208;Nangis;8860;03-Grande couronne;1;15;188;-33,4;De 2 à 5 000 entrées;E;JPPR;I;48;37;0;49,5;35,4;15,1;0;19;27,3
660;52 547;47 768;SOCIETE D ECONOMIE MIXTE D AMENAGEMENT ET DE GESTION DE LA VILLE;49,2;48.892601;2.195729;284490;ILE-DE-FRANCE;92050;97453;92;851;Paris;10909327;02-Petite Couronne;4;32;4 187;10;De 50 à 80 000 entrées;C;RDJPPR;B;157;109;84;45,2;42,4;10,3;2;68;35,9
1491;61 109;9 297;CAP CINEMA NANTERRE;7,9;48.900167;2.21295;284502;ILE-DE-FRANCE;92050;97453;92;851;Paris;10909327;02-Petite Couronne;10;32;11 650;557,3;De 50 à 80 000 entrées;NON;;B;150;125;126;18;63,3;15,1;3,6;13;4,4
507;15 102;8 467;LES MELIES;6,3;48.265654;2.695374;286831;ILE-DE-FRANCE;77333;13288;77;77401;Nemours;21385;03-Grande couronne;3;32;1 550;78,4;De 10 à 20 000 entrées;NON;;C;93;71;40;31,2;55,1;11,1;2,7;22;4,8
146;11 310;8 289;COMMUNE DE NEUILLY  PLAISANCE;53,4;48.87311;2.510505;288024;ILE-DE-FRANCE;93049;21043;93;851;Paris;10909327;02-Petite Couronne;1;30;749;36,4;De 10 à 20 000 entrées;C;JPPR;B;138;99;1;63,4;21,1;13,5;2;54;44
500;33 992;25 736;PARAFRANCE COMMUNICATION;43,8;48.885364;2.268222;288151;ILE-DE-FRANCE;92051;60930;92;851;Paris;10909327;02-Petite Couronne;2;32;1 386;32,1;De 30 à 40 000 entrées;NON;;B;68;52;22;55,6;21,1;22,3;1;19;32,8
815;104 989;75 389;LES IMAGES;33;48.838331;2.489437;291891;ILE-DE-FRANCE;94052;33146;94;851;Paris;10909327;02-Petite Couronne;6;32;5 473;39,3;De 100 à 150 000 entrées;C;RDJP;B;192;157;107;42,9;42,5;13,4;1,1;82;23,9
386;25 307;22 615;LA FERME DU BUISSON;83,6;48.84468;2.624254;292341;ILE-DE-FRANCE;77337;15781;77;851;Paris;10909327;03-Grande couronne;2;32;1 645;11,9;De 20 à 30 000 entrées;C;RDJPPR;B;149;114;14;64,3;19,1;12,9;3,7;93;73,2
1799;149 419;125 161;UGC SAS;20,8;48.840097;2.547002;292374;ILE-DE-FRANCE;93051;68511;93;851;Paris;10909327;02-Petite Couronne;10;32;9 732;19,4;De 100 à 150 000 entrées;NON;;B;149;119;118;28,5;55,8;14;1,7;33;11
416;60 006;47 265;VILLE DE NOISY LE GRAND                                         ;76,5;48.849023;2.552482;292377;ILE-DE-FRANCE;93051;68511;93;851;Paris;10909327;02-Petite Couronne;3;32;3 151;27;De 50 à 80 000 entrées;C;RDJPPR;B;133;85;52;46,8;31,6;16,2;5,5;68;67,8
388;8 926;7 287;COMMUNE D'ORLY;48,3;48.742445;2.395558;298964;ILE-DE-FRANCE;94054;24030;94;851;Paris;10909327;02-Petite Couronne;1;30;320;22,5;De 5 à 10 000 entrées;NON;;B;105;75;1;40;33,5;22,9;3,6;34;22,5
358;1 299;1 951;COMMUNE D ORMESSON SUR MARNE;0;48.786098;2.544935;299122;ILE-DE-FRANCE;94055;10492;94;851;Paris;10909327;02-Petite Couronne;1;7;19;-33,4;Moins de 2000 entrées;NON;;B;8;0;0;0;0;0;0;0;0
339;32 868;24 630;ASSOCIATION MJC MAISON DES JEUNES ET DE LA CULTURE D' ORSAY;80,4;48.698781;2.189727;299572;ILE-DE-FRANCE;91471;16179;91;851;Paris;10909327;03-Grande couronne;3;32;2 244;33,4;De 30 à 40 000 entrées;C;RDJPPR;B;218;149;42;60,3;18,1;14,9;6,7;108;77,1
171;5 042;4 589;ASS PIERRE BRASSEUR;30;48.762604;2.664715;301781;ILE-DE-FRANCE;77350;20383;77;851;Paris;10909327;03-Grande couronne;1;32;283;9,9;De 5 à 10 000 entrées;NON;;B;69;60;0;73,6;17,2;9,1;0;19;28,6
545;76 254;53 858;NORD OUEST EXPLOITATION CINEMAS IDF;33,9;48.71031;2.243459;302485;ILE-DE-FRANCE;91477;35923;91;851;Paris;10909327;03-Grande couronne;4;32;3 309;41,6;De 50 à 80 000 entrées;C;RDJPPR;B;145;114;53;44,5;44,1;9,3;2,1;55;25,6
457;50 136;35 802;COMMUNE DE PANTIN;85,9;48.89218;2.408907;303281;ILE-DE-FRANCE;93055;59237;93;851;Paris;10909327;02-Petite Couronne;3;29;1 908;40;De 50 à 80 000 entrées;C;RDJPPR;B;159;120;42;58,9;21,3;15,1;4,7;101;78,6
314;2 567;2 420;COMMUNE DE PARAY VIEILLE POSTE;37,2;48.712693;2.363281;303445;ILE-DE-FRANCE;91479;7561;91;851;Paris;10909327;03-Grande couronne;1;28;99;6,1;De 2 à 5 000 entrées;NON;;B;70;59;0;49;46,5;4;0,6;25;11,3
329;24 493;19 221;ESPACE DES ARTS;39,9;48.903037;2.507379;305402;ILE-DE-FRANCE;93057;24057;93;851;Paris;10909327;02-Petite Couronne;1;30;712;27,4;De 20 à 30 000 entrées;C;JP;B;143;120;1;46,9;37,4;15,6;0;54;28,5
198;20 962;17 904;CENTRE DES BORDS DE MARNE;56,3;48.84694;2.509968;307692;ILE-DE-FRANCE;94058;34097;94;851;Paris;10909327;02-Petite Couronne;1;26;620;17,1;De 20 à 30 000 entrées;C;;B;114;87;14;72,8;17,6;9,5;0;48;45,2
1279;142 657;0;UGC CINE CITE;12,8;48.827362;1.966638;313013;ILE-DE-FRANCE;78490;31365;78;851;Paris;10909327;03-Grande couronne;9;32;9 205;#DIV/0!;De 100 à 150 000 entrées;NON;;B;132;102;102;24,7;59,6;14,9;0,7;17;6,8
400;23 166;19 555;COMMUNE DU PLESSIS ROBINSON;33,9;48.777607;2.254424;314413;ILE-DE-FRANCE;92060;29819;92;851;Paris;10909327;02-Petite Couronne;2;32;1 242;18,5;De 20 à 30 000 entrées;C;JP;B;120;77;14;59,5;23;16,5;1;29;22,2
340;3 241;2 949;RENCONTRES ANIMATIONS PLESSEENNES;42;48.80535;2.578145;314451;ILE-DE-FRANCE;94059;20104;94;851;Paris;10909327;02-Petite Couronne;1;32;182;9,9;De 2 à 5 000 entrées;NON;;B;37;32;0;80;13;7;0;14;40,3
973;61 212;43 459;C2L POISSY;11,9;48.92287;2.029616;317291;ILE-DE-FRANCE;78498;38606;78;851;Paris;10909327;03-Grande couronne;5;32;4 163;40,8;De 50 à 80 000 entrées;NON;;B;84;74;64;32;53,5;13,6;0,9;13;8,8
295;25 235;17 415;ASSOCIATION APOLLO;35,1;48.803412;2.611316;318801;ILE-DE-FRANCE;77373;38076;77;851;Paris;10909327;03-Grande couronne;2;32;1 796;44,9;De 20 à 30 000 entrées;C;JP;B;162;139;19;40,9;44,8;13,7;0,6;65;20,3
272;6 672;7 476;ASSOCIATION CINEMAS DES DEUX RIVES;80,7;49.049188;2.099047;320532;ILE-DE-FRANCE;95500;31992;95;851;Paris;10909327;03-Grande couronne;1;22;167;-10,8;De 5 à 10 000 entrées;C;;B;62;55;32;66,7;19,2;12,3;1,9;46;86,3
570;45 341;26 986;APP;15,3;48.559158;3.304398;326550;ILE-DE-FRANCE;77379;12293;77;77303;Provins;13597;03-Grande couronne;4;32;4 035;68;De 40 à 50 000 entrées;NON;;C;131;108;64;33,3;53,9;11,8;1;39;7,6
3645;570 610;440 235;UGC CINE CITE;33,4;48.876233;2.242749;327945;ILE-DE-FRANCE;92062;45118;92;851;Paris;10909327;02-Petite Couronne;16;32;17 923;29,6;De 450 à 700 000 entrées;NON;;B;278;205;191;30,4;52,2;15,6;1,8;98;18,5
480;25 296;16 930;VILLE DE PUTEAUX                                                ;19,7;48.885137;2.239127;327961;ILE-DE-FRANCE;92062;45118;92;851;Paris;10909327;02-Petite Couronne;2;29;1 490;49,4;De 20 à 30 000 entrées;NON;;B;66;46;22;28,2;55,3;16,3;0,2;10;11,3
706;31 580;25 641;ASSOCIATION GESTION SALLE ROBERT DESNOS;70,1;48.65291;2.418053;338332;ILE-DE-FRANCE;91521;29769;91;851;Paris;10909327;03-Grande couronne;3;32;2 570;23,2;De 30 à 40 000 entrées;C;RDJPPR;B;176;129;49;55,1;22,7;19,1;3,1;86;61,9
291;3 322;7 048;ASSOCIATION GESTION SALLE ROBERT DESNOS;61;48.651395;2.414242;338335;ILE-DE-FRANCE;91521;29769;91;851;Paris;10909327;03-Grande couronne;1;19;479;-52,9;De 2 à 5 000 entrées;C;;B;46;42;10;62;22,6;14,1;1,3;23;59,8
192;6 912;5 353;COMMUNE DE ROISSY EN BRIE;17,9;48.793178;2.648662;341321;ILE-DE-FRANCE;77390;22916;77;851;Paris;10909327;03-Grande couronne;1;32;432;29,1;De 5 à 10 000 entrées;NON;;B;96;83;1;25,5;59,4;13,6;1,5;19;8,3
436;35 814;25 803;ASSOCIATION COMITE GESTION CINEMA TRIANON;67,7;48.883869;2.44086;341652;ILE-DE-FRANCE;93063;28615;93;851;Paris;10909327;02-Petite Couronne;1;30;863;38,8;De 30 à 40 000 entrées;C;RDJPPR;B;172;112;7;71,4;14,7;11,4;2,5;81;56,4
3344;400 334;341 565;UGC CINE CITE ILE DE FRANCE;20,1;48.880702;2.480345;343750;ILE-DE-FRANCE;93064;46220;93;851;Paris;10909327;02-Petite Couronne;15;32;16 801;17,2;De 300 à 450 000 entrées;NON;;B;205;170;170;22,3;60,9;15,6;1,2;58;7
229;4 888;6 360;COMMUNE DE ROSNY SOUS BOIS;82,7;48.873327;2.482728;343762;ILE-DE-FRANCE;93064;46220;93;851;Paris;10909327;02-Petite Couronne;1;20;167;-23,1;De 2 à 5 000 entrées;C;;B;68;51;1;47,2;21,2;30,8;0,8;41;66,2
689;46 739;41 642;CINE RUEIL;52,8;48.879844;2.180852;347162;ILE-DE-FRANCE;92063;79455;92;851;Paris;10909327;02-Petite Couronne;3;30;2 419;12,2;De 40 à 50 000 entrées;C;;B;81;67;48;72,4;18,3;8,6;0,6;36;44
688;63 062;40 489;SOCIETE D'ECONOMIE MIXTE THEATRE ANDRE MALRAUX                  ;6;48.862565;2.194794;347175;ILE-DE-FRANCE;92063;79455;92;851;Paris;10909327;02-Petite Couronne;3;29;2 142;55,8;De 50 à 80 000 entrées;NON;;B;65;51;33;26,5;55;18,5;0;7;6,6
436;61 613;43 158;SERTEC;13,3;48.937892;2.159419;353531;ILE-DE-FRANCE;78586;52716;78;851;Paris;10909327;03-Grande couronne;5;32;4 575;42,8;De 50 à 80 000 entrées;NON;;B;104;70;66;37,4;48,6;14;0;11;8,9
390;6 121;7 625;ESPACE PREVERT ANIMATION;29,3;48.57649;2.579118;356431;ILE-DE-FRANCE;77445;30016;77;851;Paris;10909327;03-Grande couronne;1;28;391;-19,7;De 5 à 10 000 entrées;C;;B;98;81;0;53,3;34,7;11,9;0,1;28;26,7
270;29 483;25 507;LES GEMEAUX SCENE NATIONALE;74,3;48.777656;2.292628;356871;ILE-DE-FRANCE;92071;19975;92;851;Paris;10909327;02-Petite Couronne;1;32;694;15,6;De 20 à 30 000 entrées;C;RDJPPR;B;135;100;7;67,4;15,4;14,3;2,8;70;63,6
380;10 518;9 490;ETABLISSEMENT PUBLIC DE COOPERATION CULTURELLE SEVRES ESPACE LOI;59,1;48.82472689999999;2.21509930000002;362414;ILE-DE-FRANCE;92072;23638;92;851;Paris;10909327;02-Petite Couronne;1;27;228;10,8;De 10 à 20 000 entrées;C;;B;96;78;0;62,1;16,8;18,5;2,5;46;49,6
699;5 187;5 833;COMITE GESTION CENTRE LOISIRS CULTURE PAUL ELUARD;10,5;48.951678;2.381372;368403;ILE-DE-FRANCE;93072;38743;93;851;Paris;10909327;02-Petite Couronne;1;16;93;-11,1;De 5 à 10 000 entrées;NON;;B;39;24;0;7,3;72,9;19,9;0;3;2,9
205;7 840;9 424;COMMUNE DE SUCY EN BRIE;46,5;48.772452;2.512597;370073;ILE-DE-FRANCE;94071;27223;94;851;Paris;10909327;02-Petite Couronne;1;25;194;-16,8;De 5 à 10 000 entrées;NON;;B;76;64;0;72,9;16,5;10,3;0,4;31;39,6
644;68 394;46 842;ESPACE CINEMA;38,1;48.871363;2.229109;370411;ILE-DE-FRANCE;92073;49257;92;851;Paris;10909327;02-Petite Couronne;4;32;4 495;46;De 50 à 80 000 entrées;C;JP;B;164;114;91;48;35,4;15,8;0,8;60;27,8
401;14 520;12 113;COMMUNE DE SAINT ARNOULT EN YVELINES;23,6;48.571134;1.933453;374021;ILE-DE-FRANCE;78537;6047;78;78202;Saint-Arnoult-en-Yvelines;6047;03-Grande couronne;1;30;557;19,9;De 10 à 20 000 entrées;E;JP;I;75;68;4;40,7;44,6;13,2;1,5;22;18
466;19 156;15 346;COMMUNE DE SAINT CLOUD;63,4;48.852362;2.216385;379671;ILE-DE-FRANCE;92064;30636;92;851;Paris;10909327;02-Petite Couronne;2;28;843;24,8;De 10 à 20 000 entrées;C;;B;126;101;45;64;17,9;16,1;2;63;53,6
168;5 123;7 170;CENTRE D'ACTION CULTURELLE;52,6;48.799763;2.067533;381152;ILE-DE-FRANCE;78545;19654;78;851;Paris;10909327;03-Grande couronne;1;23;291;-28,5;De 5 à 10 000 entrées;C;JPPR;B;79;67;1;50,8;27,2;20,9;1,1;36;34,7
398;36 247;30 585;CINEMA L'ECRAN;87,7;48.93659;2.358747;381912;ILE-DE-FRANCE;93066;112982;93;851;Paris;10909327;02-Petite Couronne;2;32;1 695;18,5;De 30 à 40 000 entrées;C;RDJPPR;B;182;139;56;58;22,4;16,5;3,2;117;78,8
1513;114 951;71 664;GAUMONT;2,7;48.925395;2.363117;381941;ILE-DE-FRANCE;93066;112982;93;851;Paris;10909327;02-Petite Couronne;9;32;8 098;60,4;De 100 à 150 000 entrées;NON;;B;131;83;74;8,6;70,7;14,8;5,9;4;1,5
222;4 534;3 543;VILLE DE SAINT FARGEAU PONTHIERRY                               ;51,4;48.535934;2.547053;384792;ILE-DE-FRANCE;77407;14233;77;851;Paris;10909327;03-Grande couronne;1;32;413;28;De 2 à 5 000 entrées;C;;B;120;98;1;68,2;23,6;7,8;0,4;53;48,2
452;4 817;0;CINEMAS SAINTE-GENEVIEVE-DES-BOIS;14,3;48.647173;2.327732;386873;ILE-DE-FRANCE;91549;36325;91;851;Paris;10909327;03-Grande couronne;3;4;307;#DIV/0!;De 2 à 5 000 entrées;NON;;B;22;22;11;20,3;73,4;6,3;0;7;4,4
742;73 467;47 975;SOCIETE ETABLISSEMENTS JOUSSEAUME;33,2;48.896605;2.090977;388971;ILE-DE-FRANCE;78551;46599;78;851;Paris;10909327;03-Grande couronne;5;32;4 323;53,1;De 50 à 80 000 entrées;C;;B;121;82;65;47,8;32,8;19,3;0;35;25,7
371;29 894;25 199;ASSOCIATION OFFICE CULTUREL DE SAINT GRATIEN;95,9;48.971269;2.274468;390452;ILE-DE-FRANCE;95555;21060;95;851;Paris;10909327;03-Grande couronne;3;29;2 083;18,6;De 20 à 30 000 entrées;C;RDJPPR;B;118;80;47;66,5;8,8;21;3,6;74;92,7
425;22 365;23 639;ATELIER THEATRE DE LA CITE;83,4;48.798427;2.485821;404603;ILE-DE-FRANCE;94068;76214;94;851;Paris;10909327;02-Petite Couronne;1;32;921;-5,4;De 20 à 30 000 entrées;C;RDJPPR;B;159;111;45;73,1;14;8,2;4,6;92;79,2
886;54 665;33 881;PARAFRANCE COMMUNICATION;30,6;48.793451;2.514771;404612;ILE-DE-FRANCE;94068;76214;94;851;Paris;10909327;02-Petite Couronne;4;32;3 438;61,3;De 50 à 80 000 entrées;C;JP;B;118;86;60;47,8;39,2;12,4;0,6;41;26,2
496;32 429;25 333;ESPACE MARCEL CARNE;84,4;48.637713;2.320768;406812;ILE-DE-FRANCE;91570;20110;91;851;Paris;10909327;03-Grande couronne;3;31;2 060;28;De 30 à 40 000 entrées;C;RDJPPR;B;212;174;33;72,7;11,9;11,3;4;138;75,9
513;66 499;59 829;ASSOCIATION CINEMAS DES DEUX RIVES;84;49.044334;2.106823;408323;ILE-DE-FRANCE;95572;24498;95;851;Paris;10909327;03-Grande couronne;5;30;4 515;11,1;De 50 à 80 000 entrées;C;RDJPPR;B;234;145;104;67,2;14,8;12,3;5,7;121;80
668;34 095;27 621;CENTRE AUDONIEN ET FRANCILIEN D'ART ET DE CULTURE;83,2;48.904144;2.339193;408441;ILE-DE-FRANCE;93070;50797;93;851;Paris;10909327;02-Petite Couronne;2;30;1 700;23,4;De 30 à 40 000 entrées;C;RDJPPR;B;147;102;30;54,2;30,1;13,3;2,4;83;69,8
329;14 308;9 939;STUDIO 207;25,6;49.026312;2.224754;422871;ILE-DE-FRANCE;95607;26765;95;851;Paris;10909327;03-Grande couronne;2;32;1 779;44;De 10 à 20 000 entrées;NON;;B;139;115;19;53,5;33,9;11,8;0,7;38;19,8
3679;589 825;428 429;LES CINEMAS PATHE GAUMONT;11,7;48.756508;2.371928;425503;ILE-DE-FRANCE;94073;30028;94;851;Paris;10909327;02-Petite Couronne;16;32;17 635;37,7;De 450 à 700 000 entrées;NON;;B;168;149;148;20,1;62,6;16;1,2;34;5,4
2891;356 176;231 974;MAUBIM                                                          ;19,9;48.840592;2.654959;429132;ILE-DE-FRANCE;77468;22467;77;851;Paris;10909327;03-Grande couronne;16;32;19 538;53,5;De 300 à 450 000 entrées;NON;;B;232;193;195;23,3;59,4;14,1;3,1;66;7,3
218;9 568;9 267;COMMUNE DE TRAPPES;58;48.780183;1.992423;432832;ILE-DE-FRANCE;78621;32236;78;851;Paris;10909327;03-Grande couronne;1;29;610;3,2;De 5 à 10 000 entrées;C;JP;B;122;99;2;57,3;25,3;14,8;2,6;61;54
524;33 776;28 336;ASSOCIATION TREMBLAYSIENNE POUR LE CINEMA;61,9;48.99649;2.550261;433972;ILE-DE-FRANCE;93073;36389;93;851;Paris;10909327;02-Petite Couronne;3;32;2 574;19,2;De 30 à 40 000 entrées;C;RDJPPR;B;172;110;46;32,3;51,8;14,6;1,4;80;37,1
2380;363 971;222 687;PATHE AEROVILLE;5;48.991044;2.524032;433975;ILE-DE-FRANCE;93073;36389;93;851;Paris;10909327;02-Petite Couronne;12;32;11 986;63,4;De 300 à 450 000 entrées;NON;;B;121;101;98;15;67,2;16,4;1,5;9;2,8
210;8 973;6 776;COMMUNE DES ULIS;51,6;48.682507;2.169714;437561;ILE-DE-FRANCE;91692;24911;91;851;Paris;10909327;03-Grande couronne;1;28;430;32,4;De 5 à 10 000 entrées;NON;;B;103;79;0;59,7;28,3;10,7;1,3;40;41,8
600;28 615;21 518;UGC SAS;11,1;48.675884;2.175597;437562;ILE-DE-FRANCE;91692;24911;91;851;Paris;10909327;03-Grande couronne;4;32;3 268;33;De 20 à 30 000 entrées;NON;;B;56;52;51;30,2;58;11,8;0;5;7,3
311;4 203;3 663;ASSOCIATION VAIROISE D ANIMATION CULTURELLE;42,2;48.874168;2.632366;439271;ILE-DE-FRANCE;77479;13513;77;851;Paris;10909327;03-Grande couronne;1;26;214;14,7;De 2 à 5 000 entrées;NON;;B;58;50;0;79,3;8,3;12,4;0;22;33,6
192;9 992;7 824;COMMUNE DE VANVES;72,6;48.821779;2.287439;442002;ILE-DE-FRANCE;92075;27744;92;851;Paris;10909327;02-Petite Couronne;1;27;357;27,7;De 5 à 10 000 entrées;C;;B;109;88;1;63,5;23,1;10,1;3,4;61;60
1603;126 521;87 938;CINE MONTEREAU POINT COM;15,2;48.367677;2.957289;442370;ILE-DE-FRANCE;77482;3612;77;77403;Montereau-Fault-Yonne;29860;03-Grande couronne;9;32;8 591;43,9;De 100 à 150 000 entrées;NON;;B;179;152;143;32,8;52,5;13,4;1,3;40;6,4
295;20 029;13 791;LES VRAIS INSTANTS DE L  IMAGE;57,1;48.837881;2.157499;443601;ILE-DE-FRANCE;92076;8985;92;851;Paris;10909327;02-Petite Couronne;2;32;1 548;45,2;De 20 à 30 000 entrées;C;;B;76;50;33;65,5;14,3;19,8;0,4;29;47,8
217;18 518;13 086;COMMUNE DE VAUREAL;15,1;49.030119;2.021182;444330;ILE-DE-FRANCE;95637;16789;95;851;Paris;10909327;03-Grande couronne;2;30;1 417;41,5;De 10 à 20 000 entrées;NON;;B;114;93;17;15,3;62;21,5;1,2;30;15,6
268;8 336;7 332;COMMUNE DE VAUX LE PENIL;33,9;48.527795;2.689584;444791;ILE-DE-FRANCE;77487;11141;77;851;Paris;10909327;03-Grande couronne;1;29;492;13,7;De 5 à 10 000 entrées;C;;B;115;97;12;75,3;16,9;7,3;0,5;46;38,1
312;9 479;9 886;COMMUNE DE VERNEUIL SUR SEINE;43,5;48.979213;1.97461;448802;ILE-DE-FRANCE;78642;16353;78;851;Paris;10909327;03-Grande couronne;1;18;283;-4,1;De 5 à 10 000 entrées;NON;;B;75;60;1;63,8;22,6;13,3;0,3;31;34,3
491;16 808;13 621;COMMUNE DE VERRIERES LE BUISSON;59,7;48.754993;2.269638;449542;ILE-DE-FRANCE;91645;15301;91;851;Paris;10909327;03-Grande couronne;2;30;1 049;23,4;De 10 à 20 000 entrées;C;JP;B;166;114;8;67;21,1;11,2;0,7;73;46,6
1590;114 196;82 214;SOCIETE NOUVELLE DE GESTION CYRANO;25,3;48.807883;2.130901;449661;ILE-DE-FRANCE;78646;87253;78;851;Paris;10909327;03-Grande couronne;8;32;6 969;38,9;De 100 à 150 000 entrées;NON;;B;179;123;106;52,1;30,5;17,4;0;50;21,6
769;37 368;34 761;ROXANE;94,5;48.803954;2.133847;449702;ILE-DE-FRANCE;78646;87253;78;851;Paris;10909327;03-Grande couronne;4;32;3 503;7,5;De 30 à 40 000 entrées;C;RDJPPR;B;160;121;75;61,2;14,5;12,9;11,5;111;94,2
199;12 513;10 478;ASSOCIATION DU CENTRE DES ARTS ET LOISIRS DU VESINET;68,5;48.893988;2.134326;450503;ILE-DE-FRANCE;78650;16421;78;851;Paris;10909327;03-Grande couronne;1;27;382;19,4;De 10 à 20 000 entrées;C;;B;93;77;8;63;17,3;16,3;3,4;55;57,7
279;2 961;4 026;COMMUNE D'AVRAY;54;48.824654;2.18397;455770;ILE-DE-FRANCE;92077;11345;92;851;Paris;10909327;02-Petite Couronne;1;26;178;-26,5;De 2 à 5 000 entrées;C;;B;120;111;0;58,2;24,7;13,6;3,5;64;45,7
616;8 847;8 832;THEATRE ROMAIN ROLLAND;57;48.793428;2.363199;456762;ILE-DE-FRANCE;94076;55212;94;851;Paris;10909327;02-Petite Couronne;1;27;176;0,2;De 5 à 10 000 entrées;NON;;B;70;60;0;62,5;19,9;17,1;0,5;34;54,4
212;3 632;3 643;ASSOCIATION POUR LE CINEMA SALLE ANDRE MALRAUX;52,1;48.935662;2.333275;457861;ILE-DE-FRANCE;92078;24112;92;851;Paris;10909327;02-Petite Couronne;1;21;153;-0,3;De 2 à 5 000 entrées;NON;;B;38;21;2;43,9;20;36;0;10;40,5
448;1 420;1 189;COMMUNE DE VILLENEUVE LE ROI;10;48.735355;2.416829;457983;ILE-DE-FRANCE;94077;21308;94;851;Paris;10909327;02-Petite Couronne;1;7;11;19,4;Moins de 2000 entrées;NON;;B;8;7;0;19,9;75;5,1;0;1;1
220;10 379;8 740;VILLE DE VILLIERS SUR MARNE                                     ;41,8;48.826124;2.542402;461663;ILE-DE-FRANCE;94079;28709;94;851;Paris;10909327;02-Petite Couronne;1;30;639;18,8;De 10 à 20 000 entrées;C;;B;137;114;2;58;25,8;15;1,2;52;32,4
204;67;781;ASSOCIATION CULTURELLE VINCENNES PROMO CINEMA;0;48.849453;2.437319;462304;ILE-DE-FRANCE;94080;50083;94;851;Paris;10909327;02-Petite Couronne;1;2;2;-91,4;Moins de 2000 entrées;NON;;B;2;0;0;0;0;0;0;0;0
481;85 634;63 759;LE VINCENNES;54,4;48.845095;2.434268;462321;ILE-DE-FRANCE;94080;50083;94;851;Paris;10909327;02-Petite Couronne;4;32;4 102;34,3;De 80 à 100 000 entrées;C;JPPR;B;166;89;76;56;25,9;15,2;2,9;59;47
551;38 867;25 049;SAEM DE RENOVATION URBAINE & RESTAURATION IMMOBIL VIRY CHATILLON;38,8;48.681815;2.379391;463353;ILE-DE-FRANCE;91687;30918;91;851;Paris;10909327;03-Grande couronne;3;32;1 982;55,2;De 30 à 40 000 entrées;C;JP;B;213;149;29;38,5;48,8;11,8;0,9;83;24,5
509;34 208;25 986;COMMUNE DE VITRY SUR SEINE;43,3;48.790948;2.388152;463931;ILE-DE-FRANCE;94081;95105;94;851;Paris;10909327;02-Petite Couronne;3;32;2 775;31,6;De 30 à 40 000 entrées;C;RDJPPR;B;221;161;21;39,4;49,8;9,1;1,7;95;25,4
214;13 657;10 983;STUDIO 43;40,5;48.714932;2.489765;469245;ILE-DE-FRANCE;91691;29546;91;851;Paris;10909327;03-Grande couronne;1;32;683;24,3;De 10 à 20 000 entrées;C;;B;120;91;10;62,4;25;11,8;0,8;41;35,1
3728;234 993;173 415;LES IMAGES;10,7;48.930677;2.320895;575001;ILE-DE-FRANCE;92078;24112;92;851;Paris;10909327;02-Petite Couronne;18;32;17 665;35,5;De 200 à 300 000 entrées;NON;;B;165;147;148;19,1;62,9;16,1;1,9;31;4,6
1508;262 058;161 686;KINEPOLIS PROSPECTION;11,1;48.57924680000001;2.2996356999999534;718750;ILE-DE-FRANCE;91103;27193;91;851;Paris;10909327;03-Grande couronne;10;32;10 033;62,1;De 200 à 300 000 entrées;NON;;B;166;141;138;28,9;55,8;13,9;1,5;23;6,3
3710;348 354;280 683;UGC CINE CITE;29,5;48.797186;2.469391;720300;ILE-DE-FRANCE;94028;92737;94;851;Paris;10909327;02-Petite Couronne;18;32;18 216;24,1;De 300 à 450 000 entrées;NON;;B;295;216;201;29,2;55,1;13,6;2,1;98;12,4
3612;335 385;287 776;UGC CINE CITE;24,8;48.784168;2.039775;720400;ILE-DE-FRANCE;78423;33046;78;851;Paris;10909327;03-Grande couronne;16;32;15 065;16,5;De 300 à 450 000 entrées;NON;;B;214;168;170;34,1;49,6;14,5;1,8;59;15,6
1861;239 758;150 948;FORUM INTERNATIONAL;7;48.994228;2.194982;723600;ILE-DE-FRANCE;95424;21748;95;851;Paris;10909327;03-Grande couronne;8;32;8 308;58,8;De 200 à 300 000 entrées;NON;;B;116;106;104;21,7;61,7;15,1;1,5;12;4,2
1817;171 723;108 998;ANGEOR;6,4;48.984111;2.372423;723680;ILE-DE-FRANCE;95585;59063;95;851;Paris;10909327;03-Grande couronne;10;32;12 440;57,5;De 150 à 200 000 entrées;NON;;B;148;120;122;15,8;67;13,9;3,3;11;2,4
1894;275 734;188 008;PATHE MASSY;14,8;48.724173;2.262676;723760;ILE-DE-FRANCE;91377;50985;91;851;Paris;10909327;03-Grande couronne;9;32;8 216;46,7;De 200 à 300 000 entrées;NON;;B;164;134;105;22,6;59,9;16;1,5;44;10,3
1606;123 206;92 990;DELTA EXPLOITATION;14,9;48.7946166;2.5525718999999754;724000;ILE-DE-FRANCE;94019;18257;94;851;Paris;10909327;02-Petite Couronne;8;31;7 809;32,5;De 100 à 150 000 entrées;NON;;B;114;108;98;31,8;54,3;13,3;0,5;23;8
3801;499 571;343 905;UGC CINE CITE;33,1;48.781030;2.189542;724120;ILE-DE-FRANCE;78640;22836;78;851;Paris;10909327;03-Grande couronne;18;32;18 441;45,3;De 450 à 700 000 entrées;NON;;B;328;238;225;35,5;48,3;14,5;1,8;121;16,5
2199;269 519;184 465;UGC CINE CITE;30,9;48.827796;2.116072;724320;ILE-DE-FRANCE;78158;31947;78;851;Paris;10909327;03-Grande couronne;12;32;10 585;46,1;De 200 à 300 000 entrées;NON;;B;165;131;131;42,5;39,6;16,3;1,6;52;21
1209;99 839;57 182;KINEPOLIS PROSPECTION;10,7;48.718766;2.589559;724440;ILE-DE-FRANCE;77450;3321;77;851;Paris;10909327;03-Grande couronne;9;32;8 768;74,6;De 80 à 100 000 entrées;NON;;B;148;125;122;27,8;56,9;13,6;1,6;20;5,5
511;11 512;12 265;RD DIFFUSION;85,8;50.108677;1.834667;10184;HAUTS DE FRANCE;80001;23246;80;80401;Abbeville;26131;05-Unités urbaines de 20 000 à 100 000 hbts;3;32;1 445;-6,1;De 10 à 20 000 entrées;D;RDJPPR;C;144;99;27;65,4;10,9;21,5;2,3;81;88
1209;114 397;79 017;ABBEVILLE CINE;10,6;50.115049;1.824393;10192;HAUTS DE FRANCE;80001;23246;80;80401;Abbeville;26131;05-Unités urbaines de 20 000 à 100 000 hbts;8;32;9 532;44,8;De 100 à 150 000 entrées;NON;;C;124;109;111;40,5;47,2;11,4;0,9;15;3,4
268;12 901;11 347;ASSOCIATION POUR LE DEVELOPPEMENT DU CINEMA A ACIGNE;49,8;48.135609;-1.537695;11101;BRETAGNE;35001;6977;35;35206;Acigné;6977;06-autres communes et unités urbaines;2;26;485;13,7;De 10 à 20 000 entrées;E;;I;136;122;21;66,5;22,3;9,6;1,6;69;37,1
79;4 729;3 642;ASSOCIATION DU CINEMA DE LA PLAGE;50,8;49.048659;-1.595352;11854;NORMANDIE;50003;2885;50;50203;Agon-Coutainville;8658;06-autres communes et unités urbaines;1;32;304;29,8;De 2 à 5 000 entrées;E;JPPR;C;104;88;0;62,9;27,4;7,3;2,4;46;38,7
490;17 040;11 705;CINEMA L' AIGLON (EX CASINO DE JOINVILLE SARL);17,8;48.762976;0.62734;12101;NORMANDIE;61214;8252;61;61301;L'Aigle;11412;06-autres communes et unités urbaines;1;32;562;45,6;De 10 à 20 000 entrées;E;;C;131;104;23;42,8;41,6;14,8;0,8;46;6,7
286;5 854;3 172;VILLE D'AIGURANDE;36,5;46.431926;1.830697;12612;CENTRE-VAL DE LOIRE;36001;1453;36;0;Zone rurale;14862638;04-Unités urbaines de 100 000 hbts ou plus;1;31;397;84,6;De 5 à 10 000 entrées;E;;R;86;73;0;74,8;19,3;5,4;0,5;28;19,7
360;17 909;12 635;BLED ALAIN JOSEPH CHARLES;4,4;50.004652;2.648257;14033;HAUTS DE FRANCE;80016;9973;80;80301;Albert;9973;06-autres communes et unités urbaines;2;30;896;41,7;De 10 à 20 000 entrées;NON;;I;85;68;39;43,3;46,8;9,6;0,2;6;2
1199;116 507;80 071;LES ECRANS D'ALENCON;17,7;48.433552;0.063775;14445;NORMANDIE;61001;26523;61;461;Alençon;42631;05-Unités urbaines de 20 000 à 100 000 hbts;7;32;5 711;45,5;De 100 à 150 000 entrées;D;;C;199;165;128;46,3;42;11;0,7;62;9,7
600;9 610;14 642;CINEAMBUL 72;24,7;47.983405;0.148339;15682;PAYS DE LA LOIRE;72003;11184;72;72701;Le Mans;214723;04-Unités urbaines de 100 000 hbts ou plus;1;27;398;-34,4;De 5 à 10 000 entrées;NON;;B;81;59;1;85,2;6,1;7,3;1,3;27;25,9
354;20 698;13 505;SARL MERLIN L;10,5;47.41057;0.980035;16803;CENTRE-VAL DE LOIRE;37003;13071;37;37701;Tours;362653;04-Unités urbaines de 100 000 hbts ou plus;2;32;1 128;53,3;De 20 à 30 000 entrées;NON;;B;76;60;44;52,1;39,6;8,2;0,2;11;5,6
175;9 231;10 922;MAISON DE LA CULTURE D AMIENS;96,4;49.89407;2.292451;17303;HAUTS DE FRANCE;80021;136545;80;80601;Amiens;167382;04-Unités urbaines de 100 000 hbts ou plus;1;28;612;-15,5;De 5 à 10 000 entrées;B;RDJPPR;C;100;58;15;60,4;24;6,7;8,9;54;97,8
254;24 522;25 039;ASS JOURNEES CINE AMIENS CONTRE RACISME;99,4;49.896685;2.302146;17325;HAUTS DE FRANCE;80021;136545;80;80601;Amiens;167382;04-Unités urbaines de 100 000 hbts ou plus;1;32;942;-2,1;De 20 à 30 000 entrées;B;RDJPPR;C;109;69;26;69,7;10,2;13;7,1;67;99,6
2682;337 007;229 212;GAUMONT PICARDIE                                                ;19,3;49.889445;2.304933;17326;HAUTS DE FRANCE;80021;136545;80;80601;Amiens;167382;04-Unités urbaines de 100 000 hbts ou plus;12;32;11 304;47;De 300 à 450 000 entrées;NON;;C;209;180;157;35,8;50,4;12,6;1,2;71;11,3
549;65 347;49 471;ASSOCIATION LOUIS LUMIERE;34,5;47.364116;-1.178442;17803;PAYS DE LA LOIRE;44003;11405;44;44301;Ancenis;11405;06-autres communes et unités urbaines;3;32;1 712;32,1;De 50 à 80 000 entrées;E;RDJPPR;C;248;191;29;48,2;39,5;11,1;1,2;109;16,9
407;40 620;26 206;LE PALACE;12,7;49.246748;1.416469;18291;NORMANDIE;27016;8233;27;27207;Les Andelys;8478;06-autres communes et unités urbaines;3;32;2 195;55;De 40 à 50 000 entrées;E;JP;C;162;131;48;36,6;49,9;12,2;1,2;61;5,7
250;3 330;3 532;COMMUNE D ANET;26,1;48.857505;1.439036;18701;CENTRE-VAL DE LOIRE;28007;2817;28;361;Ézy-sur-Eure;17944;06-autres communes et unités urbaines;1;27;128;-5,7;De 2 à 5 000 entrées;NON;;C;63;43;0;80;11,4;8,5;0;12;17,7
811;149 023;137 014;CYBELE;85,5;47.472132;-0.553522;18861;PAYS DE LA LOIRE;49007;157577;49;49701;Angers;236073;04-Unités urbaines de 100 000 hbts ou plus;7;32;6 994;8,8;De 100 à 150 000 entrées;A;RDJPPR;C;269;181;163;67;15,8;12,8;4,3;163;83,9
2522;325 142;216 384;GAUMONT;17,7;47.478647;-0.549339;18866;PAYS DE LA LOIRE;49007;157577;49;49701;Angers;236073;04-Unités urbaines de 100 000 hbts ou plus;12;32;11 300;50,3;De 300 à 450 000 entrées;NON;;C;208;178;149;37,7;47,6;13,5;1,2;66;10,9
534;28 303;18 007;LES FEUX DE LA RAMPE;12,3;48.745411;-0.019397;23241;NORMANDIE;61006;14098;61;61302;Argentan;15405;06-autres communes et unités urbaines;3;32;1 368;57,2;De 20 à 30 000 entrées;E;JP;C;117;97;66;50,9;39,8;8,7;0,7;26;6
187;13 931;9 149;ASSOCIATION EDEN PALACE;32,3;46.588805;1.51986;23513;CENTRE-VAL DE LOIRE;36006;5115;36;36203;Argenton-sur-Creuse;8544;06-autres communes et unités urbaines;1;32;458;52,3;De 10 à 20 000 entrées;E;JPPR;C;119;104;4;65,1;24,8;9,8;0,3;39;21,5
158;4 001;2 763;LES JEUNES D'ARGENTRE;34,7;48.058076;-1.148927;23541;BRETAGNE;35006;4574;35;35126;Argentré-du-Plessis;4574;06-autres communes et unités urbaines;1;29;228;44,8;De 2 à 5 000 entrées;E;;I;91;85;3;55,2;32,5;12,1;0,2;33;15,9
126;5 145;3 494;LES AMIS DU CINEMA                                              ;10,3;47.558659;2.446881;23561;CENTRE-VAL DE LOIRE;18011;2122;18;18101;Argent-sur-Sauldre;2122;06-autres communes et unités urbaines;1;32;255;47,3;De 5 à 10 000 entrées;NON;;I;83;71;8;64,2;27,5;7,5;0,8;14;6,5
100;10 035;8 573;AGENCE POUR DEVELOPPEMENT ACTIVITES TOURISTIQUES ET CULTURELLES;31,8;48.083036;1.87847;25722;CENTRE-VAL DE LOIRE;45008;1950;45;0;Zone rurale;14862638;04-Unités urbaines de 100 000 hbts ou plus;1;28;590;17,1;De 10 à 20 000 entrées;E;JPPR;R;60;35;0;66;23,6;10,4;0;12;23,3
246;20 706;10 051;DORMOY SEBIRE AUDREY;46,9;47.546509;-2.910816;26402;BRETAGNE;56005;2165;56;56102;Arzon;2165;06-autres communes et unités urbaines;2;32;1 438;106;De 20 à 30 000 entrées;E;JPPR;I;114;95;43;71,2;16,3;10,1;2,4;49;32,4
163;7 228;4 735;ATOMIC CINEMA;32,6;47.488316;2.43949;28732;CENTRE-VAL DE LOIRE;18015;5604;18;18201;Aubigny-sur-Nère;5604;06-autres communes et unités urbaines;1;30;471;52,7;De 5 à 10 000 entrées;E;JPPR;I;128;103;2;57,2;32,1;10,1;0,6;43;16,2
516;12 513;9 106;VIGOUROUX YVES;53,6;48.022078;-4.5389;29373;BRETAGNE;29003;3758;29;29213;Plouhinec - Audierne;7838;06-autres communes et unités urbaines;1;32;578;37,4;De 10 à 20 000 entrées;E;JP;B;128;110;6;61,3;25;11,7;1,9;63;40,8
181;10 200;6 788;ANCELOT PHILIPPE MARCEL;13,4;49.770863;1.753271;30482;NORMANDIE;76035;2066;76;157;Aumale;2480;06-autres communes et unités urbaines;1;32;528;50,3;De 10 à 20 000 entrées;NON;;C;68;59;8;67;21,9;11,1;0;14;5,7
199;12 027;7 575;ASSOCIATION DU CINEMA PARADISO;40,1;49.020149;-0.629742;30761;NORMANDIE;14027;4701;14;14113;Aunay-sur-Odon;4701;06-autres communes et unités urbaines;1;32;400;58,8;De 10 à 20 000 entrées;E;JP;C;110;81;0;59,9;25,6;13,6;0,9;36;22,7
866;89 974;61 123;SARL G K L B;26,8;47.669814;-2.985582;30891;BRETAGNE;56007;14358;56;56401;Auray;30052;05-Unités urbaines de 20 000 à 100 000 hbts;5;32;3 972;47,2;De 80 à 100 000 entrées;D;JP;C;206;147;91;47,9;39,8;11,1;1,2;67;19,8
1593;141 045;98 103;SOCIETE D EXPLOITATION CINEMATOGRAPHIQUE AUXERROISE;23,6;47.793473;3.56576;32651;BOURGOGNE / FRANCHE-COMTE;89024;35942;89;89402;Auxerre;43521;05-Unités urbaines de 20 000 à 100 000 hbts;8;32;9 570;43,8;De 100 à 150 000 entrées;D;JPPR;C;205;175;130;42,1;44,7;11,8;1,4;86;12
330;4 162;15 108;COMMUNE D AVALLON;17,3;47.490254;3.909327;33122;BOURGOGNE / FRANCHE-COMTE;89025;6734;89;89203;Avallon;6734;06-autres communes et unités urbaines;2;4;161;-72,5;De 2 à 5 000 entrées;E;RDJP;I;15;15;7;42,4;49,9;7,7;0;3;6,6
617;39 055;22 807;CINE PINEL                                                      ;13,3;48.684271;-1.35894;34182;NORMANDIE;50025;10800;50;50301;Avranches;16403;06-autres communes et unités urbaines;3;30;1 325;71,2;De 30 à 40 000 entrées;E;;C;105;88;42;45,9;43,1;10,4;0,6;24;7,3
346;10 456;8 065;SOGECOM - CASINO DE BAGNOLES DE L  ORNE;30,9;48.557714;-0.418487;36071;NORMANDIE;61483;2764;61;61105;Bagnoles-de-l'Orne;3158;06-autres communes et unités urbaines;1;32;559;29,6;De 10 à 20 000 entrées;E;JP;C;103;94;4;70,1;20;9,9;0;30;21,1
294;11 173;7 246;CINE SPECTACLES DE BAIN DE BRETAGNE;32,1;47.845691;-1.687075;36602;BRETAGNE;35012;7498;35;35212;Bain-de-Bretagne;7498;06-autres communes et unités urbaines;2;26;377;54,2;De 10 à 20 000 entrées;E;JP;I;156;128;7;53,2;37,5;8,2;1,1;48;17,2
345;3 240;4 576;COMMUNE DE BARENTIN;26,1;49.544612;0.95126;39174;NORMANDIE;76057;12438;76;76401;Barentin;20537;05-Unités urbaines de 20 000 à 100 000 hbts;1;19;42;-29,2;De 2 à 5 000 entrées;NON;;C;31;18;0;85,9;8,2;5,9;0;4;20,3
270;12 403;8 349;CHAMPALAUNE BRUNO MAURICE GERARD;20,9;49.380918;-1.77881;39662;NORMANDIE;50031;2291;50;0;Zone rurale;14862638;04-Unités urbaines de 100 000 hbts ou plus;1;32;393;48,6;De 10 à 20 000 entrées;E;;R;92;83;19;65;27;7,6;0,3;28;17,1
439;7 949;5 510;IMPACT CINE VIDEO;31,6;48.230581;4.709869;40293;GRAND EST;10033;5027;10;10201;Bar-sur-Aube;5273;06-autres communes et unités urbaines;2;34;612;44,3;De 5 à 10 000 entrées;E;RDJPPR;C;101;71;4;44,8;34,9;17,9;2,4;32;18
1850;311 582;215 259;CINE POLE SUD;9,6;47.215304;-1.465696;40708;PAYS DE LA LOIRE;44009;9331;44;44701;Nantes;671849;04-Unités urbaines de 100 000 hbts ou plus;10;32;11 544;44,7;De 300 à 450 000 entrées;NON;;B;144;129;131;35,8;49,7;13,5;1,1;17;5,9
255;13 221;6 123;LES ENFANTS DE LA CLARTE;15,6;47.877156;-3.017589;41781;BRETAGNE;56010;6440;56;56204;Baud;6440;06-autres communes et unités urbaines;1;32;652;115,9;De 10 à 20 000 entrées;E;JP;I;136;120;8;50,1;36,7;13;0,1;38;10,1
203;3 561;3 277;ASSOCIATION SAINT LAURENT;43,2;47.542333;-0.107495;42011;PAYS DE LA LOIRE;49018;12060;49;49201;Baugé;12060;06-autres communes et unités urbaines;1;32;151;8,7;De 2 à 5 000 entrées;E;;I;111;93;1;76,3;18,3;5;0,5;43;26,8
804;69 615;39 333;SAEM LOCALE GULF STREAM;25,3;47.283747;-2.391924;42075;PAYS DE LA LOIRE;44055;16658;44;44601;Saint-Nazaire;158390;04-Unités urbaines de 100 000 hbts ou plus;5;32;5 165;77;De 50 à 80 000 entrées;NON;;B;128;114;113;59,8;28,7;11,2;0,2;37;17,7
444;40 384;23 595;SOCIETE DU CINEMA LE MELIES;14,9;49.278064;-0.70355;42621;NORMANDIE;14047;13350;14;14303;Bayeux;18199;06-autres communes et unités urbaines;3;32;1 567;71,2;De 40 à 50 000 entrées;E;JP;C;99;81;49;45,9;40,9;12,7;0,5;23;12,4
144;3 781;2 817;GRAND ECRAN                                                     ;44,7;47.440442;-0.217892;44042;PAYS DE LA LOIRE;49021;7365;49;49204;Beaufort-en-Vallée;7365;06-autres communes et unités urbaines;1;26;224;34,2;De 2 à 5 000 entrées;E;;C;142;124;0;75,1;15,8;8,9;0,2;67;27,9
200;12 845;7 939;COMMUNE DE BEAUGENCY;26,4;47.777284;1.628684;44131;CENTRE-VAL DE LOIRE;45028;7508;45;45207;Beaugency;8894;06-autres communes et unités urbaines;1;30;373;61,8;De 10 à 20 000 entrées;E;JPPR;C;116;93;4;52,7;37,5;9,4;0,4;39;18,4
160;5 445;4 752;CINEMA JEANNE D ARC;42;47.20201;-0.995912;45372;PAYS DE LA LOIRE;49023;24115;49;49206;Beaupréau;24115;05-Unités urbaines de 20 000 à 100 000 hbts;1;32;202;14,6;De 5 à 10 000 entrées;D;;I;97;74;0;61,3;30,5;8;0,2;36;25,5
205;5 837;5 332;ASSOCIATION CULTURELLE ARGENTINE;69,6;49.437982;2.099627;45876;HAUTS DE FRANCE;60057;58011;60;60501;Beauvais;62365;05-Unités urbaines de 20 000 à 100 000 hbts;1;31;481;9,5;De 5 à 10 000 entrées;D;JPPR;C;106;72;4;43,5;22,4;29;5;50;58,6
2108;199 633;126 576;BEAUVAIS CINEMA COMMUNICATION                                   ;23,9;49.426913;2.091861;45877;HAUTS DE FRANCE;60057;58011;60;60501;Beauvais;62365;05-Unités urbaines de 20 000 à 100 000 hbts;12;32;14 323;57,7;De 150 à 200 000 entrées;D;JP;C;252;215;198;32,3;52,6;13,5;1,6;103;8,4
326;21 173;12 708;LES TOILES DE MER;32,8;47.874121;-4.110036;49632;BRETAGNE;29006;3646;29;29402;Fouesnant;25451;05-Unités urbaines de 20 000 à 100 000 hbts;2;32;1 455;66,6;De 20 à 30 000 entrées;D;;B;132;125;73;65,1;26,1;8,5;0,3;57;22,2
268;13 388;8 199;SOCIETE NORMANDE D EXPLOITATION INDUSTRIELLE ET COMMERCIALE;15,6;49.090933;0.602729;50833;NORMANDIE;27056;10290;27;27301;Bernay;11855;06-autres communes et unités urbaines;1;30;513;63,3;De 10 à 20 000 entrées;E;;C;124;101;21;48;35,3;15,3;1,4;36;10,1
218;5 387;4 390;AVENIR BERNERIE CINEMA;32,3;47.079739;-2.03865;50901;PAYS DE LA LOIRE;44012;3060;44;44304;Pornic;20785;05-Unités urbaines de 20 000 à 100 000 hbts;1;32;149;22,7;De 5 à 10 000 entrées;NON;;B;76;64;3;80,5;9,6;9,5;0,4;25;26,6
183;9 233;7 492;EVEIL TRISKEL;43,4;48.183726;-1.649328;53461;BRETAGNE;35024;12221;35;35301;Betton;14573;06-autres communes et unités urbaines;1;28;206;23,2;De 5 à 10 000 entrées;E;;C;88;73;1;70,7;18,9;8,9;1,6;37;43,9
285;12 484;10 649;ASSOCIATION  CINEMA SAINT LAURENT;18,8;47.476369;-1.763766;57221;PAYS DE LA LOIRE;44015;10045;44;44213;Blain;10045;06-autres communes et unités urbaines;1;32;386;17,2;De 10 à 20 000 entrées;E;;I;136;112;12;54,8;30,5;13,3;1,4;32;12,6
253;14 098;9 599;GIRAUDET COSSET ANNIE;45,8;46.631877;1.067624;57473;CENTRE-VAL DE LOIRE;36018;6541;36;36201;Le Blanc;6541;06-autres communes et unités urbaines;2;32;847;46,9;De 10 à 20 000 entrées;E;RDJPPR;I;120;100;11;59,9;27,4;11,2;1,5;52;21,2
683;34 345;30 182;CINECAP;92,7;47.590803;1.335364;58735;CENTRE-VAL DE LOIRE;41018;47449;41;41501;Blois;69189;05-Unités urbaines de 20 000 à 100 000 hbts;3;32;2 711;13,8;De 30 à 40 000 entrées;D;RDJPPR;C;224;154;93;66,6;13;14,1;6,2;134;89,9
2148;173 017;131 110;CINECAP;10,4;47.612706;1.336917;58773;CENTRE-VAL DE LOIRE;41018;47449;41;41501;Blois;69189;05-Unités urbaines de 20 000 à 100 000 hbts;11;32;10 436;32;De 150 à 200 000 entrées;NON;;C;187;142;144;39,6;46,2;13,5;0,7;25;5,9
117;1 145;1 111;COMMUNE DE BLONVILLE SUR MER;4,3;49.318522;0.044034;58841;NORMANDIE;14079;1595;14;14402;Dives-sur-Mer;34448;05-Unités urbaines de 20 000 à 100 000 hbts;1;12;120;3,1;Moins de 2000 entrées;NON;;B;39;37;0;37,3;44,8;17,9;0;2;4,3
142;3 558;2 758;COMMUNE DE BOHAIN EN VERMANDOIS;6,3;49.983958;3.455918;59351;HAUTS DE FRANCE;2095;5758;2;2202;Bohain-en-Vermandois;5758;06-autres communes et unités urbaines;1;27;232;29;De 2 à 5 000 entrées;NON;;I;73;60;1;30,8;46;22,3;1;4;6,4
495;13 214;8 236;CAVELAN ANDRE FERNAND ERNEST;10,6;49.571514;0.475348;61082;NORMANDIE;76114;11740;76;76302;Bolbec;18459;06-autres communes et unités urbaines;2;32;1 299;60,4;De 10 à 20 000 entrées;NON;;C;54;50;28;37,7;51,6;9,7;0,9;8;4,8
338;13 904;11 268;ASSOCIATION CINEMA LE BEAULIEU;64,4;47.178021;-1.624832;65861;PAYS DE LA LOIRE;44020;19962;44;44701;Nantes;671849;04-Unités urbaines de 100 000 hbts ou plus;1;29;328;23,4;De 10 à 20 000 entrées;C;JP;B;119;94;3;64,4;21,1;12,8;1,6;62;58,3
150;4 400;3 237;CASINO DE BOURBONNE LES BAINS;13,2;47.950629;5.747761;67324;GRAND EST;52060;2078;52;52101;Bourbonne-les-Bains;2078;06-autres communes et unités urbaines;1;32;454;35,9;De 2 à 5 000 entrées;NON;;I;61;47;1;69,7;20,7;9,6;0;6;10,9
2510;202 524;134 798;SOCIETE CINEMATOGRAPHIQUE DU BERRY;16,4;47.082905;2.387262;68046;CENTRE-VAL DE LOIRE;18033;66741;18;18501;Bourges;83726;05-Unités urbaines de 20 000 à 100 000 hbts;12;32;14 288;50,2;De 200 à 300 000 entrées;NON;;C;185;161;162;38,9;46,2;13,7;1,1;42;8,1
283;21 494;0;MAISON DE LA CULTURE DE BOURGES SCENE NATIONALE;98,8;47.077563;2.399947;68061;CENTRE-VAL DE LOIRE;18033;66741;18;18501;Bourges;83726;05-Unités urbaines de 20 000 à 100 000 hbts;2;21;1 033;#DIV/0!;De 20 à 30 000 entrées;D;RDJPPR;C;138;93;29;73,9;9,7;14,1;2,4;90;99,7
244;6 409;3 168;LE TRIANON                                                      ;55,6;48.162712;-0.971524;68371;PAYS DE LA LOIRE;53039;1793;53;0;Zone rurale;14862638;04-Unités urbaines de 100 000 hbts ou plus;1;27;156;102,3;De 5 à 10 000 entrées;E;;R;104;71;1;72,3;19,6;7,4;0,7;42;39,4
224;5 159;4 183;AMICALE DES ANCIENS ELEVES ECOLE LAIQUE;49,3;47.28271;0.171969;68561;CENTRE-VAL DE LOIRE;37031;3983;37;37201;Bourgueil;6135;06-autres communes et unités urbaines;1;32;247;23,3;De 5 à 10 000 entrées;E;;C;113;97;2;45,7;37,6;11,9;4,8;56;38,4
380;1 519;1 505;ASSOCIATION DE L ABBAYE DE BOURGUEIL;31,5;47.281285;0.171088;68562;CENTRE-VAL DE LOIRE;37031;3983;37;37201;Bourgueil;6135;06-autres communes et unités urbaines;1;31;103;0,9;Moins de 2000 entrées;NON;;C;34;29;0;66,1;16,2;17,7;0;9;24,9
293;26 149;19 602;LE CINEMA LA BOBINE;42,8;48.0505921;-1.8653428000000076;71942;BRETAGNE;35037;6342;35;35130;Bréal-sous-Montfort;6342;06-autres communes et unités urbaines;2;32;675;33,4;De 20 à 30 000 entrées;E;JP;I;169;134;23;57;33;9,2;0,8;67;24,4
892;63 836;36 917;SOCIETE CINEMAS CELTIC;6,4;48.398083;-4.473843;73021;BRETAGNE;29019;142278;29;29701;Brest;206145;04-Unités urbaines de 100 000 hbts ou plus;8;32;9 253;72,9;De 50 à 80 000 entrées;NON;;C;110;95;97;31,7;52,3;14;2;6;8,5
2440;308 988;213 689;MAJESTIC BREST                                                  ;18,8;48.39126;-4.488243;73083;BRETAGNE;29019;142278;29;29701;Brest;206145;04-Unités urbaines de 100 000 hbts ou plus;15;32;13 825;44,6;De 300 à 450 000 entrées;NON;;C;226;193;167;36;49,5;13,5;1,1;74;9,9
757;75 769;70 781;LES FEUX DE LA RAMPE;87,1;48.396163;-4.477034;73099;BRETAGNE;29019;142278;29;29701;Brest;206145;04-Unités urbaines de 100 000 hbts ou plus;7;32;7 197;7;De 50 à 80 000 entrées;A;RDJPPR;C;254;187;182;63,8;18,8;12,6;4,8;165;85
190;1 468;1 398;LIGUE DE L' ENSEIGNEMENT DE BASSE-NORMANDIE;39,3;49.044986;-0.326254;73582;NORMANDIE;14100;1939;14;0;Zone rurale;14862638;04-Unités urbaines de 100 000 hbts ou plus;1;25;34;5;Moins de 2000 entrées;NON;;R;34;28;0;59,7;33,6;6,8;0;11;19,8
203;5 547;3 281;LETOURNEUR LANIEPCE MARGUERITE;24,4;49.471445;-1.631851;74471;NORMANDIE;50082;6020;50;50110;Bricquebec;6020;06-autres communes et unités urbaines;1;31;263;69,1;De 5 à 10 000 entrées;E;;I;91;74;2;52,5;32,1;15,4;0;20;10,9
991;80 673;50 890;CINEVILLE;19,1;48.028980;-1.753490;77733;BRETAGNE;35047;18972;35;35701;Rennes;344195;04-Unités urbaines de 100 000 hbts ou plus;6;32;5 316;58,5;De 80 à 100 000 entrées;NON;;B;132;111;66;42,1;45,6;12,2;0,1;51;11,7
210;2 976;2 699;CINE-OFF;53,6;46.888094;1.419282;80572;CENTRE-VAL DE LOIRE;36031;4603;36;36109;Buzançais;4603;06-autres communes et unités urbaines;1;28;166;10,3;De 2 à 5 000 entrées;E;;I;71;63;0;77,5;16;5,5;1,1;38;29,5
238;24 371;16 938;LA COMPAGNIE DES CINEMAS DE LA COTE;22,7;49.290634;-0.113862;80981;NORMANDIE;14117;3635;14;14402;Dives-sur-Mer;34448;05-Unités urbaines de 20 000 à 100 000 hbts;2;31;1 347;43,9;De 20 à 30 000 entrées;D;;C;85;74;43;70,1;21,9;7,7;0,3;31;13,1
768;2 354;3 359;AEP CINEMA LUX;42,9;49.17442;-0.333727;81414;NORMANDIE;14118;107686;14;14601;Caen;203834;04-Unités urbaines de 100 000 hbts ou plus;1;13;14;-29,9;De 2 à 5 000 entrées;NON;;C;13;7;0;37,8;35,3;12,3;14,7;3;36,6
477;82 232;68 548;AEP CINEMA LUX;88,2;49.168683;-0.337953;81451;NORMANDIE;14118;107686;14;14601;Caen;203834;04-Unités urbaines de 100 000 hbts ou plus;3;32;3 597;20;De 80 à 100 000 entrées;B;RDJPPR;C;209;130;99;76,4;10,3;11,3;1,9;102;78
1870;317 981;195 646;PATHE CAEN                                                      ;18,6;49.177395;-0.349774;81456;NORMANDIE;14118;107686;14;14601;Caen;203834;04-Unités urbaines de 100 000 hbts ou plus;10;32;10 048;62,5;De 300 à 450 000 entrées;NON;;C;161;139;111;34,2;50,4;14;1,4;54;11,3
148;5 383;3 747;ASSOCIATION LA BELLE EQUIPE                                     ;48,5;48.404288;-3.427185;82392;BRETAGNE;22025;2248;22;0;Zone rurale;14862638;04-Unités urbaines de 100 000 hbts ou plus;1;31;397;43,7;De 5 à 10 000 entrées;E;JPPR;R;207;170;1;56,4;26,7;14;2,8;98;39
200;7 438;5 242;CINES DU BOUT DU MONDE;26,7;48.27416;-4.599116;82762;BRETAGNE;29022;2559;29;29104;Camaret-sur-Mer;2559;06-autres communes et unités urbaines;1;32;324;41,9;De 5 à 10 000 entrées;E;;I;101;92;18;58,5;32;9,2;0,3;32;18,1
500;3 563;2 745;L ESPERANCE DE CAMPBON;30,1;47.41167;-1.965724;83601;PAYS DE LA LOIRE;44025;4046;44;0;Zone rurale;14862638;04-Unités urbaines de 100 000 hbts ou plus;1;32;178;29,8;De 2 à 5 000 entrées;E;;R;82;68;0;69,6;20;10,4;0;24;20,3
228;7 711;5 328;LA MOUETTE CANCALAISE;48,1;48.676977;-1.85005;84292;BRETAGNE;35049;5237;35;35203;Cancale;5237;06-autres communes et unités urbaines;1;29;243;44,7;De 5 à 10 000 entrées;E;JP;I;124;115;9;69,6;15,2;12,7;2,5;67;43,5
142;1 984;1 288;COMITE DES FETES DE CANDE;17,9;47.551609;-1.038715;84382;PAYS DE LA LOIRE;49054;2892;49;49109;Candé;2892;06-autres communes et unités urbaines;1;28;179;54;Moins de 2000 entrées;NON;;I;85;79;1;64,9;21,7;11,8;1,6;17;6,7
170;1 415;1 353;COMMUNE DE CANTELEU;26,9;49.452077;1.037664;84981;NORMANDIE;76157;14641;76;755;Rouen;477226;04-Unités urbaines de 100 000 hbts ou plus;1;28;75;4,6;Moins de 2000 entrées;NON;;B;34;25;0;61;30;5,8;3,2;6;16,1
161;4 890;4 121;ASSOCIATION ETOILE CINE;56,4;48.667568;-3.912861;85902;BRETAGNE;29023;3276;29;29124;Carantec;4630;06-autres communes et unités urbaines;1;32;187;18,7;De 2 à 5 000 entrées;E;JPPR;C;131;101;0;77,1;12,5;8,5;1,8;59;41,4
316;15 578;6 737;CHAMPALAUNE BRUNO MAURICE GERARD;14,1;49.302896;-1.247604;86313;NORMANDIE;50099;10266;50;50204;Carentan;10266;06-autres communes et unités urbaines;2;32;1 339;131,2;De 10 à 20 000 entrées;E;;C;163;131;41;53,3;36,4;9,6;0,7;58;8,3
215;17 014;11 487;ASSOCIATION CONTRECHAMP;33;48.283143;-3.572343;86353;BRETAGNE;29024;7776;29;271;Carhaix-Plouguer;9558;06-autres communes et unités urbaines;1;32;628;48,1;De 10 à 20 000 entrées;E;RDJPPR;C;176;152;37;44,6;41,3;12,1;2,1;71;16,7
422;16 733;10 320;CINEGYR CARNAC;26,9;47.572383;-3.075775;86561;BRETAGNE;56034;4376;56;56215;Carnac;8270;06-autres communes et unités urbaines;2;23;687;62,1;De 10 à 20 000 entrées;E;;C;92;88;35;69,8;18,4;11,6;0,2;35;16,1
768;1 015;2 240;ASSOCIATION DEVELOPPEMENT CULTUREL CARQUEFOU;16,7;47.279819;-1.508095;86832;PAYS DE LA LOIRE;44026;20494;44;44701;Nantes;671849;04-Unités urbaines de 100 000 hbts ou plus;1;5;14;-54,7;Moins de 2000 entrées;NON;;B;14;12;0;43,2;40,9;15,9;0;2;10,2
386;6 325;3 238;COMMUNE DE RIVES-EN-SEINE;21,5;49.525593;0.72697;89481;NORMANDIE;76164;4269;76;76105;Caudebec-en-Caux;4269;06-autres communes et unités urbaines;1;32;353;95,3;De 5 à 10 000 entrées;E;;I;116;100;8;51,4;37,7;10,5;0,5;40;17,3
293;20 903;14 716;LOISIRS CULTURE LE SEVIGNE-CESSON;54,9;48.118209;-1.610628;93201;BRETAGNE;35051;17853;35;35701;Rennes;344195;04-Unités urbaines de 100 000 hbts ou plus;1;29;353;42;De 20 à 30 000 entrées;C;;B;136;104;7;67,2;20,5;11;1,3;60;49,5
393;4 844;2 648;CINEMA FAMILIAL DE CHALINDREY;10,1;47.803369;5.431466;94711;GRAND EST;52093;2473;52;52104;Chalindrey;3576;06-autres communes et unités urbaines;1;28;112;82,9;De 2 à 5 000 entrées;NON;;C;57;47;1;48,2;41,9;9;0,9;6;9
274;7 414;5 611;COMMUNE DE CHALONNES SUR LOIRE;43,3;47.353192;-0.764716;94922;PAYS DE LA LOIRE;49063;6700;49;49203;Chalonnes-sur-Loire;6700;06-autres communes et unités urbaines;1;29;265;32,1;De 5 à 10 000 entrées;E;;I;150;124;0;60,6;22,1;15,1;2,2;68;28,6
1601;106 360;72 285;CINE CHAMPAGNE                                                  ;12,2;48.940758;4.397745;94997;GRAND EST;51108;45490;51;51501;Châlons-en-Champagne;58301;05-Unités urbaines de 20 000 à 100 000 hbts;9;32;10 667;47,1;De 100 à 150 000 entrées;NON;;C;138;124;124;36,7;49;13;1,3;21;4,5
153;20 577;12 592;LA COMETE SCENE NATIONALE DE CHALONS EN CHAMPAGNE;93;48.956167;4.363554;95006;GRAND EST;51108;45490;51;51501;Châlons-en-Champagne;58301;05-Unités urbaines de 20 000 à 100 000 hbts;1;28;625;63,4;De 20 à 30 000 entrées;D;RDJPPR;C;149;91;4;69,8;8,9;16,3;5,1;82;94
1314;142 911;87 633;CHAMBLY CINEMA;6,7;49.155627;2.248819;95562;HAUTS DE FRANCE;60139;10307;60;459;Persan - Beaumont-sur-Oise;38645;05-Unités urbaines de 20 000 à 100 000 hbts;7;32;7 088;63,1;De 100 à 150 000 entrées;NON;;C;115;102;101;24,1;60,4;13,9;1,5;10;3,5
242;350;509;CINE-OFF OFFICE DEPART DEVELOPPEM CINEMA;25;47.341938;0.723719;96950;CENTRE-VAL DE LOIRE;37050;12001;37;37701;Tours;362653;04-Unités urbaines de 100 000 hbts ou plus;1;4;4;-31,2;Moins de 2000 entrées;NON;;B;4;4;0;100;0;0;0;1;5,7
520;43 500;26 833;CINE FRERES;26,2;49.191375;2.464237;99031;HAUTS DE FRANCE;60141;11230;60;60402;Chantilly;38415;05-Unités urbaines de 20 000 à 100 000 hbts;4;32;2 615;62,1;De 40 à 50 000 entrées;D;JPPR;C;122;102;73;47,5;39;12,8;0,7;35;20,3
189;4 289;4 115;ASSOCIATION JEANNE D ARC;47,7;47.270881;-1.337067;99631;PAYS DE LA LOIRE;44029;7030;44;44120;La Chapelle-Basse-Mer;7030;06-autres communes et unités urbaines;1;32;205;4,2;De 2 à 5 000 entrées;E;;I;118;102;1;68;19,8;10,3;1,8;59;37,8
2062;155 283;109 478;NORD EST CINEMA;20,2;49.773265;4.716286;102246;GRAND EST;8105;47519;8;8501;Charleville-Mézières;59348;05-Unités urbaines de 20 000 à 100 000 hbts;10;32;9 980;41,8;De 150 à 200 000 entrées;D;;C;194;168;144;36,9;48,9;12,8;1,4;59;8,5
2025;207 490;137 441;CINEPARADIS                                                     ;26,6;48.442342;1.489294;103166;CENTRE-VAL DE LOIRE;28085;39590;28;28501;Chartres;91240;05-Unités urbaines de 20 000 à 100 000 hbts;11;32;10 417;51;De 200 à 300 000 entrées;D;JPPR;C;240;190;175;36,8;48,1;13,8;1,3;78;12,7
249;10 852;9 311;FEDERATION ESPERANCE CHARTRES DE BRETAGNE;43,3;48.040732;-1.692346;103201;BRETAGNE;35066;8154;35;35701;Rennes;344195;04-Unités urbaines de 100 000 hbts ou plus;1;25;227;16,6;De 10 à 20 000 entrées;C;;B;105;92;7;74,4;16,3;8,5;0,8;45;39,1
221;13 370;8 052;ASSOCIATION ETOILE CINEMA;28,4;48.110334;-1.405013;104032;BRETAGNE;35068;7393;35;35214;Châteaubourg;9481;06-autres communes et unités urbaines;1;32;257;66;De 10 à 20 000 entrées;E;;C;124;101;7;47,9;41,9;8,8;1,3;40;14,5
748;41 625;35 182;EMERAUDE CINEMAS;15,7;47.721188;-1.376037;104051;PAYS DE LA LOIRE;44036;12506;44;44302;Châteaubriant;12506;06-autres communes et unités urbaines;4;30;2 168;18,3;De 40 à 50 000 entrées;E;JP;I;137;111;65;48,8;39,7;10,4;1,1;44;7,1
127;7 353;6 777;CINE-OFF;57,7;47.696864;0.415325;104164;PAYS DE LA LOIRE;72071;6315;72;72204;Château-du-Loir;7570;06-autres communes et unités urbaines;1;29;273;8,5;De 5 à 10 000 entrées;E;RDJPPR;C;89;70;3;79,3;13,2;5,1;2,4;44;43,1
412;29 752;18 117;BENTABET HOCINE;8,4;48.071336;1.331864;104181;CENTRE-VAL DE LOIRE;28088;13413;28;28302;Châteaudun;17733;06-autres communes et unités urbaines;3;32;1 894;64,2;De 20 à 30 000 entrées;E;JPPR;C;115;97;76;44,3;44,8;10,4;0,5;19;4,7
182;8 350;8 593;CASTEL CINEMA;29,1;48.045827;-1.499092;104282;BRETAGNE;35069;10384;35;35217;Châteaugiron;14053;06-autres communes et unités urbaines;1;28;201;-2,8;De 5 à 10 000 entrées;E;;C;113;95;0;56,3;31,7;11,3;0,6;31;23
445;50 145;29 908;LES 3 J;16,1;47.826896;-0.705609;104301;PAYS DE LA LOIRE;53062;17576;53;53302;Château-Gontier;17576;06-autres communes et unités urbaines;3;32;1 908;67,7;De 50 à 80 000 entrées;E;JP;C;184;137;76;50,4;39,2;10;0,3;44;9,1
194;11 111;5 337;LES CINEMAS DE L ODET;31,3;48.194912;-4.094078;104391;BRETAGNE;29026;5629;29;29204;Châteaulin;6031;06-autres communes et unités urbaines;1;32;461;108,2;De 10 à 20 000 entrées;E;JPPR;C;147;130;5;46,1;39,5;14,2;0,2;48;18,3
62;6 315;4 777;VOX POPULI                                                      ;48,4;47.931476;2.928439;104801;CENTRE-VAL DE LOIRE;45083;2188;45;0;Zone rurale;14862638;04-Unités urbaines de 100 000 hbts ou plus;1;32;525;32,2;De 5 à 10 000 entrées;E;JPPR;R;122;92;1;65;24,9;8,6;1,5;52;39,8
216;11 901;8 906;ASSOCIATION CENTRE CULTUREL DE CHATEAU RENAULT;31,3;47.592055;0.915712;104851;CENTRE-VAL DE LOIRE;37063;5023;37;37203;Château-Renault;7311;06-autres communes et unités urbaines;1;28;583;33,6;De 10 à 20 000 entrées;E;JPPR;C;128;102;11;60,7;32,1;6,6;0,6;45;16,4
328;13 062;14 347;ASSOCIATION POUR LA GESTION DES ESPACES CULTURELS;99,3;46.810828;1.697689;104863;CENTRE-VAL DE LOIRE;36044;44996;36;36501;Châteauroux;62437;05-Unités urbaines de 20 000 à 100 000 hbts;1;30;923;-9;De 10 à 20 000 entrées;D;RDJPPR;C;96;62;23;70,3;6,6;16,5;6,6;61;99,8
1078;94 732;61 052;CINEMOVIDA;21,5;46.808819;1.690195;104881;CENTRE-VAL DE LOIRE;36044;44996;36;36501;Châteauroux;62437;05-Unités urbaines de 20 000 à 100 000 hbts;8;32;8 162;55,2;De 80 à 100 000 entrées;D;;C;168;138;126;41;45,8;11,8;1,4;53;8,1
576;45 017;27 534;CINEMA THEATRE JEAN DE LA FONTAINE;8,2;49.046046;3.402936;104994;HAUTS DE FRANCE;2168;15717;2;2401;Château-Thierry;23069;05-Unités urbaines de 20 000 à 100 000 hbts;4;32;2 374;63,5;De 40 à 50 000 entrées;D;JP;C;107;85;58;33,9;54,5;11;0,6;22;4,8
199;4 091;2 141;ASSOCIATION CULTURELLE DU VENDELAIS;48,7;48.22475;-1.179471;105931;BRETAGNE;35072;1717;35;0;Zone rurale;14862638;04-Unités urbaines de 100 000 hbts ou plus;1;26;221;91,1;De 2 à 5 000 entrées;E;JP;R;106;85;0;63,5;23,7;11,7;1,1;45;24,8
193;5 685;4 537;GODET DIDIER;26,7;48.7407435;2.764804799999979;106291;CENTRE-VAL DE LOIRE;36046;4158;36;36202;La Châtre;6870;06-autres communes et unités urbaines;1;30;246;25,3;De 5 à 10 000 entrées;E;;C;56;48;1;73,6;16,3;9,2;0,8;14;18
1134;90 202;58 762;LES ECRANS DE CHAUMONT;26,2;48.110117;5.13491;107043;GRAND EST;52121;23188;52;52401;Chaumont;24403;05-Unités urbaines de 20 000 à 100 000 hbts;8;32;6 737;53,5;De 80 à 100 000 entrées;D;RDJP;C;228;200;161;47,2;39,5;12,4;0,9;84;12,1
380;25 050;13 421;ECRANPIC;11;49.622785;3.220456;107251;HAUTS DE FRANCE;2173;12209;2;2303;Chauny;17974;06-autres communes et unités urbaines;3;32;2 371;86,6;De 20 à 30 000 entrées;E;JP;C;153;136;97;33,7;52,7;13;0,6;36;4,3
198;5 132;4 600;ABC49 LES AMIS DU BON CINEMA;27;47.212271;-0.72686;108932;PAYS DE LA LOIRE;49092;21583;49;49210;Chemillé;21583;05-Unités urbaines de 20 000 à 100 000 hbts;1;29;227;11,6;De 5 à 10 000 entrées;D;;I;91;78;0;62,7;28,3;8,7;0,3;29;15,2
1025;27 526;23 035;SOCIETE RENNAISE DE DIFFUSION CINEMATOGRAPHIQUE;94,4;49.638968;-1.621407;109792;NORMANDIE;50129;81521;50;50501;Cherbourg-Octeville;84421;05-Unités urbaines de 20 000 à 100 000 hbts;5;32;4 690;19,5;De 20 à 30 000 entrées;B;RDJPPR;C;275;190;181;65;15,6;13,3;6,1;167;93,6
2487;171 648;110 875;MONCHERBOURG                                                    ;11,6;49.642211;-1.613365;109836;NORMANDIE;50129;81521;50;50501;Cherbourg-Octeville;84421;05-Unités urbaines de 20 000 à 100 000 hbts;12;32;14 190;54,8;De 150 à 200 000 entrées;NON;;C;164;145;144;37,3;48,8;12,8;1,1;27;5,7
350;12 657;12 354;ASSOCIATION CINEMA LE RABELAIS;36,6;47.16663;0.240401;111621;CENTRE-VAL DE LOIRE;37072;8483;37;37205;Chinon;10294;06-autres communes et unités urbaines;1;13;288;2,5;De 10 à 20 000 entrées;E;JPPR;C;86;60;11;61,2;26,3;12;0,6;34;21,4
1460;162 419;118 531;CHOLET CINE;22,5;47.061739;-0.881773;112095;PAYS DE LA LOIRE;49099;56127;49;49501;Cholet;60412;05-Unités urbaines de 20 000 à 100 000 hbts;10;32;12 041;37;De 150 à 200 000 entrées;D;RDJPPR;C;215;181;165;42,3;43,8;12,7;1,2;76;10,6
110;11 897;8 202;COMMUNE DE CLERMONT;29,7;49.377974;2.414916;114523;HAUTS DE FRANCE;60157;10403;60;60401;Clermont;22096;05-Unités urbaines de 20 000 à 100 000 hbts;1;30;493;45;De 10 à 20 000 entrées;D;JPPR;C;122;103;1;43,4;44,7;11,2;0,8;35;18,9
432;31 452;22 470;CINEMA LE CONNETABLE;38,7;47.083295;-1.287262;115334;PAYS DE LA LOIRE;44043;7639;44;365;Clisson;20153;05-Unités urbaines de 20 000 à 100 000 hbts;2;32;809;40;De 30 à 40 000 entrées;E;JP;C;183;152;57;48;36,6;14,1;1,3;75;25,7
296;17 229;12 346;ASSOCIATION LA CHATEAUBRIAND;36,7;48.412765;-1.750635;117742;BRETAGNE;35085;6088;35;35205;Combourg;6088;06-autres communes et unités urbaines;2;32;953;39,6;De 10 à 20 000 entrées;E;RDJP;I;202;180;33;50,9;35,8;11,4;1,9;83;22,7
801;80 118;53 413;SOCIETE DES CINEMAS CELTIC;12,5;47.899073;-3.909554;118495;BRETAGNE;29039;20354;29;29404;Concarneau;27617;05-Unités urbaines de 20 000 à 100 000 hbts;5;32;4 173;50;De 80 à 100 000 entrées;D;JP;C;133;102;78;45,1;42,9;10,8;1,1;33;10,8
381;9 575;6 787;LES FEUX DE LA RAMPE;28;48.8506;-0.551002;119054;NORMANDIE;14174;6800;14;262;Condé-sur-Noireau;8233;06-autres communes et unités urbaines;1;32;400;41,1;De 5 à 10 000 entrées;E;JP;C;118;94;1;53,2;37,3;8,6;0,9;35;15,1
340;5 146;4 174;LIGUE DE L' ENSEIGNEMENT DE BASSE-NORMANDIE;41;49.06477;-1.036857;119122;NORMANDIE;50139;4193;50;50106;Condé-sur-Vire;4193;06-autres communes et unités urbaines;1;30;146;23,3;De 5 à 10 000 entrées;E;JP;I;64;45;0;74,2;24;1,8;0;19;27
338;2 429;2 036;VILLE DE CORBIE                                                 ;37,5;49.908852;2.515061;120434;HAUTS DE FRANCE;80212;6386;80;80208;Corbie;8231;06-autres communes et unités urbaines;1;15;27;19,3;De 2 à 5 000 entrées;NON;;C;21;14;0;94;0;6;0;6;33,2
100;16 096;12 410;CINE RURAL 60;12,9;49.412798;1.840232;122720;HAUTS DE FRANCE;60164;893;60;0;Zone rurale;14862638;04-Unités urbaines de 100 000 hbts ou plus;1;27;478;29,7;De 10 à 20 000 entrées;E;JPPR;R;63;42;0;50,8;38,7;10,6;0;7;7,9
240;9 171;5 432;SOCIETE NORMANDE D EXPLOITATION INDUSTRIELLE ET COMMERCIALE;24,6;49.334767;-0.457474;125513;NORMANDIE;14191;4297;14;14118;Courseulles-sur-Mer;4297;06-autres communes et unités urbaines;1;31;342;68,8;De 5 à 10 000 entrées;E;;I;113;104;1;57,3;30,2;11,8;0,7;40;16,2
272;33 190;20 382;SOCIETE DU CINEMA MAJESTIC DE COUTANCES;29,7;49.050552;-1.444356;126311;NORMANDIE;50147;9641;50;50206;Coutances;10070;06-autres communes et unités urbaines;2;32;1 410;62,8;De 30 à 40 000 entrées;E;RDJPPR;C;157;133;44;42;45,1;12,6;0,3;65;14,6
270;6 030;5 271;ESPACE PONTHIEU MARQUENTERRE;20,3;50.253278;1.884465;127571;HAUTS DE FRANCE;80222;1432;80;0;Zone rurale;14862638;04-Unités urbaines de 100 000 hbts ou plus;1;32;283;14,4;De 5 à 10 000 entrées;E;JP;R;82;71;1;44,9;42;12,7;0,4;17;7,6
749;3 742;1 446;OFFICE MUNICIPAL CULTUREL DE CREIL;77,9;49.259398;2.472183;127661;HAUTS DE FRANCE;60175;36055;60;60601;Creil;123453;04-Unités urbaines de 100 000 hbts ou plus;1;23;132;158,8;De 2 à 5 000 entrées;NON;;C;78;63;1;45,9;36,2;12;5,9;48;65,5
548;56 597;36 329;AMBIANCE COMPIEGNOISE;11,2;49.231725;2.890294;128114;HAUTS DE FRANCE;60176;15063;60;60303;Crépy-en-Valois;15063;06-autres communes et unités urbaines;4;32;3 063;55,8;De 50 à 80 000 entrées;D;JP;I;145;126;65;31,3;56;11,8;0,9;49;5,8
247;16 504;9 788;SOCIETE RENNAISE DE DIFFUSION CINEMATOGRAPHIQUE;43,8;47.292765;-2.509877;129441;PAYS DE LA LOIRE;44049;4176;44;44601;Saint-Nazaire;158390;04-Unités urbaines de 100 000 hbts ou plus;1;32;605;68,6;De 10 à 20 000 entrées;C;;B;164;137;22;70,3;19;9,3;1,5;65;43,3
177;11 648;8 738;LES FEUX DE LA RAMPE;27,6;48.242699;-4.494348;130633;BRETAGNE;29042;7635;29;29212;Crozon;7635;06-autres communes et unités urbaines;1;32;391;33,3;De 10 à 20 000 entrées;E;JP;I;114;96;34;60,2;29,9;9,6;0,3;35;17,5
151;7 096;4 196;CINE DAMGAN                                                     ;22,9;47.520393;-2.585183;133141;BRETAGNE;56052;1796;56;0;Zone rurale;14862638;04-Unités urbaines de 100 000 hbts ou plus;1;32;237;69,1;De 5 à 10 000 entrées;E;;R;106;95;7;57,9;34,6;7,2;0,3;35;13,4
189;4 564;2 010;LES CINEMAS GIENNOIS;22;47.766235;2.572005;133381;CENTRE-VAL DE LOIRE;45122;1517;45;0;Zone rurale;14862638;04-Unités urbaines de 100 000 hbts ou plus;1;28;304;127,1;De 2 à 5 000 entrées;NON;;R;119;114;22;43,7;41,6;13,7;1;37;9,5
777;54 044;32 240;EXPLOITATIONS CINEMATOGRAPHIQUE LECHANTEUR PERE ET FILS;17,2;49.356857;0.072039;136672;NORMANDIE;14220;3655;14;14402;Dives-sur-Mer;34448;05-Unités urbaines de 20 000 à 100 000 hbts;4;32;2 042;67,6;De 50 à 80 000 entrées;NON;;C;64;53;48;62,4;23,8;13,8;0;13;12,4
167;5 358;3 097;COMMUNE DE DESCARTES;23,8;46.974658;0.698463;137481;CENTRE-VAL DE LOIRE;37115;3489;37;255;Descartes;5595;06-autres communes et unités urbaines;1;32;294;73;De 5 à 10 000 entrées;E;;C;100;85;5;65,2;25,7;8,5;0,6;29;12,9
578;14 028;13 125;CENTRE ANIMATION CULTUREL JEAN RENOIR;94,9;49.923374;1.081518;138345;NORMANDIE;76217;29039;76;76404;Dieppe;36423;05-Unités urbaines de 20 000 à 100 000 hbts;1;32;584;6,9;De 10 à 20 000 entrées;D;RDJPPR;C;110;52;9;55,8;21,3;19;3,9;44;90,5
1319;111 068;71 197;CINE DIEPPE;18,1;49.921565;1.079726;138352;NORMANDIE;76217;29039;76;76404;Dieppe;36423;05-Unités urbaines de 20 000 à 100 000 hbts;8;32;6 271;56;De 100 à 150 000 entrées;NON;;C;169;152;135;43,4;43,5;12,4;0,7;46;8,2
821;95 799;77 116;EMERAUDE CINEMAS;23,3;48.461416;-2.047138;138901;BRETAGNE;22050;14867;22;22402;Dinan;29139;05-Unités urbaines de 20 000 à 100 000 hbts;5;32;3 317;24,2;De 80 à 100 000 entrées;D;JPPR;C;198;157;111;46,6;41,1;11,4;1;71;16,1
499;26 364;25 392;EMERAUDE CINEMAS;74,4;48.635211;-2.055645;138922;BRETAGNE;35093;10674;35;458;Dinard;34612;05-Unités urbaines de 20 000 à 100 000 hbts;2;30;1 155;3,8;De 20 à 30 000 entrées;D;;C;127;103;75;72,7;10,4;14,5;2,5;76;64,8
290;12 794;10 795;LIGUE DE L' ENSEIGNEMENT DE BASSE-NORMANDIE;50;49.286704;-0.099295;139232;NORMANDIE;14225;5589;14;14402;Dives-sur-Mer;34448;05-Unités urbaines de 20 000 à 100 000 hbts;1;31;542;18,5;De 10 à 20 000 entrées;D;JP;C;117;101;6;49,1;33,2;11,2;6,6;55;41,4
271;21 317;15 603;CINE DOL                                                        ;21,1;48.546939;-1.753756;139503;BRETAGNE;35095;6027;35;35131;Dol-de-Bretagne;6027;06-autres communes et unités urbaines;2;32;969;36,6;De 20 à 30 000 entrées;NON;;I;138;116;51;52;35,7;11,8;0,5;40;11,6
165;3 668;743;LIGUE DE L' ENSEIGNEMENT DE NORMANDIE;44,1;48.592827;-0.642599;140082;HAUTS DE FRANCE;60200;317;60;0;Zone rurale;14862638;04-Unités urbaines de 100 000 hbts ou plus;1;29;207;393,7;De 2 à 5 000 entrées;NON;;R;103;79;0;70,9;16,7;11,8;0,6;36;35,1
274;1 489;1 549;ASSOCIATION CINE DONGES;14,6;47.319099;-2.074953;141031;PAYS DE LA LOIRE;44052;8130;44;44601;Saint-Nazaire;158390;04-Unités urbaines de 100 000 hbts ou plus;1;16;90;-3,9;Moins de 2000 entrées;NON;;B;51;51;1;47,4;45,8;6,9;0;8;6,6
256;20 628;16 065;STUDIO 43;73;48.091511;-4.330601;141711;BRETAGNE;29046;14383;29;29307;Douarnenez;14383;06-autres communes et unités urbaines;1;32;752;28,4;De 20 à 30 000 entrées;E;RDJPPR;I;162;123;7;66;19,2;9,7;5,1;89;76,3
364;1 013;75;LES TOILES DE MER;26;48.088483;-4.329101;141712;BRETAGNE;29046;14383;29;29307;Douarnenez;14383;06-autres communes et unités urbaines;2;2;51;1 250,70;Moins de 2000 entrées;NON;;I;6;6;2;39,2;59,3;1,5;0;2;13,2
98;6 760;4 883;RD DIFFUSION;15,1;50.159213;2.335821;142082;HAUTS DE FRANCE;80253;6238;80;80204;Doullens;6653;06-autres communes et unités urbaines;1;31;335;38,4;De 5 à 10 000 entrées;E;;C;90;82;0;49,6;40,6;8,5;1,4;15;6,1
260;16 455;12 815;ASSOCIATION FOYER RURAL DE DOUVRES;40;49.295699;-0.380152;142371;NORMANDIE;14228;5203;14;14302;Douvres-la-Délivrande - Luc-sur-Mer;15085;06-autres communes et unités urbaines;1;32;601;28,4;De 10 à 20 000 entrées;E;JP;C;135;110;13;65,6;21,6;11,9;0,8;53;26,4
200;5 102;5 644;LIGUE DE L' ENSEIGNEMENT DE BASSE-NORMANDIE;44,3;49.3091816;-0.9051690000000008;142522;NORMANDIE;14711;929;14;0;Zone rurale;14862638;04-Unités urbaines de 100 000 hbts ou plus;1;29;157;-9,6;De 5 à 10 000 entrées;E;JP;R;69;47;0;68,1;24,3;7,2;0,4;22;31,9
1544;149 620;100 581;SOCIETE NOUVELLE DES CINEMAS DE DREUX;25;48.731866;1.361178;142995;CENTRE-VAL DE LOIRE;28134;31194;28;28401;Dreux;49530;05-Unités urbaines de 20 000 à 100 000 hbts;9;32;9 334;48,8;De 100 à 150 000 entrées;D;PR;C;240;185;164;32,5;53;13,3;1,2;74;8,2
957;58 024;37 998;SOCIETE NOUVELLE DES CINEMAS D'ELBEUF;19,3;49.287936;1.008591;146393;NORMANDIE;76231;16329;76;755;Rouen;477226;04-Unités urbaines de 100 000 hbts ou plus;5;32;3 950;52,7;De 50 à 80 000 entrées;C;JP;B;212;167;86;35,9;53,3;9,3;1,4;80;8,8
1070;77 679;49 771;CINEMA PALACE;22;49.04567;3.958674;147971;GRAND EST;51230;22810;51;51401;Épernay;30138;05-Unités urbaines de 20 000 à 100 000 hbts;7;32;4 784;56,1;De 50 à 80 000 entrées;D;JPPR;C;168;139;115;39,6;45,2;14,6;0,5;48;8,9
544;9 568;7 182;COMMUNE D'EPERNON;18,8;48.605997;1.675422;148024;CENTRE-VAL DE LOIRE;28140;5659;28;355;Épernon;12528;06-autres communes et unités urbaines;1;28;154;33,2;De 5 à 10 000 entrées;NON;;C;70;55;0;63,2;28,5;8,3;0;11;11,4
280;14 833;10 179;ASSOCIATION DU CINEMA LE PALACE;42;49.6480683;-1.6539331999999831;148811;NORMANDIE;50129;81521;50;50501;Cherbourg-Octeville;84421;05-Unités urbaines de 20 000 à 100 000 hbts;1;30;743;45,7;De 10 à 20 000 entrées;D;JP;C;169;132;4;57,7;26,2;14,3;1,9;70;27,2
254;6 454;2 443;COMMUNE D ERNEE;31,3;48.298541;-0.935976;149362;PAYS DE LA LOIRE;53096;5808;53;53202;Ernée;5808;06-autres communes et unités urbaines;1;32;354;164,2;De 5 à 10 000 entrées;E;;I;160;127;0;66,5;23,2;8,9;1,4;59;13,9
245;9 689;6 037;ASSOCIATION CATHOLIQUE DES CHEFS DE FAMILLE D ERQUY;45,4;48.63121;-2.463964;149552;BRETAGNE;22054;4008;22;22114;Erquy;4008;06-autres communes et unités urbaines;1;32;258;60,5;De 5 à 10 000 entrées;E;JPPR;I;144;114;6;68,7;18;7,9;5,4;62;40,2
142;3 331;2 757;BOUCHERON JEAN LEON;61,7;48.626357;-2.833902;152732;BRETAGNE;22055;7223;22;22302;Binic;13348;06-autres communes et unités urbaines;1;32;152;20,8;De 2 à 5 000 entrées;E;;C;121;106;0;55;22,7;19,3;3,1;66;56,1
212;11 400;8 288;QUAI DES DUNES;44,5;47.654375;-3.202141;153083;BRETAGNE;56055;2196;56;56217;Belz;9836;06-autres communes et unités urbaines;1;32;383;37,5;De 10 à 20 000 entrées;E;RDJPPR;C;224;176;4;51,2;29,6;15,2;4;107;35,2
2395;212 683;152 244;PATHE EVREUX;25;49.028048;1.145355;154393;NORMANDIE;27229;47936;27;27501;Évreux;59519;05-Unités urbaines de 20 000 à 100 000 hbts;10;32;9 883;39,7;De 200 à 300 000 entrées;D;RDPR;C;241;194;164;39,3;46,8;12,7;1,1;90;14,1
447;23 525;13 709;AMNESIA CORP;25,1;48.155173;-0.401505;154444;PAYS DE LA LOIRE;53097;8833;53;53203;Évron;8833;06-autres communes et unités urbaines;3;32;2 017;71,6;De 20 à 30 000 entrées;E;RDJPPR;I;210;155;22;52,2;34,9;12,2;0,8;66;11,7
198;16 353;10 929;ENTRACT ANIMATION;39,3;48.895422;-0.199598;155414;NORMANDIE;14258;8351;14;14205;Falaise;8351;06-autres communes et unités urbaines;1;32;557;49,6;De 10 à 20 000 entrées;E;JPPR;I;138;105;9;57,1;32,1;9,7;1,1;50;20,5
192;4 719;3 731;CINEMA ELLE;33,5;48.033874;-3.488682;155711;BRETAGNE;56057;2848;56;56109;Le Faouët;2848;06-autres communes et unités urbaines;1;30;238;26,5;De 2 à 5 000 entrées;E;JP;I;120;102;2;58,5;29,5;11,1;0,9;44;21,1
21;6 689;5 508;NORD OUEST EXPLOITATION CINEMAS;10,5;49.65116;0.591603;156393;NORMANDIE;76258;4278;76;76102;Fauville-en-Caux;4278;06-autres communes et unités urbaines;1;31;225;21,4;De 5 à 10 000 entrées;E;;I;71;57;0;65,7;28,9;5,4;0;14;5,3
710;65 655;41 606;CARPENTIER MARIE-THERESE;17,7;49.757837;0.37728;157231;NORMANDIE;76259;18540;76;76403;Fécamp;20291;05-Unités urbaines de 20 000 à 100 000 hbts;4;32;3 280;57,8;De 50 à 80 000 entrées;D;JP;C;198;154;74;46;43,4;9,6;1;73;12,6
232;21 563;14 749;ASSOCIATION LOISIRS ET CULTURE;24,4;48.187045;0.653774;158701;PAYS DE LA LOIRE;72132;9189;72;72301;La Ferté-Bernard;11976;06-autres communes et unités urbaines;2;32;1 239;46,2;De 20 à 30 000 entrées;E;RDJP;C;152;134;62;54,4;35,4;9,3;0,9;60;12,1
182;9 966;7 214;ASSOCIATION OFFICE FERTOIS CULTURE ET LOISIRS;35;48.5905665;-0.3580058000000008;158783;NORMANDIE;61168;5609;61;61202;La Ferté-Macé;5609;06-autres communes et unités urbaines;1;32;579;38,1;De 5 à 10 000 entrées;E;RDJPPR;I;178;129;10;55,7;28,5;13,5;2,4;58;23,4
119;2 582;1 724;LA FERTE MILON ANIMATIONS CULTURE ET LOISIRS;24,1;49.174952;3.127739;158801;HAUTS DE FRANCE;2307;2236;2;2107;La Ferté-Milon;2236;06-autres communes et unités urbaines;1;28;253;49,8;De 2 à 5 000 entrées;NON;;I;89;74;1;49,8;31,9;17,6;0,7;20;15
187;3 999;3 270;VARIETES CINEMA;29,1;47.718454;1.941702;158812;CENTRE-VAL DE LOIRE;45146;7598;45;45205;La Ferté-Saint-Aubin;7598;06-autres communes et unités urbaines;1;30;147;22,3;De 2 à 5 000 entrées;NON;;I;90;80;1;55,4;28,1;16;0,6;29;19
426;42 536;15 693;COMMUNE DE LA FLECHE;16,9;47.699791;-0.080579;160742;PAYS DE LA LOIRE;72154;15949;72;72303;La Flèche;15949;06-autres communes et unités urbaines;3;28;1 669;171,1;De 40 à 50 000 entrées;E;JP;I;161;128;54;50;36,7;11,6;1,8;38;12,3
849;42 764;26 669;CINEMAS LES 4 VIKINGS;11,5;48.749639;-0.563195;160923;NORMANDIE;61169;15141;61;61401;Flers;22386;05-Unités urbaines de 20 000 à 100 000 hbts;4;32;1 804;60,4;De 40 à 50 000 entrées;D;JP;C;124;103;70;46,4;43,3;9,5;0,8;24;5
699;581;1 431;ASSOCIATION FORGES LES EAUX DEVELOPPEMENT;100;49.615296;1.54519;165383;NORMANDIE;76276;4011;76;76201;Forges-les-Eaux;5016;06-autres communes et unités urbaines;1;5;8;-59,4;Moins de 2000 entrées;NON;;C;8;3;0;100;0;0;0;3;100
267;7 637;4 375;OFFICE MUNICIPAL DU CINEMA DE FORT MAHON PLAGE;16,4;50.339949;1.569107;165801;HAUTS DE FRANCE;80333;1313;80;0;Zone rurale;14862638;04-Unités urbaines de 100 000 hbts ou plus;1;33;704;74,6;De 5 à 10 000 entrées;NON;;R;105;97;17;53,4;34,6;11,7;0,2;26;7,4
1042;95 284;61 636;ASSOCIATION D'EDUCATION POPULAIRE ET CULTURELLE DU PAYS FOUGERES;17,1;48.348029;-1.19278;166434;BRETAGNE;35115;21186;35;35401;Fougères;28064;05-Unités urbaines de 20 000 à 100 000 hbts;6;32;4 834;54,6;De 80 à 100 000 entrées;D;JPPR;C;176;136;104;46,5;42;10,6;0,8;47;8,5
350;3 257;1 741;COMMUNE DE GACE;23,9;48.794527;0.298902;171881;NORMANDIE;61181;1897;61;61101;Gacé;2070;06-autres communes et unités urbaines;1;32;170;87,1;De 2 à 5 000 entrées;NON;;C;107;94;0;65,1;24,3;10,3;0,3;26;30,4
505;23 956;14 834;LES ECRANS GAILLONNAIS;3,2;49.15552;1.344766;172213;NORMANDIE;27275;6990;27;27302;Gaillon;17632;06-autres communes et unités urbaines;3;32;1 829;61,5;De 20 à 30 000 entrées;NON;;C;62;53;46;27,1;60,8;12,1;0;3;2,7
188;9 041;6 259;LES CINEMAS GIENNOIS;22,2;47.733433;2.650054;177112;CENTRE-VAL DE LOIRE;45155;14144;45;45303;Gien;15333;06-autres communes et unités urbaines;1;28;506;44,4;De 5 à 10 000 entrées;E;;C;129;121;22;47,7;36,5;14,5;1,3;41;10,5
207;5 544;6 458;COMMUNE DE GISORS;37,2;49.279682;1.774186;178231;NORMANDIE;27284;11842;27;359;Gisors;14119;06-autres communes et unités urbaines;1;28;488;-14,2;De 5 à 10 000 entrées;E;JP;C;91;83;1;61,5;20;18,5;0;34;25
465;10 637;9 386;COMMUNE DE GIVET;10,6;50.135351;4.82068;178423;GRAND EST;8190;6761;8;8206;Givet;8568;06-autres communes et unités urbaines;2;29;764;13,3;De 10 à 20 000 entrées;E;;C;100;95;20;26,1;54,2;19,3;0,4;21;5,1
337;3 925;1 617;COMMUNE DE GONFREVILLE L' ORCHER;27,5;49.504857;0.228509;179902;NORMANDIE;76305;9220;76;76701;Le Havre;237880;04-Unités urbaines de 100 000 hbts ou plus;1;20;133;142,7;De 2 à 5 000 entrées;NON;;B;47;27;0;32,7;48,4;18,8;0;7;7,2
272;6 989;2 790;COMMUNE DE GORRON;20,8;48.413307;-0.814298;180261;PAYS DE LA LOIRE;53107;2604;53;53105;Gorron;2604;06-autres communes et unités urbaines;1;32;273;150,5;De 5 à 10 000 entrées;E;JP;I;117;87;1;57,1;27;14,7;1,2;29;11,8
227;9 060;6 722;AEP OEUVRE DE JEANNE D'ARC;29,6;48.141023;-3.606192;181351;BRETAGNE;56066;3944;56;56115;Gourin;3944;06-autres communes et unités urbaines;1;32;731;34,8;De 5 à 10 000 entrées;E;RDJPPR;I;173;142;7;50,5;36,8;11,8;0,8;64;12,7
319;24 498;14 580;ASSOCIATION LES ECRANS;28,5;49.482406;1.723715;181422;NORMANDIE;76312;6148;76;76205;Gournay-en-Bray;7841;06-autres communes et unités urbaines;2;30;1 135;68;De 20 à 30 000 entrées;E;RDJP;C;152;129;33;50,7;38,9;9,6;0,8;67;11,8
3828;330 809;233 378;GAUMONT;11;49.413966;1.041562;183301;NORMANDIE;76322;26019;76;755;Rouen;477226;04-Unités urbaines de 100 000 hbts ou plus;16;32;16 092;41,7;De 300 à 450 000 entrées;NON;;B;193;161;135;32,4;52,3;14,4;0,9;48;6,8
514;58 938;34 074;LE SELECT;31,2;48.837706;-1.594566;183951;NORMANDIE;50218;13243;50;50402;Granville;26868;05-Unités urbaines de 20 000 à 100 000 hbts;3;32;2 645;73;De 50 à 80 000 entrées;D;JP;C;195;143;80;50,8;37,9;9,9;1,5;73;19,8
236;5 963;4 977;BERGER BOTERF HELENE;73,9;47.641631;-3.45272;186232;BRETAGNE;56069;2303;56;0;Zone rurale;14862638;04-Unités urbaines de 100 000 hbts ou plus;1;31;166;19,8;De 5 à 10 000 entrées;E;;R;122;95;0;68,8;12;11,5;7,7;73;71,5
165;3 295;2 730;ASSOCIATION L' ETENDARD;23,1;47.630162;-1.8325;187191;PAYS DE LA LOIRE;44067;5288;44;44122;Guémené-Penfao;5288;06-autres communes et unités urbaines;1;32;151;20,7;De 2 à 5 000 entrées;E;;I;88;69;0;60,1;23,8;16,1;0;19;19,9
201;6 606;4 605;ASSOCIATION ROCH;49,5;48.064952;-3.208011;187201;BRETAGNE;56073;1074;56;0;Zone rurale;14862638;04-Unités urbaines de 100 000 hbts ou plus;1;32;388;43,5;De 5 à 10 000 entrées;E;RDJPPR;R;212;169;1;53;29,3;14,8;2,9;94;34,8
184;7 113;5 004;CINEGUER;33,3;47.907692;-2.118355;187365;BRETAGNE;56075;6434;56;56211;Guer;6979;06-autres communes et unités urbaines;1;30;384;42,1;De 5 à 10 000 entrées;E;;C;137;118;0;49,8;36,4;13,4;0,4;53;14,4
270;4 311;3 821;ASSOCIATION LES JONGLEURS;45,9;47.941328;-1.226507;187441;BRETAGNE;35125;4380;35;35204;La Guerche-de-Bretagne;5513;06-autres communes et unités urbaines;1;29;176;12,8;De 2 à 5 000 entrées;E;;C;129;110;1;63,6;29,7;5,4;1,3;59;18,3
284;14 299;10 084;CINEMA LE BRETAGNE;41,6;47.990181;-1.796621;188041;BRETAGNE;35126;8847;35;35213;Guichen;8847;06-autres communes et unités urbaines;2;31;500;41,8;De 10 à 20 000 entrées;E;RDJP;I;152;129;7;55,2;29,9;13,5;1,4;63;29,8
438;51 335;37 166;LES BALADINS;30,5;48.559935;-3.148205;188591;BRETAGNE;22070;7561;22;22401;Guingamp;23098;05-Unités urbaines de 20 000 à 100 000 hbts;2;32;2 943;38,1;De 50 à 80 000 entrées;D;JPPR;C;361;282;186;44,9;44,2;9,6;1,3;154;14,2
185;7 014;6 674;CINEMA ALLIANCE;32,6;47.8255858;-1.8447579999999562;188681;BRETAGNE;35176;7179;35;35207;Guipry;7179;06-autres communes et unités urbaines;1;32;296;5,1;De 5 à 10 000 entrées;E;;B;145;119;0;58,7;30;9,5;1,8;48;14,1
160;2 435;2 153;COMMUNE DE GUISE;10,6;49.898867;3.627448;188762;HAUTS DE FRANCE;2361;4813;2;2201;Guise;4813;06-autres communes et unités urbaines;1;32;308;13,1;De 2 à 5 000 entrées;NON;;I;76;68;2;45,5;44,2;9,7;0,6;9;5,7
198;4 870;2 863;CINEM'HAM;18,8;49.747151;3.074474;190281;HAUTS DE FRANCE;80410;4694;80;80207;Ham;7373;06-autres communes et unités urbaines;1;32;161;70,1;De 2 à 5 000 entrées;E;;C;95;85;4;49,2;33,8;17;0;20;9,6
282;22 779;16 142;ASSOCIATION DU CINEMA DE LA PLAGE;45;48.977726;-1.557167;192961;NORMANDIE;50231;713;50;0;Zone rurale;14862638;04-Unités urbaines de 100 000 hbts ou plus;2;32;1 102;41,1;De 20 à 30 000 entrées;E;RDJPPR;R;191;154;36;58,5;30,7;9,4;1,4;84;28
492;63 802;58 548;SOCIETE CINEMATOGRAPHIQUE HAVRAISE;76,3;49.501072;0.145711;193111;NORMANDIE;76351;171587;76;76701;Le Havre;237880;04-Unités urbaines de 100 000 hbts ou plus;5;32;4 581;9;De 50 à 80 000 entrées;A;RDJP;C;141;116;93;66,6;19,6;11;2,8;90;74
86;9 244;7 560;LES FILMS SEINE OCEAN;44,4;49.492799;0.120219;193185;NORMANDIE;76351;171587;76;76701;Le Havre;237880;04-Unités urbaines de 100 000 hbts ou plus;1;27;1 041;22,3;De 5 à 10 000 entrées;A;JPPR;C;65;3;0;0;52,7;16,9;30,3;1;30,3
2412;220 714;149 769;GAUMONT LE HAVRE                                                ;12,1;49.48976;0.131344;193373;NORMANDIE;76351;171587;76;76701;Le Havre;237880;04-Unités urbaines de 100 000 hbts ou plus;12;32;11 213;47,4;De 200 à 300 000 entrées;NON;;C;192;163;135;30,8;53,9;13,8;1,5;51;6,3
250;9 212;5 817;CHAMPALAUNE BRUNO MAURICE GERARD;41,3;49.288956;-1.544392;193591;NORMANDIE;50236;4107;50;50102;La Haye-du-Puits;4107;06-autres communes et unités urbaines;1;32;487;58,4;De 5 à 10 000 entrées;E;;C;166;142;6;62;27,2;10,1;0,7;70;21,5
621;34 775;23 090;CINEMA LE GEN'ERIC;37,6;47.414702;-1.655686;195211;PAYS DE LA LOIRE;44073;6280;44;44121;Héric;6280;06-autres communes et unités urbaines;3;32;1 661;50,6;De 30 à 40 000 entrées;E;JPPR;I;236;196;58;47,6;40,1;11,5;0,8;106;19,9
1009;58 983;46 808;ASSOCIATION DU CAFE DES IMAGES;86,2;49.202885;-0.332513;195741;NORMANDIE;14327;22909;14;14601;Caen;203834;04-Unités urbaines de 100 000 hbts ou plus;4;32;3 575;26;De 50 à 80 000 entrées;C;RDJPPR;B;218;140;103;46,8;25,9;19,9;7,4;115;78,6
436;33 530;21 315;ASSOCIATION LE SONHIR 3;12,3;49.920188;4.084108;196901;HAUTS DE FRANCE;2381;8989;2;2302;Hirson;9874;06-autres communes et unités urbaines;3;32;1 864;57,3;De 30 à 40 000 entrées;NON;;C;143;124;76;35,9;52,1;11,5;0,5;40;4,4
199;9 947;6 617;EXPLOITATIONS CINEMATOGRAPHIQUE LECHANTEUR PERE ET FILS;15,8;49.419105;0.234146;197622;NORMANDIE;14333;7352;14;363;Honfleur;16965;06-autres communes et unités urbaines;1;32;504;50,3;De 5 à 10 000 entrées;NON;;C;103;88;14;52,9;34,2;12,9;0;24;9,5
262;12 045;8 754;SARL REGENT CINEMA;31;49.304867;-0.074371;198581;NORMANDIE;14338;1830;14;14402;Dives-sur-Mer;34448;05-Unités urbaines de 20 000 à 100 000 hbts;1;32;561;37,6;De 10 à 20 000 entrées;D;JP;B;154;124;15;63,7;24,6;10,6;1,1;67;33,9
97;3 391;3 326;ASSOCIATION ARTHUS CINE;62,6;48.363571;-3.746066;199121;BRETAGNE;29081;1436;29;0;Zone rurale;14862638;04-Unités urbaines de 100 000 hbts ou plus;1;32;311;2;De 2 à 5 000 entrées;E;JPPR;R;139;117;0;48,7;34,9;10,9;5,5;74;48,9
179;2 017;1 214;CINE-OFF;53,1;47.125566;0.414813;200262;CENTRE-VAL DE LOIRE;37119;1579;37;0;Zone rurale;14862638;04-Unités urbaines de 100 000 hbts ou plus;1;27;82;66,1;De 2 à 5 000 entrées;NON;;R;50;41;0;72,9;21,3;5,1;0,6;24;19,3
122;3 360;2 769;CINEMA SAINT CHARLES                                            ;54,5;47.403746;-0.921463;201041;PAYS DE LA LOIRE;49160;2702;49;156;Ingrandes;2702;06-autres communes et unités urbaines;1;32;166;21,3;De 2 à 5 000 entrées;E;;C;98;77;1;59,5;21,5;17,5;1,5;50;36
180;11 488;7 891;ASSOCIATION TRICOLORES DE LOCHRIST CINEMA;38,8;47.827604;-3.253047;201253;BRETAGNE;56090;6660;56;56205;Inzinzac-Lochrist;6660;06-autres communes et unités urbaines;1;29;372;45,6;De 10 à 20 000 entrées;E;JPPR;I;119;93;8;63,1;23,7;12,9;0,3;44;30,1
308;3 715;2 086;COMMUNE DE ISIGNY-SUR-MER;16,9;49.320073;-1.104154;201482;NORMANDIE;14342;3662;14;14109;Isigny-sur-Mer;3662;06-autres communes et unités urbaines;1;32;255;78,1;De 2 à 5 000 entrées;NON;;I;83;73;0;54,2;30;12,3;3,5;17;16,3
469;19 902;12 479;ETABLISSEMENT PUBLIC DE COOPERATION CULTURELLE D'ISSOUDUN       ;21,3;46.949327;1.995229;202162;CENTRE-VAL DE LOIRE;36088;11982;36;36301;Issoudun;11982;06-autres communes et unités urbaines;3;32;1 513;59,5;De 10 à 20 000 entrées;E;JPPR;I;124;105;53;47,4;40,8;11,7;0,2;41;11,1
274;10 288;8 020;AEP STELLA CINEMA;32,2;47.959564;-1.491109;203311;BRETAGNE;35136;8485;35;35215;Janzé;8485;06-autres communes et unités urbaines;1;32;286;28,3;De 10 à 20 000 entrées;E;;I;129;116;4;59;30,2;10;0,9;45;17,4
244;1 879;967;FAMILLES RURALES FEDERATION REGIONALE DES PAYS DE LA LOIRE;38,2;47.5524248;-0.23296830000003865;203672;PAYS DE LA LOIRE;49163;2774;49;0;Zone rurale;14862638;04-Unités urbaines de 100 000 hbts ou plus;1;24;77;94,3;Moins de 2000 entrées;NON;;R;58;44;1;44,7;48,9;6,3;0;17;22,9
2466;222 119;136 963;MAJESTIC COMPIEGNE;22;49.402871;2.774688;203910;HAUTS DE FRANCE;60325;2422;60;60502;Compiègne;72917;05-Unités urbaines de 20 000 à 100 000 hbts;14;32;13 909;62,2;De 200 à 300 000 entrées;D;PR;B;315;239;210;36;48,9;14,1;1;110;10,5
118;12 671;10 686;CINEODE;14,4;47.983463;3.395496;204507;BOURGOGNE / FRANCHE-COMTE;89206;9816;89;89301;Joigny;9816;06-autres communes et unités urbaines;1;32;637;18,6;De 10 à 20 000 entrées;E;JP;I;122;104;28;42,6;42,6;13,5;1,3;38;10,8
321;6 356;4 080;ASSOC CINEMA LE BEAUMANOIR;50,5;47.953858;-2.545992;205001;BRETAGNE;56091;2592;56;56106;Josselin;2592;06-autres communes et unités urbaines;1;28;280;55,8;De 5 à 10 000 entrées;E;;I;119;104;3;62;19,6;16,8;1,5;58;32,3
670;396;363;CINE-OFF OFFICE DEPART DEVELOPPEM CINEMA;25;47.351751;0.6454439999999977;205213;CENTRE-VAL DE LOIRE;37122;38661;37;37701;Tours;362653;04-Unités urbaines de 100 000 hbts ou plus;1;4;4;9,1;Moins de 2000 entrées;NON;;B;4;4;0;100;0;0;0;1;15,2
210;8 234;5 806;ASSOCIATION PENTHIEVRE OMNISPORTS;30,9;48.46778;-2.510319;213462;BRETAGNE;22093;17216;22;22301;Lamballe;17216;06-autres communes et unités urbaines;1;31;219;41,8;De 5 à 10 000 entrées;NON;;I;80;62;1;72,9;17,4;9,7;0;15;23,1
168;6 579;4 514;CINEXPANSION  DU VAL DE LOIRE SARL;19,2;47.60131;2.026127;213933;CENTRE-VAL DE LOIRE;41106;4749;41;41110;Lamotte-Beuvron;4749;06-autres communes et unités urbaines;1;32;299;45,7;De 5 à 10 000 entrées;NON;;I;80;65;13;63,5;28,2;8,3;0;17;11,2
470;20 407;14 431;LE ROHAN;18;48.452604;-4.252927;214541;BRETAGNE;29103;16527;29;29308;Landerneau;18579;06-autres communes et unités urbaines;2;29;816;41,4;De 20 à 30 000 entrées;E;JP;C;101;83;38;46;45,2;8,7;0,1;33;9
394;17 909;12 164;LE ROHAN;18,2;48.510619;-4.069393;214841;BRETAGNE;29105;9462;29;29301;Landivisiau;11558;06-autres communes et unités urbaines;2;26;753;47,2;De 10 à 20 000 entrées;E;;C;92;82;36;42,7;47,5;9,8;0;32;5,6
2173;226 996;136 997;IMAGE 56;10,5;47.775894;-3.35298;215183;BRETAGNE;56098;23498;56;56601;Lorient;118018;04-Unités urbaines de 100 000 hbts ou plus;12;32;14 297;65,7;De 200 à 300 000 entrées;NON;;B;168;147;144;33,4;51,6;13,5;1,5;26;5,8
189;6 156;6 224;CINE-OFF;53,6;47.326633;0.408328;215502;CENTRE-VAL DE LOIRE;37123;4626;37;37108;Langeais;4626;06-autres communes et unités urbaines;1;29;230;-1,1;De 5 à 10 000 entrées;E;JPPR;I;87;70;1;76;16,1;7;0,9;42;41,3
344;25 771;16 966;CRINON SERGE RAYMOND;15,4;47.861736;5.332835;215723;GRAND EST;52269;8104;52;52202;Langres;9696;06-autres communes et unités urbaines;2;31;1 684;51,9;De 20 à 30 000 entrées;E;RDJPPR;C;136;111;58;42;44,8;12,3;0,9;41;8,4
828;94 994;66 130;LES BALADINS;21;48.72808;-3.460577;216171;BRETAGNE;22113;20975;22;22403;Lannion;51209;05-Unités urbaines de 20 000 à 100 000 hbts;5;32;3 952;43,6;De 80 à 100 000 entrées;D;;C;156;134;97;44,6;44,2;10,7;0,5;46;13,5
790;52 654;32 910;CINELAON;10,5;49.569175;3.623996;216843;HAUTS DE FRANCE;2408;25377;2;2403;Laon;28904;05-Unités urbaines de 20 000 à 100 000 hbts;5;32;4 414;60;De 50 à 80 000 entrées;D;JP;C;140;107;84;36,5;49,6;12,9;1;25;4,7
1844;188 908;119 383;SOCIETE RENNAISE DE DIFFUSION CINEMATOGRAPHIQUE;17,4;48.072111;-0.771727;220074;PAYS DE LA LOIRE;53130;52206;53;53501;Laval;70554;05-Unités urbaines de 20 000 à 100 000 hbts;9;32;9 260;58,2;De 150 à 200 000 entrées;D;RDJP;C;240;152;118;44;43;12,2;0,9;58;11
263;796;0;AEP LA LEGEENNE;10;46.88534;-1.59841;221971;PAYS DE LA LOIRE;44081;4642;44;44114;Legé;4642;06-autres communes et unités urbaines;1;2;10;#DIV/0!;Moins de 2000 entrées;E;;I;6;6;0;70,1;29,9;0;0;1;2
340;13 171;11 109;ASSOCIATION CULTURELLE DE LA COTE DES LEGENDES;40,6;48.572208;-4.327487;223593;BRETAGNE;29124;7535;29;29303;Lesneven;13406;06-autres communes et unités urbaines;1;32;294;18,6;De 10 à 20 000 entrées;E;JPPR;C;149;118;2;57,1;32,4;9,5;1,1;54;28,3
300;12 708;9 053;ASSOCIATION CULTURELLE CINEMA SAINT MICHEL;31,9;48.213038;-1.504786;226211;BRETAGNE;35152;7902;35;35210;Liffré;7902;06-autres communes et unités urbaines;1;27;191;40,4;De 10 à 20 000 entrées;E;;I;76;66;3;55,3;28,6;15,9;0,3;24;21,8
377;1 918;3 252;ASSOCIATION CULTURELLE DE LILLEBONNE;17,6;49.518115;0.53231;227982;NORMANDIE;76384;8991;76;76402;Lillebonne;22350;05-Unités urbaines de 20 000 à 100 000 hbts;1;14;57;-41;Moins de 2000 entrées;NON;;C;35;32;0;47,9;39,4;12,8;0;6;10,9
111;2 215;1 718;SOCIETE NORMANDE D EXPLOITATION INDUSTRIELLE ET COMMERCIALE;44,7;49.301809;-0.316265;229082;NORMANDIE;14365;2538;14;14201;Hermanville-sur-Mer;5685;06-autres communes et unités urbaines;1;32;114;28,9;De 2 à 5 000 entrées;E;;B;97;75;0;65,6;21;11,4;2;37;37
536;31 034;18 324;SOCIETE NORMANDE D EXPLOITATION INDUSTRIELLE ET COMMERCIALE;4,8;49.143794;0.227798;229261;NORMANDIE;14366;20823;14;14401;Lisieux;28875;05-Unités urbaines de 20 000 à 100 000 hbts;3;32;1 294;69,4;De 30 à 40 000 entrées;NON;;C;58;54;43;41,4;43,1;13,7;1,8;5;2
536;15 568;11 150;SOCIETE NORMANDE D EXPLOITATION INDUSTRIELLE ET COMMERCIALE;27,5;49.145632;0.228315;229262;NORMANDIE;14366;20823;14;14401;Lisieux;28875;05-Unités urbaines de 20 000 à 100 000 hbts;2;32;933;39,6;De 10 à 20 000 entrées;D;RDJP;C;85;67;29;42,7;53,6;3;0,7;37;16,6
503;13 353;10 963;NAGOT MARC;23;47.129518;0.993278;230152;CENTRE-VAL DE LOIRE;37132;6778;37;37301;Loches;10815;06-autres communes et unités urbaines;2;30;484;21,8;De 10 à 20 000 entrées;E;;C;80;71;29;78,8;15;6,2;0;24;15,5
228;15 943;10 397;ASSOCIATION CINEMA LE CLUB;14,6;47.88976;-2.835941;230301;BRETAGNE;56117;4674;56;56214;Locminé;8533;06-autres communes et unités urbaines;1;30;550;53,3;De 10 à 20 000 entrées;E;JP;C;116;89;12;49,5;35,1;14,8;0,6;26;6,7
2160;159 679;119 942;SOCIETE RENNAISE DE DIFFUSION CINEMATOGRAPHIQUE;38,5;47.751879;-3.366695;233001;BRETAGNE;56121;58543;56;56601;Lorient;118018;04-Unités urbaines de 100 000 hbts ou plus;11;32;10 658;33,1;De 150 à 200 000 entrées;NON;;C;237;189;180;53,1;34,1;11,7;1;98;33,1
198;6 323;3 221;ASSOCIATION CINE LOROUX;47,8;47.236043;-1.348969;233181;PAYS DE LA LOIRE;44084;8461;44;44303;Saint-Julien-de-Concelles;15686;06-autres communes et unités urbaines;1;28;243;96,3;De 5 à 10 000 entrées;E;;C;122;88;0;73,4;18,5;7,1;1;48;36,8
409;20 959;13 411;BESSAC RAYMOND ANDRE;41,9;48.172681;-2.751236;233722;BRETAGNE;22136;9985;22;22205;Loudéac;9985;06-autres communes et unités urbaines;2;31;1 405;56,3;De 20 à 30 000 entrées;E;RDJPPR;I;216;166;48;49;35,1;15,3;0,7;95;21,3
561;40 728;29 096;NORD OUEST EXPLOITATION CINEMAS;7,5;49.216151;1.170764;234801;NORMANDIE;27375;18748;27;27402;Louviers;45038;05-Unités urbaines de 20 000 à 100 000 hbts;4;32;2 877;40;De 40 à 50 000 entrées;NON;;C;96;86;65;30,3;58,1;11,5;0,1;19;4,5
340;2 112;544;SOCIETE NORMANDE D EXPLOITATION INDUSTRIELLE ET COMMERCIALE;3,3;49.310786;-0.361997;235831;NORMANDIE;14384;3280;14;14302;Douvres-la-Délivrande - Luc-sur-Mer;15085;06-autres communes et unités urbaines;1;15;107;288,2;De 2 à 5 000 entrées;NON;;C;34;30;1;53,5;43,3;3,2;0;3;3,1
425;1 984;1 915;COMMUNE DE LE LUDE;48,5;47.643316;0.156442;235942;PAYS DE LA LOIRE;72176;4238;72;72115;Le Lude;4238;06-autres communes et unités urbaines;1;30;119;3,6;Moins de 2000 entrées;E;;I;81;58;3;51;10,4;33,8;4,8;25;29,3
327;17 070;13 340;CINEMA SAINT HONORE;26,7;46.993184;-1.823515;239121;PAYS DE LA LOIRE;44087;7788;44;44202;Machecoul;7788;06-autres communes et unités urbaines;2;32;682;28;De 10 à 20 000 entrées;E;JPPR;I;143;116;12;61,2;26,1;12,1;0,6;45;14,8
234;4 587;4 584;ASSOCIATION ARMORIC CINEMA;41,9;47.808963;-2.386134;242852;BRETAGNE;56124;2538;56;56112;Malestroit;3675;06-autres communes et unités urbaines;1;29;196;0,1;De 2 à 5 000 entrées;E;;C;107;93;0;58,4;32;9,5;0,1;43;18,9
271;23 125;17 063;ASSOCIATION CINEMAMERS;27,4;48.347714;0.363927;243552;PAYS DE LA LOIRE;72180;5405;72;72202;Mamers;5914;06-autres communes et unités urbaines;2;32;1 508;35,5;De 20 à 30 000 entrées;E;RDJPPR;C;209;170;66;59,3;29,9;9,1;1,7;80;19,6
99;90;0;CENTRE JACQUES PREVERT;0;48.007214;0.195479;244455;PAYS DE LA LOIRE;72181;146090;72;72701;Le Mans;214723;04-Unités urbaines de 100 000 hbts ou plus;1;2;3;#DIV/0!;Moins de 2000 entrées;NON;;C;3;0;0;0;0;0;0;0;0
1126;23 932;8 557;LES CINEMAS DU MANS;9;48.002865;0.194124;244481;PAYS DE LA LOIRE;72181;146090;72;72701;Le Mans;214723;04-Unités urbaines de 100 000 hbts ou plus;7;32;6 188;179,7;De 20 à 30 000 entrées;NON;;C;101;87;89;41,8;45,7;9,3;3,2;17;7,2
94;5 131;5 755;CINEAMBUL 72;65,6;47.968733;0.203923;244491;PAYS DE LA LOIRE;72181;146090;72;72701;Le Mans;214723;04-Unités urbaines de 100 000 hbts ou plus;1;29;301;-10,8;De 5 à 10 000 entrées;NON;;C;78;56;2;84,4;7,2;5,3;3,1;39;59,3
383;53 545;49 816;CENTRE JACQUES PREVERT;96,9;48.004856;0.20079;244492;PAYS DE LA LOIRE;72181;146090;72;72701;Le Mans;214723;04-Unités urbaines de 100 000 hbts ou plus;4;32;4 089;7,5;De 50 à 80 000 entrées;A;RDJPPR;C;239;147;131;64,8;13,8;13,5;7,8;137;97,7
1811;236 932;165 949;PATHE LE MANS                                                   ;19,1;48.007113;0.199047;244496;PAYS DE LA LOIRE;72181;146090;72;72701;Le Mans;214723;04-Unités urbaines de 100 000 hbts ou plus;11;32;11 196;42,8;De 200 à 300 000 entrées;NON;;C;195;165;140;43,2;42,8;13,2;0,9;59;14,7
245;1 686;1 815;COMMUNE DE MAROMME;7,1;49.479355;1.042864;248763;NORMANDIE;76410;10868;76;755;Rouen;477226;04-Unités urbaines de 100 000 hbts ou plus;1;16;34;-7,1;Moins de 2000 entrées;NON;;B;19;15;0;84,1;8,9;7,1;0;1;2,5
173;3 525;2 248;L'AURORE;30;47.891029;-1.991909;252991;BRETAGNE;35168;4046;35;0;Zone rurale;14862638;04-Unités urbaines de 100 000 hbts ou plus;1;32;147;56,8;De 2 à 5 000 entrées;E;;R;91;78;1;62,4;26,8;10,9;0;24;11,9
374;47 506;30 656;SOCIETE BOURZEIX;29,5;48.302362;-0.620404;253763;PAYS DE LA LOIRE;53147;13557;53;53301;Mayenne;15741;06-autres communes et unités urbaines;3;33;2 725;55;De 40 à 50 000 entrées;E;RDJPPR;C;254;163;92;51,5;36,8;10,7;1,1;76;15,9
142;2 973;2 509;PATRONAGE ST MICHEL LE STUDIO;14,7;48.19242;-2.416156;257772;BRETAGNE;22147;3151;22;22103;Merdrignac;3151;06-autres communes et unités urbaines;1;18;130;18,5;De 2 à 5 000 entrées;E;;I;55;50;0;46,8;43,4;9,8;0;8;11,2
161;24 372;19 006;RD DIFFUSION;16;50.066803;1.384364;258652;HAUTS DE FRANCE;80533;2795;80;453;Eu;19912;06-autres communes et unités urbaines;1;32;885;28,2;De 20 à 30 000 entrées;NON;;B;110;101;52;52,1;37,7;10,1;0,2;36;8,1
237;11 894;8 200;ASSOCIATION MERU CINEMA;19,7;49.234352;2.134691;258732;HAUTS DE FRANCE;60395;14794;60;60302;Méru;14794;06-autres communes et unités urbaines;2;31;1 514;45;De 10 à 20 000 entrées;E;RDJPPR;I;138;119;44;30,3;55,8;13,2;0,7;32;6,6
143;2 956;1 873;ASSOCIATION CINE MEUNG                                          ;32,3;47.826282;1.696401;261032;CENTRE-VAL DE LOIRE;45203;6622;45;45209;Meung-sur-Loire;9705;06-autres communes et unités urbaines;1;17;62;57,8;De 2 à 5 000 entrées;NON;;C;35;27;0;52,3;20,7;27;0;10;17,2
2475;271 844;168 321;MONNEZIERES                                                     ;12,1;48.202673;-1.730539;261730;BRETAGNE;35177;5052;35;35127;La Mézière;5052;06-autres communes et unités urbaines;12;32;14 339;61,5;De 200 à 300 000 entrées;NON;;I;171;147;146;36,6;47,2;14,7;1,5;25;7,8
231;14 123;0;CINE-MIGENNES;29,3;47.962079;3.50782;262263;BOURGOGNE / FRANCHE-COMTE;89257;7361;89;89302;Migennes;12279;06-autres communes et unités urbaines;2;32;1 113;#DIV/0!;De 10 à 20 000 entrées;NON;;C;143;122;21;46,9;40,5;11,9;0,7;52;13,4
172;24 704;19 164;LES GARS DE SAINT PHILIBERT;50,3;47.808314;-3.635534;264151;BRETAGNE;29150;6898;29;29206;Moëlan-sur-Mer;6898;06-autres communes et unités urbaines;1;32;666;28,9;De 20 à 30 000 entrées;E;RDJPPR;I;181;147;23;59,6;26,3;11,8;2,3;77;40,7
2452;247 394;189 712;UGC CINE CITE MONDEVILLE;12,6;49.166065;-0.30018;266361;NORMANDIE;14437;10151;14;14601;Caen;203834;04-Unités urbaines de 100 000 hbts ou plus;12;32;11 706;30,4;De 200 à 300 000 entrées;NON;;B;163;115;115;39,2;48;12,3;0,4;23;6,3
300;6 587;6 896;CINE-OFF;35,4;47.499906;0.752013;267061;CENTRE-VAL DE LOIRE;37153;4524;37;37106;Monnaie;4524;06-autres communes et unités urbaines;1;23;131;-4,5;De 5 à 10 000 entrées;E;JPPR;I;35;21;0;75,9;12,3;11,7;0;5;21,1
205;7 959;6 264;CINEMA LE MONTAGNARD;38,9;47.18723;-1.679304;267832;PAYS DE LA LOIRE;44101;6405;44;44701;Nantes;671849;04-Unités urbaines de 100 000 hbts ou plus;1;26;288;27,1;De 5 à 10 000 entrées;C;;B;130;104;0;55,9;32,6;9,5;2;50;28,3
1499;128 308;92 060;SOCIETE GATINAISE DE SPECTACLES                                 ;20,1;48.001962;2.729169;268583;CENTRE-VAL DE LOIRE;45208;15325;45;45501;Montargis;58612;05-Unités urbaines de 20 000 à 100 000 hbts;9;32;7 813;39,4;De 100 à 150 000 entrées;D;;C;247;205;158;35,6;48,6;14,2;1,5;90;9,2
3450;236 603;164 635;PATHE MONTATAIRE                                                ;15,8;49.261576;2.452904;268733;HAUTS DE FRANCE;60414;13624;60;60601;Creil;123453;04-Unités urbaines de 100 000 hbts ou plus;14;32;12 851;43,7;De 200 à 300 000 entrées;NON;;B;205;180;155;29,6;54,8;14,2;1,4;64;7,1
150;4 707;3 818;AEP MONTALBANAISE;28;48.200293;-2.049655;268841;BRETAGNE;35184;6189;35;35129;Montauban-de-Bretagne;6189;06-autres communes et unités urbaines;1;28;176;23,3;De 2 à 5 000 entrées;E;;I;94;78;1;57,9;33,3;8,8;0;23;21,3
182;9 889;6 365;ASSOCIATION LES AMIS DE L ESPACE PIERRE MERY;26,9;47.286138;0.703952;269222;CENTRE-VAL DE LOIRE;37154;4517;37;37701;Tours;362653;04-Unités urbaines de 100 000 hbts ou plus;1;28;370;55,4;De 5 à 10 000 entrées;C;JP;B;99;82;9;67,8;17,5;14,2;0,4;30;21,9
178;13 481;7 657;COMMUNE DE MONTDIDIER;9,6;49.647736;2.570756;270633;HAUTS DE FRANCE;80561;6284;80;80202;Montdidier;6477;06-autres communes et unités urbaines;1;32;447;76,1;De 10 à 20 000 entrées;NON;;C;83;71;6;38,1;50,8;9,9;1,1;12;2,7
264;14 143;11 006;LA CANE MONTFORTAISE;33,2;48.134411;-1.950548;272101;BRETAGNE;35188;6863;35;35208;Montfort-sur-Meu;6863;06-autres communes et unités urbaines;1;32;320;28,5;De 10 à 20 000 entrées;E;JP;I;136;119;8;66,5;26,1;7,4;0;49;20,8
861;104 757;63 527;NORD OUEST EXPLOITATION CINEMAS;4,1;49.534592;0.181289;273565;NORMANDIE;76447;15802;76;76701;Le Havre;237880;04-Unités urbaines de 100 000 hbts ou plus;4;32;3 626;64,9;De 100 à 150 000 entrées;NON;;B;139;99;55;24;64,6;10,6;0,8;33;1,9
155;9 749;6 840;ASS FETES LOISIRS ET ANIMATION DE MONTJEAN SUR LOIRE;9,7;47.38864;-0.8621689999999944;273631;PAYS DE LA LOIRE;49244;18489;49;49208;La Pommeraye;18489;06-autres communes et unités urbaines;1;32;364;42,5;De 5 à 10 000 entrées;NON;;C;75;69;13;53,1;36,1;10,8;0;10;3,6
288;9 239;4 384;AMNESIA CORP;13,7;48.873643;3.534231;274603;GRAND EST;51380;3633;51;51111;Montmirail;3633;06-autres communes et unités urbaines;2;32;828;110,7;De 5 à 10 000 entrées;E;;I;112;98;26;46,3;41,9;11,5;0,3;25;5,9
195;12 300;10 122;ASSOCIATION CINEMA CANTONAL DE MONTRICHARD;42,1;47.343448;1.182804;276351;CENTRE-VAL DE LOIRE;41151;3814;41;41204;Montrichard;6875;06-autres communes et unités urbaines;1;30;459;21,5;De 10 à 20 000 entrées;E;JPPR;C;170;138;5;66,2;20,9;10,9;2,1;71;21,4
278;11 619;9 753;COMMUNE DE MONT SAINT AIGNAN;83;49.462477;1.070892;276712;NORMANDIE;76451;19635;76;755;Rouen;477226;04-Unités urbaines de 100 000 hbts ou plus;1;28;507;19,1;De 10 à 20 000 entrées;C;JPPR;B;89;55;1;77,7;4,6;14,3;3,5;46;78,5
290;3 702;1 915;ASSOCIATION CINEMA LE MAJESTIC;13;48.136733;-0.555009;277201;PAYS DE LA LOIRE;53161;3242;53;53101;Montsûrs;3242;06-autres communes et unités urbaines;1;25;150;93,3;De 2 à 5 000 entrées;NON;;I;71;57;1;64,3;26,7;9;0;11;6,3
300;811;1 640;FEDERATION DEPARTEMENTALE DES MJC DE LA SOMME;51,9;49.780148;2.47974;277893;HAUTS DE FRANCE;80570;3996;80;80117;Moreuil;4512;06-autres communes et unités urbaines;1;17;46;-50,5;Moins de 2000 entrées;E;;C;27;18;0;91,1;8,9;0;0;10;53
697;38 596;23 595;CINEMAS RIALTO;8,1;48.575673;-3.827938;278231;BRETAGNE;29151;15204;29;29403;Morlaix;26414;05-Unités urbaines de 20 000 à 100 000 hbts;3;32;2 155;63,6;De 30 à 40 000 entrées;NON;;C;63;59;52;35,4;54,7;9;1;5;5,5
289;21 181;0;LA SALAMANDRE;97,2;48.583319;-3.834328;278243;BRETAGNE;29151;15204;29;29403;Morlaix;26414;05-Unités urbaines de 20 000 à 100 000 hbts;3;26;1 596;#DIV/0!;De 20 à 30 000 entrées;NON;;C;142;107;43;67,2;11,4;13,8;7,6;99;97,1
146;17 690;12 740;AEP ETOILE CINEMA MORTAGNE AU PERCHE;38,3;48.520588;0.545946;278721;NORMANDIE;61293;4097;61;61201;Mortagne-au-Perche;5018;06-autres communes et unités urbaines;1;30;601;38,9;De 10 à 20 000 entrées;E;RDJPPR;C;124;103;12;52,6;36;10,2;1,3;49;28,6
200;8 539;10 947;CINE LIGUE CHAMPAGNE ARDENNE;49,7;49.582217;5.079352;282092;GRAND EST;8311;2306;8;8102;Mouzon;2306;06-autres communes et unités urbaines;1;32;284;-22;De 5 à 10 000 entrées;E;JP;I;46;31;0;57,2;6,3;36,4;0;17;47,7
252;2 753;0;CINEAMBUL 72;43,5;47.913307;0.246735;282731;PAYS DE LA LOIRE;72213;5295;72;72117;Mulsanne;5295;06-autres communes et unités urbaines;1;14;133;#DIV/0!;De 2 à 5 000 entrées;E;;I;40;35;2;83,4;4,9;11;0,6;15;20,3
186;5 984;4 505;ASSOCIATION GROUPE JEANNE D'ARC;26,7;47.555803;-2.484734;283551;BRETAGNE;56143;5165;56;56116;Muzillac;5165;06-autres communes et unités urbaines;1;32;212;32,8;De 5 à 10 000 entrées;E;;I;102;92;2;54,3;35,6;10,1;0;26;14,6
1875;283 128;109 024;GAUMONT;34,6;47.213357;-1.558244;284613;PAYS DE LA LOIRE;44109;319284;44;44701;Nantes;671849;04-Unités urbaines de 100 000 hbts ou plus;12;32;10 909;159,7;De 200 à 300 000 entrées;NON;;C;162;144;140;43,4;42;13,1;1,4;66;25,1
881;133 924;124 755;SOCIETE K;97,9;47.213603;-1.562528;284631;PAYS DE LA LOIRE;44109;319284;44;44701;Nantes;671849;04-Unités urbaines de 100 000 hbts ou plus;6;32;5 441;7,3;De 100 à 150 000 entrées;A;RDJPPR;C;210;128;119;56,4;20,9;15,3;7,4;119;96,5
287;52 399;50 780;CLOCHARD GERARD JACQUES;79,2;47.21118;-1.586751;284662;PAYS DE LA LOIRE;44109;319284;44;44701;Nantes;671849;04-Unités urbaines de 100 000 hbts ou plus;4;29;3 370;3,2;De 50 à 80 000 entrées;A;RDJP;C;215;176;65;72;14,2;10,1;3,8;134;75,2
341;11 425;9 177;ASSOCIATION SPORTIVE ET CULTURELLE BONNE GARDE;76,8;47.195308;-1.538372;284694;PAYS DE LA LOIRE;44109;319284;44;44701;Nantes;671849;04-Unités urbaines de 100 000 hbts ou plus;1;28;382;24,5;De 10 à 20 000 entrées;A;RDJPPR;C;181;128;1;66,4;16,6;11,8;5,2;95;77,3
162;21 969;26 031;LE CINEMATOGRAPHE CINE-NANTES LOIRE-ATLANTIQUE                  ;51;47.216901;-1.551545;284747;PAYS DE LA LOIRE;44109;319284;44;44701;Nantes;671849;04-Unités urbaines de 100 000 hbts ou plus;1;32;781;-15,6;De 20 à 30 000 entrées;A;RDJPPR;C;211;15;5;46,5;15,8;26,9;10,8;10;62,8
405;19 408;15 258;VILLE DE NEUBOURG                                               ;13,3;49.148993;0.902155;287391;NORMANDIE;27428;4419;27;27201;Le Neubourg;5604;06-autres communes et unités urbaines;1;32;709;27,2;De 10 à 20 000 entrées;E;JP;C;76;66;32;58,6;31,5;9,9;0;19;4,9
227;11 160;8 063;ASSOCIATION CINE POUR TOUS;20,6;49.730796;1.442643;287472;NORMANDIE;76462;4920;76;76203;Neufchâtel-en-Bray;5375;06-autres communes et unités urbaines;1;32;321;38,4;De 10 à 20 000 entrées;E;;C;100;85;2;63,3;29,8;7;0;26;14,1
100;12 030;12 666;AGENCE POUR DEVELOPPEMENT ACTIVITES TOURISTIQUES ET CULTURELLES;31,9;47.940501;2.182716;288291;CENTRE-VAL DE LOIRE;45142;3822;45;45202;Fay-aux-Loges;6722;06-autres communes et unités urbaines;1;27;617;-5;De 10 à 20 000 entrées;E;JPPR;C;58;38;1;63;25,1;11,9;0;15;22,7
481;31 383;21 954;IMAGE A L APPUI;24;48.322377;0.818153;291822;CENTRE-VAL DE LOIRE;28280;10061;28;28301;Nogent-le-Rotrou;12311;06-autres communes et unités urbaines;3;32;1 851;42,9;De 30 à 40 000 entrées;E;RDJPPR;C;143;119;48;55,1;33,1;10,3;1,4;52;11
228;13 717;7 976;OFFICE DE GESTION D'EQUIPEMENTS CULTURELS DE NOGENT-SUR-SEINE;21,2;48.489946;3.505014;291964;GRAND EST;10268;6105;10;10202;Nogent-sur-Seine;6105;06-autres communes et unités urbaines;2;32;1 009;72;De 10 à 20 000 entrées;E;JP;I;155;135;40;37,9;47,9;12,9;1,2;56;10,6
230;8 841;6 635;ASSOCIATION CINEMA PARADISO;26,6;47.441735;-1.502661;293121;PAYS DE LA LOIRE;44110;9116;44;44209;Nort-sur-Erdre;9116;06-autres communes et unités urbaines;1;32;245;33,2;De 5 à 10 000 entrées;E;JP;I;125;103;1;56,2;30,7;13;0;30;17,4
657;19 427;10 827;ASSOCIATION GRAVENCHONNAISE POUR L ANIMATION CULTURELLE;15;49.491272;0.575902;293392;NORMANDIE;76476;10340;76;76402;Lillebonne;22350;05-Unités urbaines de 20 000 à 100 000 hbts;3;32;1 446;79,4;De 10 à 20 000 entrées;NON;;C;113;95;37;35,8;52,3;11,3;0,6;33;4,4
500;772;633;CINE-OFF;40;47.448213;0.694335;293630;CENTRE-VAL DE LOIRE;37172;4246;37;37701;Tours;362653;04-Unités urbaines de 100 000 hbts ou plus;1;7;9;22;Moins de 2000 entrées;NON;;B;9;5;0;100;0;0;0;2;14,4
200;2 255;2 056;UNION POUR LA CULTURE POPULAIRE SOLOGNE;0;47.535458;2.042446;293801;CENTRE-VAL DE LOIRE;41161;2370;41;41104;Nouan-le-Fuzelier;2370;06-autres communes et unités urbaines;1;10;62;9,7;De 2 à 5 000 entrées;NON;;I;3;2;0;100;0;0;0;0;0
643;61 302;39 288;NOUVEAU CINEMA LE PARADISIO;14,7;49.579959;3.008971;294861;HAUTS DE FRANCE;60471;13496;60;60304;Noyon;15528;06-autres communes et unités urbaines;4;32;3 820;56;De 50 à 80 000 entrées;E;RDJP;C;157;139;109;37,1;49,6;12,6;0,7;40;4,5
202;10 189;9 307;CINEMA LE NOZEK;39,2;47.565293;-1.628355;294891;PAYS DE LA LOIRE;44113;4261;44;44110;Nozay;4261;06-autres communes et unités urbaines;1;32;324;9,5;De 10 à 20 000 entrées;E;JP;I;151;131;3;55;31,4;13,2;0,4;60;26,8
198;6 168;4 940;COMMUNE D'OISSEL;42,9;49.339471;1.08919;296615;NORMANDIE;76484;12157;76;755;Rouen;477226;04-Unités urbaines de 100 000 hbts ou plus;1;24;186;24,9;De 5 à 10 000 entrées;C;;B;106;81;1;36,3;53,4;9,6;0,7;39;11,9
517;79 339;71 758;EDEN CARMES;94,8;47.901533;1.900955;298831;CENTRE-VAL DE LOIRE;45234;118597;45;45701;Orléans;288678;04-Unités urbaines de 100 000 hbts ou plus;4;32;5 667;10,6;De 50 à 80 000 entrées;A;RDJPPR;C;297;194;175;71,6;8,9;11,3;8,2;181;93,2
2309;257 003;184 953;MARTROI;25,8;47.89856839999999;1.9088173000000097;298834;CENTRE-VAL DE LOIRE;45234;118597;45;45701;Orléans;288678;04-Unités urbaines de 100 000 hbts ou plus;12;32;10 874;39;De 200 à 300 000 entrées;NON;;C;164;144;137;40,4;44,3;14;1,3;53;16,5
900;392;0;LES CARMELITES;0;47.904567;1.914337;298847;CENTRE-VAL DE LOIRE;45234;118597;45;45701;Orléans;288678;04-Unités urbaines de 100 000 hbts ou plus;1;2;14;#DIV/0!;Moins de 2000 entrées;NON;;C;9;0;0;0;0;0;0;0;0
186;2 708;2 581;LA JEANNE D'ARC;19,3;49.130553;2.511848;299511;HAUTS DE FRANCE;60482;3425;60;60204;Orry-la-Ville;6655;06-autres communes et unités urbaines;1;25;84;4,9;De 2 à 5 000 entrées;NON;;C;34;27;0;63,2;25,5;11,2;0;6;15,8
352;23 997;17 956;ASSOCIATION CINEMA LE CABIEU;34,9;49.276964;-0.256313;300801;NORMANDIE;14488;9367;14;14206;Ouistreham;9367;06-autres communes et unités urbaines;1;32;707;33,6;De 20 à 30 000 entrées;E;JPPR;I;142;115;16;61,9;25,9;11,5;0,7;49;24,3
196;15 975;11 133;ASSOCIATION LA PAIMPOLAISE;41,1;48.780228;-3.05216;302312;BRETAGNE;22162;7513;22;22303;Paimpol;18273;06-autres communes et unités urbaines;1;32;335;43,5;De 10 à 20 000 entrées;E;;C;142;124;1;64,9;23,6;10,1;1,5;60;34,1
234;17 574;10 313;GARLABAN SARL;39,5;47.347212;-3.157897;302453;BRETAGNE;56152;2606;56;56105;Le Palais;2606;06-autres communes et unités urbaines;1;32;542;70,4;De 10 à 20 000 entrées;E;RDJPPR;I;145;109;26;61,8;26,6;9,3;2,2;55;34,1
235;19 123;17 727;COMMUNE DE PENMARCH;67,7;47.799654;-4.356964;306414;BRETAGNE;29158;5245;29;29401;Penmarch;23075;05-Unités urbaines de 20 000 à 100 000 hbts;1;32;629;7,9;De 10 à 20 000 entrées;D;RDJPPR;C;223;167;17;59,3;22,8;12,7;5,2;116;63,1
210;12 132;4 097;COMMUNE DE PERONNE;8,5;49.930788;2.936858;307361;HAUTS DE FRANCE;80620;7802;80;80209;Péronne;9653;06-autres communes et unités urbaines;2;32;777;196,1;De 10 à 20 000 entrées;NON;;C;102;94;15;37,4;54,3;8,1;0,1;17;3,6
437;20 812;13 496;LES BALADINS;51,1;48.814855;-3.457451;307943;BRETAGNE;22168;7261;22;22403;Lannion;51209;05-Unités urbaines de 20 000 à 100 000 hbts;2;32;1 489;54,2;De 20 à 30 000 entrées;D;RDJP;B;122;107;49;70,4;15,9;13,1;0,6;53;46,4
154;7 315;5 146;ASSOCIATION DU CINEMA DE LA PLAGE;17,8;49.166275;-1.5704;312221;NORMANDIE;50403;1469;50;0;Zone rurale;14862638;04-Unités urbaines de 100 000 hbts ou plus;1;32;439;42,1;De 5 à 10 000 entrées;E;JP;R;98;87;16;56,4;37,6;5,9;0,1;29;7
187;16 639;14 912;SARL 2H;20,4;48.173277;2.253059;312443;CENTRE-VAL DE LOIRE;45252;9078;45;45301;Pithiviers;11990;06-autres communes et unités urbaines;1;32;712;11,6;De 10 à 20 000 entrées;E;JPPR;C;144;113;27;39,3;43,3;15,8;1,6;55;10,3
192;6 986;5 522;CINEMA L HERMINE;50,7;47.998597;-2.096562;313842;BRETAGNE;35223;4073;35;35116;Plélan-le-Grand;4073;06-autres communes et unités urbaines;1;32;275;26,5;De 5 à 10 000 entrées;E;JP;I;197;172;0;61,3;27,5;7,6;3,7;94;37,6
600;7 669;5 051;SOCIETE D EXPLOITATION DU CASINO DE LA ROTONDE;22,8;48.590655;-2.553431;313912;BRETAGNE;22186;4207;22;22115;Pléneuf-Val-André;4207;06-autres communes et unités urbaines;1;32;308;51,8;De 5 à 10 000 entrées;E;JP;I;126;113;9;59,1;28,3;12;0,6;40;17,2
266;18 009;12 335;ASSOCIATION CULTURELLE CINEMATOGRAPHIQUE;41,3;48.655594;-3.630501;314471;BRETAGNE;22194;3703;22;251;Plestin-les-Grèves;5256;06-autres communes et unités urbaines;2;32;874;46;De 10 à 20 000 entrées;E;JPPR;C;177;155;44;67,8;22,7;8,7;0,8;81;32,2
196;6 542;5 817;ASSOCIATION SAINT GUILLAUME;35,9;48.578076;-2.061657;314601;BRETAGNE;35228;7032;35;458;Dinard;34612;05-Unités urbaines de 20 000 à 100 000 hbts;1;32;237;12,5;De 5 à 10 000 entrées;D;;C;114;100;9;71,4;15,5;11;2;42;29,9
794;65 617;45 758;CINELAC;18,8;47.936453;-2.401708;314823;BRETAGNE;56165;10351;56;56216;Ploërmel;10351;06-autres communes et unités urbaines;5;29;4 392;43,4;De 50 à 80 000 entrées;E;RDJP;I;167;149;80;44,6;44,3;10,4;0,6;58;7,6
225;6 853;4 816;ASSOCIATION CINEMA LE DAUPHIN                                   ;32,7;48.657353;-4.170827;315251;BRETAGNE;29185;3564;29;29118;Plouescat;3564;06-autres communes et unités urbaines;1;32;252;42,3;De 5 à 10 000 entrées;E;;I;113;99;2;60,6;29,9;9,1;0,4;38;22,6
237;15 938;12 090;ASSOCIATION IMAGES                                              ;38,7;48.373269;-4.370987;315312;BRETAGNE;29189;13697;29;29701;Brest;206145;04-Unités urbaines de 100 000 hbts ou plus;2;32;1 000;31,8;De 10 à 20 000 entrées;C;JP;B;153;132;47;56,9;31,7;10,5;1;64;25,3
129;8 354;7 142;ASSOCIATION LES ALLUMES DE LA GRANDE TOILE;52,1;48.340552;-4.723462;315332;BRETAGNE;29190;4283;29;29113;Plougonvelin;4283;06-autres communes et unités urbaines;1;32;368;17;De 5 à 10 000 entrées;E;JPPR;I;136;110;1;64,6;24,3;9,6;1,6;61;37,3
177;2 400;1 808;CINEMA JEANNE D'ARC;28,7;48.28043;-2.706503;315411;BRETAGNE;22219;2528;22;0;Zone rurale;14862638;04-Unités urbaines de 100 000 hbts ou plus;1;29;152;32,7;De 2 à 5 000 entrées;E;;R;78;70;4;71;17,4;11,6;0;22;20,6
220;8 474;8 415;ESPACE TRIANON;14,2;49.776307;1.980512;317442;HAUTS DE FRANCE;80630;2425;80;80106;Poix-de-Picardie;2425;06-autres communes et unités urbaines;1;32;279;0,7;De 5 à 10 000 entrées;E;PR;I;106;93;0;49,4;41,2;9,4;0;18;7,4
134;6 917;4 845;ASSOCIATION CINEMA SAINT MARTIN;32,9;47.359284;-0.860039;317911;PAYS DE LA LOIRE;49244;18489;49;49208;La Pommeraye;18489;06-autres communes et unités urbaines;1;32;315;42,8;De 5 à 10 000 entrées;D;;C;148;129;4;66,3;21;11,7;1;64;18,4
633;79 477;0;NORD OUEST EXPLOITATION CINEMAS;25,9;49.350607;0.515407;318786;NORMANDIE;27467;10390;27;27303;Pont-Audemer;22500;05-Unités urbaines de 20 000 à 100 000 hbts;6;32;5 043;#DIV/0!;De 50 à 80 000 entrées;NON;;C;253;197;112;42,4;46,1;10,9;0,6;100;10,6
129;7 930;4 114;ASSOCIATION DU CINEMA DE PONTCHATEAU;33;47.435409;-2.088906;319022;PAYS DE LA LOIRE;44129;11021;44;44214;Pontchâteau;11021;06-autres communes et unités urbaines;1;32;401;92,8;De 5 à 10 000 entrées;E;;I;169;140;2;59,5;28,5;9,7;2,3;61;22,1
806;63 229;38 835;CINEGYR PONTIVY;24,4;48.068322;-2.948573;320311;BRETAGNE;56178;15819;56;56303;Pontivy;17965;06-autres communes et unités urbaines;5;32;3 670;62,8;De 50 à 80 000 entrées;E;JPPR;C;184;157;108;44,9;43,5;11,1;0,5;64;10,3
610;57 398;40 647;CINEVILLE;8,8;47.863407;-4.229693;320333;BRETAGNE;29220;8706;29;29306;Pont-l'Abbé;15100;06-autres communes et unités urbaines;4;32;3 546;41,2;De 50 à 80 000 entrées;D;;C;111;88;68;45,6;42,4;11,4;0,5;21;6,7
169;11 421;6 753;ASSOCIATION DU CINEMA LE CONCORDE;42,2;49.285635;0.185399;320411;NORMANDIE;14514;4704;14;14120;Pont-l'Évêque;5164;06-autres communes et unités urbaines;1;32;632;69,1;De 10 à 20 000 entrées;E;;C;119;105;3;65,3;23,6;10,3;0,8;47;28,4
322;12 485;8 331;ASSOCIATION CINEMATOGRAPHIQUE LE PALACE;12,9;49.302107;2.60337;320771;HAUTS DE FRANCE;60509;12724;60;60305;Pont-Sainte-Maxence;17235;06-autres communes et unités urbaines;2;32;1 176;49,9;De 10 à 20 000 entrées;E;JP;C;137;124;52;42,5;46,4;10,8;0,2;39;10
1189;163 648;118 689;CINEVILLE;8,3;47.434019;-0.500603;320873;PAYS DE LA LOIRE;49246;13354;49;49701;Angers;236073;04-Unités urbaines de 100 000 hbts ou plus;6;32;5 746;37,9;De 150 à 200 000 entrées;NON;;B;98;80;66;42,5;46;11,1;0,3;15;5,8
100;1 581;785;FAMILLES RURALES FEDERATION REGIONALE DES PAYS DE LA LOIRE;4,2;47.750682;0.192681;320971;PAYS DE LA LOIRE;72243;1687;72;0;Zone rurale;14862638;04-Unités urbaines de 100 000 hbts ou plus;1;14;36;101,4;Moins de 2000 entrées;NON;;R;13;9;0;72,6;26,1;1,2;0;1;1,2
479;52 816;24 953;AMICALE DU PERSONNEL DU CINEMA SAINT GILLES                     ;33,2;47.119337;-2.101111;321132;PAYS DE LA LOIRE;44131;16002;44;44304;Pornic;20785;05-Unités urbaines de 20 000 à 100 000 hbts;3;32;2 089;111,7;De 50 à 80 000 entrées;E;JP;C;192;161;55;50,8;38;10,4;0,7;85;16,5
185;8 064;5 792;UNION FRATERNELLE DE SAINTE MARIE SUR MER;49,2;47.114365;-2.127161;321135;PAYS DE LA LOIRE;44131;16002;44;44304;Pornic;20785;05-Unités urbaines de 20 000 à 100 000 hbts;1;32;524;39,2;De 5 à 10 000 entrées;E;JPPR;C;171;137;7;66,1;17,6;14,5;1,8;78;42,6
230;21 522;20 826;ASSOCIATION LE PAX (EX ASSOCIATION ST NICOLAS);76,2;47.276193;-2.429727;322952;PAYS DE LA LOIRE;44135;4241;44;44601;Saint-Nazaire;158390;04-Unités urbaines de 100 000 hbts ou plus;1;32;843;3,3;De 20 à 30 000 entrées;C;RDJP;B;162;118;70;61,3;14,4;16;8,4;96;68,4
268;5 215;3 985;ASSOCIATION SAINT ETIENNE CINEMA;50,3;47.12792959999999;-2.215288200000032;324731;PAYS DE LA LOIRE;44136;1269;44;44401;Saint-Brevin-les-Pins;25415;05-Unités urbaines de 20 000 à 100 000 hbts;1;32;199;30,9;De 5 à 10 000 entrées;D;;B;136;115;0;57,7;23,8;12,7;5,8;62;40,9
208;9 641;6 215;CINE PAX QUEND;25,8;50.323857;1.548679;329162;HAUTS DE FRANCE;80649;1385;80;0;Zone rurale;14862638;04-Unités urbaines de 100 000 hbts ou plus;1;32;909;55,1;De 5 à 10 000 entrées;E;JPPR;R;153;110;6;52,1;35,5;11,7;0,8;41;11,6
334;24 911;17 087;ASSOCIATION IRIS CINEMA;40,8;47.662952;-2.454678;329501;BRETAGNE;56184;7997;56;56208;Questembert;7997;06-autres communes et unités urbaines;2;32;1 002;45,8;De 20 à 30 000 entrées;E;RDJPPR;I;171;136;19;57,7;31,4;8,9;2,1;74;26,7
242;23 070;13 416;VILLE DE QUIBERON                                               ;40,9;47.480187;-3.121863;329792;BRETAGNE;56186;4731;56;56201;Quiberon;4731;06-autres communes et unités urbaines;2;32;1 169;72;De 20 à 30 000 entrées;E;JP;I;167;133;51;62,3;25,7;11,1;0,9;72;30,1
785;42 512;34 438;LES CINEMAS DE L ODET;96,7;47.994608;-4.102191;330021;BRETAGNE;29232;65638;29;29501;Quimper;82761;05-Unités urbaines de 20 000 à 100 000 hbts;6;32;5 016;23,4;De 40 à 50 000 entrées;D;RDJPPR;C;214;166;145;65,6;16,1;12;6,2;154;96,2
248;17 151;12 138;COMMUNE DE QUIMPERLE;45,4;47.874513;-3.545043;330052;BRETAGNE;29233;12645;29;29304;Quimperlé;15004;06-autres communes et unités urbaines;1;32;446;41,3;De 10 à 20 000 entrées;E;JPPR;C;172;131;12;46,2;37,9;13,2;2,7;70;37,8
200;3 758;2 980;ASSOCIATION LE ROCHONEN;29,9;48.401006;-2.912056;330431;BRETAGNE;22262;3051;22;22101;Quintin;3051;06-autres communes et unités urbaines;1;32;153;26,1;De 2 à 5 000 entrées;E;;I;81;71;1;72,4;22,3;5,3;0;23;30,1
1065;100 829;81 350;MANIVEL CINEMA;39;47.643971;-2.08863;333304;BRETAGNE;35236;9922;35;452;Redon;21665;05-Unités urbaines de 20 000 à 100 000 hbts;7;32;6 477;23,9;De 100 à 150 000 entrées;D;RDJPPR;C;264;195;114;47,2;39,3;11,9;1,6;112;20,3
1533;152 028;100 755;GAUMONT;45,3;49.256421;4.026693;333901;GRAND EST;51454;185211;51;51701;Reims;215047;04-Unités urbaines de 100 000 hbts ou plus;11;32;10 078;50,9;De 150 à 200 000 entrées;NON;;C;245;199;187;48,1;35,6;14,1;2,3;128;33,1
218;6 334;2 699;ASSOCIATION AVANT GARDE DE RENAZE;22,9;47.794318;-1.057793;334921;PAYS DE LA LOIRE;53188;2594;53;53104;Renazé;2594;06-autres communes et unités urbaines;1;32;164;134,7;De 5 à 10 000 entrées;E;;I;73;47;0;62,3;22,5;14,6;0,6;12;10,6
495;36 130;41 627;THEATRE NATIONAL DE BRETAGNE CENTRE EUROPEEN DE PRODUCTION;96,6;48.107745;-1.67277;335055;BRETAGNE;35238;221898;35;35701;Rennes;344195;04-Unités urbaines de 100 000 hbts ou plus;2;32;1 831;-13,2;De 30 à 40 000 entrées;A;RDJPPR;C;143;70;60;78,6;9,8;7,5;4,1;64;96,8
2800;413 875;277 220;GAUMONT RENNES                                                  ;28;48.106343;-1.675345;335108;BRETAGNE;35238;221898;35;35701;Rennes;344195;04-Unités urbaines de 100 000 hbts ou plus;13;32;11 361;49,3;De 300 à 450 000 entrées;NON;;C;216;190;166;40,7;44,2;13,6;1,4;82;22,2
767;104 726;0;ASSOCIATION ARVOR CINEMA ET CULTURE;99;48.102357;-1.6744;335121;BRETAGNE;35238;221898;35;35701;Rennes;344195;04-Unités urbaines de 100 000 hbts ou plus;5;32;4 351;#DIV/0!;De 100 à 150 000 entrées;NON;;C;208;131;118;55;22,7;14,2;8,1;119;98,9
169;5 537;4 366;CINEMA LE RESTERIA;34,6;47.914523;-1.380231;335711;BRETAGNE;35239;4497;35;35201;Retiers;6247;06-autres communes et unités urbaines;1;32;252;26,8;De 5 à 10 000 entrées;E;;C;115;97;3;52,1;29,8;15,3;2,7;40;16
285;5 689;5 910;GUYOT FREDERIC PAUL ROGER;15,3;49.615851;-1.26046;336191;NORMANDIE;50433;1041;50;0;Zone rurale;14862638;04-Unités urbaines de 100 000 hbts ou plus;2;11;305;-3,7;De 5 à 10 000 entrées;E;JPPR;R;49;44;14;68,3;23,8;7,9;0;17;9,7
425;10 512;10 321;CINEMA ST PAUL;63,1;47.183872;-1.543971;336432;PAYS DE LA LOIRE;44143;43153;44;44701;Nantes;671849;04-Unités urbaines de 100 000 hbts ou plus;1;28;341;1,9;De 10 à 20 000 entrées;C;;B;182;143;0;65,3;20,4;9,6;4,8;93;60,2
246;7 173;3 362;ASSOCIATION LES RICHELAIS DU CARDINAL;38,7;47.014742;0.322461;337051;CENTRE-VAL DE LOIRE;37196;1696;37;37101;Richelieu;2252;06-autres communes et unités urbaines;1;32;487;113,4;De 5 à 10 000 entrées;E;JP;C;96;73;1;74,5;16,7;7;1,7;31;20,4
260;20 936;13 781;ASSOCIATION CULTURELLE LOISIRS;24,7;47.517686;-2.300226;339311;BRETAGNE;56195;710;56;0;Zone rurale;14862638;04-Unités urbaines de 100 000 hbts ou plus;2;32;992;51,9;De 20 à 30 000 entrées;E;RDJP;R;182;149;44;49,8;40,8;8,9;0,4;62;13
209;9 576;7 004;ASSOCIATION KORRIGAN ROMILLE                                    ;41,5;48.213608;-1.892787;342020;BRETAGNE;35245;4014;35;35112;Romillé;4014;06-autres communes et unités urbaines;1;29;407;36,7;De 5 à 10 000 entrées;E;JPPR;I;146;124;1;59,1;28,9;10,8;1,1;58;31,2
698;30 334;19 955;ASSOCIATION CINEMA EDEN;19,6;48.516527;3.723266;342071;GRAND EST;10323;14643;10;10301;Romilly-sur-Seine;17001;06-autres communes et unités urbaines;3;32;2 146;52;De 30 à 40 000 entrées;E;;C;125;104;52;40,1;47,9;12;0;50;8,6
680;62 382;0;CINEXPANSION DU VAL DE LOIRE;17,2;47.378367;1.736977;342115;CENTRE-VAL DE LOIRE;41194;18342;41;41301;Romorantin-Lanthenay;18342;06-autres communes et unités urbaines;5;32;3 525;#DIV/0!;De 50 à 80 000 entrées;NON;;I;167;141;86;45,8;41,2;11,9;1,2;58;8
200;4 760;3 979;CINEMA SAINTE BARBE;28,9;48.724745;-3.984009;343321;BRETAGNE;29239;3531;29;29305;Saint-Pol-de-Léon;12855;06-autres communes et unités urbaines;1;25;227;19,6;De 2 à 5 000 entrées;E;;B;88;81;18;65,1;21,2;12,8;0,9;31;21,9
227;5 078;3 952;ASSOCIATION CINE BREIZ;31,8;48.237305;-3.316257;343951;BRETAGNE;22266;3398;22;22110;Rostrenen;3398;06-autres communes et unités urbaines;1;30;315;28,5;De 5 à 10 000 entrées;E;JP;I;135;117;6;52,4;33,7;13,3;0,6;44;21,6
1016;44 974;77 707;GAUMONT;98,7;49.438455;1.096887;344532;NORMANDIE;76540;112965;76;755;Rouen;477226;04-Unités urbaines de 100 000 hbts ou plus;4;32;3 715;-42,1;De 40 à 50 000 entrées;A;RDJPPR;C;198;157;150;68,7;7,6;14,7;8,9;154;99,5
2539;88 324;57 371;EDEN PANORAMA;17,5;49.430638;1.085206;344571;NORMANDIE;76540;112965;76;755;Rouen;477226;04-Unités urbaines de 100 000 hbts ou plus;14;32;14 176;54;De 80 à 100 000 entrées;NON;;C;214;175;168;33,4;52,1;11,3;3,1;51;15,5
3021;394 832;246 666;PATHE ROUEN                                                     ;23,3;49.444934;1.067208;344590;NORMANDIE;76540;112965;76;755;Rouen;477226;04-Unités urbaines de 100 000 hbts ou plus;14;32;15 395;60,1;De 300 à 450 000 entrées;NON;;C;196;162;160;37,5;48,7;12,8;1;57;13,7
326;11 871;7 734;CINEODE;6,9;49.69929;2.790104;346622;HAUTS DE FRANCE;80685;5770;80;80203;Roye;5770;06-autres communes et unités urbaines;1;32;574;53,5;De 10 à 20 000 entrées;NON;;I;102;89;27;37,2;51,1;10,8;1;15;2,1
360;41 855;6 381;CINEMA CONFLUENCES SABLE SUR SARTHE;14;47.839358;-0.342854;348315;PAYS DE LA LOIRE;72264;12608;72;72302;Sablé-sur-Sarthe;15026;06-autres communes et unités urbaines;3;32;2 770;555,9;De 40 à 50 000 entrées;NON;;C;141;110;63;52,4;37,7;8,3;1,7;46;9
2436;290 868;213 204;MARTROI;9,1;47.94652;1.895679;352610;CENTRE-VAL DE LOIRE;45302;16549;45;45701;Orléans;288678;04-Unités urbaines de 100 000 hbts ou plus;10;32;9 013;36,4;De 200 à 300 000 entrées;NON;;B;113;96;91;31,9;52,6;14,7;0,8;11;6,4
1469;140 642;98 079;LE PALACE;21,6;47.262131;-0.078279;354782;PAYS DE LA LOIRE;49328;27584;49;49401;Saumur;29390;05-Unités urbaines de 20 000 à 100 000 hbts;9;32;8 004;43,4;De 100 à 150 000 entrées;D;;C;198;174;143;46,6;40;12,6;0,8;63;10,8
662;75 449;50 405;LES ECRANS DU SILLON                                            ;15,4;47.363726;-1.942308;355933;PAYS DE LA LOIRE;44195;9054;44;44215;Savenay;12211;06-autres communes et unités urbaines;5;32;3 926;49,7;De 50 à 80 000 entrées;E;JP;C;160;126;89;37,4;49,9;12,1;0,6;47;6,2
450;19 387;12 388;SEDAN CINEMA;7,3;49.698315;4.947865;357672;GRAND EST;8409;16541;8;8401;Sedan;25538;05-Unités urbaines de 20 000 à 100 000 hbts;3;30;1 130;56,5;De 10 à 20 000 entrées;NON;;C;97;79;36;32;54,7;12,5;0,7;16;2,9
212;10 431;7 510;SEES DU CINE;34,4;48.607433;0.170941;357751;NORMANDIE;61464;4637;61;61107;Sées;4637;06-autres communes et unités urbaines;1;28;455;38,9;De 10 à 20 000 entrées;E;JPPR;I;112;90;8;55,8;30,2;13,4;0,7;35;19,5
375;30 486;20 842;ABC49 LES AMIS DU BON CINEMA;19,1;47.68565;-0.868807;357904;PAYS DE LA LOIRE;49331;18306;49;49212;Segré;18306;06-autres communes et unités urbaines;3;32;1 504;46,3;De 30 à 40 000 entrées;E;JPPR;C;132;107;42;49,3;41,8;8,7;0,1;40;7,5
123;5 379;3 699;CINEMA STUDIO DE SELLES SUR CHER;23;47.274507;1.55439;358561;CENTRE-VAL DE LOIRE;41242;4646;41;41111;Selles-sur-Cher;4646;06-autres communes et unités urbaines;1;32;346;45,4;De 5 à 10 000 entrées;E;JP;I;116;91;2;64,8;22,7;11,6;0,9;26;13,7
227;14 541;5 232;ASSOCIATION PATRONAGE SAINT RIEUL;36,2;49.208302;2.585995;359462;HAUTS DE FRANCE;60612;15524;60;60306;Senlis;16462;06-autres communes et unités urbaines;1;32;758;177,9;De 10 à 20 000 entrées;E;RDJPPR;C;164;124;33;42,9;42,6;12,6;1,8;60;29,7
306;14 763;8 957;ASSOCIATION PROMOTION DES ACTIVITES CINEMATOGRAPHIQUES SENONCHE;20,8;48.561662;1.032664;359622;CENTRE-VAL DE LOIRE;28373;3108;28;28107;Senonches;3108;06-autres communes et unités urbaines;1;32;566;64,8;De 10 à 20 000 entrées;E;JP;I;126;106;24;49,7;34,6;15,2;0,5;52;8,2
1340;126 827;88 059;SOCIETE SENONAISE D EXPLOITATION CINEMATOGRAPHIQUE;22,7;48.176509;3.284553;359772;BOURGOGNE / FRANCHE-COMTE;89387;27110;89;89401;Sens;39272;05-Unités urbaines de 20 000 à 100 000 hbts;7;32;6 664;44;De 100 à 150 000 entrées;D;JPPR;C;216;178;152;39,4;46,7;12,9;1;73;11,3
319;24 030;15 853;ASSOCIATION CINEMA SEZ  ART;23,2;48.721194;3.729236;362773;GRAND EST;51535;4864;51;51202;Sézanne;4864;06-autres communes et unités urbaines;2;32;1 738;51,6;De 20 à 30 000 entrées;E;JPPR;I;101;79;29;35,7;47;16,3;1;24;7,8
982;60 943;40 282;KALLISTE FILMS;12,4;49.382084;3.326393;364503;HAUTS DE FRANCE;2722;29173;2;2404;Soissons;44009;05-Unités urbaines de 20 000 à 100 000 hbts;6;32;5 838;51,3;De 50 à 80 000 entrées;D;JP;C;132;108;85;36,1;51,4;11,1;1,4;34;5,4
204;6 138;5 378;SARL 2H;24;47.765104;2.374435;370251;CENTRE-VAL DE LOIRE;45315;5352;45;45302;Sully-sur-Loire;12112;06-autres communes et unités urbaines;1;26;268;14,1;De 5 à 10 000 entrées;NON;;C;90;79;5;67,8;17,9;13,1;1,2;32;15,8
232;11 100;6 726;ASSOCIATION DU CINEMA LE PETIT CASINO;34,5;47.269008;1.371774;371581;CENTRE-VAL DE LOIRE;41198;2934;41;41205;Saint-Aignan;7914;06-autres communes et unités urbaines;2;32;627;65;De 10 à 20 000 entrées;E;JPPR;C;164;128;11;59,8;30;9,9;0,3;55;20,1
226;14 739;9 505;COMMUNE DE SAINT AMAND MONTROND;13,1;46.722722;2.503052;372181;CENTRE-VAL DE LOIRE;18197;9814;18;18301;Saint-Amand-Montrond;12227;06-autres communes et unités urbaines;2;32;1 108;55,1;De 10 à 20 000 entrées;E;JP;C;130;120;50;56,6;32,1;10,9;0,4;39;8,9
300;16 514;11 857;FAMILLES RURALES FEDERATION REGIONALE DES PAYS DE LA LOIRE;22,3;47.3292625;-0.6707131000000572;374431;PAYS DE LA LOIRE;49292;3455;49;0;Zone rurale;14862638;04-Unités urbaines de 100 000 hbts ou plus;1;28;366;39,3;De 10 à 20 000 entrées;NON;;R;70;51;0;65,3;29,8;4,9;0;14;18,1
293;10 452;7 848;CINEMA MAUCLERC;24,6;48.256952;-1.391536;374582;BRETAGNE;35253;4061;35;35121;Saint-Aubin-du-Cormier;4061;06-autres communes et unités urbaines;2;29;368;33,2;De 10 à 20 000 entrées;E;JP;I;121;116;16;49,3;42,4;8,2;0,1;41;13,5
179;3 398;2 686;SOCIETE NORMANDE D EXPLOITATION INDUSTRIELLE ET COMMERCIALE;19,5;49.329525;-0.385911;374903;NORMANDIE;14562;2355;14;14302;Douvres-la-Délivrande - Luc-sur-Mer;15085;06-autres communes et unités urbaines;1;32;269;26,5;De 2 à 5 000 entrées;NON;;B;100;90;1;51,7;32,5;15,8;0;21;20,2
465;56 761;45 708;SUD ESTUAIRE ET LITTORAL - OFFICE DU TOURISME                   ;26,8;47.246308;-2.135768;377083;PAYS DE LA LOIRE;44154;14430;44;44401;Saint-Brevin-les-Pins;25415;05-Unités urbaines de 20 000 à 100 000 hbts;3;32;2 597;24,2;De 50 à 80 000 entrées;D;JP;C;172;149;63;43;45,6;10,8;0,5;72;11,7
1150;48 633;44 749;SOCIETE RENNAISE DE DIFFUSION CINEMATOGRAPHIQUE;92,5;48.508095;-2.760537;377271;BRETAGNE;22278;45721;22;22501;Saint-Brieuc;97190;05-Unités urbaines de 20 000 à 100 000 hbts;6;32;4 016;8,7;De 40 à 50 000 entrées;D;RDJPPR;C;226;150;109;73,8;10,3;10,2;5,7;125;93
131;4 594;4 005;MAISON DES JEUNES ET DE LA CULTURE;53,3;47.920147;0.743555;377441;PAYS DE LA LOIRE;72269;3440;72;72116;Saint-Calais;3948;06-autres communes et unités urbaines;1;30;299;14,7;De 2 à 5 000 entrées;E;;C;132;100;2;58,5;20,3;17,1;4,1;59;39,9
292;483;1 407;CINE-OFF OFFICE DEPART DEVELOPPEM CINEMA;50;47.419122;0.653805;381240;CENTRE-VAL DE LOIRE;37214;16397;37;37701;Tours;362653;04-Unités urbaines de 100 000 hbts ou plus;1;5;6;-65,7;Moins de 2000 entrées;NON;;B;6;6;0;70,8;0;29,2;0;3;52,2
1122;87 256;57 074;COMPLEXE CINEMATOGRAPHIQUE MARNAIS;20,6;48.640036;4.95025;382552;GRAND EST;52448;23888;52;460;Saint-Dizier;30663;05-Unités urbaines de 20 000 à 100 000 hbts;7;32;5 800;52,9;De 80 à 100 000 entrées;D;RDJP;C;197;171;146;41,1;44,8;13,2;0,8;60;8,2
241;8 109;5 858;ASSOCIATION DU MONTLUC CINEMA;48,2;47.275577;-1.779561;383961;PAYS DE LA LOIRE;44158;7488;44;44205;Saint-Étienne-de-Montluc;7488;06-autres communes et unités urbaines;1;26;258;38,4;De 5 à 10 000 entrées;E;JP;I;133;102;0;70,4;18,7;8,4;2,5;55;35,8
286;8 595;3 959;ASSOCIATION ST FLORENT CULTURE;29,6;46.996042;2.252694;385392;CENTRE-VAL DE LOIRE;18207;6558;18;18202;Saint-Florent-sur-Cher;6558;06-autres communes et unités urbaines;1;31;549;117,1;De 5 à 10 000 entrées;E;JPPR;I;117;95;6;61,3;30,8;7,7;0,2;37;21,4
152;7 691;6 592;PANORAMIC;39,6;47.815917;3.799085;385401;BOURGOGNE / FRANCHE-COMTE;89068;2279;89;0;Zone rurale;14862638;04-Unités urbaines de 100 000 hbts ou plus;1;31;274;16,7;De 5 à 10 000 entrées;E;JP;R;101;79;0;82,3;12,3;4;1,3;45;33,9
192;1 459;1 533;CINE GLONNE;45,5;47.363746;-1.0164589999999407;385421;PAYS DE LA LOIRE;49244;18489;49;49208;La Pommeraye;18489;06-autres communes et unités urbaines;1;27;128;-4,8;Moins de 2000 entrées;D;;C;80;67;1;76,9;16;7,1;0;37;27,3
157;2 190;3 907;ASSOCIATION JULIEN MAUNOIR;31,5;48.506874;-1.241635;387661;BRETAGNE;35271;1520;35;0;Zone rurale;14862638;04-Unités urbaines de 100 000 hbts ou plus;1;22;152;-43,9;De 2 à 5 000 entrées;E;JP;R;76;62;0;73,3;21,8;4,9;0;24;19,9
281;2 271;1 626;COMMUNE DE SAINT GOBAIN;31,5;49.597177;3.378189;390271;HAUTS DE FRANCE;2680;2325;2;2109;Saint-Gobain;2325;06-autres communes et unités urbaines;1;29;117;39,7;De 2 à 5 000 entrées;NON;;I;90;83;0;67,6;25,6;6,6;0,1;28;26,1
288;12 603;11 199;CINEMA LUTETIA                                                  ;59,9;47.21395;-1.64939;390791;PAYS DE LA LOIRE;44162;47062;44;44701;Nantes;671849;04-Unités urbaines de 100 000 hbts ou plus;1;29;333;12,5;De 10 à 20 000 entrées;C;JP;B;124;88;0;81,5;6,5;10,1;2;55;45,2
2458;168 718;133 392;UGC CINE CITE;28;47.224381;-1.625621;390793;PAYS DE LA LOIRE;44162;47062;44;44701;Nantes;671849;04-Unités urbaines de 100 000 hbts ou plus;12;32;11 026;26,5;De 150 à 200 000 entrées;NON;;B;167;121;121;46,8;39,5;13,6;0;43;22
395;12 529;5 454;GUYOT FREDERIC PAUL ROGER;9,5;48.576008;-1.09371;391331;NORMANDIE;50484;6289;50;50202;Saint-Hilaire-du-Harcouët;9040;06-autres communes et unités urbaines;1;29;327;129,7;De 10 à 20 000 entrées;NON;;C;52;44;12;69,5;20,4;9,9;0,2;7;2,6
200;15 422;7 438;ASSOCIATION IMAGE ET SON DU PLATEAU PICARD;17,2;49.505347;2.430243;396151;HAUTS DE FRANCE;60581;6079;60;60201;Saint-Just-en-Chaussée;6079;06-autres communes et unités urbaines;1;32;591;107,3;De 10 à 20 000 entrées;E;;I;135;117;19;29;58,6;11,7;0,6;35;5,7
1344;148 687;106 064;LES CINEMAS DE SAINT-LO;18;49.118217;-1.098287;398574;NORMANDIE;50502;19938;50;50401;Saint-Lô;25413;05-Unités urbaines de 20 000 à 100 000 hbts;9;32;8 511;40,2;De 100 à 150 000 entrées;D;JPPR;C;258;212;153;46,4;41;11,8;0,9;97;9,1
203;4 738;4 685;COMMUNE DE SAINT LUNAIRE;51,4;48.634794;-2.105848;399341;BRETAGNE;35287;2482;35;458;Dinard;34612;05-Unités urbaines de 20 000 à 100 000 hbts;1;32;167;1,1;De 2 à 5 000 entrées;D;;B;125;105;1;65,2;20,4;12,7;1,7;61;41,3
202;4 046;2 902;ASSOCIATION FAMILIA CINEMA;36,3;47.124726;-0.994734;399432;PAYS DE LA LOIRE;49301;25895;49;49205;Saint-Macaire-en-Mauges;25895;05-Unités urbaines de 20 000 à 100 000 hbts;1;28;198;39,4;De 2 à 5 000 entrées;D;;I;110;91;2;59,9;30,1;9,8;0,3;38;20
505;27 233;25 492;CINEMA LE VAUBAN;95,2;48.602575;-2.005943;399686;BRETAGNE;35288;47817;35;35402;Saint-Malo;47817;05-Unités urbaines de 20 000 à 100 000 hbts;3;32;2 185;6,8;De 20 à 30 000 entrées;D;RDJPPR;I;116;93;89;71,7;11,6;11,2;5,5;86;94,3
1458;122 837;59 169;CINE VAUBAN;12,8;48.657589;-1.970525;399689;BRETAGNE;35288;47817;35;35402;Saint-Malo;47817;05-Unités urbaines de 20 000 à 100 000 hbts;8;32;6 242;107,6;De 100 à 150 000 entrées;NON;;I;140;122;120;44,5;42,2;12,8;0,6;16;9,4
150;7 019;4 535;CINE MALOUINE;25,3;47.339858;-2.175644;399721;PAYS DE LA LOIRE;44176;3235;44;44207;Saint-Joachim - Saint-Malo-de-Guersac;7380;06-autres communes et unités urbaines;1;32;441;54,8;De 5 à 10 000 entrées;E;JPPR;B;160;125;4;50,4;38,9;10,1;0,6;48;13,1
220;3 277;2 430;ASSOCIATION JEANNE D ARC CINEMA;15,2;47.52339;-1.186562;401371;PAYS DE LA LOIRE;44180;6676;44;44101;Saint-Mars-la-Jaille;6676;06-autres communes et unités urbaines;1;25;240;34,9;De 2 à 5 000 entrées;NON;;I;94;83;2;59;32,2;8;0,8;19;8,1
184;3 134;3 825;CINEVILLAGES                                                    ;37,3;47.434568;-0.703599;403400;PAYS DE LA LOIRE;49306;1710;49;0;Zone rurale;14862638;04-Unités urbaines de 100 000 hbts ou plus;1;18;83;-18,1;De 2 à 5 000 entrées;NON;;R;68;52;0;52;26,3;21,8;0;22;18,6
140;3 329;2 527;CINE-OFF;51,6;47.111089;0.61914;404692;CENTRE-VAL DE LOIRE;37226;4193;37;37109;Sainte-Maure-de-Touraine;4193;06-autres communes et unités urbaines;1;28;164;31,7;De 2 à 5 000 entrées;E;JP;I;74;58;0;74,6;19,7;5,1;0,6;33;27,6
307;12 380;8 335;LES ENFANTS DE SAINT MEEN;30,6;48.188591;-2.192564;405831;BRETAGNE;35297;4791;35;35202;Saint-Méen-le-Grand;5944;06-autres communes et unités urbaines;2;32;668;48,5;De 10 à 20 000 entrées;E;JP;C;165;143;23;56,4;33,8;9,7;0,1;51;10,7
95;4 342;3 618;ASSOCIATION CINEMA SAINT MICHEL                                 ;50,2;47.180946;-2.149737;406352;PAYS DE LA LOIRE;44182;5261;44;44401;Saint-Brevin-les-Pins;25415;05-Unités urbaines de 20 000 à 100 000 hbts;1;32;312;20;De 2 à 5 000 entrées;D;;B;157;130;6;67,1;19,6;12,1;1,2;69;39,3
154;19 393;17 138;LE THEATRE;99,7;47.280291;-2.216623;407211;PAYS DE LA LOIRE;44184;72352;44;44601;Saint-Nazaire;158390;04-Unités urbaines de 100 000 hbts ou plus;1;32;955;13,2;De 10 à 20 000 entrées;B;RDJPPR;C;132;66;29;57,7;19,1;17,5;5,8;64;99,8
1986;178 709;126 686;SOCIETE RENNAISE DE DIFFUSION CINEMATOGRAPHIQUE;15,9;47.274768;-2.20402;407220;PAYS DE LA LOIRE;44184;72352;44;44601;Saint-Nazaire;158390;04-Unités urbaines de 100 000 hbts ou plus;9;32;8 483;41,1;De 150 à 200 000 entrées;NON;;C;177;131;119;39,3;48,4;11,4;0,9;35;11,2
1029;93 626;59 857;CINEMA CULTURE LOISIRS DE LA PRESQU' ILE;12,3;47.331071;-2.426378;407229;PAYS DE LA LOIRE;44069;16681;44;44601;Saint-Nazaire;158390;04-Unités urbaines de 100 000 hbts ou plus;6;32;5 413;56,4;De 80 à 100 000 entrées;NON;;B;127;105;87;40,4;47,7;11,7;0,2;23;6,8
176;2 857;2 790;COMMUNE DE SAINT OUEN (SOMME);10,1;50.038633;2.123723;408122;HAUTS DE FRANCE;80711;1882;80;80206;Saint-Léger-lès-Domart;7313;06-autres communes et unités urbaines;1;26;111;2,4;De 2 à 5 000 entrées;NON;;C;57;49;0;47,4;44,6;6,9;1,1;5;5,4
228;8 707;9 820;ASSOCIATION CINE PHIL;28,9;47.037392;-1.641091;410232;PAYS DE LA LOIRE;44188;9183;44;44211;Saint-Philbert-de-Grand-Lieu;9183;06-autres communes et unités urbaines;1;28;234;-11,3;De 5 à 10 000 entrées;E;JP;I;125;112;0;51,8;30,1;18;0,1;39;18,4
365;1 514;1 627;CINE-OFF;43,8;47.389603;0.719808;411244;CENTRE-VAL DE LOIRE;37233;16016;37;37701;Tours;362653;04-Unités urbaines de 100 000 hbts ou plus;1;16;31;-6,9;Moins de 2000 entrées;NON;;B;25;16;0;75,5;18,9;5,6;0;7;26,4
155;3 984;1 943;ENSEIGNEMENT CATHOLIQUE LOISIRS;24,7;48.400769;-0.099188;411333;PAYS DE LA LOIRE;53246;1956;53;0;Zone rurale;14862638;04-Unités urbaines de 100 000 hbts ou plus;1;28;131;105;De 2 à 5 000 entrées;E;;R;79;59;0;75,9;13,7;10,4;0;18;14,2
144;7 469;5 272;CINEMA LE REXY;43,1;49.016764;-0.043436;412061;NORMANDIE;14654;7831;14;14119;Saint-Pierre-sur-Dives;7831;06-autres communes et unités urbaines;1;32;350;41,7;De 5 à 10 000 entrées;E;JP;C;96;75;2;71,3;16,9;10,6;1,1;36;26,5
331;12 220;8 373;ASSOCIATION CULTURELLE ET ARTISTIQUE DU LEON;32,8;48.687279;-3.992419;412251;BRETAGNE;29259;6845;29;29305;Saint-Pol-de-Léon;12855;06-autres communes et unités urbaines;1;32;340;45,9;De 10 à 20 000 entrées;E;;C;139;121;18;52,7;35,6;10,7;1;50;22,5
167;17 312;14 546;GLOZEL;30,9;48.651051;-2.83135;413111;BRETAGNE;22325;3280;22;22302;Binic;13348;06-autres communes et unités urbaines;1;32;757;19;De 10 à 20 000 entrées;E;RDJPPR;C;121;110;62;66,3;25,7;7,8;0,2;50;25,2
1927;152 596;100 963;SAPEC;19,1;49.84044;3.292065;413157;HAUTS DE FRANCE;2691;55116;2;2501;Saint-Quentin;64548;05-Unités urbaines de 20 000 à 100 000 hbts;11;32;13 280;51,1;De 150 à 200 000 entrées;D;;C;232;185;154;34,8;50,7;13,2;1,3;74;6,9
300;14 103;8 949;CINEMA LE BRETAGNE;55,4;48.431183;-4.623373;414352;BRETAGNE;29260;8316;29;29210;Saint-Renan;8316;06-autres communes et unités urbaines;1;32;424;57,6;De 10 à 20 000 entrées;E;RDJPPR;I;181;125;7;62,1;27;9,9;1;75;36,7
2141;239 285;182 234;SOCIETE DE PARTICIPATIONS CINEMATOGRAPHIQUES;11,3;48.06123;0.167196;415471;PAYS DE LA LOIRE;72320;2641;72;72701;Le Mans;214723;04-Unités urbaines de 100 000 hbts ou plus;12;32;14 315;31,3;De 200 à 300 000 entrées;NON;;B;163;140;140;41,7;44,2;13,3;0,8;22;4,6
200;2 723;2 626;FEDERATION DEPARTEMENTALE DES FOYER RURAUX DU CHER;19,4;47.135691;2.548784;416921;CENTRE-VAL DE LOIRE;18235;1147;18;0;Zone rurale;14862638;04-Unités urbaines de 100 000 hbts ou plus;1;19;98;3,7;De 2 à 5 000 entrées;E;JP;R;20;12;0;96,6;0;3,4;0;3;14,6
189;7 294;4 921;CASINO DE SAINT VALERY EN CAUX;17,4;49.863;0.706604;418992;NORMANDIE;76655;4069;76;76119;Saint-Valery-en-Caux;4069;06-autres communes et unités urbaines;1;32;493;48,2;De 5 à 10 000 entrées;NON;;I;116;95;7;57,5;27,4;14,9;0,1;28;11,2
498;7 189;7 306;CENTRE D'ANIMATION CULTURELLE INTERCOMMUNALE DU TERNOIS;4,6;49.657142;3.298248;423561;HAUTS DE FRANCE;2738;13748;2;2402;Tergnier;22756;05-Unités urbaines de 20 000 à 100 000 hbts;2;19;865;-1,6;De 5 à 10 000 entrées;NON;;C;122;114;74;29;56,9;12,9;1,1;21;2,4
221;3 845;3 327;ASSOCIATION LE FOYER THEILLOIS;28,3;48.265259;0.690629;424781;NORMANDIE;61484;3601;61;61102;Le Theil;3601;06-autres communes et unités urbaines;1;17;157;15,6;De 2 à 5 000 entrées;E;JP;C;59;50;1;62,8;27,8;9,4;0;18;22,4
2609;313 851;226 644;SOCIETE DES GRANDS ECRANS DE THILLOIS;15,4;49.254024;3.962365;426120;GRAND EST;51569;548;51;0;Zone rurale;14862638;04-Unités urbaines de 100 000 hbts ou plus;13;32;11 341;38,5;De 300 à 450 000 entrées;NON;;R;189;162;136;34,3;51,2;13,6;0,9;54;7,7
170;1 856;1 540;SYNDICAT D'INITIATIVE DE THOUARCE                               ;46,8;47.267642;-0.502889;427312;PAYS DE LA LOIRE;49345;5854;49;0;Zone rurale;14862638;04-Unités urbaines de 100 000 hbts ou plus;1;25;112;20,5;Moins de 2000 entrées;E;;R;80;70;0;76,7;15,9;7,3;0;39;33,6
220;2 150;1 128;COMMUNE DE THOUROTTE;64,3;49.482001;2.884056;427442;HAUTS DE FRANCE;60636;4604;60;60502;Compiègne;72917;05-Unités urbaines de 20 000 à 100 000 hbts;1;22;46;90,6;De 2 à 5 000 entrées;NON;;B;31;12;0;35,8;25,1;39;0;8;61,8
213;11 861;8 241;ORGANISATION MANIFESTATIONS ACTIONS CULTURELLES CINEMATOGRAPHIQU;35,5;48.985746;-0.478263;427861;NORMANDIE;14689;3708;14;0;Zone rurale;14862638;04-Unités urbaines de 100 000 hbts ou plus;1;32;526;43,9;De 10 à 20 000 entrées;E;JP;R;129;108;2;56,7;35,1;7,4;0,7;50;18,7
141;4 566;2 979;COMMUNE DE TONNERRE;56,6;47.856492;3.972991;428961;BOURGOGNE / FRANCHE-COMTE;89418;4654;89;89202;Tonnerre;5247;06-autres communes et unités urbaines;1;32;496;53,3;De 2 à 5 000 entrées;E;JPPR;C;100;70;12;52,7;20,3;20,6;6,3;43;50,6
74;2 805;265;CINELUX;30;47.734838;3.292272;429621;BOURGOGNE / FRANCHE-COMTE;89419;2774;89;89101;Toucy;2774;06-autres communes et unités urbaines;1;13;120;958,5;De 2 à 5 000 entrées;NON;;I;34;27;1;53,8;31;15,3;0;10;23,5
230;1 613;0;AEP TOURNON SAINT MARTIN;19,2;46.734796;0.956025;431533;CENTRE-VAL DE LOIRE;36224;1170;36;0;Zone rurale;14862638;04-Unités urbaines de 100 000 hbts ou plus;1;28;83;#DIV/0!;Moins de 2000 entrées;NON;;R;42;37;1;72,3;16,2;11;0,5;8;9,8
1067;142 448;150 608;ANIMATION DES STUDIO DE TOURS;93,7;47.394391;0.697155;431732;CENTRE-VAL DE LOIRE;37261;139230;37;37701;Tours;362653;04-Unités urbaines de 100 000 hbts ou plus;7;32;6 676;-5,4;De 100 à 150 000 entrées;A;RDJPPR;C;268;175;136;74,6;9;11,4;5;155;92,2
2574;374 886;250 906;TOURMOND;14,5;47.365422;0.680755;431771;CENTRE-VAL DE LOIRE;37261;139230;37;37701;Tours;362653;04-Unités urbaines de 100 000 hbts ou plus;13;32;15 653;49,4;De 300 à 450 000 entrées;NON;;C;166;146;146;35,3;49,7;13,8;1,2;29;7,6
1898;105 177;59 886;CINETOURS;20;47.366664;0.706536;431801;CENTRE-VAL DE LOIRE;37261;139230;37;37701;Tours;362653;04-Unités urbaines de 100 000 hbts ou plus;8;32;9 680;75,6;De 100 à 150 000 entrées;NON;;C;192;150;141;41;43,4;13,6;1,9;58;15,2
2187;257 094;167 522;CINECRANS;9,2;48.493105;-2.761907;433570;BRETAGNE;22360;8613;22;22501;Saint-Brieuc;97190;05-Unités urbaines de 20 000 à 100 000 hbts;10;32;7 987;53,5;De 200 à 300 000 entrées;NON;;B;144;126;126;39,7;47,3;12,2;0,8;16;5,9
332;11 742;7 994;CASINO DU TREPORT;5,3;50.061473;1.367587;434402;NORMANDIE;76711;4828;76;453;Eu;19912;06-autres communes et unités urbaines;1;32;957;46,9;De 10 à 20 000 entrées;NON;;C;79;72;49;39,7;47;13;0,2;10;2,8
2352;252 820;161 346;AUBOISE D EXPLOITATION CINEMATOGRAPHIQUE;27,7;48.291806;4.080707;436453;GRAND EST;10387;63124;10;10601;Troyes;141995;04-Unités urbaines de 100 000 hbts ou plus;14;32;16 893;56,7;De 200 à 300 000 entrées;NON;;C;310;261;253;36,3;48,4;13,7;1,6;139;10,9
160;22 015;19 250;DAVID;73,1;47.348261;-2.512088;437012;PAYS DE LA LOIRE;44211;4673;44;44206;La Turballe;6962;06-autres communes et unités urbaines;1;32;1 006;14,4;De 20 à 30 000 entrées;E;RDJPPR;C;193;141;78;60,3;20,1;13,6;5,9;106;67
242;7 741;6 887;CENTRE D'ACTION CULTUREL DU VAL DE REUIL;45,5;49.271387;1.212255;439721;NORMANDIE;27701;13403;27;27402;Louviers;45038;05-Unités urbaines de 20 000 à 100 000 hbts;2;32;725;12,4;De 5 à 10 000 entrées;D;JP;C;150;105;0;45,3;41,3;11,8;1,6;52;38
282;11 876;9 445;ASSOCIATION CINEMA LE CEP;46,4;47.162517;-1.264107;440961;PAYS DE LA LOIRE;44212;9358;44;44212;Vallet;9358;06-autres communes et unités urbaines;1;32;398;25,7;De 10 à 20 000 entrées;E;JP;I;153;123;0;62;24,9;11,1;2;68;31
340;14 084;9 069;CHAMPALAUNE BRUNO MAURICE GERARD;16;49.508042;-1.47082;441261;NORMANDIE;50615;7095;50;50205;Valognes;8289;06-autres communes et unités urbaines;1;30;449;55,3;De 10 à 20 000 entrées;E;;C;100;85;34;58,5;33,2;7,9;0,4;33;10,4
813;51 026;45 525;SOCIETE RENNAISE DE DIFFUSION CINEMATOGRAPHIQUE;93,8;47.654885;-2.756096;441861;BRETAGNE;56260;55411;56;56501;Vannes;82871;05-Unités urbaines de 20 000 à 100 000 hbts;5;32;4 046;12,1;De 50 à 80 000 entrées;D;RDJPPR;C;215;142;100;71,5;14,4;9;5,1;120;94
1979;244 559;159 486;CINEVILLE                                                       ;10,8;47.670076;-2.792332;441876;BRETAGNE;56260;55411;56;56501;Vannes;82871;05-Unités urbaines de 20 000 à 100 000 hbts;9;32;9 030;53,3;De 200 à 300 000 entrées;NON;;C;169;130;118;40,6;45,6;13,1;0,7;22;7,5
900;63 458;41 269;SARL CINE VENDOME                                               ;9;47.802972;1.06936;446494;CENTRE-VAL DE LOIRE;41269;16782;41;41401;Vendôme;23803;05-Unités urbaines de 20 000 à 100 000 hbts;5;32;3 874;53,8;De 50 à 80 000 entrées;D;;C;117;98;73;47,3;40,1;12,5;0,1;25;6
168;13 096;9 779;COMMUNE DE VERNEUIL D AVRE ET D ITON;21,8;48.736789;0.930047;448762;NORMANDIE;27679;8239;27;27205;Verneuil-sur-Avre;8239;06-autres communes et unités urbaines;1;32;495;33,9;De 10 à 20 000 entrées;E;JP;I;121;101;21;46,5;41,4;11,2;0,9;49;14,9
836;32 470;19 849;COINTIN ET COMPAGNIE;11,5;49.091924;1.487671;448981;NORMANDIE;27681;24464;27;27401;Vernon;32475;05-Unités urbaines de 20 000 à 100 000 hbts;4;32;1 911;63,6;De 30 à 40 000 entrées;D;;C;97;75;53;33,9;51,8;12,7;1,6;23;8,7
195;14 082;9 234;ASSOCIATION CINE VAILLANT;63,2;47.167104;-1.467908;450171;PAYS DE LA LOIRE;44215;25633;44;44701;Nantes;671849;04-Unités urbaines de 100 000 hbts ou plus;1;26;339;52,5;De 10 à 20 000 entrées;C;;B;114;94;0;68,5;8,6;19,6;3,2;68;63,7
149;3 256;2 146;ASSOCIATION VERVINS CINE VIDEO;16,2;49.833134;3.902529;450271;HAUTS DE FRANCE;2789;2675;2;2120;Vervins;3768;06-autres communes et unités urbaines;1;27;121;51,7;De 2 à 5 000 entrées;NON;;C;62;51;0;60,8;33,6;4,4;1,1;9;13,9
97;7 358;1 305;SPLENDOR CINEMA;71,8;49.873882;0.796808;450742;NORMANDIE;76735;592;76;0;Zone rurale;14862638;04-Unités urbaines de 100 000 hbts ou plus;1;32;693;463,8;De 5 à 10 000 entrées;E;;R;133;95;10;64;21,9;10,7;3,5;74;62,9
204;8 728;6 344;LE CINE FIL;28,4;47.14704;-0.536932;454032;PAYS DE LA LOIRE;49373;8008;49;49125;Vihiers;8008;06-autres communes et unités urbaines;1;31;235;37,6;De 5 à 10 000 entrées;E;;I;93;74;1;65,9;26,8;7,2;0,1;27;13,6
240;8 316;7 701;ASSOCIATION VILLEDIEU CINEMA;48,8;48.837867;-1.221993;455951;NORMANDIE;50639;3940;50;50201;Villedieu-les-Poêles;5821;06-autres communes et unités urbaines;1;21;293;8;De 5 à 10 000 entrées;E;RDJPPR;C;99;74;1;65,1;23,3;9,7;1,9;41;21,6
217;13 518;9 141;ASSOCIATION CINEMA LES CLUBS;16,5;49.254713;3.092158;459221;HAUTS DE FRANCE;2810;11104;2;2301;Villers-Cotterêts;11104;06-autres communes et unités urbaines;2;32;1 355;47,9;De 10 à 20 000 entrées;E;RDJP;I;172;150;67;36,6;47,3;14,5;1,6;57;13,4
188;8 839;5 775;EPIC D ANIMATIONS;20;49.324649;-0.001154;460033;NORMANDIE;14754;2652;14;14402;Dives-sur-Mer;34448;05-Unités urbaines de 20 000 à 100 000 hbts;1;32;502;53,1;De 5 à 10 000 entrées;NON;;B;93;79;2;67,6;22,9;9,5;0;21;13,4
345;32 863;18 523;COMMUNE DE VIRE;31,4;48.838655;-0.892968;462953;NORMANDIE;14762;17774;14;14301;Vire;17774;06-autres communes et unités urbaines;2;32;1 376;77,4;De 30 à 40 000 entrées;E;RDJPPR;C;159;125;37;43,5;42,2;13,8;0,5;59;12,6
515;55 442;35 767;AURORE DE VITRE;18,7;48.123858;-1.200713;463643;BRETAGNE;35360;18815;35;35302;Vitré;18815;06-autres communes et unités urbaines;3;32;1 853;55;De 50 à 80 000 entrées;E;JP;I;152;120;51;46,1;43,6;9,9;0,5;49;9,2
465;24 731;14 183;CINEMA DE LA RENAISSANCE;6,9;48.727309;4.586264;463842;GRAND EST;51649;11999;51;51301;Vitry-le-François;14782;06-autres communes et unités urbaines;3;32;1 832;74,4;De 20 à 30 000 entrées;E;;C;110;93;64;37,9;50,4;10,8;0,9;15;4,8
353;15 428;9 112;ASSOCIATION LES TOURELLES;14,4;49.395324;4.700053;465872;GRAND EST;8490;4489;8;8106;Vouziers;4489;06-autres communes et unités urbaines;2;32;1 120;69,3;De 10 à 20 000 entrées;E;;I;118;101;27;49,3;37,4;13,2;0,1;27;7,4
120;953;2 222;FEDERATION DEPARTEMENTALE DES MAISONS DES JEUNES ET DE LA CULTUR;34,2;49.714863;3.584145;465920;HAUTS DE FRANCE;2517;307;2;0;Zone rurale;14862638;04-Unités urbaines de 100 000 hbts ou plus;1;20;47;-57,1;Moins de 2000 entrées;E;;R;25;19;0;85,7;11,1;3,2;0;8;27
150;2 207;2 483;FAMILLES RURALES FEDERATION REGIONALE DES PAYS DE LA LOIRE;17,3;47.476235;-2.158292;466201;PAYS DE LA LOIRE;44098;5435;44;44119;Missillac;5435;06-autres communes et unités urbaines;1;14;68;-11,1;De 2 à 5 000 entrées;NON;;I;30;20;0;69,1;27;3,9;0;4;13,4
690;109 042;70 807;CINAEA;27,9;49.618891;0.753617;469602;NORMANDIE;76758;11866;76;76301;Yvetot;15529;06-autres communes et unités urbaines;7;32;6 147;54;De 100 à 150 000 entrées;E;RDJP;C;237;192;142;42,9;45,1;11,5;0,5;92;9,1
2985;318 917;251 318;PATHE NANTES;12,9;47.222987;-1.628379;576000;PAYS DE LA LOIRE;44162;47062;44;44701;Nantes;671849;04-Unités urbaines de 100 000 hbts ou plus;14;32;13 938;26,9;De 300 à 450 000 entrées;NON;;B;217;166;139;32;51,9;14,6;1,5;50;8,6
178;3 105;2 607;PANORAMIC;22,2;48.032408;3.296723;719400;BOURGOGNE / FRANCHE-COMTE;89348;2343;89;89102;Saint-Julien-du-Sault;2822;06-autres communes et unités urbaines;1;32;315;19,1;De 2 à 5 000 entrées;E;;C;102;86;14;55,9;34;10;0,2;38;11,8
1191;57 805;41 177;CINE LUMIERE;18,3;47.22562;2.057905;720650;CENTRE-VAL DE LOIRE;18279;26261;18;18401;Vierzon;29527;05-Unités urbaines de 20 000 à 100 000 hbts;7;32;4 612;40,4;De 50 à 80 000 entrées;D;;C;178;155;117;44,4;43;11,9;0,7;53;9,5
1792;205 350;160 638;CINEVILLE                                                       ;16,5;47.189868;-1.4869;720950;PAYS DE LA LOIRE;44190;28063;44;44701;Nantes;671849;04-Unités urbaines de 100 000 hbts ou plus;9;32;8 907;27,8;De 200 à 300 000 entrées;NON;;B;133;105;102;40,3;47,1;12,1;0,5;22;12,4
1987;188 131;129 606;CINEVILLE                                                       ;10,6;48.00072;-4.109877;721500;BRETAGNE;29232;65638;29;29501;Quimper;82761;05-Unités urbaines de 20 000 à 100 000 hbts;10;32;9 573;45,2;De 150 à 200 000 entrées;D;;C;164;129;129;38,3;48,2;12,6;0,9;17;8,2
298;654;727;CINE-OFF;33,3;47.38634;0.653023;722080;CENTRE-VAL DE LOIRE;37195;10412;37;37701;Tours;362653;04-Unités urbaines de 100 000 hbts ou plus;1;9;9;-10;Moins de 2000 entrées;NON;;B;9;6;0;62,2;13,9;23,9;0;2;23,7
166;821;1 149;CINE-OFF;30;47.345608;0.608054;723840;CENTRE-VAL DE LOIRE;37018;8191;37;37701;Tours;362653;04-Unités urbaines de 100 000 hbts ou plus;1;11;18;-28,5;Moins de 2000 entrées;NON;;B;9;6;0;46,2;28,5;25,3;0;2;23,3
1814;112 590;69 001;SOCIETE DES CINEMAS DE TOURS;9,5;47.416279;0.702126;724048;CENTRE-VAL DE LOIRE;37261;139230;37;37701;Tours;362653;04-Unités urbaines de 100 000 hbts ou plus;9;32;8 056;63,2;De 100 à 150 000 entrées;NON;;C;125;107;102;34;51,8;13,4;0,8;14;9
934;69 447;14 964;EMERAUDE CINEMAS;13;48.612354;-2.049568;724080;BRETAGNE;35241;2432;35;458;Dinard;34612;05-Unités urbaines de 20 000 à 100 000 hbts;7;32;4 668;364,1;De 50 à 80 000 entrées;NON;;B;142;119;116;48,6;38,9;12,1;0,4;21;9,9
1244;109 599;63 196;CINEVILLE;8,1;48.065518;-1.626459;724600;BRETAGNE;35352;8193;35;35216;Vern-sur-Seiche;8193;06-autres communes et unités urbaines;6;32;5 677;73,4;De 100 à 150 000 entrées;NON;;I;120;95;65;36,9;51,4;11,3;0,3;16;6,4
200;241;0;VOX POPULI;0;47.929629;2.984614;724880;CENTRE-VAL DE LOIRE;45329;1313;45;0;Zone rurale;14862638;04-Unités urbaines de 100 000 hbts ou plus;1;1;6;#DIV/0!;Moins de 2000 entrées;NON;;R;3;2;0;100;0;0;0;0;0
1595;130 200;86 644;CAP CINEMA AGEN                                                 ;17,9;44.204567;0.624721;11592;NOUVELLE AQUITAINE;47001;33887;47;47501;Agen;82630;05-Unités urbaines de 20 000 à 100 000 hbts;10;32;11 575;50,3;De 100 à 150 000 entrées;D;;C;173;157;152;34,5;50,4;13,7;1,4;48;7,8
254;5 833;5 260;CIRCUIT ARTS ET LOISIRS;50,7;44.299994;0.336667;12562;NOUVELLE AQUITAINE;47004;4557;47;47103;Aiguillon;4839;06-autres communes et unités urbaines;1;32;481;10,9;De 5 à 10 000 entrées;E;JPPR;C;188;149;3;60,5;23,5;14,3;1,7;87;38,8
444;6 533;3 266;CUNY ROBERT JOSEPH AUGUST;19,8;43.699953;-0.265292;13151;NOUVELLE AQUITAINE;40001;6673;40;263;Aire-sur-l'Adour;8086;06-autres communes et unités urbaines;2;26;410;100;De 5 à 10 000 entrées;E;;C;108;99;55;51,7;35,2;13;0,2;34;15,7
240;11 184;9 408;ASSOCIATION CINE AIZENAY;37,9;46.744249;-1.6164029999999912;13622;PAYS DE LA LOIRE;85003;9888;85;85206;Aizenay;9888;06-autres communes et unités urbaines;2;32;795;18,9;De 10 à 20 000 entrées;E;;I;173;148;9;53,1;33,5;13,4;0;63;16,8
467;19 847;15 562;PLOUHEL;96,9;43.92676;2.149209;14102;OCCITANIE;81004;50741;81;81502;Albi;76988;05-Unités urbaines de 20 000 à 100 000 hbts;3;32;2 219;27,5;De 10 à 20 000 entrées;D;RDJPPR;C;153;111;80;67,7;13,3;14,1;4,8;102;97,5
142;11 173;7 493;ASSOCIATION DE GESTION DE LA SCENE NATIONALE D'ALBI;93;43.923796;2.144604;14114;OCCITANIE;81004;50741;81;81502;Albi;76988;05-Unités urbaines de 20 000 à 100 000 hbts;1;27;488;49,1;De 10 à 20 000 entrées;D;RDJPPR;C;143;79;4;69,2;6,1;21,1;3,6;74;90,1
1095;123 853;72 003;MULTICINES PYRENEES SARL;16,4;43.483711;-1.508634;19325;NOUVELLE AQUITAINE;64024;40772;64;751;Bayonne (partie française);251522;04-Unités urbaines de 100 000 hbts ou plus;7;32;7 208;72;De 100 à 150 000 entrées;NON;;C;123;106;107;41,2;45;13,9;0;21;11,9
294;22 622;19 882;CITE INTERNATIONALE DE LA BANDE DESSINEE ET DE L IMAGE;99,3;45.653155;0.150537;19464;NOUVELLE AQUITAINE;16015;43396;16;16601;Angoulême;112948;04-Unités urbaines de 100 000 hbts ou plus;2;32;1 800;13,8;De 20 à 30 000 entrées;C;RDJPPR;C;175;99;65;73,4;4,9;10,5;11,2;96;97,7
1876;114 475;73 336;RAYCHAMOND;22;45.650367;0.164018;19491;NOUVELLE AQUITAINE;16015;43396;16;16601;Angoulême;112948;04-Unités urbaines de 100 000 hbts ou plus;11;32;12 683;56,1;De 100 à 150 000 entrées;NON;;C;191;169;165;41,1;45,6;11,4;1,9;50;16,3
172;13 128;2 806;RAYCHAMOND;9;45.650091;0.162338;19507;NOUVELLE AQUITAINE;16015;43396;16;16601;Angoulême;112948;04-Unités urbaines de 100 000 hbts ou plus;1;32;729;367,9;De 10 à 20 000 entrées;NON;;C;26;23;23;5,8;68,1;26,1;0;1;17,8
519;32 699;20 015;SARL GRAND ECRAN;44,6;44.660258;-1.168378;22051;NOUVELLE AQUITAINE;33009;11825;33;33501;La Teste-de-Buch - Arcachon;68820;05-Unités urbaines de 20 000 à 100 000 hbts;3;32;2 173;63,4;De 30 à 40 000 entrées;D;RDJP;B;128;91;69;66,2;18,4;15;0,3;52;35,3
288;4 412;4 161;ASSOCIATION LE PARVIS;32,2;43.005826;-0.095968;23131;OCCITANIE;65025;3070;65;65204;Argelès-Gazost;7138;06-autres communes et unités urbaines;1;32;317;6;De 2 à 5 000 entrées;E;;C;138;123;38;60,8;23,5;13,1;2,7;72;34,3
187;4 779;3 602;CENTRE REGIONAL PROMOTION IMAGE LE SENECHAL;34,8;45.091845;1.943901;23262;NOUVELLE AQUITAINE;19010;3074;19;19102;Argentat;3074;06-autres communes et unités urbaines;1;30;243;32,7;De 2 à 5 000 entrées;E;;I;89;76;0;67,7;21,1;11,3;0;32;19,9
223;1 892;1 342;ASSOCIATION SAINTE CECILE;34,3;46.983737;-0.446514;23491;NOUVELLE AQUITAINE;79013;3278;79;0;Zone rurale;14862638;04-Unités urbaines de 100 000 hbts ou plus;1;32;217;41;Moins de 2000 entrées;NON;;R;103;90;5;74,7;17,5;6,3;1,4;32;41
75;878;422;ASSOCIATION LE PARVIS;25,5;42.955828;-0.213947;25179;OCCITANIE;65032;735;65;65204;Argelès-Gazost;7138;06-autres communes et unités urbaines;1;32;57;108,1;Moins de 2000 entrées;NON;;B;50;44;4;63,4;21;15,6;0;12;17
126;5 411;4 171;UNION SAINT MICHEL;39,8;43.10327;-0.430803;26132;NOUVELLE AQUITAINE;64062;2272;64;64105;Arudy;3781;06-autres communes et unités urbaines;1;32;362;29,7;De 5 à 10 000 entrées;E;JP;C;144;128;3;54,3;29,7;14,1;1,9;57;34,8
920;3 995;6 160;MONDES ET MULTITUDES                                            ;41,3;44.174083;2.607518;26180;OCCITANIE;12011;810;12;0;Zone rurale;14862638;04-Unités urbaines de 100 000 hbts ou plus;1;30;130;-35,1;De 2 à 5 000 entrées;E;JP;R;64;40;2;77,3;13;9,6;0;20;27,4
238;2 902;3 387;ASSOCIATION JEUNESSE LOISIRS ET AVENIR;28;46.623209;-1.427738;28661;PAYS DE LA LOIRE;85008;6813;85;85108;Aubigny;6813;06-autres communes et unités urbaines;1;27;145;-14,3;De 2 à 5 000 entrées;E;;I;96;69;0;62,6;29;8,4;0;22;13,2
379;10 860;7 306;ASSOCIATION CINEMA LE COLBERT;37;45.956961;2.170097;28991;NOUVELLE AQUITAINE;23008;3513;23;23102;Aubusson;3513;06-autres communes et unités urbaines;2;32;1 010;48,6;De 10 à 20 000 entrées;E;RDJPPR;I;166;138;6;54,8;33,1;10,8;1,3;70;18,7
188;10 374;6 700;ASSOCIATION CINEFOL 31;60,6;43.671301;1.43582;29062;OCCITANIE;31022;8782;31;31701;Toulouse;996979;04-Unités urbaines de 100 000 hbts ou plus;1;30;474;54,8;De 10 à 20 000 entrées;C;JP;B;168;132;1;58,7;20,7;17,6;2,9;86;48,2
835;69 379;68 204;CINE 32;51;43.651097;0.594265;29123;OCCITANIE;32013;23299;32;32401;Auch;26797;05-Unités urbaines de 20 000 à 100 000 hbts;5;24;2 612;1,7;De 50 à 80 000 entrées;D;RDJPPR;C;220;165;85;40,7;42,2;14,5;2,6;104;28,7
179;12 376;7 621;ASSOCIATION CINEFOL 31;53,9;43.350358;1.474329;31544;OCCITANIE;31033;9963;31;31208;Auterive;9963;06-autres communes et unités urbaines;1;32;621;62,4;De 10 à 20 000 entrées;E;RDJPPR;I;204;153;1;52,6;27,1;19,2;1,1;90;37,2
98;18 291;15 294;CINEMA STUDIO 7;67,3;43.543431;1.565026;32941;OCCITANIE;31036;1600;31;31701;Toulouse;996979;04-Unités urbaines de 100 000 hbts ou plus;1;32;759;19,6;De 10 à 20 000 entrées;C;JPPR;B;171;123;2;64;17,6;13,6;4,8;86;60,8
336;2 520;2 343;SOCIETE DU CASINO D'AX LES THERMES;40,4;42.72135;1.838852;34482;OCCITANIE;9032;1343;9;0;Zone rurale;14862638;04-Unités urbaines de 100 000 hbts ou plus;1;30;111;7,6;De 2 à 5 000 entrées;E;;R;79;64;0;44,1;36,7;15,3;3,9;28;25,5
116;6 840;5 162;ASSOCIATION LE PARVIS;36,2;43.062858;0.15111;35861;OCCITANIE;65059;7386;65;65301;Bagnères-de-Bigorre;12839;06-autres communes et unités urbaines;1;32;365;32,5;De 5 à 10 000 entrées;E;;C;149;126;38;61,2;17,5;17,5;3,8;74;39
378;20 524;17 895;CINEMAS REX;37,9;42.788987;0.591188;35872;OCCITANIE;31042;2436;31;31113;Bagnères-de-Luchon;4044;06-autres communes et unités urbaines;2;28;1 365;14,7;De 20 à 30 000 entrées;E;RDJP;C;94;81;32;68,9;17,9;11,4;1,7;45;30,1
164;742;1 652;LES LUMIERES DE LA VILLE;39;44.277667;2.43172;38501;OCCITANIE;12056;3228;12;12101;Baraqueville;3228;06-autres communes et unités urbaines;1;20;204;-55,1;Moins de 2000 entrées;E;JP;I;78;56;0;48,2;29,1;18,9;3,8;23;25,3
90;836;714;ASSOCIATION PROMOTION ACTIVITE CULTURELLE AUDIOVISUELLE MARMANDE;10,7;44.169886;0.285632;38592;NOUVELLE AQUITAINE;47021;1615;47;47301;Nérac;12321;06-autres communes et unités urbaines;1;29;36;17,1;Moins de 2000 entrées;NON;;B;30;25;0;49,7;36,7;13,6;0;3;9,5
239;18 309;12 146;LES BONIMENTEURS;29,3;45.471503;-0.152462;38772;NOUVELLE AQUITAINE;16028;4858;16;16107;Barbezieux-Saint-Hilaire;4858;06-autres communes et unités urbaines;2;32;882;50,7;De 10 à 20 000 entrées;E;RDJP;I;142;115;29;47,7;38,5;13,1;0,7;50;20,8
136;827;1 331;ASSOCIATION LE PARVIS;27,7;42.8964384;0.06247450000000754;39131;OCCITANIE;65481;166;65;0;Zone rurale;14862638;04-Unités urbaines de 100 000 hbts ou plus;1;26;72;-37,9;Moins de 2000 entrées;NON;;R;59;52;10;72,2;21,5;6,3;0;15;21,2
400;71 060;57 794;CINEMA L'ATALANTE;95,1;43.495508;-1.471382;42717;NOUVELLE AQUITAINE;64102;52569;64;751;Bayonne (partie française);251522;04-Unités urbaines de 100 000 hbts ou plus;3;32;2 925;23;De 50 à 80 000 entrées;C;RDJPPR;C;193;128;93;63,3;14,3;15,8;6,6;118;96,8
154;8 316;6 431;BAZAS CULTURE CINEMA;62,8;44.432356;-0.21416;42841;NOUVELLE AQUITAINE;33036;5054;33;33122;Bazas;5054;06-autres communes et unités urbaines;1;31;475;29,3;De 5 à 10 000 entrées;E;JPPR;I;178;137;0;64,5;17,7;14,7;3;90;49,3
212;4 531;3 146;VILLE DE BEAUMONT DE LOMAGNE                                    ;33,7;43.880921;0.98659;44892;OCCITANIE;82013;3939;82;82103;Beaumont-de-Lomagne;3939;06-autres communes et unités urbaines;1;32;234;44;De 2 à 5 000 entrées;E;;I;156;131;1;44,2;41,4;13,8;0,6;50;23,5
374;19 784;12 762;FLIP BOOK;21,5;44.813225;-0.563936;46862;NOUVELLE AQUITAINE;33039;30014;33;33701;Bordeaux;951880;04-Unités urbaines de 100 000 hbts ou plus;2;32;1 412;55;De 10 à 20 000 entrées;C;JP;B;72;47;8;18,3;57,3;18,9;5,4;13;22,8
292;6 180;3 457;ASSOCIATION LOISIRS ET CULTURE;33,2;46.122277;1.045319;47645;NOUVELLE AQUITAINE;87011;3780;87;87202;Bellac;4858;06-autres communes et unités urbaines;1;32;451;78,8;De 5 à 10 000 entrées;E;JP;C;122;105;3;62,4;23,9;13,2;0,6;45;18
1082;70 793;46 537;SOBAMA;22,5;44.853174;0.486443;50151;NOUVELLE AQUITAINE;24037;27541;24;553;Bergerac;65822;05-Unités urbaines de 20 000 à 100 000 hbts;9;32;6 452;52,1;De 50 à 80 000 entrées;D;;C;204;160;141;39;46,5;13,2;1,3;61;11,9
458;41 131;32 177;ROYAL CINEMA DE BIARRITZ;80,8;43.481231;-1.559098;54891;NOUVELLE AQUITAINE;64122;26248;64;751;Bayonne (partie française);251522;04-Unités urbaines de 100 000 hbts ou plus;3;31;2 685;27,8;De 40 à 50 000 entrées;C;RDJPPR;C;152;120;87;58,9;18,5;16,6;5,9;95;75
186;9 673;7 324;ASSOCIATION MAISON DES JEUNES ET DE LA CULTURE BRETENOUX;47,7;44.92068;1.841345;54931;OCCITANIE;46029;2148;46;46104;Biars-sur-Cère;4627;06-autres communes et unités urbaines;1;32;424;32,1;De 5 à 10 000 entrées;E;JP;C;148;114;1;48,3;36,6;12,2;2,9;64;33,2
298;3 789;2 208;ARTS ET TECHNIQUES;29,2;44.637692;-0.974856;55532;NOUVELLE AQUITAINE;33051;11043;33;33304;Biganos;19495;06-autres communes et unités urbaines;1;32;243;71,6;De 2 à 5 000 entrées;E;;C;134;121;2;43,8;46,3;9,7;0,2;53;19,9
536;53 693;30 487;MANDEAU MICHEL PIERRE;27,6;44.39654;-1.166475;56475;NOUVELLE AQUITAINE;40046;14292;40;40302;Biscarrosse;14292;06-autres communes et unités urbaines;4;32;3 214;76,1;De 50 à 80 000 entrées;D;RDJPPR;I;203;167;85;38,5;47,7;12,8;1;76;13,8
2857;322 785;203 672;BLAMOND;16,1;43.643857;1.370839;57141;OCCITANIE;31069;25633;31;31701;Toulouse;996979;04-Unités urbaines de 100 000 hbts ou plus;15;32;18 043;58,5;De 300 à 450 000 entrées;NON;;B;192;163;163;28,8;53,9;15,5;1,9;39;8,7
213;16 678;12 144;COMMUNE DE BLAGNAC;63,3;43.636005;1.384463;57172;OCCITANIE;31069;25633;31;31701;Toulouse;996979;04-Unités urbaines de 100 000 hbts ou plus;1;29;540;37,3;De 10 à 20 000 entrées;C;JP;B;184;126;2;53,3;30,3;12;4,4;82;46,5
339;17 583;12 701;ETABLISSEMENT LOCAL ACTION CULTURELLES LES COLONNES;50,8;44.910625;-0.633757;57821;NOUVELLE AQUITAINE;33056;16115;33;33701;Bordeaux;951880;04-Unités urbaines de 100 000 hbts ou plus;2;32;1 698;38,4;De 10 à 20 000 entrées;C;JPPR;B;164;125;22;64;21,6;13,3;1;73;44,7
114;1 162;777;LES BONIMENTEURS;39,2;45.46093;0.034513;57851;NOUVELLE AQUITAINE;16046;1030;16;0;Zone rurale;14862638;04-Unités urbaines de 100 000 hbts ou plus;1;29;94;49,5;Moins de 2000 entrées;NON;;R;80;71;0;68,8;22,3;8,5;0,4;29;25,5
408;24 907;16 387;SOC DEVELOPPEMENT CINEMA EN GIRONDE                             ;31,8;45.12999;-0.661334;58143;NOUVELLE AQUITAINE;33058;4933;33;33301;Blaye;10782;06-autres communes et unités urbaines;2;32;1 425;52;De 20 à 30 000 entrées;E;RDJPPR;C;194;160;80;42,4;46;10,9;0,7;85;17
1900;198 792;111 684;HELMANI;13,6;44.841914;-0.577194;62802;NOUVELLE AQUITAINE;33063;260352;33;33701;Bordeaux;951880;04-Unités urbaines de 100 000 hbts ou plus;12;32;14 028;78;De 150 à 200 000 entrées;NON;;C;156;137;136;35,2;47,9;14,5;2,4;21;9,8
2648;349 221;263 278;UGC SAS;47,2;44.8405;-0.582021;62804;NOUVELLE AQUITAINE;33063;260352;33;33701;Bordeaux;951880;04-Unités urbaines de 100 000 hbts ou plus;18;32;17 593;32,6;De 300 à 450 000 entrées;NON;;C;303;208;196;47,9;35,9;14;2,3;113;41,1
2878;214 797;146 187;AGORA CINEMAS;16;44.841593;-0.562257;62871;NOUVELLE AQUITAINE;33063;260352;33;33701;Bordeaux;951880;04-Unités urbaines de 100 000 hbts ou plus;17;32;19 109;46,9;De 200 à 300 000 entrées;NON;;C;198;162;161;28,8;55,2;14;2;42;10,5
553;141 672;122 280;UTOPIA ST SIMEON;97,1;44.838942;-0.572524;63411;NOUVELLE AQUITAINE;33063;260352;33;33701;Bordeaux;951880;04-Unités urbaines de 100 000 hbts ou plus;5;32;4 994;15,9;De 100 à 150 000 entrées;A;RDJPPR;C;306;145;121;62,2;13,7;16,4;7,7;136;98
358;3 783;2 531;COMMUNE DE BORT LES ORGUES;29,5;45.401122;2.498735;64352;NOUVELLE AQUITAINE;19028;2761;19;19104;Bort-les-Orgues;2761;06-autres communes et unités urbaines;2;27;326;49,5;De 2 à 5 000 entrées;E;;I;92;85;0;58,4;29,2;12,4;0;30;14,6
221;2 008;1 709;ASSOCIATION CINE PASSION;45;43.290386;0.651246;66714;OCCITANIE;31080;1671;31;0;Zone rurale;14862638;04-Unités urbaines de 100 000 hbts ou plus;1;31;284;17,5;De 2 à 5 000 entrées;E;;R;69;58;0;70,4;17,8;11,8;0;25;44,5
410;5 373;4 351;BENNAAMANE AHMED;26,3;45.953962;1.755702;67711;NOUVELLE AQUITAINE;23030;2700;23;23101;Bourganeuf;2700;06-autres communes et unités urbaines;1;29;375;23,5;De 5 à 10 000 entrées;E;;I;110;85;1;56,6;30,6;12,8;0;30;23,6
813;84 746;61 752;CINEMAS BOCAGE                                                  ;22,9;46.850232;-0.474956;72985;NOUVELLE AQUITAINE;79049;20726;79;79304;Bressuire;20726;05-Unités urbaines de 20 000 à 100 000 hbts;5;32;4 559;37,2;De 80 à 100 000 entrées;E;RDJPPR;I;218;157;100;52,9;37,5;8,9;0,7;58;10,8
290;4 089;1 689;ASSOCIATION CINEMA LE FIEF CAFE;38,3;46.629207;-1.852443;73371;PAYS DE LA LOIRE;85035;4953;85;85203;Bretignolles-sur-Mer;7782;06-autres communes et unités urbaines;1;32;377;142,1;De 2 à 5 000 entrées;NON;;C;156;142;1;62,4;25,3;11,8;0,5;67;22,1
1504;142 119;90 818;CINEMA THEATRE LE SPLENDID;11,5;45.165031;1.542022;75694;NOUVELLE AQUITAINE;19031;47922;19;554;Brive-la-Gaillarde;76771;05-Unités urbaines de 20 000 à 100 000 hbts;9;32;10 002;56,5;De 100 à 150 000 entrées;NON;;C;143;127;130;37,2;48,5;13,2;1;20;5,5
587;24 806;22 953;BRIVE MEDIA CULTURE;99,1;45.158027;1.529898;75703;NOUVELLE AQUITAINE;19031;47922;19;554;Brive-la-Gaillarde;76771;05-Unités urbaines de 20 000 à 100 000 hbts;3;32;3 390;8,1;De 20 à 30 000 entrées;D;RDJPPR;C;142;117;105;70,7;10,7;14,1;4,5;114;97,6
281;20 026;13 889;COMMUNE DE BUISSON DE CADOUIN;30,2;44.845348;0.909131;78542;NOUVELLE AQUITAINE;24068;2004;24;0;Zone rurale;14862638;04-Unités urbaines de 100 000 hbts ou plus;2;32;1 044;44,2;De 20 à 30 000 entrées;E;RDJPPR;R;143;108;27;51,3;34,4;13,5;0,8;54;19,1
2174;204 708;136 118;BUXEMOND;15,7;46.610272;0.367025;80391;NOUVELLE AQUITAINE;86041;10180;86;86601;Poitiers;135451;04-Unités urbaines de 100 000 hbts ou plus;12;32;14 265;50,4;De 200 à 300 000 entrées;NON;;B;166;146;145;38,5;47,1;13,7;0,7;32;9,2
150;3 898;5 182;FEDERATION DEPARTEMENTALE DES FOYERS RURAUX DU LOT;60;44.530413;1.555391;80991;OCCITANIE;46040;236;46;0;Zone rurale;14862638;04-Unités urbaines de 100 000 hbts ou plus;1;25;136;-24,8;De 2 à 5 000 entrées;E;JP;R;63;29;0;87,3;9,5;1,4;1,8;18;51,7
286;21 889;16 822;LE PARADIS;63,8;44.636357;-0.320145;81311;NOUVELLE AQUITAINE;33081;2846;33;33121;Cadillac;5176;06-autres communes et unités urbaines;2;32;1 526;30,1;De 20 à 30 000 entrées;E;RDJP;C;156;120;41;60,3;21;14,5;4,2;80;53,6
172;1 040;884;COMMUNE DE CAMARES;53,4;43.824209;2.878911;82741;OCCITANIE;12044;1066;12;0;Zone rurale;14862638;04-Unités urbaines de 100 000 hbts ou plus;1;27;83;17,6;Moins de 2000 entrées;NON;;R;28;25;0;84,2;0;15,8;0;13;41
110;6 322;3 803;DOILLET MARIE-HELENE CATHERINE;41,4;43.35874;-1.397218;82961;NOUVELLE AQUITAINE;64160;6718;64;64203;Cambo-les-Bains;6718;06-autres communes et unités urbaines;1;32;367;66,2;De 5 à 10 000 entrées;E;JP;I;153;129;2;65,5;21,2;11,9;1,5;56;39
383;2 620;2 347;COMMUNE DE CANEJAN;33,9;44.761134;-0.654322;84441;NOUVELLE AQUITAINE;33090;5930;33;33701;Bordeaux;951880;04-Unités urbaines de 100 000 hbts ou plus;1;22;77;11,6;De 2 à 5 000 entrées;NON;;B;44;35;0;70,4;22,2;7,4;0;14;20
172;11 770;8 211;ASSOCIATION SCENA RIO;21;43.641276;-1.432502;85211;NOUVELLE AQUITAINE;40065;9203;40;40301;Capbreton;12747;06-autres communes et unités urbaines;1;32;484;43,3;De 10 à 20 000 entrées;E;RDJPPR;C;130;121;81;54,2;34;11,5;0,3;43;17,9
263;6 499;4 538;LES LUMIERES DE LA VILLE;46,7;44.574792;2.081445;85323;OCCITANIE;12052;4581;12;364;Figeac;17308;06-autres communes et unités urbaines;1;30;439;43,2;De 5 à 10 000 entrées;E;JP;B;116;103;2;56,7;32,7;7,5;3,1;59;34,9
195;2 021;1 073;ARTS ET TECHNIQUES;43,2;44.292217;-0.259312;85851;NOUVELLE AQUITAINE;33095;1308;33;0;Zone rurale;14862638;04-Unités urbaines de 100 000 hbts ou plus;1;28;208;88,4;De 2 à 5 000 entrées;E;;R;104;90;0;65;25,4;8,7;0,9;43;34,5
99;2 075;1 177;ASSOCIATION LE PARVIS SCENE NATIONALE TARBES PYRENEES;62,4;43.120092;0.309567;85861;OCCITANIE;65127;1293;65;0;Zone rurale;14862638;04-Unités urbaines de 100 000 hbts ou plus;1;31;131;76,3;De 2 à 5 000 entrées;E;;R;94;77;1;85,5;5,9;7,4;1,2;49;55,6
196;3 134;1 074;ARTS ET TECHNIQUES;36,7;44.895434;-0.508506;85981;NOUVELLE AQUITAINE;33096;8253;33;33701;Bordeaux;951880;04-Unités urbaines de 100 000 hbts ou plus;1;23;82;191,8;De 2 à 5 000 entrées;NON;;B;58;43;0;53,6;34;12,3;0;17;25,8
206;5 381;5 050;ASSOCIATION CINEFOL 31;61,8;43.286407;1.200892;85993;OCCITANIE;31107;5862;31;31204;Carbonne;6856;06-autres communes et unités urbaines;1;32;322;6,6;De 5 à 10 000 entrées;E;JP;C;221;178;0;63,7;21,2;11,4;3,6;114;56,1
248;3 126;1 301;ARTS ET TECHNIQUES;12,2;45.069909;-1.142214;86031;NOUVELLE AQUITAINE;33097;2451;33;0;Zone rurale;14862638;04-Unités urbaines de 100 000 hbts ou plus;1;28;154;140,3;De 2 à 5 000 entrées;NON;;R;72;69;5;55,7;30,6;13,7;0;13;7,7
573;27 472;18 587;L' YRE CINEMAS                                                  ;20,1;44.049028;2.157496;86544;OCCITANIE;81060;9799;81;81304;Carmaux;17142;06-autres communes et unités urbaines;4;31;2 654;47,8;De 20 à 30 000 entrées;E;RDJPPR;C;173;137;82;42,2;45,2;11,7;0,9;55;12,5
150;2 091;1 829;ASSOCIATION BEARN ADOUR TOURISME ET LOISIRS;30,2;43.4817151;-0.2803853000000345;86860;NOUVELLE AQUITAINE;64167;220;64;0;Zone rurale;14862638;04-Unités urbaines de 100 000 hbts ou plus;1;17;65;14,3;De 2 à 5 000 entrées;NON;;R;20;13;0;96;4;0;0;4;29
178;13 633;10 248;MJC DE CASTANET TOLOSAN;56,8;43.516624;1.498262;87772;OCCITANIE;31113;14055;31;31701;Toulouse;996979;04-Unités urbaines de 100 000 hbts ou plus;1;32;787;33;De 10 à 20 000 entrées;C;;B;247;198;0;67;19,8;11;2,2;126;43,5
190;12 275;8 796;VEO CINEMAS;22,6;43.693325;1.429742;87941;OCCITANIE;31116;10851;31;31701;Toulouse;996979;04-Unités urbaines de 100 000 hbts ou plus;1;32;651;39,6;De 10 à 20 000 entrées;C;;B;122;93;11;55,4;26,5;17,6;0,5;33;17,2
185;6 857;4 216;CINE 2000 - L'ODYSSÉE                                           ;51,3;44.313986;0.084494;87966;NOUVELLE AQUITAINE;47052;4589;47;47102;Casteljaloux;4589;06-autres communes et unités urbaines;1;32;375;62,6;De 5 à 10 000 entrées;E;JPPR;I;165;138;0;55,9;29,1;13,3;1,6;86;31,8
193;8 657;4 964;ASSOCIATION CINEFOL 31;27,3;43.680383;1.534648;88111;OCCITANIE;31117;4418;31;31701;Toulouse;996979;04-Unités urbaines de 100 000 hbts ou plus;1;28;314;74,4;De 5 à 10 000 entrées;C;;B;142;112;26;49,2;36,5;13,6;0,7;42;22,1
80;3 990;2 788;ASSOCIATION DEVELOPPEMENT ACTION CULTURELLE FOIX ARIEGE;83,9;43.001442;1.33357;88371;OCCITANIE;9082;460;9;0;Zone rurale;14862638;04-Unités urbaines de 100 000 hbts ou plus;1;36;226;43,1;De 2 à 5 000 entrées;E;JP;R;51;28;1;55,7;28,6;11,3;4,4;23;84,9
184;4 465;3 462;COMMUNE DE CASTELSARRASIN;41,8;44.037315;1.109842;88512;OCCITANIE;82033;14252;82;82401;Castelsarrasin;27772;05-Unités urbaines de 20 000 à 100 000 hbts;1;30;196;29;De 2 à 5 000 entrées;D;;C;97;80;0;70,5;22;4,7;2,8;38;35,2
106;3 229;2 879;ASSOCIATION CASTESIENNE CINE KURSAAL;37,4;43.882158;-1.145369;88751;NOUVELLE AQUITAINE;40075;2451;40;0;Zone rurale;14862638;04-Unités urbaines de 100 000 hbts ou plus;1;32;312;12,2;De 2 à 5 000 entrées;E;;R;126;113;0;54;30,8;14,7;0,5;45;21,6
205;7 589;5 219;ASSOCIATION LES AMIS DE CINE 4;48,6;44.651621;0.591622;88991;NOUVELLE AQUITAINE;47057;1415;47;0;Zone rurale;14862638;04-Unités urbaines de 100 000 hbts ou plus;1;32;372;45,4;De 5 à 10 000 entrées;E;JP;R;165;136;1;40,8;29,1;27,7;2,3;77;36,2
660;72 812;48 333;SOCIETE D EXPLOITATION CINEMATOGRAPHIQUE;19,3;43.606683;2.243043;89105;OCCITANIE;81065;43260;81;81501;Castres;58750;05-Unités urbaines de 20 000 à 100 000 hbts;5;32;4 968;50,6;De 50 à 80 000 entrées;D;RDJPPR;C;179;147;84;33,6;52,1;12,2;2,1;74;12,3
240;11 535;8 918;ACTION CINEMATOGRAPHIQUE DU TARN;45,7;44.162933;1.538724;90112;OCCITANIE;82037;7055;82;82203;Caussade;8499;06-autres communes et unités urbaines;1;32;620;29,3;De 10 à 20 000 entrées;E;RDJPPR;C;173;121;9;59,3;20,7;15,8;4,2;77;38,8
122;5 327;6 174;SOCIETE D' EXPLOITATION DES CASINOS PYREEENS;20,3;42.88755;-0.114879;90191;OCCITANIE;65138;912;65;0;Zone rurale;14862638;04-Unités urbaines de 100 000 hbts ou plus;1;28;263;-13,7;De 5 à 10 000 entrées;E;;R;81;69;23;66,6;25,6;7,8;0;26;13
186;6 856;2 912;COMMUNE DE CAZAUBON;38,4;43.947931;-0.041716;90763;OCCITANIE;32096;1675;32;0;Zone rurale;14862638;04-Unités urbaines de 100 000 hbts ou plus;1;32;225;135,4;De 5 à 10 000 entrées;E;;R;143;123;29;80,4;11,9;6,4;1,2;57;30
237;3 812;3 092;ASSOCIATION CINEFOL 31;53,4;43.203101;1.083573;90932;OCCITANIE;31135;4918;31;31203;Cazères;6166;06-autres communes et unités urbaines;1;28;252;23,3;De 2 à 5 000 entrées;E;JP;C;168;136;0;54,3;27,2;15,4;3,2;78;45,8
200;3 849;2 451;ASSOCIATION CINEMA DU BOCAGE;22,2;46.821515;-0.668137;92441;NOUVELLE AQUITAINE;79062;4835;79;79204;Cerizay;5803;06-autres communes et unités urbaines;1;27;373;57;De 2 à 5 000 entrées;E;JP;C;91;80;4;70,4;18,4;10,9;0,3;19;20,3
544;23 267;14 147;ORGANISATION DES CIRCUITS CINEMATOGRAPHIQUES PRIVES;23,3;44.742006;-0.685394;93261;NOUVELLE AQUITAINE;33122;17212;33;33701;Bordeaux;951880;04-Unités urbaines de 100 000 hbts ou plus;2;32;1 630;64,5;De 20 à 30 000 entrées;C;JP;B;134;116;43;40,1;46,9;12,3;0,7;45;12,4
780;93 238;25 994;CINE AVENIR;20,9;46.84884;-1.872212;94745;PAYS DE LA LOIRE;85047;21662;85;85402;Challans;29179;05-Unités urbaines de 20 000 à 100 000 hbts;5;32;3 884;258,7;De 80 à 100 000 entrées;NON;;C;211;156;115;42,7;44;12,5;0,9;60;9,5
160;13 651;8 224;ASSOCIATION GESTION DU CINEMA LE SULLY;13,9;46.68832;-1.052512;99051;PAYS DE LA LOIRE;85051;8805;85;85207;Chantonnay;8805;06-autres communes et unités urbaines;1;32;605;66;De 10 à 20 000 entrées;E;JP;I;109;91;29;53,3;36,7;9,3;0,8;28;8,3
300;3 078;3 551;FAMILLES RURALES FEDERATION DEPARTEMENTALE DE VENDEE;21,7;46.587908;-1.642858;99411;PAYS DE LA LOIRE;85152;5297;85;85125;La Mothe-Achard;5297;06-autres communes et unités urbaines;1;15;95;-13,3;De 2 à 5 000 entrées;NON;;C;25;19;0;87,6;5,5;6,9;0;5;26,5
178;7 595;6 034;RENON IRENE EPOUSE VERGNAUD;35;45.823984;0.44846;103561;NOUVELLE AQUITAINE;16085;3329;16;16103;Chasseneuil-sur-Bonnieure;3329;06-autres communes et unités urbaines;1;32;464;25,9;De 5 à 10 000 entrées;E;;I;144;124;0;52,5;32,9;14,1;0,6;46;17,6
160;217;1 273;FAMILLES RURALES FEDERATION DEPARTEMENTALE DE VENDEE;100;46.647373;-0.742446;103922;PAYS DE LA LOIRE;85059;2601;85;85123;La Châtaigneraie;3947;06-autres communes et unités urbaines;1;2;3;-83;Moins de 2000 entrées;NON;;C;2;1;0;100;0;0;0;1;100
147;1 608;2 464;COMMUNE DE CHATEAU D OLONNE;83,7;46.501324;-1.733545;104143;PAYS DE LA LOIRE;85060;;85;85403;Les Sables-d'Olonne;45773;05-Unités urbaines de 20 000 à 100 000 hbts;1;8;69;-34,7;Moins de 2000 entrées;NON;;C;28;19;0;41;26,5;4,6;27,9;15;80,1
210;2 604;1 804;COMMUNAUTE DE COMMUNES BRIANCE-COMBADE;37,6;45.714496;1.608216;104642;NOUVELLE AQUITAINE;87040;1543;87;0;Zone rurale;14862638;04-Unités urbaines de 100 000 hbts ou plus;1;30;192;44,3;De 2 à 5 000 entrées;E;;R;112;90;1;63,1;22,7;13,2;1;38;24,4
129;13 803;13 416;MJC LES 400 COUPS;98;46.810802;0.542436;105375;NOUVELLE AQUITAINE;86066;32537;86;86401;Châtellerault;41560;05-Unités urbaines de 20 000 à 100 000 hbts;1;32;757;2,9;De 10 à 20 000 entrées;D;RDJPPR;C;106;71;22;67,7;7,7;17;7,6;68;98,3
946;85 882;53 041;SARL CINEA                                                      ;17,1;46.820621;0.544345;105404;NOUVELLE AQUITAINE;86066;32537;86;86401;Châtellerault;41560;05-Unités urbaines de 20 000 à 100 000 hbts;7;32;5 003;61,9;De 80 à 100 000 entrées;D;JP;C;174;148;135;44,5;42,6;12;0,9;45;7,6
218;6 809;6 182;CHAUVIGNY CINEMA;69,9;46.568169;0.647781;107511;NOUVELLE AQUITAINE;86070;7159;86;86203;Chauvigny;7159;06-autres communes et unités urbaines;2;25;360;10,1;De 5 à 10 000 entrées;E;RDJPPR;I;93;82;0;71,5;16,6;8,8;3,2;59;58,4
146;3 546;2 474;CINE CHEF;41,5;46.108833;-0.068552;108592;NOUVELLE AQUITAINE;79083;2627;79;79101;Chef-Boutonne;2627;06-autres communes et unités urbaines;1;30;220;43,3;De 2 à 5 000 entrées;E;JP;I;118;100;0;64,3;24,5;10,5;0,7;48;24,8
126;9 498;6 881;TEXIER PASCAL;35,5;46.148022;0.295463;113131;NOUVELLE AQUITAINE;86078;2758;86;86113;Civray;4116;06-autres communes et unités urbaines;1;32;617;38;De 5 à 10 000 entrées;E;RDJPPR;C;137;110;9;61,7;22,7;15,1;0,5;46;21,4
116;1 217;984;ASSOCIATION LE PARVIS;42,3;43.257218;0.483469;113271;OCCITANIE;65148;131;65;0;Zone rurale;14862638;04-Unités urbaines de 100 000 hbts ou plus;1;31;113;23,7;Moins de 2000 entrées;E;;R;97;89;11;71;16,3;11,6;1,1;43;36,2
273;8 585;6 230;LES LUMIERES DE LA VILLE;51,4;43.955916;0.372655;119181;OCCITANIE;32107;6715;32;32203;Condom;6715;06-autres communes et unités urbaines;2;32;457;37,8;De 5 à 10 000 entrées;E;RDJPPR;I;207;181;54;52,7;33,2;11,3;2,9;107;41,6
149;9 079;5 310;ASSOCIATION CULTURELLE EMILE ROUX;31,5;46.012696;0.670482;119331;NOUVELLE AQUITAINE;16106;2827;16;16102;Confolens;2827;06-autres communes et unités urbaines;1;30;550;71;De 5 à 10 000 entrées;E;JP;I;140;117;0;52,4;33,7;13,1;0,8;48;16,8
294;3 777;4 367;ASSOCIATION RETAISE DE DEVELOPPEMENT CULTUREL;54,2;46.191994;-1.426164;122291;NOUVELLE AQUITAINE;17121;1191;17;17118;Ars-en-Ré;4547;06-autres communes et unités urbaines;1;22;339;-13,5;De 2 à 5 000 entrées;E;;C;80;64;3;80,9;15,8;2,1;1,1;37;37
104;1 225;676;COMMUNE DE LA COURTINE;20,8;45.701627;2.260588;125933;NOUVELLE AQUITAINE;23067;788;23;0;Zone rurale;14862638;04-Unités urbaines de 100 000 hbts ou plus;1;29;95;81,2;Moins de 2000 entrées;NON;;R;62;48;0;73,8;22,2;4;0;9;9,6
222;7 160;5 227;COMMUNE DE LA CRECHE;39,6;46.362399;-0.298072;127501;NOUVELLE AQUITAINE;79048;5918;79;79202;La Crèche;5918;06-autres communes et unités urbaines;1;30;288;37;De 5 à 10 000 entrées;E;JPPR;I;110;84;0;62,7;23,2;13,6;0,5;35;27,9
189;11 936;8 986;OFFICE CREONNAIS CULTURE LOISIRS;55,5;44.773724;-0.348948;127821;NOUVELLE AQUITAINE;33140;4866;33;33114;Créon;4866;06-autres communes et unités urbaines;1;32;671;32,8;De 10 à 20 000 entrées;E;RDJPPR;I;170;140;2;60,4;27;10,9;1,7;82;42,8
1347;131 657;73 125;LE CLUB;27,8;43.714843;-1.055363;136666;NOUVELLE AQUITAINE;40088;21604;40;40402;Dax;52638;05-Unités urbaines de 20 000 à 100 000 hbts;10;32;7 389;80;De 100 à 150 000 entrées;D;JP;C;221;194;177;43,8;42,3;13,1;0,8;83;16,2
460;37 273;28 544;VEO CINEMAS;17,4;44.557817;2.274123;136686;OCCITANIE;12089;5559;12;12302;Decazeville;14693;06-autres communes et unités urbaines;3;32;2 205;30,6;De 30 à 40 000 entrées;E;RDJPPR;C;145;120;66;43,4;44,6;11,6;0,4;42;8,7
270;3 640;2 455;CENTRE REGIONAL PROMOTION IMAGE LE SENECHAL;34,3;46.215275;1.080037;141321;NOUVELLE AQUITAINE;87059;1704;87;0;Zone rurale;14862638;04-Unités urbaines de 100 000 hbts ou plus;1;32;242;48,3;De 2 à 5 000 entrées;E;;R;112;97;0;67,1;20,4;11,7;0,7;41;16,3
200;4 351;4 402;CENTRE REGIONAL PROMOTION IMAGE LE SENECHAL;14,7;46.300709;1.673061;143772;NOUVELLE AQUITAINE;23075;1129;23;0;Zone rurale;14862638;04-Unités urbaines de 100 000 hbts ou plus;1;25;212;-1,2;De 2 à 5 000 entrées;E;JP;R;33;18;0;67,2;31;1,8;0;3;9,4
126;395;1 247;ASSOCIATION GESTION LOCAUX SOCIAUX;8,7;42.958713;-0.332293;144303;NOUVELLE AQUITAINE;64204;197;64;0;Zone rurale;14862638;04-Unités urbaines de 100 000 hbts ou plus;1;11;23;-68,3;Moins de 2000 entrées;NON;;R;20;20;2;58,5;40,3;1,3;0;2;2,5
323;5 186;3 463;OFFICE DU TOURISME D'EAUZE;40,7;43.859667;0.100888;144331;OCCITANIE;32119;4013;32;32103;Eauze;4013;06-autres communes et unités urbaines;1;32;213;49,8;De 5 à 10 000 entrées;E;PR;I;159;131;22;39,5;44,9;11,4;4,2;61;15,7
269;7 580;6 132;CENTRE CULTUREL ET SPORTIF EGLETONNAIS;37,5;45.404676;2.044182;146013;NOUVELLE AQUITAINE;19073;5046;19;19106;Égletons;5046;06-autres communes et unités urbaines;2;32;693;23,6;De 5 à 10 000 entrées;E;JP;I;161;132;1;56,2;31,7;11,5;0,5;58;26,6
150;2 783;2 312;CINEMA POUR TOUS;50,5;44.644532;2.564434;147471;OCCITANIE;12094;1009;12;0;Zone rurale;14862638;04-Unités urbaines de 100 000 hbts ou plus;1;31;121;20,4;De 2 à 5 000 entrées;E;;R;89;68;1;75,3;16;7,8;0,9;35;38,5
217;8 657;6 351;VEO CINEMAS;42,6;44.523418;2.763821;150801;OCCITANIE;12096;4702;12;12201;Espalion;6114;06-autres communes et unités urbaines;1;32;574;36,3;De 5 à 10 000 entrées;E;RDJP;C;157;119;3;65,3;20,7;11,7;2,2;71;28,9
172;8 622;5 349;COMITE DE GESTION DU CINEMA MUNICIPAL;32;46.171552;2.484461;154142;NOUVELLE AQUITAINE;23076;1397;23;0;Zone rurale;14862638;04-Unités urbaines de 100 000 hbts ou plus;1;32;529;61,2;De 5 à 10 000 entrées;E;JPPR;R;121;97;0;61,6;25,7;11;1,8;34;20,2
135;4 530;3 703;ASSOCIATION EYMOUTIERS CINE VIDEO;62,2;45.738722;1.741383;154813;NOUVELLE AQUITAINE;87064;2088;87;0;Zone rurale;14862638;04-Unités urbaines de 100 000 hbts ou plus;1;32;278;22,3;De 2 à 5 000 entrées;E;JP;R;145;122;1;59,4;23,9;13,7;3;82;50,5
169;5 179;3 275;COMITE EYSINAIS D'ACTION CULTURELLE;49,3;44.879016;-0.6384;154921;NOUVELLE AQUITAINE;33162;24374;33;33701;Bordeaux;951880;04-Unités urbaines de 100 000 hbts ou plus;1;30;253;58,1;De 5 à 10 000 entrées;C;;B;147;129;0;62,9;25,4;10,1;1,6;70;36,5
153;4 101;3 197;CINEMA LE ROC BAR CONFISERIE;58,4;46.712066;-1.314796;158201;PAYS DE LA LOIRE;85089;5439;85;85129;La Ferrière;5439;06-autres communes et unités urbaines;1;27;218;28,3;De 2 à 5 000 entrées;E;;I;112;94;2;76,6;8;12,7;2,7;61;41,9
317;13 174;11 560;CENTRE CULTUREL INTERCOMMUNAL DE FIGEAC;51,9;44.608696;2.025755;159674;OCCITANIE;46102;10456;46;364;Figeac;17308;06-autres communes et unités urbaines;1;30;490;14;De 10 à 20 000 entrées;E;RDJP;C;133;114;2;54,4;32,1;9,7;3,9;64;36,3
157;7 392;4 237;FEDERATION DES ASSOCIATIONS LAIQUES D' EDUCATION POPULAIRE GERS;38,5;43.850759;0.663578;161061;OCCITANIE;32132;6093;32;32201;Fleurance;6093;06-autres communes et unités urbaines;2;32;474;74,5;De 5 à 10 000 entrées;E;JPPR;I;220;188;58;48,3;33,7;16,5;1,4;97;23,5
141;15 138;9 645;EXTERIEUR NUIT;30,6;42.965028;1.607346;162212;OCCITANIE;9122;9775;9;9301;Foix;14916;06-autres communes et unités urbaines;1;32;759;57;De 10 à 20 000 entrées;E;;C;73;65;34;46,2;43;9,2;1,5;24;24,3
600;5 657;3 800;ASSOCIATION DEVELOPPEMENT ACTION CULTURELLE FOIX ARIEGE;84;42.960943;1.609276;162213;OCCITANIE;9122;9775;9;9301;Foix;14916;06-autres communes et unités urbaines;1;25;196;48,9;De 5 à 10 000 entrées;E;RDPR;C;101;63;0;64,8;10,7;16,7;7,9;54;88,5
1501;92 609;64 407;FONTAIMOND                                                      ;10;46.529206;0.279764;163150;NOUVELLE AQUITAINE;86100;3944;86;86114;Fontaine-le-Comte;4832;06-autres communes et unités urbaines;8;32;9 555;43,8;De 80 à 100 000 entrées;NON;;C;117;106;106;42,7;45,1;11,5;0,7;14;5,7
520;37 260;26 325;SOCIETE CINEMATOGRAPHIQUE LUCONNAISE;16,8;46.466465;-0.803028;164003;PAYS DE LA LOIRE;85092;13997;85;85304;Fontenay-le-Comte;17390;06-autres communes et unités urbaines;3;32;2 376;41,5;De 30 à 40 000 entrées;E;RDJPPR;C;162;125;87;47,3;41,3;10,6;0,7;41;10,2
282;7 174;4 020;SOCIETE D EXPLOITATION DU CASINO DE FOURAS;40,2;45.990004;-1.097971;166862;NOUVELLE AQUITAINE;17168;4044;17;17115;Fouras;4044;06-autres communes et unités urbaines;1;32;646;78,5;De 5 à 10 000 entrées;E;;I;140;125;6;69;20,3;8,4;2,2;61;35
120;9 490;6 862;ASSOCIATION CINEFOL 31;45,6;43.839626;1.390132;171253;OCCITANIE;31202;6312;31;31202;Fronton;6312;06-autres communes et unités urbaines;1;30;561;38,3;De 5 à 10 000 entrées;E;RDJPPR;I;144;108;10;51,9;29;16,6;2,5;65;33,1
709;83 394;60 847;CINE QUATRE VINGT UN;43,9;43.901202;1.895449;172104;OCCITANIE;81099;15667;81;81303;Gaillac;19188;06-autres communes et unités urbaines;4;32;3 962;37,1;De 80 à 100 000 entrées;E;RDJP;C;190;157;107;43,1;38,3;15,9;2,7;92;31,1
873;128 694;87 612;CINESCOP;22,1;45.629474;0.233829;172860;NOUVELLE AQUITAINE;16146;2129;16;0;Zone rurale;14862638;04-Unités urbaines de 100 000 hbts ou plus;6;32;6 311;46,9;De 100 à 150 000 entrées;E;;R;174;146;96;38,7;48,5;12,5;0,4;68;11,5
166;5 369;3 488;CINE GARLIN                                                     ;43,3;43.560669;-0.272312;173432;NOUVELLE AQUITAINE;64233;1394;64;0;Zone rurale;14862638;04-Unités urbaines de 100 000 hbts ou plus;1;32;417;53,9;De 5 à 10 000 entrées;E;JP;R;161;137;2;59,7;21,5;16,6;2,2;66;33,2
104;12 754;10 555;ASSOCIATION CINEMA DE GENCAY;63,6;46.374596;0.404662;174961;NOUVELLE AQUITAINE;86103;1804;86;86105;Gençay;3146;06-autres communes et unités urbaines;1;32;606;20,8;De 10 à 20 000 entrées;E;RDJPPR;C;130;103;1;69,1;13,2;13,8;3,9;70;51,3
97;3 003;2 080;COMMUNAUTE DE COMMUNES DES COTEAUX ARRATS GIMONE                ;40;43.626338;0.878691;177663;OCCITANIE;32147;3094;32;32101;Gimont;3094;06-autres communes et unités urbaines;1;30;141;44,4;De 2 à 5 000 entrées;E;JP;I;103;90;8;51,8;33,8;14,4;0;39;24,7
290;13 990;8 915;SARL CINE LIMOUSIN QUERCY PERIGORD;36,5;44.737405;1.38428;181262;OCCITANIE;46127;4112;46;46105;Gourdon;4112;06-autres communes et unités urbaines;2;32;1 143;56,9;De 10 à 20 000 entrées;E;RDJPPR;I;196;161;7;58,1;27,2;12;2,7;90;28,5
158;7 955;5 529;COMMUNE DE GRAMAT;30,8;44.775936;1.72351;182282;OCCITANIE;46128;3526;46;46103;Gramat;3526;06-autres communes et unités urbaines;1;29;420;43,9;De 5 à 10 000 entrées;E;JP;I;132;121;2;50,1;37,1;10,7;2;46;22,1
280;20 015;11 605;CINEAZUR;18,1;43.760736;1.999613;184252;OCCITANIE;81105;13032;81;81302;Graulhet;13032;06-autres communes et unités urbaines;2;32;1 375;72,5;De 20 à 30 000 entrées;E;JP;I;122;104;47;39;48,9;11,1;0,9;46;6,6
250;8 707;6 716;ASSOCIATION CINEFOL 31;46,3;43.76859;1.296013;184852;OCCITANIE;31232;9007;31;31205;Grenade;9007;06-autres communes et unités urbaines;1;29;262;29,6;De 5 à 10 000 entrées;E;JP;I;130;108;0;47,2;25,6;25,7;1,5;54;36,2
695;50 061;31 160;CENTRE REGIONAL PROMOTION IMAGE LE SENECHAL;28,8;46.169796;1.867356;187515;NOUVELLE AQUITAINE;23096;13514;23;23301;Guéret;14576;06-autres communes et unités urbaines;5;32;3 349;60,7;De 50 à 80 000 entrées;E;RDJPPR;C;190;160;85;46;41,6;11,8;0,6;71;13,2
128;7 904;3 980;GRAAC GETARI ENEA;80,1;43.420117;-1.60616;187793;NOUVELLE AQUITAINE;64249;1365;64;751;Bayonne (partie française);251522;04-Unités urbaines de 100 000 hbts ou plus;1;30;727;98,6;De 5 à 10 000 entrées;NON;;B;182;154;14;62,3;12,4;18,1;7,2;125;73,7
182;11 922;10 669;ARTS ET TECHNIQUES;47,6;44.638602;-1.111896;188933;NOUVELLE AQUITAINE;33199;21991;33;33501;La Teste-de-Buch - Arcachon;68820;05-Unités urbaines de 20 000 à 100 000 hbts;1;32;446;11,7;De 10 à 20 000 entrées;D;;C;198;166;15;59,1;24,3;11,9;4,7;95;47,2
415;3 644;2 751;GOSSE PHILIPPE;32,3;43.656112;-0.592314;189661;NOUVELLE AQUITAINE;40119;4786;40;40201;Hagetmau;5492;06-autres communes et unités urbaines;1;31;368;32,5;De 2 à 5 000 entrées;E;;C;139;127;2;47,9;40,5;11;0,6;46;18,3
480;2 688;2 107;ARTS ET TECHNIQUES;35,7;44.874611;-0.677018;189830;NOUVELLE AQUITAINE;33200;11527;33;33701;Bordeaux;951880;04-Unités urbaines de 100 000 hbts ou plus;1;25;142;27,6;De 2 à 5 000 entrées;C;;B;82;71;1;29,7;62,7;7;0,6;26;16,6
193;7 504;5 246;ASSOCIATION ZABALKI;41,1;43.382881;-1.306533;191591;NOUVELLE AQUITAINE;64256;7449;64;64202;Hasparren;7449;06-autres communes et unités urbaines;1;32;415;43;De 5 à 10 000 entrées;E;JP;I;155;130;5;56,3;26,7;14,8;2,2;58;33,8
324;9 566;6 244;COMMUNE DE HENDAYE;47,5;43.355543;-1.773311;194541;NOUVELLE AQUITAINE;64260;17240;64;751;Bayonne (partie française);251522;04-Unités urbaines de 100 000 hbts ou plus;1;32;500;53,2;De 5 à 10 000 entrées;C;;B;180;149;5;46,5;34,5;15;4,1;78;42
210;7 621;4 163;MONSIEUR QUEAU LUDOVIC CLAUDE;30,9;45.184656;-1.059343;198721;NOUVELLE AQUITAINE;33203;3724;33;33103;Hourtin;3724;06-autres communes et unités urbaines;1;32;360;83,1;De 5 à 10 000 entrées;E;;I;152;139;13;56,8;31;11;1,2;54;21,1
1052;29 750;25 297;ASSOCIATION LE PARVIS;91,7;43.242508;-0.005686;199951;OCCITANIE;65226;3037;65;0;Zone rurale;14862638;04-Unités urbaines de 100 000 hbts ou plus;4;32;2 463;17,6;De 20 à 30 000 entrées;E;RDJPPR;R;266;137;34;67,2;9;18,5;5,3;118;90,7
216;17 821;10 203;ASSOCIATION PERSPECTIVE;43,6;46.72447;-2.348624;200332;PAYS DE LA LOIRE;85113;4967;85;85132;L'Île-d'Yeu;4967;06-autres communes et unités urbaines;1;32;544;74,7;De 10 à 20 000 entrées;E;JP;I;142;114;19;62,8;28;6,9;2,4;60;34
237;1 373;936;CULTURE ET CINEMA;51,2;43.381163;0.836443;201632;OCCITANIE;31239;1661;31;0;Zone rurale;14862638;04-Unités urbaines de 100 000 hbts ou plus;1;24;59;46,7;Moins de 2000 entrées;NON;;R;67;41;0;69,2;20,5;5,3;5,1;21;55,7
191;19 495;13 398;FEDERATION DES ASSOCIATIONS LAIQUES D' EDUCATION POPULAIRE GERS;50,3;43.614931;1.089434;201661;OCCITANIE;32160;9180;32;32202;L'Isle-Jourdain;9180;06-autres communes et unités urbaines;2;32;1 003;45,5;De 10 à 20 000 entrées;E;RDJPPR;I;200;158;53;50;35,2;13,2;1,6;93;33,1
191;9 735;7 132;ASSOCIATION CINEMA DU BOCAGE;42,8;46.414996;-1.574373;203343;PAYS DE LA LOIRE;85114;2695;85;85121;Jard-sur-Mer;4019;06-autres communes et unités urbaines;1;31;607;36,5;De 5 à 10 000 entrées;E;JP;C;119;96;6;74,8;16,9;8,1;0,2;49;29,4
354;17 962;10 802;MARTEAU FLORENCE;28,7;45.445545;-0.433778;204891;NOUVELLE AQUITAINE;17197;3679;17;17201;Jonzac;5653;06-autres communes et unités urbaines;2;32;822;66,3;De 10 à 20 000 entrées;E;RDJP;C;130;110;27;51,7;35,2;12,4;0,7;45;20,7
150;5 222;4 852;CINECRAN 81;46,5;43.474778;2.646568;208981;OCCITANIE;81115;1439;81;0;Zone rurale;14862638;04-Unités urbaines de 100 000 hbts ou plus;1;29;213;7,6;De 5 à 10 000 entrées;E;JP;R;46;27;1;67,7;19;13,2;0;14;39,2
3648;453 491;292 439;GAUMONT;18,6;43.539479;1.511109;209151;OCCITANIE;31254;4113;31;31701;Toulouse;996979;04-Unités urbaines de 100 000 hbts ou plus;17;32;15 543;55,1;De 450 à 700 000 entrées;NON;;B;216;190;164;29,9;52,7;16,4;0,9;73;12,4
236;5 328;3 503;COMMUNE DE LABOUHEYRE;35,7;44.213874;-0.919094;209494;NOUVELLE AQUITAINE;40134;2783;40;40101;Labouheyre;2783;06-autres communes et unités urbaines;1;32;442;52,1;De 5 à 10 000 entrées;E;JP;I;166;143;1;39,7;39;17,8;3,4;64;16,4
167;4 088;2 983;VILLE DE LABRUGUIERE                                            ;50,3;43.538478;2.263266;209682;OCCITANIE;81120;6617;81;81202;Labruguière;6617;06-autres communes et unités urbaines;1;28;194;37;De 2 à 5 000 entrées;E;JP;I;151;130;1;47,4;28,3;22,1;2,2;70;32,5
252;2 349;1 257;ASSOCIATION LE PARVIS SCENE NATIONALE TARBES PYRENEES;42,1;43.310067;0.33742;212871;OCCITANIE;65250;119;65;0;Zone rurale;14862638;04-Unités urbaines de 100 000 hbts ou plus;1;27;166;86,9;De 2 à 5 000 entrées;E;;R;117;98;0;61,3;17,6;18,7;2,4;49;30,6
465;2 335;1 260;GRAND ECRAN II;39,9;44.553056;-0.245112;215621;NOUVELLE AQUITAINE;33227;7520;33;33303;Langon;14027;06-autres communes et unités urbaines;2;10;291;85,3;De 2 à 5 000 entrées;NON;;C;26;25;11;76,2;1,2;22,2;0,4;15;34,2
993;80 392;54 319;GRAND ECRAN II;8,9;44.5231;-0.232774;215634;NOUVELLE AQUITAINE;33227;7520;33;33303;Langon;14027;06-autres communes et unités urbaines;6;32;4 965;48;De 80 à 100 000 entrées;NON;;C;133;110;85;31,7;54,8;12,4;1,1;31;5
155;1 928;1 496;L'ECRAN;32,8;42.988146;-0.425403;218381;NOUVELLE AQUITAINE;64320;1213;64;0;Zone rurale;14862638;04-Unités urbaines de 100 000 hbts ou plus;1;32;199;28,9;Moins de 2000 entrées;E;;R;109;96;26;61,2;27,7;10,6;0,6;46;19,8
480;17 122;11 144;SOCIETE NOUVELLE D  ENTREPRISE DE SPECTACLES;23,2;42.935388;1.849583;220681;OCCITANIE;9160;6265;9;9202;Lavelanet;7237;06-autres communes et unités urbaines;2;32;1 457;53,6;De 10 à 20 000 entrées;E;RDJPPR;C;186;144;29;31,7;50,5;16,3;1,6;65;17,8
174;9 518;5 811;DESMAZES PATRICK;41,7;43.934628;0.620319;221712;OCCITANIE;32208;4020;32;32102;Lectoure;4020;06-autres communes et unités urbaines;2;32;691;63,8;De 5 à 10 000 entrées;E;RDJPPR;I;220;179;56;49,8;33,8;13,5;3;94;30,9
252;5 255;4 787;ASSOCIATION DES MANIFESTATIONS CULTURELLES LEGUEVINOISES        ;40,9;43.600031;1.239756;222030;OCCITANIE;31291;9578;31;31701;Toulouse;996979;04-Unités urbaines de 100 000 hbts ou plus;1;30;249;9,8;De 5 à 10 000 entrées;C;;B;160;133;0;54,1;29,1;14,6;2,2;62;30,5
289;5 469;2 919;ASSOCIATION CINEMA L ETOILE;26;46.815557;0.327879;222481;NOUVELLE AQUITAINE;86128;2497;86;86102;Lencloître;2497;06-autres communes et unités urbaines;1;32;343;87,4;De 5 à 10 000 entrées;E;JP;I;110;85;2;51,9;31,3;16,7;0,1;23;6,4
349;9 088;5 735;COMMUNE DE LEOGNAN;43,8;44.730648;-0.600381;222821;NOUVELLE AQUITAINE;33238;10644;33;33701;Bordeaux;951880;04-Unités urbaines de 100 000 hbts ou plus;1;30;478;58,5;De 5 à 10 000 entrées;C;;B;169;136;1;64,9;22,1;10,2;2,8;64;35,8
222;7 536;5 597;COMMUNE DE LEON;38,8;43.875113;-1.302436;222841;NOUVELLE AQUITAINE;40150;1978;40;0;Zone rurale;14862638;04-Unités urbaines de 100 000 hbts ou plus;1;32;456;34,6;De 5 à 10 000 entrées;E;;R;167;154;11;54;29,7;13;3,2;70;28,4
212;8 710;4 765;ARTS ET TECHNIQUES;30;45.307833;-0.938774;223612;NOUVELLE AQUITAINE;33240;5902;33;33208;Lesparre-Médoc;8278;06-autres communes et unités urbaines;1;32;424;82,8;De 5 à 10 000 entrées;E;;C;168;145;13;45,3;39,9;14,1;0,7;57;13,5
1367;107 903;72 180;SOCIETE D EXPLOITATION GRAND ECRAN;25,9;44.913546;-0.237461;225444;NOUVELLE AQUITAINE;33243;25063;33;33401;Libourne;36542;05-Unités urbaines de 20 000 à 100 000 hbts;10;32;7 226;49,5;De 100 à 150 000 entrées;D;RDJP;C;224;182;161;37,9;46;15,1;1;78;12,3
686;18 193;16 434;SOCIETE CENTRALE EXPLOITATION CINEMATOGRAPHIQUE;99,1;45.854302;1.256414;228305;NOUVELLE AQUITAINE;87085;133742;87;87601;Limoges;184993;04-Unités urbaines de 100 000 hbts ou plus;3;29;1 597;10,7;De 10 à 20 000 entrées;B;RD;C;87;76;55;66,1;5,2;25;3,7;69;99,2
2252;138 870;94 374;SOCIETE CENTRALE EXPLOITATION CINEMATOGRAPHIQUE;35,3;45.83291;1.255375;228311;NOUVELLE AQUITAINE;87085;133742;87;87601;Limoges;184993;04-Unités urbaines de 100 000 hbts ou plus;14;32;9 848;47,1;De 100 à 150 000 entrées;NON;;C;200;171;157;42,8;41,8;12,7;2,7;84;24,5
2465;211 478;157 645;SOCIETE CENTRALE EXPLOITATION CINEMATOGRAPHIQUE;15,7;45.845477;1.276023;228370;NOUVELLE AQUITAINE;87085;133742;87;87601;Limoges;184993;04-Unités urbaines de 100 000 hbts ou plus;14;32;10 707;34,1;De 200 à 300 000 entrées;NON;;C;164;144;139;38,6;46,3;14,5;0,6;42;7,9
192;3 678;0;SYNDICAT D'INITIATIVE DE LIT ET MIXE;22,2;44.033784;-1.257554;229552;NOUVELLE AQUITAINE;40157;1671;40;0;Zone rurale;14862638;04-Unités urbaines de 100 000 hbts ou plus;1;29;189;#DIV/0!;De 2 à 5 000 entrées;E;;R;115;106;25;56,2;32,5;11;0,3;37;16,8
107;3 481;3 601;ASSOCIATION LE PARVIS;35,3;42.795333;0.411078;233742;OCCITANIE;65282;305;65;0;Zone rurale;14862638;04-Unités urbaines de 100 000 hbts ou plus;1;28;167;-3,3;De 2 à 5 000 entrées;E;;R;95;88;22;58,7;28,7;11,4;1,2;42;20,2
151;8 398;7 078;ASSOCIATION GESTION ANIMATION CINE CORNAY;18,5;47.010932;0.084051;233802;NOUVELLE AQUITAINE;86137;7092;86;86204;Loudun;7092;06-autres communes et unités urbaines;1;32;365;18,6;De 5 à 10 000 entrées;E;PR;I;112;90;0;53,6;36,7;7,5;2,2;27;14,4
487;414;1 227;ASSOCIATION LE PARVIS SCENE NATIONALE TARBES PYRENEES;0;43.085637;-0.04492;234273;OCCITANIE;65286;13529;65;65302;Lourdes;16754;06-autres communes et unités urbaines;1;3;6;-66,3;Moins de 2000 entrées;E;JP;C;2;1;1;0;0;100;0;0;0
281;1 359;726;JACALS;0;43.095917;-0.055559;234295;OCCITANIE;65286;13529;65;65302;Lourdes;16754;06-autres communes et unités urbaines;1;12;150;87,2;Moins de 2000 entrées;NON;;C;1;0;0;0;0;0;0;0;0
492;12 388;8 258;PAX 2010;7,8;43.102921;-0.039469;234296;OCCITANIE;65286;13529;65;65302;Lourdes;16754;06-autres communes et unités urbaines;3;31;2 217;50;De 10 à 20 000 entrées;NON;;C;78;71;52;36,2;50,4;12,4;0,9;8;6,7
249;932;401;RAMBEAU ROLAND LOUIS GABRIEL;26,4;43.098225;-0.045524;234297;OCCITANIE;65286;13529;65;65302;Lourdes;16754;06-autres communes et unités urbaines;1;27;157;132,4;Moins de 2000 entrées;NON;;C;4;3;2;0,2;41,6;58,2;0;1;41,6
766;49 283;33 450;SOCIETE CINEMATOGRAPHIQUE LUCONNAISE;20,9;46.460681;-1.176832;235771;PAYS DE LA LOIRE;85128;9962;85;85208;Luçon;9962;06-autres communes et unités urbaines;5;32;3 792;47,3;De 40 à 50 000 entrées;E;JPPR;I;219;159;114;44,3;42,4;12,5;0,8;63;8,9
137;3 259;2 439;ASSOCIATION LE PARVIS SCENE NATIONALE TARBES PYRENEES;52,6;42.87365;-0.003171;237793;OCCITANIE;65295;967;65;0;Zone rurale;14862638;04-Unités urbaines de 100 000 hbts ou plus;1;32;211;33,6;De 2 à 5 000 entrées;E;;R;152;130;0;53,6;29,5;12,2;4,7;81;46,3
88;4 223;2 490;OFFICE DU TOURISME BASTIDES ET VALLONS DU GERS;49,8;43.525284;0.161702;245883;OCCITANIE;32233;1306;32;0;Zone rurale;14862638;04-Unités urbaines de 100 000 hbts ou plus;1;32;269;69,6;De 2 à 5 000 entrées;E;JP;R;165;143;35;56,9;24,4;17,6;1;80;49,1
206;10 297;7 149;LIEN OLERONNAIS POUR LA CULTURE L  ANIMATION ET LES LOISIRS;38,4;45.821371;-1.108436;246763;NOUVELLE AQUITAINE;17219;6353;17;17206;Marennes;9939;06-autres communes et unités urbaines;1;32;569;44;De 10 à 20 000 entrées;E;JPPR;C;157;120;6;53,5;26,1;15,9;4,6;60;30,4
513;50 377;32 028;ASSOCIATION PROMOTION ACTIVITE CULTURELLE AUDIOVISUELLE MARMANDE;28;44.497638;0.168923;248254;NOUVELLE AQUITAINE;47157;18121;47;455;Marmande;30098;05-Unités urbaines de 20 000 à 100 000 hbts;4;32;3 096;57,3;De 50 à 80 000 entrées;D;RDJPPR;C;253;212;65;32,2;53,8;13,1;0,9;116;11,9
150;2 890;2 434;LE BISTROT;75,2;45.611664;0.44206;250751;NOUVELLE AQUITAINE;16211;566;16;0;Zone rurale;14862638;04-Unités urbaines de 100 000 hbts ou plus;1;32;186;18,7;De 2 à 5 000 entrées;E;;R;155;130;1;57;17,9;20,4;4,8;100;64,5
153;4 014;3 513;LA SOCIETE DES AMIS DU CINEMA INDEPENDANT;42,4;43.42733;0.576514;251922;OCCITANIE;32242;1933;32;0;Zone rurale;14862638;04-Unités urbaines de 100 000 hbts ou plus;1;32;272;14,3;De 2 à 5 000 entrées;E;;R;171;147;36;45,4;36,4;16,7;1,5;75;26,6
154;2 715;1 897;OFFICE MUNICIPAL DES SPORTS LOISIRS CULTURE ANIMATION;45,5;45.868856;-0.320748;252212;NOUVELLE AQUITAINE;17224;2241;17;17101;Matha;2241;06-autres communes et unités urbaines;1;32;167;43,1;De 2 à 5 000 entrées;NON;;I;104;90;0;59,7;27,3;11,5;1,4;46;33,4
269;1 898;1 706;ASSOCIATION LES TRINITAIRES DE MAULEON;37,4;46.9250409;-0.7596104000000423;252701;NOUVELLE AQUITAINE;79079;8758;79;79205;Mauléon;8758;06-autres communes et unités urbaines;1;32;156;11,3;Moins de 2000 entrées;E;;I;57;50;0;80,5;9,9;9,6;0;20;17,6
416;10 173;6 602;ASSOCIATION MAULE BAITHA;41,2;43.221421;-0.889467;252742;NOUVELLE AQUITAINE;64371;3182;64;64204;Mauléon-Licharre;6805;06-autres communes et unités urbaines;2;32;747;54,1;De 10 à 20 000 entrées;E;RDJP;C;234;203;35;43,4;37,8;17,5;1,3;100;19,5
88;3 214;1 354;FOYER RURAL JEUNES EDUCATION POPULAIRE;38,3;43.731827;0.878411;253442;OCCITANIE;32249;2247;32;0;Zone rurale;14862638;04-Unités urbaines de 100 000 hbts ou plus;1;32;168;137,4;De 2 à 5 000 entrées;E;JP;R;118;101;17;57,4;28,8;13;0,8;40;27,7
485;19 506;11 583;ACTION CINEMATOGRAPHIQUE DU TARN;29,1;43.493101;2.374957;254005;OCCITANIE;81163;10456;81;81401;Mazamet;25381;05-Unités urbaines de 20 000 à 100 000 hbts;2;32;1 427;68,4;De 10 à 20 000 entrées;D;;C;139;119;33;35,6;51,1;12,4;1;56;14,3
182;182;514;LES TOILES DU REX                                               ;33,3;43.250817;1.677678;254173;OCCITANIE;9185;3958;9;9104;Mazères;3958;06-autres communes et unités urbaines;1;7;25;-64,6;Moins de 2000 entrées;NON;;I;12;9;0;60,2;17,8;22;0;3;31,4
434;15 020;12 240;CINEMEL;65,9;46.222661;-0.144659;255911;NOUVELLE AQUITAINE;79174;6529;79;79203;Melle;6529;06-autres communes et unités urbaines;2;30;678;22,7;De 10 à 20 000 entrées;E;RDJPPR;C;143;113;2;65;20,1;12,1;2,9;79;50,9
1028;107 020;65 682;IPEC;15,2;44.842142;-0.647041;258161;NOUVELLE AQUITAINE;33281;71525;33;33701;Bordeaux;951880;04-Unités urbaines de 100 000 hbts ou plus;4;32;4 158;62,9;De 100 à 150 000 entrées;C;;B;121;96;76;37,6;48,3;13,7;0,4;31;9,7
133;5 444;3 516;FAMILY FUN BOWLING;40,2;45.564042;-0.95352;259022;NOUVELLE AQUITAINE;17230;3189;17;17402;Royan;37003;05-Unités urbaines de 20 000 à 100 000 hbts;1;29;557;54,8;De 5 à 10 000 entrées;D;;B;138;117;7;52,7;29,8;15,9;1,6;59;25
244;2 635;2 149;OFFICE DU TOURISME DE MEYMAC;41,4;45.532714;2.146857;261351;NOUVELLE AQUITAINE;19136;2524;19;19101;Meymac;2524;06-autres communes et unités urbaines;1;32;195;22,6;De 2 à 5 000 entrées;E;;I;137;117;0;49,4;30,3;17,8;2,5;53;32,7
552;41 818;26 208;LES LUMIERES DE LA VILLE;32,3;44.100489;3.076198;262622;OCCITANIE;12145;22670;12;12401;Millau;24308;05-Unités urbaines de 20 000 à 100 000 hbts;4;32;3 309;59,6;De 40 à 50 000 entrées;D;RDJP;C;225;194;76;45,4;41,4;12,1;1,1;111;20,6
450;9 510;6 724;COMMUNE DE MIMIZAN;17,2;44.20143;-1.228686;262921;NOUVELLE AQUITAINE;40184;7301;40;40203;Mimizan;7301;06-autres communes et unités urbaines;1;32;388;41,4;De 5 à 10 000 entrées;E;JP;I;133;116;70;42,9;42,8;13,2;1,2;36;11,4
250;6 260;3 913;FEDERATION DES ASSOCIATIONS LAIQUES D' EDUCATION POPULAIRE GERS;30,9;43.513752;0.405519;263372;OCCITANIE;32256;3772;32;32105;Mirande;4251;06-autres communes et unités urbaines;1;32;283;60;De 5 à 10 000 entrées;E;;C;165;143;46;41,4;43,4;13,8;1,5;59;19,9
106;5 258;4 224;COMMUNE DE MIREPOIX;46,7;43.089583;1.87481;263563;OCCITANIE;9194;3262;9;9103;Mirepoix;3262;06-autres communes et unités urbaines;1;29;431;24,5;De 5 à 10 000 entrées;E;JP;I;112;96;1;42,3;38,4;17,9;1,3;50;40,9
737;19 029;12 322;SOCIETE NOUVELLE DES CINEMAS ATLANTIQUE;12,7;44.132684;1.066545;264591;OCCITANIE;82112;13520;82;82401;Castelsarrasin;27772;05-Unités urbaines de 20 000 à 100 000 hbts;6;30;1 921;54,4;De 10 à 20 000 entrées;NON;;B;97;80;40;30;53,9;14,3;1,8;20;8,6
153;1 484;1 238;ASSOCIATION CINEFOL 31;56,4;43.966813;1.584453;266213;OCCITANIE;82115;2024;82;0;Zone rurale;14862638;04-Unités urbaines de 100 000 hbts ou plus;1;32;139;19,9;Moins de 2000 entrées;NON;;R;122;106;0;48,6;31,4;16,3;3,6;63;43,7
295;3 612;2 080;ASSOCIATION CINEMA DU BOCAGE;32,8;46.724207;-0.587156;266292;NOUVELLE AQUITAINE;79179;5222;79;79105;Moncoutant;5222;06-autres communes et unités urbaines;1;26;357;73,7;De 2 à 5 000 entrées;E;JP;I;96;80;1;74,2;18,8;7;0;29;21,5
159;4 760;2 882;ASSOCIATION FOYER RURAL CENTRE SOCIAL ET CULTUREL;51,8;43.320215;-0.579262;266571;NOUVELLE AQUITAINE;64393;4532;64;64302;Mourenx;14693;06-autres communes et unités urbaines;1;32;486;65,2;De 2 à 5 000 entrées;E;RDJPPR;C;185;158;2;58,8;21,2;17,1;2,8;85;38,9
179;6 223;5 311;ARTS ET TECHNIQUES;28,9;45.008093;0.159645;267243;NOUVELLE AQUITAINE;24294;5670;24;354;Montpon-Ménestérol;11880;06-autres communes et unités urbaines;1;32;350;17,2;De 5 à 10 000 entrées;E;JP;C;133;110;0;55,9;30,8;11,7;1,5;38;16,5
189;7 682;4 974;USUREAU PAUL;48,4;44.650724;0.079158;267391;NOUVELLE AQUITAINE;33289;1672;33;0;Zone rurale;14862638;04-Unités urbaines de 100 000 hbts ou plus;1;32;519;54,4;De 5 à 10 000 entrées;E;JPPR;R;198;160;0;50,8;24,8;22,8;1,6;88;34,3
312;16 872;11 636;ASSOCIATION CINE LIBERTY;43,2;44.481887;0.946365;267433;NOUVELLE AQUITAINE;47179;2116;47;47302;Fumel;11812;06-autres communes et unités urbaines;2;32;974;45;De 10 à 20 000 entrées;E;RDJPPR;B;195;137;10;50,3;33,1;15,1;1,5;82;29,6
280;20 967;16 733;COMMUNE DE MONTAIGU;30,4;46.98002;-1.316083;268122;PAYS DE LA LOIRE;85146;20854;85;85302;Montaigu;20854;05-Unités urbaines de 20 000 à 100 000 hbts;2;32;889;25,3;De 20 à 30 000 entrées;E;JPPR;C;149;125;37;49,8;40,6;9;0,6;51;15,2
461;17 465;14 818;CONSORTIUM DES CINEMAS DE MONTAUBAN;96,1;44.016766;1.361386;268813;OCCITANIE;82121;62405;82;82501;Montauban;81388;05-Unités urbaines de 20 000 à 100 000 hbts;3;32;2 343;17,9;De 10 à 20 000 entrées;D;RDJPPR;C;137;106;88;74,8;11;11,5;2,7;97;96,5
120;3 600;1 971;CLAP MONTENDRE;38,2;45.283756;-0.408153;271162;NOUVELLE AQUITAINE;17240;3279;17;17112;Montendre;3647;06-autres communes et unités urbaines;1;31;239;82,6;De 2 à 5 000 entrées;E;;C;148;132;1;47,9;43,3;7,5;1,3;65;23,8
133;5 514;3 626;ASS LES AMIS DU CINEMA;40;45.217551;-0.186333;272481;NOUVELLE AQUITAINE;17241;1588;17;0;Zone rurale;14862638;04-Unités urbaines de 100 000 hbts ou plus;1;32;331;52,1;De 5 à 10 000 entrées;E;JP;R;127;111;0;54,5;32,2;11,9;1,5;48;21,6
176;8 973;7 864;COMMUNE DE MONTIGNAC;49,3;45.063871;1.163498;272701;NOUVELLE AQUITAINE;24291;2807;24;24104;Montignac;2807;06-autres communes et unités urbaines;1;32;455;14,1;De 5 à 10 000 entrées;E;RDJPPR;I;143;105;1;56,4;26,4;15,3;1,8;58;42,1
92;2 485;1 690;LES BONIMENTEURS;52,1;45.396196;0.130119;274682;NOUVELLE AQUITAINE;16230;2675;16;0;Zone rurale;14862638;04-Unités urbaines de 100 000 hbts ou plus;1;32;112;47;De 2 à 5 000 entrées;E;;R;90;79;0;63,6;23,1;10,3;3;44;43,3
166;9 320;8 747;ASSOCIATION L'ETOILE;43,7;46.424909;0.870092;274732;NOUVELLE AQUITAINE;86165;6369;86;86202;Montmorillon;6369;06-autres communes et unités urbaines;1;32;541;6,6;De 5 à 10 000 entrées;E;JPPR;I;182;146;1;62,7;26;9,1;2,3;76;26
202;1 803;1 303;ASSOCIATION MONTREDONNAISE ART ET CULTURE CINEMATOGRAPHIQUE;14,8;43.720217;2.323868;275751;OCCITANIE;81182;2044;81;0;Zone rurale;14862638;04-Unités urbaines de 100 000 hbts ou plus;1;22;69;38,4;Moins de 2000 entrées;NON;;R;28;22;0;61,3;13,5;25,3;0;4;13,4
200;338;1 354;C'EST DU CINE;50;43.084724;0.571254;275771;OCCITANIE;31390;2796;31;252;Montréjeau;5629;06-autres communes et unités urbaines;1;7;49;-75;Moins de 2000 entrées;E;JP;C;17;16;0;69,8;6,6;23,6;0;9;50
441;7 840;3 614;ASSOCIATION CINE LOISIRS;16,4;44.033295;-0.911916;277721;NOUVELLE AQUITAINE;40197;5154;40;40107;Morcenx;5154;06-autres communes et unités urbaines;1;32;431;116,9;De 5 à 10 000 entrées;E;JP;I;123;107;54;41,2;46;12,5;0,2;29;8
238;10 322;6 535;ASSOCIATION GRAND ECRAN;60,6;43.369451;-0.629102;280894;NOUVELLE AQUITAINE;64410;6526;64;64302;Mourenx;14693;06-autres communes et unités urbaines;2;32;1 789;57,9;De 10 à 20 000 entrées;E;RDJPPR;C;189;157;77;58,4;21,5;17,6;2,6;105;38,1
192;4 039;3 418;ASSOCIATION ENTRACTE;55,4;43.750527;-0.749807;282411;NOUVELLE AQUITAINE;40201;1455;40;0;Zone rurale;14862638;04-Unités urbaines de 100 000 hbts ou plus;1;32;357;18,2;De 2 à 5 000 entrées;E;RDJP;R;152;125;1;64;18,8;12,1;5,1;73;60,1
94;1 304;906;VILLE DE MUR DE BARREZ                                          ;31,5;44.844783;2.659612;282999;OCCITANIE;12164;747;12;0;Zone rurale;14862638;04-Unités urbaines de 100 000 hbts ou plus;1;30;90;43,9;Moins de 2000 entrées;E;;R;77;69;0;60,5;27,4;11,4;0,7;22;19,2
1041;215 003;154 791;VEO-MURET                                                       ;24,8;43.465865;1.326927;283105;OCCITANIE;31395;25374;31;31701;Toulouse;996979;04-Unités urbaines de 100 000 hbts ou plus;8;32;7 642;38,9;De 200 à 300 000 entrées;C;RDJPPR;B;274;190;135;35,7;49,8;13,3;1,3;98;13,2
141;4 920;4 644;COMMUNE DE MUSSIDAN;24,9;45.034377;0.364624;283412;NOUVELLE AQUITAINE;24299;2785;24;24204;Mussidan;7280;06-autres communes et unités urbaines;1;32;337;5,9;De 2 à 5 000 entrées;E;JP;C;88;73;1;49,3;35,8;14,4;0,6;20;17,5
236;6 793;4 673;ASSOCIATION POUR LA PROMOTION DU CINEMA EN ALBRET;43,2;44.13533;0.339366;286912;NOUVELLE AQUITAINE;47195;7356;47;47301;Nérac;12321;06-autres communes et unités urbaines;1;29;275;45,4;De 5 à 10 000 entrées;E;JPPR;C;94;78;2;54,1;27,6;18,2;0,1;39;36
144;3 810;2 356;LE PRE BOURGES;26,9;45.38274;2.272379;288571;NOUVELLE AQUITAINE;19148;1905;19;0;Zone rurale;14862638;04-Unités urbaines de 100 000 hbts ou plus;1;32;249;61,7;De 2 à 5 000 entrées;E;;R;134;118;0;52,5;30,8;15,5;1,2;41;19
134;4 667;4 077;ASSOCIATION RENCONTRES CULTURELLES;45,1;46.68787;0.246293;288922;NOUVELLE AQUITAINE;86177;5391;86;86115;Neuville-de-Poitou;5391;06-autres communes et unités urbaines;1;25;164;14,5;De 2 à 5 000 entrées;E;;I;59;47;0;90;4,2;5,8;0;21;26,7
990;20 369;15 883;LE MOULIN DU ROC SCENE NATIONALE A NIORT;99,2;46.326112;-0.468239;291114;NOUVELLE AQUITAINE;79191;60876;79;79501;Niort;75481;05-Unités urbaines de 20 000 à 100 000 hbts;3;28;1 267;28,2;De 20 à 30 000 entrées;D;RDJPPR;C;79;57;38;66,3;14,3;16,5;2,8;56;99,8
2021;196 815;133 081;HELLUCHA;18;46.337524;-0.481854;291144;NOUVELLE AQUITAINE;79191;60876;79;79501;Niort;75481;05-Unités urbaines de 20 000 à 100 000 hbts;12;32;14 256;47,9;De 150 à 200 000 entrées;NON;;C;196;161;160;41;45,2;12,5;1,2;43;10,1
296;6 010;4 583;CULTURE LOISIRS ANIMATION NOGARO;40,9;43.758956;-0.034329;291731;OCCITANIE;32296;2176;32;0;Zone rurale;14862638;04-Unités urbaines de 100 000 hbts ou plus;1;31;228;31,1;De 5 à 10 000 entrées;E;JP;R;163;145;31;45,3;40,3;12,8;1,6;69;21,5
500;29 721;18 130;CINEMAS MIMOSAS;27,9;47.004998;-2.240623;292231;PAYS DE LA LOIRE;85163;4721;85;85131;Noirmoutier-en-l'Île;4721;06-autres communes et unités urbaines;2;31;813;63,9;De 20 à 30 000 entrées;E;;I;118;107;42;65,1;26,1;8,1;0,7;39;22,1
169;11 176;7 997;COMMUNE DE NONTRON;38,5;45.523215;0.659963;292782;NOUVELLE AQUITAINE;24311;3179;24;24109;Nontron;3990;06-autres communes et unités urbaines;1;32;581;39,8;De 10 à 20 000 entrées;E;JP;C;162;133;3;52,7;29,2;16,9;1,2;61;28,2
255;2 580;1 907;PATRONAGE NOTRE DAME DE MONTS;15,4;46.829294;-2.137105;293531;PAYS DE LA LOIRE;85164;2190;85;85301;Saint-Jean-de-Monts;13330;06-autres communes et unités urbaines;1;19;262;35,3;De 2 à 5 000 entrées;NON;;B;62;61;3;53,8;33,3;12,9;0;13;3,3
429;24 279;16 580;B ET R LAHADERNE;34,4;43.192296;-0.613402;297122;NOUVELLE AQUITAINE;64422;11278;64;64303;Oloron-Sainte-Marie;17662;06-autres communes et unités urbaines;3;32;2 316;46,4;De 20 à 30 000 entrées;E;RDJPPR;C;142;124;49;46,2;38,6;14,3;1;70;23,7
299;26 673;13 303;ASSOCIATION AMICALE LAIQUE ORTHEZIENNE;38,3;43.487215;-0.777436;299685;NOUVELLE AQUITAINE;64430;11223;64;64301;Orthez;13611;06-autres communes et unités urbaines;2;32;1 126;100,5;De 20 à 30 000 entrées;E;RDJPPR;C;135;109;20;40;45,3;13,6;1;60;26,8
275;12 131;7 583;TOILES DU TEMPS;16,4;43.116608;1.612993;302933;OCCITANIE;9225;16078;9;9401;Pamiers;27492;05-Unités urbaines de 20 000 à 100 000 hbts;2;32;1 164;60;De 10 à 20 000 entrées;NON;;C;91;85;48;33,8;53,4;12,8;0;26;10,2
300;2 450;1 908;L' ECRAN DES PINS;8,2;44.349894;-1.064305;303803;NOUVELLE AQUITAINE;40217;6677;40;40109;Parentis-en-Born;6677;06-autres communes et unités urbaines;1;24;52;28,4;De 2 à 5 000 entrées;NON;;I;32;30;1;34,2;59,9;6;0;3;2,7
356;19 672;11 839;CINE GATINE;30;46.644644;-0.244668;304442;NOUVELLE AQUITAINE;79202;10638;79;79303;Parthenay;18620;06-autres communes et unités urbaines;2;32;953;66,2;De 10 à 20 000 entrées;E;JPPR;C;169;118;9;63,1;27,4;8,5;1;51;22
406;42 832;44 080;ASSOCIATION CINE MA PASSION;94,7;43.301543;-0.372504;305014;NOUVELLE AQUITAINE;64445;77726;64;64601;Pau;204082;04-Unités urbaines de 100 000 hbts ou plus;2;32;2 063;-2,8;De 40 à 50 000 entrées;B;RDJPPR;C;150;106;62;59,3;14,1;15,2;11,3;99;96,8
1148;41 894;16 862;CINEMA SAINT LOUIS;44;43.295774;-0.370121;305031;NOUVELLE AQUITAINE;64445;77726;64;64601;Pau;204082;04-Unités urbaines de 100 000 hbts ou plus;7;32;6 559;148,5;De 40 à 50 000 entrées;NON;;C;143;125;122;45,2;37,8;14,3;2,7;71;32,7
2474;159 992;106 874;LUMONPAU;12,9;43.302981;-0.369831;305041;NOUVELLE AQUITAINE;64445;77726;64;64601;Pau;204082;04-Unités urbaines de 100 000 hbts ou plus;12;32;14 251;49,7;De 150 à 200 000 entrées;NON;;C;162;142;142;33,4;51;14,3;1,3;25;9,6
283;7 819;4 373;COMMUNE DE PAUILLAC;34,3;45.201428;-0.746674;305101;NOUVELLE AQUITAINE;33314;4994;33;33201;Pauillac;4994;06-autres communes et unités urbaines;1;32;423;78,8;De 5 à 10 000 entrées;E;JP;I;123;100;6;60,3;27,6;11,6;0,6;40;21,7
1802;159 508;113 212;CAP' CINEMA                                                     ;28,2;45.182579;0.718006;307135;NOUVELLE AQUITAINE;24322;31642;24;24501;Périgueux;77210;05-Unités urbaines de 20 000 à 100 000 hbts;10;32;11 856;40,9;De 150 à 200 000 entrées;D;RDJPPR;C;298;241;153;38,4;45,8;14,2;1,6;140;16,7
767;105 195;84 377;ASSOCIATION CINEMA JEAN EUSTACHE;74;44.80514;-0.632009;308361;NOUVELLE AQUITAINE;33318;65133;33;33701;Bordeaux;951880;04-Unités urbaines de 100 000 hbts ou plus;5;32;4 302;24,7;De 100 à 150 000 entrées;C;RDJPPR;B;230;113;77;59,7;22,2;13,7;4,4;85;66,7
200;1 650;1 300;BANDE ORIGINALE;37,4;45.813639;1.772698;309331;NOUVELLE AQUITAINE;87117;1037;87;0;Zone rurale;14862638;04-Unités urbaines de 100 000 hbts ou plus;1;28;116;26,9;Moins de 2000 entrées;NON;;R;101;89;0;37,2;48,4;13,1;1,3;35;31
199;12 423;8 883;CIN' ORTHE                                                      ;26,4;43.545174;-1.102823;309443;NOUVELLE AQUITAINE;40224;3837;40;40204;Peyrehorade;7843;06-autres communes et unités urbaines;1;32;508;39,9;De 10 à 20 000 entrées;E;JP;C;183;154;5;39,3;48,3;11;1,4;67;14,3
1084;122 506;77 290;CS MULTIMEDIA                                                   ;5,4;44.952219;-0.629792;310180;NOUVELLE AQUITAINE;33322;6878;33;33701;Bordeaux;951880;04-Unités urbaines de 100 000 hbts ou plus;6;32;5 884;58,5;De 100 à 150 000 entrées;NON;;B;96;86;80;25,7;58,5;14,8;0,9;7;4,6
181;6 159;3 113;OFFICE DU TOURISME BASTIDES ET VALLONS DU GERS;42;43.604768;0.0448;312973;OCCITANIE;32319;1472;32;0;Zone rurale;14862638;04-Unités urbaines de 100 000 hbts ou plus;1;32;235;97,8;De 5 à 10 000 entrées;E;PR;R;156;120;19;61,6;23,1;12,1;3,1;57;28,9
537;58 237;45 896;ECRAN 7;12,7;43.56314;1.291519;312981;OCCITANIE;31424;19290;31;31701;Toulouse;996979;04-Unités urbaines de 100 000 hbts ou plus;3;26;2 240;26,9;De 50 à 80 000 entrées;NON;;B;107;96;55;38,9;49,3;11,8;0;22;8,3
459;36 370;35 670;THEATRE AUDITORIUM DE POITIERS, SCENE NATIONALE;100;46.580669;0.339687;317345;NOUVELLE AQUITAINE;86194;90958;86;86601;Poitiers;135451;04-Unités urbaines de 100 000 hbts ou plus;3;32;2 851;2;De 30 à 40 000 entrées;B;RDJPPR;C;148;88;72;75,7;7,6;10;6,7;88;100
141;16 509;15 736;ASSOCIATION CINE U;95,8;46.589505;0.346095;317384;NOUVELLE AQUITAINE;86194;90958;86;86601;Poitiers;135451;04-Unités urbaines de 100 000 hbts ou plus;1;32;940;4,9;De 10 à 20 000 entrées;B;RDJPPR;C;84;43;22;57,7;17,4;17,4;7,4;37;95,9
719;53 056;27 173;LES CINEMAS PATHE GAUMONT;33,3;46.580197;0.338977;317394;NOUVELLE AQUITAINE;86194;90958;86;86601;Poitiers;135451;04-Unités urbaines de 100 000 hbts ou plus;5;32;4 498;95,3;De 50 à 80 000 entrées;NON;;C;118;94;90;39,5;47,5;9,3;3,7;42;28,5
199;5 189;3 635;COMMUNE DE PONS;39,1;45.580586;-0.546711;318483;NOUVELLE AQUITAINE;17283;4451;17;17116;Pons;4451;06-autres communes et unités urbaines;2;32;750;42,8;De 5 à 10 000 entrées;E;;I;139;124;0;56,7;30,1;12,3;0,9;49;25,2
220;5 546;3 273;ASSOCIATION CINEMA GRAND ECRAN;21,1;43.787182;-0.923978;320561;NOUVELLE AQUITAINE;40230;2944;40;0;Zone rurale;14862638;04-Unités urbaines de 100 000 hbts ou plus;1;32;329;69,4;De 5 à 10 000 entrées;E;;R;128;116;53;46,2;38,9;14,2;0,7;33;11,3
150;8 686;3 828;ARTS ET TECHNIQUES;25,7;44.8722;-1.092786;321121;NOUVELLE AQUITAINE;33333;3289;33;0;Zone rurale;14862638;04-Unités urbaines de 100 000 hbts ou plus;1;32;288;126,9;De 5 à 10 000 entrées;E;;R;120;109;15;51,9;40,1;7,1;1;48;18,5
288;3 676;3 328;DU CINEMA PLEIN MON CARTABLE;40,8;43.608168;-0.998487;322592;NOUVELLE AQUITAINE;40233;3162;40;40202;Pouillon;5785;06-autres communes et unités urbaines;1;23;139;10,5;De 2 à 5 000 entrées;E;JP;C;66;55;0;65,3;23,1;9,5;2,1;28;38,3
154;10 708;8 240;COMMUNAUTE DE COMMUNES DU PAYS DE POUZAUGES                     ;24,7;46.773329;-0.84843;323493;PAYS DE LA LOIRE;85182;5753;85;85201;Pouzauges;5753;06-autres communes et unités urbaines;1;31;699;30;De 10 à 20 000 entrées;E;;I;118;104;13;60,5;29,6;9,9;0;28;7,8
260;9 052;6 519;CINE 46;56,3;44.503225;1.187579;324302;OCCITANIE;46225;2470;46;46102;Prayssac;3435;06-autres communes et unités urbaines;1;32;423;38,9;De 5 à 10 000 entrées;E;JP;C;165;140;1;55,2;22,3;18,4;4,1;86;46,4
99;2 873;3 039;COMMUNE DE RABASTENS;57,9;43.822342;1.724822;330574;OCCITANIE;81220;5811;81;81203;Rabastens;8773;06-autres communes et unités urbaines;1;26;240;-5,5;De 2 à 5 000 entrées;E;JP;C;96;81;0;59,9;26,2;12,8;1,1;44;47,6
201;16 402;13 223;RAMONVILLE CINE;68,5;43.545097;1.484818;331401;OCCITANIE;31446;14775;31;31701;Toulouse;996979;04-Unités urbaines de 100 000 hbts ou plus;1;32;663;24;De 10 à 20 000 entrées;C;RDJPPR;B;179;136;3;61,6;16,5;18,3;3,6;93;60,2
249;6 325;5 028;ASSOCIATION ECRAN REOLAIS;44,8;44.582404;-0.036426;335303;NOUVELLE AQUITAINE;33352;4437;33;33206;La Réole;7028;06-autres communes et unités urbaines;1;32;603;25,8;De 5 à 10 000 entrées;E;JPPR;C;197;172;20;51,3;29,3;16,1;3,2;90;34,6
88;2 145;1 370;BENAC HERVE;40,6;44.032421;2.535913;335473;OCCITANIE;12197;2080;12;0;Zone rurale;14862638;04-Unités urbaines de 100 000 hbts ou plus;1;29;204;56,6;De 2 à 5 000 entrées;NON;;R;51;47;0;60;27,1;11,2;1,8;20;36,2
193;15 821;12 205;VEO CINEMAS;16,3;43.457554;2.006074;336023;OCCITANIE;31451;9916;31;31209;Revel;9916;06-autres communes et unités urbaines;1;32;605;29,6;De 10 à 20 000 entrées;E;JP;I;108;83;21;46,2;42,1;11;0,7;28;15,4
314;14 342;8 109;COMMUNE DE RIBERAC;42,7;45.244774;0.339095;336801;NOUVELLE AQUITAINE;24352;4010;24;24202;Ribérac;5684;06-autres communes et unités urbaines;1;32;599;76,9;De 10 à 20 000 entrées;E;RDJPPR;C;176;132;8;51,6;34,9;12,4;1,1;66;24
239;5 927;5 217;COMMUNAUTE DE COMMUNES AVEYRON SEGALA VIAUR;66,9;44.3078;2.237623;337353;OCCITANIE;12198;2032;12;0;Zone rurale;14862638;04-Unités urbaines de 100 000 hbts ou plus;1;32;244;13,6;De 5 à 10 000 entrées;E;;R;188;156;0;59;12,4;15,7;12,9;104;67
64;1 324;1 716;ASSOCIATION CINEMA Z;26,5;43.913839;-0.91372;338172;NOUVELLE AQUITAINE;40243;3054;40;0;Zone rurale;14862638;04-Unités urbaines de 100 000 hbts ou plus;1;28;153;-22,8;Moins de 2000 entrées;E;;R;92;86;8;58,8;27,7;13,2;0,4;24;15,2
161;7 141;4 155;ARTS ET TECHNIQUES;32;45.148742;0.014338;339491;NOUVELLE AQUITAINE;24354;3062;24;170;La Roche-Chalais - Saint-Aigulin;5004;06-autres communes et unités urbaines;1;32;474;71,9;De 5 à 10 000 entrées;E;JP;C;139;105;0;58,1;28,9;11,5;1,6;39;22,3
1310;116 668;79 057;CINEFORTIS;22,1;45.93763;-0.966174;339664;NOUVELLE AQUITAINE;17299;24270;17;17403;Rochefort;39092;05-Unités urbaines de 20 000 à 100 000 hbts;8;32;7 165;47,6;De 100 à 150 000 entrées;D;;C;154;135;125;41,8;43,9;13,3;1;42;13,5
130;4 814;2 892;LE BISTROT;43,8;45.740934;0.383249;339713;NOUVELLE AQUITAINE;16281;4132;16;16104;La Rochefoucauld;4132;06-autres communes et unités urbaines;1;32;297;66,5;De 2 à 5 000 entrées;E;;I;128;108;0;63,3;24,4;10,8;1,6;51;35,7
1280;24 973;30 561;LA COURSIVE;96;46.156657;-1.154697;339852;NOUVELLE AQUITAINE;17300;78264;17;17601;La Rochelle;134062;04-Unités urbaines de 100 000 hbts ou plus;2;25;805;-18,3;De 20 à 30 000 entrées;B;RDJPPR;C;72;43;32;73,5;4,8;15,9;5,8;41;98,7
1024;64 514;57 004;CGR CINEMAS;81,3;46.157744;-1.153595;339871;NOUVELLE AQUITAINE;17300;78264;17;17601;La Rochelle;134062;04-Unités urbaines de 100 000 hbts ou plus;6;32;6 136;13,2;De 50 à 80 000 entrées;B;;C;247;217;203;64,2;15,6;15;5,2;173;72,5
2272;302 291;190 712;RAYLUMOND;11;46.147254;-1.153689;339911;NOUVELLE AQUITAINE;17300;78264;17;17601;La Rochelle;134062;04-Unités urbaines de 100 000 hbts ou plus;12;32;14 294;58,5;De 300 à 450 000 entrées;NON;;C;170;147;140;37,8;47,4;13,9;0,9;29;7,7
233;3 633;2 557;ASSOCIATION SYNDICAT D'INITIATIVE;53,9;46.785295;0.811448;340043;NOUVELLE AQUITAINE;86207;1588;86;0;Zone rurale;14862638;04-Unités urbaines de 100 000 hbts ou plus;1;26;215;42,1;De 2 à 5 000 entrées;E;;R;105;89;0;73,2;16;10,3;0,5;52;32,4
50;5 460;5 013;ASSOCIATION CONTACT RURAL CINEMA ARGENCE TARDOIRE BONNIEURE     ;36,3;45.815626;0.307695;340411;NOUVELLE AQUITAINE;16282;544;16;0;Zone rurale;14862638;04-Unités urbaines de 100 000 hbts ou plus;1;28;166;8,9;De 5 à 10 000 entrées;E;;R;67;45;0;87,1;8,6;3,7;0,6;21;34,3
1603;124 313;87 955;LES CINEMAS DE RODEZ;26,4;44.34873;2.57572;340874;OCCITANIE;12202;26212;12;12402;Rodez;53839;05-Unités urbaines de 20 000 à 100 000 hbts;10;32;11 682;41,3;De 100 à 150 000 entrées;D;RDJPPR;C;219;183;166;42,9;43;13;1,1;80;14,4
230;750;415;COMMUNE DE ROQUES;100;43.510867;1.379784;343010;OCCITANIE;31458;4707;31;31701;Toulouse;996979;04-Unités urbaines de 100 000 hbts ou plus;1;5;17;80,7;Moins de 2000 entrées;NON;;B;9;3;0;100;0;0;0;3;100
1076;136 275;79 635;CINÉMA & LOISIRS;13,9;45.62416;-1.025656;346502;NOUVELLE AQUITAINE;17306;19028;17;17402;Royan;37003;05-Unités urbaines de 20 000 à 100 000 hbts;6;32;5 569;71,1;De 100 à 150 000 entrées;NON;;C;135;112;98;46,8;40,8;11,8;0,5;24;8,7
271;9 639;5 313;ASSOCIATION D EDUCATION POPULAIRE DE RUFFEC;46,1;46.027187;0.203603;347302;NOUVELLE AQUITAINE;16292;3526;16;16106;Ruffec;4005;06-autres communes et unités urbaines;2;32;578;81,4;De 5 à 10 000 entrées;E;JP;C;159;132;4;60,8;25;12,7;1,6;65;26,5
1266;128 384;69 360;LE PALACE DES SABLES D'OLONNE;22,7;46.501653;-1.786349;348296;PAYS DE LA LOIRE;85194;45773;85;85403;Les Sables-d'Olonne;45773;05-Unités urbaines de 20 000 à 100 000 hbts;7;32;4 629;85,1;De 100 à 150 000 entrées;NON;;C;148;125;108;47,3;38,9;13,2;0,5;38;12,7
103;2 135;1 795;ASSOCIATION CULTURE ET LOISIRS DE SABRES;38,5;44.152438;-0.737033;348442;NOUVELLE AQUITAINE;40246;1320;40;0;Zone rurale;14862638;04-Unités urbaines de 100 000 hbts ou plus;1;27;236;18,9;De 2 à 5 000 entrées;E;;R;101;84;0;60,7;22,3;15,1;1,9;34;26,5
520;21 645;15 361;PIZZO ANTOINE;99,6;45.747157;-0.634183;349492;NOUVELLE AQUITAINE;17415;26546;17;17401;Saintes;30762;05-Unités urbaines de 20 000 à 100 000 hbts;2;32;1 251;40,9;De 20 à 30 000 entrées;D;RDJPPR;C;148;83;46;78,5;9,8;8,5;3,1;79;98,8
1256;144 537;110 194;BROCELIANDE                                                     ;13,8;45.74154;-0.691811;349524;NOUVELLE AQUITAINE;17415;26546;17;17401;Saintes;30762;05-Unités urbaines de 20 000 à 100 000 hbts;8;32;6 629;31,2;De 100 à 150 000 entrées;NON;;C;137;126;111;41,3;46,7;11,4;0,6;26;6,4
138;11 256;4 507;ASSOCIATION CINEMATOGRAPHIQUE SALISIENNE FRANCOIS TRUFFAUT      ;39,3;43.471607;-0.927756;350169;NOUVELLE AQUITAINE;64499;4718;64;64107;Salies-de-Béarn;4718;06-autres communes et unités urbaines;1;30;626;149,7;De 10 à 20 000 entrées;E;RDJPPR;I;137;111;19;48,5;34,8;15,2;1,6;55;31,5
162;11 060;5 609;GONZALEZ PHILIPPE;26,1;44.550748;-0.869882;350641;NOUVELLE AQUITAINE;33498;7352;33;33204;Salles;7352;06-autres communes et unités urbaines;1;30;430;97,2;De 10 à 20 000 entrées;E;;I;160;139;11;42,3;46,4;10,5;0,8;62;17,6
187;5 662;4 324;FOYER RURAL DE SAMATAN;42;43.490681;0.929457;351333;OCCITANIE;32410;2413;32;0;Zone rurale;14862638;04-Unités urbaines de 100 000 hbts ou plus;1;32;253;30,9;De 5 à 10 000 entrées;E;JPPR;R;189;157;42;48,7;37,8;10,9;2,7;75;24,3
979;76 832;46 798;AMB 3V                                                          ;35,6;44.885645;1.216981;352923;NOUVELLE AQUITAINE;24520;9201;24;24205;Sarlat-la-Canéda;9201;06-autres communes et unités urbaines;6;32;5 321;64,2;De 50 à 80 000 entrées;E;RDJPPR;I;310;207;124;46;39,3;13,5;1,2;111;21,3
189;1 680;1 617;COMMUNE DE SAVERDUN;47,9;43.236313;1.574721;355993;OCCITANIE;9282;5006;9;9105;Saverdun;5006;06-autres communes et unités urbaines;1;30;162;3,9;Moins de 2000 entrées;E;;I;121;96;0;51;33,1;15;0,9;53;39,2
390;20 465;12 114;PEI;25,5;43.664191;-1.395;365721;NOUVELLE AQUITAINE;40304;3544;40;40301;Capbreton;12747;06-autres communes et unités urbaines;1;32;560;68,9;De 20 à 30 000 entrées;E;;B;142;131;84;55,3;30,6;13,9;0,2;50;21,7
344;6 735;4 077;VEO CINEMAS;21,2;44.897861;1.477417;366992;OCCITANIE;46309;3597;46;46107;Souillac;4405;06-autres communes et unités urbaines;2;32;839;65,2;De 5 à 10 000 entrées;E;JP;C;147;132;16;52,7;35,9;11,2;0,3;51;12,2
287;15 640;7 997;ARTS ET TECHNIQUES;27,9;45.51424;-1.123506;367052;NOUVELLE AQUITAINE;33514;2844;33;33104;Soulac-sur-Mer;2844;06-autres communes et unités urbaines;1;32;385;95,6;De 10 à 20 000 entrées;E;JP;I;152;136;29;50,2;37,4;11,2;1,2;66;18,1
206;12 375;5 800;PEI;28,8;43.753649;-1.327299;367871;NOUVELLE AQUITAINE;40310;8251;40;40205;Soustons;8251;06-autres communes et unités urbaines;1;32;572;113,4;De 10 à 20 000 entrées;E;RDJP;I;178;158;82;47,8;35,3;15,3;1,5;73;20,7
190;6 441;3 572;COMMUNE DE LA SOUTERRAINE;36,9;46.236572;1.486137;367911;NOUVELLE AQUITAINE;23176;5329;23;23201;La Souterraine;5329;06-autres communes et unités urbaines;1;28;436;80,3;De 5 à 10 000 entrées;E;JPPR;I;111;89;4;58,8;29,3;9,7;2,1;38;21,7
210;15 946;10 959;ESPACE CULTUREL LE PALACE;39,6;46.108206;-0.750249;370483;NOUVELLE AQUITAINE;17434;6974;17;17203;Surgères;6974;06-autres communes et unités urbaines;1;32;793;45,5;De 10 à 20 000 entrées;E;JP;I;187;168;42;53;34,5;10,9;1,6;80;20,8
243;11 608;7 804;ECRANS SPECTACLES SUD AVEYRON;25,4;43.955721;2.884014;371131;OCCITANIE;12208;8669;12;12202;Saint-Affrique;9904;06-autres communes et unités urbaines;2;27;871;48,7;De 10 à 20 000 entrées;E;;C;115;108;12;45,4;40,8;12;1,8;40;18,9
951;87 034;57 744;CINE VILLAGE;18,9;45.009604;-0.438522;372923;NOUVELLE AQUITAINE;33366;12229;33;33306;Saint-André-de-Cubzac;24242;05-Unités urbaines de 20 000 à 100 000 hbts;6;32;6 350;50,7;De 80 à 100 000 entrées;D;JPPR;C;201;151;108;32,1;53,3;13,9;0,7;62;8,5
108;4 312;4 455;SEVEGNES LILIANE;70,8;44.150668;1.754536;373722;OCCITANIE;82155;1894;82;0;Zone rurale;14862638;04-Unités urbaines de 100 000 hbts ou plus;1;32;304;-3,2;De 2 à 5 000 entrées;E;;R;48;44;1;40,3;26,9;32,8;0;31;67,3
341;10 995;7 869;COMMUNE DE SAINT- ASTIER;36,5;45.145584;0.526425;374082;NOUVELLE AQUITAINE;24372;5517;24;24203;Saint-Astier;6768;06-autres communes et unités urbaines;1;32;538;39,7;De 10 à 20 000 entrées;E;JP;C;108;85;1;53,9;27,9;17,3;0,8;37;28,8
186;2 002;1 935;COMMUNE DE SAINT AULAYE-PUYMANGOU;29,1;45.201563;0.134975;375012;NOUVELLE AQUITAINE;24376;1446;24;0;Zone rurale;14862638;04-Unités urbaines de 100 000 hbts ou plus;1;32;226;3,5;De 2 à 5 000 entrées;NON;;R;101;84;0;44,2;35,9;18,7;1,3;25;20,1
284;4 867;2 927;MAISON DES JEUNES ET DE LA CULTURE DE SAINT CERE;48,3;44.85779;1.896668;377892;OCCITANIE;46251;3641;46;46106;Saint-Céré;4740;06-autres communes et unités urbaines;1;30;412;66,3;De 2 à 5 000 entrées;E;;C;138;111;1;52,6;35,9;9,9;1,6;54;34,5
225;1 980;1 635;COMMUNE DE SAINT CIERS SUR GIRONDE;31,7;45.290626;-0.610204;379013;NOUVELLE AQUITAINE;33389;3052;33;33107;Saint-Ciers-sur-Gironde;3052;06-autres communes et unités urbaines;1;27;273;21,1;Moins de 2000 entrées;E;;I;110;99;0;51,5;29,6;18,3;0,5;34;13,5
1251;104 296;70 569;GRAND ECRAN III;7;44.906415;-0.484312;384532;NOUVELLE AQUITAINE;33397;4813;33;33701;Bordeaux;951880;04-Unités urbaines de 100 000 hbts ou plus;7;32;6 084;47,8;De 100 à 150 000 entrées;NON;;B;124;102;98;30,9;53,6;14,6;0,8;13;4,1
515;29 173;20 717;COMMUNAUTE DE COMMUNES DU PAYS FOYEN;34,5;44.842499;0.219805;385793;NOUVELLE AQUITAINE;33402;2607;33;553;Bergerac;65822;05-Unités urbaines de 20 000 à 100 000 hbts;3;32;2 147;40,8;De 20 à 30 000 entrées;D;JP;B;198;166;89;48,5;37,3;13,4;0,9;90;23,7
1020;84 855;0;ASSOCIATION CINE PASSION;35,8;43.108339;0.718892;386254;OCCITANIE;31483;12164;31;31302;Saint-Gaudens;16742;06-autres communes et unités urbaines;7;32;6 416;#DIV/0!;De 80 à 100 000 entrées;E;RDJPPR;C;268;202;152;44,8;41,5;11,9;1,9;95;22,4
127;3 561;2 461;ASSOCIATION CINEFOL 31;33;43.682793;1.486048;386961;OCCITANIE;31484;2515;31;31701;Toulouse;996979;04-Unités urbaines de 100 000 hbts ou plus;1;28;239;44,7;De 2 à 5 000 entrées;C;;B;128;114;23;50,5;38,3;10,2;1;49;26,2
204;2 142;1 318;ASSOCIATION CULTURELLE D ANIMATION MARMOTTE;30,2;44.465282;2.972204;387041;OCCITANIE;12224;2246;12;0;Zone rurale;14862638;04-Unités urbaines de 100 000 hbts ou plus;1;32;117;62,5;De 2 à 5 000 entrées;E;;R;90;75;0;53,2;31,9;15;0;25;21,4
282;3 292;1 923;ARTS ET TECHNIQUES;31,6;45.485115;-0.566824;387092;NOUVELLE AQUITAINE;17331;1305;17;0;Zone rurale;14862638;04-Unités urbaines de 100 000 hbts ou plus;1;32;136;71,2;De 2 à 5 000 entrées;NON;;R;102;92;0;50,7;31,7;17,6;0;33;16,8
192;14 366;12 627;MARTEAU FLORENCE;79,7;45.59922;-0.993953;387501;NOUVELLE AQUITAINE;17333;5455;17;17402;Royan;37003;05-Unités urbaines de 20 000 à 100 000 hbts;1;32;648;13,8;De 10 à 20 000 entrées;D;RDJPPR;B;135;106;31;72,6;12,3;11,4;3,7;89;80,4
763;78 578;57 906;ACC CINEMARINE                                                  ;19,8;46.699163;-1.927816;390024;PAYS DE LA LOIRE;85222;7995;85;85401;Saint-Hilaire-de-Riez;26472;05-Unités urbaines de 20 000 à 100 000 hbts;4;32;2 665;35,7;De 50 à 80 000 entrées;D;JP;C;118;105;71;53,5;32,7;13,6;0,2;40;11
284;7 046;6 343;COMMUNE DE SAINT GIRONS;41,3;42.983492;1.146819;390184;OCCITANIE;9261;6809;9;9203;Saint-Girons;10264;06-autres communes et unités urbaines;1;32;394;11,1;De 5 à 10 000 entrées;E;;C;132;114;2;53,4;30,2;15,2;1,2;53;34,1
150;3 662;1 564;CONCEPT ET TECHNIQUE CINEMATOGRAPHIQUE;28;49.7511844;0.40355909999993855;390680;NOUVELLE AQUITAINE;33417;2870;33;0;Zone rurale;14862638;04-Unités urbaines de 100 000 hbts ou plus;1;27;232;134,1;De 2 à 5 000 entrées;E;JP;R;114;91;2;47,6;32,9;19,4;0,1;32;15,9
162;3 086;1 585;AEP CINEMA LE TIGRE;40,6;46.556503;-1.061779;390821;PAYS DE LA LOIRE;85223;2991;85;0;Zone rurale;14862638;04-Unités urbaines de 100 000 hbts ou plus;1;29;157;94,7;De 2 à 5 000 entrées;E;JP;R;73;58;0;70,9;26,8;1,8;0,5;26;23,7
251;3 583;3 462;LE REVEIL DU MARAIS;50,7;46.269476;-0.715321;391451;NOUVELLE AQUITAINE;79257;1559;79;0;Zone rurale;14862638;04-Unités urbaines de 100 000 hbts ou plus;1;32;188;3,5;De 2 à 5 000 entrées;E;;R;105;88;0;69,5;17,3;11,7;1,5;45;34,1
463;13 907;0;VEO-LENA-SAINTONGE;41,4;45.944226;-0.527289;392685;NOUVELLE AQUITAINE;17347;7322;17;17207;Saint-Jean-d'Angély;8607;06-autres communes et unités urbaines;3;32;654;#DIV/0!;De 10 à 20 000 entrées;E;JPPR;C;189;138;7;49,9;39,1;9,9;1,2;76;22,4
775;127 891;87 912;LES ECRANS LUZIENS                                              ;41,1;43.388314;-1.659851;393253;NOUVELLE AQUITAINE;64483;14622;64;751;Bayonne (partie française);251522;04-Unités urbaines de 100 000 hbts ou plus;5;32;4 050;45,5;De 100 à 150 000 entrées;C;RDJP;B;244;195;159;54,4;31;12,9;1,6;102;28,9
298;13 074;10 415;AEP COUSINS DE MONTS;25,5;46.793577;-2.061566;393312;PAYS DE LA LOIRE;85234;8891;85;85301;Saint-Jean-de-Monts;13330;06-autres communes et unités urbaines;1;31;470;25,5;De 10 à 20 000 entrées;E;JP;C;123;111;10;58;29,8;11,4;0,7;46;18,3
300;10 072;7 525;GARAZIKUS;41,4;43.16402;-1.237591;394201;NOUVELLE AQUITAINE;64485;1843;64;64106;Saint-Jean-Pied-de-Port;4749;06-autres communes et unités urbaines;1;32;445;33,8;De 10 à 20 000 entrées;E;JP;C;170;137;6;52,9;31,3;12,4;3,4;65;34,5
290;9 722;2 484;ASSOCIATION A CONTIS;61,4;44.079661;-1.257781;395463;NOUVELLE AQUITAINE;40266;1706;40;0;Zone rurale;14862638;04-Unités urbaines de 100 000 hbts ou plus;1;27;475;291,4;De 5 à 10 000 entrées;E;RDJPPR;R;154;132;12;63,1;25;9,7;2,2;85;43,5
328;23 539;13 303;ETABLISSEMENT PUBLIC DE COOPERATION CULTURELLE VIENNE GLANE;26,3;45.887637;0.903224;395872;NOUVELLE AQUITAINE;87154;11531;87;87301;Saint-Junien;11531;06-autres communes et unités urbaines;2;32;1 037;76,9;De 20 à 30 000 entrées;E;RDJPPR;I;156;118;27;39,3;44,4;15,4;1;60;18,7
336;4 035;5 190;CHENEAUX JEAN PAUL LOUIS;31,5;42.815993;0.320259;396502;OCCITANIE;65388;869;65;0;Zone rurale;14862638;04-Unités urbaines de 100 000 hbts ou plus;2;31;345;-22,3;De 2 à 5 000 entrées;NON;;R;131;120;34;61,8;26,7;10,8;0,7;69;14,6
326;2 181;1 083;ASSOCIATION LE PARVIS;53,9;43.08008;0.480895;396961;OCCITANIE;65389;973;65;0;Zone rurale;14862638;04-Unités urbaines de 100 000 hbts ou plus;1;29;117;101,4;De 2 à 5 000 entrées;NON;;R;103;95;16;62,6;17,6;19,7;0,1;53;52,3
192;4 667;2 523;COMMUNE DE SAINT LEONARD DE NOBLAT;35,9;45.838161;1.487619;398251;NOUVELLE AQUITAINE;87161;4584;87;87106;Saint-Léonard-de-Noblat;4584;06-autres communes et unités urbaines;1;32;230;85;De 2 à 5 000 entrées;E;JP;I;111;79;1;50,4;33,7;14,8;1;30;33,3
50;3 267;3 449;ASSOCIATION ART CINE;65;44.397257;0.588996;398525;NOUVELLE AQUITAINE;47252;6633;47;47401;Villeneuve-sur-Lot;49671;05-Unités urbaines de 20 000 à 100 000 hbts;1;31;407;-5,3;De 2 à 5 000 entrées;D;RDJPPR;B;147;108;0;70,8;14,1;11,5;3,6;71;58,5
119;9 453;7 757;ASSOCIATION ART CINE;44,9;44.398567;0.590542;398526;NOUVELLE AQUITAINE;47252;6633;47;47401;Villeneuve-sur-Lot;49671;05-Unités urbaines de 20 000 à 100 000 hbts;1;32;492;21,9;De 5 à 10 000 entrées;D;JP;B;119;87;1;56,1;31;11,3;1,6;51;43,6
1072;39 700;25 327;ARTS ET TECHNIQUES;34,9;44.893791;-0.715027;405772;NOUVELLE AQUITAINE;33449;32052;33;33701;Bordeaux;951880;04-Unités urbaines de 100 000 hbts ou plus;3;32;1 970;56,7;De 30 à 40 000 entrées;C;JP;B;196;169;87;44,6;43,9;11;0,5;94;19,3
150;3 091;3 427;QUERCIMAGES;76,6;44.203862;1.018776;407140;OCCITANIE;82168;340;82;0;Zone rurale;14862638;04-Unités urbaines de 100 000 hbts ou plus;1;29;141;-9,8;De 2 à 5 000 entrées;E;JP;R;38;16;0;67,8;20,1;9,8;2,3;12;69,8
496;16 573;11 593;ASSOCIATION ARGITZE;36,4;43.327875;-1.034919;408682;NOUVELLE AQUITAINE;64493;1907;64;64102;Saint-Palais;3049;06-autres communes et unités urbaines;2;32;1 030;43;De 10 à 20 000 entrées;E;RDJP;C;250;211;59;48,7;37,4;12,8;1,1;108;19,4
175;6 391;2 630;VALZ MICHEL;15,7;45.64428;-1.088823;408744;NOUVELLE AQUITAINE;17380;3990;17;17402;Royan;37003;05-Unités urbaines de 20 000 à 100 000 hbts;1;32;493;143;De 5 à 10 000 entrées;NON;;B;104;93;12;56,9;32,5;10,5;0,1;35;13,5
630;52 004;32 964;LIEN OLERONNAIS POUR LA CULTURE L  ANIMATION ET LES LOISIRS;39,2;45.943128;-1.308557;411461;NOUVELLE AQUITAINE;17385;6781;17;17204;Saint-Pierre-d'Oléron;6781;06-autres communes et unités urbaines;3;32;2 300;57,8;De 50 à 80 000 entrées;E;RDJPPR;I;218;166;64;57,2;30,7;10,7;1,4;96;27,4
388;39 700;24 052;CINELANDES;8,6;43.885758;-0.521675;411540;NOUVELLE AQUITAINE;40281;9988;40;40401;Mont-de-Marsan;41091;05-Unités urbaines de 20 000 à 100 000 hbts;4;32;4 317;65,1;De 30 à 40 000 entrées;NON;;B;95;83;73;34,3;52,5;12,6;0,6;14;4,5
188;4 290;2 282;ECRAN SAVINOIS;53,9;45.87583;-0.681096;416021;NOUVELLE AQUITAINE;17397;2550;17;0;Zone rurale;14862638;04-Unités urbaines de 100 000 hbts ou plus;1;32;252;88;De 2 à 5 000 entrées;E;;R;116;96;0;55,5;29,5;12,3;2,7;55;46,3
200;6 188;3 141;OFFICE DU TOURISME DE SAINT SEVER CAP DE GASCOGNE;20,9;43.758985;-0.574071;416622;NOUVELLE AQUITAINE;40282;5064;40;40108;Saint-Sever;5064;06-autres communes et unités urbaines;1;32;403;97;De 5 à 10 000 entrées;E;;I;152;124;50;47;40;12,1;0,9;42;15,2
167;3 617;2 753;VEO CINEMAS;49,1;43.77186;1.688125;417332;OCCITANIE;81271;9498;81;81204;Saint-Sulpice;9498;06-autres communes et unités urbaines;1;26;270;31,4;De 2 à 5 000 entrées;E;;I;98;82;1;42,2;32,2;23,8;1,8;42;26,4
286;10 720;7 305;CINETYR;44,2;43.660752;-1.304343;419912;NOUVELLE AQUITAINE;40284;7928;40;40303;Saint-Vincent-de-Tyrosse;16739;06-autres communes et unités urbaines;1;31;424;46,7;De 10 à 20 000 entrées;E;JP;C;170;133;7;51,9;30,6;16,7;0,8;66;32,7
264;13 049;8 473;COMMUNAUTE DE COMMUNES DU PAYS DE SAINT YRIEIX                  ;33,6;45.51138;1.20357;420443;NOUVELLE AQUITAINE;87187;7161;87;87203;Saint-Yrieix-la-Perche;7161;06-autres communes et unités urbaines;2;32;845;54;De 10 à 20 000 entrées;E;JP;I;161;140;2;51,7;36,9;10,7;0,7;73;19,6
2403;162 224;111 287;UGC CINE CITE;22,6;44.811682;-0.592543;421242;NOUVELLE AQUITAINE;33522;43670;33;33701;Bordeaux;951880;04-Unités urbaines de 100 000 hbts ou plus;12;32;11 235;45,8;De 150 à 200 000 entrées;NON;;B;172;124;125;36,8;48,8;14,4;0;33;20,1
328;4 051;2 760;ASSOCIATION CINEMA LE MANOIR;38,1;46.465494;-1.62086;421441;PAYS DE LA LOIRE;85288;7931;85;85204;Talmont-Saint-Hilaire;7931;06-autres communes et unités urbaines;1;32;375;46,8;De 2 à 5 000 entrées;E;;I;135;116;0;57,3;26,6;15,6;0,4;52;21,9
200;5 866;4 224;OFFICE DU TOURISME DU PAYS DE TARASCON;30,4;42.846422;1.603935;421923;OCCITANIE;9306;3060;9;9201;Tarascon-sur-Ariège;5329;06-autres communes et unités urbaines;1;32;566;38,9;De 5 à 10 000 entrées;E;;C;155;127;1;41,4;42,3;13,4;2,9;58;25,1
1968;152 696;101 803;CINE LOISIRS AQUITAINE;13,7;43.240399;0.079601;421997;OCCITANIE;65440;43463;65;65501;Tarbes;79909;05-Unités urbaines de 20 000 à 100 000 hbts;11;32;12 983;50;De 150 à 200 000 entrées;NON;;C;160;142;143;34,1;51;13,7;1,2;29;7,5
2519;126 542;77 542;LANESMOND;13,1;43.536908;-1.461264;422160;NOUVELLE AQUITAINE;40312;12786;40;751;Bayonne (partie française);251522;04-Unités urbaines de 100 000 hbts ou plus;12;32;14 302;63,2;De 100 à 150 000 entrées;NON;;B;161;144;144;33,9;51;14;1,1;25;8,3
228;10 788;7 136;VILLE DE TERRASSON LA VILLEDIEU                                 ;47,1;45.131093;1.301938;423865;NOUVELLE AQUITAINE;24547;6340;24;265;Terrasson-Lavilledieu;8090;06-autres communes et unités urbaines;1;32;702;51,2;De 10 à 20 000 entrées;E;JP;C;204;167;6;55,1;33,9;8,8;2,2;95;25,7
1375;124 846;77 117;SARL GRAND ECRAN;19,4;44.637099;-1.153746;424194;NOUVELLE AQUITAINE;33529;26626;33;33501;La Teste-de-Buch - Arcachon;68820;05-Unités urbaines de 20 000 à 100 000 hbts;10;32;7 574;61,9;De 100 à 150 000 entrées;D;;C;200;167;120;35,6;48,7;14,8;0,9;66;9,2
173;9 488;7 414;SARL CINE LIMOUSIN QUERCY PERIGORD;41,8;45.413265;0.918749;426463;NOUVELLE AQUITAINE;24551;3052;24;24108;Thiviers;4049;06-autres communes et unités urbaines;1;32;551;28;De 5 à 10 000 entrées;E;RDJPPR;C;171;144;0;55,5;28,1;15,5;1;73;29,6
530;34 822;0;CINE THOUARS;26,4;46.979451;-0.21706;427365;NOUVELLE AQUITAINE;79329;14275;79;79302;Thouars;17536;06-autres communes et unités urbaines;4;32;1 560;#DIV/0!;De 30 à 40 000 entrées;E;;C;128;115;50;56,6;34,1;9,2;0,2;44;12,3
200;9 276;7 130;ASSOCIATION CINE PASSION EN PERIGORD;29,7;45.252655;0.493333;428711;NOUVELLE AQUITAINE;24553;1752;24;0;Zone rurale;14862638;04-Unités urbaines de 100 000 hbts ou plus;1;32;300;30,1;De 5 à 10 000 entrées;E;JP;R;68;50;1;57,1;30,6;12,3;0,1;20;19,3
173;1 651;1 613;CINE REX;50;45.966024;-0.705655;428921;NOUVELLE AQUITAINE;17448;1175;17;0;Zone rurale;14862638;04-Unités urbaines de 100 000 hbts ou plus;1;31;162;2,4;Moins de 2000 entrées;E;;R;81;68;0;74,5;15,6;5;4,8;36;29,4
406;18 341;11 181;ASSOCIATION POUR LA PROMOTION ET L'ANIMATION DU CINE A TONNEINS;43,3;44.391294;0.311793;428942;NOUVELLE AQUITAINE;47310;9333;47;47201;Tonneins;10209;06-autres communes et unités urbaines;3;32;1 681;64;De 10 à 20 000 entrées;E;RDJPPR;C;267;230;93;50,8;32,8;14,2;2,1;123;24,4
396;73 541;75 747;ASSOCIATION POUR LA PROMOTION DU CINEMA ABC;95,6;43.60903;1.443975;430222;OCCITANIE;31555;491942;31;31701;Toulouse;996979;04-Unités urbaines de 100 000 hbts ou plus;3;32;3 270;-2,9;De 50 à 80 000 entrées;A;RDJPPR;C;142;87;82;70,4;9;10,8;9,8;82;95,5
441;104 073;95 387;UTOPIA LATIN;98,3;43.604016;1.446784;430243;OCCITANIE;31555;491942;31;31701;Toulouse;996979;04-Unités urbaines de 100 000 hbts ou plus;3;32;3 480;9,1;De 100 à 150 000 entrées;A;RDJPPR;C;181;93;90;59,1;17,5;15;8,4;87;98,8
79;10 663;8 730;ASSOCIATION CINEFOL 31;92,8;43.588909;1.445984;430261;OCCITANIE;31555;491942;31;31701;Toulouse;996979;04-Unités urbaines de 100 000 hbts ou plus;1;32;915;22,1;De 10 à 20 000 entrées;A;RDJP;C;193;99;1;63,6;12,1;13,5;10,8;91;95
130;609;1 427;CENTRE SOCIO CULTUREL SPORT MINVIL;100;43.563857;1.404136;430404;OCCITANIE;31555;491942;31;31701;Toulouse;996979;04-Unités urbaines de 100 000 hbts ou plus;1;8;16;-57,3;Moins de 2000 entrées;NON;;C;7;2;1;0;0;0;0;2;100
3529;563 473;373 778;GAUMONT;30,5;43.60456;1.44782;430446;OCCITANIE;31555;491942;31;31701;Toulouse;996979;04-Unités urbaines de 100 000 hbts ou plus;15;32;14 688;50,8;De 450 à 700 000 entrées;NON;;C;249;191;188;37,5;47;14,1;1,4;83;23,8
299;31 758;27 694;BORDEROUGE CINE;92,4;43.642205;1.45598;430455;OCCITANIE;31555;491942;31;31701;Toulouse;996979;04-Unités urbaines de 100 000 hbts ou plus;3;32;2 817;14,7;De 30 à 40 000 entrées;A;RDJPPR;C;177;109;19;63,3;15,2;13;8,5;98;86,8
1330;48 499;0;UGC CINE CITE;22,4;43.571055;1.478228;430459;OCCITANIE;31555;491942;31;31701;Toulouse;996979;04-Unités urbaines de 100 000 hbts ou plus;7;29;6 205;#DIV/0!;De 40 à 50 000 entrées;NON;;C;89;76;73;35,7;50,5;13,8;0;20;18,9
300;11 031;10 548;ASSOCIATION CINEFOL 31;52,3;43.216817;0.882662;431351;OCCITANIE;31028;1255;31;0;Zone rurale;14862638;04-Unités urbaines de 100 000 hbts ou plus;1;32;385;4,6;De 10 à 20 000 entrées;E;JP;R;94;59;0;53,2;26,5;18,7;1,6;37;42,9
486;86 230;72 421;UTOPIA LATIN;97,8;43.581932;1.345083;431352;OCCITANIE;31557;28297;31;31701;Toulouse;996979;04-Unités urbaines de 100 000 hbts ou plus;4;32;4 084;19,1;De 80 à 100 000 entrées;C;RDJPPR;B;186;116;84;66,1;12;16,7;5,3;111;96,3
266;22 052;12 015;ASSOCIATION CINEMA DU BOCAGE;34,1;46.34852;-1.448152;432661;PAYS DE LA LOIRE;85294;2989;85;85104;La Tranche-sur-Mer;2989;06-autres communes et unités urbaines;2;32;1 367;83,5;De 20 à 30 000 entrées;E;;I;165;149;66;58,4;31,2;10;0,5;68;15,6
259;7 237;5 143;SECIC;62,3;45.796268;-1.166123;433913;NOUVELLE AQUITAINE;17452;4403;17;17301;La Tremblade;12184;06-autres communes et unités urbaines;1;32;569;40,7;De 5 à 10 000 entrées;E;JP;C;146;124;10;69,2;20,9;8,3;1,6;72;38,8
228;1 697;897;ASSOCIATION L'ETOILE;32,7;46.46634;1.038441;435331;NOUVELLE AQUITAINE;86273;897;86;0;Zone rurale;14862638;04-Unités urbaines de 100 000 hbts ou plus;1;32;142;89,2;Moins de 2000 entrées;E;;R;101;87;0;58,5;19,4;21,6;0,5;32;17,6
708;59 529;44 110;VEO TULLE                                                       ;25,6;45.272941;1.776816;436927;NOUVELLE AQUITAINE;19272;15356;19;19401;Tulle;22666;05-Unités urbaines de 20 000 à 100 000 hbts;5;32;4 026;35;De 50 à 80 000 entrées;D;RDJPPR;C;197;160;97;47,8;40,3;11,2;0,8;70;14,6
200;10 717;7 679;ASSOCIATION CINEMA LE LUMIERE;34,2;43.654225;1.491185;437682;OCCITANIE;31561;11624;31;31701;Toulouse;996979;04-Unités urbaines de 100 000 hbts ou plus;1;29;345;39,6;De 10 à 20 000 entrées;C;;B;153;128;24;53,8;33,4;11,7;1,1;57;25,5
229;9 200;7 708;AEP LES AMIS DE LA JEUNESSE D URRUGNE;83,2;43.36278;-1.696856;438001;NOUVELLE AQUITAINE;64545;10624;64;751;Bayonne (partie française);251522;04-Unités urbaines de 100 000 hbts ou plus;1;32;961;19,4;De 5 à 10 000 entrées;C;RDJPPR;B;135;107;13;52,4;16,2;25,1;6,3;88;76
491;16 822;10 189;VEO CINEMAS;22,6;45.550069;2.312425;438291;NOUVELLE AQUITAINE;19275;9923;19;19301;Ussel;9923;06-autres communes et unités urbaines;2;32;975;65,1;De 10 à 20 000 entrées;E;JP;I;141;116;14;48,4;39,3;11,5;0,8;48;10
187;4 686;3 301;COMMUNE D'UZERCHE;30,2;45.424402;1.563016;438622;NOUVELLE AQUITAINE;19276;2855;19;19103;Uzerche;2855;06-autres communes et unités urbaines;1;32;261;42;De 2 à 5 000 entrées;E;;I;120;95;1;57,1;29,4;13,4;0,2;33;14,5
148;6 394;4 775;VILLE DE VALENCE D'AGEN                                         ;37,3;44.107657;0.889685;439901;OCCITANIE;82186;5367;82;82202;Valence;7928;06-autres communes et unités urbaines;1;30;312;33,9;De 5 à 10 000 entrées;E;;C;146;123;0;42,5;47,1;9,9;0,5;53;23,3
200;3 925;3 549;ASSOCIATION CINE SPECTACLES L UXELLO;48,6;44.954501;1.70171;445201;OCCITANIE;46330;1328;46;155;Vayrac;2643;06-autres communes et unités urbaines;1;32;213;10,6;De 2 à 5 000 entrées;E;;C;136;111;0;67,8;20;10,2;2;59;45,2
490;4 501;5 690;ORGANISATION CINEMATOGRAPHIQUE FAVARD;33,3;45.355735;-1.060588;446204;NOUVELLE AQUITAINE;33540;2464;33;0;Zone rurale;14862638;04-Unités urbaines de 100 000 hbts ou plus;1;8;16;-20,9;De 2 à 5 000 entrées;NON;;R;15;6;0;54,4;15,2;30,4;0;2;35,1
98;3 063;1 137;MAISON DES JEUNES ET DE LA CULTURE DE VERDUN SUR GARONNE        ;48,1;43.851122;1.234903;447605;OCCITANIE;82190;4848;82;82104;Verdun-sur-Garonne;4848;06-autres communes et unités urbaines;1;32;214;169,4;De 2 à 5 000 entrées;E;JPPR;I;153;121;0;61,5;20,6;15,7;2,2;63;26,5
110;2 818;1 542;COMMUNAUTE DE COMMUNES VIC-MONTANER;29,2;43.387059;0.055241;451594;OCCITANIE;65460;5131;65;65201;Vic-en-Bigorre;5131;06-autres communes et unités urbaines;1;30;294;82,7;De 2 à 5 000 entrées;E;;I;118;97;0;51,3;30,1;18,7;0;36;30,2
112;4 291;3 579;CINE 32;36;43.757919;0.302664;451631;OCCITANIE;32462;3569;32;32104;Vic-Fezensac;4025;06-autres communes et unités urbaines;1;31;196;19,9;De 2 à 5 000 entrées;E;JPPR;C;147;127;22;57,9;32,7;8,3;1,2;53;27,1
436;5 606;1 207;PEI;9,2;43.78629;-1.402582;452961;NOUVELLE AQUITAINE;40328;1646;40;0;Zone rurale;14862638;04-Unités urbaines de 100 000 hbts ou plus;1;22;219;364,5;De 5 à 10 000 entrées;E;;R;70;61;29;38,8;44,1;16,5;0,6;15;6,7
162;7 836;5 230;ASSOCIATION CINEFOL 31;55,5;43.398281;1.715623;456362;OCCITANIE;31582;4725;31;31114;Villefranche-de-Lauragais;5285;06-autres communes et unités urbaines;1;31;405;49,8;De 5 à 10 000 entrées;E;RDJP;C;202;166;0;60,9;24,1;13,2;1,9;102;46,9
305;17 669;6 821;CHIAPPINI DIDIER;19,9;44.351282;2.034728;456402;OCCITANIE;12300;12357;12;12301;Villefranche-de-Rouergue;13124;06-autres communes et unités urbaines;2;32;1 286;159;De 10 à 20 000 entrées;E;;C;110;95;43;41,2;47,5;10,3;1,1;42;11,4
3167;331 550;215 265;VILNAMOND;14,6;44.788343;-0.532977;457411;NOUVELLE AQUITAINE;33550;35480;33;33701;Bordeaux;951880;04-Unités urbaines de 100 000 hbts ou plus;15;32;18 275;54;De 300 à 450 000 entrées;NON;;B;180;158;156;28,2;55;15,5;1,4;36;7,7
676;41 690;25 873;SARL MINAS;11;44.408808;0.704017;458401;NOUVELLE AQUITAINE;47323;22600;47;47401;Villeneuve-sur-Lot;49671;05-Unités urbaines de 20 000 à 100 000 hbts;6;32;4 273;61,1;De 40 à 50 000 entrées;NON;;C;121;109;85;32,5;50,9;15,2;1,4;27;5,4
120;15 505;15 639;CENTRE REGIONAL DE PROMOTION DU CINEMA;12,5;46.716996;0.536753;465651;NOUVELLE AQUITAINE;86298;2267;86;0;Zone rurale;14862638;04-Unités urbaines de 100 000 hbts ou plus;1;31;463;-0,9;De 10 à 20 000 entrées;E;JPPR;R;60;41;0;72,9;18,5;8,6;0;6;13,8
200;1 576;1 127;COMMUNE DES MATHES;30,4;45.714055;-1.142718;703700;NOUVELLE AQUITAINE;17225;2073;17;0;Zone rurale;14862638;04-Unités urbaines de 100 000 hbts ou plus;1;30;130;39,8;Moins de 2000 entrées;NON;;R;87;74;0;73;19,5;7,5;0;24;19,2
201;2 376;1 463;ASSOCIATION CINEFOL 31;50;43.795535;1.6077;706850;OCCITANIE;31066;4160;31;31109;Bessières;4160;06-autres communes et unités urbaines;1;25;94;62,4;De 2 à 5 000 entrées;NON;;I;73;55;1;45,9;34,9;17,9;1,2;28;20,2
769;46 610;0;VEO COLOMIERS;32,9;43.609645;1.330951;706900;OCCITANIE;31149;39648;31;31701;Toulouse;996979;04-Unités urbaines de 100 000 hbts ou plus;5;30;2 415;#DIV/0!;De 40 à 50 000 entrées;C;RDJPPR;B;168;116;47;47,2;41,3;11,1;0,4;59;21,4
634;89 660;59 258;LES CINEMAS DU NORD BASSIN;29,6;44.744571;-1.093117;707300;NOUVELLE AQUITAINE;33005;12371;33;33305;Andernos-les-Bains;19605;06-autres communes et unités urbaines;4;32;3 239;51,3;De 80 à 100 000 entrées;E;JP;C;198;163;86;46,9;38,5;13,7;0,8;84;19,3
2014;217 755;163 851;SOCIETE RENNAISE DE DIFFUSION CINEMATOGRAPHIQUE;12,7;46.697805;-1.426619;718200;PAYS DE LA LOIRE;85191;57717;85;85501;La Roche-sur-Yon;57717;05-Unités urbaines de 20 000 à 100 000 hbts;9;32;8 471;32,9;De 200 à 300 000 entrées;NON;;I;164;121;118;39,1;48,2;12,1;0,6;20;6,9
294;35 935;35 007;ETABLISSEMENT PUBLIC DE COOPERATION CULTURELLE CINEMATOGRAPHIQUE;94,6;46.673549;-1.425858;718210;PAYS DE LA LOIRE;85191;57717;85;85501;La Roche-sur-Yon;57717;05-Unités urbaines de 20 000 à 100 000 hbts;2;32;2 136;2,7;De 30 à 40 000 entrées;D;RDJPPR;I;205;119;72;59,6;19,8;16,2;4,4;102;94,2
1096;114 725;62 203;KORIC;6,9;43.485068;-1.471948;720600;NOUVELLE AQUITAINE;64102;52569;64;751;Bayonne (partie française);251522;04-Unités urbaines de 100 000 hbts ou plus;7;32;8 133;84,4;De 100 à 150 000 entrées;NON;;C;109;97;95;35;49,4;13,7;1,9;11;5,9
2082;169 502;118 263;CAP' CINEMA MONTAUBAN;12;43.973656;1.38232;720750;OCCITANIE;82121;62405;82;82501;Montauban;81388;05-Unités urbaines de 20 000 à 100 000 hbts;11;32;11 695;43,3;De 150 à 200 000 entrées;NON;;C;149;134;134;31,8;52,4;14,5;1,3;22;5,7
288;30 220;24 466;LES MONTREURS D'IMAGES;96,3;44.204672;0.62747;721602;NOUVELLE AQUITAINE;47001;33887;47;47501;Agen;82630;05-Unités urbaines de 20 000 à 100 000 hbts;2;30;1 639;23,5;De 30 à 40 000 entrées;D;RDJPPR;C;208;129;49;66,9;8;20,5;4,7;113;96
1533;106 241;63 269;CAP CINEMA PERIGUEUX                                            ;14,5;43.923796;2.144604;721750;OCCITANIE;81004;50741;81;81502;Albi;76988;05-Unités urbaines de 20 000 à 100 000 hbts;8;32;9 243;67,9;De 100 à 150 000 entrées;NON;;C;136;117;116;37,6;48,9;12,2;1,3;22;8,6
1327;93 919;58 759;LE CLUB;26,2;43.887186;-0.501779;721850;NOUVELLE AQUITAINE;40192;31103;40;40401;Mont-de-Marsan;41091;05-Unités urbaines de 20 000 à 100 000 hbts;8;32;6 681;59,8;De 80 à 100 000 entrées;D;JP;C;199;171;154;34,7;50,6;13,6;1,2;73;12,6
266;5 435;5 399;EIDOS;75,3;43.961546;1.342434;722000;OCCITANIE;82025;3801;82;82501;Montauban;81388;05-Unités urbaines de 20 000 à 100 000 hbts;1;32;428;0,7;De 5 à 10 000 entrées;D;RDJP;B;129;95;2;56,4;21,6;15,8;6,3;73;64,6
1575;110 468;82 055;LESCARMOND;9,4;43.319282;-0.433455;722040;NOUVELLE AQUITAINE;64335;10156;64;64601;Pau;204082;04-Unités urbaines de 100 000 hbts ou plus;9;32;10 737;34,6;De 100 à 150 000 entrées;NON;;B;127;112;110;35,9;49,8;13,3;1;14;5
118;5 385;5 310;ASSOCIATION CINE PASSION EN PERIGORD;36,1;45.182708;0.762663;722720;NOUVELLE AQUITAINE;24053;11058;24;24501;Périgueux;77210;05-Unités urbaines de 20 000 à 100 000 hbts;1;31;316;1,4;De 5 à 10 000 entrées;D;;B;125;91;0;59,3;32,7;6,3;1,7;41;29,5
1161;114 218;71 309;KINEPOLIS IMMO THIONVILLE;7,4;43.690447;1.403453;723480;OCCITANIE;31182;5331;31;31701;Toulouse;996979;04-Unités urbaines de 100 000 hbts ou plus;8;32;7 635;60,2;De 100 à 150 000 entrées;NON;;B;124;105;102;26,5;57,2;15;1,2;12;5,7
1051;93 307;67 220;SOCIETE CADURCIENNE D'EXPLOITATION CINEMATOGRAPHIQUE;35,3;44.456197;1.450773;724520;OCCITANIE;46042;20844;46;46401;Cahors;24460;05-Unités urbaines de 20 000 à 100 000 hbts;7;32;5 296;38,8;De 80 à 100 000 entrées;D;RDJP;C;281;205;150;45,8;38,7;13,7;1,7;105;25
771;36 583;0;ASS GESTION CINEMA GRAND ECRAN HERBIERS;20,6;46.879542;-1.017191;724680;PAYS DE LA LOIRE;85109;16616;85;85303;Les Herbiers;16616;06-autres communes et unités urbaines;5;31;921;#DIV/0!;De 30 à 40 000 entrées;E;JP;I;120;99;53;46,8;44;8,7;0,4;29;7,8
182;3 071;2 513;ECRAN 7;46,3;43.578553;1.262865;724760;OCCITANIE;31526;8589;31;31701;Toulouse;996979;04-Unités urbaines de 100 000 hbts ou plus;1;27;294;22,2;De 2 à 5 000 entrées;NON;;B;87;69;0;58,3;22,6;18,8;0,3;35;32,8
1076;90 858;24 575;CIDECO;13,8;44.97498;5.575891;724800;AUVERGNE / RHONE-ALPES;38090;273;38;0;Zone rurale;14862638;04-Unités urbaines de 100 000 hbts ou plus;6;32;5 242;269,7;De 80 à 100 000 entrées;NON;;R;136;110;88;41,5;46,2;11,8;0,5;23;7,6
98;1 549;52;BENAC HERVE;36,3;44.182478;2.786721;724840;OCCITANIE;12307;312;12;0;Zone rurale;14862638;04-Unités urbaines de 100 000 hbts ou plus;1;29;131;2 878,80;Moins de 2000 entrées;NON;;R;40;37;0;87,3;8,9;3,8;0;14;28,3
2394;92 346;0;UGC CINE CITE;19,2;44.866428;-0.561068;725080;NOUVELLE AQUITAINE;33063;260352;33;33701;Bordeaux;951880;04-Unités urbaines de 100 000 hbts ou plus;13;26;10 553;#DIV/0!;De 80 à 100 000 entrées;NON;;C;138;107;100;38,5;45,7;15,8;0,1;30;15,9
268;2 614;3 943;OCINE;11,1;50.639733;2.390569;13161;HAUTS DE FRANCE;62014;10040;62;752;Béthune;358638;04-Unités urbaines de 100 000 hbts ou plus;1;9;46;-33,7;De 2 à 5 000 entrées;NON;;B;24;13;0;31,3;53,8;14,9;0;2;11,2
206;4 727;5 316;FESTIVE ET CINEMATOGRAPHIQUE ANICHOISE;6,6;50.33114;3.252155;19702;HAUTS DE FRANCE;59008;10230;59;59701;Valenciennes (partie française);337884;04-Unités urbaines de 100 000 hbts ou plus;1;28;261;-11,1;De 2 à 5 000 entrées;NON;;B;73;52;0;32,5;40,8;26,7;0;4;4
720;75 698;54 143;MLPA;13,8;50.686113;2.894624;24246;HAUTS DE FRANCE;59017;25140;59;59501;Armentières (partie française);80174;05-Unités urbaines de 20 000 à 100 000 hbts;5;32;5 802;39,8;De 50 à 80 000 entrées;D;JP;C;134;104;97;38,2;50,3;10,3;1,1;20;7,3
679;117 820;78 772;LECA;24,2;50.29185;2.780997;25032;HAUTS DE FRANCE;62041;42341;62;62502;Arras;89449;05-Unités urbaines de 20 000 à 100 000 hbts;6;32;5 917;49,6;De 100 à 150 000 entrées;D;JPPR;C;232;158;120;38,3;48,3;12;1,4;66;14,1
930;14 669;0;LECA;78,6;50.290037;2.776981;25038;HAUTS DE FRANCE;62041;42341;62;62502;Arras;89449;05-Unités urbaines de 20 000 à 100 000 hbts;1;3;56;#DIV/0!;De 10 à 20 000 entrées;NON;;C;44;22;1;83,8;0;8;8,3;17;54,8
514;3 747;3 144;COMMUNE D'AUCHEL;12,9;50.506306;2.472945;29144;HAUTS DE FRANCE;62048;10443;62;752;Béthune;358638;04-Unités urbaines de 100 000 hbts ou plus;1;29;236;19,2;De 2 à 5 000 entrées;NON;;B;73;57;0;22,9;49,9;26,4;0,8;10;3,4
234;12 568;1 761;ASSOCIATION LE SONHIR 3;19,5;50.124842;3.926833;33621;HAUTS DE FRANCE;59036;4487;59;59209;Avesnes-sur-Helpe;8086;06-autres communes et unités urbaines;2;32;1 088;613,7;De 10 à 20 000 entrées;NON;;C;182;156;23;37,8;48,4;13,2;0,7;58;8,5
193;5 931;5 332;ASSOCIATION GESTION CINEMA FAMILIA;19,9;50.408702;2.824662;33912;HAUTS DE FRANCE;62065;17722;62;756;Douai - Lens;509148;04-Unités urbaines de 100 000 hbts ou plus;1;32;248;11,2;De 5 à 10 000 entrées;NON;;B;42;26;1;32;42,6;25,5;0;6;19,5
145;8 740;6 202;OFFICE MUNICIPAL DE LA JEUNESSE ET DE LA CULTURE EDUCATION PERMA;48,8;50.740146;2.736651;36352;HAUTS DE FRANCE;59043;15269;59;59501;Armentières (partie française);80174;05-Unités urbaines de 20 000 à 100 000 hbts;1;32;525;40,9;De 5 à 10 000 entrées;D;JP;C;106;88;4;54,4;28,2;16,2;1,3;46;35,2
211;19 834;19 280;CINE LIGUE HAUTS DE FRANCE;26,4;50.427424;1.879935;45471;HAUTS DE FRANCE;62100;2122;62;62111;Beaurainville;3361;06-autres communes et unités urbaines;1;31;384;2,9;De 10 à 20 000 entrées;E;JP;C;101;64;1;35,9;39,5;24,1;0,4;23;26,7
566;70 702;49 725;CINOS                                                           ;17,9;50.408345;1.593105;50033;HAUTS DE FRANCE;62108;14127;62;62401;Berck;45143;05-Unités urbaines de 20 000 à 100 000 hbts;3;32;2 758;42,2;De 50 à 80 000 entrées;D;JP;C;193;141;67;41,1;46,7;12,1;0,1;50;6,6
1464;121 066;37 711;ETOILE CINEMAS DEVELOPPEMENT;11,8;50.521692;2.641202;53122;HAUTS DE FRANCE;62119;25544;62;752;Béthune;358638;04-Unités urbaines de 100 000 hbts ou plus;9;32;9 026;221;De 100 à 150 000 entrées;NON;;C;216;145;119;32,8;54,2;12,3;0,6;40;4,1
944;93 556;65 267;L ETOILE;26,7;50.722562;1.605722;66761;HAUTS DE FRANCE;62160;41106;62;62503;Boulogne-sur-Mer;85730;05-Unités urbaines de 20 000 à 100 000 hbts;7;32;6 324;43,3;De 80 à 100 000 entrées;D;;C;202;159;130;37,2;50,5;10,8;1,5;67;12,8
356;4 500;4 776;ASSOCIATION CERCLE FAMILIAL;55,2;50.770801;3.08126;69231;HAUTS DE FRANCE;59098;4872;59;59702;Lille (partie française);1056396;04-Unités urbaines de 100 000 hbts ou plus;1;28;144;-5,8;De 2 à 5 000 entrées;C;;B;76;54;0;74;16;7,1;2,9;33;32,2
156;6 264;4 899;COMMUNE DE BRAY DUNES;23,5;51.070372;2.519444;71791;HAUTS DE FRANCE;59107;4553;59;59134;Bray-Dunes;4553;06-autres communes et unités urbaines;1;31;358;27,9;De 5 à 10 000 entrées;E;JP;I;85;75;1;39,3;38,6;21,8;0,3;19;14,1
497;20 757;19 650;SOCIETE D'ECONOMIE MIXTE ARTOIS EXPANSION;60;50.479971;2.545868;76821;HAUTS DE FRANCE;62178;22259;62;752;Béthune;358638;04-Unités urbaines de 100 000 hbts ou plus;4;32;2 911;5,6;De 20 à 30 000 entrées;C;RDJPPR;C;181;136;44;55,5;32,8;9,2;2,5;76;43,3
2404;151 106;127 512;BRUAYMOND;9,9;50.49234;2.569387;76825;HAUTS DE FRANCE;62178;22259;62;752;Béthune;358638;04-Unités urbaines de 100 000 hbts ou plus;12;32;14 155;18,5;De 150 à 200 000 entrées;NON;;C;160;144;143;31;55;12,6;1,4;22;3,2
498;28 509;20 002;LES FILMS DE LA BASSE COUR;81,2;50.9517558;1.8543260999999802;82133;HAUTS DE FRANCE;62193;73555;62;62504;Calais;98926;05-Unités urbaines de 20 000 à 100 000 hbts;4;32;3 289;42,5;De 20 à 30 000 entrées;B;RDJPPR;C;219;156;30;53,4;28,6;15,8;2,2;121;54,4
605;95 437;58 153;LE PALACE;12,2;50.174792;3.236568;83071;HAUTS DE FRANCE;59122;33128;59;59403;Cambrai;47632;05-Unités urbaines de 20 000 à 100 000 hbts;5;32;5 338;64,1;De 80 à 100 000 entrées;NON;;C;123;107;95;35,3;53,4;10,3;1;22;6,9
178;2 972;2 567;COMMUNE DE CATEAU CAMBRESIS;5,6;50.106254;3.54484;89152;HAUTS DE FRANCE;59136;7091;59;59208;Le Cateau-Cambrésis;7380;06-autres communes et unités urbaines;1;28;144;15,8;De 2 à 5 000 entrées;NON;;C;58;48;0;40,6;49,2;10,2;0;3;2,6
598;20 779;15 630;COMMUNE DE CAUDRY;24,9;50.127719;3.415275;89644;HAUTS DE FRANCE;59139;14630;59;59307;Caudry;18687;06-autres communes et unités urbaines;2;32;888;32,9;De 20 à 30 000 entrées;E;JP;C;124;107;23;31,4;55,5;12,7;0,4;36;5,4
2371;218 858;152 053;GAUMONT;11,4;50.931939;1.8108;120181;HAUTS DE FRANCE;62239;2638;62;62504;Calais;98926;05-Unités urbaines de 20 000 à 100 000 hbts;12;32;11 537;43,9;De 200 à 300 000 entrées;NON;;B;183;160;135;33,3;53,8;12,1;0,8;47;4,4
314;8 183;6 077;CINE LIGUE HAUTS DE FRANCE;39,7;51.018022;2.380798;122525;HAUTS DE FRANCE;59155;21219;59;59602;Dunkerque;175925;04-Unités urbaines de 100 000 hbts ou plus;1;32;138;34,7;De 5 à 10 000 entrées;NON;;B;60;42;0;54,8;35,1;10,1;0;18;25,9
292;6 448;5 860;ASSOCIATION CULTURE ET RENCONTRES;3,6;50.453829;2.940575;125322;HAUTS DE FRANCE;62250;10640;62;756;Douai - Lens;509148;04-Unités urbaines de 100 000 hbts ou plus;1;17;180;10;De 5 à 10 000 entrées;NON;;B;46;44;3;53,5;31,5;15;0;2;2,3
986;68 309;0;SOCIETE GRIGNY CINEMA;6,5;50.326793;3.393394;137112;HAUTS DE FRANCE;59172;20055;59;59701;Valenciennes (partie française);337884;04-Unités urbaines de 100 000 hbts ou plus;7;32;7 365;#DIV/0!;De 50 à 80 000 entrées;NON;;B;145;119;109;25,5;61,4;12,3;0,8;21;1,6
111;4 166;1 657;OFFICE DU TOURISME ET DE LA CULTURE DE DESVRES;19,7;50.668276;1.837675;137663;HAUTS DE FRANCE;62268;4969;62;62203;Desvres;6456;06-autres communes et unités urbaines;1;29;266;151,4;De 2 à 5 000 entrées;NON;;C;86;70;2;46,2;30,6;23,2;0;18;4,9
117;9 353;9 470;HIPPODROME DE DOUAI THEATRE D'ARRAS DIT TANDEM;94,2;50.365337;3.083696;141631;HAUTS DE FRANCE;59178;40489;59;756;Douai - Lens;509148;04-Unités urbaines de 100 000 hbts ou plus;1;26;494;-1,2;De 5 à 10 000 entrées;C;RDJP;C;92;65;12;63,6;12,7;21;2,7;58;92,4
2000;184 418;122 994;MAJESTIC SA;13,9;50.375978;3.075606;141657;HAUTS DE FRANCE;59178;40489;59;756;Douai - Lens;509148;04-Unités urbaines de 100 000 hbts ou plus;10;32;10 370;49,9;De 150 à 200 000 entrées;NON;;C;192;155;152;30,6;56;12,4;1;38;4,8
166;8 693;12 111;OFFICE CULTUREL MUNICIPAL;41,3;50.300211;3.390251;141823;HAUTS DE FRANCE;59179;10343;59;59701;Valenciennes (partie française);337884;04-Unités urbaines de 100 000 hbts ou plus;1;28;416;-28,2;De 5 à 10 000 entrées;C;;B;156;130;1;58;27;13,3;1,8;59;30,5
2737;231 283;164 916;AMC EUROPE;17,5;51.033536;2.372294;143720;HAUTS DE FRANCE;59183;88141;59;59602;Dunkerque;175925;04-Unités urbaines de 100 000 hbts ou plus;15;32;13 077;40,2;De 200 à 300 000 entrées;NON;;C;179;157;159;32,8;53,5;12,5;1,2;39;5,5
456;27 055;28 790;TERRE NEUVE;96,4;51.033536;2.372294;143731;HAUTS DE FRANCE;59183;88141;59;59602;Dunkerque;175925;04-Unités urbaines de 100 000 hbts ou plus;2;32;1 998;-6;De 20 à 30 000 entrées;B;RDJPPR;C;230;147;60;68,2;11,2;12,4;8,3;131;95,3
133;1 923;1 384;ASSOCIATION LE SONHIR 3;10,2;50.013373;4.04454;167035;HAUTS DE FRANCE;59249;11905;59;59305;Fourmies;14815;06-autres communes et unités urbaines;1;32;418;38,9;Moins de 2000 entrées;NON;;C;90;82;1;61,9;33,4;4,4;0,4;13;26,8
227;13 380;10 851;REGIE PERSONNALISEE CINEMA LE VARLIN;8,9;51.018143;2.300028;182931;HAUTS DE FRANCE;59271;22986;59;59602;Dunkerque;175925;04-Unités urbaines de 100 000 hbts ou plus;1;32;575;23,3;De 10 à 20 000 entrées;NON;;B;77;69;1;20,1;68,7;11,1;0;10;3,4
369;15 368;11 403;L ETOILE;19,1;51.003064;2.131258;184364;HAUTS DE FRANCE;59273;11330;59;59602;Dunkerque;175925;04-Unités urbaines de 100 000 hbts ou plus;2;32;1 051;34,8;De 10 à 20 000 entrées;C;JP;B;153;124;29;31,8;55,8;12,4;0;36;3,8
237;9 681;9 551;OFFICE DU CINEMA HALLUINOIS;12,7;50.780027;3.127664;190194;HAUTS DE FRANCE;59279;20922;59;59702;Lille (partie française);1056396;04-Unités urbaines de 100 000 hbts ou plus;1;29;321;1,4;De 5 à 10 000 entrées;NON;;B;91;71;0;39,2;47,1;13,3;0,4;13;8,2
560;2 106;1 372;ASSOCIATION CINEMA LE PARADISIO;7,3;50.257558;3.913904;192833;HAUTS DE FRANCE;59291;14699;59;59601;Maubeuge (partie française);112104;04-Unités urbaines de 100 000 hbts ou plus;1;24;69;53,5;De 2 à 5 000 entrées;NON;;B;44;35;0;18,3;67,9;13,9;0;2;18,4
540;67 906;49 999;OCINE;16,9;50.724833;2.533715;193731;HAUTS DE FRANCE;59295;21848;59;59401;Hazebrouck;26706;05-Unités urbaines de 20 000 à 100 000 hbts;4;32;3 104;35,8;De 50 à 80 000 entrées;D;JP;C;152;128;83;43,1;45,4;11,1;0,5;41;7,8
2401;246 095;168 168;GAUMONT;11,2;50.409044;2.9707;194671;HAUTS DE FRANCE;62427;26289;62;756;Douai - Lens;509148;04-Unités urbaines de 100 000 hbts ou plus;12;32;11 163;46,3;De 200 à 300 000 entrées;NON;;C;225;176;140;25,8;61,2;12,2;0,9;58;4,2
580;6 071;6 661;ASSOCIATION CINEMA LE REGENT;6,6;50.296328;4.097609;204312;HAUTS DE FRANCE;59324;10340;59;59601;Maubeuge (partie française);112104;04-Unités urbaines de 100 000 hbts ou plus;1;32;462;-8,9;De 5 à 10 000 entrées;NON;;B;86;78;9;34;53,2;12,5;0,3;9;2,7
181;807;7 687;LES TOILES DU NORD;9,5;50.651234;3.02797;213491;HAUTS DE FRANCE;59328;27846;59;59702;Lille (partie française);1056396;04-Unités urbaines de 100 000 hbts ou plus;1;2;21;-89,5;Moins de 2000 entrées;NON;;B;7;7;0;74,1;21,8;4,1;0;1;4,1
154;5 971;5 768;AMICAL CINE;45,2;50.679317;3.243787;221842;HAUTS DE FRANCE;59339;9480;59;59702;Lille (partie française);1056396;04-Unités urbaines de 100 000 hbts ou plus;1;26;281;3,5;De 5 à 10 000 entrées;NON;;B;107;83;1;64,9;23,9;10,2;0,9;39;32,9
3391;237 947;171 976;PATHE LIEVIN;13,5;50.42314;2.777484;226125;HAUTS DE FRANCE;62510;30789;62;756;Douai - Lens;509148;04-Unités urbaines de 100 000 hbts ou plus;15;32;13 999;38,4;De 200 à 300 000 entrées;NON;;C;206;176;151;30,6;55,9;12,7;0,8;59;5
2705;383 546;257 929;UGC SAS;24,4;50.633831;3.063221;226974;HAUTS DE FRANCE;59350;235189;59;59702;Lille (partie française);1056396;04-Unités urbaines de 100 000 hbts ou plus;14;32;12 790;48,7;De 300 à 450 000 entrées;NON;;C;201;158;130;40,4;44,7;13,4;1,5;56;23,1
454;48 720;54 494;UGC CINE CITE;99,6;50.636559;3.066988;227031;HAUTS DE FRANCE;59350;235189;59;59702;Lille (partie française);1056396;04-Unités urbaines de 100 000 hbts ou plus;4;32;3 379;-10,6;De 40 à 50 000 entrées;A;RD;C;92;82;85;64,8;8,5;16,8;9,9;81;99,8
638;90 909;76 816;MAJESTIC SA;90,2;50.633401;3.06284;227281;HAUTS DE FRANCE;59350;235189;59;59702;Lille (partie française);1056396;04-Unités urbaines de 100 000 hbts ou plus;6;32;5 547;18,3;De 80 à 100 000 entrées;A;RDJPPR;C;143;87;83;64;17,4;11,5;7,1;80;91,7
7358;777 876;529 869;KINEPOLIS LE CHATEAU DU CINEMA;21,9;50.651256;2.975116;231270;HAUTS DE FRANCE;59350;235189;59;59702;Lille (partie française);1056396;04-Unités urbaines de 100 000 hbts ou plus;23;32;21 013;46,8;De 700 000 à 1 million d'entrées;NON;;C;262;215;213;26,5;56,6;15,4;1,4;85;7,9
426;65 083;0;M'CINE;36;50.6668;3.075466;246522;HAUTS DE FRANCE;59378;39291;59;59702;Lille (partie française);1056396;04-Unités urbaines de 100 000 hbts ou plus;3;28;3 082;#DIV/0!;De 50 à 80 000 entrées;NON;;B;125;101;74;53,3;33,7;12,9;0,1;49;26,4
305;14 444;9 312;COMMUNE DE MERVILLE;18,1;50.641083;2.637315;258812;HAUTS DE FRANCE;59400;9686;59;752;Béthune;358638;04-Unités urbaines de 100 000 hbts ou plus;1;32;476;55,1;De 10 à 20 000 entrées;C;;B;122;102;7;44,6;44,1;11,2;0,1;25;11,4
200;2 964;2 133;COMMUNAUTE D AGGLOMERATION DES DEUX BAIES EN MONTREUILLOIS;54;50.461411;1.759867;276221;HAUTS DE FRANCE;62588;2076;62;62201;Montreuil;4970;06-autres communes et unités urbaines;1;26;239;39;De 2 à 5 000 entrées;E;JP;C;96;73;3;51,6;37,8;4,7;5,8;41;49
198;9 694;7 309;LES AMIS DU CINEMA 2001-2002;16,6;50.632496;1.578876;287462;HAUTS DE FRANCE;62604;3815;62;62207;Neufchâtel-Hardelot;7388;06-autres communes et unités urbaines;1;30;629;32,6;De 5 à 10 000 entrées;NON;;C;56;52;12;56,4;30,1;13,6;0;14;8,5
137;7 955;7 220;MAISON DES ASSOCIATIONS;26,2;50.750026;3.123334;342332;HAUTS DE FRANCE;59508;13489;59;59702;Lille (partie française);1056396;04-Unités urbaines de 100 000 hbts ou plus;1;27;268;10,2;De 5 à 10 000 entrées;NON;;B;101;88;0;50,3;39,6;9,9;0,2;29;17,9
1590;71 675;55 234;LES ECRANS DE ROUBAIX                                           ;13,7;50.691883;3.165548;344352;HAUTS DE FRANCE;59512;98571;59;59702;Lille (partie française);1056396;04-Unités urbaines de 100 000 hbts ou plus;9;32;7 899;29,8;De 50 à 80 000 entrées;NON;;B;121;101;102;32,6;54,5;11,1;1,7;17;12,7
426;6 645;6 543;VILLE DE SANTES                                                 ;32,4;50.59221;2.959712;352223;HAUTS DE FRANCE;59553;5721;59;59702;Lille (partie française);1056396;04-Unités urbaines de 100 000 hbts ou plus;1;24;76;1,6;De 5 à 10 000 entrées;NON;;B;42;31;1;83;10,3;6,8;0;11;27,3
192;8 318;5 144;BOUREL PHILIPPE;6,9;50.174295;4.093165;364991;HAUTS DE FRANCE;59572;1818;59;0;Zone rurale;14862638;04-Unités urbaines de 100 000 hbts ou plus;1;30;342;61,7;De 5 à 10 000 entrées;NON;;R;68;57;15;36;49,5;13,6;1;7;3,6
1007;144 058;106 259;CINE HAINAUT                                                    ;7,3;50.437378;3.449925;372146;HAUTS DE FRANCE;59526;16205;59;59402;Saint-Amand-les-Eaux;34078;05-Unités urbaines de 20 000 à 100 000 hbts;6;32;4 949;35,6;De 100 à 150 000 entrées;NON;;C;130;110;78;25,4;62,5;11,3;0,7;25;3
1546;154 942;111 866;OCINE;16,6;50.750679;2.250328;407871;HAUTS DE FRANCE;62765;15379;62;62501;Saint-Omer;63635;05-Unités urbaines de 20 000 à 100 000 hbts;9;32;7 797;38,5;De 150 à 200 000 entrées;D;;C;176;155;121;37,8;49,1;12,4;0,7;54;5,3
140;15 754;13 465;ASSOCIATION CULTURE ET CINEMA EN TERNOIS;22,7;50.381554;2.33712;412322;HAUTS DE FRANCE;62767;5103;62;62209;Saint-Pol-sur-Ternoise;8722;06-autres communes et unités urbaines;1;32;762;17;De 10 à 20 000 entrées;E;JPPR;C;96;75;16;53,3;33,2;13;0,5;31;10,4
170;17 336;13 262;LES TOILES DU NORD                                              ;11,4;50.527126;3.168609;423382;HAUTS DE FRANCE;59586;6282;59;59211;Templeuve;10581;06-autres communes et unités urbaines;1;32;687;30,7;De 10 à 20 000 entrées;NON;;C;67;58;21;60,6;28,3;11,1;0;11;6,2
126;11 355;9 444;LES TOILES DU NORD                                              ;22,8;50.526289;3.170036;423383;HAUTS DE FRANCE;59586;6282;59;59211;Templeuve;10581;06-autres communes et unités urbaines;1;32;612;20,2;De 10 à 20 000 entrées;E;JP;C;83;73;12;30;58,7;11,1;0,3;25;16,7
270;7 143;6 793;ASSOCIATION ARTS ET LOISIRS;11,4;50.471998;3.073172;427703;HAUTS DE FRANCE;59592;3925;59;756;Douai - Lens;509148;04-Unités urbaines de 100 000 hbts ou plus;1;27;166;5,2;De 5 à 10 000 entrées;NON;;B;68;59;1;51,2;32,5;14,9;1,4;7;14,1
445;60 561;30 117;PECOURT JOSEPH EMILE;30,6;50.524614;1.585193;430620;HAUTS DE FRANCE;62826;4484;62;62401;Berck;45143;05-Unités urbaines de 20 000 à 100 000 hbts;5;32;4 904;101,1;De 50 à 80 000 entrées;D;JPPR;B;191;153;114;49,8;36,9;12,7;0,7;72;15,2
299;10 228;10 606;LE FRESNOY STUDIO NATIONAL DES ARTS CONTEMPORAINS;89,2;50.699907;3.155883;430771;HAUTS DE FRANCE;59599;98126;59;59702;Lille (partie française);1056396;04-Unités urbaines de 100 000 hbts ou plus;2;28;551;-3,6;De 10 à 20 000 entrées;C;JP;B;102;71;8;56,7;15,8;18,1;9,4;63;89,1
638;42 826;30 866;LES ECRANS DE TOURCOING                                         ;6,4;50.721235;3.15888;430886;HAUTS DE FRANCE;59599;98126;59;59702;Lille (partie française);1056396;04-Unités urbaines de 100 000 hbts ou plus;5;32;4 169;38,7;De 40 à 50 000 entrées;NON;;B;79;67;63;25,8;62,2;12;0;7;4,3
3710;268 720;197 484;GAUMONT;19,5;50.339838;3.514954;440044;HAUTS DE FRANCE;59606;43859;59;59701;Valenciennes (partie française);337884;04-Unités urbaines de 100 000 hbts ou plus;15;32;14 181;36,1;De 200 à 300 000 entrées;NON;;C;295;212;177;32,4;52,1;14;1,5;94;10,5
316;3 102;3 774;KINO CINE;92,2;50.608989;3.134086;457562;HAUTS DE FRANCE;59009;63388;59;59702;Lille (partie française);1056396;04-Unités urbaines de 100 000 hbts ou plus;1;26;409;-17,8;De 2 à 5 000 entrées;C;RDJPPR;B;90;66;0;47,4;14,8;22,4;15,4;61;90,7
167;24 328;23 971;ASSOCIATION LA ROSE DES VENTS;79,7;50.616176;3.139061;457563;HAUTS DE FRANCE;59009;63388;59;59702;Lille (partie française);1056396;04-Unités urbaines de 100 000 hbts ou plus;1;29;790;1,5;De 20 à 30 000 entrées;C;RDJPPR;B;177;114;3;58,4;22,3;11,5;7,8;92;70,4
2835;344 409;268 911;UGC CINE CITE;15,8;50.615793;3.126269;457576;HAUTS DE FRANCE;59009;63388;59;59702;Lille (partie française);1056396;04-Unités urbaines de 100 000 hbts ou plus;12;32;10 587;28,1;De 300 à 450 000 entrées;NON;;B;175;129;118;36,3;49,5;13,6;0,6;36;10,1
96;4 350;6 731;ASSOCIATION CINEMA GERARD PHILIPE;41,7;50.68623;3.14461;467301;HAUTS DE FRANCE;59646;20714;59;59702;Lille (partie française);1056396;04-Unités urbaines de 100 000 hbts ou plus;1;28;277;-35,4;De 2 à 5 000 entrées;NON;;B;117;89;0;54;31;14,4;0,6;39;30,5
1744;127 431;92 145;LE PARIS                                                        ;17,6;50.273088;3.97037;720700;HAUTS DE FRANCE;59392;29919;59;59601;Maubeuge (partie française);112104;04-Unités urbaines de 100 000 hbts ou plus;9;32;8 125;38,3;De 100 à 150 000 entrées;C;PR;C;188;157;121;30,5;55,1;13,3;1,2;56;4,5
345;4 504;6 590;REGIE SERVICE PUBLIC STATION VALMOPARC;14,5;45.46071;6.441929;12401;AUVERGNE / RHONE-ALPES;73024;803;73;0;Zone rurale;14862638;04-Unités urbaines de 100 000 hbts ou plus;2;11;306;-31,7;De 2 à 5 000 entrées;NON;;R;63;60;16;41,2;50,3;8,5;0;13;4,4
150;1 675;1 081;73210 ZIMAGES;20,9;45.555539;6.651442;12833;AUVERGNE / RHONE-ALPES;73006;4596;73;73201;Aime;8427;06-autres communes et unités urbaines;1;21;55;54,9;Moins de 2000 entrées;NON;;C;50;42;8;62;23,1;14,9;0;9;15,5
870;22 356;16 629;VICTORIA;93,6;45.68994;5.909791;13513;AUVERGNE / RHONE-ALPES;73008;30563;73;73601;Chambéry;197395;04-Unités urbaines de 100 000 hbts ou plus;5;32;3 514;34,4;De 20 à 30 000 entrées;C;PR;B;178;146;118;72,4;12,1;10,2;5,4;132;91,6
247;12 758;5 679;LES AMIS DU CINEMA;3,3;45.677069;6.392496;14071;AUVERGNE / RHONE-ALPES;73011;19772;73;73401;Albertville;41936;05-Unités urbaines de 20 000 à 100 000 hbts;1;32;661;124,7;De 10 à 20 000 entrées;NON;;C;49;49;35;20,8;60,6;17,8;0,8;1;4,3
365;25 039;19 309;LES AMIS DU CINEMA;60,2;45.676502;6.391967;14073;AUVERGNE / RHONE-ALPES;73011;19772;73;73401;Albertville;41936;05-Unités urbaines de 20 000 à 100 000 hbts;2;32;1 668;29,7;De 20 à 30 000 entrées;D;RDJP;C;150;119;47;74,7;10,6;10,9;3,8;82;55,6
214;1 038;2 182;SYNDICAT INITIATIVE ALBIEZ;16,3;45.217522;6.343043;14222;AUVERGNE / RHONE-ALPES;73013;380;73;0;Zone rurale;14862638;04-Unités urbaines de 100 000 hbts ou plus;1;13;100;-52,4;Moins de 2000 entrées;NON;;R;59;54;6;42,6;50,9;6,5;0;13;7,6
241;18 341;12 147;BOCCA BERNARD ALBERT;31,9;45.394059;6.075331;15374;AUVERGNE / RHONE-ALPES;38006;4168;38;358;Allevard;14861;06-autres communes et unités urbaines;2;32;841;51;De 10 à 20 000 entrées;E;JP;C;125;110;48;48,8;41,3;9,1;0,8;46;25,2
172;1 071;2 364;GERARD DAVOINE ET SES ENFANTS;17,4;45.404713;6.578019;15792;AUVERGNE / RHONE-ALPES;73015;1900;73;0;Zone rurale;14862638;04-Unités urbaines de 100 000 hbts ou plus;1;12;151;-54,7;Moins de 2000 entrées;NON;;R;36;33;0;39;42,6;18,3;0;8;12,4
307;9 803;6 821;COMMUNE D AMBERT;23,6;45.547184;3.745498;16573;AUVERGNE / RHONE-ALPES;63003;6879;63;63203;Ambert;7441;06-autres communes et unités urbaines;2;32;676;43,7;De 5 à 10 000 entrées;E;JP;C;100;84;1;60,6;30,2;8,9;0,3;30;10,7
347;8 671;6 042;CINEMA DE LA VIOUZE;24,7;45.928236;2.829038;17961;AUVERGNE / RHONE-ALPES;63004;1680;63;63112;Saint-Georges-de-Mons;3675;06-autres communes et unités urbaines;1;32;562;43,5;De 5 à 10 000 entrées;E;JP;B;117;105;0;49,1;38,8;11,5;0,6;36;11,8
1839;290 748;180 146;PATHE ANNECY DECAVISION;17,3;45.912917;6.125425;19901;AUVERGNE / RHONE-ALPES;74010;131481;74;74601;Annecy;177543;04-Unités urbaines de 100 000 hbts ou plus;10;32;9 672;61,4;De 200 à 300 000 entrées;NON;;C;176;139;134;39;44,5;15,5;1;35;11,1
448;54 782;49 609;ROUEX;98,6;45.898226;6.123792;19941;AUVERGNE / RHONE-ALPES;74010;131481;74;74601;Annecy;177543;04-Unités urbaines de 100 000 hbts ou plus;4;32;3 371;10,4;De 50 à 80 000 entrées;A;RD;C;128;103;95;66,8;16,9;10;6,2;100;99
174;8 860;12 782;MJC POUR TOUS D ANNECY NOVEL;75,5;45.917017;6.134075;19945;AUVERGNE / RHONE-ALPES;74010;131481;74;74601;Annecy;177543;04-Unités urbaines de 100 000 hbts ou plus;1;32;426;-30,7;De 5 à 10 000 entrées;B;JP;C;100;59;1;55;19,3;20,7;5;48;75,8
1188;2 207;0;BONLIEU SCENE NATIONALE;100;45.902197;6.128472;19951;AUVERGNE / RHONE-ALPES;74010;131481;74;74601;Annecy;177543;04-Unités urbaines de 100 000 hbts ou plus;2;2;26;#DIV/0!;De 2 à 5 000 entrées;NON;;C;20;1;0;0;0;100;0;1;100
111;7 501;12 934;MJC CENTRE ANNEMASSE;90,6;46.191752;6.231982;19983;AUVERGNE / RHONE-ALPES;74012;36648;74;652;Genève (SUI) - Annemasse (partie française);189489;04-Unités urbaines de 100 000 hbts ou plus;1;32;529;-42;De 5 à 10 000 entrées;C;RDJP;C;81;61;1;61,3;17,7;11,2;9,8;55;76,1
525;41 564;24 580;BAUCINE;21,4;45.242757;4.670325;20203;AUVERGNE / RHONE-ALPES;7010;16912;7;7401;Annonay;27999;05-Unités urbaines de 20 000 à 100 000 hbts;4;32;1 960;69,1;De 40 à 50 000 entrées;D;;C;152;126;69;44,2;44,4;10,1;1,3;55;13,4
103;1 452;1 414;ASSOCIATION ANOST CINEMA;59,1;47.068237;4.09482;20311;BOURGOGNE / FRANCHE-COMTE;71009;738;71;0;Zone rurale;14862638;04-Unités urbaines de 100 000 hbts ou plus;1;32;120;2,7;Moins de 2000 entrées;E;;R;77;59;0;66,1;23,6;5,5;4,7;34;62
2648;223 580;177 988;SOCIETE DES GRANDS ECRANS DU GENEVOIS;20,3;46.1393558;6.124697400000059;22231;AUVERGNE / RHONE-ALPES;74016;2622;74;652;Genève (SUI) - Annemasse (partie française);189489;04-Unités urbaines de 100 000 hbts ou plus;12;32;11 119;25,6;De 200 à 300 000 entrées;NON;;B;213;181;155;30,8;51;16,9;1,3;71;11,3
2479;282 515;191 441;SOCIETE DES CINEMAS D AUBIERE;12,3;45.756523;3.143499;28462;AUVERGNE / RHONE-ALPES;63014;10897;63;63701;Clermont-Ferrand;277993;04-Unités urbaines de 100 000 hbts ou plus;14;32;13 233;47,6;De 200 à 300 000 entrées;NON;;B;192;167;140;35,7;48,8;14,7;0,7;51;7,6
150;4 879;4 364;CINE PARC;66,3;45.71712;3.633074;29741;AUVERGNE / RHONE-ALPES;63016;912;63;0;Zone rurale;14862638;04-Unités urbaines de 100 000 hbts ou plus;1;35;191;11,8;De 2 à 5 000 entrées;E;JP;R;38;25;0;93,8;2,7;3,4;0;16;59,5
1073;97 378;67 758;SOCIETE DES CINEMAS D AURILLAC;21,1;44.92393;2.442797;31236;AUVERGNE / RHONE-ALPES;15014;26822;15;15401;Aurillac;33258;05-Unités urbaines de 20 000 à 100 000 hbts;7;32;7 129;43,7;De 80 à 100 000 entrées;D;JP;C;204;169;108;48;40,2;11,1;0,7;68;12,6
97;247;156;SKI CLUB AURIS EN OISANS;0;45.037556;6.081406;31331;AUVERGNE / RHONE-ALPES;38020;189;38;0;Zone rurale;14862638;04-Unités urbaines de 100 000 hbts ou plus;1;6;6;58,3;Moins de 2000 entrées;NON;;R;6;6;1;43,3;56,7;0;0;0;0
160;5 509;6 036;MC4  DISTRIBUTION;33,9;45.1750733;5.540751;32092;AUVERGNE / RHONE-ALPES;38225;3133;38;0;Zone rurale;14862638;04-Unités urbaines de 100 000 hbts ou plus;1;32;322;-8,7;De 5 à 10 000 entrées;E;;R;160;150;26;57,2;30,5;11,1;1,3;66;36,1
417;37 701;25 713;CINEMA ARLETTY;27,7;46.95158;4.296621;32363;BOURGOGNE / FRANCHE-COMTE;71014;14199;71;71302;Autun;14199;06-autres communes et unités urbaines;4;31;2 222;46,6;De 30 à 40 000 entrées;E;RDJPPR;I;153;126;48;50,9;37,6;11,1;0,4;58;19,3
192;6 812;2 435;COMMUNE D AUXONNE;20,3;47.193943;5.404892;32771;BOURGOGNE / FRANCHE-COMTE;21038;7694;21;21206;Auxonne;7694;06-autres communes et unités urbaines;1;29;316;179,8;De 5 à 10 000 entrées;E;;I;86;77;1;38,8;42,9;17,6;0,6;20;11,7
194;7 357;5 863;AEP LE FOYER BAUMOIS STELLA CINEMA;35,2;47.353131;6.359659;42201;BOURGOGNE / FRANCHE-COMTE;25047;5138;25;25201;Baume-les-Dames;5138;06-autres communes et unités urbaines;2;30;617;25,5;De 5 à 10 000 entrées;NON;;I;163;149;3;60,2;29,3;9,9;0,6;62;17,5
80;1 713;2 855;OFFICE DE TOURISME D'ARECHES BEAUFORT;11,9;45.717264;6.575641;44005;AUVERGNE / RHONE-ALPES;73034;2140;73;73106;Beaufort;3694;06-autres communes et unités urbaines;1;11;74;-40;Moins de 2000 entrées;NON;;C;33;31;6;56,5;34;9,5;0;7;7,2
100;2 654;2 029;VILLERMAUX CYRILLE JOSEPH GERARD;5,6;44.368236;4.268552;44239;AUVERGNE / RHONE-ALPES;7028;517;7;0;Zone rurale;14862638;04-Unités urbaines de 100 000 hbts ou plus;1;10;22;30,8;De 2 à 5 000 entrées;NON;;R;10;7;2;0;100;0;0;1;2,9
898;66 203;39 414;CAP'CINEMA BEAUNE                                               ;16,1;47.026717;4.841456;45266;BOURGOGNE / FRANCHE-COMTE;21054;21472;21;21401;Beaune;21472;05-Unités urbaines de 20 000 à 100 000 hbts;6;32;6 078;68;De 50 à 80 000 entrées;D;RDJP;I;156;131;94;45;39,7;14;1,3;53;10,5
374;29 080;20 095;CLEMENCON BERNADETTE EPOUSE BRACOUD;28,8;45.338891;5.057286;45602;AUVERGNE / RHONE-ALPES;38034;5036;38;38202;Beaurepaire;6004;06-autres communes et unités urbaines;2;31;1 246;44,7;De 20 à 30 000 entrées;E;RDJP;C;183;156;23;53,6;35,8;9,3;1,3;75;21,8
2973;202 218;153 048;PATHE BELFORT;31;47.63059;6.861946;47476;BOURGOGNE / FRANCHE-COMTE;90010;47763;90;555;Belfort;81123;05-Unités urbaines de 20 000 à 100 000 hbts;14;32;11 980;32,1;De 200 à 300 000 entrées;D;RDJPPR;C;305;227;201;39;44,8;14,7;1,6;119;17,2
390;15 869;12 693;COMMUNE DE VALSERHONE;15,6;46.107207;5.825389;47950;AUVERGNE / RHONE-ALPES;1033;16800;1;357;Bellegarde-sur-Valserine;17713;06-autres communes et unités urbaines;2;32;830;25;De 10 à 20 000 entrées;E;;C;88;80;43;43,1;49;7;0,9;24;9,6
247;1 621;2 860;DAVOINE ET COMPAGNIE;27,6;45.57230759999999;6.741789599999947;48241;AUVERGNE / RHONE-ALPES;73150;3831;73;73201;Aime;8427;06-autres communes et unités urbaines;1;13;138;-43,3;Moins de 2000 entrées;NON;;B;61;58;5;41,9;45,8;12,3;0;17;5,1
299;34 269;27 477;ASSOCIATION IDEAL CINEMA;42,9;46.10617;4.748173;48422;AUVERGNE / RHONE-ALPES;69019;13330;69;451;Belleville;24799;05-Unités urbaines de 20 000 à 100 000 hbts;2;32;1 450;24,7;De 30 à 40 000 entrées;D;RDJP;C;223;188;38;52;32,5;13;2,5;102;19,5
434;24 554;17 239;CINE L'ARLEQUIN;20,4;45.759249;5.690752;48503;AUVERGNE / RHONE-ALPES;1034;9520;1;1205;Belley;10711;06-autres communes et unités urbaines;3;32;1 553;42,4;De 20 à 30 000 entrées;E;;C;160;147;82;43,3;41,8;14,6;0,4;57;12,6
337;35 225;35 703;SAUCIER COLARD CHARLOTTE;94,6;47.240015;6.025346;52141;BOURGOGNE / FRANCHE-COMTE;25056;120032;25;25602;Besançon;139365;04-Unités urbaines de 100 000 hbts ou plus;3;32;2 868;-1,3;De 30 à 40 000 entrées;B;RDJPPR;C;130;92;81;58,7;19,1;14,8;7,4;87;93,9
426;7 633;11 900;ASSOCIATION ESPACE BESANCON PLANOISE;100;47.21818;5.973484;52162;BOURGOGNE / FRANCHE-COMTE;25056;120032;25;25602;Besançon;139365;04-Unités urbaines de 100 000 hbts ou plus;1;24;135;-35,9;De 5 à 10 000 entrées;B;PR;C;35;3;0;53,6;0;0;46,4;3;100
1330;122 982;72 087;MEGARAMA BEAUX ARTS;28,7;47.240272;6.023995;52174;BOURGOGNE / FRANCHE-COMTE;25056;120032;25;25602;Besançon;139365;04-Unités urbaines de 100 000 hbts ou plus;8;32;7 742;70,6;De 100 à 150 000 entrées;NON;;C;170;133;119;42,4;42,5;13,3;1,8;54;23,3
336;3 989;2 982;BOULARAND CHRISTIAN MICHEL;58,2;45.512152;2.93212;52532;AUVERGNE / RHONE-ALPES;63038;1569;63;0;Zone rurale;14862638;04-Unités urbaines de 100 000 hbts ou plus;1;24;293;33,8;De 2 à 5 000 entrées;NON;;R;104;95;1;77,6;16,4;3,8;2,2;63;23,8
150;7 692;7 376;ASSOCIATION CINEVASION;36,3;47.9228694;6.6550746000000345;58121;AUVERGNE / RHONE-ALPES;43165;1554;43;0;Zone rurale;14862638;04-Unités urbaines de 100 000 hbts ou plus;1;32;440;4,3;De 5 à 10 000 entrées;E;JP;R;72;58;0;72,7;22;5,4;0;24;30,4
183;4 509;3 066;ASSOCIATION CINEMA L ENTRACT;29,7;45.7445112;4.006010699999933;59211;AUVERGNE / RHONE-ALPES;42019;3287;42;42201;Boën;7427;06-autres communes et unités urbaines;1;26;247;47,1;De 2 à 5 000 entrées;E;;C;106;88;1;61;22,4;15,4;1,3;34;25,7
632;43 701;0;CINE CIMES;22,7;46.068578;6.412198;62264;AUVERGNE / RHONE-ALPES;74042;12968;74;74502;Cluses;92915;05-Unités urbaines de 20 000 à 100 000 hbts;3;32;2 426;#DIV/0!;De 40 à 50 000 entrées;NON;;C;147;133;66;39,3;46,4;13,2;1,1;54;11,9
152;9 046;4 961;CINEVASION                                                      ;21,1;46.618744;3.759124;67304;BOURGOGNE / FRANCHE-COMTE;71047;4893;71;71201;Bourbon-Lancy;4893;06-autres communes et unités urbaines;1;32;656;82,3;De 5 à 10 000 entrées;E;JP;I;135;111;17;51,7;35,4;12,1;0,8;40;11,5
124;1 356;1 368;S.E.C.B.A. SA SOCIETE D EXPLOITATION DU CASINO DE BOURBON-L ARCH;33,6;46.585435;3.054345;67312;AUVERGNE / RHONE-ALPES;3036;2638;3;3102;Bourbon-l'Archambault;2638;06-autres communes et unités urbaines;1;32;133;-0,9;Moins de 2000 entrées;NON;;I;40;35;0;81,4;8,8;8;1,8;14;29
192;5 706;5 366;LE ROXY;48,1;45.585925;2.742025;67333;AUVERGNE / RHONE-ALPES;63047;1814;63;63102;La Bourboule;2308;06-autres communes et unités urbaines;1;30;269;6,3;De 5 à 10 000 entrées;E;JP;C;62;53;3;71,2;18,1;9,3;1,4;23;33
213;8 541;8 119;ASSOCIATION DU CINEMA LE FOYER                                  ;38,1;45.295097;4.558306;67734;AUVERGNE / RHONE-ALPES;42023;2986;42;42102;Bourg-Argental;2986;06-autres communes et unités urbaines;1;31;235;5,2;De 5 à 10 000 entrées;E;JP;I;106;89;1;62,9;23,6;11,6;1,8;41;30,4
150;3 046;688;LES CINEMAS ASSOCIES;68,1;45.075098;6.013937;67903;AUVERGNE / RHONE-ALPES;38052;3369;38;38116;Le Bourg-d'Oisans;3369;06-autres communes et unités urbaines;1;8;97;342,7;De 2 à 5 000 entrées;NON;;I;33;19;1;39,8;23,5;15,9;20,8;12;55,5
106;3 339;2 329;LES CINEMAS ASSOCIES;34,2;45.055549;6.028706;67904;AUVERGNE / RHONE-ALPES;38052;3369;38;38116;Le Bourg-d'Oisans;3369;06-autres communes et unités urbaines;1;30;207;43,4;De 2 à 5 000 entrées;E;JP;I;96;86;5;60,1;25,2;13,1;1,5;38;31,6
594;11 800;10 416;ALLIANCE BOURGUIGNONNE CINEMATOGRAPHIQUE;98,7;46.206273;5.22595;67981;AUVERGNE / RHONE-ALPES;1053;43006;1;1501;Bourg-en-Bresse;63485;05-Unités urbaines de 20 000 à 100 000 hbts;3;28;1 100;13,3;De 10 à 20 000 entrées;D;;C;78;65;29;71,1;6,5;17,3;5,1;63;99,3
2010;214 843;143 231;KINEPOLIS BOURGOIN;22,3;45.590599;5.277321;68423;AUVERGNE / RHONE-ALPES;38053;29096;38;38501;Bourgoin-Jallieu;60732;05-Unités urbaines de 20 000 à 100 000 hbts;12;32;11 392;50;De 200 à 300 000 entrées;D;;C;231;188;150;34,5;50,1;13,8;1,6;76;9,6
388;27 852;19 588;B.S.M CINE                                                      ;29,2;45.622605;6.777587;68517;AUVERGNE / RHONE-ALPES;73054;7654;73;73204;Bourg-Saint-Maurice;10066;06-autres communes et unités urbaines;3;32;2 222;42,2;De 20 à 30 000 entrées;E;RDJP;C;173;146;118;46,6;38,4;14,2;0,8;67;19
358;10 692;7 123;LES AMIS DU CINEMA;51,1;45.452663;6.567576;74553;AUVERGNE / RHONE-ALPES;73057;512;73;0;Zone rurale;14862638;04-Unités urbaines de 100 000 hbts ou plus;2;27;653;50,1;De 10 à 20 000 entrées;E;;R;147;127;6;80,9;9,9;7,5;1,6;75;45,1
313;2 572;9 354;CINEMA LE PARIS;22,5;45.292071;3.387558;75492;AUVERGNE / RHONE-ALPES;43040;7015;43;43202;Brioude;7673;06-autres communes et unités urbaines;1;30;167;-72,5;De 2 à 5 000 entrées;E;JP;C;64;56;0;61,6;28,7;9,7;0;16;19,2
345;30 999;23 477;ASSOCIATION LES AMIS DU CINEMA;53,1;45.731192;4.914994;76073;AUVERGNE / RHONE-ALPES;69029;42625;69;758;Lyon;1696765;04-Unités urbaines de 100 000 hbts ou plus;2;29;1 581;32;De 30 à 40 000 entrées;C;RDJPPR;B;160;118;41;73,1;15,4;11,3;0,3;71;47,7
151;9 839;8 032;REGAIN;61,5;44.275689;5.27174;78505;AUVERGNE / RHONE-ALPES;26063;2400;26;26101;Buis-les-Baronnies;2400;06-autres communes et unités urbaines;1;32;656;22,5;De 5 à 10 000 entrées;E;RDJPPR;I;196;163;0;55,1;23,3;16,5;5,1;102;53,5
267;10 644;7 358;CALUIRE PAROISSES;65,2;45.797955;4.866922;82603;AUVERGNE / RHONE-ALPES;69034;43469;69;758;Lyon;1696765;04-Unités urbaines de 100 000 hbts ou plus;1;27;355;44,7;De 10 à 20 000 entrées;C;;B;104;85;0;74,5;12;11,2;2,3;57;56,2
141;16 670;11 256;COMMUNE DE CHALLES LES EAUX;14,2;45.548622;5.986578;94802;AUVERGNE / RHONE-ALPES;73064;5856;73;73601;Chambéry;197395;04-Unités urbaines de 100 000 hbts ou plus;1;29;614;48,1;De 10 à 20 000 entrées;C;;B;70;58;12;53,9;33,7;12,4;0;13;13,1
1134;3 006;3 511;COMMUNE DE CHALON SUR SAONE;84,6;46.779485;4.849123;95052;BOURGOGNE / FRANCHE-COMTE;71076;46316;71;71501;Chalon-sur-Saône;76866;05-Unités urbaines de 20 000 à 100 000 hbts;2;5;38;-14,4;De 2 à 5 000 entrées;NON;;C;7;4;0;34,6;40,2;25,2;0;3;59,8
1637;254 702;154 675;CINEMA RITZ;22,5;46.775786;4.864432;95076;BOURGOGNE / FRANCHE-COMTE;71076;46316;71;71501;Chalon-sur-Saône;76866;05-Unités urbaines de 20 000 à 100 000 hbts;12;32;12 519;64,7;De 200 à 300 000 entrées;NON;;C;248;212;177;41,8;43,8;13,1;1,4;98;12,4
157;7 869;5 389;MALRAUX SCENE NATIONALE CHAMBERY  SAVOIE;61,7;45.563024;5.924935;95405;AUVERGNE / RHONE-ALPES;73065;60376;73;73601;Chambéry;197395;04-Unités urbaines de 100 000 hbts ou plus;1;32;318;46;De 5 à 10 000 entrées;B;JPPR;C;86;24;9;35,1;29,2;20;15,7;13;33,3
584;54 687;44 928;SOCIETES DES CINEMAS ASTREE ET ALPHA;98,7;45.566066;5.923359;95413;AUVERGNE / RHONE-ALPES;73065;60376;73;73601;Chambéry;197395;04-Unités urbaines de 100 000 hbts ou plus;4;32;3 693;21,7;De 50 à 80 000 entrées;B;RDJPPR;C;159;97;90;63,4;19,8;11,8;4,9;92;99,1
235;9 575;8 502;FORUM CINEMA;94;45.592248;5.919227;95451;AUVERGNE / RHONE-ALPES;73065;60376;73;73601;Chambéry;197395;04-Unités urbaines de 100 000 hbts ou plus;2;24;1 154;12,6;De 5 à 10 000 entrées;B;RDJP;C;124;73;24;60,9;9,8;18;11,3;67;94,2
196;6 875;4 247;CINEMA SCOOP;62,8;45.061194;4.302941;95732;AUVERGNE / RHONE-ALPES;43051;2497;43;0;Zone rurale;14862638;04-Unités urbaines de 100 000 hbts ou plus;2;31;716;61,9;De 5 à 10 000 entrées;E;RDJP;R;152;123;1;65,6;18,6;11,3;4,5;79;55,5
508;30 162;22 946;CHAMONIX SPECTACLES;27,4;45.923063;6.86902;96184;AUVERGNE / RHONE-ALPES;74056;9034;74;74301;Chamonix-Mont-Blanc;12088;06-autres communes et unités urbaines;3;32;1 818;31,4;De 30 à 40 000 entrées;E;JP;C;163;119;54;53,1;34,9;11,4;0,6;55;21,6
389;18 485;10 108;LES TROIS REPUBLIQUES;26,8;46.748543;5.906232;96611;BOURGOGNE / FRANCHE-COMTE;39097;8379;39;39301;Champagnole;10391;06-autres communes et unités urbaines;3;32;1 490;82,9;De 10 à 20 000 entrées;E;RDJP;C;159;144;34;47,4;37,6;14,7;0,3;65;14,2
170;1 311;1 219;SOCIETE DES CINEMAS DE COURCHEVEL;12,7;45.454122;6.692461;96641;AUVERGNE / RHONE-ALPES;73071;588;73;0;Zone rurale;14862638;04-Unités urbaines de 100 000 hbts ou plus;1;10;114;7,5;Moins de 2000 entrées;NON;;R;52;50;6;50,8;29,4;19,8;0;10;6
400;4 151;4 813;UNION REG FEDERATIONS OEUVRES LAIQUES AUVERGNE RHONE ALPES;16,7;45.626941;4.935433;101491;AUVERGNE / RHONE-ALPES;69270;4402;69;758;Lyon;1696765;04-Unités urbaines de 100 000 hbts ou plus;1;27;131;-13,8;De 2 à 5 000 entrées;C;JP;B;68;53;0;62,5;30,4;7,1;0;13;11,1
300;13 028;8 498;ASS CINEMATOGRAPHIQUE DE CHARBONNIERES;50,8;45.780835;4.739883;101692;AUVERGNE / RHONE-ALPES;69044;5264;69;758;Lyon;1696765;04-Unités urbaines de 100 000 hbts ou plus;1;28;438;53,3;De 10 à 20 000 entrées;C;;B;122;100;6;68,6;16,7;13,7;1,1;54;42,3
301;7 933;6 595;SCENI QUA NON;52,8;47.176632;3.0219310999999607;102173;BOURGOGNE / FRANCHE-COMTE;58059;4871;58;254;La Charité-sur-Loire;5350;06-autres communes et unités urbaines;2;32;1 025;20,3;De 5 à 10 000 entrées;E;RDJPPR;C;182;151;3;64,1;21,1;10,9;3,8;83;43,1
210;14 785;10 171;ASSOCIATION AU FIL DU TEMPS;45,8;46.158309;4.170764;102284;AUVERGNE / RHONE-ALPES;42052;3781;42;42204;Charlieu;9585;06-autres communes et unités urbaines;2;32;1 024;45,4;De 10 à 20 000 entrées;E;RDJPPR;C;157;127;23;66,1;22,2;11,5;0,3;68;32,3
212;4 040;3 208;CINEMA DE CHARMOILLE;34,1;47.246351;6.672576;102531;BOURGOGNE / FRANCHE-COMTE;25125;332;25;0;Zone rurale;14862638;04-Unités urbaines de 100 000 hbts ou plus;1;29;159;25,9;De 2 à 5 000 entrées;E;;R;87;77;0;65,3;27,7;6,3;0,7;29;20
233;8 859;7 338;AEP DE LA VILLE DE CHAROLLES                                    ;20,8;46.435078;4.273364;102853;BOURGOGNE / FRANCHE-COMTE;71106;3246;71;71105;Charolles;3246;06-autres communes et unités urbaines;2;31;480;20,7;De 5 à 10 000 entrées;E;JP;I;96;84;6;66;22,9;11,1;0;27;17,3
185;2 775;2 634;SCENI QUA NON;52,2;47.064474;3.93279;104091;BOURGOGNE / FRANCHE-COMTE;58062;2310;58;58101;Château-Chinon (Ville);2310;06-autres communes et unités urbaines;1;31;212;5,4;De 2 à 5 000 entrées;E;PR;I;101;87;1;77,9;15,1;5,4;1,6;44;40,6
275;4 627;6 568;SOCIETE DES CINEMAS DU CHABLAIS;4;46.278127;6.859481;105091;AUVERGNE / RHONE-ALPES;74063;1292;74;74108;Abondance;3792;06-autres communes et unités urbaines;1;14;154;-29,6;De 2 à 5 000 entrées;NON;;C;34;33;22;41;48,6;10,4;0;4;1
100;2 379;2 272;SOCIETE DES CINEMAS DU CHABLAIS;17,9;46.2662845;6.84154239999998;105092;AUVERGNE / RHONE-ALPES;74063;1292;74;74108;Abondance;3792;06-autres communes et unités urbaines;1;18;192;4,7;De 2 à 5 000 entrées;NON;;C;45;39;13;68,2;21,7;10,1;0;7;12,6
245;9 168;7 134;VILLE DE CHATILLON SUR CHALARONNE                               ;46,1;46.119679;4.956909;106072;AUVERGNE / RHONE-ALPES;1093;5083;1;1124;Châtillon-sur-Chalaronne;5083;06-autres communes et unités urbaines;1;29;337;28,5;De 5 à 10 000 entrées;E;JP;I;128;98;2;53,4;28,4;16,7;1,5;49;38
197;7 436;5 723;ALLIANCE BOURGUIGNONNE CINEMATOGRAPHIQUE;30,5;47.858822;4.57312;106181;BOURGOGNE / FRANCHE-COMTE;21154;5704;21;21203;Châtillon-sur-Seine;5704;06-autres communes et unités urbaines;2;28;494;29,9;De 5 à 10 000 entrées;E;JPPR;I;113;95;5;63,4;27;9,4;0,2;40;14,7
250;1 639;1 288;COMMUNE DE CHAUDES AIGUES;23,4;44.855415;3.005081;106582;AUVERGNE / RHONE-ALPES;15045;875;15;0;Zone rurale;14862638;04-Unités urbaines de 100 000 hbts ou plus;1;29;120;27,3;Moins de 2000 entrées;E;;R;82;75;0;59,1;27,1;13,7;0;22;12,6
147;6 255;4 188;CINE ACTION PALACE;26,6;46.206256;4.339632;106673;BOURGOGNE / FRANCHE-COMTE;71120;3769;71;258;Chauffailles;6330;06-autres communes et unités urbaines;1;32;608;49,4;De 5 à 10 000 entrées;E;JPPR;C;124;110;4;51,1;30;18,8;0,1;38;21,8
195;2 010;1 868;UNION REG FEDERATIONS OEUVRES LAIQUES AUVERGNE RHONE ALPES;27,6;45.877437;4.7121;108298;AUVERGNE / RHONE-ALPES;69052;4245;69;758;Lyon;1696765;04-Unités urbaines de 100 000 hbts ou plus;1;18;38;7,6;De 2 à 5 000 entrées;NON;;B;35;29;0;61,1;25,9;13;0;8;23,6
159;1 772;2 605;SOU DES ECOLES CINEMA VOX;20;44.907088;4.421455;111071;AUVERGNE / RHONE-ALPES;7064;3071;7;7114;Le Cheylard;4047;06-autres communes et unités urbaines;1;15;49;-32;Moins de 2000 entrées;NON;;C;38;34;0;48,4;30,7;20,8;0;7;15,5
400;464;0;ASSOCIATION ANIMATION DU VILLAGE DE CHOMERAC;0;44.7543898;4.69809029999999;112151;AUVERGNE / RHONE-ALPES;7066;3193;7;7104;Chomérac;3193;06-autres communes et unités urbaines;1;3;5;#DIV/0!;Moins de 2000 entrées;NON;;I;5;1;0;100;0;0;0;0;0
243;12 453;8 394;EDEN CINEMA SARL;23,3;47.458201;3.515322;113611;BOURGOGNE / FRANCHE-COMTE;58079;3845;58;58107;Clamecy;4133;06-autres communes et unités urbaines;2;32;1 014;48,4;De 10 à 20 000 entrées;E;JP;C;131;115;20;45,6;43;11,1;0,4;43;13,8
193;4 765;3 460;ASSOCIATION CULTURE ET LOISIRS CINEMA;36,6;46.290173;4.304916;114062;BOURGOGNE / FRANCHE-COMTE;71133;1694;71;71110;La Clayette;2905;06-autres communes et unités urbaines;1;32;319;37,7;De 2 à 5 000 entrées;E;JP;C;108;93;0;63,6;23,7;12,8;0;40;25,8
129;1 659;1 560;ECRAN VAGABOND DU TRIEVES;50;44.814065;5.63181;114211;AUVERGNE / RHONE-ALPES;38113;547;38;0;Zone rurale;14862638;04-Unités urbaines de 100 000 hbts ou plus;1;29;60;6,3;Moins de 2000 entrées;NON;;R;51;36;0;77,6;11,6;10;0,9;19;55,5
647;44 787;40 613;UGC;96,3;45.776195;3.081674;114621;AUVERGNE / RHONE-ALPES;63113;149464;63;63701;Clermont-Ferrand;277993;04-Unités urbaines de 100 000 hbts ou plus;5;32;4 704;10,3;De 40 à 50 000 entrées;A;RDJPPR;C;129;84;86;69;8,4;14,4;8,2;81;96,2
159;15 410;11 576;ASSOCIATION LES AMIS DU RIO;95,4;45.803623;3.108544;114664;AUVERGNE / RHONE-ALPES;63113;149464;63;63701;Clermont-Ferrand;277993;04-Unités urbaines de 100 000 hbts ou plus;1;28;982;33,1;De 10 à 20 000 entrées;A;RDJPPR;C;131;63;25;69,3;9,5;17,1;4,2;57;96,7
768;67 428;39 077;LES CINEMAS PATHE GAUMONT;9,7;45.77645;3.08216;114701;AUVERGNE / RHONE-ALPES;63113;149464;63;63701;Clermont-Ferrand;277993;04-Unités urbaines de 100 000 hbts ou plus;7;32;6 003;72,6;De 50 à 80 000 entrées;NON;;C;102;94;92;40,1;46,8;13,1;0;11;11,2
269;26 637;20 285;LE PARIS;94,9;45.778539;3.081053;114717;AUVERGNE / RHONE-ALPES;63113;149464;63;63701;Clermont-Ferrand;277993;04-Unités urbaines de 100 000 hbts ou plus;3;32;3 243;31,3;De 20 à 30 000 entrées;A;RDJPPR;C;150;109;102;70,1;14,3;10,8;4,8;99;97,9
1162;94 074;52 380;LE PARIS;12,3;45.774394;3.08166;114720;AUVERGNE / RHONE-ALPES;63113;149464;63;63701;Clermont-Ferrand;277993;04-Unités urbaines de 100 000 hbts ou plus;7;32;7 333;79,6;De 80 à 100 000 entrées;NON;;C;118;98;99;35;48,1;14,2;2,6;14;11,4
2218;147 887;82 484;PROCHIMAT SARL;10,2;45.807582;3.109175;114727;AUVERGNE / RHONE-ALPES;63113;149464;63;63701;Clermont-Ferrand;277993;04-Unités urbaines de 100 000 hbts ou plus;12;32;14 282;79,3;De 100 à 150 000 entrées;NON;;C;156;138;139;33,1;51,5;13,8;1,6;19;5,9
150;7 056;6 462;FEDERATION DEPARTEMENTALE FOYERS RURAUX DE SAONE ET LOIRE;100;46.4211271;4.821967699999959;114971;BOURGOGNE / FRANCHE-COMTE;71135;901;71;0;Zone rurale;14862638;04-Unités urbaines de 100 000 hbts ou plus;1;25;226;9,2;De 5 à 10 000 entrées;E;JP;R;47;5;0;64,4;12,4;3;20,2;5;100
289;5 630;4 772;COMMUNE DE CLUNY;63,4;46.43482;4.657216;115511;BOURGOGNE / FRANCHE-COMTE;71137;5137;71;71112;Cluny;5137;06-autres communes et unités urbaines;1;27;229;18;De 5 à 10 000 entrées;E;JPPR;I;80;61;2;70,5;17,2;10,9;1,4;41;57
313;3 816;5 021;DUO;6,6;45.904524;6.425393;115521;AUVERGNE / RHONE-ALPES;74080;1767;74;0;Zone rurale;14862638;04-Unités urbaines de 100 000 hbts ou plus;1;12;139;-24;De 2 à 5 000 entrées;NON;;R;41;39;19;48,4;44,3;7,2;0;4;5
256;2 287;3 747;DOMAINE SKIABLE DE FLAINE;7,3;46.050618;6.587273;115562;AUVERGNE / RHONE-ALPES;74081;17401;74;74502;Cluses;92915;05-Unités urbaines de 20 000 à 100 000 hbts;1;10;59;-39;De 2 à 5 000 entrées;NON;;C;31;28;16;33,9;56,8;9,3;0;2;4,4
655;31 444;9 988;CINEMONDE;24,5;46.063557;6.58368;115566;AUVERGNE / RHONE-ALPES;74081;17401;74;74502;Cluses;92915;05-Unités urbaines de 20 000 à 100 000 hbts;3;32;2 320;214,8;De 30 à 40 000 entrées;NON;;C;156;128;56;35,8;46,4;16,3;1,6;66;15,3
600;4 467;5 822;UNION DEPARTEMENT ASSOCIATIONS D'ANIMATION MILIEU RURAL ALLIER;17,5;46.287439;2.74393;118073;AUVERGNE / RHONE-ALPES;3082;6347;3;3203;Commentry;7145;06-autres communes et unités urbaines;1;22;135;-23,3;De 2 à 5 000 entrées;NON;;C;21;17;0;87,6;5,8;6,6;0;3;18,2
320;28 257;16 472;EDEN CINEMA SARL;19,3;47.409738;2.924065;121951;BOURGOGNE / FRANCHE-COMTE;58086;9987;58;58301;Cosne-Cours-sur-Loire;11085;06-autres communes et unités urbaines;2;32;1 097;71,5;De 20 à 30 000 entrées;E;;C;135;100;20;48,6;38,1;12,9;0,4;32;9,4
476;26 734;18 861;KALEIDOSCOPE;37,9;45.731555;3.199146;125201;AUVERGNE / RHONE-ALPES;63124;20526;63;63701;Clermont-Ferrand;277993;04-Unités urbaines de 100 000 hbts ou plus;3;32;2 998;41,7;De 20 à 30 000 entrées;C;;B;112;99;48;61,9;28;9,7;0,5;48;29,3
124;4 422;2 640;ASSOCIATION COURPIERE CINEMA;40,1;45.755201;3.536932;125291;AUVERGNE / RHONE-ALPES;63125;4181;63;63115;Courpière;4181;06-autres communes et unités urbaines;1;32;278;67,5;De 2 à 5 000 entrées;E;JP;I;108;97;3;63,2;22,1;12;2,7;44;31,6
189;1 393;1 177;UNION REG FEDERATIONS OEUVRES LAIQUES AUVERGNE RHONE ALPES;35;46.100564;4.328791;125424;AUVERGNE / RHONE-ALPES;69066;4459;69;69106;Cours-la-Ville;4459;06-autres communes et unités urbaines;1;27;84;18,4;Moins de 2000 entrées;NON;;I;65;48;1;77;10,7;11,7;0,5;16;26
183;20 886;22 130;CENTRE DEPARTEMENTAL DE PROMOTION DU CINEMA                     ;68,5;45.904817;6.100656;127103;AUVERGNE / RHONE-ALPES;74010;131481;74;74601;Annecy;177543;04-Unités urbaines de 100 000 hbts ou plus;1;32;796;-5,6;De 20 à 30 000 entrées;C;RDJP;C;218;168;15;61;22,2;13;3,9;119;58,4
349;6 548;5 263;UNION REG FEDERATIONS OEUVRES LAIQUES AUVERGNE RHONE ALPES;61,9;45.745756;4.718034;127232;AUVERGNE / RHONE-ALPES;69069;11303;69;758;Lyon;1696765;04-Unités urbaines de 100 000 hbts ou plus;1;26;180;24,4;De 5 à 10 000 entrées;C;;B;83;70;1;65,7;19,3;15,1;0;43;41,8
544;32 879;27 486;LE NAVIRE;34,2;44.726462;5.02496;128421;AUVERGNE / RHONE-ALPES;26108;8901;26;26302;Crest;14908;06-autres communes et unités urbaines;3;31;1 697;19,6;De 30 à 40 000 entrées;E;RDJPPR;C;169;142;48;48,9;37,3;11,4;2,4;76;29,6
411;19 623;15 016;GERARD DAVOINE ET SES ENFANTS;9,8;46.805596;4.420044;128605;BOURGOGNE / FRANCHE-COMTE;71153;21787;71;71401;Le Creusot;33089;05-Unités urbaines de 20 000 à 100 000 hbts;4;32;2 513;30,7;De 10 à 20 000 entrées;NON;;C;107;85;52;41;48,2;10,3;0,5;28;8,6
156;3 818;3 070;COMMUNE DE CRUAS;21,8;44.656708;4.761992;130653;AUVERGNE / RHONE-ALPES;7076;3079;7;7105;Cruas;3079;06-autres communes et unités urbaines;1;30;483;24,4;De 2 à 5 000 entrées;NON;;I;110;84;6;41,1;45,7;12;1,2;27;12,4
250;6 907;13 029;URFOL FRANCHE COMTE;50,4;47.049645;6.481499;133681;BOURGOGNE / FRANCHE-COMTE;25271;1717;25;0;Zone rurale;14862638;04-Unités urbaines de 100 000 hbts ou plus;1;26;212;-47;De 5 à 10 000 entrées;E;JPPR;R;47;26;0;76,7;13,8;7,8;1,7;13;44,9
271;3 473;2 949;UNION REG FEDERATIONS OEUVRES LAIQUES AUVERGNE RHONE ALPES;50;45.810538;4.754801;136201;AUVERGNE / RHONE-ALPES;69072;9265;69;758;Lyon;1696765;04-Unités urbaines de 100 000 hbts ou plus;1;21;70;17,8;De 2 à 5 000 entrées;NON;;B;58;48;0;69,2;15,7;14,2;1;24;42,4
144;15 774;13 738;REGIE AUTONOME DE GESTION DU TOBOGGAN;58,1;45.768904;4.955836;136753;AUVERGNE / RHONE-ALPES;69275;28740;69;758;Lyon;1696765;04-Unités urbaines de 100 000 hbts ou plus;1;29;722;14,8;De 10 à 20 000 entrées;C;JPPR;B;175;127;3;62,7;20,1;13,8;3,4;78;52,9
345;12 701;6 240;COMMUNE DE DECIZE;15,6;46.831224;3.459781;136773;BOURGOGNE / FRANCHE-COMTE;58095;5443;58;58201;Decize;7360;06-autres communes et unités urbaines;2;32;984;103,5;De 10 à 20 000 entrées;E;;C;107;94;3;43,2;43,8;12,4;0,5;22;6,4
113;3 274;3 400;CINEMAS D'AUJOURD'HUI;18,6;47.512144;7.007276;136912;BOURGOGNE / FRANCHE-COMTE;90033;5764;90;90301;Delle (partie française);10243;06-autres communes et unités urbaines;1;32;317;-3,7;De 2 à 5 000 entrées;E;;C;80;70;0;57,4;29,6;13,1;0;11;12
207;15 866;16 558;HENRY GERARD;75,9;44.750763;5.3764;138172;AUVERGNE / RHONE-ALPES;26113;4898;26;26110;Die;4898;06-autres communes et unités urbaines;1;30;564;-4,2;De 10 à 20 000 entrées;E;RDJPPR;I;120;94;0;63,1;18,6;11,4;6,9;71;72,3
139;4 210;4 213;CERCLE LABOR;69;44.527384;5.066722;138462;AUVERGNE / RHONE-ALPES;26114;3336;26;26109;Dieulefit;4316;06-autres communes et unités urbaines;1;31;114;-0,1;De 2 à 5 000 entrées;E;;C;32;23;0;86,1;9,1;4,8;0;16;65,7
409;28 784;18 132;ENGELS WILLIAM;33,8;46.480212;3.977127;138641;BOURGOGNE / FRANCHE-COMTE;71176;8024;71;353;Digoin;10223;06-autres communes et unités urbaines;3;32;2 421;58,7;De 20 à 30 000 entrées;E;JPPR;C;203;165;71;50,3;38,8;10;0,9;80;15,6
1634;140 545;86 092;GAUMONT;13,1;47.323594;5.030088;138712;BOURGOGNE / FRANCHE-COMTE;21231;160186;21;21701;Dijon;250981;04-Unités urbaines de 100 000 hbts ou plus;10;32;9 385;63,2;De 100 à 150 000 entrées;NON;;C;138;121;114;32;53,3;13,5;1,2;23;13,3
1005;47 905;29 111;DARCY PALACE;49,9;47.323572;5.034663;138715;BOURGOGNE / FRANCHE-COMTE;21231;160186;21;21701;Dijon;250981;04-Unités urbaines de 100 000 hbts ou plus;5;28;3 927;64,6;De 40 à 50 000 entrées;NON;;C;74;66;61;86,1;4,5;9,3;0,1;39;42,2
403;51 692;45 896;LEAUREL;98;47.314412;5.048804;138741;BOURGOGNE / FRANCHE-COMTE;21231;160186;21;21701;Dijon;250981;04-Unités urbaines de 100 000 hbts ou plus;3;32;3 646;12,6;De 50 à 80 000 entrées;A;RDJPPR;C;163;106;100;64,2;13,6;14,5;7,7;102;99,3
131;4 052;1 182;SOCIETE TOURISTIQUE THERMALE ET HOTELIERE DE DIVONNE;30,6;46.350634;6.137102;139283;AUVERGNE / RHONE-ALPES;1143;10022;1;1203;Divonne-les-Bains (partie française);10022;06-autres communes et unités urbaines;1;31;309;242,8;De 2 à 5 000 entrées;NON;;I;111;103;2;56;24,9;17,6;1,4;39;22,7
1037;64 657;38 790;OMNIA REX;19,7;47.095429;5.494926;139541;BOURGOGNE / FRANCHE-COMTE;39198;24666;39;39402;Dole;31549;05-Unités urbaines de 20 000 à 100 000 hbts;6;32;6 358;66,7;De 50 à 80 000 entrées;D;RDJPPR;C;185;156;85;43,4;44,2;11,3;1,1;71;12,6
130;8 663;5 062;ASSOCIATION CINE SUR BESBRE;16,1;46.512529;3.675133;140713;AUVERGNE / RHONE-ALPES;3102;3097;3;3105;Dompierre-sur-Besbre;3097;06-autres communes et unités urbaines;1;32;506;71,1;De 5 à 10 000 entrées;E;JPPR;I;141;112;12;51,6;35,7;12,3;0,3;36;8,2
200;3 909;3 511;UNION REG FEDERATIONS OEUVRES LAIQUES AUVERGNE RHONE ALPES;45,9;44.379202;4.696224000000029;141262;AUVERGNE / RHONE-ALPES;26116;5979;26;26111;Donzère;5979;06-autres communes et unités urbaines;1;29;152;11,3;De 2 à 5 000 entrées;E;JP;I;61;40;0;69,3;17,8;12,9;0;18;40,1
208;8 164;5 410;SOCIETE DES CINEMAS DU CHABLAIS;15,3;46.302008;6.310919;142311;AUVERGNE / RHONE-ALPES;74105;6152;74;74115;Douvaine;6152;06-autres communes et unités urbaines;1;32;433;50,9;De 5 à 10 000 entrées;NON;;I;70;57;38;55;34,2;10,9;0;13;10,1
182;2 456;2 103;ASSOCIATION CINEMA LE MAUBOURG;34,1;45.217931;4.34228;143691;AUVERGNE / RHONE-ALPES;43087;2793;43;43101;Dunières;2793;06-autres communes et unités urbaines;1;31;142;16,8;De 2 à 5 000 entrées;E;;I;74;65;0;61,2;26,8;12;0;24;22,2
2925;284 336;207 604;PATHE ECHIROLLES;13,5;45.147822;5.718011;144981;AUVERGNE / RHONE-ALPES;38151;37164;38;38701;Grenoble;519681;04-Unités urbaines de 100 000 hbts ou plus;12;32;11 679;37;De 200 à 300 000 entrées;NON;;B;187;161;133;33,3;51,4;14,4;0,9;48;8,7
1973;205 643;144 151;LES IMAGES;17;47.278354;5.995713;145241;BOURGOGNE / FRANCHE-COMTE;25212;2680;25;25602;Besançon;139365;04-Unités urbaines de 100 000 hbts ou plus;13;32;12 796;42,7;De 200 à 300 000 entrées;NON;;B;176;156;152;36,9;46,8;15,5;0,8;41;8,5
171;10 905;8 079;COMMUNE D ECULLY;52;45.779053;4.778383;145792;AUVERGNE / RHONE-ALPES;69081;18977;69;758;Lyon;1696765;04-Unités urbaines de 100 000 hbts ou plus;1;28;456;35;De 10 à 20 000 entrées;C;JP;B;115;77;1;72,5;11,9;14;1,6;41;45,1
222;4 189;3 334;ASSOCIATION CULTURELLE CINEMA LE MONTCELET                      ;24,3;45.432581;5.756014;147521;AUVERGNE / RHONE-ALPES;38155;1846;38;161;Entre-deux-Guiers;3429;06-autres communes et unités urbaines;1;30;291;25,6;De 2 à 5 000 entrées;E;;C;118;99;1;51,4;33,2;14,3;1,2;25;14,9
162;5 367;2 334;SOCIETE DES CINEMAS DU CHABLAIS;16,1;46.400244;6.59546;154251;AUVERGNE / RHONE-ALPES;74119;9350;74;74501;Thonon-les-Bains;80255;05-Unités urbaines de 20 000 à 100 000 hbts;1;30;388;129,9;De 5 à 10 000 entrées;NON;;B;68;56;37;61,4;29,1;9,4;0;13;13,3
435;28 909;34 443;CINEMAS VOLTAIRE;26,6;46.253781;6.118753;157971;AUVERGNE / RHONE-ALPES;1160;10056;1;652;Genève (SUI) - Annemasse (partie française);189489;04-Unités urbaines de 100 000 hbts ou plus;3;27;1 458;-16,1;De 20 à 30 000 entrées;C;;B;98;79;49;30,9;45,4;20,4;3,2;34;19,5
283;29 991;17 705;ASSOC EDUC POPULAIRE CINEMA;26,9;45.750204;4.225091;159364;AUVERGNE / RHONE-ALPES;42094;8409;42;42203;Feurs;9834;06-autres communes et unités urbaines;2;32;1 061;69,4;De 20 à 30 000 entrées;NON;;C;155;131;36;49,1;37,1;13;0,8;53;12,3
837;13 011;17 800;SOCIETE D'EXPLOITATION DU CINEMA LE MAJESTIC;8,3;45.389679;4.28977;159923;AUVERGNE / RHONE-ALPES;42095;17190;42;753;Saint-Étienne;378916;04-Unités urbaines de 100 000 hbts ou plus;2;9;469;-26,9;De 10 à 20 000 entrées;NON;;B;45;33;10;45,1;51,6;3,3;0;8;3,2
250;3 435;4 773;SNC GIPPA ET GILBERT;5,5;45.247083;6.304557;163811;AUVERGNE / RHONE-ALPES;73116;508;73;0;Zone rurale;14862638;04-Unités urbaines de 100 000 hbts ou plus;1;13;96;-28;De 2 à 5 000 entrées;NON;;R;48;45;24;41,2;49,5;9,3;0;4;2,1
174;3 787;2 510;COMMUNAUTE DE COMMUNES HAUTE MAURIENNE VANOISE;31,8;45.191425;6.648346;167151;AUVERGNE / RHONE-ALPES;73117;691;73;73109;Modane;3904;06-autres communes et unités urbaines;1;31;233;50,9;De 2 à 5 000 entrées;E;JP;B;116;100;1;52,2;33,2;14,4;0,3;36;21,5
193;1 587;1 376;UNION REG FEDERATIONS OEUVRES LAIQUES AUVERGNE RHONE ALPES;36,8;45.73125;4.765987;168071;AUVERGNE / RHONE-ALPES;69089;14918;69;758;Lyon;1696765;04-Unités urbaines de 100 000 hbts ou plus;1;15;35;15,3;Moins de 2000 entrées;NON;;B;23;19;0;56,3;20,3;23,4;0;7;16,5
131;6 549;4 792;COMMUNE DE GANNAT;37,5;46.097274;3.197027;172682;AUVERGNE / RHONE-ALPES;3118;6021;3;3202;Gannat;6021;06-autres communes et unités urbaines;1;29;615;36,7;De 5 à 10 000 entrées;E;JP;I;154;138;3;55;35;9,9;0,2;70;22,2
266;2 675;1 506;PANORAMIC 21                                                    ;26;47.241889;5.217949;175404;BOURGOGNE / FRANCHE-COMTE;21292;5317;21;21202;Genlis;5317;06-autres communes et unités urbaines;1;30;122;77,6;De 2 à 5 000 entrées;E;;I;75;61;0;65,8;27,2;7;0;18;15,6
220;2 836;4 676;BAUCINE;2,8;46.152434;6.657281;176722;AUVERGNE / RHONE-ALPES;74134;1254;74;0;Zone rurale;14862638;04-Unités urbaines de 100 000 hbts ou plus;1;10;107;-39,3;De 2 à 5 000 entrées;NON;;R;35;34;22;44,4;41,8;13,9;0;2;1,6
110;6 815;5 470;COMMUNE DE GEX;59,6;46.332254;6.05905;176873;AUVERGNE / RHONE-ALPES;1173;13362;1;1301;Gex;18322;06-autres communes et unités urbaines;1;30;606;24,6;De 5 à 10 000 entrées;E;RDJPPR;C;169;126;2;45,6;27,1;19,2;8,2;80;50,1
294;545;470;COMMUNE DE GIERES;25;45.1800066;5.791162699999973;177140;AUVERGNE / RHONE-ALPES;38179;7040;38;38701;Grenoble;519681;04-Unités urbaines de 100 000 hbts ou plus;1;8;8;16;Moins de 2000 entrées;NON;;B;7;7;0;63,5;36,5;0;0;2;30,6
199;3 738;5 233;MC4  DISTRIBUTION;12,8;45.935346;6.473902;182461;AUVERGNE / RHONE-ALPES;74136;2166;74;74101;Le Grand-Bornand;2166;06-autres communes et unités urbaines;1;13;144;-28,6;De 2 à 5 000 entrées;NON;;I;69;68;19;44,4;44,8;10,8;0;13;6,2
150;2 781;3 650;MC4  DISTRIBUTION;10,3;45.969321;6.446761;182462;AUVERGNE / RHONE-ALPES;74136;2166;74;74101;Le Grand-Bornand;2166;06-autres communes et unités urbaines;1;11;132;-23,8;De 2 à 5 000 entrées;NON;;I;57;56;24;48,2;46,5;5,3;0;8;8,2
1009;49 420;27 513;CINEMA REX;4,6;45.189425;5.728332;185002;AUVERGNE / RHONE-ALPES;38185;159855;38;38701;Grenoble;519681;04-Unités urbaines de 100 000 hbts ou plus;6;32;6 370;79,6;De 40 à 50 000 entrées;NON;;C;76;70;71;30;56,8;11;2,2;2;9
479;62 090;48 007;BETAPHI                                                         ;95,6;45.187177;5.722453;185023;AUVERGNE / RHONE-ALPES;38185;159855;38;38701;Grenoble;519681;04-Unités urbaines de 100 000 hbts ou plus;5;32;5 466;29,3;De 50 à 80 000 entrées;A;RD;C;178;122;113;64,7;20,7;9,3;5,4;112;97,8
876;57 344;44 081;CINE 38;44,6;45.190618;5.723517;185044;AUVERGNE / RHONE-ALPES;38185;159855;38;38701;Grenoble;519681;04-Unités urbaines de 100 000 hbts ou plus;7;32;7 411;30,1;De 50 à 80 000 entrées;NON;;C;107;100;90;68,4;15,3;16,2;0,1;51;38,1
2984;268 577;169 675;PATHE GRENOBLE CHAVANT;29,5;45.185486;5.731291;185116;AUVERGNE / RHONE-ALPES;38185;159855;38;38701;Grenoble;519681;04-Unités urbaines de 100 000 hbts ou plus;10;32;8 755;58,3;De 200 à 300 000 entrées;NON;;C;154;134;126;34,5;49,6;14,3;1,6;49;21,7
154;1 549;1 756;COMMUNE DE GRESSE EN VERCORS;18,4;44.900658;5.555056;185241;AUVERGNE / RHONE-ALPES;38186;399;38;0;Zone rurale;14862638;04-Unités urbaines de 100 000 hbts ou plus;1;31;57;-11,8;Moins de 2000 entrées;NON;;R;51;45;0;53,4;37,1;9,6;0;9;19
180;7 896;5 390;SARL LE DANTON;34,8;46.600458;4.067349;187852;BOURGOGNE / FRANCHE-COMTE;71230;7143;71;71204;Gueugnon;7143;06-autres communes et unités urbaines;1;32;771;46,5;De 5 à 10 000 entrées;E;JPPR;I;156;124;4;58,5;28,5;12;1,1;54;18,6
238;5 127;8 258;ASSOCIATION COMITE MUNICIPAL DES FETES;23,5;44.932115;4.875562;188251;AUVERGNE / RHONE-ALPES;7102;10982;7;651;Valence;135540;04-Unités urbaines de 100 000 hbts ou plus;1;26;112;-37,9;De 5 à 10 000 entrées;NON;;B;39;30;0;79,8;15,4;4,8;0;8;21,7
177;5 584;3 029;ASSOCIATION DIFFUSION EXPLOITATION CINEMATOGRAPHIQUE SUD EST;16,3;45.977393;5.601461;192631;AUVERGNE / RHONE-ALPES;1185;5033;1;1120;Hauteville-Lompnes;5033;06-autres communes et unités urbaines;1;32;407;84,4;De 5 à 10 000 entrées;E;JP;I;97;85;5;51,8;35,9;11,9;0,4;24;11,7
258;3 398;4 271;AGORA CINEMAS;15,3;45.090313;6.07033;199153;AUVERGNE / RHONE-ALPES;38191;1337;38;0;Zone rurale;14862638;04-Unités urbaines de 100 000 hbts ou plus;2;14;250;-20,4;De 2 à 5 000 entrées;NON;;R;70;66;15;38;49,7;12,3;0;13;6,1
408;37 317;22 998;CINEMA LE MODERN;11,4;45.543752;3.244977;202085;AUVERGNE / RHONE-ALPES;63178;15617;63;63304;Issoire;16525;06-autres communes et unités urbaines;3;32;1 968;62,3;De 30 à 40 000 entrées;E;;C;86;74;44;42,9;46,6;10,3;0,2;24;7,3
50;3 045;2 599;CINEMAFOR ASSO;23,1;45.72693270000001;3.834929299999999;204141;AUVERGNE / RHONE-ALPES;42039;458;42;0;Zone rurale;14862638;04-Unités urbaines de 100 000 hbts ou plus;1;22;56;17,2;De 2 à 5 000 entrées;NON;;R;42;33;0;48,7;39,6;11,7;0;8;21,3
66;1 689;1 285;PANORAMIC 21                                                    ;54,8;47.842504;4.365197;212450;BOURGOGNE / FRANCHE-COMTE;21336;696;21;0;Zone rurale;14862638;04-Unités urbaines de 100 000 hbts ou plus;1;30;93;31,4;Moins de 2000 entrées;E;;R;86;69;0;84;6,6;8;1,4;39;50,1
400;1 356;1 376;ASSOCIATION DU CINEMA LE FOYER;43,8;45.120045;4.534213;213122;AUVERGNE / RHONE-ALPES;7128;387;7;0;Zone rurale;14862638;04-Unités urbaines de 100 000 hbts ou plus;1;8;37;-1,5;Moins de 2000 entrées;NON;;R;22;19;0;83,6;13,4;3,1;0;9;36,3
160;1 825;2 429;COMMUNE DE LANDRY;40,2;45.557325;6.763374;215092;AUVERGNE / RHONE-ALPES;73142;841;73;0;Zone rurale;14862638;04-Unités urbaines de 100 000 hbts ou plus;1;16;178;-24,9;Moins de 2000 entrées;NON;;R;60;57;1;53,9;36,5;8,8;0,8;23;19,4
184;6 362;5 615;SYNDICAT D'INITIATIVE DE LANS EN VERCORS;77,7;45.128093;5.589034;216371;AUVERGNE / RHONE-ALPES;38205;2785;38;0;Zone rurale;14862638;04-Unités urbaines de 100 000 hbts ou plus;1;31;271;13,3;De 5 à 10 000 entrées;E;JP;R;113;88;0;51,4;25,4;13;10,2;67;77
92;256;0;ASSOCIATION LE CLAP;76,9;45.126881;5.59068;216372;AUVERGNE / RHONE-ALPES;38205;2785;38;0;Zone rurale;14862638;04-Unités urbaines de 100 000 hbts ou plus;1;1;14;#DIV/0!;Moins de 2000 entrées;NON;;R;11;10;0;49,6;13,8;16,7;19,9;8;73,2
180;1 045;1 738;COMMUNE DE LANSLEBOURG MONT CENIS;18,2;45.285761;6.879713;216451;AUVERGNE / RHONE-ALPES;73290;2099;73;0;Zone rurale;14862638;04-Unités urbaines de 100 000 hbts ou plus;1;24;61;-39,9;Moins de 2000 entrées;NON;;R;46;40;1;48,5;36;15,4;0;9;5,4
166;1 789;2 925;FOYER RURAL DE LANSLEVILLARD;5,3;45.302343;6.947815;216471;AUVERGNE / RHONE-ALPES;73290;2099;73;0;Zone rurale;14862638;04-Unités urbaines de 100 000 hbts ou plus;1;11;75;-38,8;Moins de 2000 entrées;NON;;R;38;38;23;53,9;37,3;8,8;0;3;3,9
445;14 129;4 772;SOCIETE DES CINEMAS LONS LE SAUNIER;69,8;46.673494;5.556147;232572;BOURGOGNE / FRANCHE-COMTE;39300;18099;39;39401;Lons-le-Saunier;28037;05-Unités urbaines de 20 000 à 100 000 hbts;3;32;1 691;196,1;De 10 à 20 000 entrées;D;;C;72;61;42;88,6;4,2;7;0,2;45;64,7
256;11 191;12 016;ESPACE COMMUNAUTAIRE LONS AGGLOMERATION                         ;99,9;46.674335;5.555107;232584;BOURGOGNE / FRANCHE-COMTE;39300;18099;39;39401;Lons-le-Saunier;28037;05-Unités urbaines de 20 000 à 100 000 hbts;2;32;1 131;-6,9;De 10 à 20 000 entrées;D;RDJPPR;C;94;68;52;62,9;12,1;14,4;10,6;67;98,6
995;88 611;63 194;CS MULTIMEDIA;6,3;46.673143;5.558777;232586;BOURGOGNE / FRANCHE-COMTE;39300;18099;39;39401;Lons-le-Saunier;28037;05-Unités urbaines de 20 000 à 100 000 hbts;7;32;6 907;40,2;De 80 à 100 000 entrées;NON;;C;133;118;112;38,5;46,6;14;0,9;12;4,6
124;7 739;5 801;COMMUNE DE LORIOL SUR DROME;31,3;44.75382;4.824625;233062;AUVERGNE / RHONE-ALPES;26166;6699;26;26303;Livron-sur-Drôme;16643;06-autres communes et unités urbaines;1;28;493;33,4;De 5 à 10 000 entrées;E;JP;B;118;103;2;57,6;31,9;10;0,5;37;22,7
469;11 430;7 040;FOURNIER CHRISTOPHE CINEMA;18;46.630199;5.222983;233941;BOURGOGNE / FRANCHE-COMTE;71263;6613;71;71301;Louhans;12210;06-autres communes et unités urbaines;3;32;2 224;62,4;De 10 à 20 000 entrées;E;;C;121;106;51;44,9;40,5;13,5;1,1;30;10
178;2 168;1 559;SCENI QUA NON;55,4;46.790178;3.969574;237821;BOURGOGNE / FRANCHE-COMTE;58149;2017;58;0;Zone rurale;14862638;04-Unités urbaines de 100 000 hbts ou plus;1;31;195;39,1;De 2 à 5 000 entrées;E;;R;98;84;1;72,9;18,5;6,1;2,5;48;34,5
2104;319 234;200 369;PARAFRANCE COMMUNICATION;31,9;45.758734;4.834873;237903;AUVERGNE / RHONE-ALPES;69123;525236;69;758;Lyon;1696765;04-Unités urbaines de 100 000 hbts ou plus;10;32;8 855;59,3;De 300 à 450 000 entrées;NON;;C;132;114;103;40;43,4;14,3;2,3;52;21,4
1281;208 381;175 664;UGC SAS;88,6;45.747368;4.835557;237933;AUVERGNE / RHONE-ALPES;69123;525236;69;758;Lyon;1696765;04-Unités urbaines de 100 000 hbts ou plus;9;32;9 453;18,6;De 200 à 300 000 entrées;A;RDJPPR;C;241;163;162;59,3;21,4;13,2;6,1;145;86,4
46;1 250;1 604;LE CINEMA OPERA;98,6;45.768607;4.834444;237945;AUVERGNE / RHONE-ALPES;69123;525236;69;758;Lyon;1696765;04-Unités urbaines de 100 000 hbts ou plus;1;29;614;-22,1;Moins de 2000 entrées;NON;;C;79;56;5;40,6;6,7;32,3;20,3;53;99,4
91;9 402;8 456;ASSOCIATION CINE DUCHERE;66,5;45.787163;4.799719;238013;AUVERGNE / RHONE-ALPES;69123;525236;69;758;Lyon;1696765;04-Unités urbaines de 100 000 hbts ou plus;1;30;581;11,2;De 5 à 10 000 entrées;A;JPPR;C;116;84;2;70;9,3;12,6;8,1;56;68
214;31 594;28 844;CINEMA NATIONAL POPULAIRE;97,7;45.757455;4.835595;238021;AUVERGNE / RHONE-ALPES;69123;525236;69;758;Lyon;1696765;04-Unités urbaines de 100 000 hbts ou plus;3;32;2 826;9,5;De 30 à 40 000 entrées;A;RD;C;152;109;78;63,7;6,9;19,3;10,2;100;98,7
894;82 712;76 279;UGC SAS;58;45.769811;4.855776;238032;AUVERGNE / RHONE-ALPES;69123;525236;69;758;Lyon;1696765;04-Unités urbaines de 100 000 hbts ou plus;5;32;4 503;8,4;De 80 à 100 000 entrées;NON;;C;99;68;55;73;11,2;15,8;0;46;53,4
136;31 222;22 348;KEUROGHLIAN FRANCOIS YERNOS;82,5;45.763283;4.843832;238163;AUVERGNE / RHONE-ALPES;69123;525236;69;758;Lyon;1696765;04-Unités urbaines de 100 000 hbts ou plus;3;32;2 921;39,7;De 30 à 40 000 entrées;A;JP;C;216;146;6;63,7;15,8;10,8;9,8;122;78,8
290;4 483;4 272;ASSOCIATION BIENFAISANCE CHARMETTES;49,5;45.765819;4.865911;238244;AUVERGNE / RHONE-ALPES;69123;525236;69;758;Lyon;1696765;04-Unités urbaines de 100 000 hbts ou plus;1;23;149;4,9;De 2 à 5 000 entrées;NON;;C;96;73;0;77,3;12,9;9,4;0,4;35;41
326;69 016;51 171;CINEMA NATIONAL POPULAIRE;100;45.765294;4.834225;238351;AUVERGNE / RHONE-ALPES;69123;525236;69;758;Lyon;1696765;04-Unités urbaines de 100 000 hbts ou plus;4;32;4 744;34,9;De 50 à 80 000 entrées;A;RD;C;89;61;57;60,6;24,9;8,3;6,2;61;100
97;4 280;3 967;LE CINEMA OPERA;84,9;45.76732;4.835049;238421;AUVERGNE / RHONE-ALPES;69123;525236;69;758;Lyon;1696765;04-Unités urbaines de 100 000 hbts ou plus;1;29;761;7,9;De 2 à 5 000 entrées;A;RD;C;100;56;23;56,9;12;13,5;17,7;47;87,1
2830;187 617;138 517;UGC CINE CITE;31,7;45.784585;4.852131;238461;AUVERGNE / RHONE-ALPES;69123;525236;69;758;Lyon;1696765;04-Unités urbaines de 100 000 hbts ou plus;14;32;13 665;35,4;De 150 à 200 000 entrées;NON;;C;212;164;149;36,8;42,8;16,8;3,6;69;25,3
237;15 187;12 910;ESPOIR DU PLATEAU;67,2;45.779971;4.832347;238494;AUVERGNE / RHONE-ALPES;69123;525236;69;758;Lyon;1696765;04-Unités urbaines de 100 000 hbts ou plus;1;24;300;17,6;De 10 à 20 000 entrées;NON;;C;85;59;0;73,5;14,4;9;3;39;61,4
2528;330 017;219 424;PATHE VAISE                                                     ;22,2;45.787335;4.812112;238886;AUVERGNE / RHONE-ALPES;69123;525236;69;758;Lyon;1696765;04-Unités urbaines de 100 000 hbts ou plus;14;32;13 108;50,4;De 300 à 450 000 entrées;NON;;C;220;187;163;37,6;45,5;16;0,9;72;13,5
2086;214 419;149 744;CINEMA MARIVAUX;25,1;46.316471;4.838508;239353;BOURGOGNE / FRANCHE-COMTE;71270;34561;71;464;Mâcon;50313;05-Unités urbaines de 20 000 à 100 000 hbts;11;32;10 010;43,2;De 200 à 300 000 entrées;D;JPPR;C;260;201;159;44,6;41,4;12,7;1,2;96;14,8
250;2 829;4 170;SOCIETE DES CINEMAS DES ECRINS;26,4;45.508685;6.679705;239412;AUVERGNE / RHONE-ALPES;73150;3831;73;73201;Aime;8427;06-autres communes et unités urbaines;1;12;150;-32,2;De 2 à 5 000 entrées;NON;;B;72;67;14;41,6;44,2;14,1;0,1;21;6,5
320;6 078;6 147;ASSOCIATION SALLE SAINT MICHEL                                  ;30;47.252947;6.800494;240661;BOURGOGNE / FRANCHE-COMTE;25356;4383;25;25109;Maîche;4383;06-autres communes et unités urbaines;1;28;197;-1,1;De 5 à 10 000 entrées;E;;I;66;56;0;60,5;28,1;11,4;0;17;18,3
175;5 410;3 773;CINEMA VOX;36,2;46.276444;4.040561;245911;BOURGOGNE / FRANCHE-COMTE;71275;1785;71;71109;Marcigny;2933;06-autres communes et unités urbaines;1;31;348;43,4;De 5 à 10 000 entrées;E;;C;113;96;0;72,2;17;9,1;1,6;44;31,8
199;2 921;2 200;COMMUNE DE MATOUR;47,7;46.306676;4.481344;252342;BOURGOGNE / FRANCHE-COMTE;71289;1145;71;0;Zone rurale;14862638;04-Unités urbaines de 100 000 hbts ou plus;1;31;139;32,8;De 2 à 5 000 entrées;E;;R;108;86;0;82;10,8;5,2;1,9;42;43,2
256;7 477;5 156;LE PRE BOURGES;34,3;45.216795;2.333982;253164;AUVERGNE / RHONE-ALPES;15120;3779;15;15105;Mauriac;4624;06-autres communes et unités urbaines;1;28;298;45;De 5 à 10 000 entrées;E;;C;89;76;1;71,2;17,3;10,5;1,1;33;19,3
315;1 923;4 155;FORUM INTERNATIONAL;7,1;45.861574;6.626043;255072;AUVERGNE / RHONE-ALPES;74173;3172;74;462;Sallanches;46501;05-Unités urbaines de 20 000 à 100 000 hbts;1;10;101;-53,7;Moins de 2000 entrées;NON;;B;38;36;20;50;47,1;2,9;0;4;12,1
100;3 017;3 090;CINE ITINERANT RURAL BRESSE REVERMONT;22,4;46.245266;5.347704;255421;AUVERGNE / RHONE-ALPES;1241;1379;1;0;Zone rurale;14862638;04-Unités urbaines de 100 000 hbts ou plus;1;24;130;-2,4;De 2 à 5 000 entrées;NON;;R;10;5;0;100;0;0;0;1;14,8
212;7 992;6 012;CINEMA OLYMPIA;13,8;46.773516;6.350469;260602;BOURGOGNE / FRANCHE-COMTE;25380;1302;25;0;Zone rurale;14862638;04-Unités urbaines de 100 000 hbts ou plus;2;32;732;32,9;De 5 à 10 000 entrées;E;JP;R;98;91;34;42,8;43,6;13,5;0,1;24;7,1
166;20 600;13 187;UNION REG FEDERATIONS OEUVRES LAIQUES AUVERGNE RHONE ALPES;34,7;45.90391;5.192869;261273;AUVERGNE / RHONE-ALPES;1244;7985;1;1206;Meximieux;10714;06-autres communes et unités urbaines;1;31;646;56,2;De 20 à 30 000 entrées;E;JPPR;C;170;123;7;49,8;33,8;15,1;1,4;51;24,3
287;8 515;8 375;CINE L'ARLEQUIN;35,8;45.916394;6.090209;261581;AUVERGNE / RHONE-ALPES;74010;131481;74;74601;Annecy;177543;04-Unités urbaines de 100 000 hbts ou plus;1;30;404;1,7;De 5 à 10 000 entrées;C;;C;111;91;0;66,1;25,3;7,4;1,2;39;29,5
408;28 034;15 475;FELICINE                                                        ;23,2;45.765107;5.00317;261603;AUVERGNE / RHONE-ALPES;69282;34448;69;758;Lyon;1696765;04-Unités urbaines de 100 000 hbts ou plus;3;32;1 581;81,2;De 20 à 30 000 entrées;C;JP;B;140;122;61;46,3;41,6;11,6;0,5;49;13,2
200;296;1 089;MODERNE CINEMA;0;46.36675;5.996859;262461;AUVERGNE / RHONE-ALPES;1247;339;1;0;Zone rurale;14862638;04-Unités urbaines de 100 000 hbts ou plus;1;3;10;-72,8;Moins de 2000 entrées;NON;;R;5;4;2;90,4;9,6;0;0;0;0
300;3 951;4 431;UNION REG FEDERATIONS OEUVRES LAIQUES AUVERGNE RHONE ALPES;43,4;45.871817;4.913437;263612;AUVERGNE / RHONE-ALPES;1249;10193;1;758;Lyon;1696765;04-Unités urbaines de 100 000 hbts ou plus;1;28;141;-10,8;De 2 à 5 000 entrées;C;JP;B;90;71;1;62,6;22,3;14,7;0,4;33;33,2
220;1 775;2 507;SNC GIPPA ET GILBERT;3,4;45.14954;6.634433;264123;AUVERGNE / RHONE-ALPES;73157;3213;73;73109;Modane;3904;06-autres communes et unités urbaines;1;13;58;-29,2;Moins de 2000 entrées;NON;;C;34;34;1;33,4;53,6;13,1;0;1;0,6
330;2 250;2 098;ASSOCIATION LA FRATERNELLE;41;46.457868;5.758014;264442;BOURGOGNE / FRANCHE-COMTE;39333;2225;39;39102;Moirans-en-Montagne;2225;06-autres communes et unités urbaines;1;32;235;7,2;De 2 à 5 000 entrées;E;JP;I;151;136;0;48,2;35;14,5;2,3;66;27,6
348;25 862;18 436;COMMUNE DE MONISTROL SUR LOIRE;26,5;45.284509;4.176668;266962;AUVERGNE / RHONE-ALPES;43137;9278;43;43301;Monistrol-sur-Loire;13732;06-autres communes et unités urbaines;2;31;1 042;40,3;De 20 à 30 000 entrées;E;JP;C;155;135;14;45,7;42,2;11,4;0,7;53;11,4
165;9 890;6 972;ASSOCIATION CINE CITE;36,7;47.6229;4.338005;269141;BOURGOGNE / FRANCHE-COMTE;21425;5132;21;21205;Montbard;5459;06-autres communes et unités urbaines;1;32;619;41,9;De 5 à 10 000 entrées;E;JPPR;C;150;129;2;52,7;35;11,7;0,6;57;18,1
1053;21 418;16 270;CINEMA DU COLISEE;48,5;47.50866;6.801618;269255;BOURGOGNE / FRANCHE-COMTE;25388;26368;25;25601;Montbéliard;108639;04-Unités urbaines de 100 000 hbts ou plus;4;32;2 926;31,6;De 20 à 30 000 entrées;C;RDJPPR;C;155;114;73;70;16,2;10,3;3,4;64;50
816;98 925;70 054;REX FOREZ;27,7;45.612675;4.067565;269635;AUVERGNE / RHONE-ALPES;42147;16270;42;42401;Montbrison;24160;05-Unités urbaines de 20 000 à 100 000 hbts;5;32;3 737;41,2;De 80 à 100 000 entrées;D;RDJPPR;C;202;161;105;45,6;41,8;11,8;0,8;71;12,1
640;11 085;10 612;SOCIETE DU CINEMA REX;14,1;46.674118;4.364044;269843;BOURGOGNE / FRANCHE-COMTE;71306;18218;71;71402;Montceau-les-Mines;38556;05-Unités urbaines de 20 000 à 100 000 hbts;3;32;1 156;4,5;De 10 à 20 000 entrées;D;;C;73;58;29;46,4;42,8;10,5;0,3;21;7
178;3 401;4 170;CINEMA OLYMPIC;42,2;45.575851;2.809534;270673;AUVERGNE / RHONE-ALPES;63236;1298;63;0;Zone rurale;14862638;04-Unités urbaines de 100 000 hbts ou plus;1;24;221;-18,4;De 2 à 5 000 entrées;NON;;R;49;44;2;85,7;7,1;5,7;1,5;21;26,8
613;36 683;23 450;SOCIETE DU CINEMA PALACE - MONTELIMAR;18;44.561459;4.748988;271052;AUVERGNE / RHONE-ALPES;26198;40639;26;551;Montélimar;59051;05-Unités urbaines de 20 000 à 100 000 hbts;5;32;2 676;56,4;De 30 à 40 000 entrées;NON;;C;80;75;73;39,2;44,1;16,7;0;21;12,2
118;13 056;11 479;COMMUNE DE MONTELIMAR;97,3;44.557962;4.751413;271055;AUVERGNE / RHONE-ALPES;26198;40639;26;551;Montélimar;59051;05-Unités urbaines de 20 000 à 100 000 hbts;1;28;847;13,7;De 10 à 20 000 entrées;D;RDJP;C;176;102;30;54,7;15,3;24,2;5,9;96;87,5
627;55 342;34 653;ANEMONE MONTELIMAR CINEMA LES SEPT NEFS;15,3;44.560981;4.749382;271071;AUVERGNE / RHONE-ALPES;26198;40639;26;551;Montélimar;59051;05-Unités urbaines de 20 000 à 100 000 hbts;7;32;5 712;59,7;De 50 à 80 000 entrées;NON;;C;105;94;93;35,8;51,8;10,1;2,2;24;9,4
662;70 762;43 446;CINE 2000;18,2;46.338813;2.602249;274201;AUVERGNE / RHONE-ALPES;3185;36015;3;3501;Montluçon;56043;05-Unités urbaines de 20 000 à 100 000 hbts;5;32;3 751;62,9;De 50 à 80 000 entrées;NON;;C;133;120;83;44,9;43,1;11,3;0,6;34;7,6
171;2 249;1 742;UNION REG FEDERATIONS OEUVRES LAIQUES AUVERGNE RHONE ALPES;47;45.85006;5.057372;274272;AUVERGNE / RHONE-ALPES;1262;7010;1;758;Lyon;1696765;04-Unités urbaines de 100 000 hbts ou plus;1;26;82;29,1;De 2 à 5 000 entrées;NON;;B;64;53;0;76,4;15,4;8,2;0;25;40,3
158;4 341;3 612;VILLE DE MONTMELIAN                                             ;57,7;45.500407;6.048642;274543;AUVERGNE / RHONE-ALPES;73171;4173;73;73202;Montmélian;6026;06-autres communes et unités urbaines;1;28;172;20,2;De 2 à 5 000 entrées;E;;C;95;68;0;74,6;18,6;4,8;2;42;47,2
429;10 021;1 378;LE NAVIRE;77,8;44.794674;4.937598;274900;AUVERGNE / RHONE-ALPES;26208;1969;26;0;Zone rurale;14862638;04-Unités urbaines de 100 000 hbts ou plus;1;5;65;627,2;De 10 à 20 000 entrées;NON;;R;45;24;4;81,8;2,2;16;0;20;72,1
165;6 786;6 302;GRAND ECRAN                                                     ;84,1;44.495224;4.20018;275460;AUVERGNE / RHONE-ALPES;7189;313;7;0;Zone rurale;14862638;04-Unités urbaines de 100 000 hbts ou plus;1;31;215;7,7;De 5 à 10 000 entrées;E;JP;R;124;73;6;73,2;8,7;16,2;1,9;61;82,1
315;1 736;2 246;SOCIETE ANONYME COOPERATIVE MONTRICHER ALBANNE COOP;9,5;45.22819;6.404581;276361;AUVERGNE / RHONE-ALPES;73173;484;73;0;Zone rurale;14862638;04-Unités urbaines de 100 000 hbts ou plus;1;9;74;-22,7;Moins de 2000 entrées;NON;;R;38;38;22;48,6;37,8;13,6;0;4;6,3
291;2 672;2 829;DAVOINE ET COMPAGNIE;19,8;45.62746;6.848058;277331;AUVERGNE / RHONE-ALPES;73176;711;73;0;Zone rurale;14862638;04-Unités urbaines de 100 000 hbts ou plus;2;14;242;-5,5;De 2 à 5 000 entrées;NON;;R;74;69;11;48,6;40,6;10,8;0;19;9
161;10 881;6 971;DEFRANCE GILBERT ALPHONSE ALEXANDRE;21;45.676633;5.469622;277851;AUVERGNE / RHONE-ALPES;38261;4570;38;38302;Morestel;16875;06-autres communes et unités urbaines;1;32;453;56,1;De 10 à 20 000 entrées;E;JP;C;99;86;6;45,3;43,6;10,6;0,6;29;13,6
308;7 347;4 973;SOCIETE D'EXPLOITATION DE SPECTACLES;13;46.523212;6.020616;277940;BOURGOGNE / FRANCHE-COMTE;39368;5582;39;39202;Morez;7956;06-autres communes et unités urbaines;2;29;718;47,7;De 5 à 10 000 entrées;E;;C;120;110;49;39,3;47;12,7;1;29;10,1
298;13 801;12 145;COMMUNAUTE DE COMMUNES DU PAYS MORNANTAIS;54,3;45.616568;4.675055;278432;AUVERGNE / RHONE-ALPES;69141;6219;69;69205;Mornant;6219;06-autres communes et unités urbaines;1;32;536;13,6;De 10 à 20 000 entrées;E;RDJPPR;C;132;107;1;66,8;17,3;13,4;2,5;63;53,4
120;7 387;5 284;COMMUNAUTE DE COMMUNES DU VAL DE MORTEAU;10,8;47.056013;6.605836;278802;BOURGOGNE / FRANCHE-COMTE;25411;7217;25;25204;Morteau;10537;06-autres communes et unités urbaines;1;29;447;39,8;De 5 à 10 000 entrées;NON;;C;58;54;5;46,9;46,7;6,1;0,3;11;10,8
340;5 013;4 740;MAISON DES JEUNES ET DE LA CULTURE DE MORTEAU;92;47.05651;6.604743;278805;BOURGOGNE / FRANCHE-COMTE;25411;7217;25;25204;Morteau;10537;06-autres communes et unités urbaines;1;28;233;5,8;De 5 à 10 000 entrées;E;;C;67;54;1;70,8;6,4;15,1;7,7;47;80,1
288;3 998;5 045;BAUCINE;7,8;46.179604;6.706652;279184;AUVERGNE / RHONE-ALPES;74191;2817;74;74114;Morzine;4629;06-autres communes et unités urbaines;1;16;158;-20,8;De 2 à 5 000 entrées;NON;;C;54;53;29;40,4;49,6;10;0;8;5,4
261;3 098;6 405;CINEMONDE;1,5;46.190882;6.776907;279192;AUVERGNE / RHONE-ALPES;74191;2817;74;74114;Morzine;4629;06-autres communes et unités urbaines;1;8;66;-51,6;De 2 à 5 000 entrées;NON;;C;28;28;17;45,9;46,3;7,8;0;1;1,1
1118;103 710;63 309;LES CINEMAS DE MOULINS                                          ;23,5;46.56427;3.339458;280653;AUVERGNE / RHONE-ALPES;3190;20117;3;3401;Moulins;39392;05-Unités urbaines de 20 000 à 100 000 hbts;9;32;10 075;63,8;De 100 à 150 000 entrées;D;RDJPPR;C;229;182;133;44,9;40,5;13,5;1,2;90;13,7
263;7 399;4 186;LES AMIS DU CINEMA;25,9;45.483587;6.527476;281723;AUVERGNE / RHONE-ALPES;73181;3968;73;73110;Moûtiers;4996;06-autres communes et unités urbaines;2;32;763;76,8;De 5 à 10 000 entrées;E;JP;C;148;128;7;43,5;37,9;15,9;2,7;53;24,6
100;4 577;3 754;COMMUNE DE MURAT;41,2;45.110108;2.86664;282922;AUVERGNE / RHONE-ALPES;15138;1954;15;15101;Murat;1954;06-autres communes et unités urbaines;1;31;358;21,9;De 2 à 5 000 entrées;E;JP;I;116;96;1;65,8;20,9;12,1;1,2;49;31,6
508;15 049;12 893;LA MURE CINEMA THEATRE;39,4;44.901927;5.786028;283051;AUVERGNE / RHONE-ALPES;38269;5138;38;38204;La Mure;6702;06-autres communes et unités urbaines;2;31;1 079;16,7;De 10 à 20 000 entrées;E;RDJPPR;C;154;134;0;55,7;32,8;9,6;1,8;69;28
298;12 591;9 056;P SERIGNAT ET COMPAGNIE;36,9;46.153678;5.603874;285872;AUVERGNE / RHONE-ALPES;1269;3544;1;1123;Nantua;4201;06-autres communes et unités urbaines;1;30;766;39;De 10 à 20 000 entrées;E;RDJPPR;C;180;141;8;53,9;32,3;12,5;1,3;65;33
269;21 212;13 665;REX CINEMA;23,9;45.87473;4.841744;289344;AUVERGNE / RHONE-ALPES;69143;7648;69;758;Lyon;1696765;04-Unités urbaines de 100 000 hbts ou plus;2;32;1 255;55,2;De 20 à 30 000 entrées;C;JP;B;88;78;38;59,8;31,5;8,5;0,2;33;18,1
1816;136 941;98 346;ETABLISSEMENTS IMBERDIS;21,8;46.989632;3.150328;289783;BOURGOGNE / FRANCHE-COMTE;58194;34353;58;58501;Nevers;58706;05-Unités urbaines de 20 000 à 100 000 hbts;10;32;8 732;39,2;De 100 à 150 000 entrées;D;JP;C;230;204;148;43,3;43;12,5;1,1;89;10,7
181;3 846;3 023;ASS EDUCA POPUL ARTS THEATRE NOIRETABL;25,2;45.8173155;3.7672235;292201;AUVERGNE / RHONE-ALPES;42159;1683;42;0;Zone rurale;14862638;04-Unités urbaines de 100 000 hbts ou plus;1;29;159;27,2;De 2 à 5 000 entrées;NON;;R;64;58;0;61,3;30,7;7,9;0;16;11,1
252;1 050;2 760;MAISON DES JEUNES ET DE LA CULTURE DE NUITS SAINT GEORGES;34,8;47.135748;4.94934;295122;BOURGOGNE / FRANCHE-COMTE;21464;5512;21;21204;Nuits-Saint-Georges;6026;06-autres communes et unités urbaines;1;6;76;-62;Moins de 2000 entrées;E;JP;C;22;18;1;41,1;44,4;13,4;1,1;7;31,7
284;27 906;21 881;REGAIN;58,8;44.360368;5.13899;295254;AUVERGNE / RHONE-ALPES;26220;6968;26;26202;Nyons;6968;06-autres communes et unités urbaines;2;31;1 449;27,5;De 20 à 30 000 entrées;E;RDJPPR;I;251;211;25;59,4;25;12,5;3;134;47,8
100;509;723;L IMAGE BUISSONNIERE;60;44.807704;4.628561;296921;AUVERGNE / RHONE-ALPES;7167;1011;7;0;Zone rurale;14862638;04-Unités urbaines de 100 000 hbts ou plus;1;17;31;-29,6;Moins de 2000 entrées;NON;;R;15;10;0;81,3;14,8;3,9;0;5;48,4
150;13 617;13 871;CENTRE DEPARTEMENTAL DE PROMOTION DU CINEMA                     ;58,7;46.174778;6.496059;297601;AUVERGNE / RHONE-ALPES;74205;1338;74;0;Zone rurale;14862638;04-Unités urbaines de 100 000 hbts ou plus;1;32;434;-1,8;De 10 à 20 000 entrées;E;RDJPPR;R;181;129;1;68,5;19,4;9,6;2,4;79;51,8
153;8 661;6 372;COMMUNE D'ORNANS;14,8;47.106949;6.144394;299281;BOURGOGNE / FRANCHE-COMTE;25434;4530;25;25110;Ornans;4530;06-autres communes et unités urbaines;1;32;802;35,9;De 5 à 10 000 entrées;E;JP;I;88;73;16;55,8;30,5;12,5;1,1;18;10,4
164;7 586;6 493;COMMUNE D OYONNAX;74,8;46.255796;5.651795;301624;AUVERGNE / RHONE-ALPES;1283;22808;1;1401;Oyonnax;34017;05-Unités urbaines de 20 000 à 100 000 hbts;2;29;835;16,8;De 5 à 10 000 entrées;D;RDJP;C;148;113;43;67,5;11,7;18,9;2;88;69
479;29 272;17 707;COMMUNE D OYONNAX;12,3;46.258908;5.655149;301633;AUVERGNE / RHONE-ALPES;1283;22808;1;1401;Oyonnax;34017;05-Unités urbaines de 20 000 à 100 000 hbts;3;32;1 456;65,3;De 20 à 30 000 entrées;NON;;C;94;86;68;30,5;52,9;15,2;1,3;15;5
148;4 480;3 480;ASSOCIATION CINEMA PANISSIERES;29,9;45.792194;4.341577;303122;AUVERGNE / RHONE-ALPES;42165;2997;42;42101;Panissières;2997;06-autres communes et unités urbaines;1;26;176;28,7;De 2 à 5 000 entrées;E;;I;80;67;0;70,2;22,7;6,2;0,9;23;19,1
513;31 896;15 576;PARAY-LE-MONIAL CULTURE;18,3;46.449057;4.116424;303475;BOURGOGNE / FRANCHE-COMTE;71342;9637;71;71205;Paray-le-Monial;9637;06-autres communes et unités urbaines;3;31;2 880;104,8;De 30 à 40 000 entrées;E;;I;173;145;81;47;42,9;9,5;0,7;50;9,3
360;28 610;15 805;UNION REG FEDERATIONS OEUVRES LAIQUES AUVERGNE RHONE ALPES;15,2;45.371031;4.797096;305632;AUVERGNE / RHONE-ALPES;38298;6648;38;556;Vienne;97103;05-Unités urbaines de 20 000 à 100 000 hbts;3;32;1 767;81;De 20 à 30 000 entrées;D;JP;B;122;105;39;31,4;54,4;11,9;2,4;32;7,8
164;12 000;9 252;COMMUNAUTE DE COMMUNES DU PILAT RHODANIEN                       ;50,8;45.418565;4.675401;306243;AUVERGNE / RHONE-ALPES;42168;3851;42;42108;Pélussin;4837;06-autres communes et unités urbaines;1;30;424;29,7;De 10 à 20 000 entrées;E;JPPR;C;125;98;2;61,8;24,1;13,1;1;56;39,3
88;4 245;4 372;COMMUNE DE PIERRE BENITE;51,3;45.703741;4.823295;310542;AUVERGNE / RHONE-ALPES;69152;10522;69;758;Lyon;1696765;04-Unités urbaines de 100 000 hbts ou plus;1;26;433;-2,9;De 2 à 5 000 entrées;C;JPPR;B;142;105;5;61,5;24,5;13,9;0,1;54;54,9
291;18 692;12 489;LE NAVIRE;12,4;44.376008;4.701762;310925;AUVERGNE / RHONE-ALPES;26235;13713;26;26301;Pierrelatte;13713;06-autres communes et unités urbaines;2;32;1 064;49,7;De 10 à 20 000 entrées;E;JP;I;112;101;46;30,4;56,4;13,1;0,1;22;7,7
350;80;154;LE PRE BOURGES;0;45.133956;2.227009;313704;AUVERGNE / RHONE-ALPES;15153;1511;15;0;Zone rurale;14862638;04-Unités urbaines de 100 000 hbts ou plus;1;1;3;-48,1;Moins de 2000 entrées;NON;;R;3;2;0;100;0;0;0;0;0
212;13 663;8 548;LES ECRANS FRANCOMTOIS                                          ;15,2;46.836349;5.702889;317613;BOURGOGNE / FRANCHE-COMTE;39434;4409;39;39107;Poligny;4409;06-autres communes et unités urbaines;1;32;687;59,8;De 10 à 20 000 entrées;E;JP;I;111;95;37;50;40,9;8,9;0,2;33;12,2
100;5 937;5 731;CENTRE DE COORDINATION DES MONTS DU LYONNAIS;22,8;45.640438;4.467393;317831;AUVERGNE / RHONE-ALPES;69155;1172;69;0;Zone rurale;14862638;04-Unités urbaines de 100 000 hbts ou plus;1;24;275;3,6;De 5 à 10 000 entrées;NON;;R;36;24;0;54,8;41,7;3,5;0;5;15,2
50;8 799;12 035;UNION DEPARTEMENTALE MAISON DES JEUNES & DE LA CULTURE COTE D OR;33,3;47.306004;5.410506;318612;BOURGOGNE / FRANCHE-COMTE;21496;1322;21;0;Zone rurale;14862638;04-Unités urbaines de 100 000 hbts ou plus;1;23;214;-26,9;De 5 à 10 000 entrées;E;JP;R;32;22;0;64,4;29,2;6,3;0;8;24,9
964;99 626;73 777;CINEMA OLYMPIA;18,2;46.901894;6.357637;318711;BOURGOGNE / FRANCHE-COMTE;25462;18288;25;25401;Pontarlier;23374;05-Unités urbaines de 20 000 à 100 000 hbts;6;32;4 749;35;De 80 à 100 000 entrées;D;;C;181;143;118;43,5;42,3;13,4;0,8;39;9,6
288;25 907;15 278;BOCCA BERNARD ALBERT;29,4;45.432083;6.020106;318981;AUVERGNE / RHONE-ALPES;38314;7547;38;270;Pontcharra;9707;06-autres communes et unités urbaines;1;32;577;69,6;De 20 à 30 000 entrées;E;JP;C;117;100;48;42,9;46,1;10,1;0,8;42;22
189;15 139;11 417;LE DIAMANT;18,1;45.53638;5.670755;319161;AUVERGNE / RHONE-ALPES;38315;3724;38;360;Le Pont-de-Beauvoisin;16792;06-autres communes et unités urbaines;2;30;753;32,6;De 10 à 20 000 entrées;NON;;C;135;114;15;48;39,2;12,9;0;32;11,6
749;62 578;38 470;CINEMA VARIETES;18;45.749757;5.175101;319302;AUVERGNE / RHONE-ALPES;38316;5919;38;38402;Charvieu-Chavagneux;28353;05-Unités urbaines de 20 000 à 100 000 hbts;5;32;3 654;62,7;De 50 à 80 000 entrées;D;;C;122;110;78;32,1;54;13,9;0,1;40;6,5
100;1 383;2 245;ASSOCIATION L UNION OUVRIERE AEP;54,5;47.383873;6.769949;319582;BOURGOGNE / FRANCHE-COMTE;25463;4230;25;25203;Pont-de-Roide;5679;06-autres communes et unités urbaines;1;22;121;-38,4;Moins de 2000 entrées;E;;C;33;28;1;68,8;1,7;29,5;0;16;32,8
117;3 965;3 845;LE TRAIN-THEATRE                                                ;56,4;44.874731;4.88233;321594;AUVERGNE / RHONE-ALPES;26252;10817;26;651;Valence;135540;04-Unités urbaines de 100 000 hbts ou plus;1;26;255;3,1;De 2 à 5 000 entrées;C;;B;53;42;1;73,5;14,2;9,2;3,1;28;37,8
300;4 077;5 346;SCENI QUA NON;46,4;47.184077;3.945032;322721;BOURGOGNE / FRANCHE-COMTE;58205;608;58;0;Zone rurale;14862638;04-Unités urbaines de 100 000 hbts ou plus;1;28;298;-23,7;De 2 à 5 000 entrées;E;JPPR;R;44;26;1;69,8;16;14,2;0;14;44,5
150;2 725;3 568;SOCIETE GESTION DES ACTIVITES TOURISTIQUES DE PRALOGNAN;15;45.381523;6.722351;324021;AUVERGNE / RHONE-ALPES;73206;738;73;0;Zone rurale;14862638;04-Unités urbaines de 100 000 hbts ou plus;1;14;133;-23,6;De 2 à 5 000 entrées;NON;;R;62;60;10;47,1;43,7;9,2;0;14;7
350;26 258;19 844;BAUCINE;41,7;44.734637;4.59441;326085;AUVERGNE / RHONE-ALPES;7186;8669;7;7301;Privas;15354;06-autres communes et unités urbaines;3;32;1 618;32,3;De 20 à 30 000 entrées;E;RDJPPR;C;204;166;42;50,6;34,5;13,2;1,7;94;34,3
1151;106 838;72 766;CINE DYKE;22,6;45.040387;3.886089;328244;AUVERGNE / RHONE-ALPES;43157;19940;43;43401;Le Puy-en-Velay;40123;05-Unités urbaines de 20 000 à 100 000 hbts;6;32;4 656;46,8;De 100 à 150 000 entrées;D;;C;164;135;106;45,5;42,2;11,3;1;45;11,9
2376;315 476;214 068;SAS DES CINEMAS DE QUETIGNY;14,1;47.311707;5.092506;329531;BOURGOGNE / FRANCHE-COMTE;21515;9671;21;21701;Dijon;250981;04-Unités urbaines de 100 000 hbts ou plus;12;32;11 114;47,4;De 300 à 450 000 entrées;NON;;B;188;162;135;34,6;49,3;15;1,1;51;7
200;10 106;9 647;CINEBUS;65,3;46.153096;6.238556;333751;AUVERGNE / RHONE-ALPES;74220;8235;74;652;Genève (SUI) - Annemasse (partie française);189489;04-Unités urbaines de 100 000 hbts ou plus;1;32;401;4,8;De 10 à 20 000 entrées;C;JP;B;102;71;1;79,6;11,5;6,2;2,7;52;65,3
100;4 107;1 906;CINE LUX;38,8;45.186514;4.029204;335751;AUVERGNE / RHONE-ALPES;43162;3017;43;0;Zone rurale;14862638;04-Unités urbaines de 100 000 hbts ou plus;1;32;182;115,5;De 2 à 5 000 entrées;E;;R;69;52;0;82,9;6,7;10,4;0;23;37,5
590;27 255;18 686;URFOL - CINE RILLIEUX;29,7;45.81862;4.904221;337784;AUVERGNE / RHONE-ALPES;69286;30783;69;758;Lyon;1696765;04-Unités urbaines de 100 000 hbts ou plus;3;32;2 273;45,9;De 20 à 30 000 entrées;C;;B;194;149;49;41,9;43,1;12,4;2,6;69;20,9
542;49 391;35 411;CINERIOM;26;45.894648;3.119978;338145;AUVERGNE / RHONE-ALPES;63300;19782;63;63401;Riom;34742;05-Unités urbaines de 20 000 à 100 000 hbts;3;32;3 135;39,5;De 40 à 50 000 entrées;D;;C;133;97;53;49;40,4;10,2;0,5;39;16,9
184;4 979;3 730;LE PRE BOURGES;31,7;45.281368;2.657031;338212;AUVERGNE / RHONE-ALPES;15162;2553;15;15102;Riom-ès-Montagnes;2553;06-autres communes et unités urbaines;1;28;194;33,5;De 2 à 5 000 entrées;E;;I;83;72;1;71,1;17,5;10,6;0,8;32;18,3
384;26 293;17 251;COMMUNE DE RIVE DE GIER;35,3;45.528846;4.614829;338461;AUVERGNE / RHONE-ALPES;42186;15228;42;753;Saint-Étienne;378916;04-Unités urbaines de 100 000 hbts ou plus;2;32;1 743;52,4;De 20 à 30 000 entrées;C;RDJPPR;B;189;145;34;54,5;35;8,8;1,8;72;22
429;24 894;24 683;CINE RIVAGE;97,2;46.038163;4.069538;338953;AUVERGNE / RHONE-ALPES;42187;34747;42;42502;Roanne;81644;05-Unités urbaines de 20 000 à 100 000 hbts;2;28;1 413;0,9;De 20 à 30 000 entrées;D;RDJPPR;C;129;94;34;83,3;3,2;10,1;3,4;91;93,5
1919;151 766;102 199;CINEMA LE MAJESTIC;13,3;46.037107;4.06479;339013;AUVERGNE / RHONE-ALPES;42187;34747;42;42502;Roanne;81644;05-Unités urbaines de 20 000 à 100 000 hbts;9;32;7 512;48,5;De 150 à 200 000 entrées;NON;;C;145;134;133;40,8;44,9;13,6;0,7;23;6,1
199;8 226;8 316;MJC DE LA ROCHE SUR FORON ET DU PAYS ROCHOIS;63,7;46.066503;6.314579;339254;AUVERGNE / RHONE-ALPES;74224;11516;74;74502;Cluses;92915;05-Unités urbaines de 20 000 à 100 000 hbts;1;31;336;-1,1;De 5 à 10 000 entrées;D;JP;C;83;58;0;64,5;14,7;20,5;0,3;38;57,6
350;2 620;2 173;COMMUNE DE ROCHE LA MOLIERE;13;45.434822;4.32352;339810;AUVERGNE / RHONE-ALPES;42189;9916;42;753;Saint-Étienne;378916;04-Unités urbaines de 100 000 hbts ou plus;1;22;41;20,6;De 2 à 5 000 entrées;NON;;B;30;22;0;70,4;24,6;5;0;3;12,4
1069;76 789;50 350;SOCIETE ROMANAISE CINEMATOGRAPHIQUE;18;45.045939;5.054595;341752;AUVERGNE / RHONE-ALPES;26281;33839;26;26501;Romans-sur-Isère;58222;05-Unités urbaines de 20 000 à 100 000 hbts;8;32;4 943;52,5;De 50 à 80 000 entrées;NON;;C;145;131;123;40,4;47;12,4;0,3;33;10,2
434;14 346;11 861;SOCIETE ROMANAISE CINEMATOGRAPHIQUE;89,3;45.046219;5.050587;341771;AUVERGNE / RHONE-ALPES;26281;33839;26;26501;Romans-sur-Isère;58222;05-Unités urbaines de 20 000 à 100 000 hbts;3;29;1 270;21;De 10 à 20 000 entrées;D;JP;C;91;66;53;67,6;15,6;13,9;2,9;56;92,6
352;12 160;8 555;AEP JEAN BECQUE;38,4;44.482369;4.255896;343491;AUVERGNE / RHONE-ALPES;7199;1244;7;7402;Aubenas;43339;05-Unités urbaines de 20 000 à 100 000 hbts;2;32;1 099;42,1;De 10 à 20 000 entrées;D;;B;194;176;4;54,8;31,8;12,9;0,6;80;26,6
291;11 068;9 526;MODERNE CINEMA;14,1;46.484074;6.058293;345631;BOURGOGNE / FRANCHE-COMTE;39470;3721;39;0;Zone rurale;14862638;04-Unités urbaines de 100 000 hbts ou plus;2;30;1 015;16,2;De 10 à 20 000 entrées;E;;R;133;116;50;42,9;43,4;13,1;0,6;39;9,1
516;41 836;25 927;ECRANS POUR TOUS;25,1;45.85878;5.957306;347732;AUVERGNE / RHONE-ALPES;74225;15742;74;74302;Rumilly;17786;06-autres communes et unités urbaines;3;32;1 968;61,4;De 40 à 50 000 entrées;E;RDJP;C;172;148;73;41,9;45,3;11,9;0,9;64;13,4
199;5 180;3 894;UNION REG FEDERATIONS OEUVRES LAIQUES AUVERGNE RHONE ALPES;59,7;45.809747;4.596802;349322;AUVERGNE / RHONE-ALPES;69171;2388;69;69303;L'Arbresle;21387;05-Unités urbaines de 20 000 à 100 000 hbts;1;23;117;33;De 5 à 10 000 entrées;D;;B;86;66;0;69,5;10,4;18,1;2;41;46,9
149;470;408;PANORAMIC 21                                                    ;35;47.620428;4.88235;350390;BOURGOGNE / FRANCHE-COMTE;21579;206;21;0;Zone rurale;14862638;04-Unités urbaines de 100 000 hbts ou plus;1;23;23;15,2;Moins de 2000 entrées;NON;;R;23;20;0;88,1;9;2,9;0;7;29
1554;134 374;118 198;CINE MONT-BLANC;25,6;45.944805;6.630005;350414;AUVERGNE / RHONE-ALPES;74256;17004;74;462;Sallanches;46501;05-Unités urbaines de 20 000 à 100 000 hbts;10;32;9 278;13,7;De 100 à 150 000 entrées;D;;C;223;196;161;40;43,8;15;1,2;80;14,4
304;4 977;4 653;CINEMONDE;11,9;46.0819758;6.727133399999957;351441;AUVERGNE / RHONE-ALPES;74258;2531;74;74110;Samoëns;3998;06-autres communes et unités urbaines;1;26;153;7;De 2 à 5 000 entrées;NON;;C;74;66;31;38,1;49,5;12,4;0;14;5,3
151;7 606;5 051;ASSOCIATION CINEMA THEATRE EXPRESSION SEDELOCIEN;30,7;47.280282;4.229497;354301;BOURGOGNE / FRANCHE-COMTE;21584;2493;21;21104;Saulieu;2493;06-autres communes et unités urbaines;1;32;389;50,6;De 5 à 10 000 entrées;E;JP;I;134;109;0;54,2;34,4;11,1;0,3;38;20,8
124;8 773;6 929;ASSOCIATION L' OEIL ECOUTE;63,4;47.49215;4.334794;359082;BOURGOGNE / FRANCHE-COMTE;21603;4484;21;21109;Semur-en-Auxois;4484;06-autres communes et unités urbaines;1;32;472;26,6;De 5 à 10 000 entrées;E;RDJPPR;I;143;121;4;67,7;17,8;11,6;3;80;47,1
277;10 680;10 080;AUDITORIUM DE SEYNOD;52,3;45.889595;6.101037;362651;AUVERGNE / RHONE-ALPES;74010;131481;74;74601;Annecy;177543;04-Unités urbaines de 100 000 hbts ou plus;1;25;362;6;De 10 à 20 000 entrées;C;JP;C;133;101;1;53;30;12,4;4,6;57;35,5
128;3 247;2 378;BOUET JORDA LAURENCE ET JEAN-MICHEL;23,6;45.95807;5.835541;362693;AUVERGNE / RHONE-ALPES;74269;2414;74;164;Seyssel;4734;06-autres communes et unités urbaines;1;30;155;36,5;De 2 à 5 000 entrées;NON;;C;90;72;0;48,8;38,5;10,3;2,3;24;16,1
280;15 606;12 783;CINEBUS;62,8;45.941027;6.035993;363480;AUVERGNE / RHONE-ALPES;74272;5477;74;74601;Annecy;177543;04-Unités urbaines de 100 000 hbts ou plus;1;32;546;22,1;De 10 à 20 000 entrées;C;JPPR;B;128;69;1;66,3;17,6;15,1;1;47;58,7
100;7 501;5 640;CINE PARC;64,5;45.583013;3.621912;372341;AUVERGNE / RHONE-ALPES;63314;530;63;0;Zone rurale;14862638;04-Unités urbaines de 100 000 hbts ou plus;1;39;240;33;De 5 à 10 000 entrées;E;JP;R;50;28;0;77,7;14,4;2,8;5,1;18;59,2
100;612;779;RATAJCZYK FREDERIC;0;45.174031;5.218117;373599;AUVERGNE / RHONE-ALPES;38359;1192;38;0;Zone rurale;14862638;04-Unités urbaines de 100 000 hbts ou plus;1;6;7;-21,4;Moins de 2000 entrées;NON;;R;7;0;0;0;0;0;0;0;0
145;7 817;6 040;COMMUNAUTE DE COMMUNES DE SAINT BONNET LE CHATEAU;48;45.421496;4.064272;376842;AUVERGNE / RHONE-ALPES;42204;1564;42;0;Zone rurale;14862638;04-Unités urbaines de 100 000 hbts ou plus;1;32;737;29,4;De 5 à 10 000 entrées;E;RDJPPR;R;168;144;6;60,1;27,1;10,6;2,3;87;27,6
419;18 019;11 662;ASSOCIATION LA FRATERNELLE;37,4;46.387715;5.86346;379403;BOURGOGNE / FRANCHE-COMTE;39478;9345;39;39302;Saint-Claude;9979;06-autres communes et unités urbaines;3;32;1 816;54,5;De 10 à 20 000 entrées;E;RDJPPR;C;215;177;45;44,2;41,9;12,5;1,4;102;24,4
232;4 494;3 021;MAISON DES JEUNES ET DE LA CULTURE DU PAYS DE L'HERBASSE;47,6;45.122686;4.98172;382660;AUVERGNE / RHONE-ALPES;26301;4302;26;26104;Saint-Donat-sur-l'Herbasse;4302;06-autres communes et unités urbaines;1;32;206;48,8;De 2 à 5 000 entrées;E;JP;I;131;100;2;68,5;22,1;7,5;1,9;50;36,2
432;32 035;23 622;COMMUNE DE SAINT EGREVE;40;45.230283;5.681963;382760;AUVERGNE / RHONE-ALPES;38382;16018;38;38701;Grenoble;519681;04-Unités urbaines de 100 000 hbts ou plus;2;29;1 108;35,6;De 30 à 40 000 entrées;C;JP;B;176;157;39;51,9;37;10,3;0,7;85;30,3
2006;139 481;71 562;GAUMONT;13,6;45.441579;4.383999;383245;AUVERGNE / RHONE-ALPES;42218;175057;42;753;Saint-Étienne;378916;04-Unités urbaines de 100 000 hbts ou plus;10;32;10 354;94,9;De 100 à 150 000 entrées;NON;;C;132;118;114;29,4;55,6;13,5;1,5;25;6,7
477;21 466;18 962;AMIS DU BON CINEMA;90,6;45.43924;4.401579;383261;AUVERGNE / RHONE-ALPES;42218;175057;42;753;Saint-Étienne;378916;04-Unités urbaines de 100 000 hbts ou plus;2;29;1 621;13,2;De 20 à 30 000 entrées;A;RDJPPR;C;178;116;26;56,8;16;19,3;7,8;103;90,2
630;71 215;61 959;SOCIETE BRAYTOISE D EXPLOITATION CINEMATOGRAPHIQUE S.B.E.C.;92,2;45.441646;4.387294;383585;AUVERGNE / RHONE-ALPES;42218;175057;42;753;Saint-Étienne;378916;04-Unités urbaines de 100 000 hbts ou plus;4;32;4 261;14,9;De 50 à 80 000 entrées;A;RDJPPR;C;186;152;118;64,1;15,3;13,6;7;138;88,6
1640;87 159;53 783;ALLIANCE BOURGUIGNONNE CINEMATOGRAPHIQUE;14,2;45.4379;4.395893;383589;AUVERGNE / RHONE-ALPES;42218;175057;42;753;Saint-Étienne;378916;04-Unités urbaines de 100 000 hbts ou plus;10;32;9 307;62,1;De 80 à 100 000 entrées;NON;;C;140;118;104;30,8;53,5;13,6;2;26;7,2
950;94 644;63 807;VEO URFOL SAINT CHAMOND;23,6;45.472045;4.505391;383599;AUVERGNE / RHONE-ALPES;42207;35448;42;753;Saint-Étienne;378916;04-Unités urbaines de 100 000 hbts ou plus;6;32;5 235;48,3;De 80 à 100 000 entrées;C;JPPR;B;214;172;94;40,3;46,7;11,9;1,2;78;9,9
252;17 298;9 565;HAUTE AUVERGNE MEDIA;19;45.03382;3.095174;385491;AUVERGNE / RHONE-ALPES;15187;6907;15;15201;Saint-Flour;6907;06-autres communes et unités urbaines;2;32;792;80,8;De 10 à 20 000 entrées;E;RDJP;I;122;106;18;49,3;36,4;13,4;0,9;33;10,2
280;43 238;35 880;SON IMAGE RENCONTRES FIDESIENNES                                ;69,5;45.73594;4.79997;385823;AUVERGNE / RHONE-ALPES;69202;22535;69;758;Lyon;1696765;04-Unités urbaines de 100 000 hbts ou plus;2;32;1 602;20,5;De 40 à 50 000 entrées;C;RDJPPR;B;190;141;50;75,4;11;11,8;1,9;93;64,1
160;1 712;2 535;LE STAR;6,5;45.415068;6.357553;385941;AUVERGNE / RHONE-ALPES;73235;551;73;0;Zone rurale;14862638;04-Unités urbaines de 100 000 hbts ou plus;1;11;77;-32,5;Moins de 2000 entrées;NON;;R;42;42;18;40,8;45,4;13,7;0;4;2,1
202;13 375;8 880;ASS CINEMATOGRAPHIQUE BALDOMERIENNE;30,4;45.591253;4.316478;386192;AUVERGNE / RHONE-ALPES;42222;5881;42;42501;Saint-Just-Saint-Rambert;62819;05-Unités urbaines de 20 000 à 100 000 hbts;1;32;694;50,6;De 10 à 20 000 entrées;D;JP;B;163;140;13;59;25,9;13,9;1,1;56;15,5
204;632;310;ASS CINE LERPT;17,9;43.234582;3.107601;386782;AUVERGNE / RHONE-ALPES;42223;6230;42;753;Saint-Étienne;378916;04-Unités urbaines de 100 000 hbts ou plus;1;12;31;103,9;Moins de 2000 entrées;NON;;B;30;27;0;58,5;36,2;5,3;0;5;9,8
221;5 448;4 082;VILLE DE SAINT GENEST MALIFAUX                                  ;22,9;45.339698;4.414174;386792;AUVERGNE / RHONE-ALPES;42224;3036;42;0;Zone rurale;14862638;04-Unités urbaines de 100 000 hbts ou plus;1;30;163;33,5;De 5 à 10 000 entrées;E;;R;71;63;1;69,2;17,6;12,5;0,7;18;18,6
301;6 232;6 894;COMMUNE DE SAINT GENIS LAVAL;65,4;45.696745;4.795075;387142;AUVERGNE / RHONE-ALPES;69204;21498;69;758;Lyon;1696765;04-Unités urbaines de 100 000 hbts ou plus;1;25;248;-9,6;De 5 à 10 000 entrées;C;;B;85;65;0;78,6;12,9;8,5;0;42;59,7
147;5 065;5 014;ASSOCIATION CINEMA L'ATMOSPHERE;58,5;45.599999;5.633175;387191;AUVERGNE / RHONE-ALPES;73236;2990;73;167;Aoste;5924;06-autres communes et unités urbaines;1;29;410;1;De 5 à 10 000 entrées;E;JP;B;155;132;2;63,6;22,2;11,4;2,8;82;47,2
179;1 859;2 173;COMMUNE DE SAINT HONORE LES BAINS;70,2;46.905158;3.842831;391951;BOURGOGNE / FRANCHE-COMTE;58246;743;58;0;Zone rurale;14862638;04-Unités urbaines de 100 000 hbts ou plus;1;31;210;-14,5;Moins de 2000 entrées;E;PR;R;110;90;1;77,7;9,2;4,1;9,1;61;60,2
215;3 028;5 998;COMMUNE DE SAINT JEAN D'ARVES;12,1;45.214928;6.260483;392710;AUVERGNE / RHONE-ALPES;73242;279;73;0;Zone rurale;14862638;04-Unités urbaines de 100 000 hbts ou plus;1;12;152;-49,5;De 2 à 5 000 entrées;E;;R;73;71;12;41,2;46,1;12,7;0;13;6,2
285;6 757;4 792;L ECRAN SAINT JEANNAIS;36,2;45.501585;5.142493;392882;AUVERGNE / RHONE-ALPES;38399;4680;38;38123;Saint-Jean-de-Bournay;4680;06-autres communes et unités urbaines;1;32;245;41;De 5 à 10 000 entrées;E;JP;I;129;115;2;60,1;27,2;11,1;1,6;44;23,5
265;15 688;11 209;SNC GIPPA ET GILBERT;17;45.277364;6.348249;393293;AUVERGNE / RHONE-ALPES;73248;8043;73;73301;Saint-Jean-de-Maurienne;9737;06-autres communes et unités urbaines;1;32;813;40;De 10 à 20 000 entrées;NON;;C;136;116;93;40,5;43;15,1;1,4;39;9,3
92;3 564;2 579;CENTRE DEPARTEMENTAL DE PROMOTION DU CINEMA                     ;53,3;45.832006;6.161597;394522;AUVERGNE / RHONE-ALPES;74242;6059;74;74601;Annecy;177543;04-Unités urbaines de 100 000 hbts ou plus;1;31;122;38,2;De 2 à 5 000 entrées;C;;B;100;81;0;69;19;9,6;2,4;43;49,4
123;10 139;10 928;ALLONS AU CINEMA                                                ;72,8;46.144524;6.080637;395484;AUVERGNE / RHONE-ALPES;74243;15758;74;652;Genève (SUI) - Annemasse (partie française);189489;04-Unités urbaines de 100 000 hbts ou plus;1;30;582;-7,2;De 10 à 20 000 entrées;C;JP;B;170;136;3;63,8;16,2;15,8;4,2;104;69,8
200;843;1 025;ASSOCIATION DU CINEMA LE FOYER                                  ;78,6;45.319731;4.616216;395720;AUVERGNE / RHONE-ALPES;42246;1157;42;0;Zone rurale;14862638;04-Unités urbaines de 100 000 hbts ou plus;1;16;29;-17,8;Moins de 2000 entrées;NON;;R;23;13;0;53,2;11,6;25,1;10,2;10;79,9
178;1 657;723;CINE RUBAN;17,9;45.340205;4.313068;396242;AUVERGNE / RHONE-ALPES;43205;4268;43;43103;Saint-Just-Malmont;4268;06-autres communes et unités urbaines;1;22;66;129,2;Moins de 2000 entrées;NON;;I;36;28;1;57,3;31,7;11;0;6;9,9
1277;157 839;106 075;FAMILY CINEMA;24,9;45.51246;4.263395;396275;AUVERGNE / RHONE-ALPES;42279;15312;42;42501;Saint-Just-Saint-Rambert;62819;05-Unités urbaines de 20 000 à 100 000 hbts;7;32;6 102;48,8;De 150 à 200 000 entrées;D;PR;C;207;167;126;43,9;42,3;13,2;0,6;65;9,8
187;6 753;4 072;ASSOCIATION CULTURE ET LOISIRS CINEMA LE CARTUS;26,8;45.388247;5.73148;397231;AUVERGNE / RHONE-ALPES;38412;4622;38;38124;Saint-Laurent-du-Pont;4622;06-autres communes et unités urbaines;1;32;311;65,8;De 5 à 10 000 entrées;E;JP;I;108;93;3;44,9;43,1;10,7;1,3;30;18,8
330;20 905;14 040;RATAJCZYK FREDERIC;28,4;45.155481;5.318377;400305;AUVERGNE / RHONE-ALPES;38416;7970;38;38401;Saint-Marcellin;21459;05-Unités urbaines de 20 000 à 100 000 hbts;2;32;1 050;48,9;De 20 à 30 000 entrées;D;;C;167;154;73;52,5;34,7;12,1;0,7;63;19,8
180;1 646;1 501;FORUM INTERNATIONAL;15,9;45.295246;6.58263;402242;AUVERGNE / RHONE-ALPES;73257;3620;73;0;Zone rurale;14862638;04-Unités urbaines de 100 000 hbts ou plus;1;16;158;9,7;Moins de 2000 entrées;NON;;R;77;72;14;36,9;51,2;11,9;0;17;5,3
344;2 867;3 316;DAVOINE EVELYNE;12,5;45.323346;6.538468;402243;AUVERGNE / RHONE-ALPES;73257;3620;73;0;Zone rurale;14862638;04-Unités urbaines de 100 000 hbts ou plus;2;13;268;-13,5;De 2 à 5 000 entrées;NON;;R;67;65;14;37,3;49,3;13,3;0;13;3,4
290;2 190;2 645;AGORA CINEMAS;11,5;45.323346;6.538468;402249;AUVERGNE / RHONE-ALPES;73257;3620;73;0;Zone rurale;14862638;04-Unités urbaines de 100 000 hbts ou plus;1;14;138;-17,2;De 2 à 5 000 entrées;NON;;R;62;58;14;49,2;40,2;10,4;0,2;12;3,5
25;5 533;3 832;ECRAN VAGABOND DU TRIEVES;49,7;44.833366;5.59397;402431;AUVERGNE / RHONE-ALPES;38419;191;38;0;Zone rurale;14862638;04-Unités urbaines de 100 000 hbts ou plus;1;28;256;44,4;De 5 à 10 000 entrées;E;JP;R;55;36;0;84,6;6,9;8,5;0;18;49,8
140;14 337;10 536;CENTRE CULTUREL DE SAINT MARTIN D'HERES;80,9;45.185764;5.747373;403281;AUVERGNE / RHONE-ALPES;38421;38666;38;38701;Grenoble;519681;04-Unités urbaines de 100 000 hbts ou plus;1;23;590;36,1;De 10 à 20 000 entrées;C;RDJP;B;119;87;7;56,4;17,6;19,7;6,3;68;75,2
299;34 740;30 654;CINEMA PARADISO;34,1;45.660214;4.558851;403681;AUVERGNE / RHONE-ALPES;69227;4074;69;69105;Saint-Martin-en-Haut;4074;06-autres communes et unités urbaines;2;32;2 077;13,3;De 30 à 40 000 entrées;E;RDJPPR;I;253;218;76;53,3;32,1;14;0,7;115;21,1
187;4 601;3 365;CINEMA ET CULTURE MAURIENNE;42,6;45.21706;6.474053;406333;AUVERGNE / RHONE-ALPES;73261;2746;73;73104;Saint-Michel-de-Maurienne;3099;06-autres communes et unités urbaines;1;32;342;36,7;De 2 à 5 000 entrées;E;JP;C;150;125;0;56,4;28,9;13,2;1,5;60;28,3
159;12 533;8 740;LE NAVIRE;31,6;44.353475;4.739599;409903;AUVERGNE / RHONE-ALPES;26324;9283;26;26203;Saint-Paul-Trois-Châteaux;10730;06-autres communes et unités urbaines;1;32;715;43,4;De 10 à 20 000 entrées;E;JP;C;166;131;15;47,7;37,4;13,7;1,1;61;22,2
264;2 405;1 534;COMMUNAUTE DE COMMUNES SAINT POURCAIN SIOULE LIMAGNE;33;46.307498;3.289943;412532;AUVERGNE / RHONE-ALPES;3254;5300;3;3201;Saint-Pourçain-sur-Sioule;5300;06-autres communes et unités urbaines;1;25;219;56,8;De 2 à 5 000 entrées;NON;;I;80;70;1;72,1;13,5;14,4;0;26;15,5
395;29 421;20 639;UNION REG FEDERATIONS OEUVRES LAIQUES AUVERGNE RHONE ALPES;21,3;45.694405;4.936379;412623;AUVERGNE / RHONE-ALPES;69290;46784;69;758;Lyon;1696765;04-Unités urbaines de 100 000 hbts ou plus;2;32;1 630;42,6;De 20 à 30 000 entrées;C;JP;B;134;102;46;32,5;56,2;10,3;1;41;10,1
208;5 824;4 613;CIN'ETOILES;40,9;45.24015;4.233176;416701;AUVERGNE / RHONE-ALPES;43224;6059;43;43203;Sainte-Sigolène;8395;06-autres communes et unités urbaines;1;32;302;26,3;De 5 à 10 000 entrées;E;JP;C;120;104;1;61,3;24,8;11,8;2;49;20,8
376;9 717;6 437;ASS EDUCATION POPULAIRE CINEMA LE FOYER;33,9;45.629307;4.452451;418121;AUVERGNE / RHONE-ALPES;69238;3782;69;69103;Saint-Symphorien-sur-Coise;3782;06-autres communes et unités urbaines;2;32;627;51;De 5 à 10 000 entrées;E;JP;I;150;134;7;58,1;28,9;11,4;1,6;57;17,7
354;30 066;20 727;ASSOCIATION DIFFUSION EXPLOITATION CINEMATOGRAPHIQUE SUD EST;25,6;45.176008;4.816127;419082;AUVERGNE / RHONE-ALPES;26333;4089;26;269;Saint-Vallier;9564;06-autres communes et unités urbaines;2;32;1 404;45,1;De 30 à 40 000 entrées;E;JPPR;C;165;138;34;42,7;46,3;10,3;0,7;63;13,3
150;952;1 353;AMIS DU BON CINEMA;33,3;45.474022;4.380177;421203;AUVERGNE / RHONE-ALPES;42275;6187;42;753;Saint-Étienne;378916;04-Unités urbaines de 100 000 hbts ou plus;1;9;16;-29,6;Moins de 2000 entrées;NON;;B;12;3;0;33,3;66,7;0;0;1;33,3
277;3 831;3 304;COMMUNE DE LA TALAUDIERE;42,4;45.482487;4.429981;421204;AUVERGNE / RHONE-ALPES;42305;7031;42;753;Saint-Étienne;378916;04-Unités urbaines de 100 000 hbts ou plus;1;26;124;16;De 2 à 5 000 entrées;NON;;B;93;82;0;66,4;21,5;11,6;0,4;40;28
357;22 061;14 275;CINEMA MARIVAUX;26,5;45.898249;4.4318;421911;AUVERGNE / RHONE-ALPES;69243;10861;69;69302;Tarare;17686;06-autres communes et unités urbaines;2;32;1 066;54,5;De 20 à 30 000 entrées;E;RDJP;C;137;121;31;44,4;42,1;11,9;1,5;52;14,5
245;18 245;13 772;ASSOCIATION DIFFUSION EXPLOITATION CINEMATOGRAPHIQUE SUD EST;56,9;45.761019;4.761288;422432;AUVERGNE / RHONE-ALPES;69244;22759;69;758;Lyon;1696765;04-Unités urbaines de 100 000 hbts ou plus;1;29;545;32,5;De 10 à 20 000 entrées;C;JP;B;127;102;6;68,7;21,2;8,5;1,6;62;43,9
189;14 518;10 444;ASSOCIATION CINEBOL;45,3;44.550873;4.681776;423061;AUVERGNE / RHONE-ALPES;7319;9007;7;551;Montélimar;59051;05-Unités urbaines de 20 000 à 100 000 hbts;2;29;1 260;39;De 10 à 20 000 entrées;D;RDJP;B;203;154;19;52,9;27,5;17;2,6;86;41,7
172;5 444;4 107;CINE TENCE                                                      ;29,8;45.114054;4.290647;423422;AUVERGNE / RHONE-ALPES;43244;3140;43;43102;Tence;3140;06-autres communes et unités urbaines;1;30;295;32,6;De 5 à 10 000 entrées;E;;I;115;88;1;47,4;33,2;15,7;3,6;31;15,9
341;9 511;6 341;THIERS CINEMA;41;45.855676;3.547437;425783;AUVERGNE / RHONE-ALPES;63430;12142;63;63303;Thiers;14313;06-autres communes et unités urbaines;3;32;1 008;50;De 5 à 10 000 entrées;E;;C;88;72;12;69,7;22,3;7,6;0,5;31;31,6
333;4 258;1 497;CINEMELIE;29,5;46.030249;4.313447;426533;AUVERGNE / RHONE-ALPES;69248;6153;69;69203;Thizy;6153;06-autres communes et unités urbaines;2;30;576;184,4;De 2 à 5 000 entrées;E;;I;107;91;7;70,5;22,2;6,8;0,5;33;15,6
193;1 085;1 629;SOCIETE DES CINEMAS DU CHABLAIS;7,5;46.389621;6.718783;426761;AUVERGNE / RHONE-ALPES;74279;836;74;0;Zone rurale;14862638;04-Unités urbaines de 100 000 hbts ou plus;1;11;108;-33,4;Moins de 2000 entrées;NON;;R;33;32;0;43,8;43,2;13;0;5;3,9
189;10 759;4 908;ASSOCIATION EDUCATIVE ARTS LOISIRS;29,3;45.881671;6.325794;426831;AUVERGNE / RHONE-ALPES;74280;6890;74;74205;Thônes;10629;06-autres communes et unités urbaines;1;32;311;119,2;De 10 à 20 000 entrées;E;;C;96;76;33;62,1;19,6;17,6;0,6;31;37,2
412;19 954;15 146;BAUCINE;93,6;46.369762;6.481305;426921;AUVERGNE / RHONE-ALPES;74281;36383;74;74501;Thonon-les-Bains;80255;05-Unités urbaines de 20 000 à 100 000 hbts;3;32;2 248;31,7;De 10 à 20 000 entrées;D;;C;121;97;74;77,1;11,1;7,4;4,3;83;92,3
1393;161 808;112 854;CINE LEMAN;10,6;46.352812;6.468439;426924;AUVERGNE / RHONE-ALPES;74281;36383;74;74501;Thonon-les-Bains;80255;05-Unités urbaines de 20 000 à 100 000 hbts;8;32;7 414;43,4;De 150 à 200 000 entrées;NON;;C;146;125;123;33,2;49,3;16,3;1,2;19;6,5
114;4 103;7 037;ASSOCIATION DU CINEMA LE PARNAL;72,8;45.99595;6.239124;427042;AUVERGNE / RHONE-ALPES;74282;9564;74;0;Zone rurale;14862638;04-Unités urbaines de 100 000 hbts ou plus;1;32;188;-41,7;De 2 à 5 000 entrées;E;JP;R;60;41;0;73,7;12,7;10,5;3,2;30;65,5
282;5 558;6 856;MONTAGNE CINE AUDIO;14,2;45.456559;6.900294;428103;AUVERGNE / RHONE-ALPES;73296;2076;73;0;Zone rurale;14862638;04-Unités urbaines de 100 000 hbts ou plus;2;20;347;-18,9;De 5 à 10 000 entrées;NON;;R;95;93;29;38,2;47,5;14,3;0;20;4,7
208;14 729;8 849;VILLE DE LA TOUR DU PIN                                         ;24,1;45.562468;5.444145;431023;AUVERGNE / RHONE-ALPES;38509;8343;38;38304;La Tour-du-Pin;22951;05-Unités urbaines de 20 000 à 100 000 hbts;1;32;671;66,4;De 10 à 20 000 entrées;D;;C;140;116;28;54,7;37;8;0,3;45;16,1
285;15 437;10 256;ASSOCIATION RHONE COMMUNICATIONS;24,8;45.065738;4.834751;431551;AUVERGNE / RHONE-ALPES;7324;11113;7;457;Tournon-sur-Rhône;31637;05-Unités urbaines de 20 000 à 100 000 hbts;2;31;715;50,5;De 10 à 20 000 entrées;D;JP;C;96;73;11;53,2;36,6;10,2;0;26;19,1
219;9 550;7 818;FOURNIER CHRISTOPHE CINEMA;50,4;46.562498;4.912313;431604;BOURGOGNE / FRANCHE-COMTE;71543;5861;71;71202;Tournus;5861;06-autres communes et unités urbaines;1;30;485;22,2;De 5 à 10 000 entrées;E;RDJPPR;I;130;87;0;65,1;19,1;12,7;3,1;54;53,4
106;6 448;4 999;IMA 3;30,5;45.297176;5.483039;436962;AUVERGNE / RHONE-ALPES;38517;7841;38;38206;Tullins;9057;06-autres communes et unités urbaines;1;27;361;29;De 5 à 10 000 entrées;E;JP;C;86;80;1;58,8;30,5;10,8;0;31;31,4
615;33 024;20 944;LES AMIS DU CINEMA;22,6;45.754303;6.417593;437401;AUVERGNE / RHONE-ALPES;73303;7364;73;73203;Ugine;9074;06-autres communes et unités urbaines;2;32;1 583;57,7;De 30 à 40 000 entrées;E;RDJP;C;126;108;74;37,5;47,3;14,8;0,4;41;12,7
377;11 262;7 643;COMMUNE D UNIEUX;23,5;45.396194;4.281269;437674;AUVERGNE / RHONE-ALPES;42316;8488;42;753;Saint-Étienne;378916;04-Unités urbaines de 100 000 hbts ou plus;1;24;670;47,4;De 10 à 20 000 entrées;NON;;B;95;76;7;51,4;37,1;11,5;0;24;9,2
241;5 031;4 905;ASSOCIATION LA VAILLANTE CINEMA PAX                             ;28,6;47.148814;6.343241;439583;BOURGOGNE / FRANCHE-COMTE;25578;5787;25;25114;Valdahon;5787;06-autres communes et unités urbaines;1;32;202;2,6;De 5 à 10 000 entrées;E;;I;95;84;0;57,1;32,6;9;1,3;25;17
156;4 233;4 363;MC4  DISTRIBUTION;22,8;45.44673400000001;6.975815000000011;439745;AUVERGNE / RHONE-ALPES;73304;1623;73;0;Zone rurale;14862638;04-Unités urbaines de 100 000 hbts ou plus;1;28;245;-3;De 2 à 5 000 entrées;NON;;R;127;119;22;49,2;36,9;13,7;0,3;37;13,4
739;49 751;45 349;LE NAVIRE;97,9;44.93274;4.89523;439941;AUVERGNE / RHONE-ALPES;26362;66121;26;651;Valence;135540;04-Unités urbaines de 100 000 hbts ou plus;5;31;4 188;9,7;De 40 à 50 000 entrées;B;RDJPPR;C;173;131;119;66;14;13,3;6,7;125;98,4
377;14 541;12 612;LUX SCENE NATIONALE DE VALENCE;90,3;44.930191;4.893946;439942;AUVERGNE / RHONE-ALPES;26362;66121;26;651;Valence;135540;04-Unités urbaines de 100 000 hbts ou plus;2;30;914;15,3;De 10 à 20 000 entrées;B;JPPR;C;95;40;24;58,8;10,8;26,4;3,9;34;95,5
2343;259 752;177 204;PATHE VALENCE                                                   ;14,2;44.933197;4.901186;439990;AUVERGNE / RHONE-ALPES;26362;66121;26;651;Valence;135540;04-Unités urbaines de 100 000 hbts ou plus;12;32;11 577;46,6;De 200 à 300 000 entrées;NON;;C;170;149;144;33,9;50,1;14,8;1,2;33;8,1
334;5 502;7 783;AEP DE  VALLOIRE;22,5;45.164163;6.429287;441063;AUVERGNE / RHONE-ALPES;73306;1083;73;0;Zone rurale;14862638;04-Unités urbaines de 100 000 hbts ou plus;1;30;218;-29,3;De 5 à 10 000 entrées;E;JP;R;114;104;52;53,9;36;9,7;0,4;35;8,9
274;3 688;4 565;OFFICE DU TOURISME DE VALMEINIER;16;45.174957;6.493547;441172;AUVERGNE / RHONE-ALPES;73307;544;73;0;Zone rurale;14862638;04-Unités urbaines de 100 000 hbts ou plus;2;14;216;-19,2;De 2 à 5 000 entrées;NON;;R;72;67;33;39;52,3;8,6;0,1;18;4,3
218;2 674;2 390;OFFICE DE TOURISME DE VALS LES BAINS;38,4;44.655637;4.36656;441383;AUVERGNE / RHONE-ALPES;7331;3613;7;7402;Aubenas;43339;05-Unités urbaines de 20 000 à 100 000 hbts;2;27;324;11,9;De 2 à 5 000 entrées;D;;B;78;70;3;65,2;22,2;12,6;0;26;37,2
316;6 883;7 391;AEP JEAN BECQUE;64,9;44.402406;4.132968;441953;AUVERGNE / RHONE-ALPES;7334;2721;7;7110;Les Vans;3651;06-autres communes et unités urbaines;1;31;284;-6,9;De 5 à 10 000 entrées;E;RDJP;C;148;119;3;64,3;17,7;12,5;5,4;80;64
160;1 318;2 665;COMMUNE DE CHAMROUSSE;11,7;45.111573;5.875976;444091;AUVERGNE / RHONE-ALPES;38567;408;38;0;Zone rurale;14862638;04-Unités urbaines de 100 000 hbts ou plus;1;13;122;-50,5;Moins de 2000 entrées;NON;;R;57;56;2;45,6;43,5;10,9;0;11;5,2
177;5 531;4 279;COMMUNE DE VAULX EN VELIN;60,3;45.789822;4.917721;444143;AUVERGNE / RHONE-ALPES;69256;51045;69;758;Lyon;1696765;04-Unités urbaines de 100 000 hbts ou plus;1;27;371;29,3;De 5 à 10 000 entrées;C;JP;B;81;63;1;31,9;37;18;13;35;36,7
3669;464 392;329 118;PATHE CARRE DE SOIE                                             ;12,2;45.763741;4.920277;444144;AUVERGNE / RHONE-ALPES;69256;51045;69;758;Lyon;1696765;04-Unités urbaines de 100 000 hbts ou plus;15;32;14 363;41,1;De 450 à 700 000 entrées;NON;;B;182;159;135;24,8;58,4;15,3;1,5;48;6,8
473;30 266;25 445;CENTRE CULTUREL COMMUNAL BORIS VIAN;48,4;45.697279;4.8697;446804;AUVERGNE / RHONE-ALPES;69259;67397;69;758;Lyon;1696765;04-Unités urbaines de 100 000 hbts ou plus;3;32;2 678;18,9;De 30 à 40 000 entrées;C;RDJPPR;B;161;122;53;51,4;33,6;14,4;0,6;71;29,9
280;4 459;5 623;OFFICE DU TOURISME DES DEUX ALPES;17,1;44.995012;6.117879;446901;AUVERGNE / RHONE-ALPES;38253;1952;38;0;Zone rurale;14862638;04-Unités urbaines de 100 000 hbts ou plus;2;21;303;-20,7;De 2 à 5 000 entrées;NON;;R;113;107;23;42,3;48;9,8;0;25;7,2
250;6 835;7 409;ECRAN VILLAGE;68,1;44.996549;4.552256;449133;AUVERGNE / RHONE-ALPES;7129;2387;7;7102;Lamastre;2387;06-autres communes et unités urbaines;1;31;347;-7,7;De 5 à 10 000 entrées;E;RDJPPR;I;124;87;0;58,8;25,9;10,9;4,3;59;52,7
1437;151 667;105 861;SOCIETE CINEMA LE PARIS;20,6;45.520383;4.86896;452571;AUVERGNE / RHONE-ALPES;38544;29922;38;556;Vienne;97103;05-Unités urbaines de 20 000 à 100 000 hbts;8;32;6 902;43,3;De 150 à 200 000 entrées;D;;C;184;140;109;38,9;47,7;13,1;0,4;46;11,3
528;43 105;29 116;ESPACE ARAGON;45,4;45.238286;5.888231;454504;AUVERGNE / RHONE-ALPES;38547;7278;38;38701;Grenoble;519681;04-Unités urbaines de 100 000 hbts ou plus;2;29;1 217;48;De 40 à 50 000 entrées;C;JP;B;179;138;29;53,7;27,9;16,1;2,4;81;36,8
419;14 389;13 257;MC4  DISTRIBUTION;23,1;45.070607;5.549868;454531;AUVERGNE / RHONE-ALPES;38548;4464;38;38119;Villard-de-Lans;4464;06-autres communes et unités urbaines;2;32;948;8,5;De 10 à 20 000 entrées;E;;I;178;163;66;52,6;35,2;12;0,3;64;17,3
136;14 154;16 663;LA TRACE;54,6;46.216827;6.440326;454671;AUVERGNE / RHONE-ALPES;74301;876;74;0;Zone rurale;14862638;04-Unités urbaines de 100 000 hbts ou plus;1;32;587;-15,1;De 10 à 20 000 entrées;E;RDJPPR;R;134;116;2;62,2;21,5;14,8;1,5;63;38,3
204;1 421;2 640;SNC GIPPA ET GILBERT;1,8;45.244201;6.263395;454712;AUVERGNE / RHONE-ALPES;73318;258;73;0;Zone rurale;14862638;04-Unités urbaines de 100 000 hbts ou plus;1;11;55;-46,2;Moins de 2000 entrées;NON;;R;34;34;20;39,1;55,5;5,3;0;1;0,2
137;5 396;3 330;COMMUNE DE VILLARS LES DOMBES;18,4;45.999263;5.031235;455071;AUVERGNE / RHONE-ALPES;1443;5057;1;1122;Villars-les-Dombes;5057;06-autres communes et unités urbaines;1;29;390;62;De 5 à 10 000 entrées;NON;;I;95;85;5;58,7;31;10,3;0;23;12,4
600;34 246;20 508;ESPACE FELLINI;30,7;45.612006;5.156182;456251;AUVERGNE / RHONE-ALPES;38553;19078;38;38403;Villefontaine;36831;05-Unités urbaines de 20 000 à 100 000 hbts;4;32;2 082;67;De 30 à 40 000 entrées;D;RDJP;C;214;177;69;36,9;48,4;12,3;2,4;93;23,3
392;31 238;24 210;ASSOCIATION DIFFUSION EXPLOITATION CINEMATOGRAPHIQUE SUD EST;97,8;45.989404;4.716509;456493;AUVERGNE / RHONE-ALPES;69264;36711;69;758;Lyon;1696765;04-Unités urbaines de 100 000 hbts ou plus;3;32;1 792;29;De 30 à 40 000 entrées;C;RDJPPR;B;142;91;44;78,1;8,7;7,4;5,8;82;97
240;28 000;23 115;ASSOCIATION POUR LE CINEMA;85,5;45.770555;4.874404;460784;AUVERGNE / RHONE-ALPES;69266;151727;69;758;Lyon;1696765;04-Unités urbaines de 100 000 hbts ou plus;1;30;682;21,1;De 20 à 30 000 entrées;C;RDJPPR;B;223;116;12;55,3;11,7;23,4;9,6;98;79,5
420;29 505;21 352;LES CINEMAS ASSOCIES;39,2;45.07319;5.771446;464453;AUVERGNE / RHONE-ALPES;38562;7471;38;38303;Vizille;20672;05-Unités urbaines de 20 000 à 100 000 hbts;2;32;1 426;38,2;De 20 à 30 000 entrées;D;RDJP;C;183;145;20;55,9;30,3;12;1,9;78;33,4
389;13 702;13 097;LE ROYAL;59,4;45.365575;5.589119;464692;AUVERGNE / RHONE-ALPES;38563;20744;38;38701;Grenoble;519681;04-Unités urbaines de 100 000 hbts ou plus;3;26;1 071;4,6;De 10 à 20 000 entrées;C;;B;52;41;25;84,3;8,2;6,2;1,2;27;56,5
1076;117 677;75 774;LE ROYAL;8,9;45.364057;5.593001;464706;AUVERGNE / RHONE-ALPES;38563;20744;38;38701;Grenoble;519681;04-Unités urbaines de 100 000 hbts ou plus;6;32;4 874;55,3;De 100 à 150 000 entrées;NON;;B;126;103;95;34,7;51;13,4;1;23;7,3
218;12 238;8 416;COMMUNE DE VOREPPE;51,6;45.296452;5.636354;465193;AUVERGNE / RHONE-ALPES;38565;9601;38;38701;Grenoble;519681;04-Unités urbaines de 100 000 hbts ou plus;2;30;1 025;45,4;De 10 à 20 000 entrées;C;JP;B;188;163;8;56,8;29;12,5;1,6;90;40,5
182;1 292;852;LE PRE BOURGES;11,1;45.348209;2.438915;469181;AUVERGNE / RHONE-ALPES;15265;1688;15;15103;Ydes;2784;06-autres communes et unités urbaines;1;32;61;51,6;Moins de 2000 entrées;NON;;C;43;36;0;61;26,9;11,7;0,4;4;6,6
252;20 035;12 834;VILLE D' YSSINGEAUX                                             ;26;45.143821;4.124759;469500;AUVERGNE / RHONE-ALPES;43268;7711;43;43201;Yssingeaux;7711;06-autres communes et unités urbaines;2;32;961;56,1;De 20 à 30 000 entrées;E;RDJPPR;I;131;110;25;49,5;39;11,1;0,5;41;15,4
3155;371 747;225 678;GEORRAY;14,5;45.683172;4.766021;700000;AUVERGNE / RHONE-ALPES;69027;11867;69;758;Lyon;1696765;04-Unités urbaines de 100 000 hbts ou plus;15;32;18 685;64,7;De 300 à 450 000 entrées;NON;;B;192;163;161;31,7;51,1;15,8;1,5;39;6,5
110;8 504;5 926;LES PASSEURS;42,4;45.94045500000001;4.77174500000001;700250;AUVERGNE / RHONE-ALPES;1427;7044;1;758;Lyon;1696765;04-Unités urbaines de 100 000 hbts ou plus;1;30;470;43,5;De 5 à 10 000 entrées;C;JP;B;116;87;2;64,6;22,3;11,8;1,3;44;34,3
299;14 586;0;CINEODE;17,2;44.45106;4.346553;702200;AUVERGNE / RHONE-ALPES;7201;2297;7;7111;Ruoms;3878;06-autres communes et unités urbaines;2;28;1 159;#DIV/0!;De 10 à 20 000 entrées;NON;;C;132;129;47;49,1;41,1;9,6;0,2;48;10
195;7 022;6 048;ECRAN VILLAGE;68,3;44.89487;4.642625;702550;AUVERGNE / RHONE-ALPES;7338;1989;7;0;Zone rurale;14862638;04-Unités urbaines de 100 000 hbts ou plus;1;31;325;16,1;De 5 à 10 000 entrées;E;RDJPPR;R;122;89;0;56,8;26,5;10,2;6,6;63;56
258;3 677;2 753;ESPACE LUMIERE BALBIGNY;26,3;45.817369;4.183976;709650;AUVERGNE / RHONE-ALPES;42011;2959;42;42105;Balbigny;4214;06-autres communes et unités urbaines;1;23;137;33,6;De 2 à 5 000 entrées;E;;C;84;73;1;58,9;25,7;15,4;0;22;20,8
145;6 026;4 953;IMAGES ET SONS DES 3 PROVINCES;54;45.390497;3.946964;710250;AUVERGNE / RHONE-ALPES;42318;1508;42;0;Zone rurale;14862638;04-Unités urbaines de 100 000 hbts ou plus;1;32;576;21,7;De 5 à 10 000 entrées;E;RDJP;R;162;138;4;65,5;21,9;10,8;1,8;79;29
196;16 013;9 029;ASSOCIATION DU CINEMA DE VAUGNERAY                              ;43,7;45.736994;4.657674;715100;AUVERGNE / RHONE-ALPES;69255;6004;69;758;Lyon;1696765;04-Unités urbaines de 100 000 hbts ou plus;1;32;401;77,4;De 10 à 20 000 entrées;C;;B;130;117;2;56,1;28,6;14,2;1,1;63;32
311;1 072;1 635;CENTRE DEPARTEMENTAL DE PROMOTION DU CINEMA;11,8;45.398217;6.56643;715700;AUVERGNE / RHONE-ALPES;73015;1900;73;0;Zone rurale;14862638;04-Unités urbaines de 100 000 hbts ou plus;1;12;95;-34,4;Moins de 2000 entrées;NON;;R;24;20;0;28;57,7;14,3;0;3;3,5
524;87 548;74 569;LIGUE DE L'ENSEIGNEMENT FEDERATION DEPARTEMENTALE DE L'ISERE    ;96,8;45.182643;5.723905;719456;AUVERGNE / RHONE-ALPES;38185;159855;38;38701;Grenoble;519681;04-Unités urbaines de 100 000 hbts ou plus;3;32;3 330;17,4;De 80 à 100 000 entrées;A;RDJPPR;C;133;83;72;58,2;12,4;16;13,4;76;98,5
1012;125 699;79 044;CINEMA L'ELYSEE PALACE                                          ;17,8;46.129437;3.429201;720350;AUVERGNE / RHONE-ALPES;3310;25184;3;3502;Vichy;66474;05-Unités urbaines de 20 000 à 100 000 hbts;7;32;6 402;59;De 100 à 150 000 entrées;D;RD;C;204;146;112;45,9;42,5;10,6;1,1;48;11
1880;147 604;110 177;LUMINA 2000                                                     ;8,9;47.489082;6.838484;720450;BOURGOGNE / FRANCHE-COMTE;25031;13538;25;25601;Montbéliard;108639;04-Unités urbaines de 100 000 hbts ou plus;10;32;10 238;34;De 100 à 150 000 entrées;NON;;C;146;128;127;31;52,8;14,7;1,5;19;3,8
595;66 073;37 764;CINEMA MODERNE;15,1;45.961254;5.356402;720500;AUVERGNE / RHONE-ALPES;1004;14586;1;1302;Ambérieu-en-Bugey;18444;06-autres communes et unités urbaines;3;32;2 053;75;De 50 à 80 000 entrées;E;RDJP;C;106;86;47;31,4;55,6;11,5;1,6;34;7,6
1480;141 274;99 759;JFR                                                             ;10,7;45.693031;5.895383;720800;AUVERGNE / RHONE-ALPES;73008;30563;73;73601;Chambéry;197395;04-Unités urbaines de 100 000 hbts ou plus;8;32;8 222;41,6;De 100 à 150 000 entrées;NON;;B;140;130;130;40,8;42,5;16,4;0,3;18;6,8
3457;307 521;235 231;UGC CINE CITE;31;45.738623;4.82112;721000;AUVERGNE / RHONE-ALPES;69123;525236;69;758;Lyon;1696765;04-Unités urbaines de 100 000 hbts ou plus;14;32;14 962;30,7;De 300 à 450 000 entrées;NON;;C;193;152;136;37,6;47,2;14,6;0,6;67;22,4
1938;165 692;125 375;LE PARIS;16,5;46.209005;5.230481;721100;AUVERGNE / RHONE-ALPES;1053;43006;1;1501;Bourg-en-Bresse;63485;05-Unités urbaines de 20 000 à 100 000 hbts;9;31;7 385;32,2;De 150 à 200 000 entrées;NON;;C;143;133;126;38,9;46,6;14,2;0,3;29;8,7
1611;181 045;118 026;PATHE CHAMBERY                                                  ;14;45.566568;5.91835;721450;AUVERGNE / RHONE-ALPES;73065;60376;73;73601;Chambéry;197395;04-Unités urbaines de 100 000 hbts ou plus;10;32;9 575;53,4;De 150 à 200 000 entrées;NON;;C;190;168;142;35,1;48,4;15,2;1,3;52;8,4
905;75 502;52 451;LE NAVIRE;36;44.618656;4.384301;722120;AUVERGNE / RHONE-ALPES;7019;13026;7;7402;Aubenas;43339;05-Unités urbaines de 20 000 à 100 000 hbts;6;31;3 835;43,9;De 50 à 80 000 entrées;D;RDJPPR;C;215;164;87;46,2;38,5;13,7;1,6;89;30,6
87;2 326;1 732;AURECINEMA;26,5;45.370156;4.199354;722200;AUVERGNE / RHONE-ALPES;43012;6210;43;753;Saint-Étienne;378916;04-Unités urbaines de 100 000 hbts ou plus;1;23;226;34,3;De 2 à 5 000 entrées;NON;;B;56;47;0;56,2;36,5;7,3;0;13;17
64;1 596;1 509;SCENI QUA NON;51,1;44.665847;1.193196;723200;BOURGOGNE / FRANCHE-COMTE;58205;608;58;0;Zone rurale;14862638;04-Unités urbaines de 100 000 hbts ou plus;1;31;176;5,8;Moins de 2000 entrées;E;;R;92;78;1;68,4;18,1;9,8;3,7;44;39,7
894;46 083;0;STUDIO;21,8;46.197254;6.238208;723240;AUVERGNE / RHONE-ALPES;74012;36648;74;652;Genève (SUI) - Annemasse (partie française);189489;04-Unités urbaines de 100 000 hbts ou plus;6;32;5 457;#DIV/0!;De 40 à 50 000 entrées;NON;;C;118;111;99;35,7;47,8;15;1,5;33;11,7
1745;193 795;116 053;FRANCHEMOND;7,9;45.989161;4.724226;723800;AUVERGNE / RHONE-ALPES;69264;36711;69;758;Lyon;1696765;04-Unités urbaines de 100 000 hbts ou plus;10;32;11 772;67;De 150 à 200 000 entrées;NON;;B;140;121;121;33,7;51,6;13,5;1,3;13;5,4
130;1 373;1 632;COMMUNE DE VAUJANY;16,7;45.164059;6.089026;724280;AUVERGNE / RHONE-ALPES;38527;343;38;0;Zone rurale;14862638;04-Unités urbaines de 100 000 hbts ou plus;1;31;104;-15,9;Moins de 2000 entrées;NON;;R;86;79;3;49;41,7;9;0,3;16;9,6
248;4 149;3 229;COMMUNE DE SAINT-GENIS-POUILLY;51,4;46.242665;6.021223;724640;AUVERGNE / RHONE-ALPES;1354;13434;1;652;Genève (SUI) - Annemasse (partie française);189489;04-Unités urbaines de 100 000 hbts ou plus;1;23;169;28,5;De 2 à 5 000 entrées;C;;B;98;74;2;59,2;22,9;16;1,9;39;50,1
3105;269 931;0;UGC CINE CITE;22,2;45.761001;4.854442;725040;AUVERGNE / RHONE-ALPES;69123;525236;69;758;Lyon;1696765;04-Unités urbaines de 100 000 hbts ou plus;18;32;16 336;#DIV/0!;De 200 à 300 000 entrées;NON;;C;163;134;134;31,2;52,3;15,7;0,9;39;16,3
757;60 480;39 662;LE FESTIVAL;28,8;43.31185;3.473009;11527;OCCITANIE;34003;29484;34;34401;Agde;29484;05-Unités urbaines de 20 000 à 100 000 hbts;4;32;3 777;52,5;De 50 à 80 000 entrées;D;RDJPPR;I;174;146;79;44,1;42,7;12,2;1;75;16,7
168;3 554;3 343;GRAND ECRAN POUR TOUS;8,2;43.566091;4.189267;12454;OCCITANIE;30003;8535;30;30210;Aigues-Mortes;8535;06-autres communes et unités urbaines;1;10;191;6,3;De 2 à 5 000 entrées;E;JP;I;53;46;6;34,1;57,6;8,1;0,3;9;5,9
431;60 916;64 001;SOCIETE AIXOISE CINEMATOGRAPHIQUE;94,6;43.526562;5.448932;13405;PROVENCE-ALPES-COTE D'AZUR;13001;146282;13;759;Marseille - Aix-en-Provence;1619129;04-Unités urbaines de 100 000 hbts ou plus;3;32;2 506;-4,8;De 50 à 80 000 entrées;C;RD;B;81;74;74;61,2;12,7;17,8;8,3;69;87,8
1539;251 687;143 527;LE CEZANNE;15,8;43.525387;5.446893;13413;PROVENCE-ALPES-COTE D'AZUR;13001;146282;13;759;Marseille - Aix-en-Provence;1619129;04-Unités urbaines de 100 000 hbts ou plus;9;32;8 389;75,4;De 200 à 300 000 entrées;NON;;B;133;119;116;44;42,6;12,1;1,2;19;14,4
438;52 452;54 697;CINEMAZARIN;99,2;43.526103;5.448686;13423;PROVENCE-ALPES-COTE D'AZUR;13001;146282;13;759;Marseille - Aix-en-Provence;1619129;04-Unités urbaines de 100 000 hbts ou plus;3;32;2 738;-4,1;De 50 à 80 000 entrées;C;RD;B;116;98;90;58,9;9,3;23,1;8,8;97;99,6
165;9 895;12 670;INSTITUT DE L IMAGE;100;43.524462;5.439812;13454;PROVENCE-ALPES-COTE D'AZUR;13001;146282;13;759;Marseille - Aix-en-Provence;1619129;04-Unités urbaines de 100 000 hbts ou plus;1;28;560;-21,9;De 5 à 10 000 entrées;C;JPPR;B;127;8;2;63,2;15,8;13,4;7,6;8;100
432;631;0;CINE 2000;90,9;41.921426;8.739468;13684;CORSE;2A004;71685;2A;2A501;Ajaccio;71685;05-Unités urbaines de 20 000 à 100 000 hbts;1;1;15;#DIV/0!;Moins de 2000 entrées;NON;;I;11;9;1;67,6;0;15,1;17,3;8;89,3
295;602;1 111;COMMUNE D AJACCIO;0;41.915976;8.731036;13685;CORSE;2A004;71685;2A;2A501;Ajaccio;71685;05-Unités urbaines de 20 000 à 100 000 hbts;1;1;7;-45,8;Moins de 2000 entrées;NON;;I;2;0;0;0;0;0;0;0;0
1147;137 748;92 569;MSGCINEMA                                                       ;27,1;41.943558;8.753935;13686;CORSE;2A004;71685;2A;2A501;Ajaccio;71685;05-Unités urbaines de 20 000 à 100 000 hbts;6;32;5 426;48,8;De 100 à 150 000 entrées;D;JPPR;I;255;199;123;32,6;50,8;15,6;1;99;14,6
432;336;0;CORSICA FILM FESTIVALS;0;41.921426;8.739468;13692;CORSE;2A004;71685;2A;2A501;Ajaccio;71685;05-Unités urbaines de 20 000 à 100 000 hbts;1;1;6;#DIV/0!;Moins de 2000 entrées;NON;;I;4;0;0;0;0;0;0;0;0
1309;113 036;86 008;COMPAGNIE CINEMATOGRAPHIQUE IMMOBILIERE CEVENOLE                ;24;44.125939;4.077527;14533;OCCITANIE;30007;41412;30;30501;Alès;98263;05-Unités urbaines de 20 000 à 100 000 hbts;8;32;7 721;31,4;De 100 à 150 000 entrées;D;RD;C;268;200;163;37,5;49,5;11,9;1,1;89;14,7
187;3 739;4 563;LEATHOM;12,7;44.283294;6.539965;15741;PROVENCE-ALPES-COTE D'AZUR;4006;819;4;0;Zone rurale;14862638;04-Unités urbaines de 100 000 hbts ou plus;1;20;193;-18,1;De 2 à 5 000 entrées;NON;;R;95;88;20;45,4;43,1;11;0,5;17;6,5
196;1 722;643;SA CASINO D'AMELIE LES BAINS;29,6;42.472951;2.670403;17082;OCCITANIE;66003;3549;66;66204;Amélie-les-Bains-Palalda;6285;06-autres communes et unités urbaines;1;29;137;167,8;Moins de 2000 entrées;NON;;C;92;91;0;69,1;15,6;15,3;0;29;33,2
197;2 033;3 510;REGIE AUTONOME DES SPORTS ET LOISIRS LES ANGLES;19,4;42.577018;2.075079;19242;OCCITANIE;66004;566;66;0;Zone rurale;14862638;04-Unités urbaines de 100 000 hbts ou plus;1;17;135;-42,1;De 2 à 5 000 entrées;NON;;R;79;76;0;36,1;46,2;17,6;0;20;11,8
456;54 740;34 463;LA COTENTINE;29,1;43.57983;7.122516;20672;PROVENCE-ALPES-COTE D'AZUR;6004;74047;6;6701;Nice;955949;04-Unités urbaines de 100 000 hbts ou plus;3;32;2 569;58,8;De 50 à 80 000 entrées;C;;B;114;105;73;38,9;44,9;15,3;0,9;47;20,2
432;26 706;15 976;JOUVE MICHELE;41,5;43.875034;5.396362;21532;PROVENCE-ALPES-COTE D'AZUR;84003;11232;84;84302;Apt;15319;06-autres communes et unités urbaines;3;31;2 616;67,2;De 20 à 30 000 entrées;E;RDJPPR;C;179;150;105;52,2;35,1;10,7;1,9;82;34,9
234;9 314;6 423;CINEMAGINAIRE;33,1;42.547269;3.023455;23102;OCCITANIE;66008;10623;66;66401;Saint-Cyprien;55343;05-Unités urbaines de 20 000 à 100 000 hbts;1;32;731;45;De 5 à 10 000 entrées;D;;C;137;115;25;70,3;19,4;9,6;0,6;62;33,5
159;5 664;4 721;CINEMAS G LAMIC;38,7;44.792274;6.558372;23392;PROVENCE-ALPES-COTE D'AZUR;5006;2355;5;5101;L'Argentière-la-Bessée;2355;06-autres communes et unités urbaines;1;32;400;20;De 5 à 10 000 entrées;E;;I;176;154;6;62,3;21,2;13;3,4;64;38,1
483;27 940;15 731;LE CAPITOLE;3,1;43.674097;4.627703;23933;PROVENCE-ALPES-COTE D'AZUR;13004;51831;13;552;Arles;54731;05-Unités urbaines de 20 000 à 100 000 hbts;3;31;1 994;77,6;De 20 à 30 000 entrées;NON;;C;84;77;61;33,3;53,1;11,9;1,7;6;4,5
231;24 271;22 579;LE CAPITOLE;90,4;43.678479;4.624726;23951;PROVENCE-ALPES-COTE D'AZUR;13004;51831;13;552;Arles;54731;05-Unités urbaines de 20 000 à 100 000 hbts;3;32;2 602;7,5;De 20 à 30 000 entrées;D;RDJPPR;C;114;87;59;66;16,8;13,1;4,1;78;94
579;45 805;24 661;CINEMA NEMO;27,8;43.293397;5.567708;27833;PROVENCE-ALPES-COTE D'AZUR;13005;47659;13;759;Marseille - Aix-en-Provence;1619129;04-Unités urbaines de 100 000 hbts ou plus;4;32;3 846;85,7;De 40 à 50 000 entrées;C;;B;132;111;99;50,9;36,7;12,4;0;39;21,8
379;27 601;13 278;CINEVOX;34,7;43.949433;4.806281;33751;PROVENCE-ALPES-COTE D'AZUR;84007;93434;84;754;Avignon;467426;04-Unités urbaines de 100 000 hbts ou plus;2;32;2 307;107,9;De 20 à 30 000 entrées;NON;;C;105;60;31;61,6;23,8;14,1;0,6;27;26,3
139;12 092;9 972;FELICITE FILMS;96,3;43.947217;4.806805;33772;PROVENCE-ALPES-COTE D'AZUR;84007;93434;84;754;Avignon;467426;04-Unités urbaines de 100 000 hbts ou plus;1;29;821;21,3;De 10 à 20 000 entrées;B;RDPR;C;184;135;89;67,5;11,8;14,8;5,9;128;95,3
456;86 976;84 672;FELICITE FILMS;97,1;43.951249;4.808538;33791;PROVENCE-ALPES-COTE D'AZUR;84007;93434;84;754;Avignon;467426;04-Unités urbaines de 100 000 hbts ou plus;4;32;4 908;2,7;De 80 à 100 000 entrées;B;RDJPPR;C;270;160;133;65,3;12,6;15;7,1;148;96,5
2604;237 519;155 449;PATHE AVIGNON;17,4;43.929048;4.837198;33801;PROVENCE-ALPES-COTE D'AZUR;84007;93434;84;754;Avignon;467426;04-Unités urbaines de 100 000 hbts ou plus;14;32;12 959;52,8;De 200 à 300 000 entrées;NON;;C;209;185;160;29,7;54,2;14,6;1,5;69;8,7
678;30 772;20 843;SOCIETE D EXPLOITATION DES CINEMAS CONSTANT;11,1;44.16605;4.620681;36122;OCCITANIE;30028;18428;30;30401;Bagnols-sur-Cèze;22743;05-Unités urbaines de 20 000 à 100 000 hbts;4;29;1 757;47,6;De 30 à 40 000 entrées;NON;;C;81;71;52;40,8;47,8;11,4;0;14;6,9
200;9 705;10 305;CINE PLAN;41,6;43.662182;4.013467;36282;OCCITANIE;34022;7809;34;34212;Baillargues;10855;06-autres communes et unités urbaines;1;25;199;-5,8;De 5 à 10 000 entrées;NON;;C;45;29;0;85,3;13,4;1,3;0;11;35,4
260;11 705;7 868;CINE ESPACE EVASION;26,5;44.387012;6.653653;38931;PROVENCE-ALPES-COTE D'AZUR;4019;2773;4;4106;Barcelonnette;3397;06-autres communes et unités urbaines;2;29;1 031;48,8;De 10 à 20 000 entrées;E;RDJPPR;C;130;116;15;54,5;33,6;10,6;1,4;47;17,1
90;3 177;4 314;VILLE DE BARJAC                                                 ;58,2;44.307917;4.346467;39428;OCCITANIE;30029;1638;30;0;Zone rurale;14862638;04-Unités urbaines de 100 000 hbts ou plus;1;32;203;-26,4;De 2 à 5 000 entrées;E;;R;140;121;1;67,1;15,1;14,1;3,7;76;57,2
344;22 386;16 324;STUDIO CINEMA;39,3;42.695783;9.447861;41134;CORSE;2B033;48746;2B;2B501;Bastia;72412;05-Unités urbaines de 20 000 à 100 000 hbts;2;32;1 663;37,1;De 20 à 30 000 entrées;D;JPPR;C;128;97;51;29,8;52,3;15,4;2,5;52;37,5
299;47 785;23 681;SOCIETE INSULAIRE CINEMATOGRAPHIQUE LE REGENT;10,8;42.697652;9.448441;41142;CORSE;2B033;48746;2B;2B501;Bastia;72412;05-Unités urbaines de 20 000 à 100 000 hbts;3;32;2 339;101,8;De 40 à 50 000 entrées;D;;C;122;90;66;32,9;45,5;19,3;2,3;34;7,8
120;8 649;7 866;GRAND CASINO DE BEAULIEU;58,4;43.705177;7.329524;44502;PROVENCE-ALPES-COTE D'AZUR;6011;3759;6;6701;Nice;955949;04-Unités urbaines de 100 000 hbts ou plus;1;30;507;10;De 5 à 10 000 entrées;C;;B;165;138;3;59,8;21,5;16,1;2,5;80;47,5
402;21 397;14 733;CINE2MA;29,8;43.611508;3.171558;46613;OCCITANIE;34028;6002;34;34302;Bédarieux;13332;06-autres communes et unités urbaines;3;32;2 195;45,2;De 20 à 30 000 entrées;E;;C;239;205;100;46,8;37,6;14,7;0,9;101;21
196;11 822;11 046;ASS FORUM DES JEUNES ET DE LA CULTURE;47,8;43.476136;5.167368;51261;PROVENCE-ALPES-COTE D'AZUR;13014;13597;13;759;Marseille - Aix-en-Provence;1619129;04-Unités urbaines de 100 000 hbts ou plus;1;29;720;7;De 10 à 20 000 entrées;C;JPPR;B;166;129;10;58,3;28,1;11,8;1,8;71;30,4
84;5 868;2 784;CINEMA LE MARILYN;16,9;43.349529;6.177013;52619;PROVENCE-ALPES-COTE D'AZUR;83018;3079;83;83206;Carnoules;11044;06-autres communes et unités urbaines;1;32;298;110,8;De 5 à 10 000 entrées;NON;;C;75;68;1;59,1;24,4;15,8;0,7;14;10,9
1462;113 155;85 452;MULTICINES PYRENEES SARL;26,1;43.342559;3.212618;54604;OCCITANIE;34032;78823;34;34501;Béziers;94366;05-Unités urbaines de 20 000 à 100 000 hbts;9;31;8 896;32,4;De 100 à 150 000 entrées;D;;C;167;148;149;33,9;52,5;13,4;0,2;54;13,4
97;8 016;6 015;ASSOCIATION CINEBOL;49,2;43.974273;7.312365;61132;PROVENCE-ALPES-COTE D'AZUR;84019;13740;84;84301;Bollène;13740;06-autres communes et unités urbaines;1;32;728;33,3;De 5 à 10 000 entrées;E;RDJPPR;I;194;168;2;59,4;25,9;11,7;2,9;91;33,4
330;985;988;LAPORTA GERMAIN;0;42.524735;2.832419;67021;OCCITANIE;66024;5452;66;66201;Le Boulou;5452;06-autres communes et unités urbaines;1;14;15;-0,3;Moins de 2000 entrées;NON;;I;12;9;0;78,5;10,3;11,3;0;0;0
88;9 742;8 612;MAISON DES JEUNES ET DE LA CULTURE DU BRIANCONNAI;90,3;44.889994;6.634449;74322;PROVENCE-ALPES-COTE D'AZUR;5023;11406;5;5301;Briançon;16564;06-autres communes et unités urbaines;1;31;605;13,1;De 5 à 10 000 entrées;E;RDJPPR;C;125;96;4;74,8;9,6;9,7;5,8;86;91,6
476;37 728;22 560;COSMO;8,9;44.900658;6.632743;74339;PROVENCE-ALPES-COTE D'AZUR;5023;11406;5;5301;Briançon;16564;06-autres communes et unités urbaines;4;32;3 344;67,2;De 30 à 40 000 entrées;NON;;C;84;77;77;38,9;47,9;12,3;0,9;7;6
253;21 057;13 298;LE CINEMA DU SOLEIL;16,7;43.407348;6.063887;75021;PROVENCE-ALPES-COTE D'AZUR;83023;17716;83;83401;Brignoles;23635;05-Unités urbaines de 20 000 à 100 000 hbts;2;32;1 359;58,3;De 20 à 30 000 entrées;D;;C;109;98;50;38,7;48,6;11,2;1,5;38;8,9
248;4 993;5 130;COMMUNE DE CABESTANY;40,7;42.680362;2.934603;80942;OCCITANIE;66028;10439;66;66601;Perpignan;203988;04-Unités urbaines de 100 000 hbts ou plus;1;32;209;-2,7;De 2 à 5 000 entrées;C;;B;107;100;25;56;34,4;9,4;0,2;48;22,4
250;4 519;5 060;THALIE;33,7;43.655944;6.87474;81080;PROVENCE-ALPES-COTE D'AZUR;6026;1378;6;6701;Nice;955949;04-Unités urbaines de 100 000 hbts ou plus;1;28;199;-10,7;De 2 à 5 000 entrées;NON;;B;57;47;2;69,2;23,8;6,5;0,5;20;21,9
290;4 289;6 420;CAGNES CONGRES;51,9;43.662147;7.148711;81541;PROVENCE-ALPES-COTE D'AZUR;6027;51895;6;6701;Nice;955949;04-Unités urbaines de 100 000 hbts ou plus;1;16;186;-33,2;De 2 à 5 000 entrées;NON;;B;86;74;0;66,9;12,2;18,8;2,1;43;53,3
1728;231 660;138 138;CAP CINEMA CAGNES SUR MER                                       ;11,5;43.661565;7.1357;81545;PROVENCE-ALPES-COTE D'AZUR;6027;51895;6;6701;Nice;955949;04-Unités urbaines de 100 000 hbts ou plus;10;32;11 736;67,7;De 200 à 300 000 entrées;NON;;B;146;126;127;28,8;53,4;15,9;2;20;7,2
120;3 934;4 470;CINEVAL;62,3;44.162816;4.889682;82752;PROVENCE-ALPES-COTE D'AZUR;84029;4644;84;84111;Camaret-sur-Aigues;5374;06-autres communes et unités urbaines;1;31;177;-12;De 2 à 5 000 entrées;E;JP;C;75;59;0;58,2;29,8;10,9;1,1;39;49,5
501;45 116;21 969;L'YRE CANET;23,6;42.701936;3.019408;84556;OCCITANIE;66037;12436;66;66301;Canet-en-Roussillon;12436;06-autres communes et unités urbaines;4;32;3 742;105,4;De 40 à 50 000 entrées;E;JP;I;178;141;104;42,1;43,5;13,8;0,6;59;13,2
727;54 155;36 043;SOCIETE PROVENCALE DE GERANCES CINEMATOGRAPHIQUES;13,8;43.552366;7.016598;84711;PROVENCE-ALPES-COTE D'AZUR;6029;74784;6;6701;Nice;955949;04-Unités urbaines de 100 000 hbts ou plus;4;32;3 866;50,3;De 50 à 80 000 entrées;NON;;B;101;97;60;33,8;43,9;18,9;3,4;15;7,4
453;36 394;39 955;EURO VIDEO INTERNATIONAL;81,5;43.552517;7.015358;84712;PROVENCE-ALPES-COTE D'AZUR;6029;74784;6;6701;Nice;955949;04-Unités urbaines de 100 000 hbts ou plus;3;31;2 588;-8,9;De 30 à 40 000 entrées;C;RD;B;133;91;71;62,1;14,7;18,4;4,7;77;80,3
300;1 039;1 722;MJC DE CANNES PICAUD;81,9;43.550716;7.001343;84734;PROVENCE-ALPES-COTE D'AZUR;6029;74784;6;6701;Nice;955949;04-Unités urbaines de 100 000 hbts ou plus;2;20;121;-39,7;Moins de 2000 entrées;C;;B;38;16;0;70;0;26,8;3,2;13;79,7
177;5 131;5 787;MJC CENTRE SOCIAL COEUR DE RANGUIN;55,8;43.567121;6.963836;84745;PROVENCE-ALPES-COTE D'AZUR;6029;74784;6;6701;Nice;955949;04-Unités urbaines de 100 000 hbts ou plus;1;27;204;-11,3;De 5 à 10 000 entrées;C;;B;93;77;2;38,9;25,9;35;0,3;44;33,2
469;50 797;35 014;OLYMPIA;14,1;43.552366;7.016598;84761;PROVENCE-ALPES-COTE D'AZUR;6029;74784;6;6701;Nice;955949;04-Unités urbaines de 100 000 hbts ou plus;5;32;5 175;45,1;De 50 à 80 000 entrées;NON;;B;132;116;86;43,2;44,4;11,2;1,2;21;9,7
432;3 888;4 361;CANNES CINEMA;87,5;43.54938;6.981931;84774;PROVENCE-ALPES-COTE D'AZUR;6029;74784;6;6701;Nice;955949;04-Unités urbaines de 100 000 hbts ou plus;1;16;46;-10,8;De 2 à 5 000 entrées;NON;;B;43;8;1;69,5;0;24,2;6,3;7;86,3
370;8 375;4 514;CANNES CINEMA;72,7;43.550134;7.029043;84781;PROVENCE-ALPES-COTE D'AZUR;6029;74784;6;6701;Nice;955949;04-Unités urbaines de 100 000 hbts ou plus;1;18;71;85,5;De 5 à 10 000 entrées;NON;;B;57;9;1;79,3;0;20,7;0;6;82
176;1 332;2 371;CANNES CINEMA;75;43.546541;7.036474;84782;PROVENCE-ALPES-COTE D'AZUR;6029;74784;6;6701;Nice;955949;04-Unités urbaines de 100 000 hbts ou plus;1;12;21;-43,8;Moins de 2000 entrées;NON;;B;19;4;0;68,8;0;0;31,2;3;41,8
80;4 842;4 861;GROUPEMENT D INTERET PUBLIC POUR LE DEVELOPPEMENT TOURISTIQUE ET;51;43.576083;7.017663;84830;PROVENCE-ALPES-COTE D'AZUR;6030;41824;6;6701;Nice;955949;04-Unités urbaines de 100 000 hbts ou plus;1;30;289;-0,4;De 2 à 5 000 entrées;C;;B;106;95;0;65,3;25,6;9,1;0;47;40,5
88;4 407;5 410;GROUPEMENT D INTERET PUBLIC POUR LE DEVELOPPEMENT TOURISTIQUE ET;44;43.56912;7.005225;84831;PROVENCE-ALPES-COTE D'AZUR;6030;41824;6;6701;Nice;955949;04-Unités urbaines de 100 000 hbts ou plus;1;30;284;-18,5;De 2 à 5 000 entrées;C;;B;105;92;1;58,8;24,2;16,8;0,1;39;32,9
263;21 075;610;LE COLISEE;94,4;43.216587;2.352707;86072;OCCITANIE;11069;47795;11;11501;Carcassonne;50498;05-Unités urbaines de 20 000 à 100 000 hbts;3;32;2 607;3 354,90;De 20 à 30 000 entrées;NON;;C;149;124;90;68,7;12;13,3;6,1;110;93,8
1830;127 585;99 473;CAP' CINEMA  CARCASSONNE                                        ;11,4;43.235546;2.367714;86103;OCCITANIE;11069;47795;11;11501;Carcassonne;50498;05-Unités urbaines de 20 000 à 100 000 hbts;9;32;10 705;28,3;De 100 à 150 000 entrées;D;;C;146;128;127;34,9;50,8;13,1;1,2;22;5,7
100;2 555;2 135;LE CINEMA DU SOLEIL;17,8;43.4765018;6.182329100000061;86173;PROVENCE-ALPES-COTE D'AZUR;83032;3495;83;83204;Carcès;7080;06-autres communes et unités urbaines;1;29;125;19,7;De 2 à 5 000 entrées;NON;;C;46;38;7;42,6;42,1;15,3;0;11;6,2
306;1 099;862;POLYMAGES;25;43.256071;5.568869;86693;PROVENCE-ALPES-COTE D'AZUR;13119;6648;13;13209;Carnoux-en-Provence;6648;06-autres communes et unités urbaines;1;23;88;27,5;Moins de 2000 entrées;NON;;I;79;73;0;62,6;30,5;6,9;0;19;18,2
200;1 617;2 224;CINEVAL;64,2;44.109395;5.112026;86772;PROVENCE-ALPES-COTE D'AZUR;84030;3427;84;754;Avignon;467426;04-Unités urbaines de 100 000 hbts ou plus;1;23;70;-27,3;Moins de 2000 entrées;C;;B;47;36;0;80;14,9;4;1,1;23;64,2
612;69 787;52 036;PRO SPECT IMAGES;38,8;44.050347;5.047636;86781;PROVENCE-ALPES-COTE D'AZUR;84031;29564;84;754;Avignon;467426;04-Unités urbaines de 100 000 hbts ou plus;4;32;3 847;34,1;De 50 à 80 000 entrées;C;RDJPPR;B;158;129;99;55,8;29,1;12,8;2,3;64;32
277;3 350;1 843;TOURNEE FAMILIA;61,4;43.772944;7.193186;86930;PROVENCE-ALPES-COTE D'AZUR;6033;12625;6;6701;Nice;955949;04-Unités urbaines de 100 000 hbts ou plus;1;10;64;81,8;De 2 à 5 000 entrées;NON;;B;59;41;0;47,3;9,6;27,9;15,2;24;78,2
200;14 722;8 541;ASSOCIATION CULTURELLE CARRY LE ROUET;32,8;43.332335;5.151827;86952;PROVENCE-ALPES-COTE D'AZUR;13021;5884;13;13303;Sausset-les-Pins - Carry-le-Rouet;13668;06-autres communes et unités urbaines;1;32;964;72,4;De 10 à 20 000 entrées;E;JP;B;134;106;12;57,7;26,2;15,1;1;48;19
111;6 336;3 574;CENTRE CULTUREL EMMANUEL AGOSTINI                               ;49,7;43.215622;5.538828;87646;PROVENCE-ALPES-COTE D'AZUR;13022;7136;13;13211;Cassis;7136;06-autres communes et unités urbaines;1;32;564;77,3;De 5 à 10 000 entrées;E;RD;I;103;96;2;64,2;20,6;13,5;1,7;54;33,7
447;32 897;26 920;VEO CASTELNAUDARY;20,5;43.320632;1.951331;88236;OCCITANIE;11076;12467;11;11302;Castelnaudary;13840;06-autres communes et unités urbaines;3;32;2 428;22,2;De 30 à 40 000 entrées;E;JP;C;178;139;62;46,5;42;10,5;1;63;15,8
392;31 661;30 331;LES CINEMAS DE CAVAILLON;20,3;43.837243;5.040229;90312;PROVENCE-ALPES-COTE D'AZUR;84035;26611;84;754;Avignon;467426;04-Unités urbaines de 100 000 hbts ou plus;3;32;2 910;4,4;De 30 à 40 000 entrées;C;;B;148;132;103;46,3;39,6;14,1;0;47;13,9
360;14 051;5 490;LES CINEMAS DE CAVAILLON;11,3;43.834515;5.041736;90313;PROVENCE-ALPES-COTE D'AZUR;84035;26611;84;754;Avignon;467426;04-Unités urbaines de 100 000 hbts ou plus;1;32;485;155,9;De 10 à 20 000 entrées;NON;;B;47;38;28;44,6;40,9;14,2;0,3;9;10
204;11 016;0;LES CINEMAS DE CAVAILLON;87,6;43.834963;5.042283;90324;PROVENCE-ALPES-COTE D'AZUR;84035;26611;84;754;Avignon;467426;04-Unités urbaines de 100 000 hbts ou plus;2;32;1 348;#DIV/0!;De 10 à 20 000 entrées;NON;;B;120;110;61;74,2;8,9;11,9;5;90;83,2
132;7 056;811;CINEMA ATHENA;43,6;43.172524;6.530347;90345;PROVENCE-ALPES-COTE D'AZUR;83036;7583;83;83207;Cavalaire-sur-Mer;11462;06-autres communes et unités urbaines;1;27;826;770;De 5 à 10 000 entrées;NON;;C;109;100;20;61,7;24,5;12,9;1;51;25,9
150;293;386;CINE2MA;7,7;43.392145;3.103753;91033;OCCITANIE;34069;5117;34;34129;Cazouls-lès-Béziers;5117;06-autres communes et unités urbaines;1;8;16;-24,1;Moins de 2000 entrées;NON;;I;16;13;0;64,1;32;3,9;0;1;13,7
170;3 109;3 682;LAPORTA GERMAIN;52;42.486293;2.749588;92302;OCCITANIE;66049;8053;66;66302;Céret;14267;06-autres communes et unités urbaines;1;18;47;-15,6;De 2 à 5 000 entrées;NON;;C;27;16;0;60,2;12,2;9,3;18,3;6;59
465;32 334;23 717;LE CINEMATOGRAPHE;41,3;44.068241;5.987231;103985;PROVENCE-ALPES-COTE D'AZUR;4049;5229;4;4203;Château-Arnoux-Saint-Auban;7238;06-autres communes et unités urbaines;3;32;2 655;36,3;De 30 à 40 000 entrées;E;RDJPPR;C;170;151;104;47,7;40,2;11;1,2;79;28,3
120;5 649;3 166;OFFICE MUNICIPAL DE LA CULTURE DE CHATEAUNEUF;30,8;43.383798;5.16491;104661;PROVENCE-ALPES-COTE D'AZUR;13026;17484;13;759;Marseille - Aix-en-Provence;1619129;04-Unités urbaines de 100 000 hbts ou plus;1;26;622;78,4;De 5 à 10 000 entrées;NON;;B;74;64;1;32,1;57;10,8;0;23;9,3
329;16 660;11 613;POLYMAGES;21,9;43.885453;4.855476;104824;PROVENCE-ALPES-COTE D'AZUR;13027;16259;13;754;Avignon;467426;04-Unités urbaines de 100 000 hbts ou plus;3;29;1 590;43,5;De 10 à 20 000 entrées;C;JPPR;B;131;105;36;38,6;47,3;13,3;0,8;46;15,1
270;1 628;2 236;CINE VADROUILLE;82,8;44.76726;6.010559;106681;PROVENCE-ALPES-COTE D'AZUR;5039;716;5;0;Zone rurale;14862638;04-Unités urbaines de 100 000 hbts ou plus;1;13;88;-27,2;Moins de 2000 entrées;E;;R;12;5;0;94,8;0;0;5,2;4;84
426;24 998;18 977;SOCIETE DU KURSAAL CINEMA;32,6;43.175703;5.604941;112811;PROVENCE-ALPES-COTE D'AZUR;13028;35660;13;757;Toulon;588245;04-Unités urbaines de 100 000 hbts ou plus;3;32;2 740;31,7;De 20 à 30 000 entrées;C;RD;B;174;163;121;49,1;36,1;14,3;0,5;80;25,6
142;12 602;9 736;ASSOCIATION LES LUMIERES DE L' EDEN                             ;64,3;43.177341;5.610704;112825;PROVENCE-ALPES-COTE D'AZUR;13028;35660;13;757;Toulon;588245;04-Unités urbaines de 100 000 hbts ou plus;1;32;658;29,4;De 10 à 20 000 entrées;C;JPPR;B;215;136;6;53,8;21,2;17,5;7,5;87;55
1305;27 965;0;ALRAY;6,7;43.196379;5.59634;112826;PROVENCE-ALPES-COTE D'AZUR;13028;35660;13;757;Toulon;588245;04-Unités urbaines de 100 000 hbts ou plus;8;8;2 134;#DIV/0!;De 20 à 30 000 entrées;NON;;B;38;33;24;26,4;60,1;13,5;0;3;3,2
230;27 592;21 897;OFFICE CULTUREL CLERMONTAIS;38,7;43.625579;3.435522;114564;OCCITANIE;34079;9122;34;34213;Clermont-l'Hérault;10889;06-autres communes et unités urbaines;1;32;981;26;De 20 à 30 000 entrées;E;RDJPPR;C;188;142;27;44,2;42,6;11,6;1,7;76;27,5
130;9 316;5 542;POLYMAGES;22,5;43.250728;6.537455;116021;PROVENCE-ALPES-COTE D'AZUR;83042;11798;83;83305;Cogolin;11798;06-autres communes et unités urbaines;1;32;664;68,1;De 5 à 10 000 entrées;E;;I;80;72;21;51,4;39,3;7,3;2;29;15
100;3 486;2 633;DK PRODUCTION                                                   ;16,9;43.803799;7.330148;119812;PROVENCE-ALPES-COTE D'AZUR;6048;7509;6;6701;Nice;955949;04-Unités urbaines de 100 000 hbts ou plus;1;31;75;32,4;De 2 à 5 000 entrées;NON;;B;49;46;0;63,9;26,6;9,4;0;11;8,5
615;9 769;4 485;SARL CINE FOGATA LUCIANI;14;42.627056;8.921392;120241;CORSE;2B093;929;2B;0;Zone rurale;14862638;04-Unités urbaines de 100 000 hbts ou plus;2;31;657;117,8;De 5 à 10 000 entrées;NON;;R;94;72;12;44,1;36,2;19,1;0,6;21;17
232;14 876;3 200;7EME ART CORTE;14,8;42.301162;9.151626;121792;CORSE;2B096;7585;2B;2B203;Corte;7585;06-autres communes et unités urbaines;2;32;1 693;364,9;De 10 à 20 000 entrées;NON;;I;98;69;31;26,3;55,7;16,2;1,9;15;11,1
54;3 993;3 393;ASSOCIATION COTIGNAC CINEMA;62,2;43.527138;6.149835;122243;PROVENCE-ALPES-COTE D'AZUR;83046;2175;83;83204;Carcès;7080;06-autres communes et unités urbaines;1;25;174;17,7;De 2 à 5 000 entrées;E;;C;97;84;2;63,6;21,5;13,7;1,2;57;46
220;308;573;CINE PLAN;50;43.655112;3.943144;128142;OCCITANIE;34090;9449;34;34701;Montpellier;455313;04-Unités urbaines de 100 000 hbts ou plus;1;3;5;-46,2;Moins de 2000 entrées;NON;;B;5;4;0;100;0;0;0;2;36,7
93;11 172;9 221;ASSOCIATION CULTURE ET LOISIRS EDEN CINEMA;69,7;43.774382;5.440971;131031;PROVENCE-ALPES-COTE D'AZUR;84042;1791;84;0;Zone rurale;14862638;04-Unités urbaines de 100 000 hbts ou plus;1;31;666;21,2;De 10 à 20 000 entrées;E;RDJPPR;R;150;105;5;66,8;13,3;14,4;5,5;80;65
246;1 637;1 394;RENCONTRES CINEMATOGRAPHIQUES DIGNE LES BAINS ET ALPES DE HAUTES;91,7;44.089715;6.239647;138594;PROVENCE-ALPES-COTE D'AZUR;4070;17240;4;4301;Digne-les-Bains;18110;06-autres communes et unités urbaines;1;19;37;17,4;Moins de 2000 entrées;NON;;C;28;10;0;26,2;8,8;42,1;22,9;9;96,5
767;42 599;31 377;CINE ESPACE EVASION;34,3;44.087669;6.231264;138595;PROVENCE-ALPES-COTE D'AZUR;4070;17240;4;4301;Digne-les-Bains;18110;06-autres communes et unités urbaines;4;32;3 731;35,8;De 40 à 50 000 entrées;E;RDJP;C;202;175;151;44,7;41,7;12,8;0,7;88;25,3
1288;110 154;70 252;DRAGUIMOND                                                      ;11,1;43.532372;6.472812;142626;PROVENCE-ALPES-COTE D'AZUR;83050;40015;83;83501;Draguignan;82347;05-Unités urbaines de 20 000 à 100 000 hbts;7;32;8 399;56,8;De 100 à 150 000 entrées;NON;;C;151;123;100;30,7;54,4;13,1;1,8;36;7,3
128;515;1 182;CINE GARRIGUES;47,1;43.990835;3.955297;144230;OCCITANIE;30106;723;30;0;Zone rurale;14862638;04-Unités urbaines de 100 000 hbts ou plus;1;7;17;-56,4;Moins de 2000 entrées;NON;;R;12;12;0;62,7;30,1;7,2;0;6;31,8
157;5 577;3 806;CINEMAGINAIRE;41,5;42.601026;2.9735;146576;OCCITANIE;66065;9217;66;66401;Saint-Cyprien;55343;05-Unités urbaines de 20 000 à 100 000 hbts;1;32;371;46,5;De 5 à 10 000 entrées;D;JP;C;129;110;26;64,4;18,1;16,8;0,7;57;41,9
388;23 114;21 513;CINEMAS G LAMIC;37,8;44.564376;6.493852;146762;PROVENCE-ALPES-COTE D'AZUR;5046;6645;5;5201;Embrun;7271;06-autres communes et unités urbaines;2;30;825;7,4;De 20 à 30 000 entrées;E;RDJP;C;135;125;42;53,1;33,9;11,6;1,4;60;32,6
208;876;2 055;COMMUNE D'ENCHASTRAYES;8,5;44.371085;6.682435;146931;PROVENCE-ALPES-COTE D'AZUR;4073;404;4;0;Zone rurale;14862638;04-Unités urbaines de 100 000 hbts ou plus;1;10;120;-57,4;Moins de 2000 entrées;NON;;R;49;48;8;48;40,2;11,9;0;5;6,2
198;3 834;2 495;POLYMAGES;27,1;43.695168;5.030541;154712;PROVENCE-ALPES-COTE D'AZUR;13035;7089;13;13207;Eyguières;7089;06-autres communes et unités urbaines;1;29;273;53,7;De 2 à 5 000 entrées;E;;I;64;54;9;43,1;43,6;12,2;1,1;21;15,7
150;9 039;6 005;CINEM AUDE 2000 VILLATGE AL PAIS;39,6;43.158478;2.727734;155143;OCCITANIE;11140;1233;11;0;Zone rurale;14862638;04-Unités urbaines de 100 000 hbts ou plus;1;32;482;50,5;De 5 à 10 000 entrées;E;RDJPPR;R;144;102;4;62,5;23,1;13,2;1,2;50;31,6
254;1 388;1 754;ASSOCIATION MAISON POUR TOUS;30;43.620961;6.698294;157011;PROVENCE-ALPES-COTE D'AZUR;83055;5851;83;83301;Fayence;11476;06-autres communes et unités urbaines;1;30;80;-20,9;Moins de 2000 entrées;NON;;C;79;70;2;52;39,4;8,3;0,3;21;27,6
96;3 419;2 707;CINE BLEU FOYER RURAL                                           ;68,1;43.382416;6.204033;160410;PROVENCE-ALPES-COTE D'AZUR;83057;3614;83;83108;Flassans-sur-Issole;3614;06-autres communes et unités urbaines;1;32;239;26,3;De 2 à 5 000 entrées;E;;I;104;82;4;46,9;40,1;11,7;1,3;58;20,5
237;817;1 161;CYAN LOISIRS;18,9;42.505205;2.040244;164731;OCCITANIE;66124;2082;66;0;Zone rurale;14862638;04-Unités urbaines de 100 000 hbts ou plus;1;16;97;-29,6;Moins de 2000 entrées;NON;;R;49;48;0;40,6;33,6;25,8;0;11;21,8
135;5 076;4 568;COMMUNE DE FONTVIEILLE;32,6;43.726491;4.708604;164771;PROVENCE-ALPES-COTE D'AZUR;13038;3648;13;13106;Fontvieille;3648;06-autres communes et unités urbaines;1;26;287;11,1;De 5 à 10 000 entrées;E;;I;74;67;1;61,9;26,7;11,4;0;24;27
135;13 874;13 776;LE CINEMATOGRAPHE;76,4;43.959829;5.781061;164831;PROVENCE-ALPES-COTE D'AZUR;4088;5156;4;4202;Forcalquier;6538;06-autres communes et unités urbaines;1;30;659;0,7;De 10 à 20 000 entrées;E;RDJPPR;C;127;98;4;62,2;17,4;14,9;5,5;79;73,8
392;13 397;9 845;CENTRE CULTUREL MARCEL PAGNOL;38,6;43.453954;4.943629;165884;PROVENCE-ALPES-COTE D'AZUR;13039;15783;13;759;Marseille - Aix-en-Provence;1619129;04-Unités urbaines de 100 000 hbts ou plus;2;32;1 507;36,1;De 10 à 20 000 entrées;C;JPPR;B;225;177;18;39;45,1;14,4;1,6;90;16,2
502;18 899;14 304;LES CINEMAS DE ST RAPHAEL;89,1;43.432981;6.732812;168942;PROVENCE-ALPES-COTE D'AZUR;83061;54623;83;83502;Fréjus;99026;05-Unités urbaines de 20 000 à 100 000 hbts;3;32;2 565;32,1;De 10 à 20 000 entrées;D;;C;149;117;81;55,6;22,4;15,9;6,1;92;73,1
450;7 321;4 866;FORUM DES ARTS;12,7;43.3974611;6.718800399999964;168953;PROVENCE-ALPES-COTE D'AZUR;83061;54623;83;83502;Fréjus;99026;05-Unités urbaines de 20 000 à 100 000 hbts;1;10;65;50,5;De 5 à 10 000 entrées;NON;;C;38;36;7;49,9;41,3;8,8;0;7;4,7
152;28 931;22 714;CINEMISTRAL;37,4;43.447733;3.752698;171242;OCCITANIE;34108;22955;34;34502;Sète;92444;05-Unités urbaines de 20 000 à 100 000 hbts;1;32;1 005;27,4;De 20 à 30 000 entrées;D;JP;C;186;165;33;49,1;35,5;11,4;4;84;26,9
263;15 685;13 271;COMMUNE DE FURIANI;9,8;42.657224;9.423381;171650;CORSE;2B120;5754;2B;2B501;Bastia;72412;05-Unités urbaines de 20 000 à 100 000 hbts;1;32;728;18,2;De 10 à 20 000 entrées;NON;;B;42;32;15;23,2;63,6;11,5;1,7;3;9,8
166;9 454;6 064;MIREILLE LACAN ET CIE;25,9;43.936455;3.709731;172662;OCCITANIE;34111;4128;34;34209;Ganges;8253;06-autres communes et unités urbaines;1;32;712;55,9;De 5 à 10 000 entrées;E;;C;170;141;28;52;36,7;9,2;2,2;68;26,5
640;67 057;41 936;LE PALACE;7,8;44.557036;6.078807;172741;PROVENCE-ALPES-COTE D'AZUR;5061;42114;5;5401;Gap;42593;05-Unités urbaines de 20 000 à 100 000 hbts;6;32;5 316;59,9;De 50 à 80 000 entrées;NON;;C;112;104;102;38,5;47,4;13,1;1;9;6,7
274;10 898;9 448;ASSOCIATION CONFERENCE JEANNE D'ARC;66;44.559365;6.078993;172743;PROVENCE-ALPES-COTE D'AZUR;5061;42114;5;5401;Gap;42593;05-Unités urbaines de 20 000 à 100 000 hbts;1;32;906;15,3;De 10 à 20 000 entrées;NON;;C;32;24;23;65;28,1;7;0;16;70,7
104;7 296;8 396;ASSOCIATION CONFERENCE JEANNE D'ARC;98,3;44.55986;6.07839;172744;PROVENCE-ALPES-COTE D'AZUR;5061;42114;5;5401;Gap;42593;05-Unités urbaines de 20 000 à 100 000 hbts;1;32;916;-13,1;De 5 à 10 000 entrées;D;RD;C;71;63;41;73,6;0,4;14,8;11,2;61;99,7
163;15 846;11 413;GARDANNE ACTION CINEMA;50,2;43.454749;5.470731;172961;PROVENCE-ALPES-COTE D'AZUR;13041;21714;13;759;Marseille - Aix-en-Provence;1619129;04-Unités urbaines de 100 000 hbts ou plus;2;32;1 941;38,8;De 10 à 20 000 entrées;C;;B;169;141;27;67,2;22,8;8,8;1,2;80;51
141;2 724;4 384;COMMUNE DE LA GARDE;91,5;43.124317;6.009199;173083;PROVENCE-ALPES-COTE D'AZUR;83062;25692;83;757;Toulon;588245;04-Unités urbaines de 100 000 hbts ou plus;1;16;157;-37,9;De 2 à 5 000 entrées;C;;B;34;26;0;85,4;2,8;10,6;1,1;23;84,3
177;4 705;3 562;TOURNEE FAMILIA;43,6;43.721609;7.149739;173991;PROVENCE-ALPES-COTE D'AZUR;6065;6918;6;6701;Nice;955949;04-Unités urbaines de 100 000 hbts ou plus;1;30;419;32,1;De 2 à 5 000 entrées;NON;;B;124;113;8;60,9;20,3;15,8;3;56;39,9
323;1 226;1 580;CINEODE;31,1;43.287544;5.6229;174813;PROVENCE-ALPES-COTE D'AZUR;13042;6677;13;759;Marseille - Aix-en-Provence;1619129;04-Unités urbaines de 100 000 hbts ou plus;1;23;97;-22,4;Moins de 2000 entrées;NON;;B;60;55;0;42;27,8;30,2;0;18;6,9
295;8 380;6 296;REGIE CULTURELLE OUEST PROVENCE                                 ;66,1;43.608373;5.064398;183942;PROVENCE-ALPES-COTE D'AZUR;13044;5202;13;13501;Salon-de-Provence;62726;05-Unités urbaines de 20 000 à 100 000 hbts;1;32;595;33,1;De 5 à 10 000 entrées;D;RDJPPR;B;144;97;3;58,3;26,8;9,8;5,1;67;50,2
230;5 344;5 596;COMMUNE DE GRASSE;55,2;43.659584;6.922053;184053;PROVENCE-ALPES-COTE D'AZUR;6069;49804;6;6701;Nice;955949;04-Unités urbaines de 100 000 hbts ou plus;2;25;969;-4,5;De 5 à 10 000 entrées;C;;B;181;155;16;59,1;17,8;17;6,1;89;55,5
425;24 917;15 359;SARL VOG;34,3;43.544412;4.131107;184213;OCCITANIE;30133;8530;30;362;Le Grau-du-Roi;17390;06-autres communes et unités urbaines;2;32;1 750;62,2;De 20 à 30 000 entrées;E;;B;176;162;76;61,8;25,6;11,7;0,8;74;24,5
641;14 991;8 780;ECOCINE VERDON                                                  ;36;43.757246;5.886021;185173;PROVENCE-ALPES-COTE D'AZUR;4094;2683;4;4101;Gréoux-les-Bains;2683;06-autres communes et unités urbaines;2;31;1 175;70,7;De 10 à 20 000 entrées;E;RDJP;I;112;102;6;70,1;20,9;8,3;0,7;47;30,4
185;6 103;4 234;CINE GUIL;24,7;44.662223;6.649662;188341;PROVENCE-ALPES-COTE D'AZUR;5065;2420;5;5102;Guillestre;3414;06-autres communes et unités urbaines;1;29;526;44,1;De 5 à 10 000 entrées;E;JP;C;107;92;7;56,6;31,2;11,9;0,4;37;22
730;73 292;50 589;MANGOT DANIEL ET MANGOT DANIELLE;25,7;43.118684;6.128014;199831;PROVENCE-ALPES-COTE D'AZUR;83069;56047;83;757;Toulon;588245;04-Unités urbaines de 100 000 hbts ou plus;6;32;5 472;44,9;De 50 à 80 000 entrées;C;;B;116;97;85;49,3;36,8;13,8;0,1;31;19,5
92;3 579;2 619;ASSOCIATION LA STRADA;65,4;43.916183;5.048509;201753;PROVENCE-ALPES-COTE D'AZUR;84054;20179;84;754;Avignon;467426;04-Unités urbaines de 100 000 hbts ou plus;1;32;214;36,7;De 2 à 5 000 entrées;C;;B;96;81;0;73,2;21;5,1;0,7;52;52,4
150;1 660;2 862;CINE SAUSSET;1,7;44.18736;7.045728;201821;PROVENCE-ALPES-COTE D'AZUR;6073;679;6;0;Zone rurale;14862638;04-Unités urbaines de 100 000 hbts ou plus;1;11;119;-42;Moins de 2000 entrées;NON;;R;29;28;2;31,7;63,4;4,9;0;1;0,1
435;46 410;29 704;REGIE CULTURELLE OUEST PROVENCE                                 ;27,1;43.514195;4.987268;202292;PROVENCE-ALPES-COTE D'AZUR;13047;44059;13;759;Marseille - Aix-en-Provence;1619129;04-Unités urbaines de 100 000 hbts ou plus;4;32;3 653;56,2;De 40 à 50 000 entrées;C;RDJPPR;B;177;138;69;29,5;59,4;10;1,1;74;12,4
100;9 458;8 675;ASSOCIATION LA STRADA;65,4;43.847212;5.273548;210701;PROVENCE-ALPES-COTE D'AZUR;84058;417;84;0;Zone rurale;14862638;04-Unités urbaines de 100 000 hbts ou plus;1;32;343;9;De 5 à 10 000 entrées;E;JP;R;99;80;0;71,3;17,8;7,6;3,2;53;52,2
107;3 740;2 232;COMMUNE DE LAMALOU LES BAINS;28,3;43.593733;3.082206;213233;OCCITANIE;34126;2525;34;34302;Bédarieux;13332;06-autres communes et unités urbaines;1;30;303;67,6;De 2 à 5 000 entrées;E;;B;89;77;10;70,9;17,7;9,4;2;31;34,5
137;11 579;9 844;CINE BONNE NOUVELLE;24,4;43.653486;5.262357;213542;PROVENCE-ALPES-COTE D'AZUR;13050;10072;13;13213;Lambesc;10072;06-autres communes et unités urbaines;1;33;543;17,6;De 10 à 20 000 entrées;NON;;I;76;59;0;52,5;37,6;10;0;20;21,9
191;6 213;5 277;COMMUNE DE LANGOGNE;30,8;44.726847;3.856667;215581;OCCITANIE;48080;3079;48;48102;Langogne;3459;06-autres communes et unités urbaines;1;32;440;17,7;De 5 à 10 000 entrées;NON;;C;99;90;0;51;32,6;16,4;0;27;18
162;6 562;4 764;MERITAN THIERRY PATRICK GEORGES;36,2;44.314841;5.822237;217372;PROVENCE-ALPES-COTE D'AZUR;5070;3588;5;5104;Laragne-Montéglin;3952;06-autres communes et unités urbaines;1;30;761;37,7;De 5 à 10 000 entrées;E;JPPR;C;164;141;6;55,4;32,3;11,5;0,8;56;27,4
2458;183 046;111 924;MONDLATTES;12,6;43.584563;3.935363;219191;OCCITANIE;34129;16928;34;34701;Montpellier;455313;04-Unités urbaines de 100 000 hbts ou plus;12;32;14 263;63,5;De 150 à 200 000 entrées;NON;;B;171;144;145;34,8;49,7;14;1,5;24;7,7
544;7 507;8 738;DPL;1,3;43.135578;6.358877;220334;PROVENCE-ALPES-COTE D'AZUR;83070;6043;83;83308;Bormes-les-Mimosas - Le Lavandou;15087;06-autres communes et unités urbaines;1;12;79;-14,1;De 5 à 10 000 entrées;NON;;B;41;35;19;48;44;8;0;1;0,1
205;18 679;0;NORD OUEST EXPLOITATION CINEMAS;17,9;43.137825;6.355187;220335;PROVENCE-ALPES-COTE D'AZUR;83070;6043;83;83308;Bormes-les-Mimosas - Le Lavandou;15087;06-autres communes et unités urbaines;1;32;872;#DIV/0!;De 10 à 20 000 entrées;NON;;B;174;143;57;51,1;36,4;11,9;0,6;64;11,2
451;33 386;13 405;CINEX LOISIRS;21,2;42.841052;3.039151;224165;OCCITANIE;11202;4577;11;0;Zone rurale;14862638;04-Unités urbaines de 100 000 hbts ou plus;3;32;2 591;149,1;De 30 à 40 000 entrées;E;JPPR;R;161;135;88;44,7;41;13,6;0,7;58;12,8
210;4 507;2 835;LES CINEMAS DE ST RAPHAEL;8,3;43.860403;7.223268;224532;PROVENCE-ALPES-COTE D'AZUR;6075;4772;6;6108;Levens;4772;06-autres communes et unités urbaines;1;31;140;59;De 2 à 5 000 entrées;NON;;I;56;48;0;45,2;48,2;6,5;0;8;8,4
199;5 237;3 105;CINEM AUDE 2000 VILLATGE AL PAIS;49,2;43.200704;2.758263;225081;OCCITANIE;11203;11449;11;11206;Lézignan-Corbières;11449;06-autres communes et unités urbaines;1;32;258;68,7;De 5 à 10 000 entrées;E;JPPR;I;147;113;4;74,6;17,5;6,5;1,4;62;59
350;6 081;3 381;CINEM AUDE 2000 VILLATGE AL PAIS;46;43.055193;2.214156;228531;OCCITANIE;11206;10625;11;11301;Limoux;13429;06-autres communes et unités urbaines;1;32;302;79,9;De 5 à 10 000 entrées;E;JPPR;C;164;122;4;67,6;18,5;10,5;3,4;70;44,8
270;15 942;12 849;COMMUNE DE LODEVE;43,3;43.732596;3.314911;230475;OCCITANIE;34142;7703;34;34214;Lodève;10188;06-autres communes et unités urbaines;2;32;1 236;24,1;De 10 à 20 000 entrées;E;RDPR;C;160;138;25;49;33,2;15,7;2,1;72;35,6
120;5 863;5 354;CINE ESPACE EVASION;80,3;43.493104;6.361864;232943;PROVENCE-ALPES-COTE D'AZUR;83072;9289;83;83303;Lorgues;11124;06-autres communes et unités urbaines;1;32;416;9,5;De 5 à 10 000 entrées;E;RD;C;139;114;4;68,6;12,5;13,2;5,6;92;71,8
100;4 609;2 674;POLYMAGES;33,1;43.395569;6.311016;235561;PROVENCE-ALPES-COTE D'AZUR;83073;11119;83;83307;Le Luc;15460;06-autres communes et unités urbaines;1;32;393;72,4;De 2 à 5 000 entrées;E;;C;115;101;1;53,3;28,8;17,3;0,6;40;23,1
375;32 859;23 460;FALISSARD ALAIN JEAN-PIERRE;14,7;43.677738;4.131204;236511;OCCITANIE;34145;26522;34;463;Lunel;52616;05-Unités urbaines de 20 000 à 100 000 hbts;3;30;1 916;40,1;De 30 à 40 000 entrées;D;;C;129;108;62;41;48,8;9,6;0,5;46;13,3
259;1 973;2 663;AIX FILMS;31,1;43.535959;6.929182;243839;PROVENCE-ALPES-COTE D'AZUR;6079;22121;6;6701;Nice;955949;04-Unités urbaines de 100 000 hbts ou plus;1;24;79;-25,9;Moins de 2000 entrées;NON;;B;50;47;0;58,9;31,3;9,8;0;13;21,1
97;911;664;ASSOCIU SCOPRE;54,2;42.235245;8.804724;247550;CORSE;2A154;115;2A;0;Zone rurale;14862638;04-Unités urbaines de 100 000 hbts ou plus;1;29;203;37,2;Moins de 2000 entrées;E;;R;111;80;0;53,9;27;12,5;6,7;43;56,2
252;15 500;10 073;ASSOCIATION DE GESTION, PROGRAMMATION ET ANIMATION DE CINEMAS;36;43.419763;5.213706;247565;PROVENCE-ALPES-COTE D'AZUR;13054;33024;13;759;Marseille - Aix-en-Provence;1619129;04-Unités urbaines de 100 000 hbts ou plus;2;32;1 780;53,9;De 10 à 20 000 entrées;C;JP;B;149;132;38;44,1;45,9;9,8;0,3;65;17,9
1433;159 859;88 909;SOCIETE PRADEX;15,5;43.28385;5.384511;249441;PROVENCE-ALPES-COTE D'AZUR;13055;874619;13;759;Marseille - Aix-en-Provence;1619129;04-Unités urbaines de 100 000 hbts ou plus;11;32;11 362;79,8;De 150 à 200 000 entrées;NON;;C;160;137;129;41,4;42,8;13,1;2,6;30;12,4
806;57 628;36 211;SOCIETE DES CINEMAS DE BONNEVEINE;15,6;43.249625;5.389984;249451;PROVENCE-ALPES-COTE D'AZUR;13055;874619;13;759;Marseille - Aix-en-Provence;1619129;04-Unités urbaines de 100 000 hbts ou plus;5;32;4 380;59,1;De 50 à 80 000 entrées;NON;;C;79;66;56;36;50,7;12,7;0,5;11;11,8
1358;94 028;66 259;PATHE MARSEILLE;40,9;43.300347;5.399852;249471;PROVENCE-ALPES-COTE D'AZUR;13055;874619;13;759;Marseille - Aix-en-Provence;1619129;04-Unités urbaines de 100 000 hbts ou plus;8;32;7 153;41,9;De 80 à 100 000 entrées;NON;;C;185;153;124;44,1;45,4;9,8;0,7;75;30,8
458;36 431;23 111;SOCIETE BASTILLE SAINT ANTOINE;95,3;43.28624;5.383262;249563;PROVENCE-ALPES-COTE D'AZUR;13055;874619;13;759;Marseille - Aix-en-Provence;1619129;04-Unités urbaines de 100 000 hbts ou plus;3;32;2 715;57,6;De 30 à 40 000 entrées;A;RD;C;108;69;56;58,1;23,9;13,6;4,4;65;97,4
460;56 138;39 790;SOCIETE DU CINEMA DU PRADO;34,2;43.273044;5.391418;249581;PROVENCE-ALPES-COTE D'AZUR;13055;874619;13;759;Marseille - Aix-en-Provence;1619129;04-Unités urbaines de 100 000 hbts ou plus;4;32;3 825;41,1;De 50 à 80 000 entrées;NON;;C;61;47;44;55,7;25,7;18,6;0;15;37,6
565;98 569;79 627;SOCIETE BASTILLE SAINT ANTOINE;92,6;43.297447;5.379767;249791;PROVENCE-ALPES-COTE D'AZUR;13055;874619;13;759;Marseille - Aix-en-Provence;1619129;04-Unités urbaines de 100 000 hbts ou plus;7;32;6 972;23,8;De 80 à 100 000 entrées;A;RDJPPR;C;245;165;155;57,8;22,4;11,5;8,4;152;90,9
2436;381 211;248 991;SOCIETE DES CINEMAS DE LA VALENTINE;10,1;43.289155;5.481134;249831;PROVENCE-ALPES-COTE D'AZUR;13055;874619;13;759;Marseille - Aix-en-Provence;1619129;04-Unités urbaines de 100 000 hbts ou plus;11;32;9 870;53,1;De 300 à 450 000 entrées;NON;;C;135;113;110;27,4;57,9;13,9;0,8;18;5,8
256;20 583;15 899;CINEMARSEILLE;84,8;43.360713;5.330247;249942;PROVENCE-ALPES-COTE D'AZUR;13055;874619;13;759;Marseille - Aix-en-Provence;1619129;04-Unités urbaines de 100 000 hbts ou plus;1;32;916;29,5;De 20 à 30 000 entrées;A;RDJPPR;C;179;107;20;64,6;16,1;15,5;3,7;82;79,2
345;9 931;7 580;CINEMATHEQUE DE MARSEILLE;25;43.294553;5.498707;250410;PROVENCE-ALPES-COTE D'AZUR;13055;874619;13;759;Marseille - Aix-en-Provence;1619129;04-Unités urbaines de 100 000 hbts ou plus;1;32;781;31;De 5 à 10 000 entrées;NON;;C;69;53;4;40,4;45,8;13,8;0;16;18,8
230;5 622;9 201;FRICHE LA BELLE DE MAI                                          ;65,5;43.312724;5.384422;250412;PROVENCE-ALPES-COTE D'AZUR;13055;874619;13;759;Marseille - Aix-en-Provence;1619129;04-Unités urbaines de 100 000 hbts ou plus;1;12;203;-38,9;De 5 à 10 000 entrées;A;RDJPPR;C;38;21;6;72,9;21,1;2,5;3,5;14;54,5
177;6 705;4 754;TRIANON CINEMA;32,8;44.551614;3.291609;251251;OCCITANIE;48092;4911;48;48201;Marvejols;6196;06-autres communes et unités urbaines;1;32;519;41;De 5 à 10 000 entrées;E;JP;C;87;76;0;60,4;28,2;11,4;0;26;20,1
260;8 178;4 952;CINEMAGINAIRE;11,3;42.814211;2.600537;253313;OCCITANIE;66107;798;66;0;Zone rurale;14862638;04-Unités urbaines de 100 000 hbts ou plus;1;32;209;65,1;De 5 à 10 000 entrées;E;;R;62;53;19;67,3;25,1;7,6;0;14;6
402;23 655;18 185;SOCIETE ANONYME IMMOBILIERE D ECONOMIE MIXTE MENDE FONTANILLES;27;44.519155;3.499538;256211;OCCITANIE;48095;13049;48;48301;Mende;13049;06-autres communes et unités urbaines;3;30;1 488;30,1;De 20 à 30 000 entrées;E;RDJP;I;126;106;29;43,2;41,7;12,6;2,5;42;13,1
377;33 307;22 686;LES CINEMAS DE ST RAPHAEL;24,9;43.775396;7.50197;257302;PROVENCE-ALPES-COTE D'AZUR;6083;30717;6;6501;Menton - Monaco (partie française);71481;05-Unités urbaines de 20 000 à 100 000 hbts;3;32;2 833;46,8;De 30 à 40 000 entrées;NON;;C;154;134;68;42;43,9;13,6;0,5;56;15,9
144;10 467;7 008;CENTRE COMMUNAL POUR LA PROMOTION CULTURELLE;20,7;43.421612;3.601996;261623;OCCITANIE;34157;12177;34;34301;Mèze;12177;06-autres communes et unités urbaines;1;28;407;49,4;De 10 à 20 000 entrées;E;JP;I;122;106;10;48,3;37,1;13,4;1,3;36;13,9
165;6 523;8 187;ASSOCIATION CENTRE CULTUREL DE MIRAMAS;64,5;43.581558;5.001721;263261;PROVENCE-ALPES-COTE D'AZUR;13063;27062;13;759;Marseille - Aix-en-Provence;1619129;04-Unités urbaines de 100 000 hbts ou plus;1;19;517;-20,3;De 5 à 10 000 entrées;C;JP;B;117;71;5;62,2;15,5;17,4;4,8;48;52,2
128;3 708;4 472;SOCIETE DES CINEMAS DE LA GUISANE;44,1;44.975571;6.50728;266752;PROVENCE-ALPES-COTE D'AZUR;5079;1079;5;0;Zone rurale;14862638;04-Unités urbaines de 100 000 hbts ou plus;2;19;372;-17,1;De 2 à 5 000 entrées;NON;;R;42;36;1;62,2;25,2;10,7;1,9;19;41,6
284;11 717;8 852;ASSOCIATION MAISON POUR TOUS;34,5;43.618473;6.771904;268972;PROVENCE-ALPES-COTE D'AZUR;83081;6610;83;83205;Montauroux;9922;06-autres communes et unités urbaines;1;32;706;32,4;De 10 à 20 000 entrées;E;JP;C;165;141;4;49,6;35,6;13,8;1;61;24,8
188;2 415;2 048;OFFICE DU TOURISME DE MONTGENEVRE;11,1;44.932175;6.724754;272358;PROVENCE-ALPES-COTE D'AZUR;5085;470;5;0;Zone rurale;14862638;04-Unités urbaines de 100 000 hbts ou plus;1;17;156;17,9;De 2 à 5 000 entrées;NON;;R;74;68;18;50,9;37,9;11,2;0;9;4,9
1067;168 217;143 374;TRANSVERSAL FILMS;91,2;43.607742;3.880324;275201;OCCITANIE;34172;293410;34;34701;Montpellier;455313;04-Unités urbaines de 100 000 hbts ou plus;6;32;7 214;17,3;De 150 à 200 000 entrées;A;RDJPPR;C;242;194;190;60;20,8;12,2;7;174;91
265;35 982;36 654;UTOPIA SAINTE BERNADETTE;94,5;43.628684;3.868881;275205;OCCITANIE;34172;293410;34;34701;Montpellier;455313;04-Unités urbaines de 100 000 hbts ou plus;3;32;2 919;-1,8;De 30 à 40 000 entrées;A;RDJPPR;C;201;118;22;63,9;12,3;14,1;9,6;110;94,4
1113;148 926;79 199;GAUMONT;16,6;43.609061;3.880069;275273;OCCITANIE;34172;293410;34;34701;Montpellier;455313;04-Unités urbaines de 100 000 hbts ou plus;8;32;7 778;88;De 100 à 150 000 entrées;NON;;C;188;144;106;35,8;46,6;15,9;1,7;50;14,2
3919;570 231;360 348;GAUMONT;18,7;43.603985;3.91557;275311;OCCITANIE;34172;293410;34;34701;Montpellier;455313;04-Unités urbaines de 100 000 hbts ou plus;17;32;17 302;58,2;De 450 à 700 000 entrées;NON;;C;202;173;169;29,8;54,8;14,2;1,3;57;12,7
107;11 265;10 153;VILLE DE MONTPELLIER                                            ;77,5;43.61435;3.828731;275334;OCCITANIE;34172;293410;34;34701;Montpellier;455313;04-Unités urbaines de 100 000 hbts ou plus;1;32;979;11;De 10 à 20 000 entrées;A;RDJPPR;C;177;124;4;63,6;10,8;18,8;6,8;97;76,2
88;4 506;3 163;VILLE DE MONTPELLIER;9,5;43.624323;3.817591;275336;OCCITANIE;34172;293410;34;34701;Montpellier;455313;04-Unités urbaines de 100 000 hbts ou plus;1;32;463;42,5;De 2 à 5 000 entrées;NON;;C;85;61;0;36;46,3;17,7;0;9;15,2
200;559;741;ABC CINEMA SARL;22,2;43.620396;6.969027;279662;PROVENCE-ALPES-COTE D'AZUR;6084;10207;6;6701;Nice;955949;04-Unités urbaines de 100 000 hbts ou plus;1;8;9;-24,6;Moins de 2000 entrées;NON;;B;8;8;1;91,2;8,8;0;0;1;21,1
846;112 743;80 956;SARL DES CINEMAS DE LA ROSIERE                                  ;22,7;43.617882;6.97286;279663;PROVENCE-ALPES-COTE D'AZUR;6084;10207;6;6701;Nice;955949;04-Unités urbaines de 100 000 hbts ou plus;5;32;4 695;39,3;De 100 à 150 000 entrées;C;;B;127;112;84;35,6;51,1;13,2;0,1;47;13,5
1258;148 166;95 690;SOCIETE NARBONNAISE DE SPECTACLES;11,9;43.163076;2.984491;285966;OCCITANIE;11262;56550;11;11502;Narbonne;56550;05-Unités urbaines de 20 000 à 100 000 hbts;9;32;10 571;54,8;De 100 à 150 000 entrées;NON;;I;140;122;123;34,2;52;12,7;1,1;19;6,6
260;11 278;12 872;REGAIN;95,3;43.180232;3.014167;285975;OCCITANIE;11262;56550;11;11502;Narbonne;56550;05-Unités urbaines de 20 000 à 100 000 hbts;1;28;407;-12,4;De 10 à 20 000 entrées;D;RDJP;I;116;79;14;67;9,7;14,7;8,5;74;96,3
703;43 611;39 934;CINEMA RIALTO;97,5;43.696032;7.258586;290022;PROVENCE-ALPES-COTE D'AZUR;6088;343889;6;6701;Nice;955949;04-Unités urbaines de 100 000 hbts ou plus;5;32;5 459;9,2;De 40 à 50 000 entrées;A;RD;C;114;97;97;58,9;13,9;18,4;8,8;93;98,9
1108;66 499;36 562;CINEMA CASINO DES VARIETES;17,2;43.699902;7.26609;290032;PROVENCE-ALPES-COTE D'AZUR;6088;343889;6;6701;Nice;955949;04-Unités urbaines de 100 000 hbts ou plus;7;32;7 566;81,9;De 50 à 80 000 entrées;NON;;C;94;89;89;43;40,2;16,4;0,4;14;17,7
1366;112 274;101 738;PATHE NICE;54;43.702059;7.266941;290044;PROVENCE-ALPES-COTE D'AZUR;6088;343889;6;6701;Nice;955949;04-Unités urbaines de 100 000 hbts ou plus;7;32;7 140;10,4;De 100 à 150 000 entrées;NON;;C;143;124;109;59,3;28,7;11;0,9;68;41,8
149;3 649;1 878;ESPACE MAGNAN;100;43.692782;7.245773;290063;PROVENCE-ALPES-COTE D'AZUR;6088;343889;6;6701;Nice;955949;04-Unités urbaines de 100 000 hbts ou plus;1;14;106;94,3;De 2 à 5 000 entrées;NON;;C;32;1;0;0;0;100;0;1;100
154;22 870;27 523;DEPARTEMENT DES ALPES MARITIMES;79,1;43.700772;7.280789;290093;PROVENCE-ALPES-COTE D'AZUR;6088;343889;6;6701;Nice;955949;04-Unités urbaines de 100 000 hbts ou plus;3;27;2 272;-16,9;De 20 à 30 000 entrées;A;RDJP;C;276;217;67;67,4;11,8;11,3;9,6;161;73,9
2816;303 791;223 424;EUROPALACES NICE BOULOGNE;12,2;43.671643;7.203332;290191;PROVENCE-ALPES-COTE D'AZUR;6088;343889;6;6701;Nice;955949;04-Unités urbaines de 100 000 hbts ou plus;13;32;13 062;36;De 300 à 450 000 entrées;NON;;C;153;137;137;28,2;55,2;15,8;0,8;24;6,9
1537;295 956;188 260;PATHE NICE GARE DU SUD;10,5;43.709724;7.261413;290388;PROVENCE-ALPES-COTE D'AZUR;6088;343889;6;6701;Nice;955949;04-Unités urbaines de 100 000 hbts ou plus;9;32;9 030;57,2;De 200 à 300 000 entrées;NON;;C;165;133;84;30,3;53,7;14,6;1,4;45;11
571;95 475;89 652;LE SEMAPHORE;97,4;43.833909;4.357425;290975;OCCITANIE;30189;151875;30;30601;Nîmes;187346;04-Unités urbaines de 100 000 hbts ou plus;6;32;6 757;6,5;De 80 à 100 000 entrées;B;RDJPPR;C;266;168;149;63,6;15;15,2;6,2;160;97,6
2928;251 942;173 839;FORUM KINEPOLIS;13;43.814338;4.367462;291014;OCCITANIE;30189;151875;30;30601;Nîmes;187346;04-Unités urbaines de 100 000 hbts ou plus;12;32;11 547;44,9;De 200 à 300 000 entrées;NON;;C;174;149;146;28,8;55,3;14,8;1,1;30;5,9
1604;121 505;69 534;CAP CINEMA NUMES;6,7;43.856426;4.403645;291027;OCCITANIE;30189;151875;30;30601;Nîmes;187346;04-Unités urbaines de 100 000 hbts ou plus;10;32;11 809;74,7;De 100 à 150 000 entrées;NON;;C;144;127;124;31,4;53,2;13,2;2,2;13;5
161;1 914;1 647;LE CINOCHE                                                      ;50;43.875599;4.9035;294314;PROVENCE-ALPES-COTE D'AZUR;13066;5935;13;754;Avignon;467426;04-Unités urbaines de 100 000 hbts ou plus;1;25;104;16,2;Moins de 2000 entrées;NON;;B;93;69;0;61,6;21,2;15;2,3;34;37,5
283;18 781;15 081;CINE FORUM;15,4;44.137785;4.809487;297871;PROVENCE-ALPES-COTE D'AZUR;84087;29587;84;754;Avignon;467426;04-Unités urbaines de 100 000 hbts ou plus;3;26;1 880;24,5;De 10 à 20 000 entrées;C;;B;94;84;40;44,4;45,8;8,3;1,4;27;9,9
244;4 126;5 600;CINE GUIL;11,2;44.708057;6.341919;298142;PROVENCE-ALPES-COTE D'AZUR;5096;688;5;0;Zone rurale;14862638;04-Unités urbaines de 100 000 hbts ou plus;2;12;364;-26,3;De 2 à 5 000 entrées;NON;;R;35;34;8;30,9;59;9,6;0,4;7;3,4
255;3 952;6 429;CINEMAS G LAMIC;6,1;44.493107;6.556982;299451;PROVENCE-ALPES-COTE D'AZUR;5098;569;5;0;Zone rurale;14862638;04-Unités urbaines de 100 000 hbts ou plus;1;13;101;-38,5;De 2 à 5 000 entrées;NON;;R;44;42;18;39,8;49,4;10,8;0;4;0,8
216;3 735;3 560;SYNDICAT INTERCOMMUNAL POUR LA VALORISA DU PATRIMOINE CERDAN;19,6;42.4151068;1.9811399999999821;300171;OCCITANIE;66130;1410;66;0;Zone rurale;14862638;04-Unités urbaines de 100 000 hbts ou plus;1;28;170;4,9;De 2 à 5 000 entrées;E;;R;102;92;0;45;43,6;10,4;1;24;15,1
212;1 783;2 245;CINE PLAN;40,4;43.527952;3.931577;302596;OCCITANIE;34192;5944;34;34206;Palavas-les-Flots;5944;06-autres communes et unités urbaines;1;27;143;-20,6;Moins de 2000 entrées;NON;;I;42;32;0;72,6;17,2;10,2;0;13;36,9
127;3 206;0;COMMUNE DE LA PENNE SUR HUVEAUNE;42,8;43.28176;5.511895;306453;PROVENCE-ALPES-COTE D'AZUR;13070;6506;13;759;Marseille - Aix-en-Provence;1619129;04-Unités urbaines de 100 000 hbts ou plus;1;28;500;#DIV/0!;De 2 à 5 000 entrées;NON;;B;69;56;1;61;28,7;10,2;0;24;28,5
3507;614 903;409 833;SOCIETE IMMOBILIERE DU PATHE PALACE;13;43.413496;5.356466;306521;PROVENCE-ALPES-COTE D'AZUR;13071;21702;13;759;Marseille - Aix-en-Provence;1619129;04-Unités urbaines de 100 000 hbts ou plus;16;32;16 825;50;De 450 à 700 000 entrées;NON;;B;175;155;153;25,8;58,5;14,7;1;39;7
251;3 280;5 556;TOURNEE FAMILIA;9,2;44.0967176;6.928323500000033;306601;PROVENCE-ALPES-COTE D'AZUR;6094;789;6;0;Zone rurale;14862638;04-Unités urbaines de 100 000 hbts ou plus;1;10;142;-41;De 2 à 5 000 entrées;NON;;R;39;39;1;37,6;53,6;8,8;0;5;4
626;70 473;59 047;SOCIETE NOUVELLE D  ENTREPRISE DE SPECTACLES;83,4;42.701362;2.894282;307502;OCCITANIE;66136;120606;66;66601;Perpignan;203988;04-Unités urbaines de 100 000 hbts ou plus;7;32;6 658;19,4;De 50 à 80 000 entrées;A;RDJPPR;C;353;223;160;60,2;18,6;15,4;5,8;175;78,3
2609;296 118;179 733;SOCIETE NOUVELLE D  ENTREPRISE DE SPECTACLES;11;42.663168;2.880281;307543;OCCITANIE;66136;120606;66;66601;Perpignan;203988;04-Unités urbaines de 100 000 hbts ou plus;14;32;13 624;64,8;De 200 à 300 000 entrées;NON;;C;177;151;152;29,7;54,2;15,3;0,9;32;6,8
363;36 236;22 537;HADDAD PATRICIA EPOUSE BORGESON;30,3;43.692404;5.499464;308231;PROVENCE-ALPES-COTE D'AZUR;84089;20704;84;84303;Pertuis;20704;05-Unités urbaines de 20 000 à 100 000 hbts;3;32;2 856;60,8;De 30 à 40 000 entrées;E;RDJPPR;I;180;165;113;40,3;48;11,5;0,3;81;18,3
219;5 150;3 239;COMMUNE DE PEZENAS;50,7;43.460841;3.42083;309891;OCCITANIE;34199;8434;34;34215;Pézenas;10019;06-autres communes et unités urbaines;1;21;203;59;De 5 à 10 000 entrées;E;;C;73;50;0;57,9;21,1;20,3;0,7;25;52,3
100;4 133;4 077;LE CINEMA DU SOLEIL;22,8;43.22419;6.144814;310645;PROVENCE-ALPES-COTE D'AZUR;83091;6169;83;83201;Pierrefeu-du-Var;6169;06-autres communes et unités urbaines;1;29;194;1,4;De 2 à 5 000 entrées;E;;I;66;51;9;53,9;32;13,9;0,2;18;12,8
188;7 916;6 489;UNION REG FEDERATIONS OEUVRES LAIQUES AUVERGNE RHONE ALPES;40,5;44.266447;4.644976;320783;OCCITANIE;30202;10588;30;30304;Pont-Saint-Esprit;15909;06-autres communes et unités urbaines;2;30;857;22;De 5 à 10 000 entrées;E;RDJPPR;C;105;87;17;37,8;48,6;12;1,7;39;28,8
155;9 338;7 397;CENTRE DE CONCEPTION ET DE DIFFUSION DE L IMAGE;51,1;43.404425;4.98382;321343;PROVENCE-ALPES-COTE D'AZUR;13077;16693;13;759;Marseille - Aix-en-Provence;1619129;04-Unités urbaines de 100 000 hbts ou plus;1;32;907;26,2;De 5 à 10 000 entrées;C;RDJPPR;B;240;196;7;42,1;37;14,7;6,1;107;29,9
213;4 033;3 454;COMMUNE DE PORT SAINT LOUIS;42;43.39359;4.796834;321854;PROVENCE-ALPES-COTE D'AZUR;13078;8503;13;13214;Port-Saint-Louis-du-Rhône;8503;06-autres communes et unités urbaines;1;32;599;16,8;De 2 à 5 000 entrées;E;JPPR;I;147;109;2;35,7;46,1;15,6;2,6;54;16,3
241;4 107;3 005;COMMUNE DE PORT VENDRES;38,7;42.515622;3.105129;321912;OCCITANIE;66148;4150;66;66401;Saint-Cyprien;55343;05-Unités urbaines de 20 000 à 100 000 hbts;1;32;332;36,7;De 2 à 5 000 entrées;D;;B;112;103;25;65,3;22,4;11,5;0,7;49;36
189;9 993;10 162;COMMUNE DE PRADES;36,3;42.616153;2.421654;323812;OCCITANIE;66149;6402;66;66205;Prades;9935;06-autres communes et unités urbaines;1;32;527;-1,7;De 5 à 10 000 entrées;E;JP;C;149;133;6;44,2;41,1;12,9;1,9;66;32,4
200;1 271;422;COMMUNE DE PRADES-LE-LEZ;37;43.697918;3.864705;323840;OCCITANIE;34217;5686;34;34701;Montpellier;455313;04-Unités urbaines de 100 000 hbts ou plus;1;17;68;201,2;Moins de 2000 entrées;NON;;B;33;27;0;84,9;0;13,8;1,3;10;32,1
199;7 556;6 302;LE CINEMA DU SOLEIL;41,4;43.108927;6.020419;323884;PROVENCE-ALPES-COTE D'AZUR;83098;10412;83;757;Toulon;588245;04-Unités urbaines de 100 000 hbts ou plus;1;29;328;19,9;De 5 à 10 000 entrées;C;;B;120;115;0;68;20,2;10,1;1,7;58;43,4
159;1 812;1 492;VILLE DE PRATS DE MOLLO - LA PRESTE                             ;38,5;42.403764;2.481748;324212;OCCITANIE;66150;1183;66;0;Zone rurale;14862638;04-Unités urbaines de 100 000 hbts ou plus;1;31;125;21,4;Moins de 2000 entrées;NON;;R;93;88;22;65,2;19;15,3;0,4;39;31,8
400;3 509;2 871;THEATRE DE PROPRIANO VITA E CULTURA;13,2;41.671492;8.91212;326263;CORSE;2A249;3746;2A;2A104;Propriano;4573;06-autres communes et unités urbaines;1;28;180;22,2;De 2 à 5 000 entrées;NON;;C;70;64;2;35,3;48,3;16,4;0;11;11,3
200;2 046;1 469;BOUIS ANGELE JEANNE (NÉE DELFINO);36,1;42.003231;9.362695;326741;CORSE;2B251;3703;2B;2B101;Prunelli-di-Fiumorbo;3703;06-autres communes et unités urbaines;1;21;83;39,3;De 2 à 5 000 entrées;NON;;I;39;28;0;69,5;17;13,5;0;14;40,3
100;1 407;1 153;LE CINEMA DU SOLEIL;0;43.288803;6.130491;327092;PROVENCE-ALPES-COTE D'AZUR;83100;4381;83;83111;Puget-Ville;4381;06-autres communes et unités urbaines;1;7;16;22;Moins de 2000 entrées;NON;;I;10;6;0;6,5;68,1;25,3;0;0;0
195;1 822;2 726;SOCIETE ANONYME D'ECONOMIE MIXTE DES ECRINS;6,4;44.82571;6.498622;328621;PROVENCE-ALPES-COTE D'AZUR;5110;301;5;0;Zone rurale;14862638;04-Unités urbaines de 100 000 hbts ou plus;1;12;112;-33,2;Moins de 2000 entrées;NON;;R;50;48;17;42;46,7;11,3;0;5;3,1
210;3 569;2 277;CINEM AUDE 2000 VILLATGE AL PAIS;46,3;42.875502;2.184954;329941;OCCITANIE;11304;3346;11;11109;Quillan;3658;06-autres communes et unités urbaines;1;32;251;56,7;De 2 à 5 000 entrées;E;PR;C;154;118;4;53,9;29,1;14,8;2,3;65;36,1
200;418;763;LE CINEMA DU SOLEIL;0;43.657393;6.130635;333600;PROVENCE-ALPES-COTE D'AZUR;83102;2640;83;0;Zone rurale;14862638;04-Unités urbaines de 100 000 hbts ou plus;1;8;12;-45,2;Moins de 2000 entrées;NON;;R;7;7;1;37,8;56,9;5,3;0;0;0
308;4 940;6 523;CINE GUIL;10,9;44.647615;6.629737;338342;PROVENCE-ALPES-COTE D'AZUR;5119;665;5;0;Zone rurale;14862638;04-Unités urbaines de 100 000 hbts ou plus;2;12;357;-24,3;De 2 à 5 000 entrées;NON;;R;35;34;8;27,4;60,5;11,8;0,4;7;3,2
2082;133 969;86 345;RIVEMOND;12;42.765685;2.868611;338590;OCCITANIE;66164;8900;66;66601;Perpignan;203988;04-Unités urbaines de 100 000 hbts ou plus;12;32;14 170;55,2;De 100 à 150 000 entrées;NON;;B;159;141;143;29,5;54,8;14,3;1,5;23;5,1
372;19 010;12 984;VILLE DE ROQUEFORT LES PINS                                     ;33,8;43.665141;7.049995;342900;PROVENCE-ALPES-COTE D'AZUR;6105;7130;6;6701;Nice;955949;04-Unités urbaines de 100 000 hbts ou plus;2;32;1 359;46,4;De 10 à 20 000 entrées;C;;B;177;165;40;47,7;33;17,8;1,5;77;26,4
112;7 657;7 060;ASSOCIATION POUR LE DEVELOPPEMENT AUDIOVISUEL EN MILIEU RURAL;10,4;43.839788;6.151962;345421;PROVENCE-ALPES-COTE D'AZUR;4172;752;4;0;Zone rurale;14862638;04-Unités urbaines de 100 000 hbts ou plus;1;27;264;8,5;De 5 à 10 000 entrées;NON;;R;63;57;0;33,7;55,2;11,1;0;11;3
172;3 820;2 397;LE CINEMA DU SOLEIL;30,9;43.561544;6.236388;350023;PROVENCE-ALPES-COTE D'AZUR;83121;3878;83;83202;Salernes;6180;06-autres communes et unités urbaines;1;29;355;59,4;De 2 à 5 000 entrées;E;;C;63;52;9;56,9;28,6;12,9;1,6;22;27,9
234;24 990;15 409;ABC CINEMA;27;43.117504;5.799215;351621;PROVENCE-ALPES-COTE D'AZUR;83123;16960;83;757;Toulon;588245;04-Unités urbaines de 100 000 hbts ou plus;1;32;1 224;62,2;De 20 à 30 000 entrées;NON;;B;91;87;78;64,4;24,1;11,5;0;26;22,6
481;29 581;42 456;VEO BASSIN DE THAU;82,5;43.404513;3.695345;362034;OCCITANIE;34301;44284;34;34502;Sète;92444;05-Unités urbaines de 20 000 à 100 000 hbts;3;32;2 382;-30,3;De 20 à 30 000 entrées;D;RD;C;195;115;82;57,6;20;16,6;5,7;92;75,5
299;25 718;8 260;VEO BASSIN DE THAU;19,9;43.408726;3.698237;362074;OCCITANIE;34301;44284;34;34502;Sète;92444;05-Unités urbaines de 20 000 à 100 000 hbts;3;32;2 400;211,4;De 20 à 30 000 entrées;D;;C;90;84;78;48,4;38;12,6;1;21;16,2
200;1 427;0;LE CINEMA DU SOLEIL;32,5;43.103927;5.878774;362614;PROVENCE-ALPES-COTE D'AZUR;83126;63654;83;757;Toulon;588245;04-Unités urbaines de 100 000 hbts ou plus;1;14;45;#DIV/0!;Moins de 2000 entrées;NON;;B;30;25;3;45,7;48,7;5,6;0;10;38,9
206;5 069;3 711;MAISON DES JEUNES ET DES LOISIRS DE SIGEAN;13,4;43.028712;2.979248;363131;OCCITANIE;11379;5627;11;11201;Sigean;5627;06-autres communes et unités urbaines;1;30;367;36,6;De 5 à 10 000 entrées;NON;;I;51;47;0;57,8;31,9;10,3;0;9;12,1
225;7 414;5 006;MICHEL GUY HENRI PIERRE;10,6;44.194031;5.94255;364121;PROVENCE-ALPES-COTE D'AZUR;4209;7817;4;4204;Sisteron;7817;06-autres communes et unités urbaines;2;31;746;48,1;De 5 à 10 000 entrées;NON;;I;80;74;22;50,1;36;10,3;3,5;13;7,5
450;86 245;53 113;L'YRE SIX N'ETOILES;25,1;43.093086;5.83938;364205;PROVENCE-ALPES-COTE D'AZUR;83129;34215;83;757;Toulon;588245;04-Unités urbaines de 100 000 hbts ou plus;3;32;3 285;62,4;De 80 à 100 000 entrées;C;JPPR;B;175;143;94;42,1;43,6;13,2;1,1;66;14,1
200;423;243;BEL ARIA;0;41.904436;9.388834;364632;CORSE;2B283;727;2B;0;Zone rurale;14862638;04-Unités urbaines de 100 000 hbts ou plus;1;7;35;74,1;Moins de 2000 entrées;NON;;R;21;20;1;32,5;47;20,5;0;0;0
178;5 313;2 791;MJV                                                             ;18,6;43.190268;6.038903;364945;PROVENCE-ALPES-COTE D'AZUR;83130;11673;83;757;Toulon;588245;04-Unités urbaines de 100 000 hbts ou plus;1;30;214;90,4;De 5 à 10 000 entrées;NON;;B;53;45;4;58,6;32,5;8,9;0;10;11,2
150;103;73;LE CINEMA DU SOLEIL;0;43.19314;6.005894;364961;PROVENCE-ALPES-COTE D'AZUR;83131;5803;83;757;Toulon;588245;04-Unités urbaines de 100 000 hbts ou plus;1;3;4;41,1;Moins de 2000 entrées;NON;;B;4;4;0;41,7;58,3;0;0;0;0
296;28 156;20 300;CINEMA LE VENISE;28,8;43.782561;4.087698;365434;OCCITANIE;30321;5034;30;30208;Sommières;7962;06-autres communes et unités urbaines;3;32;2 112;38,7;De 20 à 30 000 entrées;E;;C;114;104;61;50,4;38,7;10,3;0,6;41;21,6
212;2 134;2 162;SAINT JEAN ASSOCIATION;76;44.682199;6.075234;376802;PROVENCE-ALPES-COTE D'AZUR;5132;2123;5;0;Zone rurale;14862638;04-Unités urbaines de 100 000 hbts ou plus;1;28;69;-1,3;De 2 à 5 000 entrées;NON;;R;36;26;0;70,6;10;14,8;4,5;20;68,8
152;11 718;9 525;COMMUNAUTE DE COMMUNES DES TERRES D APCHER MARGUERIDE AUBRAC;42;44.803412;3.275679;378233;OCCITANIE;48140;4771;48;48103;Saint-Chély-d'Apcher;4771;06-autres communes et unités urbaines;1;32;777;23;De 10 à 20 000 entrées;E;RDJP;I;145;118;3;42;44,5;10,7;2,9;63;22,3
110;10 186;6 168;ASSOCIATION POUR LA PROMOTION DU CINEMA A SAINT CYR SUR MER;16,5;43.19174;5.713725;381260;PROVENCE-ALPES-COTE D'AZUR;83112;11829;83;757;Toulon;588245;04-Unités urbaines de 100 000 hbts ou plus;1;32;695;65,1;De 10 à 20 000 entrées;NON;;B;122;103;29;44,6;43,4;10,3;1,7;37;13,7
250;2 807;3 688;CINEGIL;4,9;44.225131;6.93274;384051;PROVENCE-ALPES-COTE D'AZUR;6120;1673;6;0;Zone rurale;14862638;04-Unités urbaines de 100 000 hbts ou plus;1;14;163;-23,9;De 2 à 5 000 entrées;NON;;R;42;41;2;45,7;46,2;8;0;3;1,2
299;1 961;1 065;SOLUTIONS BUREAUTIQUE CORSE;1,7;42.676812;9.302536;385371;CORSE;2B298;1694;2B;0;Zone rurale;14862638;04-Unités urbaines de 100 000 hbts ou plus;1;10;63;84,1;Moins de 2000 entrées;NON;;R;35;31;4;49,1;42,2;8,5;0,2;1;0,8
100;14 576;14 528;CINECO;57,3;44.217236;3.808519;388371;OCCITANIE;48155;462;48;0;Zone rurale;14862638;04-Unités urbaines de 100 000 hbts ou plus;1;41;649;0,3;De 10 à 20 000 entrées;E;RDJP;R;60;23;1;66,7;20,9;8;4,4;16;51,2
176;925;764;COMMUNE DE SAINT LAURENT DE CERDANS;18,9;42.38271;2.614735;396771;OCCITANIE;66179;1084;66;0;Zone rurale;14862638;04-Unités urbaines de 100 000 hbts ou plus;1;30;42;21,1;Moins de 2000 entrées;NON;;R;41;37;8;71,1;17,5;11,4;0;7;14,7
150;2 186;2 106;POLYMAGES;38;43.074223;5.927991;399893;PROVENCE-ALPES-COTE D'AZUR;83153;6048;83;757;Toulon;588245;04-Unités urbaines de 100 000 hbts ou plus;1;29;158;3,8;De 2 à 5 000 entrées;C;;B;94;90;0;64,4;26,3;8,4;0,9;40;38,5
134;7 061;5 469;CENTRE DE DEVELOPPEMENT CULTUREL;22;43.638749;4.813461;402493;PROVENCE-ALPES-COTE D'AZUR;13097;13861;13;13301;Saint-Martin-de-Crau;13861;06-autres communes et unités urbaines;1;30;487;29,1;De 5 à 10 000 entrées;E;;I;95;81;0;40,2;47,8;11,7;0,3;21;12,5
120;3 284;3 140;SARL DES CINEMAS DE LA ROSIERE                                  ;24,7;44.073396;7.263839;404350;PROVENCE-ALPES-COTE D'AZUR;6127;1439;6;0;Zone rurale;14862638;04-Unités urbaines de 100 000 hbts ou plus;1;28;173;4,6;De 2 à 5 000 entrées;NON;;R;48;43;2;74,8;21,3;3,2;0,7;19;22,1
450;60 917;36 816;LES CINEMAS DE SAINTE MAXIME;13,4;43.32495;6.62431;405462;PROVENCE-ALPES-COTE D'AZUR;83115;14457;83;83310;Sainte-Maxime;19070;06-autres communes et unités urbaines;3;32;2 739;65,5;De 50 à 80 000 entrées;NON;;C;112;99;68;38,4;45,8;15,8;0;25;9,1
140;21 783;11 937;LA COTENTINE;13,6;43.453509;5.860383;405509;PROVENCE-ALPES-COTE D'AZUR;83116;17063;83;83309;Saint-Maximin-la-Sainte-Baume;17063;06-autres communes et unités urbaines;1;32;786;82,5;De 20 à 30 000 entrées;NON;;I;86;70;38;35,9;52;11;1,1;20;9,4
260;2 573;2 042;SOC VIALE ET D ORTA;10,5;42.366924;9.53137;407321;CORSE;2B313;2053;2B;0;Zone rurale;14862638;04-Unités urbaines de 100 000 hbts ou plus;1;9;60;26;De 2 à 5 000 entrées;NON;;R;38;35;1;38;45,7;16,3;0;5;5,6
98;2 066;1 391;OFFICE CULTUREL CLERMONTAIS;25,9;43.528827;3.517645;409142;OCCITANIE;34281;2330;34;0;Zone rurale;14862638;04-Unités urbaines de 100 000 hbts ou plus;1;16;73;48,5;De 2 à 5 000 entrées;NON;;R;39;30;0;39,8;35,7;22,8;1,7;10;31,7
172;1 348;1 673;CINEMAGINAIRE;38;42.811446;2.505248;409463;OCCITANIE;66187;1818;66;0;Zone rurale;14862638;04-Unités urbaines de 100 000 hbts ou plus;1;30;102;-19,4;Moins de 2000 entrées;E;;R;83;74;13;64,9;25;9;1,1;35;16,8
155;3 702;2 515;BRIQUE BERNARD;23,4;43.48939;2.758039;412415;OCCITANIE;34284;2018;34;0;Zone rurale;14862638;04-Unités urbaines de 100 000 hbts ou plus;1;29;637;47,2;De 2 à 5 000 entrées;E;;R;93;82;7;51,6;30,8;17,6;0;26;19,9
190;17 381;12 436;ASSOCIATION CINE PALACE;39,1;43.788778;4.829098;414162;PROVENCE-ALPES-COTE D'AZUR;13100;10042;13;13302;Saint-Rémy-de-Provence;13087;06-autres communes et unités urbaines;1;32;852;39,8;De 10 à 20 000 entrées;E;JP;C;190;160;29;48,3;32;15,6;4,1;88;32,2
168;5 002;2 378;COMMUNE DE SAINT TROPEZ;22;43.269837;6.635574;418633;PROVENCE-ALPES-COTE D'AZUR;83119;4179;83;83304;Saint-Tropez;8945;06-autres communes et unités urbaines;1;31;508;110,3;De 5 à 10 000 entrées;NON;;C;50;43;7;64,1;11,8;23,5;0,5;14;14,3
218;2 571;2 020;COMMUNE DE SAINTE TULLE;36,6;43.786667;5.762877;418651;PROVENCE-ALPES-COTE D'AZUR;4197;3485;4;4401;Manosque;31885;05-Unités urbaines de 20 000 à 100 000 hbts;1;31;189;27,3;De 2 à 5 000 entrées;D;;B;130;111;2;57,8;29,3;11,4;1,5;44;26,2
336;10 605;6 987;JOURCIN DIDIER;13,6;43.806585;4.660803;421932;PROVENCE-ALPES-COTE D'AZUR;13108;15333;13;456;Beaucaire;31190;05-Unités urbaines de 20 000 à 100 000 hbts;2;29;1 076;51,8;De 10 à 20 000 entrées;D;JP;B;84;75;36;38,4;49,5;11,1;1;19;8,4
157;1 161;1 175;ASSOCIATION MAISON DES JEUNES ET DE LA CULTURE;18;44.08886;7.593211;423501;PROVENCE-ALPES-COTE D'AZUR;6163;2228;6;0;Zone rurale;14862638;04-Unités urbaines de 100 000 hbts ou plus;1;29;63;-1,2;Moins de 2000 entrées;NON;;R;63;61;0;40,7;50,7;8,5;0;11;14,4
386;40 177;40 238;ASSOCIATION CINEMA LE ROYAL - TOULON;98,4;43.124501;5.96296;429951;PROVENCE-ALPES-COTE D'AZUR;83137;178065;83;757;Toulon;588245;04-Unités urbaines de 100 000 hbts ou plus;3;31;2 606;-0,2;De 40 à 50 000 entrées;A;RDPR;C;128;91;78;59;13;19,6;8,4;89;99,6
100;1 972;2 198;LAPORTA MICHEL;0;42.666461;2.836131;430102;OCCITANIE;66213;7157;66;66601;Perpignan;203988;04-Unités urbaines de 100 000 hbts ou plus;1;11;22;-10,3;Moins de 2000 entrées;NON;;B;8;7;0;71,3;13,4;15,2;0;0;0
119;3 864;2 799;BASILIC DIFFUSION;45,8;43.726077;5.547136;430923;PROVENCE-ALPES-COTE D'AZUR;84133;4471;84;84108;La Tour-d'Aigues;4471;06-autres communes et unités urbaines;1;28;118;38;De 2 à 5 000 entrées;E;;I;49;29;0;84,5;9,2;5,5;0,8;17;28,4
220;2 754;2 017;POLYMAGES;27,4;43.447455;5.684694;434682;PROVENCE-ALPES-COTE D'AZUR;13110;10653;13;759;Marseille - Aix-en-Provence;1619129;04-Unités urbaines de 100 000 hbts ou plus;1;29;187;36,5;De 2 à 5 000 entrées;NON;;B;60;51;9;61,7;23,9;13,5;0,8;20;21,8
200;2 430;3 406;ALLEMANDI DELPHINE;6,7;44.369873;6.605179;438461;PROVENCE-ALPES-COTE D'AZUR;4226;601;4;0;Zone rurale;14862638;04-Unités urbaines de 100 000 hbts ou plus;1;14;152;-28,7;De 2 à 5 000 entrées;NON;;R;64;63;18;42;50,3;7,6;0;6;3,3
500;32 303;22 938;ATMOSPHERE ATMOSPHERE;41,2;44.014623;4.419527;438631;OCCITANIE;30334;8764;30;30301;Uzès;12041;06-autres communes et unités urbaines;3;32;2 358;40,8;De 30 à 40 000 entrées;E;JPPR;C;187;146;109;59,1;24,8;13,9;2,1;72;31,8
442;33 756;24 578;REGAIN;59,4;44.244391;5.067667;439295;PROVENCE-ALPES-COTE D'AZUR;84137;6082;84;84203;Vaison-la-Romaine;7868;06-autres communes et unités urbaines;3;31;1 905;37,3;De 30 à 40 000 entrées;E;RDJPPR;C;265;232;159;55,9;27,7;14,1;2,2;147;36,9
230;1 687;1 969;ALMA CENTRE CULTUREL;40,7;43.619739;7.039277;439502;PROVENCE-ALPES-COTE D'AZUR;6152;13789;6;6701;Nice;955949;04-Unités urbaines de 100 000 hbts ou plus;1;15;38;-14,3;Moins de 2000 entrées;NON;;B;23;17;0;68,6;21,1;10,2;0;6;76,5
230;7 552;7 354;LES VISITEURS DU SOIR;87;43.641892;7.006394;439503;PROVENCE-ALPES-COTE D'AZUR;6152;13789;6;6701;Nice;955949;04-Unités urbaines de 100 000 hbts ou plus;1;27;161;2,7;De 5 à 10 000 entrées;C;;B;96;81;0;52,8;15,2;9,6;22,4;69;89,8
109;5 274;7 213;POLYMAGES;39,6;43.131815;5.988887;440286;PROVENCE-ALPES-COTE D'AZUR;83144;24054;83;757;Toulon;588245;04-Unités urbaines de 100 000 hbts ou plus;1;25;443;-26,9;De 5 à 10 000 entrées;C;;B;119;112;0;61,8;26,8;9,8;1,6;55;34,3
807;17 216;9 278;ROUX, LES THEATRES PIERRE...;16,7;44.384549;4.991924;441352;PROVENCE-ALPES-COTE D'AZUR;84138;9655;84;84204;Valréas;9655;06-autres communes et unités urbaines;2;30;1 947;85,6;De 10 à 20 000 entrées;NON;;I;119;111;43;49;38,6;11,6;0,8;35;11,7
188;2 477;3 351;SAVOY CINEMA;2,8;44.569752;6.68318;442861;PROVENCE-ALPES-COTE D'AZUR;5177;534;5;0;Zone rurale;14862638;04-Unités urbaines de 100 000 hbts ou plus;2;11;327;-26,1;De 2 à 5 000 entrées;NON;;R;35;35;9;47;43,5;9,5;0;3;0,8
281;13 223;9 383;CINEGIL;52,6;43.723214;7.110472;446171;PROVENCE-ALPES-COTE D'AZUR;6157;18966;6;6701;Nice;955949;04-Unités urbaines de 100 000 hbts ou plus;2;32;987;40,9;De 10 à 20 000 entrées;NON;;B;199;177;48;67,7;16;12,4;3,8;101;57,2
276;2 253;1 857;CENTRE SOCIAL RURAL EMILE MEUNIER;41,3;44.532911;5.816268;450871;PROVENCE-ALPES-COTE D'AZUR;5179;3345;5;5103;Veynes;3526;06-autres communes et unités urbaines;1;28;167;21,3;De 2 à 5 000 entrées;E;;C;125;107;0;64;23,5;10,1;2,4;52;41,8
158;11 053;7 763;MIREILLE LACAN ET CIE;23,7;43.991372;3.607058;453462;OCCITANIE;30350;3903;30;30209;Le Vigan;7267;06-autres communes et unités urbaines;1;32;680;42,4;De 10 à 20 000 entrées;E;JP;C;154;131;27;52,8;35,7;8,1;3,5;51;25,8
400;5 988;5 506;CINEMAU;16,1;43.701093;7.311425;456305;PROVENCE-ALPES-COTE D'AZUR;6159;5099;6;6701;Nice;955949;04-Unités urbaines de 100 000 hbts ou plus;1;24;97;8,8;De 5 à 10 000 entrées;NON;;B;63;61;6;51;37;12;0;10;12,8
160;2 756;1 962;ASSOCIATION POUR LE DEVELOPPEMENT AUDIOVISUEL EN MILIEU RURAL;23;43.733221;5.808646;462644;PROVENCE-ALPES-COTE D'AZUR;83150;4330;83;83112;Vinon-sur-Verdon;4330;06-autres communes et unités urbaines;1;32;548;40,5;De 2 à 5 000 entrées;NON;;I;95;88;0;45,1;44;10,9;0;24;15
130;2 917;2 971;LE CINEMA DU SOLEIL;51;44.312781;4.951099;463372;PROVENCE-ALPES-COTE D'AZUR;84150;2020;84;0;Zone rurale;14862638;04-Unités urbaines de 100 000 hbts ou plus;1;28;138;-1,8;De 2 à 5 000 entrées;E;;R;59;49;0;65,3;20,3;14,4;0;31;32,6
393;10 806;7 836;SOCIETE D'ECONOMIE MIXTE VITROLLES ANIMATION;73,9;43.447301;5.250042;463723;PROVENCE-ALPES-COTE D'AZUR;13117;33462;13;759;Marseille - Aix-en-Provence;1619129;04-Unités urbaines de 100 000 hbts ou plus;3;28;1 326;37,9;De 10 à 20 000 entrées;C;RDJPPR;B;178;110;3;60,2;11,2;21,8;6,8;78;79,7
250;1 215;611;PINNA JEAN DANIEL;3,9;41.687469;9.365073;470161;CORSE;2A362;2780;2A;0;Zone rurale;14862638;04-Unités urbaines de 100 000 hbts ou plus;1;11;53;98,9;Moins de 2000 entrées;NON;;R;36;34;0;47,6;43,1;9,3;0;2;1,6
145;662;1 183;CINEODE;0;44.6771389;5.926679000000036;701400;PROVENCE-ALPES-COTE D'AZUR;5139;968;5;0;Zone rurale;14862638;04-Unités urbaines de 100 000 hbts ou plus;1;10;63;-44;Moins de 2000 entrées;NON;;R;23;23;2;38,8;56,3;4,8;0;0;0
89;415;1 104;CINEODE;0;44.72169;5.924351;701401;PROVENCE-ALPES-COTE D'AZUR;5139;968;5;0;Zone rurale;14862638;04-Unités urbaines de 100 000 hbts ou plus;1;9;54;-62,4;Moins de 2000 entrées;NON;;R;20;20;2;31,3;57,1;11,6;0;0;0
380;1 917;1 981;SOCIETE DES SAINTES MARIES DE LA MER                            ;20,7;43.450397;4.427827;703300;PROVENCE-ALPES-COTE D'AZUR;13096;2178;13;13101;Saintes-Maries-de-la-Mer;2178;06-autres communes et unités urbaines;1;29;64;-3,2;Moins de 2000 entrées;NON;;I;36;33;0;61,9;27,1;11;0;6;15,8
298;876;559;STUDIO CINEMA;29,9;41.592115;9.276211;704450;CORSE;2A247;11934;2A;2A301;Porto-Vecchio;11934;06-autres communes et unités urbaines;1;15;114;56,7;Moins de 2000 entrées;E;;I;30;21;4;32,8;32,1;35,1;0;11;28,2
1480;153 380;94 376;SOCIETE D'EXPLOITATION CINEMA DU PIC SAINT LOUP;14,7;43.682089;3.806546;707900;OCCITANIE;34255;10256;34;34701;Montpellier;455313;04-Unités urbaines de 100 000 hbts ou plus;8;32;8 348;62,5;De 150 à 200 000 entrées;NON;;B;133;116;112;37,6;47,6;14,3;0,6;22;11
450;3 236;1 639;SARL DES CINEMAS DE LA ROSIERE                                  ;43,2;43.658327;7.12373;720000;PROVENCE-ALPES-COTE D'AZUR;6161;16003;6;6701;Nice;955949;04-Unités urbaines de 100 000 hbts ou plus;1;23;51;97,4;De 2 à 5 000 entrées;NON;;B;47;40;0;59,9;29,3;9,2;1,6;19;32,5
1605;165 088;111 890;PATHE TOULON                                                    ;24,9;43.123515;5.948704;720150;PROVENCE-ALPES-COTE D'AZUR;83137;178065;83;757;Toulon;588245;04-Unités urbaines de 100 000 hbts ou plus;9;32;9 728;47,5;De 150 à 200 000 entrées;NON;;C;193;164;135;45,1;40,7;13,1;1,1;70;16,5
1961;161 696;94 247;LES SPECTACLES SELECTIONNES;11,6;43.32208;3.271565;720200;OCCITANIE;34336;4209;34;34501;Béziers;94366;05-Unités urbaines de 20 000 à 100 000 hbts;12;32;14 192;71,6;De 150 à 200 000 entrées;NON;;B;167;145;146;33,1;51,1;14,3;1,4;24;5,8
2092;138 803;91 998;SOCIETE D  EXPLOITATION DU PALACE;12,7;43.43362;5.050227;720250;PROVENCE-ALPES-COTE D'AZUR;13056;48935;13;759;Marseille - Aix-en-Provence;1619129;04-Unités urbaines de 100 000 hbts ou plus;11;32;11 271;50,9;De 100 à 150 000 entrées;NON;;B;145;136;136;29,9;56,1;12,9;1,1;24;6,1
319;17 095;0;ASSOCIATION CINEMA RENOIR;87,2;43.402696;5.054629;720261;PROVENCE-ALPES-COTE D'AZUR;13056;48935;13;759;Marseille - Aix-en-Provence;1619129;04-Unités urbaines de 100 000 hbts ou plus;3;32;1 542;#DIV/0!;De 10 à 20 000 entrées;C;RDJPPR;B;133;100;18;68,9;13,5;13,6;4;87;85,8
2236;286 265;194 998;LE CAPITOLE;16,5;43.980769;4.874683;721200;PROVENCE-ALPES-COTE D'AZUR;84092;17414;84;754;Avignon;467426;04-Unités urbaines de 100 000 hbts ou plus;11;32;11 494;46,8;De 200 à 300 000 entrées;NON;;B;180;157;156;29;54,9;15;1;36;6,7
1305;144 536;88 701;LES CINEMAS DE ST RAPHAEL;16,4;43.42402;6.769447;721250;PROVENCE-ALPES-COTE D'AZUR;83118;36231;83;83502;Fréjus;99026;05-Unités urbaines de 20 000 à 100 000 hbts;7;32;6 456;62,9;De 100 à 150 000 entrées;NON;;B;134;124;123;38,9;46,5;14,1;0,6;26;9,3
2446;174 695;107 206;SOCIETE D'EXPLOITATION CINEMATOGRAPHIQUE FILS                   ;10,9;43.437442;5.25529;721900;PROVENCE-ALPES-COTE D'AZUR;13117;33462;13;759;Marseille - Aix-en-Provence;1619129;04-Unités urbaines de 100 000 hbts ou plus;12;32;14 284;63;De 150 à 200 000 entrées;NON;;B;167;146;146;27,4;56,8;13,8;2;23;5,4
263;84;935;MUSEE DES CIVILISATIONS DE L'EUROPE ET DE LA MEDITERRANEE;0;43.297725;5.360374;722240;PROVENCE-ALPES-COTE D'AZUR;13055;874619;13;759;Marseille - Aix-en-Provence;1619129;04-Unités urbaines de 100 000 hbts ou plus;1;3;3;-91;Moins de 2000 entrées;NON;;C;3;0;0;0;0;0;0;0;0
2083;266 848;139 874;CINEMA LA JOLIETTE;11;43.36065;5.330055;722241;PROVENCE-ALPES-COTE D'AZUR;13055;874619;13;759;Marseille - Aix-en-Provence;1619129;04-Unités urbaines de 100 000 hbts ou plus;14;32;12 342;90,8;De 200 à 300 000 entrées;NON;;C;167;142;113;22,5;59,1;16,8;1,5;48;7,7
3271;541 196;394 222;PATHE LA VALETTE;14,4;43.137099;6.003711;722760;PROVENCE-ALPES-COTE D'AZUR;83144;24054;83;757;Toulon;588245;04-Unités urbaines de 100 000 hbts ou plus;16;32;18 010;37,3;De 450 à 700 000 entrées;NON;;B;169;148;150;29,8;54,8;14,5;0,9;34;8,7
619;59 711;36 602;CORSICA GAME;23,2;41.672626;9.302129;723120;CORSE;2A139;1816;2A;0;Zone rurale;14862638;04-Unités urbaines de 100 000 hbts ou plus;4;32;4 715;63,1;De 50 à 80 000 entrées;D;RDJP;R;219;187;108;35,9;48,4;14,8;0,9;76;12,5
1978;155 086;0;COMPAGNIE CINEMATOGRAPHIQUE SALONAISE;21,2;43.638856;5.094533;723440;PROVENCE-ALPES-COTE D'AZUR;13103;45986;13;13501;Salon-de-Provence;62726;05-Unités urbaines de 20 000 à 100 000 hbts;14;31;13 502;#DIV/0!;De 150 à 200 000 entrées;D;RDJPPR;C;251;172;147;37;48,4;12,7;2;59;14,2
89;13 157;13 042;SHELLAC EXPLOITATION;90,5;43.2936968;5.383868200000052;723560;PROVENCE-ALPES-COTE D'AZUR;13055;874619;13;759;Marseille - Aix-en-Provence;1619129;04-Unités urbaines de 100 000 hbts ou plus;1;31;933;0,9;De 10 à 20 000 entrées;A;RDJPPR;C;119;46;32;73,5;0,3;21,5;4,7;39;92,3
2159;102 233;0;COMPAGNIE CINEMATOGRAPHIQUE DE CANNES;16,1;43.55039;6.959846;723880;PROVENCE-ALPES-COTE D'AZUR;6029;74784;6;6701;Nice;955949;04-Unités urbaines de 100 000 hbts ou plus;10;22;6 558;#DIV/0!;De 100 à 150 000 entrées;NON;;B;112;93;80;28,1;52,1;19,7;0,1;25;14
824;18 533;0;ARTPLEXE CANEBIERE;16,3;43.298607;5.383105;723920;PROVENCE-ALPES-COTE D'AZUR;13055;874619;13;759;Marseille - Aix-en-Provence;1619129;04-Unités urbaines de 100 000 hbts ou plus;7;10;2 421;#DIV/0!;De 10 à 20 000 entrées;NON;;C;52;43;32;29;52,4;18,6;0;9;15,1
1214;80 938;55 690;CAP CINEMA MANOSQUE;20,4;43.836195;5.779884;723960;PROVENCE-ALPES-COTE D'AZUR;4112;23157;4;4401;Manosque;31885;05-Unités urbaines de 20 000 à 100 000 hbts;8;32;9 476;45,3;De 80 à 100 000 entrées;D;JP;C;169;137;121;34,5;50;13,5;1,9;50;12,3
1515;7 255;0;AGORA CINEMAS;17,9;43.709927;7.288104;725120;PROVENCE-ALPES-COTE D'AZUR;6088;343889;6;6701;Nice;955949;04-Unités urbaines de 100 000 hbts ou plus;10;3;840;#DIV/0!;De 5 à 10 000 entrées;NON;;C;23;23;16;13,7;72,9;13,5;0;6;5,3
566;43 345;30 283;CHARLES PAUL;13,1;47.62383;7.236058;16081;GRAND EST;68004;5830;68;68206;Altkirch;9113;06-autres communes et unités urbaines;4;32;2 850;43,1;De 40 à 50 000 entrées;E;JP;C;194;143;57;31,4;51,2;16,1;1,2;67;6,5
2568;142 431;105 557;GAUMONT;10,5;49.244796;6.132187;17545;GRAND EST;57019;10577;57;57701;Metz;290177;04-Unités urbaines de 100 000 hbts ou plus;12;32;11 548;34,9;De 100 à 150 000 entrées;NON;;B;179;155;130;30,8;54,3;13,8;1,1;45;4,6
194;5 633;5 714;UNION D  ARS SUR MOSELLE;29,7;49.076026;6.07804;25571;GRAND EST;57032;4767;57;57701;Metz;290177;04-Unités urbaines de 100 000 hbts ou plus;1;32;147;-1,4;De 5 à 10 000 entrées;C;;B;53;47;0;78,7;12,6;8,7;0;16;27
134;304;531;MAISON DES JEUNES ET DE LA CULTURE D'AUDUN LE TICHE;0;49.470467;5.957243;29563;GRAND EST;57038;7038;57;366;Esch-sur-Alzette (LUX) - Villerupt (partie française);21226;05-Unités urbaines de 20 000 à 100 000 hbts;1;2;5;-42,7;Moins de 2000 entrées;NON;;C;3;0;0;0;0;0;0;0;0
171;7 414;4 120;COMMUNAUTE DE COMMUNES BENFELD ET ENVIRONS;25,6;48.369448;7.595426;49522;GRAND EST;67028;5850;67;67210;Benfeld;8573;06-autres communes et unités urbaines;1;30;576;80;De 5 à 10 000 entrées;E;JP;C;140;116;1;44,4;40,7;14,8;0,1;50;13,7
214;4 640;2 352;ASS GESTION MAISON DES ASSOCIATIONS ET CULTURE DE BISCHWILLER   ;78,6;48.766357;7.85143;56558;GRAND EST;67046;12750;67;67501;Haguenau;60433;05-Unités urbaines de 20 000 à 100 000 hbts;1;26;100;97,3;De 2 à 5 000 entrées;NON;;B;62;40;0;56,8;20;15,7;7,4;31;78,6
2755;267 374;155 682;PATHE BRUMATH;15,2;48.744007;7.692978;77351;GRAND EST;67067;10072;67;67302;Brumath;11489;06-autres communes et unités urbaines;14;32;12 853;71,7;De 200 à 300 000 entrées;NON;;C;212;179;150;30,8;50,3;18;0,9;63;7,5
408;6 991;5 744;ESPACE GRUN;27,2;47.806567;7.173935;92542;GRAND EST;68063;11547;68;68402;Thann - Cernay;31955;05-Unités urbaines de 20 000 à 100 000 hbts;1;30;373;21,7;De 5 à 10 000 entrées;D;;C;127;103;42;48,1;34,1;17,1;0,8;42;15,4
976;12 064;0;CINE CROISIERE;22,9;47.806562;7.170393;92543;GRAND EST;68063;11547;68;68402;Thann - Cernay;31955;05-Unités urbaines de 20 000 à 100 000 hbts;7;4;665;#DIV/0!;De 10 à 20 000 entrées;NON;;C;32;32;18;32,1;59,6;8,3;0;12;4,8
190;1 051;1 536;COMMUNE DE CHATEAU SALINS;11,5;48.822643;6.507084;104933;GRAND EST;57132;2662;57;57113;Château-Salins;2662;06-autres communes et unités urbaines;1;25;82;-31,6;Moins de 2000 entrées;NON;;I;31;27;0;84,8;6;9,2;0;3;2,1
250;5 079;4 769;COOPERATIVE REGIONALE DU CINEMA CULTUREL;23,7;48.539414;7.423392;139022;GRAND EST;67098;1504;67;67401;Molsheim;27391;05-Unités urbaines de 20 000 à 100 000 hbts;1;23;126;6,5;De 5 à 10 000 entrées;D;;B;57;33;0;54,1;36,4;9,4;0;8;22,8
2041;258 405;187 620;LE TREFLE;13;48.521892;7.500139;141410;GRAND EST;67101;2665;67;67401;Molsheim;27391;05-Unités urbaines de 20 000 à 100 000 hbts;13;32;13 436;37,7;De 200 à 300 000 entrées;D;;B;200;163;152;33,3;48,5;17,5;0,7;43;6,3
367;24 089;12 547;ERSTEIN CINEMA;23,2;48.421595;7.661242;149631;GRAND EST;67130;10745;67;67301;Erstein;11582;06-autres communes et unités urbaines;2;32;1 303;92;De 20 à 30 000 entrées;E;JP;C;178;134;37;40,7;45,1;13,6;0,6;58;15,7
774;18 092;11 449;LOISIRS 2000 SARL;13,5;49.187501;6.899493;164811;GRAND EST;57227;21944;57;57501;Sarrebruck (ALL) - Forbach (partie française);83302;05-Unités urbaines de 20 000 à 100 000 hbts;5;32;2 762;58;De 10 à 20 000 entrées;NON;;C;108;94;58;20,2;64,7;14,9;0,3;24;6,5
2474;112 769;71 873;MULTIPLEX                                                       ;9,2;49.141819;6.81071;170435;GRAND EST;57240;12970;57;57501;Sarrebruck (ALL) - Forbach (partie française);83302;05-Unités urbaines de 20 000 à 100 000 hbts;10;32;11 188;56,9;De 100 à 150 000 entrées;NON;;C;160;137;127;26,2;57,5;14,3;2;27;3,7
740;79 458;52 451;SG CINEMA LE FLORIVAL;17,4;47.908949;7.211201;187022;GRAND EST;68112;11327;68;68401;Guebwiller;29273;05-Unités urbaines de 20 000 à 100 000 hbts;5;32;3 885;51,5;De 50 à 80 000 entrées;D;JPPR;C;179;137;74;32,6;50,9;15,6;0,9;55;9,1
1427;44 229;87 575;SOCIETE DU CINEMA MEGAREX;2,4;48.80003;7.834416;189741;GRAND EST;67180;35357;67;67501;Haguenau;60433;05-Unités urbaines de 20 000 à 100 000 hbts;8;11;1 786;-49,5;De 40 à 50 000 entrées;NON;;C;45;38;35;31,7;53,4;14,9;0;2;0,9
244;2 351;1 949;VILLE DE KEMBS                                                  ;18,9;47.668953;7.496743;207170;GRAND EST;68163;5475;68;68205;Kembs;9470;06-autres communes et unités urbaines;1;25;67;20,6;De 2 à 5 000 entrées;NON;;C;54;46;0;51,4;38,6;10,1;0;10;13
146;10 291;9 386;MARLY SCOPE CINEMA;46,8;49.06744;6.148929;248151;GRAND EST;57447;10391;57;57701;Metz;290177;04-Unités urbaines de 100 000 hbts ou plus;1;32;404;9,6;De 10 à 20 000 entrées;C;;B;129;102;12;63;19,9;13,5;3,6;54;34,6
972;67 003;66 974;REX CINEMA DE METZ;94;49.118892;6.175464;260731;GRAND EST;57463;118422;57;57701;Metz;290177;04-Unités urbaines de 100 000 hbts ou plus;7;32;6 353;0;De 50 à 80 000 entrées;A;RDJPPR;C;297;195;182;63,9;19,9;10,8;5,5;178;92,3
126;14 267;14 071;CINEMA BEL AIR DE MULHOUSE;93,1;47.733763;7.30706;282583;GRAND EST;68224;110174;68;68701;Mulhouse;250499;04-Unités urbaines de 100 000 hbts ou plus;1;32;998;1,4;De 10 à 20 000 entrées;A;RDJPPR;C;130;79;33;52,3;12,6;19,2;15,9;71;93,1
4533;213 745;143 700;KINEPOLIS MULHOUSE                                              ;14,8;47.760377;7.351564;282631;GRAND EST;68224;110174;68;68701;Mulhouse;250499;04-Unités urbaines de 100 000 hbts ou plus;14;32;13 648;48,7;De 200 à 300 000 entrées;NON;;C;206;166;165;21,6;58,1;17,9;2,3;38;5,6
854;54 759;37 678;LES ECRANS DE MULHOUSE                                          ;42;47.755602;7.334726;282651;GRAND EST;68224;110174;68;68701;Mulhouse;250499;04-Unités urbaines de 100 000 hbts ou plus;8;32;8 692;45,3;De 50 à 80 000 entrées;NON;;C;187;146;143;50,4;36,2;12,3;1;76;40
247;8 795;8 409;SARL CINEMA FLORIVAL;36,8;48.03997;7.14025;282842;GRAND EST;68226;4737;68;68302;Munster;12029;06-autres communes et unités urbaines;1;32;346;4,6;De 5 à 10 000 entrées;E;JP;C;109;81;3;53,1;32,5;12,5;2;33;34,9
252;947;1 082;SYNDICAT MIXTE POLE RIED BRUN COLLEGE DE FORTSCHWIHR;10;48.101851;7.468382;282860;GRAND EST;68227;1300;68;0;Zone rurale;14862638;04-Unités urbaines de 100 000 hbts ou plus;1;17;24;-12,5;Moins de 2000 entrées;NON;;R;21;17;0;29;48,5;22,5;0;2;0,8
226;2 346;2 078;COMMUNE DE MUTZIG;74,4;48.536154;7.453136;283523;GRAND EST;67313;6095;67;67401;Molsheim;27391;05-Unités urbaines de 20 000 à 100 000 hbts;1;30;163;12,9;De 2 à 5 000 entrées;D;;C;96;77;1;62,9;13,1;19,7;4,4;59;68
173;5 131;5 067;ASSOCIATION CULTURELLE D'OBERNAI - ESPACE ATHIC;44,7;48.462351;7.479092;295493;GRAND EST;67348;11799;67;67303;Obernai;13289;06-autres communes et unités urbaines;1;32;354;1,3;De 5 à 10 000 entrées;E;JPPR;C;136;104;0;63,2;29,3;5,8;1,7;49;44,6
186;3 940;2 492;CERCLE DES LOISIRS CULTURELS DU VAL D ORBEY;30,6;48.125889;7.163437;297962;GRAND EST;68249;3596;68;68116;Orbey;3596;06-autres communes et unités urbaines;1;29;148;58,1;De 2 à 5 000 entrées;E;;I;104;94;1;49,5;30,6;19,7;0,1;31;21,3
160;1 757;1 585;ANIMATION SUR LA PLACE                                          ;78,1;48.768553;7.258661;310106;GRAND EST;57540;4978;57;57201;Phalsbourg;5339;06-autres communes et unités urbaines;1;31;102;10,9;Moins de 2000 entrées;NON;;C;57;40;0;61;13,4;10,5;15,1;30;72,9
341;9 784;5 168;ASSOCIATION CULTURELLE DE REICHSHOFFEN;31,9;48.931499;7.660695;333683;GRAND EST;67388;5483;67;67305;Reichshoffen - Niederbronn-les-Bains;14888;06-autres communes et unités urbaines;1;32;457;89,3;De 5 à 10 000 entrées;E;JP;C;139;108;1;30,5;52,5;15,5;1,5;46;17,9
190;4 525;4 048;SOCIETE CINOR;37;48.194474;7.323025;336732;GRAND EST;68269;4867;68;68124;Ribeauvillé;4867;06-autres communes et unités urbaines;1;32;205;11,8;De 2 à 5 000 entrées;E;;I;117;94;0;54,1;27,9;15;3;44;36,5
224;12 046;8 257;ASSO CENTRE SOCIO CULTUREL LA PASSERELLE;37;47.750793;7.411718;338902;GRAND EST;68278;14270;68;68701;Mulhouse;250499;04-Unités urbaines de 100 000 hbts ou plus;1;28;633;45,9;De 10 à 20 000 entrées;C;JP;B;165;132;6;53;32,8;13;1,2;65;31,1
145;1 344;1 213;CINEMA LE ROYAL;16,7;48.459054;7.210973;344002;GRAND EST;67414;1589;67;67304;La Broque;13413;06-autres communes et unités urbaines;1;19;58;10,8;Moins de 2000 entrées;NON;;C;46;41;0;52;34,3;13,7;0;7;20,6
853;63 617;48 784;ASSOCIATION LE LORRAIN;14,4;48.736261;7.05462;353161;GRAND EST;57630;12645;57;57302;Sarrebourg;16303;06-autres communes et unités urbaines;5;32;3 466;30,4;De 50 à 80 000 entrées;E;RDJP;C;140;115;98;39,4;45,5;14;1,1;32;4,6
1452;95 339;52 980;SOCIETE NOUVELLE DES CINEMAS MELIES;19,5;49.11063;7.070985;353201;GRAND EST;57631;21295;57;57401;Sarreguemines (partie française);29632;05-Unités urbaines de 20 000 à 100 000 hbts;9;32;6 797;80;De 80 à 100 000 entrées;D;;C;182;158;128;32,5;51;15,3;1,2;56;9,1
80;4 019;2 477;ASSOC CENTRE SOCIO CULTUREL SARRE UNION;17;48.937213;7.087489;353252;GRAND EST;67434;2854;67;67125;Sarre-Union;2854;06-autres communes et unités urbaines;1;30;196;62,3;De 2 à 5 000 entrées;NON;;I;88;55;0;48,9;35,9;11,4;3,7;12;15,2
411;28 447;18 018;SAVERNE CULTURES ET LOISIRS;18,4;48.739119;7.36694;356024;GRAND EST;67437;11594;67;67307;Saverne;19194;06-autres communes et unités urbaines;2;32;1 471;57,9;De 20 à 30 000 entrées;E;JP;C;157;119;68;40,4;46,2;13;0,4;41;13,3
594;46 818;28 321;SOCIETE GESTION EXPLOITATION CINEMATOGRAPHIQUES;17,1;48.257586;7.452058;358333;GRAND EST;67462;19629;67;67306;Sélestat;19629;06-autres communes et unités urbaines;3;32;2 624;65,3;De 40 à 50 000 entrées;E;RDJP;I;165;124;74;34,9;53,1;11,1;0,9;49;9,2
158;4 750;4 578;CENTRE SOCIO CULTUREL;44,5;49.317865;6.093266;360572;GRAND EST;57647;4276;57;57601;Thionville;135978;04-Unités urbaines de 100 000 hbts ou plus;1;29;274;3,8;De 2 à 5 000 entrées;C;;B;82;64;5;58,1;13,4;26,6;1,9;38;25,6
225;2 587;790;COMMUNE DE SOULTZ SOUS FORETS;3,4;48.935358;7.883424;367453;GRAND EST;67474;3221;67;67115;Soultz-sous-Forêts;3221;06-autres communes et unités urbaines;1;22;52;227,5;De 2 à 5 000 entrées;NON;;I;28;17;0;33;58;9;0;1;3,1
304;19 791;20 393;ODYSSEE;81;48.582601;7.745895;368723;GRAND EST;67482;287532;67;67701;Strasbourg (partie française);478688;04-Unités urbaines de 100 000 hbts ou plus;2;32;2 832;-3;De 10 à 20 000 entrées;A;RDJPPR;C;212;24;1;69,3;0,7;29,2;0,8;20;85,6
1052;123 870;55 806;SOCIETE NOUVELLE CINE VOX;6,8;48.581785;7.746387;368764;GRAND EST;67482;287532;67;67701;Strasbourg (partie française);478688;04-Unités urbaines de 100 000 hbts ou plus;7;32;7 844;122;De 100 à 150 000 entrées;NON;;C;142;103;97;28,9;52,6;16;2,5;10;8,2
529;78 467;66 002;LE CINEMATOGRAPHE;98,1;48.583754;7.742752;368801;GRAND EST;67482;287532;67;67701;Strasbourg (partie française);478688;04-Unités urbaines de 100 000 hbts ou plus;5;32;5 834;18,9;De 50 à 80 000 entrées;A;RDJPPR;C;265;150;108;63;9,1;15,2;12,8;142;98,5
691;97 550;78 712;CINEST;71,3;48.582805;7.74237;369781;GRAND EST;67482;287532;67;67701;Strasbourg (partie française);478688;04-Unités urbaines de 100 000 hbts ou plus;5;32;5 532;23,9;De 80 à 100 000 entrées;A;RDJPPR;C;243;143;86;61,1;24,8;10,7;3,4;115;74,6
5407;542 741;402 362;UGC CINE CITE STRASBOURG;34,3;48.572723;7.764957;369792;GRAND EST;67482;287532;67;67701;Strasbourg (partie française);478688;04-Unités urbaines de 100 000 hbts ou plus;22;32;23 126;34,9;De 450 à 700 000 entrées;NON;;C;315;226;213;37,4;45,5;15,1;2;108;23,1
205;4 416;5 453;COMMUNE DE SAINT AVOLD;58,3;49.106153;6.700789;375325;GRAND EST;57606;15789;57;57402;Saint-Avold (partie française);34599;05-Unités urbaines de 20 000 à 100 000 hbts;1;26;180;-19;De 2 à 5 000 entrées;D;;C;76;57;3;59,4;12,7;21,1;6,8;31;42,1
4058;305 720;250 073;KINEPOLIS SAINT JULIEN LES METZ;19,7;49.133075;6.200124;395671;GRAND EST;57616;3496;57;57701;Metz;290177;04-Unités urbaines de 100 000 hbts ou plus;14;32;13 358;22,3;De 300 à 450 000 entrées;NON;;B;208;172;171;32,4;50,6;15,9;1,2;51;8,7
491;29 349;14 448;SEM LA COUPOLE;17,6;47.586452;7.564551;398731;GRAND EST;68297;21927;68;68403;Bâle (SUI) - Saint-Louis (partie française);41047;05-Unités urbaines de 20 000 à 100 000 hbts;3;29;1 970;103,1;De 20 à 30 000 entrées;D;;C;101;75;37;33,1;51,4;15,2;0,2;32;11,9
670;9 980;8 132;ASSOCIATION ARTS ET CULTURE PAYS THANNAIS;31,6;47.805797;7.101395;424465;GRAND EST;68334;7869;68;68402;Thann - Cernay;31955;05-Unités urbaines de 20 000 à 100 000 hbts;2;28;741;22,7;De 5 à 10 000 entrées;D;;C;145;116;61;52,2;34,9;11,8;1,1;47;23,7
299;15 897;16 243;ASSOCIATION CINE ESSAI;93,2;49.357979;6.167955;426273;GRAND EST;57672;41236;57;57601;Thionville;135978;04-Unités urbaines de 100 000 hbts ou plus;2;32;1 716;-2,1;De 10 à 20 000 entrées;C;RDJPPR;C;116;94;54;68;12,6;12,4;6,9;83;89,5
2844;214 032;147 341;KINEPOLIS THIONVILLE;12,5;49.362347;6.111437;426301;GRAND EST;57672;41236;57;57601;Thionville;135978;04-Unités urbaines de 100 000 hbts ou plus;10;32;9 512;45,3;De 200 à 300 000 entrées;NON;;C;154;136;135;27,6;56,2;14,6;1,6;25;5,4
102;1 050;760;MAISON DES JEUNES ET DE LA CULTURE D' UNGERSHEIM;40,4;47.876905;7.309221;437630;GRAND EST;68343;2413;68;68207;Ensisheim;10005;06-autres communes et unités urbaines;1;31;63;38,2;Moins de 2000 entrées;NON;;B;59;50;0;79;16,1;4,9;0;20;31,1
121;1 599;542;COMMUNE DE VENDENHEIM;43,2;48.666901;7.711243;446302;GRAND EST;67506;5884;67;67701;Strasbourg (partie française);478688;04-Unités urbaines de 100 000 hbts ou plus;1;19;74;195;Moins de 2000 entrées;NON;;B;24;16;0;67,3;20,2;12,5;0;7;33,8
140;9 324;7 154;ERSTEIN CINEMA;44,9;48.918237;7.370931;468243;GRAND EST;67538;1627;67;0;Zone rurale;14862638;04-Unités urbaines de 100 000 hbts ou plus;1;27;344;30,3;De 5 à 10 000 entrées;E;JPPR;R;92;67;0;56,6;25;16,9;1,5;36;36,7
411;1 664;1 204;COMMUNE DE WISSEMBOURG;0;49.036084;7.946947;468473;GRAND EST;67544;7732;67;67212;Wissembourg (partie française);7732;06-autres communes et unités urbaines;1;16;36;38,2;Moins de 2000 entrées;NON;;I;26;16;0;37,3;56,1;6,7;0;0;0
240;6 740;3 807;COMMUNE DE WITTENHEIM;29;47.822671;7.337178;468533;GRAND EST;68376;14652;68;68701;Mulhouse;250499;04-Unités urbaines de 100 000 hbts ou plus;1;27;491;77;De 5 à 10 000 entrées;C;;B;134;114;0;46,8;40,6;11,7;0,8;48;13,2
100;8 716;6 095;MARLY SCOPE CINEMA;27,8;49.150597;6.146816;468741;GRAND EST;57751;14134;57;57701;Metz;290177;04-Unités urbaines de 100 000 hbts ou plus;1;32;257;43;De 5 à 10 000 entrées;C;JP;B;94;65;2;61,7;16,5;20,6;1,3;29;32,9
2366;225 847;155 195;SOCIETE D EXPLOITATION CINEMATOGRAPHIQUE;25,2;48.081767;7.355074;720850;GRAND EST;68066;69774;68;68501;Colmar;96793;05-Unités urbaines de 20 000 à 100 000 hbts;12;32;14 236;45,5;De 200 à 300 000 entrées;D;RDPR;C;280;219;199;35,6;46,7;16;1,6;104;12
882;90 698;0;EDEN PANORAMA;5,4;49.103472;6.103766;724960;GRAND EST;57487;5077;57;57701;Metz;290177;04-Unités urbaines de 100 000 hbts ou plus;6;32;5 427;#DIV/0!;De 80 à 100 000 entrées;NON;;B;82;72;70;28,4;54,3;15,9;1,4;4;4
245;2 614;1 981;ASSOCIATION D  EDUCATION POPULAIRE ET SOCIALE;6,9;48.447747;6.736992;35272;GRAND EST;54039;4286;54;54201;Baccarat;4814;06-autres communes et unités urbaines;1;28;66;32;De 2 à 5 000 entrées;NON;;C;56;52;0;48,8;40,9;10,3;0;4;7,8
97;1 823;61;CENTRE REGIONAL AUDIO VISUEL LORRAINE;18;48.003606;6.264555;36672;GRAND EST;88029;1745;88;0;Zone rurale;14862638;04-Unités urbaines de 100 000 hbts ou plus;1;29;161;2 888,50;Moins de 2000 entrées;NON;;R;80;65;0;64,1;29,8;5,8;0,4;12;12,8
763;65 736;0;SYBRICE;19,3;48.768867;5.168347;39487;GRAND EST;55029;15322;55;55301;Bar-le-Duc;18611;06-autres communes et unités urbaines;5;32;4 669;#DIV/0!;De 50 à 80 000 entrées;NON;;C;162;143;119;45,1;42,4;11,9;0,7;48;9,4
600;5 163;4 607;CENTRE REGIONAL AUDIO VISUEL LORRAINE;16,1;48.564457;6.411473;57303;GRAND EST;54076;4053;54;54205;Blainville-sur-l'Eau;7284;06-autres communes et unités urbaines;1;30;136;12,1;De 5 à 10 000 entrées;E;JP;C;67;46;5;63,1;16;20,9;0;10;14,4
274;2 195;2 030;ASSOCIATION BON ACCUEIL CINEMA;9,5;48.589226;6.84543;57451;GRAND EST;54077;1082;54;0;Zone rurale;14862638;04-Unités urbaines de 100 000 hbts ou plus;1;29;74;8,1;De 2 à 5 000 entrées;NON;;R;60;53;0;54,8;38,4;6,3;0,4;5;4,3
218;1 832;1 698;LE PETIT LORRAIN;64,1;48.883026;6.051403;58272;GRAND EST;54079;4644;54;54404;Pont-à-Mousson;24139;05-Unités urbaines de 20 000 à 100 000 hbts;1;15;90;7,9;Moins de 2000 entrées;D;;B;43;38;1;47,4;7,5;32,8;12,3;22;41,9
217;3 618;3 299;ASSOCIATION MAISON DES LOISIRS ET DE LA CULTURE;46,4;48.004696;6.873744;72881;GRAND EST;88075;4296;88;88402;La Bresse;24443;05-Unités urbaines de 20 000 à 100 000 hbts;1;32;285;9,7;De 2 à 5 000 entrées;D;;C;89;77;0;71,5;15,7;11,8;1;35;38,9
215;10 478;2 922;ASSOCIATION OFFICE MUNICIPAL D'ANIMATION                        ;27,9;48.763489;5.589497;118135;GRAND EST;55122;5634;55;55203;Commercy;5634;06-autres communes et unités urbaines;1;29;273;258,6;De 10 à 20 000 entrées;E;;I;101;89;3;46,9;43,8;8,7;0,6;29;15,6
159;3 249;2 536;CENTRE CULTUREL JEAN VILAR - CINEMA LUX;14;49.168276;5.857616;119281;GRAND EST;54136;2394;54;54301;Jarny;12437;06-autres communes et unités urbaines;1;31;149;28,1;De 2 à 5 000 entrées;NON;;B;40;36;3;59,7;32,2;8,1;0;5;6,6
250;842;546;SOCIETE D EXPLOITATION DU CASINO ET HOTELS DE CONTREXEVILLE;23,9;48.187388;5.923709;120071;GRAND EST;88114;3415;88;88109;Contrexéville;3415;06-autres communes et unités urbaines;1;32;205;54,2;Moins de 2000 entrées;NON;;I;65;58;2;74,5;17,7;7,8;0;15;18,1
168;2 907;2 495;ASS FAMILLES CANTON DAMPIERRE;21,3;47.553711;5.676507;133621;BOURGOGNE / FRANCHE-COMTE;70198;1277;70;0;Zone rurale;14862638;04-Unités urbaines de 100 000 hbts ou plus;1;17;86;16,5;De 2 à 5 000 entrées;NON;;R;39;36;0;57,2;30,2;12,6;0;8;8,8
1600;178 726;133 042;SEM PALACE EPINAL;30,8;48.177085;6.455937;148227;GRAND EST;88160;33682;88;88501;Épinal;64037;05-Unités urbaines de 20 000 à 100 000 hbts;8;32;6 856;34,3;De 150 à 200 000 entrées;D;RDJPPR;C;256;196;126;44,3;42,8;12,1;0,9;97;15,3
390;10 716;8 839;CASINO DE GERARDMER;5,9;48.069277;6.867186;175923;GRAND EST;88196;8426;88;88301;Gérardmer;9998;06-autres communes et unités urbaines;1;32;457;21,2;De 10 à 20 000 entrées;NON;;C;44;41;20;50,1;36,5;13,2;0,1;2;2,9
211;10 619;10 294;MAISON DE LA CULTURE ET DES LOISIRS DE GERARDMER;70,1;48.071742;6.881569;175924;GRAND EST;88196;8426;88;88301;Gérardmer;9998;06-autres communes et unités urbaines;1;32;570;3,2;De 10 à 20 000 entrées;E;RDJP;C;98;72;5;65,3;11;21,7;2;56;68
252;22 983;13 615;COMMUNAUTE DE COMMUNES DU VAL DE GRAY;29,1;47.448741;5.587904;184581;BOURGOGNE / FRANCHE-COMTE;70279;5965;70;70301;Gray;10015;06-autres communes et unités urbaines;2;32;1 083;68,8;De 20 à 30 000 entrées;E;JPPR;C;109;81;29;46;39,2;13,5;1,3;31;17
310;6 043;5 230;COMMUNAUTE DES COMMUNES DE JARNISY;26,6;49.157279;5.882037;203523;GRAND EST;54273;8431;54;54301;Jarny;12437;06-autres communes et unités urbaines;1;32;417;15,5;De 5 à 10 000 entrées;E;;C;65;53;9;53,3;38,4;8,4;0;15;20
100;1 245;1 865;FEDERATION DEPARTEMENTALE DES FOYERS RURAUX DE MOSELLE;64,7;48.842059;6.241568;204111;GRAND EST;54276;810;54;0;Zone rurale;14862638;04-Unités urbaines de 100 000 hbts ou plus;1;12;42;-33,2;Moins de 2000 entrées;NON;;R;12;8;0;91,4;8,6;0;0;6;69,1
234;6 050;4 755;MAISON DES JEUNES ET DE LA CULTURE DE JOEUF;45,9;49.229366;6.019184;204451;GRAND EST;54280;6612;54;454;Joeuf;23005;05-Unités urbaines de 20 000 à 100 000 hbts;1;32;341;27,2;De 5 à 10 000 entrées;D;;C;78;66;2;49,8;30,8;11,3;8;35;38,2
1330;82 881;59 732;UTOPOLIS LONGWY                                                 ;13,9;49.518361;5.770719;232454;GRAND EST;54323;15003;54;54405;Longwy (partie française);47875;05-Unités urbaines de 20 000 à 100 000 hbts;7;32;6 489;38,8;De 80 à 100 000 entrées;D;JPPR;C;163;120;87;28,9;55,3;14,2;1,6;47;6,6
2996;278 181;230 370;UGC CINE CITE;19,4;48.617851;6.173437;236001;GRAND EST;54328;6223;54;54206;Ludres;8486;06-autres communes et unités urbaines;14;32;13 938;20,8;De 200 à 300 000 entrées;NON;;C;165;138;137;47,4;39,1;13,2;0,3;38;11,8
551;48 471;34 886;SPL CINELUN';11,3;48.593047;6.489720;236594;GRAND EST;54329;18371;54;54403;Lunéville;22107;05-Unités urbaines de 20 000 à 100 000 hbts;4;32;3 238;38,9;De 40 à 50 000 entrées;D;;C;130;118;78;44,4;44,7;10,1;0,8;36;5
352;19 684;14 480;COMMUNAUTE DE COMMUNES DU PAYS DE LURE;18,2;47.686072;6.497922;236833;BOURGOGNE / FRANCHE-COMTE;70310;8318;70;70302;Lure;11265;06-autres communes et unités urbaines;2;32;854;35,9;De 10 à 20 000 entrées;E;JP;C;136;113;7;48,3;33,2;17,5;0,9;33;11,8
490;11 478;11 049;CASINO DE LUXEUIL;16,5;47.820086;6.375487;237554;BOURGOGNE / FRANCHE-COMTE;70311;6968;70;70304;Luxeuil-les-Bains;12544;06-autres communes et unités urbaines;2;31;703;3,9;De 10 à 20 000 entrées;E;JP;C;101;88;34;50,9;36,9;11,7;0,5;36;9,1
332;10 537;7 299;COMMUNE DE MIRECOURT;9,9;48.299898;6.132591;263484;GRAND EST;88304;5579;88;88205;Mirecourt;7620;06-autres communes et unités urbaines;1;32;425;44,4;De 10 à 20 000 entrées;NON;;C;83;70;20;52,5;36,9;10,1;0,5;11;7,5
98;3 499;2 728;CENTRE REGIONAL AUDIOVISUEL DE LORRAINE;50;49.519626;5.363556;274502;GRAND EST;55351;2179;55;55103;Montmédy;2179;06-autres communes et unités urbaines;1;30;317;28,3;De 2 à 5 000 entrées;E;;I;98;83;3;50,6;18,6;25,4;5,4;43;36,8
1021;94 718;69 423;PARAFRANCE COMMUNICATION;27,2;48.689694;6.178976;284111;GRAND EST;54395;106330;54;54701;Nancy;290905;04-Unités urbaines de 100 000 hbts ou plus;8;32;6 473;36,4;De 80 à 100 000 entrées;NON;;C;125;93;90;40,7;45,5;13,8;0;28;19,9
1062;62 357;53 317;UGC SAS;87,7;48.689045;6.178729;284113;GRAND EST;54395;106330;54;54701;Nancy;290905;04-Unités urbaines de 100 000 hbts ou plus;4;32;3 578;17;De 50 à 80 000 entrées;A;RDJPPR;C;135;111;79;65,2;23,2;3,8;7,7;101;87,7
450;51 030;49 885;EOLE CINE;98,7;48.687007;6.172177;284121;GRAND EST;54395;106330;54;54701;Nancy;290905;04-Unités urbaines de 100 000 hbts ou plus;4;30;3 471;2,3;De 50 à 80 000 entrées;A;RDJPPR;C;154;117;86;72,5;4,7;18,6;4,3;113;99,2
2644;274 968;181 614;KINEPOLIS NANCY                                                 ;11,2;48.691512;6.195241;284207;GRAND EST;54395;106330;54;54701;Nancy;290905;04-Unités urbaines de 100 000 hbts ou plus;10;32;9 505;51,4;De 200 à 300 000 entrées;NON;;C;161;136;133;28,3;54,6;15,3;1,8;21;6,2
385;41 561;32 036;LES ECRANS DE NEUFCHATEAU;16,1;48.353974;5.695801;287452;GRAND EST;88321;6926;88;88204;Neufchâteau;6926;06-autres communes et unités urbaines;3;32;2 509;29,7;De 40 à 50 000 entrées;E;;I;138;114;87;49,4;38,1;11,9;0,7;35;7,4
123;1 501;1 400;ART EN STOCK;13,9;49.301154;5.786676;310485;GRAND EST;54425;2546;54;54111;Piennes;4804;06-autres communes et unités urbaines;1;31;86;7,2;Moins de 2000 entrées;NON;;C;38;29;0;50,1;47,9;2,1;0;5;6,5
82;903;685;AEP DU CINEMA DE PLANCHER LES MINES;2,1;47.763891;6.743534;313151;BOURGOGNE / FRANCHE-COMTE;70414;975;70;70101;Plancher-les-Mines;2945;06-autres communes et unités urbaines;1;25;59;31,8;Moins de 2000 entrées;NON;;B;30;24;0;63,1;19,4;17,5;0;1;4,3
400;1 937;1 777;SOCIETE D'EXPLOITATION DU CASINO DE PLOMBIERES;35,4;47.963557;6.457663;314931;GRAND EST;88351;1676;88;0;Zone rurale;14862638;04-Unités urbaines de 100 000 hbts ou plus;1;32;117;9;Moins de 2000 entrées;NON;;R;47;38;1;89,8;5,8;4,4;0;13;22,8
283;32 594;24 881;CINEMA CONCORDE;12;48.902416;6.055412;318661;GRAND EST;54431;14622;54;54404;Pont-à-Mousson;24139;05-Unités urbaines de 20 000 à 100 000 hbts;2;32;2 351;31;De 30 à 40 000 entrées;D;JP;C;145;121;76;42,9;44,7;11,4;1,1;29;5,8
403;9 936;6 729;ASSOCIATION LES AMIS RAONNAIS DU THEATRE;9,8;48.406279;6.8448;331964;GRAND EST;88372;6442;88;266;Raon-l'Étape;8147;06-autres communes et unités urbaines;1;32;367;47,7;De 5 à 10 000 entrées;NON;;C;78;68;25;39,1;47,9;12,5;0,5;13;5,2
1029;83 496;23 863;ECRANS DU GRAND EST;19,2;48.012165;6.601788;334606;GRAND EST;88383;7991;88;88401;Remiremont;22216;05-Unités urbaines de 20 000 à 100 000 hbts;7;32;6 972;249,9;De 80 à 100 000 entrées;NON;;C;206;173;97;47,4;40,3;11,6;0,7;80;10,4
210;7 368;4 446;ASSOCIATION DES USAGERS CENTRE SOCIAL ET CULTUREL CANTON STENAY;7,5;49.487702;5.197037;368614;GRAND EST;55502;2649;55;55105;Stenay;3098;06-autres communes et unités urbaines;1;28;470;65,7;De 5 à 10 000 entrées;NON;;C;92;83;8;44,9;42;12,3;0,8;12;2,3
900;33 389;20 905;CINEMA LORRAIN CINELOR;15,5;48.284403;6.952124;382412;GRAND EST;88413;20250;88;88403;Saint-Dié-des-Vosges;42198;05-Unités urbaines de 20 000 à 100 000 hbts;4;32;2 661;59,7;De 30 à 40 000 entrées;D;;C;129;113;90;38,3;47,6;13;1,1;29;7,6
96;6 245;4 881;ASSOCIATION CINEMA D ART ET D'ESSAI;91,1;48.284368;6.952934;382423;GRAND EST;88413;20250;88;88403;Saint-Dié-des-Vosges;42198;05-Unités urbaines de 20 000 à 100 000 hbts;1;27;441;27,9;De 5 à 10 000 entrées;D;RDJPPR;C;80;57;3;57,9;6,4;12,5;23,2;51;91,2
274;28 929;22 653;CINEMA ROYAL;5,9;48.699609;6.207734;405441;GRAND EST;54482;10093;54;54701;Nancy;290905;04-Unités urbaines de 100 000 hbts ou plus;2;32;1 808;27,7;De 20 à 30 000 entrées;NON;;B;80;66;55;51,2;41,4;7,3;0;7;4,4
332;7 004;6 457;ROUEFF GERARD;9,2;47.881078;6.765526;426151;GRAND EST;88468;3461;88;88303;Le Thillot;15523;06-autres communes et unités urbaines;2;32;639;8,5;De 5 à 10 000 entrées;NON;;C;95;89;26;50,3;38,3;10,9;0,5;12;6,7
246;12 918;11 230;CINE SPECTACLE;48,3;48.676183;5.893159;429814;GRAND EST;54528;15734;54;54402;Toul;22923;05-Unités urbaines de 20 000 à 100 000 hbts;1;29;584;15;De 10 à 20 000 entrées;D;JP;C;176;149;5;56,7;28,5;12,2;2,6;79;28,8
183;3 945;3 628;VAGNEY LOISIRS;26;48.008328;6.71485;439061;GRAND EST;88486;4026;88;88402;La Bresse;24443;05-Unités urbaines de 20 000 à 100 000 hbts;1;31;127;8,7;De 2 à 5 000 entrées;D;;C;78;65;0;77,6;15;6,7;0,7;21;24,6
1161;94 576;65 265;BLN MAJESTIC;17,1;49.159325;5.38635;447622;GRAND EST;55545;18121;55;55401;Verdun;24496;05-Unités urbaines de 20 000 à 100 000 hbts;8;32;6 609;44,9;De 80 à 100 000 entrées;D;;C;204;155;135;44,9;42,6;12,2;0,4;47;8
370;1 973;4 560;CINE 70;12,5;47.636582;6.166288;450575;BOURGOGNE / FRANCHE-COMTE;70550;15725;70;70401;Vesoul;29632;05-Unités urbaines de 20 000 à 100 000 hbts;1;11;35;-56,7;Moins de 2000 entrées;NON;;C;21;12;1;25,7;72,2;2,1;0;1;13,4
127;5 195;864;ASSOCIATION POLE DE L'IMAGE;75;49.469111;5.928509;460135;GRAND EST;54580;9933;54;366;Esch-sur-Alzette (LUX) - Villerupt (partie française);21226;05-Unités urbaines de 20 000 à 100 000 hbts;1;9;70;501,3;De 5 à 10 000 entrées;NON;;C;33;11;1;46,5;1,9;51,6;0;6;81,4
313;10 436;8 316;ASSOCIATION CULTURELLE DE VITTEL;13,1;48.201738;5.943243;464001;GRAND EST;88516;5092;88;88202;Vittel;5092;06-autres communes et unités urbaines;1;32;340;25,5;De 10 à 20 000 entrées;NON;;I;75;67;13;52,8;35,3;11,4;0,5;11;6,7
1961;141 891;118 438;CINE 70;19,9;47.634045;6.139787;720551;BOURGOGNE / FRANCHE-COMTE;70550;15725;70;70401;Vesoul;29632;05-Unités urbaines de 20 000 à 100 000 hbts;10;32;10 444;19,8;De 100 à 150 000 entrées;D;RDJP;C;265;230;153;44,5;41;13,7;0,9;110;11,4
